Entity,Code,Year,all years
Afghanistan,AFG,1951,103163
Afghanistan,AFG,1952,108441
Afghanistan,AFG,1953,108919
Afghanistan,AFG,1954,111251
Afghanistan,AFG,1955,119027
Afghanistan,AFG,1956,127322
Afghanistan,AFG,1957,134037
Afghanistan,AFG,1958,135072
Afghanistan,AFG,1959,145858
Afghanistan,AFG,1960,165778
Afghanistan,AFG,1961,179034
Afghanistan,AFG,1962,190328
Afghanistan,AFG,1963,200081
Afghanistan,AFG,1964,209826
Afghanistan,AFG,1965,221686
Afghanistan,AFG,1966,230394
Afghanistan,AFG,1967,239564
Afghanistan,AFG,1968,250963
Afghanistan,AFG,1969,260493
Afghanistan,AFG,1970,272717
Afghanistan,AFG,1971,277538
Afghanistan,AFG,1972,286026
Afghanistan,AFG,1973,304302
Afghanistan,AFG,1974,311127
Afghanistan,AFG,1975,304839
Afghanistan,AFG,1976,285895
Afghanistan,AFG,1977,280897
Afghanistan,AFG,1978,270686
Afghanistan,AFG,1979,44131
Afghanistan,AFG,1980,-486262
Afghanistan,AFG,1981,-1231727
Afghanistan,AFG,1982,-946206
Afghanistan,AFG,1983,-73395
Afghanistan,AFG,1984,272237
Afghanistan,AFG,1985,236633
Afghanistan,AFG,1986,-6781
Afghanistan,AFG,1987,-32252
Afghanistan,AFG,1988,135477
Afghanistan,AFG,1989,350790
Afghanistan,AFG,1990,171575
Afghanistan,AFG,1991,193215
Afghanistan,AFG,1992,1040104
Afghanistan,AFG,1993,1664192
Afghanistan,AFG,1994,1307625
Afghanistan,AFG,1995,815037
Afghanistan,AFG,1996,697429
Afghanistan,AFG,1997,688834
Afghanistan,AFG,1998,707896
Afghanistan,AFG,1999,727796
Afghanistan,AFG,2000,242542
Afghanistan,AFG,2001,153969
Afghanistan,AFG,2002,1093820
Afghanistan,AFG,2003,1354930
Afghanistan,AFG,2004,827603
Afghanistan,AFG,2005,843919
Afghanistan,AFG,2006,1019525
Afghanistan,AFG,2007,485752
Afghanistan,AFG,2008,572779
Afghanistan,AFG,2009,983471
Afghanistan,AFG,2010,817986
Afghanistan,AFG,2011,1063620
Afghanistan,AFG,2012,1212328
Afghanistan,AFG,2013,1062673
Afghanistan,AFG,2014,1169819
Afghanistan,AFG,2015,1039239
Afghanistan,AFG,2016,868846
Afghanistan,AFG,2017,988328
Afghanistan,AFG,2018,1054099
Afghanistan,AFG,2019,1113085
Afghanistan,AFG,2020,1212852
Afghanistan,AFG,2021,931433
Afghanistan,AFG,2022,578437
Afghanistan,AFG,2023,875915
Africa (UN),UN_AFR,1951,4780553
Africa (UN),UN_AFR,1952,4982570
Africa (UN),UN_AFR,1953,5145523
Africa (UN),UN_AFR,1954,5320753
Africa (UN),UN_AFR,1955,5532030
Africa (UN),UN_AFR,1956,5733589
Africa (UN),UN_AFR,1957,5857225
Africa (UN),UN_AFR,1958,5913077
Africa (UN),UN_AFR,1959,6229865
Africa (UN),UN_AFR,1960,6650347
Africa (UN),UN_AFR,1961,6891797
Africa (UN),UN_AFR,1962,7145885
Africa (UN),UN_AFR,1963,7411408
Africa (UN),UN_AFR,1964,7689355
Africa (UN),UN_AFR,1965,7952855
Africa (UN),UN_AFR,1966,8238741
Africa (UN),UN_AFR,1967,8598720
Africa (UN),UN_AFR,1968,8949929
Africa (UN),UN_AFR,1969,9231617
Africa (UN),UN_AFR,1970,9519614
Africa (UN),UN_AFR,1971,9774226
Africa (UN),UN_AFR,1972,9985786
Africa (UN),UN_AFR,1973,10509764
Africa (UN),UN_AFR,1974,11048328
Africa (UN),UN_AFR,1975,11563181
Africa (UN),UN_AFR,1976,12063471
Africa (UN),UN_AFR,1977,12163505
Africa (UN),UN_AFR,1978,12878792
Africa (UN),UN_AFR,1979,13659251
Africa (UN),UN_AFR,1980,13853208
Africa (UN),UN_AFR,1981,14569258
Africa (UN),UN_AFR,1982,15337905
Africa (UN),UN_AFR,1983,15273860
Africa (UN),UN_AFR,1984,15405371
Africa (UN),UN_AFR,1985,16025990
Africa (UN),UN_AFR,1986,16303235
Africa (UN),UN_AFR,1987,16634031
Africa (UN),UN_AFR,1988,16786358
Africa (UN),UN_AFR,1989,16971485
Africa (UN),UN_AFR,1990,17416157
Africa (UN),UN_AFR,1991,17328472
Africa (UN),UN_AFR,1992,17454309
Africa (UN),UN_AFR,1993,18063671
Africa (UN),UN_AFR,1994,17880898
Africa (UN),UN_AFR,1995,18192764
Africa (UN),UN_AFR,1996,18778340
Africa (UN),UN_AFR,1997,18910919
Africa (UN),UN_AFR,1998,19597044
Africa (UN),UN_AFR,1999,20098103
Africa (UN),UN_AFR,2000,20502971
Africa (UN),UN_AFR,2001,21107563
Africa (UN),UN_AFR,2002,21720973
Africa (UN),UN_AFR,2003,22323166
Africa (UN),UN_AFR,2004,23043986
Africa (UN),UN_AFR,2005,23768171
Africa (UN),UN_AFR,2006,24385755
Africa (UN),UN_AFR,2007,25123463
Africa (UN),UN_AFR,2008,26009677
Africa (UN),UN_AFR,2009,26712251
Africa (UN),UN_AFR,2010,27438963
Africa (UN),UN_AFR,2011,27932110
Africa (UN),UN_AFR,2012,28694854
Africa (UN),UN_AFR,2013,29936835
Africa (UN),UN_AFR,2014,30440049
Africa (UN),UN_AFR,2015,30855149
Africa (UN),UN_AFR,2016,31132971
Africa (UN),UN_AFR,2017,31693651
Africa (UN),UN_AFR,2018,32507659
Africa (UN),UN_AFR,2019,32595722
Africa (UN),UN_AFR,2020,32815675
Africa (UN),UN_AFR,2021,32931877
Africa (UN),UN_AFR,2022,33130604
Africa (UN),UN_AFR,2023,33886868
Albania,ALB,1951,28511
Albania,ALB,1952,32003
Albania,ALB,1953,35213
Albania,ALB,1954,37507
Albania,ALB,1955,37767
Albania,ALB,1956,37968
Albania,ALB,1957,41131
Albania,ALB,1958,46028
Albania,ALB,1959,51039
Albania,ALB,1960,54372
Albania,ALB,1961,49408
Albania,ALB,1962,44938
Albania,ALB,1963,47550
Albania,ALB,1964,50156
Albania,ALB,1965,52872
Albania,ALB,1966,55732
Albania,ALB,1967,58475
Albania,ALB,1968,60324
Albania,ALB,1969,58037
Albania,ALB,1970,54341
Albania,ALB,1971,53769
Albania,ALB,1972,54270
Albania,ALB,1973,54843
Albania,ALB,1974,55289
Albania,ALB,1975,55464
Albania,ALB,1976,55718
Albania,ALB,1977,56024
Albania,ALB,1978,58017
Albania,ALB,1979,56773
Albania,ALB,1980,54031
Albania,ALB,1981,54989
Albania,ALB,1982,56497
Albania,ALB,1983,58218
Albania,ALB,1984,59833
Albania,ALB,1985,61284
Albania,ALB,1986,61413
Albania,ALB,1987,61185
Albania,ALB,1988,64081
Albania,ALB,1989,47445
Albania,ALB,1990,17596
Albania,ALB,1991,4643
Albania,ALB,1992,-102
Albania,ALB,1993,-4675
Albania,ALB,1994,-8414
Albania,ALB,1995,-10844
Albania,ALB,1996,-12893
Albania,ALB,1997,-16015
Albania,ALB,1998,-19531
Albania,ALB,1999,-21536
Albania,ALB,2000,-22451
Albania,ALB,2001,-18204
Albania,ALB,2002,-13848
Albania,ALB,2003,-16002
Albania,ALB,2004,-19431
Albania,ALB,2005,-22506
Albania,ALB,2006,-25351
Albania,ALB,2007,-27918
Albania,ALB,2008,-29954
Albania,ALB,2009,-31446
Albania,ALB,2010,-32756
Albania,ALB,2011,-17232
Albania,ALB,2012,-1496
Albania,ALB,2013,-2432
Albania,ALB,2014,-3823
Albania,ALB,2015,-5114
Albania,ALB,2016,-766
Albania,ALB,2017,377
Albania,ALB,2018,-4016
Albania,ALB,2019,-9218
Albania,ALB,2020,-13061
Albania,ALB,2021,-22309
Albania,ALB,2022,-22027
Albania,ALB,2023,-15954
Algeria,DZA,1951,251447
Algeria,DZA,1952,251342
Algeria,DZA,1953,251432
Algeria,DZA,1954,241749
Algeria,DZA,1955,233036
Algeria,DZA,1956,234754
Algeria,DZA,1957,235320
Algeria,DZA,1958,236138
Algeria,DZA,1959,235980
Algeria,DZA,1960,235309
Algeria,DZA,1961,203947
Algeria,DZA,1962,171891
Algeria,DZA,1963,181353
Algeria,DZA,1964,197686
Algeria,DZA,1965,186172
Algeria,DZA,1966,224089
Algeria,DZA,1967,286047
Algeria,DZA,1968,296500
Algeria,DZA,1969,303344
Algeria,DZA,1970,307763
Algeria,DZA,1971,315215
Algeria,DZA,1972,328138
Algeria,DZA,1973,344075
Algeria,DZA,1974,362358
Algeria,DZA,1975,545095
Algeria,DZA,1976,730568
Algeria,DZA,1977,606817
Algeria,DZA,1978,490989
Algeria,DZA,1979,529678
Algeria,DZA,1980,570520
Algeria,DZA,1981,613533
Algeria,DZA,1982,651645
Algeria,DZA,1983,685767
Algeria,DZA,1984,713849
Algeria,DZA,1985,736573
Algeria,DZA,1986,736959
Algeria,DZA,1987,698126
Algeria,DZA,1988,665911
Algeria,DZA,1989,644950
Algeria,DZA,1990,621327
Algeria,DZA,1991,612122
Algeria,DZA,1992,640633
Algeria,DZA,1993,648472
Algeria,DZA,1994,610235
Algeria,DZA,1995,582917
Algeria,DZA,1996,562851
Algeria,DZA,1997,546254
Algeria,DZA,1998,474836
Algeria,DZA,1999,420225
Algeria,DZA,2000,429534
Algeria,DZA,2001,427332
Algeria,DZA,2002,419606
Algeria,DZA,2003,424981
Algeria,DZA,2004,452473
Algeria,DZA,2005,480972
Algeria,DZA,2006,514247
Algeria,DZA,2007,565915
Algeria,DZA,2008,627543
Algeria,DZA,2009,673479
Algeria,DZA,2010,697795
Algeria,DZA,2011,715137
Algeria,DZA,2012,742791
Algeria,DZA,2013,768011
Algeria,DZA,2014,790859
Algeria,DZA,2015,814493
Algeria,DZA,2016,831191
Algeria,DZA,2017,838583
Algeria,DZA,2018,815731
Algeria,DZA,2019,789518
Algeria,DZA,2020,747543
Algeria,DZA,2021,719005
Algeria,DZA,2022,716292
Algeria,DZA,2023,686831
American Samoa,ASM,1951,380
American Samoa,ASM,1952,126
American Samoa,ASM,1953,115
American Samoa,ASM,1954,91
American Samoa,ASM,1955,95
American Samoa,ASM,1956,83
American Samoa,ASM,1957,23
American Samoa,ASM,1958,-33
American Samoa,ASM,1959,-19
American Samoa,ASM,1960,228
American Samoa,ASM,1961,527
American Samoa,ASM,1962,631
American Samoa,ASM,1963,675
American Samoa,ASM,1964,700
American Samoa,ASM,1965,737
American Samoa,ASM,1966,728
American Samoa,ASM,1967,734
American Samoa,ASM,1968,738
American Samoa,ASM,1969,764
American Samoa,ASM,1970,659
American Samoa,ASM,1971,504
American Samoa,ASM,1972,463
American Samoa,ASM,1973,446
American Samoa,ASM,1974,431
American Samoa,ASM,1975,511
American Samoa,ASM,1976,574
American Samoa,ASM,1977,562
American Samoa,ASM,1978,555
American Samoa,ASM,1979,534
American Samoa,ASM,1980,795
American Samoa,ASM,1981,1179
American Samoa,ASM,1982,1331
American Samoa,ASM,1983,1354
American Samoa,ASM,1984,1399
American Samoa,ASM,1985,1438
American Samoa,ASM,1986,1460
American Samoa,ASM,1987,1507
American Samoa,ASM,1988,1539
American Samoa,ASM,1989,1573
American Samoa,ASM,1990,1452
American Samoa,ASM,1991,1244
American Samoa,ASM,1992,1151
American Samoa,ASM,1993,1124
American Samoa,ASM,1994,1095
American Samoa,ASM,1995,1066
American Samoa,ASM,1996,1039
American Samoa,ASM,1997,1007
American Samoa,ASM,1998,969
American Samoa,ASM,1999,913
American Samoa,ASM,2000,610
American Samoa,ASM,2001,195
American Samoa,ASM,2002,9
American Samoa,ASM,2003,-93
American Samoa,ASM,2004,-147
American Samoa,ASM,2005,-203
American Samoa,ASM,2006,-247
American Samoa,ASM,2007,-257
American Samoa,ASM,2008,-286
American Samoa,ASM,2009,-306
American Samoa,ASM,2010,-296
American Samoa,ASM,2011,-329
American Samoa,ASM,2012,-411
American Samoa,ASM,2013,-480
American Samoa,ASM,2014,-537
American Samoa,ASM,2015,-593
American Samoa,ASM,2016,-636
American Samoa,ASM,2017,-655
American Samoa,ASM,2018,-678
American Samoa,ASM,2019,-697
American Samoa,ASM,2020,-451
American Samoa,ASM,2021,-530
American Samoa,ASM,2022,-884
American Samoa,ASM,2023,-821
Americas (UN),,1951,7017783
Americas (UN),,1952,7277588
Americas (UN),,1953,7512742
Americas (UN),,1954,7777482
Americas (UN),,1955,8030185
Americas (UN),,1956,8284887
Americas (UN),,1957,8556917
Americas (UN),,1958,8743271
Americas (UN),,1959,9084688
Americas (UN),,1960,9443484
Americas (UN),,1961,9705219
Americas (UN),,1962,9892494
Americas (UN),,1963,9909223
Americas (UN),,1964,9936141
Americas (UN),,1965,9879578
Americas (UN),,1966,9737352
Americas (UN),,1967,9609476
Americas (UN),,1968,9508212
Americas (UN),,1969,9519262
Americas (UN),,1970,9863041
Americas (UN),,1971,10122726
Americas (UN),,1972,9900782
Americas (UN),,1973,9695432
Americas (UN),,1974,9716137
Americas (UN),,1975,9781260
Americas (UN),,1976,9824503
Americas (UN),,1977,9971950
Americas (UN),,1978,10138610
Americas (UN),,1979,10277160
Americas (UN),,1980,10486478
Americas (UN),,1981,10572419
Americas (UN),,1982,10639196
Americas (UN),,1983,10781278
Americas (UN),,1984,10818882
Americas (UN),,1985,10790965
Americas (UN),,1986,10724218
Americas (UN),,1987,10713918
Americas (UN),,1988,10828306
Americas (UN),,1989,10935995
Americas (UN),,1990,11366293
Americas (UN),,1991,11660500
Americas (UN),,1992,11618906
Americas (UN),,1993,11451071
Americas (UN),,1994,11169213
Americas (UN),,1995,11031069
Americas (UN),,1996,10886302
Americas (UN),,1997,10764590
Americas (UN),,1998,10796541
Americas (UN),,1999,10732361
Americas (UN),,2000,10545747
Americas (UN),,2001,10420297
Americas (UN),,2002,10242514
Americas (UN),,2003,10071750
Americas (UN),,2004,9980584
Americas (UN),,2005,9956314
Americas (UN),,2006,9975285
Americas (UN),,2007,10060167
Americas (UN),,2008,10064275
Americas (UN),,2009,9926766
Americas (UN),,2010,9772613
Americas (UN),,2011,9735903
Americas (UN),,2012,9711412
Americas (UN),,2013,9626546
Americas (UN),,2014,9522784
Americas (UN),,2015,9366232
Americas (UN),,2016,9324086
Americas (UN),,2017,9133307
Americas (UN),,2018,8775309
Americas (UN),,2019,8405130
Americas (UN),,2020,6569134
Americas (UN),,2021,4743524
Americas (UN),,2022,5641300
Americas (UN),,2023,6945696
Andorra,AND,1951,-175
Andorra,AND,1952,-369
Andorra,AND,1953,-128
Andorra,AND,1954,277
Andorra,AND,1955,564
Andorra,AND,1956,601
Andorra,AND,1957,632
Andorra,AND,1958,670
Andorra,AND,1959,704
Andorra,AND,1960,738
Andorra,AND,1961,775
Andorra,AND,1962,800
Andorra,AND,1963,829
Andorra,AND,1964,851
Andorra,AND,1965,869
Andorra,AND,1966,993
Andorra,AND,1967,1211
Andorra,AND,1968,1341
Andorra,AND,1969,1380
Andorra,AND,1970,1418
Andorra,AND,1971,1467
Andorra,AND,1972,1512
Andorra,AND,1973,1566
Andorra,AND,1974,1609
Andorra,AND,1975,1646
Andorra,AND,1976,1658
Andorra,AND,1977,1668
Andorra,AND,1978,1633
Andorra,AND,1979,1568
Andorra,AND,1980,1476
Andorra,AND,1981,1392
Andorra,AND,1982,1591
Andorra,AND,1983,1801
Andorra,AND,1984,1705
Andorra,AND,1985,1554
Andorra,AND,1986,1913
Andorra,AND,1987,1919
Andorra,AND,1988,1764
Andorra,AND,1989,1197
Andorra,AND,1990,1978
Andorra,AND,1991,4075
Andorra,AND,1992,3526
Andorra,AND,1993,3076
Andorra,AND,1994,1338
Andorra,AND,1995,-695
Andorra,AND,1996,70
Andorra,AND,1997,716
Andorra,AND,1998,678
Andorra,AND,1999,332
Andorra,AND,2000,-29
Andorra,AND,2001,171
Andorra,AND,2002,654
Andorra,AND,2003,2979
Andorra,AND,2004,4835
Andorra,AND,2005,3094
Andorra,AND,2006,2173
Andorra,AND,2007,2292
Andorra,AND,2008,1612
Andorra,AND,2009,394
Andorra,AND,2010,-3180
Andorra,AND,2011,-2926
Andorra,AND,2012,-943
Andorra,AND,2013,-1638
Andorra,AND,2014,-1465
Andorra,AND,2015,-1560
Andorra,AND,2016,2
Andorra,AND,2017,1583
Andorra,AND,2018,1401
Andorra,AND,2019,1311
Andorra,AND,2020,905
Andorra,AND,2021,982
Andorra,AND,2022,1343
Andorra,AND,2023,1147
Angola,AGO,1951,50698
Angola,AGO,1952,49126
Angola,AGO,1953,54664
Angola,AGO,1954,60359
Angola,AGO,1955,66059
Angola,AGO,1956,71500
Angola,AGO,1957,76375
Angola,AGO,1958,80487
Angola,AGO,1959,83970
Angola,AGO,1960,86557
Angola,AGO,1961,69920
Angola,AGO,1962,52731
Angola,AGO,1963,54019
Angola,AGO,1964,55852
Angola,AGO,1965,57796
Angola,AGO,1966,59409
Angola,AGO,1967,60419
Angola,AGO,1968,60896
Angola,AGO,1969,60987
Angola,AGO,1970,89097
Angola,AGO,1971,138324
Angola,AGO,1972,183155
Angola,AGO,1973,214265
Angola,AGO,1974,224834
Angola,AGO,1975,229584
Angola,AGO,1976,231716
Angola,AGO,1977,243169
Angola,AGO,1978,258905
Angola,AGO,1979,270465
Angola,AGO,1980,286660
Angola,AGO,1981,301738
Angola,AGO,1982,316048
Angola,AGO,1983,331332
Angola,AGO,1984,342936
Angola,AGO,1985,353204
Angola,AGO,1986,360334
Angola,AGO,1987,358404
Angola,AGO,1988,363436
Angola,AGO,1989,377263
Angola,AGO,1990,387799
Angola,AGO,1991,397171
Angola,AGO,1992,400185
Angola,AGO,1993,403419
Angola,AGO,1994,422627
Angola,AGO,1995,450017
Angola,AGO,1996,471193
Angola,AGO,1997,489446
Angola,AGO,1998,498959
Angola,AGO,1999,507857
Angola,AGO,2000,527638
Angola,AGO,2001,552331
Angola,AGO,2002,580497
Angola,AGO,2003,616017
Angola,AGO,2004,656708
Angola,AGO,2005,690734
Angola,AGO,2006,724121
Angola,AGO,2007,763289
Angola,AGO,2008,800086
Angola,AGO,2009,836119
Angola,AGO,2010,880047
Angola,AGO,2011,923536
Angola,AGO,2012,959040
Angola,AGO,2013,988218
Angola,AGO,2014,995151
Angola,AGO,2015,997035
Angola,AGO,2016,1025270
Angola,AGO,2017,1051764
Angola,AGO,2018,1062324
Angola,AGO,2019,1078473
Angola,AGO,2020,1075506
Angola,AGO,2021,1081288
Angola,AGO,2022,1102601
Angola,AGO,2023,1114881
Anguilla,AIA,1951,207
Anguilla,AIA,1952,160
Anguilla,AIA,1953,133
Anguilla,AIA,1954,146
Anguilla,AIA,1955,95
Anguilla,AIA,1956,39
Anguilla,AIA,1957,21
Anguilla,AIA,1958,-4
Anguilla,AIA,1959,-19
Anguilla,AIA,1960,1
Anguilla,AIA,1961,45
Anguilla,AIA,1962,53
Anguilla,AIA,1963,44
Anguilla,AIA,1964,51
Anguilla,AIA,1965,46
Anguilla,AIA,1966,55
Anguilla,AIA,1967,55
Anguilla,AIA,1968,57
Anguilla,AIA,1969,50
Anguilla,AIA,1970,67
Anguilla,AIA,1971,52
Anguilla,AIA,1972,51
Anguilla,AIA,1973,39
Anguilla,AIA,1974,36
Anguilla,AIA,1975,17
Anguilla,AIA,1976,26
Anguilla,AIA,1977,22
Anguilla,AIA,1978,20
Anguilla,AIA,1979,15
Anguilla,AIA,1980,10
Anguilla,AIA,1981,16
Anguilla,AIA,1982,25
Anguilla,AIA,1983,19
Anguilla,AIA,1984,92
Anguilla,AIA,1985,214
Anguilla,AIA,1986,267
Anguilla,AIA,1987,274
Anguilla,AIA,1988,288
Anguilla,AIA,1989,309
Anguilla,AIA,1990,306
Anguilla,AIA,1991,306
Anguilla,AIA,1992,277
Anguilla,AIA,1993,247
Anguilla,AIA,1994,237
Anguilla,AIA,1995,249
Anguilla,AIA,1996,262
Anguilla,AIA,1997,278
Anguilla,AIA,1998,279
Anguilla,AIA,1999,307
Anguilla,AIA,2000,332
Anguilla,AIA,2001,301
Anguilla,AIA,2002,217
Anguilla,AIA,2003,189
Anguilla,AIA,2004,189
Anguilla,AIA,2005,198
Anguilla,AIA,2006,203
Anguilla,AIA,2007,204
Anguilla,AIA,2008,214
Anguilla,AIA,2009,227
Anguilla,AIA,2010,234
Anguilla,AIA,2011,221
Anguilla,AIA,2012,-192
Anguilla,AIA,2013,-129
Anguilla,AIA,2014,476
Anguilla,AIA,2015,487
Anguilla,AIA,2016,109
Anguilla,AIA,2017,106
Anguilla,AIA,2018,297
Anguilla,AIA,2019,98
Anguilla,AIA,2020,19
Anguilla,AIA,2021,-361
Anguilla,AIA,2022,-301
Anguilla,AIA,2023,233
Antigua and Barbuda,ATG,1951,982
Antigua and Barbuda,ATG,1952,972
Antigua and Barbuda,ATG,1953,984
Antigua and Barbuda,ATG,1954,992
Antigua and Barbuda,ATG,1955,1003
Antigua and Barbuda,ATG,1956,1005
Antigua and Barbuda,ATG,1957,1026
Antigua and Barbuda,ATG,1958,1047
Antigua and Barbuda,ATG,1959,1076
Antigua and Barbuda,ATG,1960,1072
Antigua and Barbuda,ATG,1961,933
Antigua and Barbuda,ATG,1962,797
Antigua and Barbuda,ATG,1963,806
Antigua and Barbuda,ATG,1964,878
Antigua and Barbuda,ATG,1965,952
Antigua and Barbuda,ATG,1966,924
Antigua and Barbuda,ATG,1967,946
Antigua and Barbuda,ATG,1968,975
Antigua and Barbuda,ATG,1969,1000
Antigua and Barbuda,ATG,1970,717
Antigua and Barbuda,ATG,1971,198
Antigua and Barbuda,ATG,1972,-116
Antigua and Barbuda,ATG,1973,-269
Antigua and Barbuda,ATG,1974,-288
Antigua and Barbuda,ATG,1975,-218
Antigua and Barbuda,ATG,1976,-77
Antigua and Barbuda,ATG,1977,103
Antigua and Barbuda,ATG,1978,173
Antigua and Barbuda,ATG,1979,242
Antigua and Barbuda,ATG,1980,234
Antigua and Barbuda,ATG,1981,155
Antigua and Barbuda,ATG,1982,116
Antigua and Barbuda,ATG,1983,150
Antigua and Barbuda,ATG,1984,-53
Antigua and Barbuda,ATG,1985,-293
Antigua and Barbuda,ATG,1986,-314
Antigua and Barbuda,ATG,1987,-328
Antigua and Barbuda,ATG,1988,-323
Antigua and Barbuda,ATG,1989,-295
Antigua and Barbuda,ATG,1990,-259
Antigua and Barbuda,ATG,1991,319
Antigua and Barbuda,ATG,1992,1016
Antigua and Barbuda,ATG,1993,1179
Antigua and Barbuda,ATG,1994,1259
Antigua and Barbuda,ATG,1995,1350
Antigua and Barbuda,ATG,1996,1419
Antigua and Barbuda,ATG,1997,1442
Antigua and Barbuda,ATG,1998,1359
Antigua and Barbuda,ATG,1999,1251
Antigua and Barbuda,ATG,2000,1248
Antigua and Barbuda,ATG,2001,1153
Antigua and Barbuda,ATG,2002,967
Antigua and Barbuda,ATG,2003,847
Antigua and Barbuda,ATG,2004,838
Antigua and Barbuda,ATG,2005,894
Antigua and Barbuda,ATG,2006,991
Antigua and Barbuda,ATG,2007,1097
Antigua and Barbuda,ATG,2008,1210
Antigua and Barbuda,ATG,2009,1267
Antigua and Barbuda,ATG,2010,1144
Antigua and Barbuda,ATG,2011,1013
Antigua and Barbuda,ATG,2012,925
Antigua and Barbuda,ATG,2013,799
Antigua and Barbuda,ATG,2014,710
Antigua and Barbuda,ATG,2015,637
Antigua and Barbuda,ATG,2016,559
Antigua and Barbuda,ATG,2017,503
Antigua and Barbuda,ATG,2018,459
Antigua and Barbuda,ATG,2019,435
Antigua and Barbuda,ATG,2020,487
Antigua and Barbuda,ATG,2021,494
Antigua and Barbuda,ATG,2022,492
Antigua and Barbuda,ATG,2023,481
Argentina,ARG,1951,338435
Argentina,ARG,1952,342415
Argentina,ARG,1953,342417
Argentina,ARG,1954,339912
Argentina,ARG,1955,334825
Argentina,ARG,1956,333937
Argentina,ARG,1957,333072
Argentina,ARG,1958,331219
Argentina,ARG,1959,335340
Argentina,ARG,1960,336451
Argentina,ARG,1961,340225
Argentina,ARG,1962,346263
Argentina,ARG,1963,349159
Argentina,ARG,1964,347749
Argentina,ARG,1965,343183
Argentina,ARG,1966,341264
Argentina,ARG,1967,345165
Argentina,ARG,1968,351517
Argentina,ARG,1969,358136
Argentina,ARG,1970,369614
Argentina,ARG,1971,378882
Argentina,ARG,1972,387120
Argentina,ARG,1973,401675
Argentina,ARG,1974,415345
Argentina,ARG,1975,412754
Argentina,ARG,1976,408176
Argentina,ARG,1977,419533
Argentina,ARG,1978,430347
Argentina,ARG,1979,436732
Argentina,ARG,1980,442703
Argentina,ARG,1981,452359
Argentina,ARG,1982,460312
Argentina,ARG,1983,467066
Argentina,ARG,1984,471756
Argentina,ARG,1985,473358
Argentina,ARG,1986,475534
Argentina,ARG,1987,479782
Argentina,ARG,1988,488770
Argentina,ARG,1989,490424
Argentina,ARG,1990,484949
Argentina,ARG,1991,474386
Argentina,ARG,1992,463239
Argentina,ARG,1993,459187
Argentina,ARG,1994,460773
Argentina,ARG,1995,456524
Argentina,ARG,1996,443779
Argentina,ARG,1997,433995
Argentina,ARG,1998,425072
Argentina,ARG,1999,421825
Argentina,ARG,2000,419299
Argentina,ARG,2001,410831
Argentina,ARG,2002,404528
Argentina,ARG,2003,394938
Argentina,ARG,2004,391632
Argentina,ARG,2005,400871
Argentina,ARG,2006,405327
Argentina,ARG,2007,394654
Argentina,ARG,2008,407384
Argentina,ARG,2009,430681
Argentina,ARG,2010,433862
Argentina,ARG,2011,441961
Argentina,ARG,2012,431063
Argentina,ARG,2013,420735
Argentina,ARG,2014,441618
Argentina,ARG,2015,452940
Argentina,ARG,2016,423301
Argentina,ARG,2017,388586
Argentina,ARG,2018,365978
Argentina,ARG,2019,318593
Argentina,ARG,2020,218491
Argentina,ARG,2021,120322
Argentina,ARG,2022,95622
Argentina,ARG,2023,130498
Armenia,ARM,1951,34390
Armenia,ARM,1952,36822
Armenia,ARM,1953,39472
Armenia,ARM,1954,42401
Armenia,ARM,1955,45530
Armenia,ARM,1956,49312
Armenia,ARM,1957,53324
Armenia,ARM,1958,56741
Armenia,ARM,1959,60126
Armenia,ARM,1960,62696
Armenia,ARM,1961,63778
Armenia,ARM,1962,64198
Armenia,ARM,1963,64338
Armenia,ARM,1964,64111
Armenia,ARM,1965,63500
Armenia,ARM,1966,62527
Armenia,ARM,1967,61335
Armenia,ARM,1968,59829
Armenia,ARM,1969,56708
Armenia,ARM,1970,51594
Armenia,ARM,1971,49720
Armenia,ARM,1972,51733
Armenia,ARM,1973,53779
Armenia,ARM,1974,55582
Armenia,ARM,1975,57223
Armenia,ARM,1976,74503
Armenia,ARM,1977,94665
Armenia,ARM,1978,99975
Armenia,ARM,1979,65697
Armenia,ARM,1980,28913
Armenia,ARM,1981,27936
Armenia,ARM,1982,27791
Armenia,ARM,1983,28404
Armenia,ARM,1984,33000
Armenia,ARM,1985,35889
Armenia,ARM,1986,34419
Armenia,ARM,1987,33668
Armenia,ARM,1988,26598
Armenia,ARM,1989,87972
Armenia,ARM,1990,109035
Armenia,ARM,1991,61848
Armenia,ARM,1992,-42108
Armenia,ARM,1993,-118531
Armenia,ARM,1994,-88719
Armenia,ARM,1995,-57034
Armenia,ARM,1996,-28848
Armenia,ARM,1997,-32446
Armenia,ARM,1998,-37893
Armenia,ARM,1999,-41117
Armenia,ARM,2000,-41652
Armenia,ARM,2001,-41280
Armenia,ARM,2002,-28714
Armenia,ARM,2003,-16660
Armenia,ARM,2004,-16432
Armenia,ARM,2005,-16184
Armenia,ARM,2006,-15989
Armenia,ARM,2007,-15546
Armenia,ARM,2008,-14829
Armenia,ARM,2009,-14478
Armenia,ARM,2010,-14435
Armenia,ARM,2011,-7814
Armenia,ARM,2012,-740
Armenia,ARM,2013,-3
Armenia,ARM,2014,-93
Armenia,ARM,2015,-1254
Armenia,ARM,2016,-2383
Armenia,ARM,2017,-3830
Armenia,ARM,2018,-4995
Armenia,ARM,2019,-5996
Armenia,ARM,2020,-13082
Armenia,ARM,2021,-20554
Armenia,ARM,2022,10541
Armenia,ARM,2023,62518
Aruba,ABW,1951,1117
Aruba,ABW,1952,1172
Aruba,ABW,1953,1217
Aruba,ABW,1954,1247
Aruba,ABW,1955,1270
Aruba,ABW,1956,1298
Aruba,ABW,1957,1299
Aruba,ABW,1958,1304
Aruba,ABW,1959,1316
Aruba,ABW,1960,935
Aruba,ABW,1961,661
Aruba,ABW,1962,738
Aruba,ABW,1963,682
Aruba,ABW,1964,618
Aruba,ABW,1965,571
Aruba,ABW,1966,501
Aruba,ABW,1967,303
Aruba,ABW,1968,74
Aruba,ABW,1969,-16
Aruba,ABW,1970,-103
Aruba,ABW,1971,-169
Aruba,ABW,1972,115
Aruba,ABW,1973,543
Aruba,ABW,1974,688
Aruba,ABW,1975,681
Aruba,ABW,1976,467
Aruba,ABW,1977,240
Aruba,ABW,1978,201
Aruba,ABW,1979,181
Aruba,ABW,1980,137
Aruba,ABW,1981,228
Aruba,ABW,1982,397
Aruba,ABW,1983,438
Aruba,ABW,1984,370
Aruba,ABW,1985,190
Aruba,ABW,1986,-34
Aruba,ABW,1987,-221
Aruba,ABW,1988,-198
Aruba,ABW,1989,192
Aruba,ABW,1990,1039
Aruba,ABW,1991,2112
Aruba,ABW,1992,2325
Aruba,ABW,1993,2202
Aruba,ABW,1994,2384
Aruba,ABW,1995,2455
Aruba,ABW,1996,2567
Aruba,ABW,1997,2626
Aruba,ABW,1998,2665
Aruba,ABW,1999,2695
Aruba,ABW,2000,2289
Aruba,ABW,2001,1548
Aruba,ABW,2002,1073
Aruba,ABW,2003,931
Aruba,ABW,2004,899
Aruba,ABW,2005,1016
Aruba,ABW,2006,1164
Aruba,ABW,2007,1201
Aruba,ABW,2008,1211
Aruba,ABW,2009,1225
Aruba,ABW,2010,1087
Aruba,ABW,2011,868
Aruba,ABW,2012,779
Aruba,ABW,2013,796
Aruba,ABW,2014,811
Aruba,ABW,2015,819
Aruba,ABW,2016,789
Aruba,ABW,2017,748
Aruba,ABW,2018,710
Aruba,ABW,2019,642
Aruba,ABW,2020,322
Aruba,ABW,2021,154
Aruba,ABW,2022,227
Aruba,ABW,2023,154
Asia (UN),UN_ASI,1951,26735545
Asia (UN),UN_ASI,1952,29630037
Asia (UN),UN_ASI,1953,31709776
Asia (UN),UN_ASI,1954,32792686
Asia (UN),UN_ASI,1955,34736581
Asia (UN),UN_ASI,1956,35125618
Asia (UN),UN_ASI,1957,36422128
Asia (UN),UN_ASI,1958,37202046
Asia (UN),UN_ASI,1959,32841944
Asia (UN),UN_ASI,1960,27077158
Asia (UN),UN_ASI,1961,26402887
Asia (UN),UN_ASI,1962,35168284
Asia (UN),UN_ASI,1963,45992063
Asia (UN),UN_ASI,1964,48141900
Asia (UN),UN_ASI,1965,46593533
Asia (UN),UN_ASI,1966,46161994
Asia (UN),UN_ASI,1967,46127666
Asia (UN),UN_ASI,1968,48467394
Asia (UN),UN_ASI,1969,50664924
Asia (UN),UN_ASI,1970,51489467
Asia (UN),UN_ASI,1971,50767541
Asia (UN),UN_ASI,1972,50159927
Asia (UN),UN_ASI,1973,51031825
Asia (UN),UN_ASI,1974,50542838
Asia (UN),UN_ASI,1975,49108855
Asia (UN),UN_ASI,1976,47959346
Asia (UN),UN_ASI,1977,47766771
Asia (UN),UN_ASI,1978,47613627
Asia (UN),UN_ASI,1979,48923170
Asia (UN),UN_ASI,1980,50893578
Asia (UN),UN_ASI,1981,52361319
Asia (UN),UN_ASI,1982,54678046
Asia (UN),UN_ASI,1983,55398163
Asia (UN),UN_ASI,1984,55435000
Asia (UN),UN_ASI,1985,56764693
Asia (UN),UN_ASI,1986,58677437
Asia (UN),UN_ASI,1987,60755158
Asia (UN),UN_ASI,1988,61012677
Asia (UN),UN_ASI,1989,61062006
Asia (UN),UN_ASI,1990,61411587
Asia (UN),UN_ASI,1991,59123764
Asia (UN),UN_ASI,1992,56616190
Asia (UN),UN_ASI,1993,55243285
Asia (UN),UN_ASI,1994,53658916
Asia (UN),UN_ASI,1995,53155740
Asia (UN),UN_ASI,1996,53049486
Asia (UN),UN_ASI,1997,52535330
Asia (UN),UN_ASI,1998,51990836
Asia (UN),UN_ASI,1999,51295562
Asia (UN),UN_ASI,2000,51228595
Asia (UN),UN_ASI,2001,51137809
Asia (UN),UN_ASI,2002,49422811
Asia (UN),UN_ASI,2003,48457983
Asia (UN),UN_ASI,2004,48597219
Asia (UN),UN_ASI,2005,48530448
Asia (UN),UN_ASI,2006,48899123
Asia (UN),UN_ASI,2007,48811205
Asia (UN),UN_ASI,2008,48721475
Asia (UN),UN_ASI,2009,49580285
Asia (UN),UN_ASI,2010,49883996
Asia (UN),UN_ASI,2011,49673735
Asia (UN),UN_ASI,2012,50112412
Asia (UN),UN_ASI,2013,49332345
Asia (UN),UN_ASI,2014,48005133
Asia (UN),UN_ASI,2015,46361606
Asia (UN),UN_ASI,2016,45107289
Asia (UN),UN_ASI,2017,44063630
Asia (UN),UN_ASI,2018,41144696
Asia (UN),UN_ASI,2019,38761777
Asia (UN),UN_ASI,2020,35728081
Asia (UN),UN_ASI,2021,30203001
Asia (UN),UN_ASI,2022,29344657
Asia (UN),UN_ASI,2023,30343460
Australia,AUS,1951,241865
Australia,AUS,1952,212091
Australia,AUS,1953,185378
Australia,AUS,1954,183299
Australia,AUS,1955,205805
Australia,AUS,1956,219471
Australia,AUS,1957,214113
Australia,AUS,1958,208863
Australia,AUS,1959,212397
Australia,AUS,1960,220782
Australia,AUS,1961,219626
Australia,AUS,1962,206794
Australia,AUS,1963,206035
Australia,AUS,1964,214987
Australia,AUS,1965,229222
Australia,AUS,1966,235006
Australia,AUS,1967,218036
Australia,AUS,1968,219488
Australia,AUS,1969,242378
Australia,AUS,1970,327027
Australia,AUS,1971,398549
Australia,AUS,1972,306934
Australia,AUS,1973,213792
Australia,AUS,1974,200810
Australia,AUS,1975,174489
Australia,AUS,1976,152770
Australia,AUS,1977,156753
Australia,AUS,1978,163588
Australia,AUS,1979,165935
Australia,AUS,1980,188311
Australia,AUS,1981,227865
Australia,AUS,1982,243274
Australia,AUS,1983,222407
Australia,AUS,1984,205762
Australia,AUS,1985,215090
Australia,AUS,1986,233888
Australia,AUS,1987,252641
Australia,AUS,1988,271832
Australia,AUS,1989,275258
Australia,AUS,1990,256942
Australia,AUS,1991,226887
Australia,AUS,1992,196095
Australia,AUS,1993,173619
Australia,AUS,1994,174528
Australia,AUS,1995,197907
Australia,AUS,1996,209965
Australia,AUS,1997,199606
Australia,AUS,1998,196799
Australia,AUS,1999,208270
Australia,AUS,2000,222492
Australia,AUS,2001,232966
Australia,AUS,2002,229918
Australia,AUS,2003,224093
Australia,AUS,2004,227230
Australia,AUS,2005,247811
Australia,AUS,2006,296076
Australia,AUS,2007,363979
Australia,AUS,2008,416050
Australia,AUS,2009,412419
Australia,AUS,2010,358569
Australia,AUS,2011,338196
Australia,AUS,2012,372869
Australia,AUS,2013,383623
Australia,AUS,2014,359328
Australia,AUS,2015,352398
Australia,AUS,2016,381966
Australia,AUS,2017,401081
Australia,AUS,2018,388656
Australia,AUS,2019,363014
Australia,AUS,2020,261073
Australia,AUS,2021,212630
Australia,AUS,2022,244570
Australia,AUS,2023,250139
Austria,AUT,1951,-5968
Austria,AUT,1952,-3233
Austria,AUT,1953,4829
Austria,AUT,1954,7810
Austria,AUT,1955,6766
Austria,AUT,1956,5607
Austria,AUT,1957,13572
Austria,AUT,1958,21507
Austria,AUT,1959,26925
Austria,AUT,1960,33004
Austria,AUT,1961,38786
Austria,AUT,1962,43521
Austria,AUT,1963,45921
Austria,AUT,1964,47890
Austria,AUT,1965,47021
Austria,AUT,1966,51111
Austria,AUT,1967,54769
Austria,AUT,1968,38334
Austria,AUT,1969,25679
Austria,AUT,1970,26014
Austria,AUT,1971,33315
Austria,AUT,1972,43628
Austria,AUT,1973,41844
Austria,AUT,1974,12856
Austria,AUT,1975,-20130
Austria,AUT,1976,-13376
Austria,AUT,1977,2875
Austria,AUT,1978,-6129
Austria,AUT,1979,-12858
Austria,AUT,1980,62
Austria,AUT,1981,19143
Austria,AUT,1982,5528
Austria,AUT,1983,-11912
Austria,AUT,1984,-451
Austria,AUT,1985,3595
Austria,AUT,1986,5087
Austria,AUT,1987,4917
Austria,AUT,1988,11032
Austria,AUT,1989,35059
Austria,AUT,1990,59222
Austria,AUT,1991,77513
Austria,AUT,1992,85575
Austria,AUT,1993,64777
Austria,AUT,1994,30665
Austria,AUT,1995,12165
Austria,AUT,1996,10595
Austria,AUT,1997,8887
Austria,AUT,1998,8661
Austria,AUT,1999,15429
Austria,AUT,2000,19035
Austria,AUT,2001,29304
Austria,AUT,2002,39407
Austria,AUT,2003,40964
Austria,AUT,2004,50892
Austria,AUT,2005,55708
Austria,AUT,2006,40697
Austria,AUT,2007,27047
Austria,AUT,2008,26302
Austria,AUT,2009,21823
Austria,AUT,2010,20014
Austria,AUT,2011,28185
Austria,AUT,2012,38327
Austria,AUT,2013,49812
Austria,AUT,2014,66401
Austria,AUT,2015,96225
Austria,AUT,2016,93883
Austria,AUT,2017,60859
Austria,AUT,2018,42874
Austria,AUT,2019,39223
Austria,AUT,2020,40526
Austria,AUT,2021,45651
Austria,AUT,2022,97625
Austria,AUT,2023,65756
Azerbaijan,AZE,1951,55178
Azerbaijan,AZE,1952,59850
Azerbaijan,AZE,1953,65603
Azerbaijan,AZE,1954,72097
Azerbaijan,AZE,1955,79383
Azerbaijan,AZE,1956,87299
Azerbaijan,AZE,1957,95476
Azerbaijan,AZE,1958,103836
Azerbaijan,AZE,1959,112127
Azerbaijan,AZE,1960,119883
Azerbaijan,AZE,1961,126270
Azerbaijan,AZE,1962,130430
Azerbaijan,AZE,1963,132636
Azerbaijan,AZE,1964,131612
Azerbaijan,AZE,1965,126656
Azerbaijan,AZE,1966,121595
Azerbaijan,AZE,1967,115399
Azerbaijan,AZE,1968,109179
Azerbaijan,AZE,1969,105281
Azerbaijan,AZE,1970,102058
Azerbaijan,AZE,1971,99675
Azerbaijan,AZE,1972,97418
Azerbaijan,AZE,1973,95694
Azerbaijan,AZE,1974,95615
Azerbaijan,AZE,1975,97031
Azerbaijan,AZE,1976,121782
Azerbaijan,AZE,1977,146601
Azerbaijan,AZE,1978,137438
Azerbaijan,AZE,1979,112056
Azerbaijan,AZE,1980,97570
Azerbaijan,AZE,1981,100900
Azerbaijan,AZE,1982,105826
Azerbaijan,AZE,1983,110897
Azerbaijan,AZE,1984,103959
Azerbaijan,AZE,1985,93534
Azerbaijan,AZE,1986,91526
Azerbaijan,AZE,1987,86309
Azerbaijan,AZE,1988,103746
Azerbaijan,AZE,1989,86179
Azerbaijan,AZE,1990,63501
Azerbaijan,AZE,1991,83233
Azerbaijan,AZE,1992,91464
Azerbaijan,AZE,1993,98338
Azerbaijan,AZE,1994,104775
Azerbaijan,AZE,1995,110389
Azerbaijan,AZE,1996,111698
Azerbaijan,AZE,1997,105239
Azerbaijan,AZE,1998,89588
Azerbaijan,AZE,1999,74664
Azerbaijan,AZE,2000,74312
Azerbaijan,AZE,2001,76992
Azerbaijan,AZE,2002,74365
Azerbaijan,AZE,2003,74387
Azerbaijan,AZE,2004,89346
Azerbaijan,AZE,2005,107374
Azerbaijan,AZE,2006,114132
Azerbaijan,AZE,2007,116933
Azerbaijan,AZE,2008,114324
Azerbaijan,AZE,2009,103699
Azerbaijan,AZE,2010,100516
Azerbaijan,AZE,2011,109304
Azerbaijan,AZE,2012,120023
Azerbaijan,AZE,2013,128238
Azerbaijan,AZE,2014,126719
Azerbaijan,AZE,2015,121723
Azerbaijan,AZE,2016,115575
Azerbaijan,AZE,2017,100076
Azerbaijan,AZE,2018,71272
Azerbaijan,AZE,2019,70701
Azerbaijan,AZE,2020,71253
Azerbaijan,AZE,2021,52636
Azerbaijan,AZE,2022,60935
Azerbaijan,AZE,2023,22902
Bahamas,BHS,1951,1098
Bahamas,BHS,1952,1572
Bahamas,BHS,1953,2080
Bahamas,BHS,1954,2585
Bahamas,BHS,1955,3093
Bahamas,BHS,1956,3587
Bahamas,BHS,1957,4029
Bahamas,BHS,1958,4458
Bahamas,BHS,1959,4922
Bahamas,BHS,1960,5399
Bahamas,BHS,1961,5883
Bahamas,BHS,1962,6296
Bahamas,BHS,1963,6592
Bahamas,BHS,1964,6439
Bahamas,BHS,1965,6431
Bahamas,BHS,1966,6915
Bahamas,BHS,1967,7395
Bahamas,BHS,1968,7823
Bahamas,BHS,1969,7891
Bahamas,BHS,1970,7002
Bahamas,BHS,1971,5874
Bahamas,BHS,1972,5191
Bahamas,BHS,1973,4740
Bahamas,BHS,1974,4557
Bahamas,BHS,1975,4540
Bahamas,BHS,1976,4620
Bahamas,BHS,1977,4652
Bahamas,BHS,1978,4601
Bahamas,BHS,1979,4474
Bahamas,BHS,1980,4296
Bahamas,BHS,1981,4086
Bahamas,BHS,1982,3998
Bahamas,BHS,1983,4094
Bahamas,BHS,1984,4161
Bahamas,BHS,1985,4290
Bahamas,BHS,1986,4378
Bahamas,BHS,1987,4400
Bahamas,BHS,1988,4510
Bahamas,BHS,1989,4730
Bahamas,BHS,1990,4767
Bahamas,BHS,1991,4791
Bahamas,BHS,1992,5193
Bahamas,BHS,1993,5412
Bahamas,BHS,1994,5169
Bahamas,BHS,1995,4952
Bahamas,BHS,1996,4810
Bahamas,BHS,1997,4633
Bahamas,BHS,1998,4462
Bahamas,BHS,1999,4247
Bahamas,BHS,2000,4223
Bahamas,BHS,2001,4001
Bahamas,BHS,2002,3778
Bahamas,BHS,2003,4000
Bahamas,BHS,2004,4169
Bahamas,BHS,2005,4111
Bahamas,BHS,2006,4481
Bahamas,BHS,2007,4957
Bahamas,BHS,2008,4790
Bahamas,BHS,2009,4673
Bahamas,BHS,2010,4676
Bahamas,BHS,2011,4256
Bahamas,BHS,2012,3736
Bahamas,BHS,2013,3483
Bahamas,BHS,2014,3355
Bahamas,BHS,2015,3043
Bahamas,BHS,2016,2705
Bahamas,BHS,2017,2436
Bahamas,BHS,2018,2222
Bahamas,BHS,2019,1966
Bahamas,BHS,2020,1190
Bahamas,BHS,2021,507
Bahamas,BHS,2022,1161
Bahamas,BHS,2023,1910
Bahrain,BHR,1951,3489
Bahrain,BHR,1952,3702
Bahrain,BHR,1953,3920
Bahrain,BHR,1954,4189
Bahrain,BHR,1955,4505
Bahrain,BHR,1956,4851
Bahrain,BHR,1957,5232
Bahrain,BHR,1958,5660
Bahrain,BHR,1959,6112
Bahrain,BHR,1960,6555
Bahrain,BHR,1961,6868
Bahrain,BHR,1962,7003
Bahrain,BHR,1963,7151
Bahrain,BHR,1964,7318
Bahrain,BHR,1965,7047
Bahrain,BHR,1966,6673
Bahrain,BHR,1967,6648
Bahrain,BHR,1968,5149
Bahrain,BHR,1969,3133
Bahrain,BHR,1970,2337
Bahrain,BHR,1971,5927
Bahrain,BHR,1972,11385
Bahrain,BHR,1973,13205
Bahrain,BHR,1974,13713
Bahrain,BHR,1975,14204
Bahrain,BHR,1976,14620
Bahrain,BHR,1977,14954
Bahrain,BHR,1978,15234
Bahrain,BHR,1979,15402
Bahrain,BHR,1980,15529
Bahrain,BHR,1981,14544
Bahrain,BHR,1982,13458
Bahrain,BHR,1983,13729
Bahrain,BHR,1984,14443
Bahrain,BHR,1985,15201
Bahrain,BHR,1986,15925
Bahrain,BHR,1987,16572
Bahrain,BHR,1988,17069
Bahrain,BHR,1989,17398
Bahrain,BHR,1990,17470
Bahrain,BHR,1991,17084
Bahrain,BHR,1992,15870
Bahrain,BHR,1993,15067
Bahrain,BHR,1994,15140
Bahrain,BHR,1995,15270
Bahrain,BHR,1996,15363
Bahrain,BHR,1997,15426
Bahrain,BHR,1998,15372
Bahrain,BHR,1999,15231
Bahrain,BHR,2000,14967
Bahrain,BHR,2001,30375
Bahrain,BHR,2002,52241
Bahrain,BHR,2003,59071
Bahrain,BHR,2004,60170
Bahrain,BHR,2005,61172
Bahrain,BHR,2006,62008
Bahrain,BHR,2007,62793
Bahrain,BHR,2008,63299
Bahrain,BHR,2009,62898
Bahrain,BHR,2010,29632
Bahrain,BHR,2011,-6515
Bahrain,BHR,2012,9574
Bahrain,BHR,2013,40899
Bahrain,BHR,2014,55651
Bahrain,BHR,2015,56799
Bahrain,BHR,2016,59953
Bahrain,BHR,2017,52394
Bahrain,BHR,2018,15631
Bahrain,BHR,2019,-11959
Bahrain,BHR,2020,-2594
Bahrain,BHR,2021,18681
Bahrain,BHR,2022,31698
Bahrain,BHR,2023,36214
Bangladesh,BGD,1951,815454
Bangladesh,BGD,1952,870702
Bangladesh,BGD,1953,898377
Bangladesh,BGD,1954,949909
Bangladesh,BGD,1955,1026387
Bangladesh,BGD,1956,1086732
Bangladesh,BGD,1957,1150246
Bangladesh,BGD,1958,1179388
Bangladesh,BGD,1959,1257714
Bangladesh,BGD,1960,1386897
Bangladesh,BGD,1961,1481681
Bangladesh,BGD,1962,1570810
Bangladesh,BGD,1963,1623252
Bangladesh,BGD,1964,1673966
Bangladesh,BGD,1965,1724150
Bangladesh,BGD,1966,1767289
Bangladesh,BGD,1967,1841122
Bangladesh,BGD,1968,1897345
Bangladesh,BGD,1969,1885852
Bangladesh,BGD,1970,1764768
Bangladesh,BGD,1971,1217859
Bangladesh,BGD,1972,1364768
Bangladesh,BGD,1973,2080772
Bangladesh,BGD,1974,2117055
Bangladesh,BGD,1975,2015000
Bangladesh,BGD,1976,2000966
Bangladesh,BGD,1977,2011949
Bangladesh,BGD,1978,2022393
Bangladesh,BGD,1979,2045410
Bangladesh,BGD,1980,2081365
Bangladesh,BGD,1981,2286669
Bangladesh,BGD,1982,2511402
Bangladesh,BGD,1983,2520656
Bangladesh,BGD,1984,2479803
Bangladesh,BGD,1985,2438860
Bangladesh,BGD,1986,2381744
Bangladesh,BGD,1987,2323722
Bangladesh,BGD,1988,2256720
Bangladesh,BGD,1989,2217794
Bangladesh,BGD,1990,2199917
Bangladesh,BGD,1991,2153390
Bangladesh,BGD,1992,2165086
Bangladesh,BGD,1993,2180165
Bangladesh,BGD,1994,2210820
Bangladesh,BGD,1995,2257189
Bangladesh,BGD,1996,2261813
Bangladesh,BGD,1997,2335885
Bangladesh,BGD,1998,2424262
Bangladesh,BGD,1999,2485733
Bangladesh,BGD,2000,2436238
Bangladesh,BGD,2001,2261507
Bangladesh,BGD,2002,2127849
Bangladesh,BGD,2003,2036696
Bangladesh,BGD,2004,1932502
Bangladesh,BGD,2005,1812932
Bangladesh,BGD,2006,1690194
Bangladesh,BGD,2007,1583299
Bangladesh,BGD,2008,1484982
Bangladesh,BGD,2009,1399452
Bangladesh,BGD,2010,1328262
Bangladesh,BGD,2011,1389096
Bangladesh,BGD,2012,1479036
Bangladesh,BGD,2013,1462024
Bangladesh,BGD,2014,1432797
Bangladesh,BGD,2015,1418248
Bangladesh,BGD,2016,1428755
Bangladesh,BGD,2017,1374212
Bangladesh,BGD,2018,1336963
Bangladesh,BGD,2019,1389951
Bangladesh,BGD,2020,1384964
Bangladesh,BGD,2021,1360831
Bangladesh,BGD,2022,1726036
Bangladesh,BGD,2023,2082095
Barbados,BRB,1951,3482
Barbados,BRB,1952,3107
Barbados,BRB,1953,2727
Barbados,BRB,1954,2324
Barbados,BRB,1955,1728
Barbados,BRB,1956,1223
Barbados,BRB,1957,1284
Barbados,BRB,1958,1463
Barbados,BRB,1959,1523
Barbados,BRB,1960,2112
Barbados,BRB,1961,2254
Barbados,BRB,1962,2081
Barbados,BRB,1963,2330
Barbados,BRB,1964,2403
Barbados,BRB,1965,2452
Barbados,BRB,1966,2589
Barbados,BRB,1967,2089
Barbados,BRB,1968,1455
Barbados,BRB,1969,893
Barbados,BRB,1970,-49
Barbados,BRB,1971,-221
Barbados,BRB,1972,489
Barbados,BRB,1973,664
Barbados,BRB,1974,456
Barbados,BRB,1975,402
Barbados,BRB,1976,266
Barbados,BRB,1977,176
Barbados,BRB,1978,-64
Barbados,BRB,1979,-289
Barbados,BRB,1980,256
Barbados,BRB,1981,741
Barbados,BRB,1982,824
Barbados,BRB,1983,895
Barbados,BRB,1984,937
Barbados,BRB,1985,901
Barbados,BRB,1986,797
Barbados,BRB,1987,660
Barbados,BRB,1988,480
Barbados,BRB,1989,345
Barbados,BRB,1990,470
Barbados,BRB,1991,799
Barbados,BRB,1992,890
Barbados,BRB,1993,764
Barbados,BRB,1994,589
Barbados,BRB,1995,421
Barbados,BRB,1996,244
Barbados,BRB,1997,115
Barbados,BRB,1998,29
Barbados,BRB,1999,87
Barbados,BRB,2000,-450
Barbados,BRB,2001,358
Barbados,BRB,2002,1726
Barbados,BRB,2003,1634
Barbados,BRB,2004,1508
Barbados,BRB,2005,1420
Barbados,BRB,2006,1294
Barbados,BRB,2007,1287
Barbados,BRB,2008,1421
Barbados,BRB,2009,1418
Barbados,BRB,2010,1114
Barbados,BRB,2011,899
Barbados,BRB,2012,799
Barbados,BRB,2013,720
Barbados,BRB,2014,686
Barbados,BRB,2015,644
Barbados,BRB,2016,605
Barbados,BRB,2017,573
Barbados,BRB,2018,542
Barbados,BRB,2019,497
Barbados,BRB,2020,490
Barbados,BRB,2021,451
Barbados,BRB,2022,167
Barbados,BRB,2023,23
Belarus,BLR,1951,61836
Belarus,BLR,1952,75180
Belarus,BLR,1953,86032
Belarus,BLR,1954,98240
Belarus,BLR,1955,111795
Belarus,BLR,1956,122198
Belarus,BLR,1957,128461
Belarus,BLR,1958,132757
Belarus,BLR,1959,137225
Belarus,BLR,1960,126684
Belarus,BLR,1961,112425
Belarus,BLR,1962,104052
Belarus,BLR,1963,93226
Belarus,BLR,1964,85134
Belarus,BLR,1965,77098
Belarus,BLR,1966,73032
Belarus,BLR,1967,70282
Belarus,BLR,1968,68081
Belarus,BLR,1969,63270
Belarus,BLR,1970,60298
Belarus,BLR,1971,64846
Belarus,BLR,1972,64891
Belarus,BLR,1973,61069
Belarus,BLR,1974,59966
Belarus,BLR,1975,58617
Belarus,BLR,1976,55803
Belarus,BLR,1977,54853
Belarus,BLR,1978,50860
Belarus,BLR,1979,51891
Belarus,BLR,1980,65476
Belarus,BLR,1981,74875
Belarus,BLR,1982,70237
Belarus,BLR,1983,67270
Belarus,BLR,1984,66143
Belarus,BLR,1985,62486
Belarus,BLR,1986,60105
Belarus,BLR,1987,53319
Belarus,BLR,1988,50028
Belarus,BLR,1989,51143
Belarus,BLR,1990,27479
Belarus,BLR,1991,7631
Belarus,BLR,1992,23672
Belarus,BLR,1993,23759
Belarus,BLR,1994,-11127
Belarus,BLR,1995,-32727
Belarus,BLR,1996,-33441
Belarus,BLR,1997,-41660
Belarus,BLR,1998,-41786
Belarus,BLR,1999,-41358
Belarus,BLR,2000,-47911
Belarus,BLR,2001,-53242
Belarus,BLR,2002,-64617
Belarus,BLR,2003,-70276
Belarus,BLR,2004,-68086
Belarus,BLR,2005,-67256
Belarus,BLR,2006,-59792
Belarus,BLR,2007,-44906
Belarus,BLR,2008,-33778
Belarus,BLR,2009,-22023
Belarus,BLR,2010,-16582
Belarus,BLR,2011,-18014
Belarus,BLR,2012,-9663
Belarus,BLR,2013,1379
Belarus,BLR,2014,8250
Belarus,BLR,2015,14585
Belarus,BLR,2016,11777
Belarus,BLR,2017,-3273
Belarus,BLR,2018,-15762
Belarus,BLR,2019,-44616
Belarus,BLR,2020,-84472
Belarus,BLR,2021,-99575
Belarus,BLR,2022,-78128
Belarus,BLR,2023,-57561
Belgium,BEL,1951,38313
Belgium,BEL,1952,40884
Belgium,BEL,1953,45219
Belgium,BEL,1954,46525
Belgium,BEL,1955,47109
Belgium,BEL,1956,46669
Belgium,BEL,1957,49701
Belgium,BEL,1958,54258
Belgium,BEL,1959,59625
Belgium,BEL,1960,56427
Belgium,BEL,1961,56036
Belgium,BEL,1962,59461
Belgium,BEL,1963,57529
Belgium,BEL,1964,62483
Belgium,BEL,1965,62170
Belgium,BEL,1966,55149
Belgium,BEL,1967,50919
Belgium,BEL,1968,43783
Belgium,BEL,1969,39488
Belgium,BEL,1970,41318
Belgium,BEL,1971,36016
Belgium,BEL,1972,28329
Belgium,BEL,1973,23179
Belgium,BEL,1974,17777
Belgium,BEL,1975,12663
Belgium,BEL,1976,10433
Belgium,BEL,1977,15113
Belgium,BEL,1978,17794
Belgium,BEL,1979,19555
Belgium,BEL,1980,21726
Belgium,BEL,1981,17581
Belgium,BEL,1982,11655
Belgium,BEL,1983,6807
Belgium,BEL,1984,5450
Belgium,BEL,1985,5752
Belgium,BEL,1986,6643
Belgium,BEL,1987,12169
Belgium,BEL,1988,17416
Belgium,BEL,1989,20009
Belgium,BEL,1990,24393
Belgium,BEL,1991,37994
Belgium,BEL,1992,47026
Belgium,BEL,1993,38944
Belgium,BEL,1994,31073
Belgium,BEL,1995,21259
Belgium,BEL,1996,19708
Belgium,BEL,1997,24493
Belgium,BEL,1998,21720
Belgium,BEL,1999,23496
Belgium,BEL,2000,25038
Belgium,BEL,2001,35286
Belgium,BEL,2002,45970
Belgium,BEL,2003,43287
Belgium,BEL,2004,45036
Belgium,BEL,2005,57585
Belgium,BEL,2006,69562
Belgium,BEL,2007,77043
Belgium,BEL,2008,84223
Belgium,BEL,2009,103225
Belgium,BEL,2010,123683
Belgium,BEL,2011,102005
Belgium,BEL,2012,68898
Belgium,BEL,2013,52755
Belgium,BEL,2014,49836
Belgium,BEL,2015,65219
Belgium,BEL,2016,57375
Belgium,BEL,2017,43876
Belgium,BEL,2018,52025
Belgium,BEL,2019,62015
Belgium,BEL,2020,49479
Belgium,BEL,2021,30741
Belgium,BEL,2022,70971
Belgium,BEL,2023,71077
Belize,BLZ,1951,2052
Belize,BLZ,1952,2227
Belize,BLZ,1953,2165
Belize,BLZ,1954,2162
Belize,BLZ,1955,2176
Belize,BLZ,1956,2222
Belize,BLZ,1957,2267
Belize,BLZ,1958,2316
Belize,BLZ,1959,2336
Belize,BLZ,1960,2322
Belize,BLZ,1961,2316
Belize,BLZ,1962,2414
Belize,BLZ,1963,2655
Belize,BLZ,1964,2904
Belize,BLZ,1965,3070
Belize,BLZ,1966,3227
Belize,BLZ,1967,3375
Belize,BLZ,1968,3440
Belize,BLZ,1969,3321
Belize,BLZ,1970,2694
Belize,BLZ,1971,2074
Belize,BLZ,1972,1868
Belize,BLZ,1973,1773
Belize,BLZ,1974,1739
Belize,BLZ,1975,2203
Belize,BLZ,1976,2714
Belize,BLZ,1977,2787
Belize,BLZ,1978,2817
Belize,BLZ,1979,2972
Belize,BLZ,1980,3379
Belize,BLZ,1981,3730
Belize,BLZ,1982,3759
Belize,BLZ,1983,3749
Belize,BLZ,1984,3750
Belize,BLZ,1985,3752
Belize,BLZ,1986,3756
Belize,BLZ,1987,3781
Belize,BLZ,1988,3846
Belize,BLZ,1989,3929
Belize,BLZ,1990,3966
Belize,BLZ,1991,3966
Belize,BLZ,1992,3939
Belize,BLZ,1993,3921
Belize,BLZ,1994,4185
Belize,BLZ,1995,5064
Belize,BLZ,1996,6156
Belize,BLZ,1997,7138
Belize,BLZ,1998,7727
Belize,BLZ,1999,7880
Belize,BLZ,2000,7743
Belize,BLZ,2001,7584
Belize,BLZ,2002,7626
Belize,BLZ,2003,7775
Belize,BLZ,2004,7901
Belize,BLZ,2005,8052
Belize,BLZ,2006,8142
Belize,BLZ,2007,8228
Belize,BLZ,2008,8256
Belize,BLZ,2009,8246
Belize,BLZ,2010,7637
Belize,BLZ,2011,7050
Belize,BLZ,2012,7115
Belize,BLZ,2013,7214
Belize,BLZ,2014,7299
Belize,BLZ,2015,7407
Belize,BLZ,2016,8376
Belize,BLZ,2017,8498
Belize,BLZ,2018,7017
Belize,BLZ,2019,5601
Belize,BLZ,2020,4986
Belize,BLZ,2021,4536
Belize,BLZ,2022,7386
Belize,BLZ,2023,8371
Benin,BEN,1951,16834
Benin,BEN,1952,18470
Benin,BEN,1953,20425
Benin,BEN,1954,22581
Benin,BEN,1955,24867
Benin,BEN,1956,27241
Benin,BEN,1957,29880
Benin,BEN,1958,32657
Benin,BEN,1959,35490
Benin,BEN,1960,38368
Benin,BEN,1961,41940
Benin,BEN,1962,45438
Benin,BEN,1963,48244
Benin,BEN,1964,51094
Benin,BEN,1965,53931
Benin,BEN,1966,56385
Benin,BEN,1967,58679
Benin,BEN,1968,61261
Benin,BEN,1969,63969
Benin,BEN,1970,66831
Benin,BEN,1971,69707
Benin,BEN,1972,72781
Benin,BEN,1973,75951
Benin,BEN,1974,79129
Benin,BEN,1975,82777
Benin,BEN,1976,86792
Benin,BEN,1977,91002
Benin,BEN,1978,95108
Benin,BEN,1979,100228
Benin,BEN,1980,106722
Benin,BEN,1981,113050
Benin,BEN,1982,118285
Benin,BEN,1983,122388
Benin,BEN,1984,126921
Benin,BEN,1985,132115
Benin,BEN,1986,137404
Benin,BEN,1987,143066
Benin,BEN,1988,148856
Benin,BEN,1989,154316
Benin,BEN,1990,159823
Benin,BEN,1991,165453
Benin,BEN,1992,170912
Benin,BEN,1993,254860
Benin,BEN,1994,223803
Benin,BEN,1995,130265
Benin,BEN,1996,165086
Benin,BEN,1997,191514
Benin,BEN,1998,206117
Benin,BEN,1999,213326
Benin,BEN,2000,218800
Benin,BEN,2001,223981
Benin,BEN,2002,229831
Benin,BEN,2003,237644
Benin,BEN,2004,246024
Benin,BEN,2005,267047
Benin,BEN,2006,267098
Benin,BEN,2007,260730
Benin,BEN,2008,274495
Benin,BEN,2009,280963
Benin,BEN,2010,288057
Benin,BEN,2011,296138
Benin,BEN,2012,304033
Benin,BEN,2013,311172
Benin,BEN,2014,321177
Benin,BEN,2015,330673
Benin,BEN,2016,337164
Benin,BEN,2017,341932
Benin,BEN,2018,343572
Benin,BEN,2019,343411
Benin,BEN,2020,343409
Benin,BEN,2021,343254
Benin,BEN,2022,346084
Benin,BEN,2023,351528
Bermuda,BMU,1951,579
Bermuda,BMU,1952,538
Bermuda,BMU,1953,492
Bermuda,BMU,1954,515
Bermuda,BMU,1955,509
Bermuda,BMU,1956,486
Bermuda,BMU,1957,455
Bermuda,BMU,1958,414
Bermuda,BMU,1959,434
Bermuda,BMU,1960,568
Bermuda,BMU,1961,912
Bermuda,BMU,1962,1119
Bermuda,BMU,1963,1100
Bermuda,BMU,1964,1068
Bermuda,BMU,1965,1054
Bermuda,BMU,1966,1072
Bermuda,BMU,1967,979
Bermuda,BMU,1968,890
Bermuda,BMU,1969,905
Bermuda,BMU,1970,817
Bermuda,BMU,1971,481
Bermuda,BMU,1972,197
Bermuda,BMU,1973,138
Bermuda,BMU,1974,114
Bermuda,BMU,1975,71
Bermuda,BMU,1976,84
Bermuda,BMU,1977,114
Bermuda,BMU,1978,105
Bermuda,BMU,1979,87
Bermuda,BMU,1980,155
Bermuda,BMU,1981,327
Bermuda,BMU,1982,387
Bermuda,BMU,1983,395
Bermuda,BMU,1984,387
Bermuda,BMU,1985,380
Bermuda,BMU,1986,338
Bermuda,BMU,1987,378
Bermuda,BMU,1988,429
Bermuda,BMU,1989,435
Bermuda,BMU,1990,435
Bermuda,BMU,1991,423
Bermuda,BMU,1992,423
Bermuda,BMU,1993,404
Bermuda,BMU,1994,380
Bermuda,BMU,1995,335
Bermuda,BMU,1996,287
Bermuda,BMU,1997,358
Bermuda,BMU,1998,465
Bermuda,BMU,1999,483
Bermuda,BMU,2000,427
Bermuda,BMU,2001,318
Bermuda,BMU,2002,276
Bermuda,BMU,2003,242
Bermuda,BMU,2004,171
Bermuda,BMU,2005,154
Bermuda,BMU,2006,125
Bermuda,BMU,2007,175
Bermuda,BMU,2008,289
Bermuda,BMU,2009,268
Bermuda,BMU,2010,161
Bermuda,BMU,2011,5
Bermuda,BMU,2012,-88
Bermuda,BMU,2013,-72
Bermuda,BMU,2014,-42
Bermuda,BMU,2015,-69
Bermuda,BMU,2016,-16
Bermuda,BMU,2017,137
Bermuda,BMU,2018,249
Bermuda,BMU,2019,278
Bermuda,BMU,2020,274
Bermuda,BMU,2021,268
Bermuda,BMU,2022,100
Bermuda,BMU,2023,-51
Bhutan,BTN,1951,4624
Bhutan,BTN,1952,4777
Bhutan,BTN,1953,4953
Bhutan,BTN,1954,5122
Bhutan,BTN,1955,5292
Bhutan,BTN,1956,5486
Bhutan,BTN,1957,5668
Bhutan,BTN,1958,5853
Bhutan,BTN,1959,6061
Bhutan,BTN,1960,6271
Bhutan,BTN,1961,6519
Bhutan,BTN,1962,7031
Bhutan,BTN,1963,7520
Bhutan,BTN,1964,7829
Bhutan,BTN,1965,8213
Bhutan,BTN,1966,8620
Bhutan,BTN,1967,9025
Bhutan,BTN,1968,9465
Bhutan,BTN,1969,9900
Bhutan,BTN,1970,10316
Bhutan,BTN,1971,10683
Bhutan,BTN,1972,11046
Bhutan,BTN,1973,11448
Bhutan,BTN,1974,11835
Bhutan,BTN,1975,12252
Bhutan,BTN,1976,12699
Bhutan,BTN,1977,13150
Bhutan,BTN,1978,13607
Bhutan,BTN,1979,13952
Bhutan,BTN,1980,14204
Bhutan,BTN,1981,14439
Bhutan,BTN,1982,14644
Bhutan,BTN,1983,14978
Bhutan,BTN,1984,15321
Bhutan,BTN,1985,15605
Bhutan,BTN,1986,15928
Bhutan,BTN,1987,16243
Bhutan,BTN,1988,16432
Bhutan,BTN,1989,16591
Bhutan,BTN,1990,15702
Bhutan,BTN,1991,10494
Bhutan,BTN,1992,-22009
Bhutan,BTN,1993,-23100
Bhutan,BTN,1994,-171
Bhutan,BTN,1995,-6514
Bhutan,BTN,1996,797
Bhutan,BTN,1997,9906
Bhutan,BTN,1998,10741
Bhutan,BTN,1999,13150
Bhutan,BTN,2000,14282
Bhutan,BTN,2001,13930
Bhutan,BTN,2002,13616
Bhutan,BTN,2003,13250
Bhutan,BTN,2004,12892
Bhutan,BTN,2005,11316
Bhutan,BTN,2006,8928
Bhutan,BTN,2007,7840
Bhutan,BTN,2008,7716
Bhutan,BTN,2009,7635
Bhutan,BTN,2010,7644
Bhutan,BTN,2011,7749
Bhutan,BTN,2012,7901
Bhutan,BTN,2013,7994
Bhutan,BTN,2014,7869
Bhutan,BTN,2015,7472
Bhutan,BTN,2016,7255
Bhutan,BTN,2017,6465
Bhutan,BTN,2018,5423
Bhutan,BTN,2019,5064
Bhutan,BTN,2020,5183
Bhutan,BTN,2021,5437
Bhutan,BTN,2022,5471
Bhutan,BTN,2023,5465
Bolivia,BOL,1951,47324
Bolivia,BOL,1952,50239
Bolivia,BOL,1953,53429
Bolivia,BOL,1954,56874
Bolivia,BOL,1955,60164
Bolivia,BOL,1956,63339
Bolivia,BOL,1957,66221
Bolivia,BOL,1958,68989
Bolivia,BOL,1959,71635
Bolivia,BOL,1960,74134
Bolivia,BOL,1961,76412
Bolivia,BOL,1962,78760
Bolivia,BOL,1963,81419
Bolivia,BOL,1964,84095
Bolivia,BOL,1965,86791
Bolivia,BOL,1966,89755
Bolivia,BOL,1967,93019
Bolivia,BOL,1968,96372
Bolivia,BOL,1969,99285
Bolivia,BOL,1970,101777
Bolivia,BOL,1971,104343
Bolivia,BOL,1972,106634
Bolivia,BOL,1973,109215
Bolivia,BOL,1974,112280
Bolivia,BOL,1975,115060
Bolivia,BOL,1976,118957
Bolivia,BOL,1977,122672
Bolivia,BOL,1978,124962
Bolivia,BOL,1979,126722
Bolivia,BOL,1980,128052
Bolivia,BOL,1981,129209
Bolivia,BOL,1982,129977
Bolivia,BOL,1983,130975
Bolivia,BOL,1984,132802
Bolivia,BOL,1985,134325
Bolivia,BOL,1986,136288
Bolivia,BOL,1987,139687
Bolivia,BOL,1988,143339
Bolivia,BOL,1989,146264
Bolivia,BOL,1990,148372
Bolivia,BOL,1991,150151
Bolivia,BOL,1992,150043
Bolivia,BOL,1993,148859
Bolivia,BOL,1994,148124
Bolivia,BOL,1995,147356
Bolivia,BOL,1996,147066
Bolivia,BOL,1997,146169
Bolivia,BOL,1998,145489
Bolivia,BOL,1999,146410
Bolivia,BOL,2000,146520
Bolivia,BOL,2001,146410
Bolivia,BOL,2002,147618
Bolivia,BOL,2003,150345
Bolivia,BOL,2004,153594
Bolivia,BOL,2005,156461
Bolivia,BOL,2006,160927
Bolivia,BOL,2007,164275
Bolivia,BOL,2008,164899
Bolivia,BOL,2009,165420
Bolivia,BOL,2010,166066
Bolivia,BOL,2011,166586
Bolivia,BOL,2012,166883
Bolivia,BOL,2013,166798
Bolivia,BOL,2014,166277
Bolivia,BOL,2015,165818
Bolivia,BOL,2016,165313
Bolivia,BOL,2017,164571
Bolivia,BOL,2018,163779
Bolivia,BOL,2019,163016
Bolivia,BOL,2020,144915
Bolivia,BOL,2021,121068
Bolivia,BOL,2022,139787
Bolivia,BOL,2023,167005
Bonaire Sint Eustatius and Saba,BES,1951,29
Bonaire Sint Eustatius and Saba,BES,1952,89
Bonaire Sint Eustatius and Saba,BES,1953,108
Bonaire Sint Eustatius and Saba,BES,1954,211
Bonaire Sint Eustatius and Saba,BES,1955,168
Bonaire Sint Eustatius and Saba,BES,1956,10
Bonaire Sint Eustatius and Saba,BES,1957,15
Bonaire Sint Eustatius and Saba,BES,1958,46
Bonaire Sint Eustatius and Saba,BES,1959,62
Bonaire Sint Eustatius and Saba,BES,1960,92
Bonaire Sint Eustatius and Saba,BES,1961,130
Bonaire Sint Eustatius and Saba,BES,1962,139
Bonaire Sint Eustatius and Saba,BES,1963,164
Bonaire Sint Eustatius and Saba,BES,1964,186
Bonaire Sint Eustatius and Saba,BES,1965,205
Bonaire Sint Eustatius and Saba,BES,1966,216
Bonaire Sint Eustatius and Saba,BES,1967,236
Bonaire Sint Eustatius and Saba,BES,1968,239
Bonaire Sint Eustatius and Saba,BES,1969,257
Bonaire Sint Eustatius and Saba,BES,1970,260
Bonaire Sint Eustatius and Saba,BES,1971,263
Bonaire Sint Eustatius and Saba,BES,1972,229
Bonaire Sint Eustatius and Saba,BES,1973,181
Bonaire Sint Eustatius and Saba,BES,1974,157
Bonaire Sint Eustatius and Saba,BES,1975,163
Bonaire Sint Eustatius and Saba,BES,1976,179
Bonaire Sint Eustatius and Saba,BES,1977,185
Bonaire Sint Eustatius and Saba,BES,1978,195
Bonaire Sint Eustatius and Saba,BES,1979,184
Bonaire Sint Eustatius and Saba,BES,1980,183
Bonaire Sint Eustatius and Saba,BES,1981,158
Bonaire Sint Eustatius and Saba,BES,1982,116
Bonaire Sint Eustatius and Saba,BES,1983,99
Bonaire Sint Eustatius and Saba,BES,1984,107
Bonaire Sint Eustatius and Saba,BES,1985,107
Bonaire Sint Eustatius and Saba,BES,1986,103
Bonaire Sint Eustatius and Saba,BES,1987,107
Bonaire Sint Eustatius and Saba,BES,1988,113
Bonaire Sint Eustatius and Saba,BES,1989,116
Bonaire Sint Eustatius and Saba,BES,1990,128
Bonaire Sint Eustatius and Saba,BES,1991,112
Bonaire Sint Eustatius and Saba,BES,1992,116
Bonaire Sint Eustatius and Saba,BES,1993,111
Bonaire Sint Eustatius and Saba,BES,1994,110
Bonaire Sint Eustatius and Saba,BES,1995,124
Bonaire Sint Eustatius and Saba,BES,1996,139
Bonaire Sint Eustatius and Saba,BES,1997,142
Bonaire Sint Eustatius and Saba,BES,1998,147
Bonaire Sint Eustatius and Saba,BES,1999,142
Bonaire Sint Eustatius and Saba,BES,2000,155
Bonaire Sint Eustatius and Saba,BES,2001,270
Bonaire Sint Eustatius and Saba,BES,2002,507
Bonaire Sint Eustatius and Saba,BES,2003,633
Bonaire Sint Eustatius and Saba,BES,2004,664
Bonaire Sint Eustatius and Saba,BES,2005,672
Bonaire Sint Eustatius and Saba,BES,2006,699
Bonaire Sint Eustatius and Saba,BES,2007,707
Bonaire Sint Eustatius and Saba,BES,2008,710
Bonaire Sint Eustatius and Saba,BES,2009,729
Bonaire Sint Eustatius and Saba,BES,2010,736
Bonaire Sint Eustatius and Saba,BES,2011,1067
Bonaire Sint Eustatius and Saba,BES,2012,1197
Bonaire Sint Eustatius and Saba,BES,2013,988
Bonaire Sint Eustatius and Saba,BES,2014,656
Bonaire Sint Eustatius and Saba,BES,2015,147
Bonaire Sint Eustatius and Saba,BES,2016,-71
Bonaire Sint Eustatius and Saba,BES,2017,254
Bonaire Sint Eustatius and Saba,BES,2018,363
Bonaire Sint Eustatius and Saba,BES,2019,468
Bonaire Sint Eustatius and Saba,BES,2020,824
Bonaire Sint Eustatius and Saba,BES,2021,871
Bonaire Sint Eustatius and Saba,BES,2022,1307
Bonaire Sint Eustatius and Saba,BES,2023,1266
Bosnia and Herzegovina,BIH,1951,39838
Bosnia and Herzegovina,BIH,1952,44443
Bosnia and Herzegovina,BIH,1953,54541
Bosnia and Herzegovina,BIH,1954,60976
Bosnia and Herzegovina,BIH,1955,61967
Bosnia and Herzegovina,BIH,1956,63383
Bosnia and Herzegovina,BIH,1957,64387
Bosnia and Herzegovina,BIH,1958,65487
Bosnia and Herzegovina,BIH,1959,66940
Bosnia and Herzegovina,BIH,1960,69018
Bosnia and Herzegovina,BIH,1961,66651
Bosnia and Herzegovina,BIH,1962,59498
Bosnia and Herzegovina,BIH,1963,54405
Bosnia and Herzegovina,BIH,1964,51502
Bosnia and Herzegovina,BIH,1965,49401
Bosnia and Herzegovina,BIH,1966,47726
Bosnia and Herzegovina,BIH,1967,45657
Bosnia and Herzegovina,BIH,1968,42577
Bosnia and Herzegovina,BIH,1969,38965
Bosnia and Herzegovina,BIH,1970,35479
Bosnia and Herzegovina,BIH,1971,36140
Bosnia and Herzegovina,BIH,1972,38890
Bosnia and Herzegovina,BIH,1973,39096
Bosnia and Herzegovina,BIH,1974,39097
Bosnia and Herzegovina,BIH,1975,39278
Bosnia and Herzegovina,BIH,1976,38811
Bosnia and Herzegovina,BIH,1977,37576
Bosnia and Herzegovina,BIH,1978,36110
Bosnia and Herzegovina,BIH,1979,35056
Bosnia and Herzegovina,BIH,1980,35125
Bosnia and Herzegovina,BIH,1981,35793
Bosnia and Herzegovina,BIH,1982,36884
Bosnia and Herzegovina,BIH,1983,37632
Bosnia and Herzegovina,BIH,1984,36802
Bosnia and Herzegovina,BIH,1985,34824
Bosnia and Herzegovina,BIH,1986,31752
Bosnia and Herzegovina,BIH,1987,28134
Bosnia and Herzegovina,BIH,1988,24161
Bosnia and Herzegovina,BIH,1989,19576
Bosnia and Herzegovina,BIH,1990,14673
Bosnia and Herzegovina,BIH,1991,9692
Bosnia and Herzegovina,BIH,1992,-223730
Bosnia and Herzegovina,BIH,1993,-330136
Bosnia and Herzegovina,BIH,1994,-179072
Bosnia and Herzegovina,BIH,1995,-9847
Bosnia and Herzegovina,BIH,1996,159681
Bosnia and Herzegovina,BIH,1997,142982
Bosnia and Herzegovina,BIH,1998,71129
Bosnia and Herzegovina,BIH,1999,40955
Bosnia and Herzegovina,BIH,2000,29473
Bosnia and Herzegovina,BIH,2001,19661
Bosnia and Herzegovina,BIH,2002,8560
Bosnia and Herzegovina,BIH,2003,-9483
Bosnia and Herzegovina,BIH,2004,-37533
Bosnia and Herzegovina,BIH,2005,-44497
Bosnia and Herzegovina,BIH,2006,-33224
Bosnia and Herzegovina,BIH,2007,-49849
Bosnia and Herzegovina,BIH,2008,-65875
Bosnia and Herzegovina,BIH,2009,-67747
Bosnia and Herzegovina,BIH,2010,-68318
Bosnia and Herzegovina,BIH,2011,-69681
Bosnia and Herzegovina,BIH,2012,-71690
Bosnia and Herzegovina,BIH,2013,-59252
Bosnia and Herzegovina,BIH,2014,-46026
Bosnia and Herzegovina,BIH,2015,-46290
Bosnia and Herzegovina,BIH,2016,-45544
Bosnia and Herzegovina,BIH,2017,-44313
Bosnia and Herzegovina,BIH,2018,-41685
Bosnia and Herzegovina,BIH,2019,-41467
Bosnia and Herzegovina,BIH,2020,-46180
Bosnia and Herzegovina,BIH,2021,-54440
Bosnia and Herzegovina,BIH,2022,-40110
Bosnia and Herzegovina,BIH,2023,-19730
Botswana,BWA,1951,9860
Botswana,BWA,1952,10151
Botswana,BWA,1953,10260
Botswana,BWA,1954,10072
Botswana,BWA,1955,9884
Botswana,BWA,1956,9850
Botswana,BWA,1957,10013
Botswana,BWA,1958,10314
Botswana,BWA,1959,10771
Botswana,BWA,1960,11291
Botswana,BWA,1961,11778
Botswana,BWA,1962,12237
Botswana,BWA,1963,12788
Botswana,BWA,1964,13305
Botswana,BWA,1965,8388
Botswana,BWA,1966,3206
Botswana,BWA,1967,3062
Botswana,BWA,1968,3036
Botswana,BWA,1969,3104
Botswana,BWA,1970,3260
Botswana,BWA,1971,10150
Botswana,BWA,1972,21928
Botswana,BWA,1973,30004
Botswana,BWA,1974,33035
Botswana,BWA,1975,34934
Botswana,BWA,1976,38125
Botswana,BWA,1977,41073
Botswana,BWA,1978,49659
Botswana,BWA,1979,52508
Botswana,BWA,1980,35739
Botswana,BWA,1981,32510
Botswana,BWA,1982,39270
Botswana,BWA,1983,36875
Botswana,BWA,1984,37517
Botswana,BWA,1985,38289
Botswana,BWA,1986,38701
Botswana,BWA,1987,38525
Botswana,BWA,1988,36308
Botswana,BWA,1989,34791
Botswana,BWA,1990,35420
Botswana,BWA,1991,36068
Botswana,BWA,1992,38271
Botswana,BWA,1993,40082
Botswana,BWA,1994,39910
Botswana,BWA,1995,38812
Botswana,BWA,1996,37075
Botswana,BWA,1997,35783
Botswana,BWA,1998,35206
Botswana,BWA,1999,35100
Botswana,BWA,2000,35378
Botswana,BWA,2001,34880
Botswana,BWA,2002,32501
Botswana,BWA,2003,30979
Botswana,BWA,2004,31409
Botswana,BWA,2005,32728
Botswana,BWA,2006,34645
Botswana,BWA,2007,36674
Botswana,BWA,2008,38773
Botswana,BWA,2009,40698
Botswana,BWA,2010,42439
Botswana,BWA,2011,40428
Botswana,BWA,2012,35079
Botswana,BWA,2013,32070
Botswana,BWA,2014,31366
Botswana,BWA,2015,31223
Botswana,BWA,2016,31508
Botswana,BWA,2017,31965
Botswana,BWA,2018,32400
Botswana,BWA,2019,32933
Botswana,BWA,2020,33813
Botswana,BWA,2021,35553
Botswana,BWA,2022,38447
Botswana,BWA,2023,40347
Brazil,BRA,1951,1610298
Brazil,BRA,1952,1676023
Brazil,BRA,1953,1738884
Brazil,BRA,1954,1801369
Brazil,BRA,1955,1866268
Brazil,BRA,1956,1932604
Brazil,BRA,1957,1997501
Brazil,BRA,1958,2060650
Brazil,BRA,1959,2122322
Brazil,BRA,1960,2173654
Brazil,BRA,1961,2217318
Brazil,BRA,1962,2259880
Brazil,BRA,1963,2298915
Brazil,BRA,1964,2324361
Brazil,BRA,1965,2328988
Brazil,BRA,1966,2321770
Brazil,BRA,1967,2306763
Brazil,BRA,1968,2295124
Brazil,BRA,1969,2304525
Brazil,BRA,1970,2329888
Brazil,BRA,1971,2363624
Brazil,BRA,1972,2407514
Brazil,BRA,1973,2454176
Brazil,BRA,1974,2488705
Brazil,BRA,1975,2529892
Brazil,BRA,1976,2593786
Brazil,BRA,1977,2661934
Brazil,BRA,1978,2725656
Brazil,BRA,1979,2779876
Brazil,BRA,1980,2826632
Brazil,BRA,1981,2855662
Brazil,BRA,1982,2860043
Brazil,BRA,1983,2866925
Brazil,BRA,1984,2868780
Brazil,BRA,1985,2856732
Brazil,BRA,1986,2820778
Brazil,BRA,1987,2768575
Brazil,BRA,1988,2721411
Brazil,BRA,1989,2676618
Brazil,BRA,1990,2640248
Brazil,BRA,1991,2581030
Brazil,BRA,1992,2550824
Brazil,BRA,1993,2519497
Brazil,BRA,1994,2470437
Brazil,BRA,1995,2470068
Brazil,BRA,1996,2467470
Brazil,BRA,1997,2459113
Brazil,BRA,1998,2497989
Brazil,BRA,1999,2481893
Brazil,BRA,2000,2376734
Brazil,BRA,2001,2282923
Brazil,BRA,2002,2202284
Brazil,BRA,2003,2119203
Brazil,BRA,2004,2052456
Brazil,BRA,2005,2012957
Brazil,BRA,2006,1964998
Brazil,BRA,2007,1899212
Brazil,BRA,2008,1814986
Brazil,BRA,2009,1712661
Brazil,BRA,2010,1621973
Brazil,BRA,2011,1582805
Brazil,BRA,2012,1591377
Brazil,BRA,2013,1602177
Brazil,BRA,2014,1606836
Brazil,BRA,2015,1590408
Brazil,BRA,2016,1542574
Brazil,BRA,2017,1485332
Brazil,BRA,2018,1403825
Brazil,BRA,2019,1348194
Brazil,BRA,2020,1205386
Brazil,BRA,2021,889446
Brazil,BRA,2022,756120
Brazil,BRA,2023,834320
British Virgin Islands,VGB,1951,13
British Virgin Islands,VGB,1952,-12
British Virgin Islands,VGB,1953,12
British Virgin Islands,VGB,1954,59
British Virgin Islands,VGB,1955,47
British Virgin Islands,VGB,1956,41
British Virgin Islands,VGB,1957,58
British Virgin Islands,VGB,1958,87
British Virgin Islands,VGB,1959,130
British Virgin Islands,VGB,1960,142
British Virgin Islands,VGB,1961,85
British Virgin Islands,VGB,1962,34
British Virgin Islands,VGB,1963,43
British Virgin Islands,VGB,1964,56
British Virgin Islands,VGB,1965,91
British Virgin Islands,VGB,1966,155
British Virgin Islands,VGB,1967,233
British Virgin Islands,VGB,1968,352
British Virgin Islands,VGB,1969,531
British Virgin Islands,VGB,1970,413
British Virgin Islands,VGB,1971,150
British Virgin Islands,VGB,1972,139
British Virgin Islands,VGB,1973,132
British Virgin Islands,VGB,1974,133
British Virgin Islands,VGB,1975,106
British Virgin Islands,VGB,1976,106
British Virgin Islands,VGB,1977,90
British Virgin Islands,VGB,1978,81
British Virgin Islands,VGB,1979,82
British Virgin Islands,VGB,1980,162
British Virgin Islands,VGB,1981,351
British Virgin Islands,VGB,1982,445
British Virgin Islands,VGB,1983,444
British Virgin Islands,VGB,1984,456
British Virgin Islands,VGB,1985,447
British Virgin Islands,VGB,1986,458
British Virgin Islands,VGB,1987,464
British Virgin Islands,VGB,1988,491
British Virgin Islands,VGB,1989,497
British Virgin Islands,VGB,1990,526
British Virgin Islands,VGB,1991,481
British Virgin Islands,VGB,1992,407
British Virgin Islands,VGB,1993,393
British Virgin Islands,VGB,1994,422
British Virgin Islands,VGB,1995,433
British Virgin Islands,VGB,1996,445
British Virgin Islands,VGB,1997,475
British Virgin Islands,VGB,1998,479
British Virgin Islands,VGB,1999,493
British Virgin Islands,VGB,2000,511
British Virgin Islands,VGB,2001,559
British Virgin Islands,VGB,2002,629
British Virgin Islands,VGB,2003,701
British Virgin Islands,VGB,2004,750
British Virgin Islands,VGB,2005,788
British Virgin Islands,VGB,2006,826
British Virgin Islands,VGB,2007,872
British Virgin Islands,VGB,2008,917
British Virgin Islands,VGB,2009,932
British Virgin Islands,VGB,2010,458
British Virgin Islands,VGB,2011,1035
British Virgin Islands,VGB,2012,1636
British Virgin Islands,VGB,2013,1358
British Virgin Islands,VGB,2014,1261
British Virgin Islands,VGB,2015,1535
British Virgin Islands,VGB,2016,-619
British Virgin Islands,VGB,2017,-1180
British Virgin Islands,VGB,2018,1958
British Virgin Islands,VGB,2019,1741
British Virgin Islands,VGB,2020,738
British Virgin Islands,VGB,2021,672
British Virgin Islands,VGB,2022,513
British Virgin Islands,VGB,2023,663
Brunei,BRN,1951,2897
Brunei,BRN,1952,3039
Brunei,BRN,1953,3330
Brunei,BRN,1954,3645
Brunei,BRN,1955,4001
Brunei,BRN,1956,4340
Brunei,BRN,1957,4615
Brunei,BRN,1958,4806
Brunei,BRN,1959,4871
Brunei,BRN,1960,4499
Brunei,BRN,1961,4170
Brunei,BRN,1962,4208
Brunei,BRN,1963,4434
Brunei,BRN,1964,4765
Brunei,BRN,1965,4920
Brunei,BRN,1966,5034
Brunei,BRN,1967,5146
Brunei,BRN,1968,5201
Brunei,BRN,1969,5219
Brunei,BRN,1970,3701
Brunei,BRN,1971,2774
Brunei,BRN,1972,4266
Brunei,BRN,1973,5184
Brunei,BRN,1974,5288
Brunei,BRN,1975,5412
Brunei,BRN,1976,5540
Brunei,BRN,1977,5666
Brunei,BRN,1978,5615
Brunei,BRN,1979,5528
Brunei,BRN,1980,5691
Brunei,BRN,1981,5869
Brunei,BRN,1982,6187
Brunei,BRN,1983,6577
Brunei,BRN,1984,6919
Brunei,BRN,1985,7255
Brunei,BRN,1986,7582
Brunei,BRN,1987,7366
Brunei,BRN,1988,7052
Brunei,BRN,1989,7149
Brunei,BRN,1990,7230
Brunei,BRN,1991,7297
Brunei,BRN,1992,7244
Brunei,BRN,1993,7130
Brunei,BRN,1994,7120
Brunei,BRN,1995,7109
Brunei,BRN,1996,7076
Brunei,BRN,1997,7074
Brunei,BRN,1998,7041
Brunei,BRN,1999,7014
Brunei,BRN,2000,7017
Brunei,BRN,2001,6924
Brunei,BRN,2002,6755
Brunei,BRN,2003,6542
Brunei,BRN,2004,6271
Brunei,BRN,2005,6009
Brunei,BRN,2006,5740
Brunei,BRN,2007,6213
Brunei,BRN,2008,6917
Brunei,BRN,2009,7165
Brunei,BRN,2010,7375
Brunei,BRN,2011,7055
Brunei,BRN,2012,6169
Brunei,BRN,2013,5641
Brunei,BRN,2014,5552
Brunei,BRN,2015,5466
Brunei,BRN,2016,5348
Brunei,BRN,2017,5216
Brunei,BRN,2018,5024
Brunei,BRN,2019,4879
Brunei,BRN,2020,4721
Brunei,BRN,2021,4311
Brunei,BRN,2022,3652
Brunei,BRN,2023,3585
Bulgaria,BGR,1951,65917
Bulgaria,BGR,1952,47532
Bulgaria,BGR,1953,53964
Bulgaria,BGR,1954,60344
Bulgaria,BGR,1955,57391
Bulgaria,BGR,1956,53508
Bulgaria,BGR,1957,62378
Bulgaria,BGR,1958,75350
Bulgaria,BGR,1959,69283
Bulgaria,BGR,1960,68759
Bulgaria,BGR,1961,75373
Bulgaria,BGR,1962,70020
Bulgaria,BGR,1963,65403
Bulgaria,BGR,1964,66343
Bulgaria,BGR,1965,62343
Bulgaria,BGR,1966,56370
Bulgaria,BGR,1967,52340
Bulgaria,BGR,1968,59518
Bulgaria,BGR,1969,64628
Bulgaria,BGR,1970,55549
Bulgaria,BGR,1971,48078
Bulgaria,BGR,1972,41012
Bulgaria,BGR,1973,44887
Bulgaria,BGR,1974,57951
Bulgaria,BGR,1975,40395
Bulgaria,BGR,1976,36288
Bulgaria,BGR,1977,45257
Bulgaria,BGR,1978,9052
Bulgaria,BGR,1979,11252
Bulgaria,BGR,1980,34545
Bulgaria,BGR,1981,28264
Bulgaria,BGR,1982,24935
Bulgaria,BGR,1983,20590
Bulgaria,BGR,1984,19280
Bulgaria,BGR,1985,6247
Bulgaria,BGR,1986,4618
Bulgaria,BGR,1987,12733
Bulgaria,BGR,1988,9515
Bulgaria,BGR,1989,-49335
Bulgaria,BGR,1990,-114020
Bulgaria,BGR,1991,-126568
Bulgaria,BGR,1992,-136707
Bulgaria,BGR,1993,-92558
Bulgaria,BGR,1994,-49609
Bulgaria,BGR,1995,-59348
Bulgaria,BGR,1996,-66174
Bulgaria,BGR,1997,-74301
Bulgaria,BGR,1998,-78908
Bulgaria,BGR,1999,-70729
Bulgaria,BGR,2000,-66945
Bulgaria,BGR,2001,-72064
Bulgaria,BGR,2002,-66506
Bulgaria,BGR,2003,-57544
Bulgaria,BGR,2004,-54975
Bulgaria,BGR,2005,-54383
Bulgaria,BGR,2006,-54755
Bulgaria,BGR,2007,-53396
Bulgaria,BGR,2008,-51307
Bulgaria,BGR,2009,-47573
Bulgaria,BGR,2010,-50422
Bulgaria,BGR,2011,-57571
Bulgaria,BGR,2012,-63003
Bulgaria,BGR,2013,-52415
Bulgaria,BGR,2014,-41155
Bulgaria,BGR,2015,-45935
Bulgaria,BGR,2016,-50079
Bulgaria,BGR,2017,-51794
Bulgaria,BGR,2018,-50897
Bulgaria,BGR,2019,-49279
Bulgaria,BGR,2020,-41810
Bulgaria,BGR,2021,-56434
Bulgaria,BGR,2022,-51360
Bulgaria,BGR,2023,-30057
Burkina Faso,BFA,1951,47239
Burkina Faso,BFA,1952,49962
Burkina Faso,BFA,1953,50969
Burkina Faso,BFA,1954,52556
Burkina Faso,BFA,1955,55173
Burkina Faso,BFA,1956,57606
Burkina Faso,BFA,1957,59913
Burkina Faso,BFA,1958,60717
Burkina Faso,BFA,1959,63561
Burkina Faso,BFA,1960,67778
Burkina Faso,BFA,1961,69596
Burkina Faso,BFA,1962,71451
Burkina Faso,BFA,1963,73946
Burkina Faso,BFA,1964,77421
Burkina Faso,BFA,1965,81794
Burkina Faso,BFA,1966,85105
Burkina Faso,BFA,1967,88410
Burkina Faso,BFA,1968,92295
Burkina Faso,BFA,1969,94535
Burkina Faso,BFA,1970,97128
Burkina Faso,BFA,1971,97695
Burkina Faso,BFA,1972,99236
Burkina Faso,BFA,1973,104688
Burkina Faso,BFA,1974,112979
Burkina Faso,BFA,1975,122670
Burkina Faso,BFA,1976,133063
Burkina Faso,BFA,1977,148101
Burkina Faso,BFA,1978,162248
Burkina Faso,BFA,1979,172915
Burkina Faso,BFA,1980,183998
Burkina Faso,BFA,1981,192370
Burkina Faso,BFA,1982,199929
Burkina Faso,BFA,1983,210937
Burkina Faso,BFA,1984,221124
Burkina Faso,BFA,1985,227675
Burkina Faso,BFA,1986,228912
Burkina Faso,BFA,1987,228265
Burkina Faso,BFA,1988,230329
Burkina Faso,BFA,1989,233737
Burkina Faso,BFA,1990,238180
Burkina Faso,BFA,1991,235273
Burkina Faso,BFA,1992,234649
Burkina Faso,BFA,1993,242435
Burkina Faso,BFA,1994,252092
Burkina Faso,BFA,1995,262916
Burkina Faso,BFA,1996,269220
Burkina Faso,BFA,1997,278279
Burkina Faso,BFA,1998,306446
Burkina Faso,BFA,1999,334262
Burkina Faso,BFA,2000,350618
Burkina Faso,BFA,2001,369448
Burkina Faso,BFA,2002,385908
Burkina Faso,BFA,2003,401626
Burkina Faso,BFA,2004,418006
Burkina Faso,BFA,2005,431591
Burkina Faso,BFA,2006,441586
Burkina Faso,BFA,2007,442600
Burkina Faso,BFA,2008,441790
Burkina Faso,BFA,2009,451964
Burkina Faso,BFA,2010,466436
Burkina Faso,BFA,2011,485404
Burkina Faso,BFA,2012,510377
Burkina Faso,BFA,2013,523127
Burkina Faso,BFA,2014,534055
Burkina Faso,BFA,2015,548022
Burkina Faso,BFA,2016,557366
Burkina Faso,BFA,2017,559559
Burkina Faso,BFA,2018,543876
Burkina Faso,BFA,2019,523667
Burkina Faso,BFA,2020,516735
Burkina Faso,BFA,2021,516558
Burkina Faso,BFA,2022,513789
Burkina Faso,BFA,2023,516739
Burundi,BDI,1951,50807
Burundi,BDI,1952,50058
Burundi,BDI,1953,49382
Burundi,BDI,1954,49404
Burundi,BDI,1955,50065
Burundi,BDI,1956,50654
Burundi,BDI,1957,51172
Burundi,BDI,1958,50932
Burundi,BDI,1959,52188
Burundi,BDI,1960,54661
Burundi,BDI,1961,70857
Burundi,BDI,1962,72823
Burundi,BDI,1963,61899
Burundi,BDI,1964,85812
Burundi,BDI,1965,85715
Burundi,BDI,1966,76591
Burundi,BDI,1967,82737
Burundi,BDI,1968,79690
Burundi,BDI,1969,74209
Burundi,BDI,1970,75833
Burundi,BDI,1971,86864
Burundi,BDI,1972,-161
Burundi,BDI,1973,-5140
Burundi,BDI,1974,91610
Burundi,BDI,1975,93013
Burundi,BDI,1976,86009
Burundi,BDI,1977,100959
Burundi,BDI,1978,116757
Burundi,BDI,1979,103191
Burundi,BDI,1980,180180
Burundi,BDI,1981,182304
Burundi,BDI,1982,115380
Burundi,BDI,1983,127133
Burundi,BDI,1984,117947
Burundi,BDI,1985,107566
Burundi,BDI,1986,95380
Burundi,BDI,1987,118367
Burundi,BDI,1988,117542
Burundi,BDI,1989,106374
Burundi,BDI,1990,115345
Burundi,BDI,1991,116809
Burundi,BDI,1992,154545
Burundi,BDI,1993,-181558
Burundi,BDI,1994,37009
Burundi,BDI,1995,352463
Burundi,BDI,1996,4191
Burundi,BDI,1997,-472
Burundi,BDI,1998,117076
Burundi,BDI,1999,150041
Burundi,BDI,2000,133041
Burundi,BDI,2001,164172
Burundi,BDI,2002,189771
Burundi,BDI,2003,219019
Burundi,BDI,2004,267498
Burundi,BDI,2005,276647
Burundi,BDI,2006,278242
Burundi,BDI,2007,296334
Burundi,BDI,2008,343764
Burundi,BDI,2009,442010
Burundi,BDI,2010,428795
Burundi,BDI,2011,341532
Burundi,BDI,2012,353053
Burundi,BDI,2013,368313
Burundi,BDI,2014,360443
Burundi,BDI,2015,247792
Burundi,BDI,2016,191878
Burundi,BDI,2017,267305
Burundi,BDI,2018,352680
Burundi,BDI,2019,395895
Burundi,BDI,2020,361702
Burundi,BDI,2021,348446
Burundi,BDI,2022,355615
Burundi,BDI,2023,368353
Cambodia,KHM,1951,100442
Cambodia,KHM,1952,102271
Cambodia,KHM,1953,102493
Cambodia,KHM,1954,103374
Cambodia,KHM,1955,106543
Cambodia,KHM,1956,109108
Cambodia,KHM,1957,110952
Cambodia,KHM,1958,110402
Cambodia,KHM,1959,112096
Cambodia,KHM,1960,117031
Cambodia,KHM,1961,121210
Cambodia,KHM,1962,126385
Cambodia,KHM,1963,125453
Cambodia,KHM,1964,123174
Cambodia,KHM,1965,126102
Cambodia,KHM,1966,128947
Cambodia,KHM,1967,131711
Cambodia,KHM,1968,134377
Cambodia,KHM,1969,137408
Cambodia,KHM,1970,34456
Cambodia,KHM,1971,-18307
Cambodia,KHM,1972,53010
Cambodia,KHM,1973,65847
Cambodia,KHM,1974,43514
Cambodia,KHM,1975,-201878
Cambodia,KHM,1976,-446384
Cambodia,KHM,1977,-466428
Cambodia,KHM,1978,-456907
Cambodia,KHM,1979,-122842
Cambodia,KHM,1980,111062
Cambodia,KHM,1981,84619
Cambodia,KHM,1982,151943
Cambodia,KHM,1983,199770
Cambodia,KHM,1984,208909
Cambodia,KHM,1985,198667
Cambodia,KHM,1986,241917
Cambodia,KHM,1987,272272
Cambodia,KHM,1988,254041
Cambodia,KHM,1989,261460
Cambodia,KHM,1990,301282
Cambodia,KHM,1991,312103
Cambodia,KHM,1992,426228
Cambodia,KHM,1993,503298
Cambodia,KHM,1994,622777
Cambodia,KHM,1995,779340
Cambodia,KHM,1996,782768
Cambodia,KHM,1997,769718
Cambodia,KHM,1998,487194
Cambodia,KHM,1999,207554
Cambodia,KHM,2000,196609
Cambodia,KHM,2001,196143
Cambodia,KHM,2002,196763
Cambodia,KHM,2003,195728
Cambodia,KHM,2004,193760
Cambodia,KHM,2005,194466
Cambodia,KHM,2006,199829
Cambodia,KHM,2007,202741
Cambodia,KHM,2008,211706
Cambodia,KHM,2009,223340
Cambodia,KHM,2010,223911
Cambodia,KHM,2011,221857
Cambodia,KHM,2012,222503
Cambodia,KHM,2013,225120
Cambodia,KHM,2014,226561
Cambodia,KHM,2015,226482
Cambodia,KHM,2016,229549
Cambodia,KHM,2017,220572
Cambodia,KHM,2018,201148
Cambodia,KHM,2019,206783
Cambodia,KHM,2020,244179
Cambodia,KHM,2021,248825
Cambodia,KHM,2022,227412
Cambodia,KHM,2023,222163
Cameroon,CMR,1951,65277
Cameroon,CMR,1952,69353
Cameroon,CMR,1953,73728
Cameroon,CMR,1954,78443
Cameroon,CMR,1955,83378
Cameroon,CMR,1956,88074
Cameroon,CMR,1957,90594
Cameroon,CMR,1958,93285
Cameroon,CMR,1959,97852
Cameroon,CMR,1960,88987
Cameroon,CMR,1961,80222
Cameroon,CMR,1962,99345
Cameroon,CMR,1963,117989
Cameroon,CMR,1964,121646
Cameroon,CMR,1965,126427
Cameroon,CMR,1966,132612
Cameroon,CMR,1967,140015
Cameroon,CMR,1968,148545
Cameroon,CMR,1969,157610
Cameroon,CMR,1970,166325
Cameroon,CMR,1971,174620
Cameroon,CMR,1972,182458
Cameroon,CMR,1973,189788
Cameroon,CMR,1974,196928
Cameroon,CMR,1975,203537
Cameroon,CMR,1976,200836
Cameroon,CMR,1977,198548
Cameroon,CMR,1978,215407
Cameroon,CMR,1979,227725
Cameroon,CMR,1980,272575
Cameroon,CMR,1981,304160
Cameroon,CMR,1982,212299
Cameroon,CMR,1983,186719
Cameroon,CMR,1984,259690
Cameroon,CMR,1985,286643
Cameroon,CMR,1986,298614
Cameroon,CMR,1987,310411
Cameroon,CMR,1988,314219
Cameroon,CMR,1989,317777
Cameroon,CMR,1990,329078
Cameroon,CMR,1991,335359
Cameroon,CMR,1992,339176
Cameroon,CMR,1993,346769
Cameroon,CMR,1994,351769
Cameroon,CMR,1995,353617
Cameroon,CMR,1996,356244
Cameroon,CMR,1997,360455
Cameroon,CMR,1998,369641
Cameroon,CMR,1999,380288
Cameroon,CMR,2000,387487
Cameroon,CMR,2001,396857
Cameroon,CMR,2002,416045
Cameroon,CMR,2003,434806
Cameroon,CMR,2004,450145
Cameroon,CMR,2005,464114
Cameroon,CMR,2006,475804
Cameroon,CMR,2007,499494
Cameroon,CMR,2008,524155
Cameroon,CMR,2009,539926
Cameroon,CMR,2010,554085
Cameroon,CMR,2011,564249
Cameroon,CMR,2012,577218
Cameroon,CMR,2013,592849
Cameroon,CMR,2014,657515
Cameroon,CMR,2015,703524
Cameroon,CMR,2016,690747
Cameroon,CMR,2017,674444
Cameroon,CMR,2018,677768
Cameroon,CMR,2019,699718
Cameroon,CMR,2020,704471
Cameroon,CMR,2021,705199
Cameroon,CMR,2022,717005
Cameroon,CMR,2023,739920
Canada,CAN,1951,341558
Canada,CAN,1952,399501
Canada,CAN,1953,415078
Canada,CAN,1954,421110
Canada,CAN,1955,409294
Canada,CAN,1956,431340
Canada,CAN,1957,481708
Canada,CAN,1958,462762
Canada,CAN,1959,411431
Canada,CAN,1960,383271
Canada,CAN,1961,364285
Canada,CAN,1962,350519
Canada,CAN,1963,350661
Canada,CAN,1964,357412
Canada,CAN,1965,363847
Canada,CAN,1966,368150
Canada,CAN,1967,355109
Canada,CAN,1968,325397
Canada,CAN,1969,303447
Canada,CAN,1970,402402
Canada,CAN,1971,455672
Canada,CAN,1972,335182
Canada,CAN,1973,281353
Canada,CAN,1974,311856
Canada,CAN,1975,324896
Canada,CAN,1976,306802
Canada,CAN,1977,274558
Canada,CAN,1978,248401
Canada,CAN,1979,258431
Canada,CAN,1980,296606
Canada,CAN,1981,311198
Canada,CAN,1982,295187
Canada,CAN,1983,272441
Canada,CAN,1984,257771
Canada,CAN,1985,257087
Canada,CAN,1986,283573
Canada,CAN,1987,329877
Canada,CAN,1988,387025
Canada,CAN,1989,438108
Canada,CAN,1990,423391
Canada,CAN,1991,367717
Canada,CAN,1992,342912
Canada,CAN,1993,330569
Canada,CAN,1994,316748
Canada,CAN,1995,311755
Canada,CAN,1996,308072
Canada,CAN,1997,291878
Canada,CAN,1998,270883
Canada,CAN,1999,269487
Canada,CAN,2000,292342
Canada,CAN,2001,321778
Canada,CAN,2002,322001
Canada,CAN,2003,300904
Canada,CAN,2004,296197
Canada,CAN,2005,307492
Canada,CAN,2006,319002
Canada,CAN,2007,332997
Canada,CAN,2008,356917
Canada,CAN,2009,377282
Canada,CAN,2010,370530
Canada,CAN,2011,358549
Canada,CAN,2012,367064
Canada,CAN,2013,370908
Canada,CAN,2014,340844
Canada,CAN,2015,327971
Canada,CAN,2016,391109
Canada,CAN,2017,455153
Canada,CAN,2018,486498
Canada,CAN,2019,487938
Canada,CAN,2020,388969
Canada,CAN,2021,282155
Canada,CAN,2022,367201
Canada,CAN,2023,477839
Cape Verde,CPV,1951,2222
Cape Verde,CPV,1952,2237
Cape Verde,CPV,1953,2115
Cape Verde,CPV,1954,1997
Cape Verde,CPV,1955,2065
Cape Verde,CPV,1956,2234
Cape Verde,CPV,1957,2444
Cape Verde,CPV,1958,2800
Cape Verde,CPV,1959,3267
Cape Verde,CPV,1960,3667
Cape Verde,CPV,1961,5061
Cape Verde,CPV,1962,6835
Cape Verde,CPV,1963,7456
Cape Verde,CPV,1964,7631
Cape Verde,CPV,1965,7851
Cape Verde,CPV,1966,8121
Cape Verde,CPV,1967,8420
Cape Verde,CPV,1968,8763
Cape Verde,CPV,1969,9082
Cape Verde,CPV,1970,8641
Cape Verde,CPV,1971,6157
Cape Verde,CPV,1972,3336
Cape Verde,CPV,1973,2502
Cape Verde,CPV,1974,2688
Cape Verde,CPV,1975,3275
Cape Verde,CPV,1976,3609
Cape Verde,CPV,1977,3381
Cape Verde,CPV,1978,3320
Cape Verde,CPV,1979,3322
Cape Verde,CPV,1980,3825
Cape Verde,CPV,1981,4549
Cape Verde,CPV,1982,4870
Cape Verde,CPV,1983,4932
Cape Verde,CPV,1984,4850
Cape Verde,CPV,1985,4859
Cape Verde,CPV,1986,4951
Cape Verde,CPV,1987,4987
Cape Verde,CPV,1988,5031
Cape Verde,CPV,1989,5481
Cape Verde,CPV,1990,7617
Cape Verde,CPV,1991,9166
Cape Verde,CPV,1992,8823
Cape Verde,CPV,1993,8551
Cape Verde,CPV,1994,8253
Cape Verde,CPV,1995,7886
Cape Verde,CPV,1996,7476
Cape Verde,CPV,1997,7211
Cape Verde,CPV,1998,6986
Cape Verde,CPV,1999,6739
Cape Verde,CPV,2000,6807
Cape Verde,CPV,2001,6965
Cape Verde,CPV,2002,6756
Cape Verde,CPV,2003,6328
Cape Verde,CPV,2004,5993
Cape Verde,CPV,2005,5751
Cape Verde,CPV,2006,5600
Cape Verde,CPV,2007,5468
Cape Verde,CPV,2008,5166
Cape Verde,CPV,2009,4786
Cape Verde,CPV,2010,3645
Cape Verde,CPV,2011,1660
Cape Verde,CPV,2012,513
Cape Verde,CPV,2013,265
Cape Verde,CPV,2014,103
Cape Verde,CPV,2015,71
Cape Verde,CPV,2016,151
Cape Verde,CPV,2017,343
Cape Verde,CPV,2018,519
Cape Verde,CPV,2019,698
Cape Verde,CPV,2020,567
Cape Verde,CPV,2021,1972
Cape Verde,CPV,2022,3095
Cape Verde,CPV,2023,2585
Cayman Islands,CYM,1951,134
Cayman Islands,CYM,1952,125
Cayman Islands,CYM,1953,145
Cayman Islands,CYM,1954,148
Cayman Islands,CYM,1955,144
Cayman Islands,CYM,1956,147
Cayman Islands,CYM,1957,146
Cayman Islands,CYM,1958,144
Cayman Islands,CYM,1959,137
Cayman Islands,CYM,1960,157
Cayman Islands,CYM,1961,171
Cayman Islands,CYM,1962,182
Cayman Islands,CYM,1963,190
Cayman Islands,CYM,1964,198
Cayman Islands,CYM,1965,189
Cayman Islands,CYM,1966,206
Cayman Islands,CYM,1967,207
Cayman Islands,CYM,1968,201
Cayman Islands,CYM,1969,193
Cayman Islands,CYM,1970,355
Cayman Islands,CYM,1971,578
Cayman Islands,CYM,1972,667
Cayman Islands,CYM,1973,674
Cayman Islands,CYM,1974,675
Cayman Islands,CYM,1975,676
Cayman Islands,CYM,1976,666
Cayman Islands,CYM,1977,653
Cayman Islands,CYM,1978,616
Cayman Islands,CYM,1979,630
Cayman Islands,CYM,1980,726
Cayman Islands,CYM,1981,822
Cayman Islands,CYM,1982,852
Cayman Islands,CYM,1983,844
Cayman Islands,CYM,1984,860
Cayman Islands,CYM,1985,869
Cayman Islands,CYM,1986,872
Cayman Islands,CYM,1987,874
Cayman Islands,CYM,1988,874
Cayman Islands,CYM,1989,932
Cayman Islands,CYM,1990,1122
Cayman Islands,CYM,1991,1293
Cayman Islands,CYM,1992,1326
Cayman Islands,CYM,1993,1357
Cayman Islands,CYM,1994,1380
Cayman Islands,CYM,1995,1385
Cayman Islands,CYM,1996,1404
Cayman Islands,CYM,1997,1400
Cayman Islands,CYM,1998,1381
Cayman Islands,CYM,1999,1356
Cayman Islands,CYM,2000,1394
Cayman Islands,CYM,2001,1410
Cayman Islands,CYM,2002,1425
Cayman Islands,CYM,2003,1418
Cayman Islands,CYM,2004,1420
Cayman Islands,CYM,2005,1437
Cayman Islands,CYM,2006,1443
Cayman Islands,CYM,2007,1457
Cayman Islands,CYM,2008,1466
Cayman Islands,CYM,2009,1464
Cayman Islands,CYM,2010,1481
Cayman Islands,CYM,2011,1510
Cayman Islands,CYM,2012,1525
Cayman Islands,CYM,2013,1523
Cayman Islands,CYM,2014,1501
Cayman Islands,CYM,2015,1486
Cayman Islands,CYM,2016,1456
Cayman Islands,CYM,2017,1440
Cayman Islands,CYM,2018,1401
Cayman Islands,CYM,2019,1384
Cayman Islands,CYM,2020,1357
Cayman Islands,CYM,2021,1423
Cayman Islands,CYM,2022,1484
Cayman Islands,CYM,2023,1445
Central African Republic,CAF,1951,23193
Central African Republic,CAF,1952,23573
Central African Republic,CAF,1953,24123
Central African Republic,CAF,1954,24811
Central African Republic,CAF,1955,25609
Central African Republic,CAF,1956,26479
Central African Republic,CAF,1957,27433
Central African Republic,CAF,1958,28394
Central African Republic,CAF,1959,29659
Central African Republic,CAF,1960,31010
Central African Republic,CAF,1961,32237
Central African Republic,CAF,1962,33541
Central African Republic,CAF,1963,34943
Central African Republic,CAF,1964,36515
Central African Republic,CAF,1965,38274
Central African Republic,CAF,1966,40231
Central African Republic,CAF,1967,42363
Central African Republic,CAF,1968,44654
Central African Republic,CAF,1969,46413
Central African Republic,CAF,1970,45996
Central African Republic,CAF,1971,43942
Central African Republic,CAF,1972,42318
Central African Republic,CAF,1973,42234
Central African Republic,CAF,1974,43338
Central African Republic,CAF,1975,44580
Central African Republic,CAF,1976,34642
Central African Republic,CAF,1977,24365
Central African Republic,CAF,1978,25031
Central African Republic,CAF,1979,25837
Central African Republic,CAF,1980,26737
Central African Republic,CAF,1981,27876
Central African Republic,CAF,1982,28961
Central African Republic,CAF,1983,30033
Central African Republic,CAF,1984,31203
Central African Republic,CAF,1985,32329
Central African Republic,CAF,1986,33323
Central African Republic,CAF,1987,34892
Central African Republic,CAF,1988,44813
Central African Republic,CAF,1989,70010
Central African Republic,CAF,1990,87938
Central African Republic,CAF,1991,91280
Central African Republic,CAF,1992,95642
Central African Republic,CAF,1993,99005
Central African Republic,CAF,1994,100114
Central African Republic,CAF,1995,90106
Central African Republic,CAF,1996,87911
Central African Republic,CAF,1997,95727
Central African Republic,CAF,1998,97133
Central African Republic,CAF,1999,100619
Central African Republic,CAF,2000,103969
Central African Republic,CAF,2001,86077
Central African Republic,CAF,2002,86581
Central African Republic,CAF,2003,97013
Central African Republic,CAF,2004,89736
Central African Republic,CAF,2005,95986
Central African Republic,CAF,2006,88768
Central African Republic,CAF,2007,85195
Central African Republic,CAF,2008,96212
Central African Republic,CAF,2009,-29938
Central African Republic,CAF,2010,-36048
Central African Republic,CAF,2011,72020
Central African Republic,CAF,2012,45825
Central African Republic,CAF,2013,31575
Central African Republic,CAF,2014,-19236
Central African Republic,CAF,2015,6135
Central African Republic,CAF,2016,84341
Central African Republic,CAF,2017,79849
Central African Republic,CAF,2018,85151
Central African Republic,CAF,2019,66045
Central African Republic,CAF,2020,81921
Central African Republic,CAF,2021,85474
Central African Republic,CAF,2022,-14065
Central African Republic,CAF,2023,54377
Chad,TCD,1951,44953
Chad,TCD,1952,45903
Chad,TCD,1953,47463
Chad,TCD,1954,49234
Chad,TCD,1955,51242
Chad,TCD,1956,53408
Chad,TCD,1957,55435
Chad,TCD,1958,57276
Chad,TCD,1959,58955
Chad,TCD,1960,60517
Chad,TCD,1961,62113
Chad,TCD,1962,63643
Chad,TCD,1963,65310
Chad,TCD,1964,66573
Chad,TCD,1965,66738
Chad,TCD,1966,66687
Chad,TCD,1967,67606
Chad,TCD,1968,69715
Chad,TCD,1969,72893
Chad,TCD,1970,76713
Chad,TCD,1971,79492
Chad,TCD,1972,85927
Chad,TCD,1973,92661
Chad,TCD,1974,92449
Chad,TCD,1975,88874
Chad,TCD,1976,84062
Chad,TCD,1977,80369
Chad,TCD,1978,79702
Chad,TCD,1979,94014
Chad,TCD,1980,10077
Chad,TCD,1981,5504
Chad,TCD,1982,217521
Chad,TCD,1983,240651
Chad,TCD,1984,66015
Chad,TCD,1985,51122
Chad,TCD,1986,154800
Chad,TCD,1987,187237
Chad,TCD,1988,187290
Chad,TCD,1989,193987
Chad,TCD,1990,163250
Chad,TCD,1991,222850
Chad,TCD,1992,268963
Chad,TCD,1993,154496
Chad,TCD,1994,154309
Chad,TCD,1995,305607
Chad,TCD,1996,321044
Chad,TCD,1997,260264
Chad,TCD,1998,268470
Chad,TCD,1999,283869
Chad,TCD,2000,289382
Chad,TCD,2001,292030
Chad,TCD,2002,312073
Chad,TCD,2003,371635
Chad,TCD,2004,432206
Chad,TCD,2005,408058
Chad,TCD,2006,378332
Chad,TCD,2007,375241
Chad,TCD,2008,394632
Chad,TCD,2009,417454
Chad,TCD,2010,418827
Chad,TCD,2011,442424
Chad,TCD,2012,456002
Chad,TCD,2013,480075
Chad,TCD,2014,497599
Chad,TCD,2015,458946
Chad,TCD,2016,467026
Chad,TCD,2017,508104
Chad,TCD,2018,533779
Chad,TCD,2019,528688
Chad,TCD,2020,539463
Chad,TCD,2021,603588
Chad,TCD,2022,627045
Chad,TCD,2023,863756
Chile,CHL,1951,128089
Chile,CHL,1952,135326
Chile,CHL,1953,141542
Chile,CHL,1954,147036
Chile,CHL,1955,151741
Chile,CHL,1956,157226
Chile,CHL,1957,161770
Chile,CHL,1958,164688
Chile,CHL,1959,167437
Chile,CHL,1960,169924
Chile,CHL,1961,171446
Chile,CHL,1962,172266
Chile,CHL,1963,173080
Chile,CHL,1964,172388
Chile,CHL,1965,170408
Chile,CHL,1966,168785
Chile,CHL,1967,167212
Chile,CHL,1968,165771
Chile,CHL,1969,165569
Chile,CHL,1970,165066
Chile,CHL,1971,164351
Chile,CHL,1972,164980
Chile,CHL,1973,165689
Chile,CHL,1974,165450
Chile,CHL,1975,165750
Chile,CHL,1976,166688
Chile,CHL,1977,167263
Chile,CHL,1978,167180
Chile,CHL,1979,167080
Chile,CHL,1980,168775
Chile,CHL,1981,170161
Chile,CHL,1982,171500
Chile,CHL,1983,175925
Chile,CHL,1984,181592
Chile,CHL,1985,187546
Chile,CHL,1986,193646
Chile,CHL,1987,201233
Chile,CHL,1988,209270
Chile,CHL,1989,215589
Chile,CHL,1990,222166
Chile,CHL,1991,225301
Chile,CHL,1992,222097
Chile,CHL,1993,217697
Chile,CHL,1994,213987
Chile,CHL,1995,211119
Chile,CHL,1996,206667
Chile,CHL,1997,198387
Chile,CHL,1998,195363
Chile,CHL,1999,191512
Chile,CHL,2000,184327
Chile,CHL,2001,180214
Chile,CHL,2002,174074
Chile,CHL,2003,166829
Chile,CHL,2004,162569
Chile,CHL,2005,161456
Chile,CHL,2006,160415
Chile,CHL,2007,162376
Chile,CHL,2008,167416
Chile,CHL,2009,170743
Chile,CHL,2010,171733
Chile,CHL,2011,170347
Chile,CHL,2012,167306
Chile,CHL,2013,167890
Chile,CHL,2014,177186
Chile,CHL,2015,183438
Chile,CHL,2016,219595
Chile,CHL,2017,291643
Chile,CHL,2018,334317
Chile,CHL,2019,304563
Chile,CHL,2020,172873
Chile,CHL,2021,85702
Chile,CHL,2022,96710
Chile,CHL,2023,105800
China,CHN,1951,9713896
China,CHN,1952,11373184
China,CHN,1953,12425705
China,CHN,1954,12556719
China,CHN,1955,13433155
China,CHN,1956,13011571
China,CHN,1957,13797625
China,CHN,1958,13863268
China,CHN,1959,8488733
China,CHN,1960,2093857
China,CHN,1961,971416
China,CHN,1962,9300206
China,CHN,1963,19478956
China,CHN,1964,20245617
China,CHN,1965,18617474
China,CHN,1966,18986469
China,CHN,1967,18623819
China,CHN,1968,19985005
China,CHN,1969,21129311
China,CHN,1970,21168623
China,CHN,1971,20760906
China,CHN,1972,19607940
China,CHN,1973,18899135
China,CHN,1974,17730635
China,CHN,1975,15809216
China,CHN,1976,14255497
China,CHN,1977,13174081
China,CHN,1978,12615108
China,CHN,1979,13126589
China,CHN,1980,13875469
China,CHN,1981,14557532
China,CHN,1982,15867105
China,CHN,1983,15476775
China,CHN,1984,14784693
China,CHN,1985,15958173
China,CHN,1986,17425789
China,CHN,1987,18983838
China,CHN,1988,19026723
China,CHN,1989,18746838
China,CHN,1990,19591719
China,CHN,1991,17205808
China,CHN,1992,13785703
China,CHN,1993,12734338
China,CHN,1994,11694525
China,CHN,1995,11130830
China,CHN,1996,10810880
China,CHN,1997,10194814
China,CHN,1998,9707499
China,CHN,1999,9329528
China,CHN,2000,9404524
China,CHN,2001,9143887
China,CHN,2002,8141774
China,CHN,2003,7650488
China,CHN,2004,7582993
China,CHN,2005,7926819
China,CHN,2006,8026895
China,CHN,2007,7759546
China,CHN,2008,8007435
China,CHN,2009,8701706
China,CHN,2010,9038788
China,CHN,2011,8689153
China,CHN,2012,9270208
China,CHN,2013,9487174
China,CHN,2014,8943930
China,CHN,2015,8182201
China,CHN,2016,7918457
China,CHN,2017,8302102
China,CHN,2018,6654224
China,CHN,2019,4511403
China,CHN,2020,2585736
China,CHN,2021,331176
China,CHN,2022,-1257707
China,CHN,2023,-2594632
Colombia,COL,1951,311822
Colombia,COL,1952,327038
Colombia,COL,1953,340186
Colombia,COL,1954,354807
Colombia,COL,1955,372216
Colombia,COL,1956,388745
Colombia,COL,1957,408471
Colombia,COL,1958,423016
Colombia,COL,1959,442927
Colombia,COL,1960,469990
Colombia,COL,1961,488998
Colombia,COL,1962,503824
Colombia,COL,1963,514793
Colombia,COL,1964,523592
Colombia,COL,1965,531637
Colombia,COL,1966,533640
Colombia,COL,1967,532931
Colombia,COL,1968,531178
Colombia,COL,1969,525135
Colombia,COL,1970,519853
Colombia,COL,1971,507309
Colombia,COL,1972,500473
Colombia,COL,1973,505803
Colombia,COL,1974,508100
Colombia,COL,1975,511175
Colombia,COL,1976,514165
Colombia,COL,1977,534684
Colombia,COL,1978,556843
Colombia,COL,1979,565285
Colombia,COL,1980,588876
Colombia,COL,1981,608764
Colombia,COL,1982,625067
Colombia,COL,1983,649842
Colombia,COL,1984,654514
Colombia,COL,1985,625780
Colombia,COL,1986,610644
Colombia,COL,1987,620357
Colombia,COL,1988,631059
Colombia,COL,1989,645750
Colombia,COL,1990,663784
Colombia,COL,1991,658309
Colombia,COL,1992,662198
Colombia,COL,1993,680908
Colombia,COL,1994,685929
Colombia,COL,1995,677262
Colombia,COL,1996,658070
Colombia,COL,1997,658415
Colombia,COL,1998,671014
Colombia,COL,1999,662692
Colombia,COL,2000,635078
Colombia,COL,2001,619324
Colombia,COL,2002,615421
Colombia,COL,2003,612742
Colombia,COL,2004,605751
Colombia,COL,2005,585801
Colombia,COL,2006,562103
Colombia,COL,2007,544293
Colombia,COL,2008,523431
Colombia,COL,2009,512738
Colombia,COL,2010,505782
Colombia,COL,2011,482289
Colombia,COL,2012,456193
Colombia,COL,2013,435776
Colombia,COL,2014,413843
Colombia,COL,2015,404512
Colombia,COL,2016,467575
Colombia,COL,2017,693563
Colombia,COL,2018,893387
Colombia,COL,2019,883524
Colombia,COL,2020,722010
Colombia,COL,2021,558177
Colombia,COL,2022,549770
Colombia,COL,2023,583208
Comoros,COM,1951,3592
Comoros,COM,1952,3440
Comoros,COM,1953,3626
Comoros,COM,1954,3543
Comoros,COM,1955,3445
Comoros,COM,1956,3369
Comoros,COM,1957,3612
Comoros,COM,1958,3999
Comoros,COM,1959,3721
Comoros,COM,1960,3412
Comoros,COM,1961,3500
Comoros,COM,1962,3502
Comoros,COM,1963,3487
Comoros,COM,1964,3452
Comoros,COM,1965,3330
Comoros,COM,1966,3689
Comoros,COM,1967,5199
Comoros,COM,1968,6389
Comoros,COM,1969,6750
Comoros,COM,1970,7188
Comoros,COM,1971,7682
Comoros,COM,1972,8207
Comoros,COM,1973,8742
Comoros,COM,1974,9257
Comoros,COM,1975,9618
Comoros,COM,1976,9845
Comoros,COM,1977,10041
Comoros,COM,1978,10107
Comoros,COM,1979,10110
Comoros,COM,1980,9923
Comoros,COM,1981,9665
Comoros,COM,1982,9757
Comoros,COM,1983,10091
Comoros,COM,1984,10403
Comoros,COM,1985,10713
Comoros,COM,1986,10971
Comoros,COM,1987,11117
Comoros,COM,1988,11252
Comoros,COM,1989,11413
Comoros,COM,1990,11491
Comoros,COM,1991,10962
Comoros,COM,1992,9555
Comoros,COM,1993,8563
Comoros,COM,1994,8467
Comoros,COM,1995,8446
Comoros,COM,1996,8519
Comoros,COM,1997,8666
Comoros,COM,1998,8827
Comoros,COM,1999,9288
Comoros,COM,2000,10190
Comoros,COM,2001,11137
Comoros,COM,2002,11706
Comoros,COM,2003,10881
Comoros,COM,2004,10903
Comoros,COM,2005,11968
Comoros,COM,2006,12073
Comoros,COM,2007,12183
Comoros,COM,2008,12379
Comoros,COM,2009,12635
Comoros,COM,2010,12897
Comoros,COM,2011,13218
Comoros,COM,2012,13573
Comoros,COM,2013,14566
Comoros,COM,2014,15309
Comoros,COM,2015,15173
Comoros,COM,2016,15060
Comoros,COM,2017,14927
Comoros,COM,2018,14925
Comoros,COM,2019,14985
Comoros,COM,2020,15590
Comoros,COM,2021,16006
Comoros,COM,2022,16013
Comoros,COM,2023,16199
Congo,COG,1951,18374
Congo,COG,1952,19041
Congo,COG,1953,19777
Congo,COG,1954,20562
Congo,COG,1955,21412
Congo,COG,1956,22390
Congo,COG,1957,23379
Congo,COG,1958,24425
Congo,COG,1959,25535
Congo,COG,1960,26574
Congo,COG,1961,27654
Congo,COG,1962,28788
Congo,COG,1963,30089
Congo,COG,1964,31554
Congo,COG,1965,33063
Congo,COG,1966,34658
Congo,COG,1967,36153
Congo,COG,1968,37828
Congo,COG,1969,39663
Congo,COG,1970,41452
Congo,COG,1971,43407
Congo,COG,1972,45431
Congo,COG,1973,47207
Congo,COG,1974,48619
Congo,COG,1975,44729
Congo,COG,1976,40200
Congo,COG,1977,40339
Congo,COG,1978,40526
Congo,COG,1979,40425
Congo,COG,1980,40468
Congo,COG,1981,40773
Congo,COG,1982,40665
Congo,COG,1983,39899
Congo,COG,1984,49205
Congo,COG,1985,59784
Congo,COG,1986,61287
Congo,COG,1987,62874
Congo,COG,1988,64175
Congo,COG,1989,65909
Congo,COG,1990,67000
Congo,COG,1991,68673
Congo,COG,1992,70232
Congo,COG,1993,75660
Congo,COG,1994,78020
Congo,COG,1995,76317
Congo,COG,1996,77322
Congo,COG,1997,61076
Congo,COG,1998,64200
Congo,COG,1999,80814
Congo,COG,2000,118473
Congo,COG,2001,121193
Congo,COG,2002,78228
Congo,COG,2003,94988
Congo,COG,2004,119807
Congo,COG,2005,130834
Congo,COG,2006,141012
Congo,COG,2007,143019
Congo,COG,2008,133084
Congo,COG,2009,167704
Congo,COG,2010,181086
Congo,COG,2011,147424
Congo,COG,2012,130729
Congo,COG,2013,116647
Congo,COG,2014,118783
Congo,COG,2015,121696
Congo,COG,2016,124962
Congo,COG,2017,128468
Congo,COG,2018,132115
Congo,COG,2019,133528
Congo,COG,2020,136136
Congo,COG,2021,139395
Congo,COG,2022,142917
Congo,COG,2023,147786
Cook Islands,COK,1951,361
Cook Islands,COK,1952,288
Cook Islands,COK,1953,268
Cook Islands,COK,1954,277
Cook Islands,COK,1955,281
Cook Islands,COK,1956,266
Cook Islands,COK,1957,255
Cook Islands,COK,1958,278
Cook Islands,COK,1959,327
Cook Islands,COK,1960,370
Cook Islands,COK,1961,375
Cook Islands,COK,1962,250
Cook Islands,COK,1963,135
Cook Islands,COK,1964,164
Cook Islands,COK,1965,195
Cook Islands,COK,1966,235
Cook Islands,COK,1967,309
Cook Islands,COK,1968,364
Cook Islands,COK,1969,388
Cook Islands,COK,1970,412
Cook Islands,COK,1971,377
Cook Islands,COK,1972,-94
Cook Islands,COK,1973,-584
Cook Islands,COK,1974,-628
Cook Islands,COK,1975,-663
Cook Islands,COK,1976,-650
Cook Islands,COK,1977,-337
Cook Islands,COK,1978,-61
Cook Islands,COK,1979,-73
Cook Islands,COK,1980,-80
Cook Islands,COK,1981,-96
Cook Islands,COK,1982,-125
Cook Islands,COK,1983,-194
Cook Islands,COK,1984,-219
Cook Islands,COK,1985,-232
Cook Islands,COK,1986,-227
Cook Islands,COK,1987,-25
Cook Islands,COK,1988,170
Cook Islands,COK,1989,187
Cook Islands,COK,1990,188
Cook Islands,COK,1991,183
Cook Islands,COK,1992,166
Cook Islands,COK,1993,120
Cook Islands,COK,1994,95
Cook Islands,COK,1995,91
Cook Islands,COK,1996,79
Cook Islands,COK,1997,-232
Cook Islands,COK,1998,-546
Cook Islands,COK,1999,-594
Cook Islands,COK,2000,-632
Cook Islands,COK,2001,-617
Cook Islands,COK,2002,-265
Cook Islands,COK,2003,55
Cook Islands,COK,2004,54
Cook Islands,COK,2005,50
Cook Islands,COK,2006,80
Cook Islands,COK,2007,286
Cook Islands,COK,2008,484
Cook Islands,COK,2009,494
Cook Islands,COK,2010,503
Cook Islands,COK,2011,480
Cook Islands,COK,2012,210
Cook Islands,COK,2013,-61
Cook Islands,COK,2014,-73
Cook Islands,COK,2015,-85
Cook Islands,COK,2016,-111
Cook Islands,COK,2017,-294
Cook Islands,COK,2018,-443
Cook Islands,COK,2019,-472
Cook Islands,COK,2020,-487
Cook Islands,COK,2021,-459
Cook Islands,COK,2022,-458
Cook Islands,COK,2023,-503
Costa Rica,CRI,1951,31657
Costa Rica,CRI,1952,33382
Costa Rica,CRI,1953,35210
Costa Rica,CRI,1954,37107
Costa Rica,CRI,1955,38939
Costa Rica,CRI,1956,40798
Costa Rica,CRI,1957,42784
Costa Rica,CRI,1958,44923
Costa Rica,CRI,1959,47032
Costa Rica,CRI,1960,48908
Costa Rica,CRI,1961,50417
Costa Rica,CRI,1962,51527
Costa Rica,CRI,1963,52160
Costa Rica,CRI,1964,52361
Costa Rica,CRI,1965,52248
Costa Rica,CRI,1966,51905
Costa Rica,CRI,1967,51415
Costa Rica,CRI,1968,50200
Costa Rica,CRI,1969,49547
Costa Rica,CRI,1970,49665
Costa Rica,CRI,1971,49602
Costa Rica,CRI,1972,49713
Costa Rica,CRI,1973,50087
Costa Rica,CRI,1974,51301
Costa Rica,CRI,1975,53067
Costa Rica,CRI,1976,55056
Costa Rica,CRI,1977,57263
Costa Rica,CRI,1978,59481
Costa Rica,CRI,1979,61974
Costa Rica,CRI,1980,64151
Costa Rica,CRI,1981,66002
Costa Rica,CRI,1982,68168
Costa Rica,CRI,1983,70344
Costa Rica,CRI,1984,72442
Costa Rica,CRI,1985,74306
Costa Rica,CRI,1986,75316
Costa Rica,CRI,1987,75479
Costa Rica,CRI,1988,75404
Costa Rica,CRI,1989,75724
Costa Rica,CRI,1990,77881
Costa Rica,CRI,1991,80475
Costa Rica,CRI,1992,82079
Costa Rica,CRI,1993,83175
Costa Rica,CRI,1994,83686
Costa Rica,CRI,1995,84057
Costa Rica,CRI,1996,83833
Costa Rica,CRI,1997,82701
Costa Rica,CRI,1998,81127
Costa Rica,CRI,1999,79263
Costa Rica,CRI,2000,75634
Costa Rica,CRI,2001,71214
Costa Rica,CRI,2002,66759
Costa Rica,CRI,2003,63081
Costa Rica,CRI,2004,61288
Costa Rica,CRI,2005,61161
Costa Rica,CRI,2006,60097
Costa Rica,CRI,2007,58913
Costa Rica,CRI,2008,59808
Costa Rica,CRI,2009,59730
Costa Rica,CRI,2010,56177
Costa Rica,CRI,2011,53869
Costa Rica,CRI,2012,54096
Costa Rica,CRI,2013,52223
Costa Rica,CRI,2014,50973
Costa Rica,CRI,2015,50919
Costa Rica,CRI,2016,48958
Costa Rica,CRI,2017,46174
Costa Rica,CRI,2018,44636
Costa Rica,CRI,2019,41736
Costa Rica,CRI,2020,34774
Costa Rica,CRI,2021,25668
Costa Rica,CRI,2022,21773
Costa Rica,CRI,2023,23762
Cote d'Ivoire,CIV,1951,74181
Cote d'Ivoire,CIV,1952,76350
Cote d'Ivoire,CIV,1953,79415
Cote d'Ivoire,CIV,1954,83406
Cote d'Ivoire,CIV,1955,88092
Cote d'Ivoire,CIV,1956,93382
Cote d'Ivoire,CIV,1957,99270
Cote d'Ivoire,CIV,1958,105805
Cote d'Ivoire,CIV,1959,113866
Cote d'Ivoire,CIV,1960,124718
Cote d'Ivoire,CIV,1961,136480
Cote d'Ivoire,CIV,1962,146798
Cote d'Ivoire,CIV,1963,155120
Cote d'Ivoire,CIV,1964,161885
Cote d'Ivoire,CIV,1965,168429
Cote d'Ivoire,CIV,1966,175138
Cote d'Ivoire,CIV,1967,182221
Cote d'Ivoire,CIV,1968,190280
Cote d'Ivoire,CIV,1969,202204
Cote d'Ivoire,CIV,1970,219346
Cote d'Ivoire,CIV,1971,239302
Cote d'Ivoire,CIV,1972,258846
Cote d'Ivoire,CIV,1973,275228
Cote d'Ivoire,CIV,1974,289113
Cote d'Ivoire,CIV,1975,302241
Cote d'Ivoire,CIV,1976,281660
Cote d'Ivoire,CIV,1977,263992
Cote d'Ivoire,CIV,1978,281179
Cote d'Ivoire,CIV,1979,299132
Cote d'Ivoire,CIV,1980,318451
Cote d'Ivoire,CIV,1981,335883
Cote d'Ivoire,CIV,1982,351342
Cote d'Ivoire,CIV,1983,364800
Cote d'Ivoire,CIV,1984,377781
Cote d'Ivoire,CIV,1985,389963
Cote d'Ivoire,CIV,1986,400438
Cote d'Ivoire,CIV,1987,410557
Cote d'Ivoire,CIV,1988,423713
Cote d'Ivoire,CIV,1989,444580
Cote d'Ivoire,CIV,1990,470006
Cote d'Ivoire,CIV,1991,494095
Cote d'Ivoire,CIV,1992,516438
Cote d'Ivoire,CIV,1993,535642
Cote d'Ivoire,CIV,1994,551256
Cote d'Ivoire,CIV,1995,568355
Cote d'Ivoire,CIV,1996,586756
Cote d'Ivoire,CIV,1997,604856
Cote d'Ivoire,CIV,1998,616770
Cote d'Ivoire,CIV,1999,551989
Cote d'Ivoire,CIV,2000,483070
Cote d'Ivoire,CIV,2001,479913
Cote d'Ivoire,CIV,2002,475852
Cote d'Ivoire,CIV,2003,470774
Cote d'Ivoire,CIV,2004,469451
Cote d'Ivoire,CIV,2005,473471
Cote d'Ivoire,CIV,2006,478340
Cote d'Ivoire,CIV,2007,483750
Cote d'Ivoire,CIV,2008,483888
Cote d'Ivoire,CIV,2009,483490
Cote d'Ivoire,CIV,2010,490132
Cote d'Ivoire,CIV,2011,493935
Cote d'Ivoire,CIV,2012,485080
Cote d'Ivoire,CIV,2013,472692
Cote d'Ivoire,CIV,2014,587618
Cote d'Ivoire,CIV,2015,718954
Cote d'Ivoire,CIV,2016,743057
Cote d'Ivoire,CIV,2017,743972
Cote d'Ivoire,CIV,2018,730799
Cote d'Ivoire,CIV,2019,728839
Cote d'Ivoire,CIV,2020,722438
Cote d'Ivoire,CIV,2021,724285
Cote d'Ivoire,CIV,2022,755267
Cote d'Ivoire,CIV,2023,770649
Croatia,HRV,1951,46681
Croatia,HRV,1952,45736
Croatia,HRV,1953,48719
Croatia,HRV,1954,41993
Croatia,HRV,1955,32616
Croatia,HRV,1956,29392
Croatia,HRV,1957,26576
Croatia,HRV,1958,23993
Croatia,HRV,1959,21387
Croatia,HRV,1960,18187
Croatia,HRV,1961,23159
Croatia,HRV,1962,31589
Croatia,HRV,1963,32247
Croatia,HRV,1964,30488
Croatia,HRV,1965,28953
Croatia,HRV,1966,27599
Croatia,HRV,1967,25964
Croatia,HRV,1968,23559
Croatia,HRV,1969,20621
Croatia,HRV,1970,18222
Croatia,HRV,1971,17492
Croatia,HRV,1972,17723
Croatia,HRV,1973,17872
Croatia,HRV,1974,18186
Croatia,HRV,1975,18779
Croatia,HRV,1976,19029
Croatia,HRV,1977,18866
Croatia,HRV,1978,18401
Croatia,HRV,1979,17934
Croatia,HRV,1980,16945
Croatia,HRV,1981,20358
Croatia,HRV,1982,24894
Croatia,HRV,1983,23730
Croatia,HRV,1984,21607
Croatia,HRV,1985,20060
Croatia,HRV,1986,18505
Croatia,HRV,1987,17154
Croatia,HRV,1988,15821
Croatia,HRV,1989,14700
Croatia,HRV,1990,14338
Croatia,HRV,1991,-9908
Croatia,HRV,1992,-42924
Croatia,HRV,1993,-52501
Croatia,HRV,1994,-54217
Croatia,HRV,1995,-56155
Croatia,HRV,1996,-57072
Croatia,HRV,1997,-57663
Croatia,HRV,1998,-58958
Croatia,HRV,1999,-59846
Croatia,HRV,2000,-59718
Croatia,HRV,2001,-25026
Croatia,HRV,2002,4704
Croatia,HRV,2003,900
Croatia,HRV,2004,3367
Croatia,HRV,2005,3896
Croatia,HRV,2006,1856
Croatia,HRV,2007,157
Croatia,HRV,2008,-1324
Croatia,HRV,2009,-4098
Croatia,HRV,2010,-9387
Croatia,HRV,2011,-20323
Croatia,HRV,2012,-21594
Croatia,HRV,2013,-16830
Croatia,HRV,2014,-22918
Croatia,HRV,2015,-35753
Croatia,HRV,2016,-47294
Croatia,HRV,2017,-57240
Croatia,HRV,2018,-54330
Croatia,HRV,2019,-38530
Croatia,HRV,2020,-32382
Croatia,HRV,2021,-29349
Croatia,HRV,2022,-17576
Croatia,HRV,2023,-11008
Cuba,CUB,1951,117686
Cuba,CUB,1952,119978
Cuba,CUB,1953,123566
Cuba,CUB,1954,127100
Cuba,CUB,1955,130255
Cuba,CUB,1956,132958
Cuba,CUB,1957,135664
Cuba,CUB,1958,138565
Cuba,CUB,1959,142046
Cuba,CUB,1960,145746
Cuba,CUB,1961,149037
Cuba,CUB,1962,153983
Cuba,CUB,1963,160562
Cuba,CUB,1964,164351
Cuba,CUB,1965,164790
Cuba,CUB,1966,162647
Cuba,CUB,1967,159174
Cuba,CUB,1968,156895
Cuba,CUB,1969,157116
Cuba,CUB,1970,157751
Cuba,CUB,1971,154700
Cuba,CUB,1972,144806
Cuba,CUB,1973,131437
Cuba,CUB,1974,118852
Cuba,CUB,1975,105545
Cuba,CUB,1976,91511
Cuba,CUB,1977,77203
Cuba,CUB,1978,63542
Cuba,CUB,1979,51373
Cuba,CUB,1980,41440
Cuba,CUB,1981,44527
Cuba,CUB,1982,63356
Cuba,CUB,1983,78346
Cuba,CUB,1984,82279
Cuba,CUB,1985,83923
Cuba,CUB,1986,87021
Cuba,CUB,1987,91087
Cuba,CUB,1988,97253
Cuba,CUB,1989,100659
Cuba,CUB,1990,98547
Cuba,CUB,1991,85844
Cuba,CUB,1992,68167
Cuba,CUB,1993,55233
Cuba,CUB,1994,44982
Cuba,CUB,1995,39340
Cuba,CUB,1996,36647
Cuba,CUB,1997,35924
Cuba,CUB,1998,36783
Cuba,CUB,1999,37514
Cuba,CUB,2000,36882
Cuba,CUB,2001,35022
Cuba,CUB,2002,33288
Cuba,CUB,2003,31957
Cuba,CUB,2004,29377
Cuba,CUB,2005,23797
Cuba,CUB,2006,15997
Cuba,CUB,2007,8724
Cuba,CUB,2008,4490
Cuba,CUB,2009,2955
Cuba,CUB,2010,2695
Cuba,CUB,2011,4164
Cuba,CUB,2012,1594
Cuba,CUB,2013,-5009
Cuba,CUB,2014,-12383
Cuba,CUB,2015,-10711
Cuba,CUB,2016,-9454
Cuba,CUB,2017,-17791
Cuba,CUB,2018,-20708
Cuba,CUB,2019,-24269
Cuba,CUB,2020,-26498
Cuba,CUB,2021,-54180
Cuba,CUB,2022,-62347
Cuba,CUB,2023,-39890
Curacao,CUW,1951,2641
Curacao,CUW,1952,2760
Curacao,CUW,1953,2879
Curacao,CUW,1954,2969
Curacao,CUW,1955,3087
Curacao,CUW,1956,3202
Curacao,CUW,1957,3288
Curacao,CUW,1958,3386
Curacao,CUW,1959,3461
Curacao,CUW,1960,2744
Curacao,CUW,1961,2115
Curacao,CUW,1962,2156
Curacao,CUW,1963,2067
Curacao,CUW,1964,2005
Curacao,CUW,1965,1930
Curacao,CUW,1966,1860
Curacao,CUW,1967,1779
Curacao,CUW,1968,1703
Curacao,CUW,1969,1594
Curacao,CUW,1970,1478
Curacao,CUW,1971,1314
Curacao,CUW,1972,1095
Curacao,CUW,1973,802
Curacao,CUW,1974,593
Curacao,CUW,1975,519
Curacao,CUW,1976,427
Curacao,CUW,1977,345
Curacao,CUW,1978,285
Curacao,CUW,1979,227
Curacao,CUW,1980,173
Curacao,CUW,1981,140
Curacao,CUW,1982,45
Curacao,CUW,1983,-13
Curacao,CUW,1984,-40
Curacao,CUW,1985,-84
Curacao,CUW,1986,-115
Curacao,CUW,1987,-142
Curacao,CUW,1988,-197
Curacao,CUW,1989,-228
Curacao,CUW,1990,-281
Curacao,CUW,1991,-295
Curacao,CUW,1992,-354
Curacao,CUW,1993,-597
Curacao,CUW,1994,-827
Curacao,CUW,1995,-972
Curacao,CUW,1996,-1123
Curacao,CUW,1997,-1266
Curacao,CUW,1998,-1442
Curacao,CUW,1999,-1598
Curacao,CUW,2000,-1736
Curacao,CUW,2001,-782
Curacao,CUW,2002,1153
Curacao,CUW,2003,2012
Curacao,CUW,2004,1882
Curacao,CUW,2005,1519
Curacao,CUW,2006,1192
Curacao,CUW,2007,1156
Curacao,CUW,2008,1112
Curacao,CUW,2009,1048
Curacao,CUW,2010,1049
Curacao,CUW,2011,1691
Curacao,CUW,2012,2332
Curacao,CUW,2013,2218
Curacao,CUW,2014,1919
Curacao,CUW,2015,1580
Curacao,CUW,2016,1166
Curacao,CUW,2017,738
Curacao,CUW,2018,13065
Curacao,CUW,2019,7965
Curacao,CUW,2020,-4526
Curacao,CUW,2021,295
Curacao,CUW,2022,26
Curacao,CUW,2023,87
Cyprus,CYP,1951,7179
Cyprus,CYP,1952,7631
Cyprus,CYP,1953,8040
Cyprus,CYP,1954,8385
Cyprus,CYP,1955,8756
Cyprus,CYP,1956,9207
Cyprus,CYP,1957,9750
Cyprus,CYP,1958,10460
Cyprus,CYP,1959,11278
Cyprus,CYP,1960,11924
Cyprus,CYP,1961,9029
Cyprus,CYP,1962,5949
Cyprus,CYP,1963,5783
Cyprus,CYP,1964,5277
Cyprus,CYP,1965,5212
Cyprus,CYP,1966,5651
Cyprus,CYP,1967,5861
Cyprus,CYP,1968,5909
Cyprus,CYP,1969,6032
Cyprus,CYP,1970,6247
Cyprus,CYP,1971,6615
Cyprus,CYP,1972,7009
Cyprus,CYP,1973,4879
Cyprus,CYP,1974,-2681
Cyprus,CYP,1975,-3857
Cyprus,CYP,1976,2637
Cyprus,CYP,1977,5059
Cyprus,CYP,1978,5155
Cyprus,CYP,1979,5293
Cyprus,CYP,1980,5530
Cyprus,CYP,1981,5813
Cyprus,CYP,1982,7608
Cyprus,CYP,1983,10721
Cyprus,CYP,1984,12121
Cyprus,CYP,1985,11945
Cyprus,CYP,1986,11826
Cyprus,CYP,1987,11680
Cyprus,CYP,1988,11442
Cyprus,CYP,1989,11191
Cyprus,CYP,1990,10926
Cyprus,CYP,1991,10595
Cyprus,CYP,1992,11394
Cyprus,CYP,1993,15698
Cyprus,CYP,1994,18627
Cyprus,CYP,1995,18029
Cyprus,CYP,1996,17597
Cyprus,CYP,1997,17279
Cyprus,CYP,1998,16978
Cyprus,CYP,1999,16683
Cyprus,CYP,2000,16432
Cyprus,CYP,2001,16462
Cyprus,CYP,2002,17314
Cyprus,CYP,2003,18157
Cyprus,CYP,2004,18275
Cyprus,CYP,2005,18281
Cyprus,CYP,2006,18268
Cyprus,CYP,2007,18303
Cyprus,CYP,2008,18302
Cyprus,CYP,2009,18348
Cyprus,CYP,2010,18449
Cyprus,CYP,2011,18667
Cyprus,CYP,2012,18910
Cyprus,CYP,2013,18496
Cyprus,CYP,2014,17907
Cyprus,CYP,2015,17698
Cyprus,CYP,2016,17610
Cyprus,CYP,2017,17160
Cyprus,CYP,2018,16469
Cyprus,CYP,2019,15926
Cyprus,CYP,2020,15581
Cyprus,CYP,2021,15061
Cyprus,CYP,2022,14065
Cyprus,CYP,2023,13605
Czechia,CZE,1951,80532
Czechia,CZE,1952,79960
Czechia,CZE,1953,75396
Czechia,CZE,1954,68585
Czechia,CZE,1955,68241
Czechia,CZE,1956,68594
Czechia,CZE,1957,60946
Czechia,CZE,1958,50741
Czechia,CZE,1959,38677
Czechia,CZE,1960,33218
Czechia,CZE,1961,31781
Czechia,CZE,1962,24077
Czechia,CZE,1963,29868
Czechia,CZE,1964,41414
Czechia,CZE,1965,38099
Czechia,CZE,1966,29400
Czechia,CZE,1967,22740
Czechia,CZE,1968,16128
Czechia,CZE,1969,12678
Czechia,CZE,1970,13463
Czechia,CZE,1971,21530
Czechia,CZE,1972,35288
Czechia,CZE,1973,48143
Czechia,CZE,1974,59736
Czechia,CZE,1975,64837
Czechia,CZE,1976,62154
Czechia,CZE,1977,56428
Czechia,CZE,1978,51384
Czechia,CZE,1979,45401
Czechia,CZE,1980,29250
Czechia,CZE,1981,14114
Czechia,CZE,1982,9488
Czechia,CZE,1983,3941
Czechia,CZE,1984,869
Czechia,CZE,1985,1325
Czechia,CZE,1986,-767
Czechia,CZE,1987,-952
Czechia,CZE,1988,2026
Czechia,CZE,1989,161
Czechia,CZE,1990,-3620
Czechia,CZE,1991,2431
Czechia,CZE,1992,8029
Czechia,CZE,1993,7955
Czechia,CZE,1994,1928
Czechia,CZE,1995,-10291
Czechia,CZE,1996,-15901
Czechia,CZE,1997,-16091
Czechia,CZE,1998,-14619
Czechia,CZE,1999,-14045
Czechia,CZE,2000,-14576
Czechia,CZE,2001,-4867
Czechia,CZE,2002,7532
Czechia,CZE,2003,9433
Czechia,CZE,2004,12546
Czechia,CZE,2005,18702
Czechia,CZE,2006,24437
Czechia,CZE,2007,32947
Czechia,CZE,2008,40759
Czechia,CZE,2009,42687
Czechia,CZE,2010,43050
Czechia,CZE,2011,31473
Czechia,CZE,2012,11831
Czechia,CZE,2013,3825
Czechia,CZE,2014,6059
Czechia,CZE,2015,7195
Czechia,CZE,2016,7528
Czechia,CZE,2017,9397
Czechia,CZE,2018,7591
Czechia,CZE,2019,5938
Czechia,CZE,2020,-4743
Czechia,CZE,2021,-19446
Czechia,CZE,2022,142533
Czechia,CZE,2023,136506
Democratic Republic of Congo,COD,1951,248358
Democratic Republic of Congo,COD,1952,260987
Democratic Republic of Congo,COD,1953,265815
Democratic Republic of Congo,COD,1954,273587
Democratic Republic of Congo,COD,1955,287310
Democratic Republic of Congo,COD,1956,299600
Democratic Republic of Congo,COD,1957,312334
Democratic Republic of Congo,COD,1958,315511
Democratic Republic of Congo,COD,1959,333792
Democratic Republic of Congo,COD,1960,373266
Democratic Republic of Congo,COD,1961,397520
Democratic Republic of Congo,COD,1962,413356
Democratic Republic of Congo,COD,1963,431881
Democratic Republic of Congo,COD,1964,447719
Democratic Republic of Congo,COD,1965,472478
Democratic Republic of Congo,COD,1966,504126
Democratic Republic of Congo,COD,1967,530854
Democratic Republic of Congo,COD,1968,549407
Democratic Republic of Congo,COD,1969,558253
Democratic Republic of Congo,COD,1970,566995
Democratic Republic of Congo,COD,1971,558126
Democratic Republic of Congo,COD,1972,555598
Democratic Republic of Congo,COD,1973,576497
Democratic Republic of Congo,COD,1974,591220
Democratic Republic of Congo,COD,1975,602219
Democratic Republic of Congo,COD,1976,602933
Democratic Republic of Congo,COD,1977,605025
Democratic Republic of Congo,COD,1978,763634
Democratic Republic of Congo,COD,1979,894088
Democratic Republic of Congo,COD,1980,824316
Democratic Republic of Congo,COD,1981,789420
Democratic Republic of Congo,COD,1982,837675
Democratic Republic of Congo,COD,1983,912776
Democratic Republic of Congo,COD,1984,994119
Democratic Republic of Congo,COD,1985,1019731
Democratic Republic of Congo,COD,1986,1000381
Democratic Republic of Congo,COD,1987,1033710
Democratic Republic of Congo,COD,1988,1083846
Democratic Republic of Congo,COD,1989,1104107
Democratic Republic of Congo,COD,1990,1197202
Democratic Republic of Congo,COD,1991,1241763
Democratic Republic of Congo,COD,1992,1303080
Democratic Republic of Congo,COD,1993,1427430
Democratic Republic of Congo,COD,1994,1970535
Democratic Republic of Congo,COD,1995,1806845
Democratic Republic of Congo,COD,1996,862407
Democratic Republic of Congo,COD,1997,733782
Democratic Republic of Congo,COD,1998,1267688
Democratic Republic of Congo,COD,1999,1615377
Democratic Republic of Congo,COD,2000,1594473
Democratic Republic of Congo,COD,2001,1625201
Democratic Republic of Congo,COD,2002,1617883
Democratic Republic of Congo,COD,2003,1593344
Democratic Republic of Congo,COD,2004,1653867
Democratic Republic of Congo,COD,2005,1777986
Democratic Republic of Congo,COD,2006,1840183
Democratic Republic of Congo,COD,2007,1861844
Democratic Republic of Congo,COD,2008,1912905
Democratic Republic of Congo,COD,2009,2021380
Democratic Republic of Congo,COD,2010,2151000
Democratic Republic of Congo,COD,2011,2286273
Democratic Republic of Congo,COD,2012,2405312
Democratic Republic of Congo,COD,2013,2534774
Democratic Republic of Congo,COD,2014,2613851
Democratic Republic of Congo,COD,2015,2632284
Democratic Republic of Congo,COD,2016,2920884
Democratic Republic of Congo,COD,2017,3126984
Democratic Republic of Congo,COD,2018,2964247
Democratic Republic of Congo,COD,2019,2899803
Democratic Republic of Congo,COD,2020,3042550
Democratic Republic of Congo,COD,2021,3158930
Democratic Republic of Congo,COD,2022,3248044
Democratic Republic of Congo,COD,2023,3392759
Denmark,DNK,1951,31854
Denmark,DNK,1952,31975
Denmark,DNK,1953,36870
Denmark,DNK,1954,37297
Denmark,DNK,1955,32439
Denmark,DNK,1956,27499
Denmark,DNK,1957,23317
Denmark,DNK,1958,26413
Denmark,DNK,1959,32408
Denmark,DNK,1960,30867
Denmark,DNK,1961,32011
Denmark,DNK,1962,36108
Denmark,DNK,1963,36802
Denmark,DNK,1964,37621
Denmark,DNK,1965,36948
Denmark,DNK,1966,38362
Denmark,DNK,1967,38024
Denmark,DNK,1968,29578
Denmark,DNK,1969,26997
Denmark,DNK,1970,36876
Denmark,DNK,1971,34390
Denmark,DNK,1972,28505
Denmark,DNK,1973,30196
Denmark,DNK,1974,23874
Denmark,DNK,1975,14764
Denmark,DNK,1976,12400
Denmark,DNK,1977,15768
Denmark,DNK,1978,15770
Denmark,DNK,1979,12521
Denmark,DNK,1980,6217
Denmark,DNK,1981,-1451
Denmark,DNK,1982,-3731
Denmark,DNK,1983,-3429
Denmark,DNK,1984,-2637
Denmark,DNK,1985,2047
Denmark,DNK,1986,6813
Denmark,DNK,1987,6443
Denmark,DNK,1988,2516
Denmark,DNK,1989,3067
Denmark,DNK,1990,8307
Denmark,DNK,1991,13322
Denmark,DNK,1992,17026
Denmark,DNK,1993,17266
Denmark,DNK,1994,17550
Denmark,DNK,1995,27176
Denmark,DNK,1996,29707
Denmark,DNK,1997,21970
Denmark,DNK,1998,19222
Denmark,DNK,1999,17551
Denmark,DNK,2000,17845
Denmark,DNK,2001,19166
Denmark,DNK,2002,17142
Denmark,DNK,2003,14654
Denmark,DNK,2004,13973
Denmark,DNK,2005,14956
Denmark,DNK,2006,17875
Denmark,DNK,2007,24179
Denmark,DNK,2008,32158
Denmark,DNK,2009,29407
Denmark,DNK,2010,24696
Denmark,DNK,2011,22983
Denmark,DNK,2012,21063
Denmark,DNK,2013,23422
Denmark,DNK,2014,28462
Denmark,DNK,2015,39903
Denmark,DNK,2016,44498
Denmark,DNK,2017,36968
Denmark,DNK,2018,28660
Denmark,DNK,2019,20794
Denmark,DNK,2020,16911
Denmark,DNK,2021,25245
Denmark,DNK,2022,46127
Denmark,DNK,2023,45233
Djibouti,DJI,1951,1977
Djibouti,DJI,1952,2045
Djibouti,DJI,1953,2130
Djibouti,DJI,1954,2222
Djibouti,DJI,1955,2300
Djibouti,DJI,1956,2380
Djibouti,DJI,1957,2481
Djibouti,DJI,1958,2573
Djibouti,DJI,1959,2645
Djibouti,DJI,1960,2938
Djibouti,DJI,1961,3367
Djibouti,DJI,1962,3898
Djibouti,DJI,1963,4582
Djibouti,DJI,1964,5327
Djibouti,DJI,1965,5894
Djibouti,DJI,1966,6176
Djibouti,DJI,1967,6375
Djibouti,DJI,1968,6605
Djibouti,DJI,1969,7826
Djibouti,DJI,1970,9098
Djibouti,DJI,1971,9964
Djibouti,DJI,1972,11116
Djibouti,DJI,1973,12192
Djibouti,DJI,1974,14162
Djibouti,DJI,1975,17300
Djibouti,DJI,1976,20825
Djibouti,DJI,1977,23882
Djibouti,DJI,1978,25413
Djibouti,DJI,1979,24483
Djibouti,DJI,1980,21297
Djibouti,DJI,1981,17234
Djibouti,DJI,1982,13831
Djibouti,DJI,1983,12671
Djibouti,DJI,1984,14514
Djibouti,DJI,1985,18619
Djibouti,DJI,1986,23654
Djibouti,DJI,1987,28064
Djibouti,DJI,1988,30122
Djibouti,DJI,1989,38831
Djibouti,DJI,1990,56182
Djibouti,DJI,1991,51552
Djibouti,DJI,1992,-5080
Djibouti,DJI,1993,-11769
Djibouti,DJI,1994,12470
Djibouti,DJI,1995,6358
Djibouti,DJI,1996,15279
Djibouti,DJI,1997,23472
Djibouti,DJI,1998,27529
Djibouti,DJI,1999,24873
Djibouti,DJI,2000,23098
Djibouti,DJI,2001,23985
Djibouti,DJI,2002,24265
Djibouti,DJI,2003,17952
Djibouti,DJI,2004,12605
Djibouti,DJI,2005,13041
Djibouti,DJI,2006,16593
Djibouti,DJI,2007,18763
Djibouti,DJI,2008,18209
Djibouti,DJI,2009,18785
Djibouti,DJI,2010,18728
Djibouti,DJI,2011,18313
Djibouti,DJI,2012,18189
Djibouti,DJI,2013,18079
Djibouti,DJI,2014,17887
Djibouti,DJI,2015,17596
Djibouti,DJI,2016,17344
Djibouti,DJI,2017,17184
Djibouti,DJI,2018,17042
Djibouti,DJI,2019,16824
Djibouti,DJI,2020,16483
Djibouti,DJI,2021,16058
Djibouti,DJI,2022,15850
Djibouti,DJI,2023,15850
Dominica,DMA,1951,245
Dominica,DMA,1952,398
Dominica,DMA,1953,539
Dominica,DMA,1954,702
Dominica,DMA,1955,871
Dominica,DMA,1956,1032
Dominica,DMA,1957,1210
Dominica,DMA,1958,1390
Dominica,DMA,1959,1517
Dominica,DMA,1960,1263
Dominica,DMA,1961,844
Dominica,DMA,1962,739
Dominica,DMA,1963,790
Dominica,DMA,1964,843
Dominica,DMA,1965,920
Dominica,DMA,1966,1000
Dominica,DMA,1967,1076
Dominica,DMA,1968,1153
Dominica,DMA,1969,1205
Dominica,DMA,1970,971
Dominica,DMA,1971,621
Dominica,DMA,1972,524
Dominica,DMA,1973,531
Dominica,DMA,1974,503
Dominica,DMA,1975,483
Dominica,DMA,1976,447
Dominica,DMA,1977,388
Dominica,DMA,1978,317
Dominica,DMA,1979,237
Dominica,DMA,1980,124
Dominica,DMA,1981,-98
Dominica,DMA,1982,-300
Dominica,DMA,1983,-319
Dominica,DMA,1984,-310
Dominica,DMA,1985,-307
Dominica,DMA,1986,-342
Dominica,DMA,1987,-382
Dominica,DMA,1988,-416
Dominica,DMA,1989,-457
Dominica,DMA,1990,-527
Dominica,DMA,1991,-323
Dominica,DMA,1992,23
Dominica,DMA,1993,109
Dominica,DMA,1994,40
Dominica,DMA,1995,-3
Dominica,DMA,1996,-68
Dominica,DMA,1997,-107
Dominica,DMA,1998,-171
Dominica,DMA,1999,-261
Dominica,DMA,2000,-356
Dominica,DMA,2001,-228
Dominica,DMA,2002,86
Dominica,DMA,2003,167
Dominica,DMA,2004,112
Dominica,DMA,2005,86
Dominica,DMA,2006,73
Dominica,DMA,2007,39
Dominica,DMA,2008,4
Dominica,DMA,2009,13
Dominica,DMA,2010,-7
Dominica,DMA,2011,201
Dominica,DMA,2012,65
Dominica,DMA,2013,595
Dominica,DMA,2014,654
Dominica,DMA,2015,42
Dominica,DMA,2016,-802
Dominica,DMA,2017,-1113
Dominica,DMA,2018,-319
Dominica,DMA,2019,-294
Dominica,DMA,2020,-313
Dominica,DMA,2021,-366
Dominica,DMA,2022,-375
Dominica,DMA,2023,-316
Dominican Republic,DOM,1951,70254
Dominican Republic,DOM,1952,74906
Dominican Republic,DOM,1953,79762
Dominican Republic,DOM,1954,84283
Dominican Republic,DOM,1955,88535
Dominican Republic,DOM,1956,92398
Dominican Republic,DOM,1957,95744
Dominican Republic,DOM,1958,98572
Dominican Republic,DOM,1959,100954
Dominican Republic,DOM,1960,103037
Dominican Republic,DOM,1961,104896
Dominican Republic,DOM,1962,106703
Dominican Republic,DOM,1963,108353
Dominican Republic,DOM,1964,110270
Dominican Republic,DOM,1965,110402
Dominican Republic,DOM,1966,112884
Dominican Republic,DOM,1967,117083
Dominican Republic,DOM,1968,118259
Dominican Republic,DOM,1969,119848
Dominican Republic,DOM,1970,122255
Dominican Republic,DOM,1971,124944
Dominican Republic,DOM,1972,127654
Dominican Republic,DOM,1973,130343
Dominican Republic,DOM,1974,131963
Dominican Republic,DOM,1975,132585
Dominican Republic,DOM,1976,133621
Dominican Republic,DOM,1977,135042
Dominican Republic,DOM,1978,136445
Dominican Republic,DOM,1979,137803
Dominican Republic,DOM,1980,139349
Dominican Republic,DOM,1981,139416
Dominican Republic,DOM,1982,138656
Dominican Republic,DOM,1983,140129
Dominican Republic,DOM,1984,141804
Dominican Republic,DOM,1985,141356
Dominican Republic,DOM,1986,140809
Dominican Republic,DOM,1987,141306
Dominican Republic,DOM,1988,143218
Dominican Republic,DOM,1989,146563
Dominican Republic,DOM,1990,148865
Dominican Republic,DOM,1991,148684
Dominican Republic,DOM,1992,147627
Dominican Republic,DOM,1993,147091
Dominican Republic,DOM,1994,147127
Dominican Republic,DOM,1995,146426
Dominican Republic,DOM,1996,144775
Dominican Republic,DOM,1997,141186
Dominican Republic,DOM,1998,136288
Dominican Republic,DOM,1999,135838
Dominican Republic,DOM,2000,137989
Dominican Republic,DOM,2001,136091
Dominican Republic,DOM,2002,131944
Dominican Republic,DOM,2003,128395
Dominican Republic,DOM,2004,124263
Dominican Republic,DOM,2005,120146
Dominican Republic,DOM,2006,116152
Dominican Republic,DOM,2007,114476
Dominican Republic,DOM,2008,117472
Dominican Republic,DOM,2009,122135
Dominican Republic,DOM,2010,124910
Dominican Republic,DOM,2011,125443
Dominican Republic,DOM,2012,124786
Dominican Republic,DOM,2013,123429
Dominican Republic,DOM,2014,121685
Dominican Republic,DOM,2015,119303
Dominican Republic,DOM,2016,116604
Dominican Republic,DOM,2017,115416
Dominican Republic,DOM,2018,115202
Dominican Republic,DOM,2019,111995
Dominican Republic,DOM,2020,114255
Dominican Republic,DOM,2021,115182
Dominican Republic,DOM,2022,107254
Dominican Republic,DOM,2023,100535
East Timor,TLS,1951,3499
East Timor,TLS,1952,4162
East Timor,TLS,1953,4566
East Timor,TLS,1954,4912
East Timor,TLS,1955,5254
East Timor,TLS,1956,5543
East Timor,TLS,1957,5863
East Timor,TLS,1958,6190
East Timor,TLS,1959,6522
East Timor,TLS,1960,6852
East Timor,TLS,1961,7170
East Timor,TLS,1962,7482
East Timor,TLS,1963,7790
East Timor,TLS,1964,8092
East Timor,TLS,1965,8377
East Timor,TLS,1966,8657
East Timor,TLS,1967,8953
East Timor,TLS,1968,9229
East Timor,TLS,1969,9480
East Timor,TLS,1970,9719
East Timor,TLS,1971,9895
East Timor,TLS,1972,10001
East Timor,TLS,1973,9887
East Timor,TLS,1974,7969
East Timor,TLS,1975,7337
East Timor,TLS,1976,9464
East Timor,TLS,1977,10687
East Timor,TLS,1978,10461
East Timor,TLS,1979,9945
East Timor,TLS,1980,11152
East Timor,TLS,1981,10626
East Timor,TLS,1982,8653
East Timor,TLS,1983,8548
East Timor,TLS,1984,9082
East Timor,TLS,1985,9885
East Timor,TLS,1986,10520
East Timor,TLS,1987,11296
East Timor,TLS,1988,12266
East Timor,TLS,1989,14107
East Timor,TLS,1990,15488
East Timor,TLS,1991,17938
East Timor,TLS,1992,21037
East Timor,TLS,1993,22122
East Timor,TLS,1994,23056
East Timor,TLS,1995,23651
East Timor,TLS,1996,24137
East Timor,TLS,1997,24900
East Timor,TLS,1998,25348
East Timor,TLS,1999,-107838
East Timor,TLS,2000,-89604
East Timor,TLS,2001,67158
East Timor,TLS,2002,66917
East Timor,TLS,2003,37706
East Timor,TLS,2004,12205
East Timor,TLS,2005,19229
East Timor,TLS,2006,28300
East Timor,TLS,2007,28288
East Timor,TLS,2008,27533
East Timor,TLS,2009,26352
East Timor,TLS,2010,25905
East Timor,TLS,2011,25524
East Timor,TLS,2012,24679
East Timor,TLS,2013,23806
East Timor,TLS,2014,23216
East Timor,TLS,2015,23220
East Timor,TLS,2016,23181
East Timor,TLS,2017,23397
East Timor,TLS,2018,24251
East Timor,TLS,2019,24984
East Timor,TLS,2020,25105
East Timor,TLS,2021,24091
East Timor,TLS,2022,19157
East Timor,TLS,2023,14993
Ecuador,ECU,1951,91046
Ecuador,ECU,1952,94566
Ecuador,ECU,1953,97893
Ecuador,ECU,1954,101218
Ecuador,ECU,1955,104675
Ecuador,ECU,1956,108348
Ecuador,ECU,1957,112319
Ecuador,ECU,1958,116643
Ecuador,ECU,1959,121262
Ecuador,ECU,1960,126132
Ecuador,ECU,1961,131441
Ecuador,ECU,1962,136938
Ecuador,ECU,1963,142449
Ecuador,ECU,1964,148204
Ecuador,ECU,1965,154035
Ecuador,ECU,1966,159789
Ecuador,ECU,1967,165311
Ecuador,ECU,1968,170623
Ecuador,ECU,1969,175551
Ecuador,ECU,1970,180158
Ecuador,ECU,1971,184664
Ecuador,ECU,1972,188984
Ecuador,ECU,1973,192996
Ecuador,ECU,1974,196535
Ecuador,ECU,1975,199687
Ecuador,ECU,1976,202655
Ecuador,ECU,1977,205913
Ecuador,ECU,1978,209350
Ecuador,ECU,1979,212695
Ecuador,ECU,1980,217011
Ecuador,ECU,1981,221031
Ecuador,ECU,1982,224383
Ecuador,ECU,1983,229128
Ecuador,ECU,1984,234359
Ecuador,ECU,1985,236369
Ecuador,ECU,1986,234847
Ecuador,ECU,1987,233291
Ecuador,ECU,1988,231514
Ecuador,ECU,1989,231055
Ecuador,ECU,1990,231815
Ecuador,ECU,1991,228703
Ecuador,ECU,1992,227751
Ecuador,ECU,1993,224155
Ecuador,ECU,1994,217914
Ecuador,ECU,1995,218322
Ecuador,ECU,1996,220435
Ecuador,ECU,1997,220175
Ecuador,ECU,1998,220059
Ecuador,ECU,1999,219612
Ecuador,ECU,2000,218415
Ecuador,ECU,2001,221521
Ecuador,ECU,2002,227737
Ecuador,ECU,2003,233831
Ecuador,ECU,2004,236396
Ecuador,ECU,2005,237462
Ecuador,ECU,2006,239976
Ecuador,ECU,2007,242645
Ecuador,ECU,2008,246418
Ecuador,ECU,2009,250759
Ecuador,ECU,2010,250737
Ecuador,ECU,2011,249535
Ecuador,ECU,2012,245963
Ecuador,ECU,2013,234937
Ecuador,ECU,2014,227995
Ecuador,ECU,2015,231102
Ecuador,ECU,2016,238913
Ecuador,ECU,2017,254373
Ecuador,ECU,2018,290027
Ecuador,ECU,2019,290475
Ecuador,ECU,2020,206041
Ecuador,ECU,2021,136396
Ecuador,ECU,2022,141446
Ecuador,ECU,2023,156179
Egypt,EGY,1951,457754
Egypt,EGY,1952,499024
Egypt,EGY,1953,539202
Egypt,EGY,1954,568416
Egypt,EGY,1955,582670
Egypt,EGY,1956,592116
Egypt,EGY,1957,607067
Egypt,EGY,1958,605910
Egypt,EGY,1959,626539
Egypt,EGY,1960,669614
Egypt,EGY,1961,704423
Egypt,EGY,1962,736114
Egypt,EGY,1963,754851
Egypt,EGY,1964,767057
Egypt,EGY,1965,770249
Egypt,EGY,1966,777369
Egypt,EGY,1967,789823
Egypt,EGY,1968,801956
Egypt,EGY,1969,813297
Egypt,EGY,1970,812371
Egypt,EGY,1971,809380
Egypt,EGY,1972,824957
Egypt,EGY,1973,843717
Egypt,EGY,1974,867623
Egypt,EGY,1975,905659
Egypt,EGY,1976,920232
Egypt,EGY,1977,953320
Egypt,EGY,1978,1012559
Egypt,EGY,1979,1057198
Egypt,EGY,1980,1131778
Egypt,EGY,1981,1196813
Egypt,EGY,1982,1260386
Egypt,EGY,1983,1378789
Egypt,EGY,1984,1460935
Egypt,EGY,1985,1487638
Egypt,EGY,1986,1471322
Egypt,EGY,1987,1468140
Egypt,EGY,1988,1513244
Egypt,EGY,1989,1522961
Egypt,EGY,1990,1685984
Egypt,EGY,1991,1632376
Egypt,EGY,1992,1451662
Egypt,EGY,1993,1435018
Egypt,EGY,1994,1369915
Egypt,EGY,1995,1367025
Egypt,EGY,1996,1375424
Egypt,EGY,1997,1403693
Egypt,EGY,1998,1511559
Egypt,EGY,1999,1577656
Egypt,EGY,2000,1562334
Egypt,EGY,2001,1568748
Egypt,EGY,2002,1587105
Egypt,EGY,2003,1614408
Egypt,EGY,2004,1623893
Egypt,EGY,2005,1623571
Egypt,EGY,2006,1599392
Egypt,EGY,2007,1575820
Egypt,EGY,2008,1588567
Egypt,EGY,2009,1636844
Egypt,EGY,2010,1694438
Egypt,EGY,2011,1896993
Egypt,EGY,2012,2067934
Egypt,EGY,2013,2172551
Egypt,EGY,2014,2195104
Egypt,EGY,2015,2068679
Egypt,EGY,2016,2047249
Egypt,EGY,2017,2051472
Egypt,EGY,2018,1986037
Egypt,EGY,2019,1871067
Egypt,EGY,2020,1761959
Egypt,EGY,2021,1641887
Egypt,EGY,2022,1661247
Egypt,EGY,2023,1917520
El Salvador,SLV,1951,51796
El Salvador,SLV,1952,52651
El Salvador,SLV,1953,54021
El Salvador,SLV,1954,55851
El Salvador,SLV,1955,58766
El Salvador,SLV,1956,61581
El Salvador,SLV,1957,64335
El Salvador,SLV,1958,66156
El Salvador,SLV,1959,68869
El Salvador,SLV,1960,73909
El Salvador,SLV,1961,78574
El Salvador,SLV,1962,79189
El Salvador,SLV,1963,79467
El Salvador,SLV,1964,83215
El Salvador,SLV,1965,87581
El Salvador,SLV,1966,91488
El Salvador,SLV,1967,94230
El Salvador,SLV,1968,95583
El Salvador,SLV,1969,95713
El Salvador,SLV,1970,92311
El Salvador,SLV,1971,88732
El Salvador,SLV,1972,89304
El Salvador,SLV,1973,91238
El Salvador,SLV,1974,91602
El Salvador,SLV,1975,90776
El Salvador,SLV,1976,89861
El Salvador,SLV,1977,90947
El Salvador,SLV,1978,92867
El Salvador,SLV,1979,86263
El Salvador,SLV,1980,59988
El Salvador,SLV,1981,30225
El Salvador,SLV,1982,51876
El Salvador,SLV,1983,84890
El Salvador,SLV,1984,90635
El Salvador,SLV,1985,96700
El Salvador,SLV,1986,98069
El Salvador,SLV,1987,99671
El Salvador,SLV,1988,103385
El Salvador,SLV,1989,103149
El Salvador,SLV,1990,100751
El Salvador,SLV,1991,95353
El Salvador,SLV,1992,90530
El Salvador,SLV,1993,74348
El Salvador,SLV,1994,54179
El Salvador,SLV,1995,47997
El Salvador,SLV,1996,43151
El Salvador,SLV,1997,39292
El Salvador,SLV,1998,36208
El Salvador,SLV,1999,33122
El Salvador,SLV,2000,29455
El Salvador,SLV,2001,24695
El Salvador,SLV,2002,18571
El Salvador,SLV,2003,11968
El Salvador,SLV,2004,6076
El Salvador,SLV,2005,910
El Salvador,SLV,2006,-3262
El Salvador,SLV,2007,7499
El Salvador,SLV,2008,19482
El Salvador,SLV,2009,18982
El Salvador,SLV,2010,19969
El Salvador,SLV,2011,21875
El Salvador,SLV,2012,23849
El Salvador,SLV,2013,24868
El Salvador,SLV,2014,24107
El Salvador,SLV,2015,20723
El Salvador,SLV,2016,17133
El Salvador,SLV,2017,12730
El Salvador,SLV,2018,6265
El Salvador,SLV,2019,2513
El Salvador,SLV,2020,12363
El Salvador,SLV,2021,21101
El Salvador,SLV,2022,24536
El Salvador,SLV,2023,29313
Equatorial Guinea,GNQ,1951,4058
Equatorial Guinea,GNQ,1952,4062
Equatorial Guinea,GNQ,1953,4115
Equatorial Guinea,GNQ,1954,4180
Equatorial Guinea,GNQ,1955,4243
Equatorial Guinea,GNQ,1956,4306
Equatorial Guinea,GNQ,1957,4397
Equatorial Guinea,GNQ,1958,4466
Equatorial Guinea,GNQ,1959,4606
Equatorial Guinea,GNQ,1960,4810
Equatorial Guinea,GNQ,1961,5094
Equatorial Guinea,GNQ,1962,5387
Equatorial Guinea,GNQ,1963,5680
Equatorial Guinea,GNQ,1964,5980
Equatorial Guinea,GNQ,1965,6294
Equatorial Guinea,GNQ,1966,6620
Equatorial Guinea,GNQ,1967,6946
Equatorial Guinea,GNQ,1968,7039
Equatorial Guinea,GNQ,1969,3672
Equatorial Guinea,GNQ,1970,-1710
Equatorial Guinea,GNQ,1971,-4869
Equatorial Guinea,GNQ,1972,-6472
Equatorial Guinea,GNQ,1973,-7181
Equatorial Guinea,GNQ,1974,-7336
Equatorial Guinea,GNQ,1975,-7045
Equatorial Guinea,GNQ,1976,-6870
Equatorial Guinea,GNQ,1977,-4258
Equatorial Guinea,GNQ,1978,-250
Equatorial Guinea,GNQ,1979,3314
Equatorial Guinea,GNQ,1980,8804
Equatorial Guinea,GNQ,1981,14610
Equatorial Guinea,GNQ,1982,18964
Equatorial Guinea,GNQ,1983,21203
Equatorial Guinea,GNQ,1984,21476
Equatorial Guinea,GNQ,1985,20648
Equatorial Guinea,GNQ,1986,19187
Equatorial Guinea,GNQ,1987,17789
Equatorial Guinea,GNQ,1988,17130
Equatorial Guinea,GNQ,1989,17162
Equatorial Guinea,GNQ,1990,17468
Equatorial Guinea,GNQ,1991,17931
Equatorial Guinea,GNQ,1992,18555
Equatorial Guinea,GNQ,1993,19255
Equatorial Guinea,GNQ,1994,20118
Equatorial Guinea,GNQ,1995,21126
Equatorial Guinea,GNQ,1996,22222
Equatorial Guinea,GNQ,1997,23401
Equatorial Guinea,GNQ,1998,24581
Equatorial Guinea,GNQ,1999,25744
Equatorial Guinea,GNQ,2000,36065
Equatorial Guinea,GNQ,2001,46549
Equatorial Guinea,GNQ,2002,48132
Equatorial Guinea,GNQ,2003,49899
Equatorial Guinea,GNQ,2004,52057
Equatorial Guinea,GNQ,2005,47446
Equatorial Guinea,GNQ,2006,42979
Equatorial Guinea,GNQ,2007,45704
Equatorial Guinea,GNQ,2008,48485
Equatorial Guinea,GNQ,2009,51145
Equatorial Guinea,GNQ,2010,53414
Equatorial Guinea,GNQ,2011,52746
Equatorial Guinea,GNQ,2012,51642
Equatorial Guinea,GNQ,2013,52735
Equatorial Guinea,GNQ,2014,53609
Equatorial Guinea,GNQ,2015,54096
Equatorial Guinea,GNQ,2016,54267
Equatorial Guinea,GNQ,2017,54209
Equatorial Guinea,GNQ,2018,54024
Equatorial Guinea,GNQ,2019,53759
Equatorial Guinea,GNQ,2020,46295
Equatorial Guinea,GNQ,2021,42317
Equatorial Guinea,GNQ,2022,44753
Equatorial Guinea,GNQ,2023,44007
Eritrea,ERI,1951,12155
Eritrea,ERI,1952,13317
Eritrea,ERI,1953,14356
Eritrea,ERI,1954,15322
Eritrea,ERI,1955,16215
Eritrea,ERI,1956,17176
Eritrea,ERI,1957,15386
Eritrea,ERI,1958,13788
Eritrea,ERI,1959,17967
Eritrea,ERI,1960,21996
Eritrea,ERI,1961,23018
Eritrea,ERI,1962,24213
Eritrea,ERI,1963,25307
Eritrea,ERI,1964,26197
Eritrea,ERI,1965,27044
Eritrea,ERI,1966,26622
Eritrea,ERI,1967,27386
Eritrea,ERI,1968,29397
Eritrea,ERI,1969,30263
Eritrea,ERI,1970,31452
Eritrea,ERI,1971,32703
Eritrea,ERI,1972,33088
Eritrea,ERI,1973,33429
Eritrea,ERI,1974,33010
Eritrea,ERI,1975,32531
Eritrea,ERI,1976,35593
Eritrea,ERI,1977,38756
Eritrea,ERI,1978,39815
Eritrea,ERI,1979,40950
Eritrea,ERI,1980,42468
Eritrea,ERI,1981,44146
Eritrea,ERI,1982,45519
Eritrea,ERI,1983,40698
Eritrea,ERI,1984,35573
Eritrea,ERI,1985,36076
Eritrea,ERI,1986,37357
Eritrea,ERI,1987,43503
Eritrea,ERI,1988,49592
Eritrea,ERI,1989,48757
Eritrea,ERI,1990,45728
Eritrea,ERI,1991,-113174
Eritrea,ERI,1992,-120825
Eritrea,ERI,1993,57267
Eritrea,ERI,1994,57902
Eritrea,ERI,1995,111354
Eritrea,ERI,1996,103191
Eritrea,ERI,1997,23682
Eritrea,ERI,1998,28277
Eritrea,ERI,1999,32362
Eritrea,ERI,2000,34251
Eritrea,ERI,2001,65047
Eritrea,ERI,2002,80898
Eritrea,ERI,2003,100925
Eritrea,ERI,2004,104382
Eritrea,ERI,2005,62927
Eritrea,ERI,2006,42286
Eritrea,ERI,2007,39725
Eritrea,ERI,2008,73105
Eritrea,ERI,2009,71556
Eritrea,ERI,2010,57297
Eritrea,ERI,2011,53309
Eritrea,ERI,2012,38505
Eritrea,ERI,2013,37369
Eritrea,ERI,2014,20801
Eritrea,ERI,2015,10386
Eritrea,ERI,2016,19146
Eritrea,ERI,2017,25650
Eritrea,ERI,2018,42413
Eritrea,ERI,2019,47431
Eritrea,ERI,2020,51083
Eritrea,ERI,2021,58908
Eritrea,ERI,2022,59265
Eritrea,ERI,2023,60941
Estonia,EST,1951,14150
Estonia,EST,1952,13682
Estonia,EST,1953,12766
Estonia,EST,1954,12167
Estonia,EST,1955,12067
Estonia,EST,1956,11288
Estonia,EST,1957,10619
Estonia,EST,1958,11625
Estonia,EST,1959,9532
Estonia,EST,1960,10522
Estonia,EST,1961,14704
Estonia,EST,1962,14465
Estonia,EST,1963,14121
Estonia,EST,1964,14587
Estonia,EST,1965,14466
Estonia,EST,1966,13638
Estonia,EST,1967,13614
Estonia,EST,1968,14249
Estonia,EST,1969,14388
Estonia,EST,1970,13176
Estonia,EST,1971,12651
Estonia,EST,1972,12694
Estonia,EST,1973,12127
Estonia,EST,1974,12208
Estonia,EST,1975,11954
Estonia,EST,1976,11362
Estonia,EST,1977,11703
Estonia,EST,1978,11657
Estonia,EST,1979,9792
Estonia,EST,1980,8445
Estonia,EST,1981,8878
Estonia,EST,1982,9568
Estonia,EST,1983,10336
Estonia,EST,1984,10366
Estonia,EST,1985,9668
Estonia,EST,1986,10313
Estonia,EST,1987,11664
Estonia,EST,1988,11843
Estonia,EST,1989,8489
Estonia,EST,1990,2719
Estonia,EST,1991,-4929
Estonia,EST,1992,-25166
Estonia,EST,1993,-35870
Estonia,EST,1994,-28628
Estonia,EST,1995,-22942
Estonia,EST,1996,-18119
Estonia,EST,1997,-13161
Estonia,EST,1998,-10288
Estonia,EST,1999,-7628
Estonia,EST,2000,-6577
Estonia,EST,2001,-8827
Estonia,EST,2002,-8736
Estonia,EST,2003,-8589
Estonia,EST,2004,-8167
Estonia,EST,2005,-7835
Estonia,EST,2006,-7962
Estonia,EST,2007,-6176
Estonia,EST,2008,-3631
Estonia,EST,2009,-2550
Estonia,EST,2010,-3078
Estonia,EST,2011,-4084
Estonia,EST,2012,-4751
Estonia,EST,2013,-4695
Estonia,EST,2014,-3463
Estonia,EST,2015,123
Estonia,EST,2016,1270
Estonia,EST,2017,1580
Estonia,EST,2018,4542
Estonia,EST,2019,4850
Estonia,EST,2020,2853
Estonia,EST,2021,2075
Estonia,EST,2022,18343
Estonia,EST,2023,17102
Eswatini,SWZ,1951,6948
Eswatini,SWZ,1952,7019
Eswatini,SWZ,1953,7105
Eswatini,SWZ,1954,7201
Eswatini,SWZ,1955,7279
Eswatini,SWZ,1956,7398
Eswatini,SWZ,1957,7511
Eswatini,SWZ,1958,7639
Eswatini,SWZ,1959,7751
Eswatini,SWZ,1960,7818
Eswatini,SWZ,1961,7926
Eswatini,SWZ,1962,8111
Eswatini,SWZ,1963,8392
Eswatini,SWZ,1964,8892
Eswatini,SWZ,1965,9682
Eswatini,SWZ,1966,10431
Eswatini,SWZ,1967,10271
Eswatini,SWZ,1968,10110
Eswatini,SWZ,1969,10730
Eswatini,SWZ,1970,11339
Eswatini,SWZ,1971,11969
Eswatini,SWZ,1972,12599
Eswatini,SWZ,1973,13252
Eswatini,SWZ,1974,13961
Eswatini,SWZ,1975,14671
Eswatini,SWZ,1976,15664
Eswatini,SWZ,1977,17014
Eswatini,SWZ,1978,18093
Eswatini,SWZ,1979,18762
Eswatini,SWZ,1980,19449
Eswatini,SWZ,1981,20159
Eswatini,SWZ,1982,20840
Eswatini,SWZ,1983,21302
Eswatini,SWZ,1984,21832
Eswatini,SWZ,1985,25414
Eswatini,SWZ,1986,28532
Eswatini,SWZ,1987,29076
Eswatini,SWZ,1988,35994
Eswatini,SWZ,1989,38004
Eswatini,SWZ,1990,34626
Eswatini,SWZ,1991,35757
Eswatini,SWZ,1992,35233
Eswatini,SWZ,1993,27901
Eswatini,SWZ,1994,-106
Eswatini,SWZ,1995,-782
Eswatini,SWZ,1996,19408
Eswatini,SWZ,1997,16800
Eswatini,SWZ,1998,13010
Eswatini,SWZ,1999,11128
Eswatini,SWZ,2000,10643
Eswatini,SWZ,2001,9638
Eswatini,SWZ,2002,8390
Eswatini,SWZ,2003,7250
Eswatini,SWZ,2004,6464
Eswatini,SWZ,2005,5852
Eswatini,SWZ,2006,5420
Eswatini,SWZ,2007,6271
Eswatini,SWZ,2008,7385
Eswatini,SWZ,2009,7060
Eswatini,SWZ,2010,6493
Eswatini,SWZ,2011,6194
Eswatini,SWZ,2012,6025
Eswatini,SWZ,2013,6130
Eswatini,SWZ,2014,6305
Eswatini,SWZ,2015,6517
Eswatini,SWZ,2016,6694
Eswatini,SWZ,2017,8682
Eswatini,SWZ,2018,10735
Eswatini,SWZ,2019,10952
Eswatini,SWZ,2020,12849
Eswatini,SWZ,2021,13864
Eswatini,SWZ,2022,12323
Eswatini,SWZ,2023,11586
Ethiopia,ETH,1951,318642
Ethiopia,ETH,1952,337116
Ethiopia,ETH,1953,348596
Ethiopia,ETH,1954,363264
Ethiopia,ETH,1955,381732
Ethiopia,ETH,1956,399118
Ethiopia,ETH,1957,354861
Ethiopia,ETH,1958,306534
Ethiopia,ETH,1959,397817
Ethiopia,ETH,1960,498590
Ethiopia,ETH,1961,529414
Ethiopia,ETH,1962,559023
Ethiopia,ETH,1963,586514
Ethiopia,ETH,1964,614908
Ethiopia,ETH,1965,644068
Ethiopia,ETH,1966,642076
Ethiopia,ETH,1967,667592
Ethiopia,ETH,1968,717650
Ethiopia,ETH,1969,734642
Ethiopia,ETH,1970,756560
Ethiopia,ETH,1971,770979
Ethiopia,ETH,1972,774497
Ethiopia,ETH,1973,792178
Ethiopia,ETH,1974,790488
Ethiopia,ETH,1975,765978
Ethiopia,ETH,1976,811173
Ethiopia,ETH,1977,632848
Ethiopia,ETH,1978,567325
Ethiopia,ETH,1979,504054
Ethiopia,ETH,1980,189860
Ethiopia,ETH,1981,875495
Ethiopia,ETH,1982,1397283
Ethiopia,ETH,1983,1039528
Ethiopia,ETH,1984,994907
Ethiopia,ETH,1985,1106408
Ethiopia,ETH,1986,1195522
Ethiopia,ETH,1987,1422381
Ethiopia,ETH,1988,1690795
Ethiopia,ETH,1989,1728852
Ethiopia,ETH,1990,1730074
Ethiopia,ETH,1991,2107443
Ethiopia,ETH,1992,2136553
Ethiopia,ETH,1993,1855136
Ethiopia,ETH,1994,1902622
Ethiopia,ETH,1995,1925826
Ethiopia,ETH,1996,1930300
Ethiopia,ETH,1997,1936901
Ethiopia,ETH,1998,1958982
Ethiopia,ETH,1999,2011038
Ethiopia,ETH,2000,2036935
Ethiopia,ETH,2001,2076271
Ethiopia,ETH,2002,2147754
Ethiopia,ETH,2003,2197143
Ethiopia,ETH,2004,2244547
Ethiopia,ETH,2005,2290265
Ethiopia,ETH,2006,2336019
Ethiopia,ETH,2007,2399723
Ethiopia,ETH,2008,2440452
Ethiopia,ETH,2009,2463971
Ethiopia,ETH,2010,2530877
Ethiopia,ETH,2011,2611459
Ethiopia,ETH,2012,2648794
Ethiopia,ETH,2013,2639981
Ethiopia,ETH,2014,2676863
Ethiopia,ETH,2015,2751525
Ethiopia,ETH,2016,2851023
Ethiopia,ETH,2017,2948319
Ethiopia,ETH,2018,2997675
Ethiopia,ETH,2019,3073227
Ethiopia,ETH,2020,3180286
Ethiopia,ETH,2021,3220918
Ethiopia,ETH,2022,3245697
Ethiopia,ETH,2023,3307410
Europe (UN),UN_EUR,1951,4967334
Europe (UN),UN_EUR,1952,4955184
Europe (UN),UN_EUR,1953,5353743
Europe (UN),UN_EUR,1954,5600471
Europe (UN),UN_EUR,1955,5699325
Europe (UN),UN_EUR,1956,5712771
Europe (UN),UN_EUR,1957,6031274
Europe (UN),UN_EUR,1958,6432300
Europe (UN),UN_EUR,1959,6200176
Europe (UN),UN_EUR,1960,5997142
Europe (UN),UN_EUR,1961,6044667
Europe (UN),UN_EUR,1962,5953905
Europe (UN),UN_EUR,1963,5777137
Europe (UN),UN_EUR,1964,5562060
Europe (UN),UN_EUR,1965,5257857
Europe (UN),UN_EUR,1966,5000486
Europe (UN),UN_EUR,1967,4689745
Europe (UN),UN_EUR,1968,4510823
Europe (UN),UN_EUR,1969,4524943
Europe (UN),UN_EUR,1970,3859737
Europe (UN),UN_EUR,1971,3957659
Europe (UN),UN_EUR,1972,4565255
Europe (UN),UN_EUR,1973,4278303
Europe (UN),UN_EUR,1974,3941654
Europe (UN),UN_EUR,1975,3538242
Europe (UN),UN_EUR,1976,3377213
Europe (UN),UN_EUR,1977,3443073
Europe (UN),UN_EUR,1978,3333791
Europe (UN),UN_EUR,1979,3312206
Europe (UN),UN_EUR,1980,3532708
Europe (UN),UN_EUR,1981,3315040
Europe (UN),UN_EUR,1982,2857800
Europe (UN),UN_EUR,1983,2827030
Europe (UN),UN_EUR,1984,2832106
Europe (UN),UN_EUR,1985,2829777
Europe (UN),UN_EUR,1986,3052236
Europe (UN),UN_EUR,1987,3175708
Europe (UN),UN_EUR,1988,3206946
Europe (UN),UN_EUR,1989,3049135
Europe (UN),UN_EUR,1990,2714966
Europe (UN),UN_EUR,1991,2344111
Europe (UN),UN_EUR,1992,1133185
Europe (UN),UN_EUR,1993,389216
Europe (UN),UN_EUR,1994,878741
Europe (UN),UN_EUR,1995,495947
Europe (UN),UN_EUR,1996,-10768
Europe (UN),UN_EUR,1997,55303
Europe (UN),UN_EUR,1998,-561028
Europe (UN),UN_EUR,1999,-646425
Europe (UN),UN_EUR,2000,-53479
Europe (UN),UN_EUR,2001,73520
Europe (UN),UN_EUR,2002,888791
Europe (UN),UN_EUR,2003,1249865
Europe (UN),UN_EUR,2004,869812
Europe (UN),UN_EUR,2005,800324
Europe (UN),UN_EUR,2006,637552
Europe (UN),UN_EUR,2007,1212262
Europe (UN),UN_EUR,2008,1653114
Europe (UN),UN_EUR,2009,1386281
Europe (UN),UN_EUR,2010,1209595
Europe (UN),UN_EUR,2011,1213884
Europe (UN),UN_EUR,2012,1099639
Europe (UN),UN_EUR,2013,1011934
Europe (UN),UN_EUR,2014,1169864
Europe (UN),UN_EUR,2015,1596394
Europe (UN),UN_EUR,2016,1766074
Europe (UN),UN_EUR,2017,1426102
Europe (UN),UN_EUR,2018,1135651
Europe (UN),UN_EUR,2019,939268
Europe (UN),UN_EUR,2020,19913
Europe (UN),UN_EUR,2021,-910540
Europe (UN),UN_EUR,2022,-1648911
Europe (UN),UN_EUR,2023,-1361719
Falkland Islands,FLK,1951,17
Falkland Islands,FLK,1952,3
Falkland Islands,FLK,1953,-2
Falkland Islands,FLK,1954,-26
Falkland Islands,FLK,1955,0
Falkland Islands,FLK,1956,4
Falkland Islands,FLK,1957,11
Falkland Islands,FLK,1958,15
Falkland Islands,FLK,1959,27
Falkland Islands,FLK,1960,21
Falkland Islands,FLK,1961,25
Falkland Islands,FLK,1962,21
Falkland Islands,FLK,1963,-5
Falkland Islands,FLK,1964,-3
Falkland Islands,FLK,1965,-7
Falkland Islands,FLK,1966,1
Falkland Islands,FLK,1967,-8
Falkland Islands,FLK,1968,-8
Falkland Islands,FLK,1969,-1
Falkland Islands,FLK,1970,-1
Falkland Islands,FLK,1971,-3
Falkland Islands,FLK,1972,3
Falkland Islands,FLK,1973,4
Falkland Islands,FLK,1974,7
Falkland Islands,FLK,1975,7
Falkland Islands,FLK,1976,4
Falkland Islands,FLK,1977,-6
Falkland Islands,FLK,1978,-10
Falkland Islands,FLK,1979,-20
Falkland Islands,FLK,1980,-13
Falkland Islands,FLK,1981,-3
Falkland Islands,FLK,1982,2
Falkland Islands,FLK,1983,-2
Falkland Islands,FLK,1984,-3
Falkland Islands,FLK,1985,-6
Falkland Islands,FLK,1986,2
Falkland Islands,FLK,1987,19
Falkland Islands,FLK,1988,28
Falkland Islands,FLK,1989,31
Falkland Islands,FLK,1990,29
Falkland Islands,FLK,1991,49
Falkland Islands,FLK,1992,86
Falkland Islands,FLK,1993,93
Falkland Islands,FLK,1994,91
Falkland Islands,FLK,1995,102
Falkland Islands,FLK,1996,82
Falkland Islands,FLK,1997,58
Falkland Islands,FLK,1998,66
Falkland Islands,FLK,1999,60
Falkland Islands,FLK,2000,64
Falkland Islands,FLK,2001,48
Falkland Islands,FLK,2002,26
Falkland Islands,FLK,2003,19
Falkland Islands,FLK,2004,18
Falkland Islands,FLK,2005,12
Falkland Islands,FLK,2006,12
Falkland Islands,FLK,2007,-5
Falkland Islands,FLK,2008,-5
Falkland Islands,FLK,2009,-11
Falkland Islands,FLK,2010,-15
Falkland Islands,FLK,2011,-13
Falkland Islands,FLK,2012,18
Falkland Islands,FLK,2013,68
Falkland Islands,FLK,2014,71
Falkland Islands,FLK,2015,70
Falkland Islands,FLK,2016,67
Falkland Islands,FLK,2017,42
Falkland Islands,FLK,2018,8
Falkland Islands,FLK,2019,-8
Falkland Islands,FLK,2020,-4
Falkland Islands,FLK,2021,-13
Falkland Islands,FLK,2022,-9
Falkland Islands,FLK,2023,-17
Faroe Islands,FRO,1951,239
Faroe Islands,FRO,1952,109
Faroe Islands,FRO,1953,27
Faroe Islands,FRO,1954,29
Faroe Islands,FRO,1955,43
Faroe Islands,FRO,1956,212
Faroe Islands,FRO,1957,401
Faroe Islands,FRO,1958,445
Faroe Islands,FRO,1959,482
Faroe Islands,FRO,1960,473
Faroe Islands,FRO,1961,430
Faroe Islands,FRO,1962,408
Faroe Islands,FRO,1963,425
Faroe Islands,FRO,1964,453
Faroe Islands,FRO,1965,506
Faroe Islands,FRO,1966,468
Faroe Islands,FRO,1967,386
Faroe Islands,FRO,1968,360
Faroe Islands,FRO,1969,343
Faroe Islands,FRO,1970,365
Faroe Islands,FRO,1971,429
Faroe Islands,FRO,1972,476
Faroe Islands,FRO,1973,460
Faroe Islands,FRO,1974,475
Faroe Islands,FRO,1975,457
Faroe Islands,FRO,1976,454
Faroe Islands,FRO,1977,442
Faroe Islands,FRO,1978,502
Faroe Islands,FRO,1979,555
Faroe Islands,FRO,1980,548
Faroe Islands,FRO,1981,561
Faroe Islands,FRO,1982,540
Faroe Islands,FRO,1983,503
Faroe Islands,FRO,1984,472
Faroe Islands,FRO,1985,431
Faroe Islands,FRO,1986,429
Faroe Islands,FRO,1987,458
Faroe Islands,FRO,1988,495
Faroe Islands,FRO,1989,555
Faroe Islands,FRO,1990,-11
Faroe Islands,FRO,1991,-686
Faroe Islands,FRO,1992,-796
Faroe Islands,FRO,1993,-883
Faroe Islands,FRO,1994,-965
Faroe Islands,FRO,1995,-332
Faroe Islands,FRO,1996,340
Faroe Islands,FRO,1997,365
Faroe Islands,FRO,1998,352
Faroe Islands,FRO,1999,322
Faroe Islands,FRO,2000,445
Faroe Islands,FRO,2001,575
Faroe Islands,FRO,2002,590
Faroe Islands,FRO,2003,596
Faroe Islands,FRO,2004,593
Faroe Islands,FRO,2005,345
Faroe Islands,FRO,2006,70
Faroe Islands,FRO,2007,42
Faroe Islands,FRO,2008,30
Faroe Islands,FRO,2009,-16
Faroe Islands,FRO,2010,-321
Faroe Islands,FRO,2011,-234
Faroe Islands,FRO,2012,156
Faroe Islands,FRO,2013,184
Faroe Islands,FRO,2014,218
Faroe Islands,FRO,2015,401
Faroe Islands,FRO,2016,638
Faroe Islands,FRO,2017,714
Faroe Islands,FRO,2018,794
Faroe Islands,FRO,2019,806
Faroe Islands,FRO,2020,747
Faroe Islands,FRO,2021,709
Faroe Islands,FRO,2022,715
Faroe Islands,FRO,2023,699
Fiji,FJI,1951,6612
Fiji,FJI,1952,7237
Fiji,FJI,1953,7851
Fiji,FJI,1954,8529
Fiji,FJI,1955,9330
Fiji,FJI,1956,10134
Fiji,FJI,1957,10705
Fiji,FJI,1958,11156
Fiji,FJI,1959,11691
Fiji,FJI,1960,12131
Fiji,FJI,1961,12517
Fiji,FJI,1962,13132
Fiji,FJI,1963,13738
Fiji,FJI,1964,14045
Fiji,FJI,1965,14250
Fiji,FJI,1966,13910
Fiji,FJI,1967,12388
Fiji,FJI,1968,11127
Fiji,FJI,1969,10797
Fiji,FJI,1970,10393
Fiji,FJI,1971,9934
Fiji,FJI,1972,9376
Fiji,FJI,1973,8724
Fiji,FJI,1974,8266
Fiji,FJI,1975,8421
Fiji,FJI,1976,9625
Fiji,FJI,1977,12267
Fiji,FJI,1978,14290
Fiji,FJI,1979,14775
Fiji,FJI,1980,15109
Fiji,FJI,1981,15488
Fiji,FJI,1982,15949
Fiji,FJI,1983,16423
Fiji,FJI,1984,16877
Fiji,FJI,1985,17045
Fiji,FJI,1986,15553
Fiji,FJI,1987,11231
Fiji,FJI,1988,8156
Fiji,FJI,1989,7624
Fiji,FJI,1990,6994
Fiji,FJI,1991,6341
Fiji,FJI,1992,5683
Fiji,FJI,1993,5031
Fiji,FJI,1994,4399
Fiji,FJI,1995,3971
Fiji,FJI,1996,5038
Fiji,FJI,1997,8357
Fiji,FJI,1998,10114
Fiji,FJI,1999,9576
Fiji,FJI,2000,9078
Fiji,FJI,2001,8693
Fiji,FJI,2002,8451
Fiji,FJI,2003,8240
Fiji,FJI,2004,8072
Fiji,FJI,2005,8015
Fiji,FJI,2006,7986
Fiji,FJI,2007,7473
Fiji,FJI,2008,5560
Fiji,FJI,2009,3845
Fiji,FJI,2010,3179
Fiji,FJI,2011,2564
Fiji,FJI,2012,1929
Fiji,FJI,2013,1439
Fiji,FJI,2014,1230
Fiji,FJI,2015,996
Fiji,FJI,2016,582
Fiji,FJI,2017,-405
Fiji,FJI,2018,-1577
Fiji,FJI,2019,-2279
Fiji,FJI,2020,65
Fiji,FJI,2021,1747
Fiji,FJI,2022,2710
Fiji,FJI,2023,4722
Finland,FIN,1951,39236
Finland,FIN,1952,43193
Finland,FIN,1953,48925
Finland,FIN,1954,47492
Finland,FIN,1955,47941
Finland,FIN,1956,46733
Finland,FIN,1957,42262
Finland,FIN,1958,35690
Finland,FIN,1959,34868
Finland,FIN,1960,34881
Finland,FIN,1961,31367
Finland,FIN,1962,30741
Finland,FIN,1963,32158
Finland,FIN,1964,25195
Finland,FIN,1965,15058
Finland,FIN,1966,17296
Finland,FIN,1967,25196
Finland,FIN,1968,20710
Finland,FIN,1969,-3269
Finland,FIN,1970,-17775
Finland,FIN,1971,5827
Finland,FIN,1972,27413
Finland,FIN,1973,26361
Finland,FIN,1974,24457
Finland,FIN,1975,20806
Finland,FIN,1976,14168
Finland,FIN,1977,13241
Finland,FIN,1978,13662
Finland,FIN,1979,12194
Finland,FIN,1980,14921
Finland,FIN,1981,20491
Finland,FIN,1982,27035
Finland,FIN,1983,28907
Finland,FIN,1984,26036
Finland,FIN,1985,20435
Finland,FIN,1986,15994
Finland,FIN,1987,14001
Finland,FIN,1988,14372
Finland,FIN,1989,17896
Finland,FIN,1990,22051
Finland,FIN,1991,27313
Finland,FIN,1992,28256
Finland,FIN,1993,24449
Finland,FIN,1994,21860
Finland,FIN,1995,19465
Finland,FIN,1996,16796
Finland,FIN,1997,15212
Finland,FIN,1998,13618
Finland,FIN,1999,11971
Finland,FIN,2000,10681
Finland,FIN,2001,11773
Finland,FIN,2002,12578
Finland,FIN,2003,12410
Finland,FIN,2004,15189
Finland,FIN,2005,17931
Finland,FIN,2006,20170
Finland,FIN,2007,22467
Finland,FIN,2008,24664
Finland,FIN,2009,25475
Finland,FIN,2010,24493
Finland,FIN,2011,24889
Finland,FIN,2012,25742
Finland,FIN,2013,25079
Finland,FIN,2014,22629
Finland,FIN,2015,18033
Finland,FIN,2016,15749
Finland,FIN,2017,12930
Finland,FIN,2018,7332
Finland,FIN,2019,6024
Finland,FIN,2020,7862
Finland,FIN,2021,11453
Finland,FIN,2022,28231
Finland,FIN,2023,31885
France,FRA,1951,450540
France,FRA,1952,446612
France,FRA,1953,447599
France,FRA,1954,449025
France,FRA,1955,459195
France,FRA,1956,452432
France,FRA,1957,447849
France,FRA,1958,457128
France,FRA,1959,470264
France,FRA,1960,464370
France,FRA,1961,465705
France,FRA,1962,458785
France,FRA,1963,465197
France,FRA,1964,501264
France,FRA,1965,453737
France,FRA,1966,411827
France,FRA,1967,390256
France,FRA,1968,372345
France,FRA,1969,408048
France,FRA,1970,457771
France,FRA,1971,479985
France,FRA,1972,450821
France,FRA,1973,418333
France,FRA,1974,342534
France,FRA,1975,241580
France,FRA,1976,212796
France,FRA,1977,238013
France,FRA,1978,232535
France,FRA,1979,231230
France,FRA,1980,280163
France,FRA,1981,313943
France,FRA,1982,327401
France,FRA,1983,307002
France,FRA,1984,287219
France,FRA,1985,290527
France,FRA,1986,285680
France,FRA,1987,295533
France,FRA,1988,313480
France,FRA,1989,323235
France,FRA,1990,305158
France,FRA,1991,281325
France,FRA,1992,283303
France,FRA,1993,246394
France,FRA,1994,198607
France,FRA,1995,192339
France,FRA,1996,188431
France,FRA,1997,188024
France,FRA,1998,210155
France,FRA,1999,305392
France,FRA,2000,399507
France,FRA,2001,421415
France,FRA,2002,422116
France,FRA,2003,413872
France,FRA,2004,434125
France,FRA,2005,449787
France,FRA,2006,424800
France,FRA,2007,382607
France,FRA,2008,347749
France,FRA,2009,326273
France,FRA,2010,310906
France,FRA,2011,316410
France,FRA,2012,324689
France,FRA,2013,329271
France,FRA,2014,304759
France,FRA,2015,223842
France,FRA,2016,170516
France,FRA,2017,197922
France,FRA,2018,234762
France,FRA,2019,209923
France,FRA,2020,175813
France,FRA,2021,178274
France,FRA,2022,193865
France,FRA,2023,161416
French Guiana,GUF,1951,300
French Guiana,GUF,1952,304
French Guiana,GUF,1953,329
French Guiana,GUF,1954,396
French Guiana,GUF,1955,707
French Guiana,GUF,1956,1025
French Guiana,GUF,1957,1084
French Guiana,GUF,1958,1129
French Guiana,GUF,1959,1181
French Guiana,GUF,1960,1232
French Guiana,GUF,1961,1295
French Guiana,GUF,1962,1398
French Guiana,GUF,1963,1533
French Guiana,GUF,1964,1636
French Guiana,GUF,1965,1733
French Guiana,GUF,1966,1792
French Guiana,GUF,1967,1763
French Guiana,GUF,1968,1449
French Guiana,GUF,1969,1245
French Guiana,GUF,1970,1349
French Guiana,GUF,1971,1441
French Guiana,GUF,1972,1503
French Guiana,GUF,1973,1511
French Guiana,GUF,1974,1673
French Guiana,GUF,1975,2055
French Guiana,GUF,1976,2261
French Guiana,GUF,1977,2308
French Guiana,GUF,1978,2369
French Guiana,GUF,1979,2435
French Guiana,GUF,1980,2512
French Guiana,GUF,1981,2590
French Guiana,GUF,1982,3331
French Guiana,GUF,1983,4296
French Guiana,GUF,1984,4676
French Guiana,GUF,1985,4856
French Guiana,GUF,1986,5055
French Guiana,GUF,1987,5257
French Guiana,GUF,1988,5456
French Guiana,GUF,1989,5697
French Guiana,GUF,1990,5119
French Guiana,GUF,1991,4289
French Guiana,GUF,1992,4269
French Guiana,GUF,1993,4401
French Guiana,GUF,1994,4470
French Guiana,GUF,1995,4516
French Guiana,GUF,1996,4536
French Guiana,GUF,1997,4556
French Guiana,GUF,1998,4654
French Guiana,GUF,1999,5362
French Guiana,GUF,2000,6881
French Guiana,GUF,2001,7911
French Guiana,GUF,2002,8175
French Guiana,GUF,2003,8382
French Guiana,GUF,2004,8555
French Guiana,GUF,2005,8796
French Guiana,GUF,2006,8524
French Guiana,GUF,2007,8147
French Guiana,GUF,2008,6983
French Guiana,GUF,2009,4609
French Guiana,GUF,2010,3863
French Guiana,GUF,2011,4947
French Guiana,GUF,2012,6259
French Guiana,GUF,2013,7466
French Guiana,GUF,2014,7314
French Guiana,GUF,2015,5813
French Guiana,GUF,2016,4901
French Guiana,GUF,2017,4880
French Guiana,GUF,2018,4814
French Guiana,GUF,2019,4602
French Guiana,GUF,2020,3489
French Guiana,GUF,2021,3960
French Guiana,GUF,2022,5296
French Guiana,GUF,2023,5089
French Polynesia,PYF,1951,1565
French Polynesia,PYF,1952,1713
French Polynesia,PYF,1953,1867
French Polynesia,PYF,1954,2072
French Polynesia,PYF,1955,2285
French Polynesia,PYF,1956,2481
French Polynesia,PYF,1957,2113
French Polynesia,PYF,1958,1706
French Polynesia,PYF,1959,1750
French Polynesia,PYF,1960,1777
French Polynesia,PYF,1961,1763
French Polynesia,PYF,1962,1826
French Polynesia,PYF,1963,2470
French Polynesia,PYF,1964,3086
French Polynesia,PYF,1965,3199
French Polynesia,PYF,1966,3303
French Polynesia,PYF,1967,3433
French Polynesia,PYF,1968,3600
French Polynesia,PYF,1969,3750
French Polynesia,PYF,1970,3908
French Polynesia,PYF,1971,3932
French Polynesia,PYF,1972,3941
French Polynesia,PYF,1973,4012
French Polynesia,PYF,1974,4062
French Polynesia,PYF,1975,4081
French Polynesia,PYF,1976,4080
French Polynesia,PYF,1977,4186
French Polynesia,PYF,1978,4514
French Polynesia,PYF,1979,4747
French Polynesia,PYF,1980,4903
French Polynesia,PYF,1981,5034
French Polynesia,PYF,1982,5131
French Polynesia,PYF,1983,5108
French Polynesia,PYF,1984,4722
French Polynesia,PYF,1985,4523
French Polynesia,PYF,1986,4682
French Polynesia,PYF,1987,4777
French Polynesia,PYF,1988,4746
French Polynesia,PYF,1989,4442
French Polynesia,PYF,1990,4130
French Polynesia,PYF,1991,3975
French Polynesia,PYF,1992,3815
French Polynesia,PYF,1993,3659
French Polynesia,PYF,1994,3518
French Polynesia,PYF,1995,3381
French Polynesia,PYF,1996,3372
French Polynesia,PYF,1997,3632
French Polynesia,PYF,1998,3766
French Polynesia,PYF,1999,3708
French Polynesia,PYF,2000,3740
French Polynesia,PYF,2001,3761
French Polynesia,PYF,2002,3678
French Polynesia,PYF,2003,3865
French Polynesia,PYF,2004,4013
French Polynesia,PYF,2005,3854
French Polynesia,PYF,2006,3717
French Polynesia,PYF,2007,3214
French Polynesia,PYF,2008,1942
French Polynesia,PYF,2009,1104
French Polynesia,PYF,2010,1096
French Polynesia,PYF,2011,1144
French Polynesia,PYF,2012,1358
French Polynesia,PYF,2013,1644
French Polynesia,PYF,2014,1655
French Polynesia,PYF,2015,1486
French Polynesia,PYF,2016,1303
French Polynesia,PYF,2017,916
French Polynesia,PYF,2018,-273
French Polynesia,PYF,2019,-783
French Polynesia,PYF,2020,178
French Polynesia,PYF,2021,590
French Polynesia,PYF,2022,580
French Polynesia,PYF,2023,737
Gabon,GAB,1951,2797
Gabon,GAB,1952,2948
Gabon,GAB,1953,3172
Gabon,GAB,1954,3403
Gabon,GAB,1955,3655
Gabon,GAB,1956,3972
Gabon,GAB,1957,4284
Gabon,GAB,1958,4664
Gabon,GAB,1959,5075
Gabon,GAB,1960,5511
Gabon,GAB,1961,5951
Gabon,GAB,1962,6381
Gabon,GAB,1963,6803
Gabon,GAB,1964,7206
Gabon,GAB,1965,7655
Gabon,GAB,1966,8151
Gabon,GAB,1967,8643
Gabon,GAB,1968,9153
Gabon,GAB,1969,11017
Gabon,GAB,1970,12572
Gabon,GAB,1971,12499
Gabon,GAB,1972,12613
Gabon,GAB,1973,13035
Gabon,GAB,1974,13696
Gabon,GAB,1975,14506
Gabon,GAB,1976,15426
Gabon,GAB,1977,16363
Gabon,GAB,1978,17256
Gabon,GAB,1979,18130
Gabon,GAB,1980,19015
Gabon,GAB,1981,19999
Gabon,GAB,1982,20897
Gabon,GAB,1983,21716
Gabon,GAB,1984,22494
Gabon,GAB,1985,23236
Gabon,GAB,1986,23969
Gabon,GAB,1987,24775
Gabon,GAB,1988,25542
Gabon,GAB,1989,26124
Gabon,GAB,1990,26593
Gabon,GAB,1991,27081
Gabon,GAB,1992,27565
Gabon,GAB,1993,28018
Gabon,GAB,1994,28320
Gabon,GAB,1995,28488
Gabon,GAB,1996,28806
Gabon,GAB,1997,29427
Gabon,GAB,1998,30299
Gabon,GAB,1999,31279
Gabon,GAB,2000,32555
Gabon,GAB,2001,34016
Gabon,GAB,2002,35548
Gabon,GAB,2003,37212
Gabon,GAB,2004,39266
Gabon,GAB,2005,41883
Gabon,GAB,2006,44835
Gabon,GAB,2007,47904
Gabon,GAB,2008,50940
Gabon,GAB,2009,54385
Gabon,GAB,2010,58316
Gabon,GAB,2011,62104
Gabon,GAB,2012,64906
Gabon,GAB,2013,66168
Gabon,GAB,2014,65339
Gabon,GAB,2015,62590
Gabon,GAB,2016,59320
Gabon,GAB,2017,56592
Gabon,GAB,2018,55418
Gabon,GAB,2019,55391
Gabon,GAB,2020,54827
Gabon,GAB,2021,54191
Gabon,GAB,2022,54021
Gabon,GAB,2023,54040
Gambia,GMB,1951,7756
Gambia,GMB,1952,8143
Gambia,GMB,1953,8451
Gambia,GMB,1954,8723
Gambia,GMB,1955,8981
Gambia,GMB,1956,9241
Gambia,GMB,1957,9512
Gambia,GMB,1958,9826
Gambia,GMB,1959,10169
Gambia,GMB,1960,10524
Gambia,GMB,1961,10866
Gambia,GMB,1962,11234
Gambia,GMB,1963,11595
Gambia,GMB,1964,11927
Gambia,GMB,1965,12267
Gambia,GMB,1966,12564
Gambia,GMB,1967,13074
Gambia,GMB,1968,13680
Gambia,GMB,1969,14165
Gambia,GMB,1970,14672
Gambia,GMB,1971,15279
Gambia,GMB,1972,15986
Gambia,GMB,1973,16626
Gambia,GMB,1974,17087
Gambia,GMB,1975,17736
Gambia,GMB,1976,18849
Gambia,GMB,1977,20103
Gambia,GMB,1978,21326
Gambia,GMB,1979,22676
Gambia,GMB,1980,24138
Gambia,GMB,1981,25211
Gambia,GMB,1982,26627
Gambia,GMB,1983,28769
Gambia,GMB,1984,31106
Gambia,GMB,1985,33245
Gambia,GMB,1986,35140
Gambia,GMB,1987,37083
Gambia,GMB,1988,39060
Gambia,GMB,1989,41205
Gambia,GMB,1990,43336
Gambia,GMB,1991,45257
Gambia,GMB,1992,45623
Gambia,GMB,1993,42789
Gambia,GMB,1994,38861
Gambia,GMB,1995,37087
Gambia,GMB,1996,37101
Gambia,GMB,1997,37477
Gambia,GMB,1998,38096
Gambia,GMB,1999,38792
Gambia,GMB,2000,39309
Gambia,GMB,2001,39928
Gambia,GMB,2002,40677
Gambia,GMB,2003,41919
Gambia,GMB,2004,43690
Gambia,GMB,2005,45726
Gambia,GMB,2006,48250
Gambia,GMB,2007,50493
Gambia,GMB,2008,52081
Gambia,GMB,2009,53569
Gambia,GMB,2010,55206
Gambia,GMB,2011,57151
Gambia,GMB,2012,59312
Gambia,GMB,2013,60728
Gambia,GMB,2014,60710
Gambia,GMB,2015,59995
Gambia,GMB,2016,59245
Gambia,GMB,2017,58416
Gambia,GMB,2018,57442
Gambia,GMB,2019,57214
Gambia,GMB,2020,58897
Gambia,GMB,2021,60271
Gambia,GMB,2022,60457
Gambia,GMB,2023,61374
Georgia,GEO,1951,43793
Georgia,GEO,1952,45547
Georgia,GEO,1953,47184
Georgia,GEO,1954,48754
Georgia,GEO,1955,51306
Georgia,GEO,1956,55552
Georgia,GEO,1957,59954
Georgia,GEO,1958,64094
Georgia,GEO,1959,68066
Georgia,GEO,1960,72103
Georgia,GEO,1961,75230
Georgia,GEO,1962,76675
Georgia,GEO,1963,77091
Georgia,GEO,1964,75529
Georgia,GEO,1965,70998
Georgia,GEO,1966,73700
Georgia,GEO,1967,79931
Georgia,GEO,1968,80630
Georgia,GEO,1969,79443
Georgia,GEO,1970,61033
Georgia,GEO,1971,39082
Georgia,GEO,1972,34129
Georgia,GEO,1973,33741
Georgia,GEO,1974,33627
Georgia,GEO,1975,34769
Georgia,GEO,1976,36515
Georgia,GEO,1977,37633
Georgia,GEO,1978,38239
Georgia,GEO,1979,36885
Georgia,GEO,1980,36866
Georgia,GEO,1981,39489
Georgia,GEO,1982,41441
Georgia,GEO,1983,43709
Georgia,GEO,1984,44070
Georgia,GEO,1985,42642
Georgia,GEO,1986,42234
Georgia,GEO,1987,41886
Georgia,GEO,1988,39224
Georgia,GEO,1989,-597
Georgia,GEO,1990,-50779
Georgia,GEO,1991,-69356
Georgia,GEO,1992,-85323
Georgia,GEO,1993,-115402
Georgia,GEO,1994,-132517
Georgia,GEO,1995,-120525
Georgia,GEO,1996,-112968
Georgia,GEO,1997,-117415
Georgia,GEO,1998,-118912
Georgia,GEO,1999,-120866
Georgia,GEO,2000,-127220
Georgia,GEO,2001,-118720
Georgia,GEO,2002,-81787
Georgia,GEO,2003,-42365
Georgia,GEO,2004,-29413
Georgia,GEO,2005,-29941
Georgia,GEO,2006,-29551
Georgia,GEO,2007,-28992
Georgia,GEO,2008,-26400
Georgia,GEO,2009,-22257
Georgia,GEO,2010,-23003
Georgia,GEO,2011,-27208
Georgia,GEO,2012,-29516
Georgia,GEO,2013,-30080
Georgia,GEO,2014,-16207
Georgia,GEO,2015,-1351
Georgia,GEO,2016,491
Georgia,GEO,2017,799
Georgia,GEO,2018,2021
Georgia,GEO,2019,1841
Georgia,GEO,2020,-1042
Georgia,GEO,2021,-7230
Georgia,GEO,2022,6332
Georgia,GEO,2023,12712
Germany,DEU,1951,-65728
Germany,DEU,1952,44898
Germany,DEU,1953,108168
Germany,DEU,1954,169505
Germany,DEU,1955,229528
Germany,DEU,1956,279748
Germany,DEU,1957,474248
Germany,DEU,1958,606529
Germany,DEU,1959,547044
Germany,DEU,1960,569917
Germany,DEU,1961,564479
Germany,DEU,1962,620886
Germany,DEU,1963,701003
Germany,DEU,1964,615477
Germany,DEU,1965,653488
Germany,DEU,1966,644057
Germany,DEU,1967,359769
Germany,DEU,1968,350486
Germany,DEU,1969,622742
Germany,DEU,1970,261081
Germany,DEU,1971,140773
Germany,DEU,1972,374048
Germany,DEU,1973,247051
Germany,DEU,1974,29716
Germany,DEU,1975,-294830
Germany,DEU,1976,-337358
Germany,DEU,1977,-178943
Germany,DEU,1978,-70203
Germany,DEU,1979,32541
Germany,DEU,1980,167475
Germany,DEU,1981,132671
Germany,DEU,1982,-54374
Germany,DEU,1983,-169533
Germany,DEU,1984,-225940
Germany,DEU,1985,-134774
Germany,DEU,1986,60383
Germany,DEU,1987,138515
Germany,DEU,1988,323671
Germany,DEU,1989,621070
Germany,DEU,1990,700901
Germany,DEU,1991,595227
Germany,DEU,1992,631711
Germany,DEU,1993,551870
Germany,DEU,1994,286842
Germany,DEU,1995,246277
Germany,DEU,1996,243305
Germany,DEU,1997,126436
Germany,DEU,1998,-377698
Germany,DEU,1999,-333654
Germany,DEU,2000,118976
Germany,DEU,2001,136627
Germany,DEU,2002,134446
Germany,DEU,2003,43291
Germany,DEU,2004,-18913
Germany,DEU,2005,-45973
Germany,DEU,2006,-344762
Germany,DEU,2007,-403425
Germany,DEU,2008,-187766
Germany,DEU,2009,-175504
Germany,DEU,2010,-104360
Germany,DEU,2011,26961
Germany,DEU,2012,58514
Germany,DEU,2013,125190
Germany,DEU,2014,334497
Germany,DEU,2015,701468
Germany,DEU,2016,682556
Germany,DEU,2017,343908
Germany,DEU,2018,264497
Germany,DEU,2019,190677
Germany,DEU,2020,69527
Germany,DEU,2021,68369
Germany,DEU,2022,389147
Germany,DEU,2023,462006
Ghana,GHA,1951,148470
Ghana,GHA,1952,158360
Ghana,GHA,1953,166475
Ghana,GHA,1954,175461
Ghana,GHA,1955,185503
Ghana,GHA,1956,194671
Ghana,GHA,1957,202894
Ghana,GHA,1958,207659
Ghana,GHA,1959,215388
Ghana,GHA,1960,225671
Ghana,GHA,1961,201456
Ghana,GHA,1962,174706
Ghana,GHA,1963,177343
Ghana,GHA,1964,181023
Ghana,GHA,1965,186865
Ghana,GHA,1966,191920
Ghana,GHA,1967,197395
Ghana,GHA,1968,203810
Ghana,GHA,1969,214650
Ghana,GHA,1970,235429
Ghana,GHA,1971,250451
Ghana,GHA,1972,261925
Ghana,GHA,1973,276426
Ghana,GHA,1974,285913
Ghana,GHA,1975,293784
Ghana,GHA,1976,300606
Ghana,GHA,1977,316951
Ghana,GHA,1978,336584
Ghana,GHA,1979,348798
Ghana,GHA,1980,344200
Ghana,GHA,1981,340271
Ghana,GHA,1982,362098
Ghana,GHA,1983,386021
Ghana,GHA,1984,340750
Ghana,GHA,1985,290646
Ghana,GHA,1986,303984
Ghana,GHA,1987,323889
Ghana,GHA,1988,347467
Ghana,GHA,1989,370237
Ghana,GHA,1990,387836
Ghana,GHA,1991,392845
Ghana,GHA,1992,397368
Ghana,GHA,1993,404658
Ghana,GHA,1994,403669
Ghana,GHA,1995,405833
Ghana,GHA,1996,411161
Ghana,GHA,1997,428777
Ghana,GHA,1998,449080
Ghana,GHA,1999,461834
Ghana,GHA,2000,487210
Ghana,GHA,2001,529988
Ghana,GHA,2002,562319
Ghana,GHA,2003,567318
Ghana,GHA,2004,571588
Ghana,GHA,2005,581148
Ghana,GHA,2006,591258
Ghana,GHA,2007,601580
Ghana,GHA,2008,607661
Ghana,GHA,2009,612722
Ghana,GHA,2010,612333
Ghana,GHA,2011,620091
Ghana,GHA,2012,639182
Ghana,GHA,2013,651920
Ghana,GHA,2014,655399
Ghana,GHA,2015,654479
Ghana,GHA,2016,660665
Ghana,GHA,2017,651628
Ghana,GHA,2018,629228
Ghana,GHA,2019,621351
Ghana,GHA,2020,628859
Ghana,GHA,2021,630860
Ghana,GHA,2022,630490
Ghana,GHA,2023,638764
Gibraltar,GIB,1951,-193
Gibraltar,GIB,1952,9
Gibraltar,GIB,1953,128
Gibraltar,GIB,1954,102
Gibraltar,GIB,1955,82
Gibraltar,GIB,1956,61
Gibraltar,GIB,1957,39
Gibraltar,GIB,1958,-2
Gibraltar,GIB,1959,-15
Gibraltar,GIB,1960,-30
Gibraltar,GIB,1961,34
Gibraltar,GIB,1962,323
Gibraltar,GIB,1963,554
Gibraltar,GIB,1964,566
Gibraltar,GIB,1965,559
Gibraltar,GIB,1966,571
Gibraltar,GIB,1967,574
Gibraltar,GIB,1968,559
Gibraltar,GIB,1969,544
Gibraltar,GIB,1970,512
Gibraltar,GIB,1971,387
Gibraltar,GIB,1972,268
Gibraltar,GIB,1973,247
Gibraltar,GIB,1974,216
Gibraltar,GIB,1975,198
Gibraltar,GIB,1976,185
Gibraltar,GIB,1977,165
Gibraltar,GIB,1978,147
Gibraltar,GIB,1979,129
Gibraltar,GIB,1980,99
Gibraltar,GIB,1981,66
Gibraltar,GIB,1982,28
Gibraltar,GIB,1983,-38
Gibraltar,GIB,1984,-86
Gibraltar,GIB,1985,-130
Gibraltar,GIB,1986,-186
Gibraltar,GIB,1987,-236
Gibraltar,GIB,1988,-254
Gibraltar,GIB,1989,-294
Gibraltar,GIB,1990,-345
Gibraltar,GIB,1991,-302
Gibraltar,GIB,1992,-21
Gibraltar,GIB,1993,198
Gibraltar,GIB,1994,167
Gibraltar,GIB,1995,137
Gibraltar,GIB,1996,111
Gibraltar,GIB,1997,98
Gibraltar,GIB,1998,65
Gibraltar,GIB,1999,43
Gibraltar,GIB,2000,15
Gibraltar,GIB,2001,-49
Gibraltar,GIB,2002,165
Gibraltar,GIB,2003,451
Gibraltar,GIB,2004,440
Gibraltar,GIB,2005,450
Gibraltar,GIB,2006,429
Gibraltar,GIB,2007,412
Gibraltar,GIB,2008,399
Gibraltar,GIB,2009,416
Gibraltar,GIB,2010,424
Gibraltar,GIB,2011,414
Gibraltar,GIB,2012,369
Gibraltar,GIB,2013,375
Gibraltar,GIB,2014,407
Gibraltar,GIB,2015,378
Gibraltar,GIB,2016,468
Gibraltar,GIB,2017,585
Gibraltar,GIB,2018,616
Gibraltar,GIB,2019,635
Gibraltar,GIB,2020,680
Gibraltar,GIB,2021,683
Gibraltar,GIB,2022,750
Gibraltar,GIB,2023,862
Greece,GRC,1951,61797
Greece,GRC,1952,62664
Greece,GRC,1953,65728
Greece,GRC,1954,69595
Greece,GRC,1955,73848
Greece,GRC,1956,76279
Greece,GRC,1957,75990
Greece,GRC,1958,78011
Greece,GRC,1959,82723
Greece,GRC,1960,86769
Greece,GRC,1961,62524
Greece,GRC,1962,26366
Greece,GRC,1963,14997
Greece,GRC,1964,15629
Greece,GRC,1965,17368
Greece,GRC,1966,58623
Greece,GRC,1967,75162
Greece,GRC,1968,62763
Greece,GRC,1969,29153
Greece,GRC,1970,709
Greece,GRC,1971,39253
Greece,GRC,1972,62348
Greece,GRC,1973,44025
Greece,GRC,1974,35707
Greece,GRC,1975,87858
Greece,GRC,1976,143242
Greece,GRC,1977,121814
Greece,GRC,1978,107941
Greece,GRC,1979,136042
Greece,GRC,1980,127411
Greece,GRC,1981,100979
Greece,GRC,1982,83072
Greece,GRC,1983,74023
Greece,GRC,1984,67286
Greece,GRC,1985,58259
Greece,GRC,1986,51728
Greece,GRC,1987,45767
Greece,GRC,1988,42474
Greece,GRC,1989,41034
Greece,GRC,1990,40453
Greece,GRC,1991,48151
Greece,GRC,1992,53250
Greece,GRC,1993,52857
Greece,GRC,1994,53514
Greece,GRC,1995,52967
Greece,GRC,1996,50850
Greece,GRC,1997,52244
Greece,GRC,1998,53084
Greece,GRC,1999,52542
Greece,GRC,2000,54685
Greece,GRC,2001,60528
Greece,GRC,2002,47121
Greece,GRC,2003,28180
Greece,GRC,2004,28902
Greece,GRC,2005,33971
Greece,GRC,2006,34767
Greece,GRC,2007,29630
Greece,GRC,2008,31137
Greece,GRC,2009,31193
Greece,GRC,2010,16599
Greece,GRC,2011,-15828
Greece,GRC,2012,-60547
Greece,GRC,2013,-80757
Greece,GRC,2014,-74365
Greece,GRC,2015,-72267
Greece,GRC,2016,-45396
Greece,GRC,2017,-21974
Greece,GRC,2018,-22686
Greece,GRC,2019,-12265
Greece,GRC,2020,-19211
Greece,GRC,2021,-119809
Greece,GRC,2022,-167080
Greece,GRC,2023,-169571
Greenland,GRL,1951,458
Greenland,GRL,1952,505
Greenland,GRL,1953,633
Greenland,GRL,1954,691
Greenland,GRL,1955,765
Greenland,GRL,1956,916
Greenland,GRL,1957,1086
Greenland,GRL,1958,1172
Greenland,GRL,1959,1289
Greenland,GRL,1960,1377
Greenland,GRL,1961,1312
Greenland,GRL,1962,1232
Greenland,GRL,1963,1256
Greenland,GRL,1964,1302
Greenland,GRL,1965,1358
Greenland,GRL,1966,1407
Greenland,GRL,1967,1431
Greenland,GRL,1968,1380
Greenland,GRL,1969,1358
Greenland,GRL,1970,1326
Greenland,GRL,1971,1034
Greenland,GRL,1972,760
Greenland,GRL,1973,721
Greenland,GRL,1974,647
Greenland,GRL,1975,542
Greenland,GRL,1976,423
Greenland,GRL,1977,164
Greenland,GRL,1978,-5
Greenland,GRL,1979,31
Greenland,GRL,1980,328
Greenland,GRL,1981,602
Greenland,GRL,1982,622
Greenland,GRL,1983,633
Greenland,GRL,1984,645
Greenland,GRL,1985,602
Greenland,GRL,1986,525
Greenland,GRL,1987,521
Greenland,GRL,1988,539
Greenland,GRL,1989,514
Greenland,GRL,1990,317
Greenland,GRL,1991,90
Greenland,GRL,1992,29
Greenland,GRL,1993,11
Greenland,GRL,1994,-14
Greenland,GRL,1995,91
Greenland,GRL,1996,163
Greenland,GRL,1997,95
Greenland,GRL,1998,60
Greenland,GRL,1999,-27
Greenland,GRL,2000,80
Greenland,GRL,2001,205
Greenland,GRL,2002,184
Greenland,GRL,2003,164
Greenland,GRL,2004,145
Greenland,GRL,2005,43
Greenland,GRL,2006,-68
Greenland,GRL,2007,-94
Greenland,GRL,2008,-124
Greenland,GRL,2009,-136
Greenland,GRL,2010,87
Greenland,GRL,2011,219
Greenland,GRL,2012,-56
Greenland,GRL,2013,-265
Greenland,GRL,2014,-337
Greenland,GRL,2015,-147
Greenland,GRL,2016,34
Greenland,GRL,2017,12
Greenland,GRL,2018,6
Greenland,GRL,2019,9
Greenland,GRL,2020,-4
Greenland,GRL,2021,-40
Greenland,GRL,2022,-51
Greenland,GRL,2023,-63
Grenada,GRD,1951,672
Grenada,GRD,1952,1000
Grenada,GRD,1953,1277
Grenada,GRD,1954,1566
Grenada,GRD,1955,1862
Grenada,GRD,1956,2160
Grenada,GRD,1957,2351
Grenada,GRD,1958,2264
Grenada,GRD,1959,2017
Grenada,GRD,1960,1625
Grenada,GRD,1961,1273
Grenada,GRD,1962,1046
Grenada,GRD,1963,819
Grenada,GRD,1964,560
Grenada,GRD,1965,309
Grenada,GRD,1966,56
Grenada,GRD,1967,-58
Grenada,GRD,1968,18
Grenada,GRD,1969,123
Grenada,GRD,1970,211
Grenada,GRD,1971,228
Grenada,GRD,1972,134
Grenada,GRD,1973,-70
Grenada,GRD,1974,-222
Grenada,GRD,1975,-357
Grenada,GRD,1976,-489
Grenada,GRD,1977,-624
Grenada,GRD,1978,-709
Grenada,GRD,1979,-815
Grenada,GRD,1980,-953
Grenada,GRD,1981,-488
Grenada,GRD,1982,333
Grenada,GRD,1983,564
Grenada,GRD,1984,555
Grenada,GRD,1985,606
Grenada,GRD,1986,683
Grenada,GRD,1987,730
Grenada,GRD,1988,786
Grenada,GRD,1989,810
Grenada,GRD,1990,840
Grenada,GRD,1991,833
Grenada,GRD,1992,812
Grenada,GRD,1993,780
Grenada,GRD,1994,752
Grenada,GRD,1995,740
Grenada,GRD,1996,709
Grenada,GRD,1997,710
Grenada,GRD,1998,714
Grenada,GRD,1999,721
Grenada,GRD,2000,722
Grenada,GRD,2001,532
Grenada,GRD,2002,416
Grenada,GRD,2003,481
Grenada,GRD,2004,443
Grenada,GRD,2005,406
Grenada,GRD,2006,405
Grenada,GRD,2007,383
Grenada,GRD,2008,379
Grenada,GRD,2009,355
Grenada,GRD,2010,334
Grenada,GRD,2011,493
Grenada,GRD,2012,699
Grenada,GRD,2013,707
Grenada,GRD,2014,649
Grenada,GRD,2015,543
Grenada,GRD,2016,456
Grenada,GRD,2017,301
Grenada,GRD,2018,255
Grenada,GRD,2019,292
Grenada,GRD,2020,358
Grenada,GRD,2021,343
Grenada,GRD,2022,232
Grenada,GRD,2023,166
Guadeloupe,GLP,1951,4051
Guadeloupe,GLP,1952,6071
Guadeloupe,GLP,1953,6336
Guadeloupe,GLP,1954,6415
Guadeloupe,GLP,1955,6399
Guadeloupe,GLP,1956,6491
Guadeloupe,GLP,1957,6692
Guadeloupe,GLP,1958,6908
Guadeloupe,GLP,1959,7158
Guadeloupe,GLP,1960,7395
Guadeloupe,GLP,1961,6964
Guadeloupe,GLP,1962,5609
Guadeloupe,GLP,1963,4532
Guadeloupe,GLP,1964,4084
Guadeloupe,GLP,1965,3953
Guadeloupe,GLP,1966,3931
Guadeloupe,GLP,1967,3647
Guadeloupe,GLP,1968,2741
Guadeloupe,GLP,1969,1850
Guadeloupe,GLP,1970,1368
Guadeloupe,GLP,1971,968
Guadeloupe,GLP,1972,592
Guadeloupe,GLP,1973,330
Guadeloupe,GLP,1974,566
Guadeloupe,GLP,1975,1895
Guadeloupe,GLP,1976,2842
Guadeloupe,GLP,1977,2407
Guadeloupe,GLP,1978,1595
Guadeloupe,GLP,1979,1085
Guadeloupe,GLP,1980,820
Guadeloupe,GLP,1981,1297
Guadeloupe,GLP,1982,3311
Guadeloupe,GLP,1983,5567
Guadeloupe,GLP,1984,6603
Guadeloupe,GLP,1985,6899
Guadeloupe,GLP,1986,7032
Guadeloupe,GLP,1987,7032
Guadeloupe,GLP,1988,7042
Guadeloupe,GLP,1989,6811
Guadeloupe,GLP,1990,6008
Guadeloupe,GLP,1991,4967
Guadeloupe,GLP,1992,4378
Guadeloupe,GLP,1993,4159
Guadeloupe,GLP,1994,4006
Guadeloupe,GLP,1995,3861
Guadeloupe,GLP,1996,3741
Guadeloupe,GLP,1997,3663
Guadeloupe,GLP,1998,2881
Guadeloupe,GLP,1999,467
Guadeloupe,GLP,2000,-1378
Guadeloupe,GLP,2001,-1721
Guadeloupe,GLP,2002,-2082
Guadeloupe,GLP,2003,-2344
Guadeloupe,GLP,2004,-2559
Guadeloupe,GLP,2005,-2774
Guadeloupe,GLP,2006,-855
Guadeloupe,GLP,2007,1073
Guadeloupe,GLP,2008,684
Guadeloupe,GLP,2009,11
Guadeloupe,GLP,2010,-183
Guadeloupe,GLP,2011,248
Guadeloupe,GLP,2012,90
Guadeloupe,GLP,2013,-786
Guadeloupe,GLP,2014,-1715
Guadeloupe,GLP,2015,-2702
Guadeloupe,GLP,2016,692
Guadeloupe,GLP,2017,8059
Guadeloupe,GLP,2018,2483
Guadeloupe,GLP,2019,-4918
Guadeloupe,GLP,2020,-2865
Guadeloupe,GLP,2021,-8244
Guadeloupe,GLP,2022,-14455
Guadeloupe,GLP,2023,-8184
Guam,GUM,1951,517
Guam,GUM,1952,583
Guam,GUM,1953,657
Guam,GUM,1954,733
Guam,GUM,1955,813
Guam,GUM,1956,886
Guam,GUM,1957,974
Guam,GUM,1958,1047
Guam,GUM,1959,1106
Guam,GUM,1960,1431
Guam,GUM,1961,1779
Guam,GUM,1962,1889
Guam,GUM,1963,1894
Guam,GUM,1964,1916
Guam,GUM,1965,1925
Guam,GUM,1966,1914
Guam,GUM,1967,1872
Guam,GUM,1968,1848
Guam,GUM,1969,1841
Guam,GUM,1970,1959
Guam,GUM,1971,2095
Guam,GUM,1972,2155
Guam,GUM,1973,2164
Guam,GUM,1974,2158
Guam,GUM,1975,2119
Guam,GUM,1976,2106
Guam,GUM,1977,2133
Guam,GUM,1978,2129
Guam,GUM,1979,2218
Guam,GUM,1980,2497
Guam,GUM,1981,2763
Guam,GUM,1982,2812
Guam,GUM,1983,2789
Guam,GUM,1984,2798
Guam,GUM,1985,2817
Guam,GUM,1986,2848
Guam,GUM,1987,2886
Guam,GUM,1988,2949
Guam,GUM,1989,2996
Guam,GUM,1990,2811
Guam,GUM,1991,2470
Guam,GUM,1992,2307
Guam,GUM,1993,2270
Guam,GUM,1994,2212
Guam,GUM,1995,2182
Guam,GUM,1996,2114
Guam,GUM,1997,2047
Guam,GUM,1998,2019
Guam,GUM,1999,2053
Guam,GUM,2000,1781
Guam,GUM,2001,1261
Guam,GUM,2002,987
Guam,GUM,2003,820
Guam,GUM,2004,669
Guam,GUM,2005,558
Guam,GUM,2006,475
Guam,GUM,2007,430
Guam,GUM,2008,426
Guam,GUM,2009,485
Guam,GUM,2010,344
Guam,GUM,2011,21
Guam,GUM,2012,-206
Guam,GUM,2013,-369
Guam,GUM,2014,-487
Guam,GUM,2015,-578
Guam,GUM,2016,-674
Guam,GUM,2017,-739
Guam,GUM,2018,-812
Guam,GUM,2019,-870
Guam,GUM,2020,348
Guam,GUM,2021,1574
Guam,GUM,2022,1452
Guam,GUM,2023,1329
Guatemala,GTM,1951,80170
Guatemala,GTM,1952,84284
Guatemala,GTM,1953,87163
Guatemala,GTM,1954,90293
Guatemala,GTM,1955,94202
Guatemala,GTM,1956,97869
Guatemala,GTM,1957,101563
Guatemala,GTM,1958,104293
Guatemala,GTM,1959,109461
Guatemala,GTM,1960,117162
Guatemala,GTM,1961,122546
Guatemala,GTM,1962,125845
Guatemala,GTM,1963,128221
Guatemala,GTM,1964,130834
Guatemala,GTM,1965,133868
Guatemala,GTM,1966,135987
Guatemala,GTM,1967,137907
Guatemala,GTM,1968,139252
Guatemala,GTM,1969,138969
Guatemala,GTM,1970,139884
Guatemala,GTM,1971,141387
Guatemala,GTM,1972,144475
Guatemala,GTM,1973,148806
Guatemala,GTM,1974,149561
Guatemala,GTM,1975,147532
Guatemala,GTM,1976,133676
Guatemala,GTM,1977,139107
Guatemala,GTM,1978,160024
Guatemala,GTM,1979,166258
Guatemala,GTM,1980,172417
Guatemala,GTM,1981,175433
Guatemala,GTM,1982,164601
Guatemala,GTM,1983,179393
Guatemala,GTM,1984,211040
Guatemala,GTM,1985,219009
Guatemala,GTM,1986,221127
Guatemala,GTM,1987,225670
Guatemala,GTM,1988,235616
Guatemala,GTM,1989,243445
Guatemala,GTM,1990,249226
Guatemala,GTM,1991,247817
Guatemala,GTM,1992,249673
Guatemala,GTM,1993,257495
Guatemala,GTM,1994,263953
Guatemala,GTM,1995,269286
Guatemala,GTM,1996,270529
Guatemala,GTM,1997,274226
Guatemala,GTM,1998,281393
Guatemala,GTM,1999,283830
Guatemala,GTM,2000,274615
Guatemala,GTM,2001,271831
Guatemala,GTM,2002,277500
Guatemala,GTM,2003,278920
Guatemala,GTM,2004,281566
Guatemala,GTM,2005,280228
Guatemala,GTM,2006,279818
Guatemala,GTM,2007,284587
Guatemala,GTM,2008,283130
Guatemala,GTM,2009,280442
Guatemala,GTM,2010,284504
Guatemala,GTM,2011,292005
Guatemala,GTM,2012,297516
Guatemala,GTM,2013,297700
Guatemala,GTM,2014,294386
Guatemala,GTM,2015,290020
Guatemala,GTM,2016,297016
Guatemala,GTM,2017,298602
Guatemala,GTM,2018,278325
Guatemala,GTM,2019,258115
Guatemala,GTM,2020,253528
Guatemala,GTM,2021,241321
Guatemala,GTM,2022,249225
Guatemala,GTM,2023,276964
Guernsey,GGY,1951,881
Guernsey,GGY,1952,267
Guernsey,GGY,1953,114
Guernsey,GGY,1954,104
Guernsey,GGY,1955,83
Guernsey,GGY,1956,99
Guernsey,GGY,1957,166
Guernsey,GGY,1958,160
Guernsey,GGY,1959,162
Guernsey,GGY,1960,186
Guernsey,GGY,1961,311
Guernsey,GGY,1962,514
Guernsey,GGY,1963,628
Guernsey,GGY,1964,668
Guernsey,GGY,1965,684
Guernsey,GGY,1966,680
Guernsey,GGY,1967,711
Guernsey,GGY,1968,750
Guernsey,GGY,1969,747
Guernsey,GGY,1970,774
Guernsey,GGY,1971,523
Guernsey,GGY,1972,126
Guernsey,GGY,1973,22
Guernsey,GGY,1974,22
Guernsey,GGY,1975,-54
Guernsey,GGY,1976,-79
Guernsey,GGY,1977,-55
Guernsey,GGY,1978,-53
Guernsey,GGY,1979,-65
Guernsey,GGY,1980,-89
Guernsey,GGY,1981,99
Guernsey,GGY,1982,319
Guernsey,GGY,1983,404
Guernsey,GGY,1984,460
Guernsey,GGY,1985,486
Guernsey,GGY,1986,541
Guernsey,GGY,1987,608
Guernsey,GGY,1988,650
Guernsey,GGY,1989,689
Guernsey,GGY,1990,709
Guernsey,GGY,1991,483
Guernsey,GGY,1992,130
Guernsey,GGY,1993,-10
Guernsey,GGY,1994,-37
Guernsey,GGY,1995,-84
Guernsey,GGY,1996,12
Guernsey,GGY,1997,165
Guernsey,GGY,1998,222
Guernsey,GGY,1999,246
Guernsey,GGY,2000,247
Guernsey,GGY,2001,189
Guernsey,GGY,2002,127
Guernsey,GGY,2003,93
Guernsey,GGY,2004,102
Guernsey,GGY,2005,91
Guernsey,GGY,2006,118
Guernsey,GGY,2007,111
Guernsey,GGY,2008,129
Guernsey,GGY,2009,135
Guernsey,GGY,2010,149
Guernsey,GGY,2011,160
Guernsey,GGY,2012,182
Guernsey,GGY,2013,164
Guernsey,GGY,2014,143
Guernsey,GGY,2015,71
Guernsey,GGY,2016,-43
Guernsey,GGY,2017,-2
Guernsey,GGY,2018,244
Guernsey,GGY,2019,350
Guernsey,GGY,2020,320
Guernsey,GGY,2021,308
Guernsey,GGY,2022,314
Guernsey,GGY,2023,293
Guinea,GIN,1951,48804
Guinea,GIN,1952,49708
Guinea,GIN,1953,50831
Guinea,GIN,1954,52044
Guinea,GIN,1955,53298
Guinea,GIN,1956,54641
Guinea,GIN,1957,56154
Guinea,GIN,1958,57780
Guinea,GIN,1959,59339
Guinea,GIN,1960,60980
Guinea,GIN,1961,62798
Guinea,GIN,1962,64724
Guinea,GIN,1963,66683
Guinea,GIN,1964,68768
Guinea,GIN,1965,70995
Guinea,GIN,1966,73435
Guinea,GIN,1967,75997
Guinea,GIN,1968,78397
Guinea,GIN,1969,79749
Guinea,GIN,1970,79238
Guinea,GIN,1971,77665
Guinea,GIN,1972,76088
Guinea,GIN,1973,75033
Guinea,GIN,1974,74187
Guinea,GIN,1975,73364
Guinea,GIN,1976,73154
Guinea,GIN,1977,74098
Guinea,GIN,1978,76724
Guinea,GIN,1979,81434
Guinea,GIN,1980,88136
Guinea,GIN,1981,95873
Guinea,GIN,1982,104376
Guinea,GIN,1983,112143
Guinea,GIN,1984,120283
Guinea,GIN,1985,130271
Guinea,GIN,1986,140300
Guinea,GIN,1987,149530
Guinea,GIN,1988,156376
Guinea,GIN,1989,159241
Guinea,GIN,1990,218567
Guinea,GIN,1991,262784
Guinea,GIN,1992,217203
Guinea,GIN,1993,213804
Guinea,GIN,1994,216932
Guinea,GIN,1995,208146
Guinea,GIN,1996,216783
Guinea,GIN,1997,161336
Guinea,GIN,1998,150622
Guinea,GIN,1999,183128
Guinea,GIN,2000,163716
Guinea,GIN,2001,111126
Guinea,GIN,2002,134109
Guinea,GIN,2003,196718
Guinea,GIN,2004,191934
Guinea,GIN,2005,183120
Guinea,GIN,2006,195330
Guinea,GIN,2007,221104
Guinea,GIN,2008,236592
Guinea,GIN,2009,244670
Guinea,GIN,2010,252550
Guinea,GIN,2011,260722
Guinea,GIN,2012,264768
Guinea,GIN,2013,270294
Guinea,GIN,2014,281047
Guinea,GIN,2015,294156
Guinea,GIN,2016,305954
Guinea,GIN,2017,312637
Guinea,GIN,2018,319108
Guinea,GIN,2019,329573
Guinea,GIN,2020,336836
Guinea,GIN,2021,339330
Guinea,GIN,2022,344621
Guinea,GIN,2023,350333
Guinea-Bissau,GNB,1951,6113
Guinea-Bissau,GNB,1952,4175
Guinea-Bissau,GNB,1953,3714
Guinea-Bissau,GNB,1954,3349
Guinea-Bissau,GNB,1955,3091
Guinea-Bissau,GNB,1956,2907
Guinea-Bissau,GNB,1957,2771
Guinea-Bissau,GNB,1958,2674
Guinea-Bissau,GNB,1959,2609
Guinea-Bissau,GNB,1960,2599
Guinea-Bissau,GNB,1961,4912
Guinea-Bissau,GNB,1962,6933
Guinea-Bissau,GNB,1963,4947
Guinea-Bissau,GNB,1964,-5876
Guinea-Bissau,GNB,1965,-13538
Guinea-Bissau,GNB,1966,-8097
Guinea-Bissau,GNB,1967,2101
Guinea-Bissau,GNB,1968,9164
Guinea-Bissau,GNB,1969,3445
Guinea-Bissau,GNB,1970,2784
Guinea-Bissau,GNB,1971,1821
Guinea-Bissau,GNB,1972,402
Guinea-Bissau,GNB,1973,6183
Guinea-Bissau,GNB,1974,20531
Guinea-Bissau,GNB,1975,37626
Guinea-Bissau,GNB,1976,43222
Guinea-Bissau,GNB,1977,47602
Guinea-Bissau,GNB,1978,49897
Guinea-Bissau,GNB,1979,28185
Guinea-Bissau,GNB,1980,9436
Guinea-Bissau,GNB,1981,13122
Guinea-Bissau,GNB,1982,13463
Guinea-Bissau,GNB,1983,13697
Guinea-Bissau,GNB,1984,13932
Guinea-Bissau,GNB,1985,14179
Guinea-Bissau,GNB,1986,14422
Guinea-Bissau,GNB,1987,14743
Guinea-Bissau,GNB,1988,15193
Guinea-Bissau,GNB,1989,15727
Guinea-Bissau,GNB,1990,15886
Guinea-Bissau,GNB,1991,20962
Guinea-Bissau,GNB,1992,29725
Guinea-Bissau,GNB,1993,34390
Guinea-Bissau,GNB,1994,33282
Guinea-Bissau,GNB,1995,27913
Guinea-Bissau,GNB,1996,23594
Guinea-Bissau,GNB,1997,22006
Guinea-Bissau,GNB,1998,21928
Guinea-Bissau,GNB,1999,22733
Guinea-Bissau,GNB,2000,24536
Guinea-Bissau,GNB,2001,26534
Guinea-Bissau,GNB,2002,28036
Guinea-Bissau,GNB,2003,29492
Guinea-Bissau,GNB,2004,30760
Guinea-Bissau,GNB,2005,32021
Guinea-Bissau,GNB,2006,33725
Guinea-Bissau,GNB,2007,35674
Guinea-Bissau,GNB,2008,37070
Guinea-Bissau,GNB,2009,38325
Guinea-Bissau,GNB,2010,39968
Guinea-Bissau,GNB,2011,41732
Guinea-Bissau,GNB,2012,43341
Guinea-Bissau,GNB,2013,44555
Guinea-Bissau,GNB,2014,45146
Guinea-Bissau,GNB,2015,45335
Guinea-Bissau,GNB,2016,45437
Guinea-Bissau,GNB,2017,45176
Guinea-Bissau,GNB,2018,45093
Guinea-Bissau,GNB,2019,45537
Guinea-Bissau,GNB,2020,45555
Guinea-Bissau,GNB,2021,45582
Guinea-Bissau,GNB,2022,46694
Guinea-Bissau,GNB,2023,47808
Guyana,GUY,1951,11067
Guyana,GUY,1952,12137
Guyana,GUY,1953,13314
Guyana,GUY,1954,14423
Guyana,GUY,1955,15388
Guyana,GUY,1956,16209
Guyana,GUY,1957,16927
Guyana,GUY,1958,17566
Guyana,GUY,1959,17998
Guyana,GUY,1960,16082
Guyana,GUY,1961,13425
Guyana,GUY,1962,12887
Guyana,GUY,1963,13074
Guyana,GUY,1964,13232
Guyana,GUY,1965,13361
Guyana,GUY,1966,13519
Guyana,GUY,1967,13662
Guyana,GUY,1968,13855
Guyana,GUY,1969,14058
Guyana,GUY,1970,12485
Guyana,GUY,1971,9958
Guyana,GUY,1972,8958
Guyana,GUY,1973,8519
Guyana,GUY,1974,7914
Guyana,GUY,1975,7344
Guyana,GUY,1976,6851
Guyana,GUY,1977,6401
Guyana,GUY,1978,5935
Guyana,GUY,1979,5473
Guyana,GUY,1980,4305
Guyana,GUY,1981,2089
Guyana,GUY,1982,257
Guyana,GUY,1983,-821
Guyana,GUY,1984,-1778
Guyana,GUY,1985,-2635
Guyana,GUY,1986,-3380
Guyana,GUY,1987,-3979
Guyana,GUY,1988,-4451
Guyana,GUY,1989,-4801
Guyana,GUY,1990,-4982
Guyana,GUY,1991,-2021
Guyana,GUY,1992,2049
Guyana,GUY,1993,3050
Guyana,GUY,1994,2852
Guyana,GUY,1995,2574
Guyana,GUY,1996,2140
Guyana,GUY,1997,1715
Guyana,GUY,1998,1346
Guyana,GUY,1999,894
Guyana,GUY,2000,346
Guyana,GUY,2001,-352
Guyana,GUY,2002,-827
Guyana,GUY,2003,-550
Guyana,GUY,2004,-683
Guyana,GUY,2005,-1502
Guyana,GUY,2006,-1946
Guyana,GUY,2007,-2102
Guyana,GUY,2008,-2260
Guyana,GUY,2009,-2517
Guyana,GUY,2010,-2838
Guyana,GUY,2011,-3098
Guyana,GUY,2012,135
Guyana,GUY,2013,3724
Guyana,GUY,2014,4211
Guyana,GUY,2015,4552
Guyana,GUY,2016,4770
Guyana,GUY,2017,4930
Guyana,GUY,2018,23080
Guyana,GUY,2019,16105
Guyana,GUY,2020,-182
Guyana,GUY,2021,7998
Guyana,GUY,2022,6154
Guyana,GUY,2023,4719
Haiti,HTI,1951,49204
Haiti,HTI,1952,51351
Haiti,HTI,1953,53571
Haiti,HTI,1954,55698
Haiti,HTI,1955,58207
Haiti,HTI,1956,61061
Haiti,HTI,1957,63014
Haiti,HTI,1958,64891
Haiti,HTI,1959,66979
Haiti,HTI,1960,68755
Haiti,HTI,1961,70589
Haiti,HTI,1962,72542
Haiti,HTI,1963,71490
Haiti,HTI,1964,73177
Haiti,HTI,1965,77577
Haiti,HTI,1966,78825
Haiti,HTI,1967,80356
Haiti,HTI,1968,82324
Haiti,HTI,1969,84013
Haiti,HTI,1970,85786
Haiti,HTI,1971,88125
Haiti,HTI,1972,90615
Haiti,HTI,1973,92880
Haiti,HTI,1974,95057
Haiti,HTI,1975,97292
Haiti,HTI,1976,99259
Haiti,HTI,1977,101126
Haiti,HTI,1978,103100
Haiti,HTI,1979,105010
Haiti,HTI,1980,106904
Haiti,HTI,1981,109233
Haiti,HTI,1982,112212
Haiti,HTI,1983,115162
Haiti,HTI,1984,118137
Haiti,HTI,1985,121630
Haiti,HTI,1986,125255
Haiti,HTI,1987,129002
Haiti,HTI,1988,133025
Haiti,HTI,1989,136582
Haiti,HTI,1990,139712
Haiti,HTI,1991,141011
Haiti,HTI,1992,141122
Haiti,HTI,1993,141605
Haiti,HTI,1994,141594
Haiti,HTI,1995,142775
Haiti,HTI,1996,145009
Haiti,HTI,1997,146744
Haiti,HTI,1998,147840
Haiti,HTI,1999,149157
Haiti,HTI,2000,151850
Haiti,HTI,2001,152766
Haiti,HTI,2002,151731
Haiti,HTI,2003,152265
Haiti,HTI,2004,150354
Haiti,HTI,2005,151007
Haiti,HTI,2006,155295
Haiti,HTI,2007,156731
Haiti,HTI,2008,157482
Haiti,HTI,2009,158803
Haiti,HTI,2010,113714
Haiti,HTI,2011,111605
Haiti,HTI,2012,154866
Haiti,HTI,2013,152595
Haiti,HTI,2014,150876
Haiti,HTI,2015,150008
Haiti,HTI,2016,148213
Haiti,HTI,2017,146297
Haiti,HTI,2018,144614
Haiti,HTI,2019,142792
Haiti,HTI,2020,138681
Haiti,HTI,2021,130746
Haiti,HTI,2022,129011
Haiti,HTI,2023,133799
High-income countries,OWID_HIC,1951,7912244
High-income countries,OWID_HIC,1952,8093227
High-income countries,OWID_HIC,1953,8587359
High-income countries,OWID_HIC,1954,8820491
High-income countries,OWID_HIC,1955,8948561
High-income countries,OWID_HIC,1956,8975677
High-income countries,OWID_HIC,1957,9205099
High-income countries,OWID_HIC,1958,9535117
High-income countries,OWID_HIC,1959,9682656
High-income countries,OWID_HIC,1960,9764922
High-income countries,OWID_HIC,1961,9732172
High-income countries,OWID_HIC,1962,9695818
High-income countries,OWID_HIC,1963,9590871
High-income countries,OWID_HIC,1964,10239830
High-income countries,OWID_HIC,1965,10315770
High-income countries,OWID_HIC,1966,9344326
High-income countries,OWID_HIC,1967,8368951
High-income countries,OWID_HIC,1968,8461515
High-income countries,OWID_HIC,1969,9250859
High-income countries,OWID_HIC,1970,9212346
High-income countries,OWID_HIC,1971,9500434
High-income countries,OWID_HIC,1972,9481485
High-income countries,OWID_HIC,1973,8860008
High-income countries,OWID_HIC,1974,8414274
High-income countries,OWID_HIC,1975,7779597
High-income countries,OWID_HIC,1976,7382045
High-income countries,OWID_HIC,1977,7414628
High-income countries,OWID_HIC,1978,7355421
High-income countries,OWID_HIC,1979,7447687
High-income countries,OWID_HIC,1980,7785305
High-income countries,OWID_HIC,1981,7607381
High-income countries,OWID_HIC,1982,7108513
High-income countries,OWID_HIC,1983,6810813
High-income countries,OWID_HIC,1984,6588310
High-income countries,OWID_HIC,1985,6574280
High-income countries,OWID_HIC,1986,6753063
High-income countries,OWID_HIC,1987,6912073
High-income countries,OWID_HIC,1988,7154741
High-income countries,OWID_HIC,1989,7482579
High-income countries,OWID_HIC,1990,7422577
High-income countries,OWID_HIC,1991,7885190
High-income countries,OWID_HIC,1992,8335876
High-income countries,OWID_HIC,1993,7580878
High-income countries,OWID_HIC,1994,7102526
High-income countries,OWID_HIC,1995,6547243
High-income countries,OWID_HIC,1996,6183957
High-income countries,OWID_HIC,1997,6317571
High-income countries,OWID_HIC,1998,5833731
High-income countries,OWID_HIC,1999,5957424
High-income countries,OWID_HIC,2000,6735449
High-income countries,OWID_HIC,2001,7181886
High-income countries,OWID_HIC,2002,7504068
High-income countries,OWID_HIC,2003,7633061
High-income countries,OWID_HIC,2004,7715512
High-income countries,OWID_HIC,2005,7814703
High-income countries,OWID_HIC,2006,7926045
High-income countries,OWID_HIC,2007,8842646
High-income countries,OWID_HIC,2008,9276758
High-income countries,OWID_HIC,2009,8396759
High-income countries,OWID_HIC,2010,7806414
High-income countries,OWID_HIC,2011,8001259
High-income countries,OWID_HIC,2012,7984236
High-income countries,OWID_HIC,2013,7659108
High-income countries,OWID_HIC,2014,7810814
High-income countries,OWID_HIC,2015,8315835
High-income countries,OWID_HIC,2016,8147013
High-income countries,OWID_HIC,2017,6795295
High-income countries,OWID_HIC,2018,5824579
High-income countries,OWID_HIC,2019,5893430
High-income countries,OWID_HIC,2020,3684450
High-income countries,OWID_HIC,2021,1802437
High-income countries,OWID_HIC,2022,5536082
High-income countries,OWID_HIC,2023,6838916
Honduras,HND,1951,42552
Honduras,HND,1952,44339
Honduras,HND,1953,46135
Honduras,HND,1954,47856
Honduras,HND,1955,49576
Honduras,HND,1956,51271
Honduras,HND,1957,52913
Honduras,HND,1958,54574
Honduras,HND,1959,56164
Honduras,HND,1960,57746
Honduras,HND,1961,59178
Honduras,HND,1962,60819
Honduras,HND,1963,62820
Honduras,HND,1964,64977
Honduras,HND,1965,67302
Honduras,HND,1966,69589
Honduras,HND,1967,71898
Honduras,HND,1968,74407
Honduras,HND,1969,77229
Honduras,HND,1970,80435
Honduras,HND,1971,83903
Honduras,HND,1972,87451
Honduras,HND,1973,89396
Honduras,HND,1974,88373
Honduras,HND,1975,93395
Honduras,HND,1976,101221
Honduras,HND,1977,104199
Honduras,HND,1978,106807
Honduras,HND,1979,109524
Honduras,HND,1980,112189
Honduras,HND,1981,114602
Honduras,HND,1982,116954
Honduras,HND,1983,119442
Honduras,HND,1984,121678
Honduras,HND,1985,123483
Honduras,HND,1986,125567
Honduras,HND,1987,128006
Honduras,HND,1988,130772
Honduras,HND,1989,134160
Honduras,HND,1990,138650
Honduras,HND,1991,143304
Honduras,HND,1992,147640
Honduras,HND,1993,151816
Honduras,HND,1994,155994
Honduras,HND,1995,160389
Honduras,HND,1996,164326
Honduras,HND,1997,167496
Honduras,HND,1998,162978
Honduras,HND,1999,166034
Honduras,HND,2000,177311
Honduras,HND,2001,180211
Honduras,HND,2002,180874
Honduras,HND,2003,180347
Honduras,HND,2004,179790
Honduras,HND,2005,179359
Honduras,HND,2006,178470
Honduras,HND,2007,177974
Honduras,HND,2008,177784
Honduras,HND,2009,177314
Honduras,HND,2010,175977
Honduras,HND,2011,174706
Honduras,HND,2012,174494
Honduras,HND,2013,174195
Honduras,HND,2014,173851
Honduras,HND,2015,174179
Honduras,HND,2016,175074
Honduras,HND,2017,175764
Honduras,HND,2018,177065
Honduras,HND,2019,178428
Honduras,HND,2020,176001
Honduras,HND,2021,170243
Honduras,HND,2022,173999
Honduras,HND,2023,180973
Hong Kong,HKG,1951,91145
Hong Kong,HKG,1952,95312
Hong Kong,HKG,1953,99524
Hong Kong,HKG,1954,104286
Hong Kong,HKG,1955,109585
Hong Kong,HKG,1956,116060
Hong Kong,HKG,1957,122928
Hong Kong,HKG,1958,128318
Hong Kong,HKG,1959,129046
Hong Kong,HKG,1960,120302
Hong Kong,HKG,1961,-18193
Hong Kong,HKG,1962,-187569
Hong Kong,HKG,1963,-226491
Hong Kong,HKG,1964,473441
Hong Kong,HKG,1965,719384
Hong Kong,HKG,1966,159879
Hong Kong,HKG,1967,-541171
Hong Kong,HKG,1968,-408803
Hong Kong,HKG,1969,330197
Hong Kong,HKG,1970,344389
Hong Kong,HKG,1971,249315
Hong Kong,HKG,1972,127894
Hong Kong,HKG,1973,106123
Hong Kong,HKG,1974,107479
Hong Kong,HKG,1975,107655
Hong Kong,HKG,1976,106752
Hong Kong,HKG,1977,105353
Hong Kong,HKG,1978,103582
Hong Kong,HKG,1979,103599
Hong Kong,HKG,1980,104820
Hong Kong,HKG,1981,98472
Hong Kong,HKG,1982,89137
Hong Kong,HKG,1983,85018
Hong Kong,HKG,1984,80865
Hong Kong,HKG,1985,77142
Hong Kong,HKG,1986,58315
Hong Kong,HKG,1987,34939
Hong Kong,HKG,1988,28528
Hong Kong,HKG,1989,25672
Hong Kong,HKG,1990,20023
Hong Kong,HKG,1991,67492
Hong Kong,HKG,1992,131467
Hong Kong,HKG,1993,142948
Hong Kong,HKG,1994,139753
Hong Kong,HKG,1995,134846
Hong Kong,HKG,1996,125364
Hong Kong,HKG,1997,114205
Hong Kong,HKG,1998,104657
Hong Kong,HKG,1999,95193
Hong Kong,HKG,2000,88141
Hong Kong,HKG,2001,69578
Hong Kong,HKG,2002,47169
Hong Kong,HKG,2003,37494
Hong Kong,HKG,2004,29258
Hong Kong,HKG,2005,20319
Hong Kong,HKG,2006,22606
Hong Kong,HKG,2007,40255
Hong Kong,HKG,2008,49345
Hong Kong,HKG,2009,43775
Hong Kong,HKG,2010,37150
Hong Kong,HKG,2011,41355
Hong Kong,HKG,2012,58090
Hong Kong,HKG,2013,63271
Hong Kong,HKG,2014,55172
Hong Kong,HKG,2015,46909
Hong Kong,HKG,2016,41595
Hong Kong,HKG,2017,36883
Hong Kong,HKG,2018,26301
Hong Kong,HKG,2019,14627
Hong Kong,HKG,2020,4423
Hong Kong,HKG,2021,-5636
Hong Kong,HKG,2022,-18691
Hong Kong,HKG,2023,-23175
Hungary,HUN,1951,85295
Hungary,HUN,1952,80755
Hungary,HUN,1953,90548
Hungary,HUN,1954,110115
Hungary,HUN,1955,118620
Hungary,HUN,1956,30780
Hungary,HUN,1957,-16070
Hungary,HUN,1958,42754
Hungary,HUN,1959,56165
Hungary,HUN,1960,46538
Hungary,HUN,1961,43132
Hungary,HUN,1962,31552
Hungary,HUN,1963,25776
Hungary,HUN,1964,30532
Hungary,HUN,1965,26743
Hungary,HUN,1966,29291
Hungary,HUN,1967,36403
Hungary,HUN,1968,37736
Hungary,HUN,1969,37047
Hungary,HUN,1970,33547
Hungary,HUN,1971,28830
Hungary,HUN,1972,30331
Hungary,HUN,1973,33138
Hungary,HUN,1974,46477
Hungary,HUN,1975,61736
Hungary,HUN,1976,58116
Hungary,HUN,1977,49375
Hungary,HUN,1978,37045
Hungary,HUN,1979,28069
Hungary,HUN,1980,7113
Hungary,HUN,1981,-16043
Hungary,HUN,1982,-23220
Hungary,HUN,1983,-33120
Hungary,HUN,1984,-38660
Hungary,HUN,1985,-37071
Hungary,HUN,1986,-36159
Hungary,HUN,1987,-35996
Hungary,HUN,1988,-34569
Hungary,HUN,1989,-37113
Hungary,HUN,1990,-22141
Hungary,HUN,1991,-3106
Hungary,HUN,1992,-6697
Hungary,HUN,1993,-14608
Hungary,HUN,1994,-16933
Hungary,HUN,1995,-17144
Hungary,HUN,1996,-20554
Hungary,HUN,1997,-23638
Hungary,HUN,1998,-26883
Hungary,HUN,1999,-31920
Hungary,HUN,2000,-29199
Hungary,HUN,2001,-23905
Hungary,HUN,2002,-28232
Hungary,HUN,2003,-29491
Hungary,HUN,2004,-23182
Hungary,HUN,2005,-20085
Hungary,HUN,2006,-15757
Hungary,HUN,2007,-15862
Hungary,HUN,2008,-17431
Hungary,HUN,2009,-15272
Hungary,HUN,2010,-22253
Hungary,HUN,2011,-32453
Hungary,HUN,2012,-30054
Hungary,HUN,2013,-27277
Hungary,HUN,2014,-26501
Hungary,HUN,2015,-23632
Hungary,HUN,2016,-28682
Hungary,HUN,2017,-24921
Hungary,HUN,2018,-11213
Hungary,HUN,2019,-4049
Hungary,HUN,2020,-20887
Hungary,HUN,2021,-41611
Hungary,HUN,2022,-23540
Hungary,HUN,2023,2157
Iceland,ISL,1951,2748
Iceland,ISL,1952,2346
Iceland,ISL,1953,2972
Iceland,ISL,1954,3522
Iceland,ISL,1955,3479
Iceland,ISL,1956,3340
Iceland,ISL,1957,3676
Iceland,ISL,1958,3723
Iceland,ISL,1959,3518
Iceland,ISL,1960,3564
Iceland,ISL,1961,3442
Iceland,ISL,1962,3346
Iceland,ISL,1963,3298
Iceland,ISL,1964,3385
Iceland,ISL,1965,3301
Iceland,ISL,1966,3260
Iceland,ISL,1967,3192
Iceland,ISL,1968,2723
Iceland,ISL,1969,1864
Iceland,ISL,1970,1106
Iceland,ISL,1971,1682
Iceland,ISL,1972,3038
Iceland,ISL,1973,3176
Iceland,ISL,1974,2888
Iceland,ISL,1975,2756
Iceland,ISL,1976,2167
Iceland,ISL,1977,1646
Iceland,ISL,1978,1738
Iceland,ISL,1979,2185
Iceland,ISL,1980,2382
Iceland,ISL,1981,2607
Iceland,ISL,1982,3098
Iceland,ISL,1983,3116
Iceland,ISL,1984,2545
Iceland,ISL,1985,1901
Iceland,ISL,1986,1781
Iceland,ISL,1987,2669
Iceland,ISL,1988,3870
Iceland,ISL,1989,3127
Iceland,ISL,1990,1981
Iceland,ISL,1991,2975
Iceland,ISL,1992,3270
Iceland,ISL,1993,2673
Iceland,ISL,1994,2303
Iceland,ISL,1995,1453
Iceland,ISL,1996,1451
Iceland,ISL,1997,2227
Iceland,ISL,1998,2927
Iceland,ISL,1999,3329
Iceland,ISL,2000,3843
Iceland,ISL,2001,3765
Iceland,ISL,2002,2551
Iceland,ISL,2003,2007
Iceland,ISL,2004,2556
Iceland,ISL,2005,4680
Iceland,ISL,2006,7031
Iceland,ISL,2007,7779
Iceland,ISL,2008,5857
Iceland,ISL,2009,1100
Iceland,ISL,2010,-456
Iceland,ISL,2011,976
Iceland,ISL,2012,1712
Iceland,ISL,2013,3040
Iceland,ISL,2014,3626
Iceland,ISL,2015,3445
Iceland,ISL,2016,4609
Iceland,ISL,2017,7966
Iceland,ISL,2018,9323
Iceland,ISL,2019,7849
Iceland,ISL,2020,5917
Iceland,ISL,2021,6021
Iceland,ISL,2022,7721
Iceland,ISL,2023,7191
India,IND,1951,7591240
India,IND,1952,8004848
India,IND,1953,8229664
India,IND,1954,8582571
India,IND,1955,9013751
India,IND,1956,9288013
India,IND,1957,9264990
India,IND,1958,9523541
India,IND,1959,10003233
India,IND,1960,10209673
India,IND,1961,10574389
India,IND,1962,10718360
India,IND,1963,10855485
India,IND,1964,11091023
India,IND,1965,10910543
India,IND,1966,10600108
India,IND,1967,10866127
India,IND,1968,11110516
India,IND,1969,11163652
India,IND,1970,11983726
India,IND,1971,12232114
India,IND,1972,12385753
India,IND,1973,12983461
India,IND,1974,13575792
India,IND,1975,14268145
India,IND,1976,14552351
India,IND,1977,14939219
India,IND,1978,14927120
India,IND,1979,15427520
India,IND,1980,16198283
India,IND,1981,16342222
India,IND,1982,16617222
India,IND,1983,17059210
India,IND,1984,17502766
India,IND,1985,17772351
India,IND,1986,18042177
India,IND,1987,18241291
India,IND,1988,18411726
India,IND,1989,18696534
India,IND,1990,18932693
India,IND,1991,18955384
India,IND,1992,19029470
India,IND,1993,19161305
India,IND,1994,19045392
India,IND,1995,19137274
India,IND,1996,19377414
India,IND,1997,19455304
India,IND,1998,19531316
India,IND,1999,19560742
India,IND,2000,19696909
India,IND,2001,19975848
India,IND,2002,19701801
India,IND,2003,19202620
India,IND,2004,19188509
India,IND,2005,18684812
India,IND,2006,18202567
India,IND,2007,17797140
India,IND,2008,17254932
India,IND,2009,17593804
India,IND,2010,17956801
India,IND,2011,17743391
India,IND,2012,17449545
India,IND,2013,17155006
India,IND,2014,16447677
India,IND,2015,15747310
India,IND,2016,15919802
India,IND,2017,15713102
India,IND,2018,15001669
India,IND,2019,14371240
India,IND,2020,13587387
India,IND,2021,11586202
India,IND,2022,11219313
India,IND,2023,12646388
Indonesia,IDN,1951,1487282
Indonesia,IDN,1952,1590126
Indonesia,IDN,1953,1692706
Indonesia,IDN,1954,1798222
Indonesia,IDN,1955,1906138
Indonesia,IDN,1956,2009052
Indonesia,IDN,1957,2108286
Indonesia,IDN,1958,2201922
Indonesia,IDN,1959,2300101
Indonesia,IDN,1960,2403208
Indonesia,IDN,1961,2495178
Indonesia,IDN,1962,2584596
Indonesia,IDN,1963,2675578
Indonesia,IDN,1964,2782332
Indonesia,IDN,1965,2531373
Indonesia,IDN,1966,2427627
Indonesia,IDN,1967,2733640
Indonesia,IDN,1968,2923610
Indonesia,IDN,1969,3067631
Indonesia,IDN,1970,3139857
Indonesia,IDN,1971,3176204
Indonesia,IDN,1972,3206144
Indonesia,IDN,1973,3248672
Indonesia,IDN,1974,3266536
Indonesia,IDN,1975,3288796
Indonesia,IDN,1976,3329808
Indonesia,IDN,1977,3359884
Indonesia,IDN,1978,3419621
Indonesia,IDN,1979,3481669
Indonesia,IDN,1980,3515707
Indonesia,IDN,1981,3534499
Indonesia,IDN,1982,3567117
Indonesia,IDN,1983,3599229
Indonesia,IDN,1984,3599742
Indonesia,IDN,1985,3525059
Indonesia,IDN,1986,3398882
Indonesia,IDN,1987,3336092
Indonesia,IDN,1988,3343914
Indonesia,IDN,1989,3346567
Indonesia,IDN,1990,3299459
Indonesia,IDN,1991,3277142
Indonesia,IDN,1992,3265503
Indonesia,IDN,1993,3261427
Indonesia,IDN,1994,3286660
Indonesia,IDN,1995,3296226
Indonesia,IDN,1996,3316298
Indonesia,IDN,1997,3331736
Indonesia,IDN,1998,3290702
Indonesia,IDN,1999,3177876
Indonesia,IDN,2000,3073122
Indonesia,IDN,2001,3020116
Indonesia,IDN,2002,2990594
Indonesia,IDN,2003,2959506
Indonesia,IDN,2004,2878644
Indonesia,IDN,2005,2944999
Indonesia,IDN,2006,3080002
Indonesia,IDN,2007,3110688
Indonesia,IDN,2008,3095564
Indonesia,IDN,2009,3062122
Indonesia,IDN,2010,3085303
Indonesia,IDN,2011,3164702
Indonesia,IDN,2012,3228496
Indonesia,IDN,2013,3153939
Indonesia,IDN,2014,3024931
Indonesia,IDN,2015,2921854
Indonesia,IDN,2016,2828180
Indonesia,IDN,2017,2719225
Indonesia,IDN,2018,2605193
Indonesia,IDN,2019,2537534
Indonesia,IDN,2020,2325480
Indonesia,IDN,2021,1943195
Indonesia,IDN,2022,2072471
Indonesia,IDN,2023,2359541
Iran,IRN,1951,410729
Iran,IRN,1952,423154
Iran,IRN,1953,433673
Iran,IRN,1954,448096
Iran,IRN,1955,474595
Iran,IRN,1956,503591
Iran,IRN,1957,522453
Iran,IRN,1958,539664
Iran,IRN,1959,580269
Iran,IRN,1960,623656
Iran,IRN,1961,655296
Iran,IRN,1962,682179
Iran,IRN,1963,711100
Iran,IRN,1964,743855
Iran,IRN,1965,774119
Iran,IRN,1966,792291
Iran,IRN,1967,799157
Iran,IRN,1968,808961
Iran,IRN,1969,836092
Iran,IRN,1970,871616
Iran,IRN,1971,883970
Iran,IRN,1972,892109
Iran,IRN,1973,918657
Iran,IRN,1974,956618
Iran,IRN,1975,1006518
Iran,IRN,1976,1034311
Iran,IRN,1977,1095899
Iran,IRN,1978,1193353
Iran,IRN,1979,1298422
Iran,IRN,1980,1417367
Iran,IRN,1981,2146993
Iran,IRN,1982,2282824
Iran,IRN,1983,1757400
Iran,IRN,1984,1764459
Iran,IRN,1985,1788290
Iran,IRN,1986,1863757
Iran,IRN,1987,1877445
Iran,IRN,1988,1749200
Iran,IRN,1989,1632229
Iran,IRN,1990,1675178
Iran,IRN,1991,1606833
Iran,IRN,1992,1198051
Iran,IRN,1993,218566
Iran,IRN,1994,117050
Iran,IRN,1995,684973
Iran,IRN,1996,675727
Iran,IRN,1997,758339
Iran,IRN,1998,880229
Iran,IRN,1999,925523
Iran,IRN,2000,973272
Iran,IRN,2001,1033344
Iran,IRN,2002,559313
Iran,IRN,2003,758025
Iran,IRN,2004,1486973
Iran,IRN,2005,1572139
Iran,IRN,2006,1564292
Iran,IRN,2007,1209901
Iran,IRN,2008,911553
Iran,IRN,2009,943630
Iran,IRN,2010,963020
Iran,IRN,2011,962751
Iran,IRN,2012,986981
Iran,IRN,2013,1044106
Iran,IRN,2014,1087356
Iran,IRN,2015,1117320
Iran,IRN,2016,1192865
Iran,IRN,2017,1214531
Iran,IRN,2018,1091238
Iran,IRN,2019,933650
Iran,IRN,2020,671799
Iran,IRN,2021,732042
Iran,IRN,2022,1068757
Iran,IRN,2023,1084461
Iraq,IRQ,1951,120775
Iraq,IRQ,1952,138881
Iraq,IRQ,1953,151236
Iraq,IRQ,1954,155228
Iraq,IRQ,1955,146802
Iraq,IRQ,1956,141220
Iraq,IRQ,1957,125880
Iraq,IRQ,1958,108300
Iraq,IRQ,1959,128707
Iraq,IRQ,1960,151671
Iraq,IRQ,1961,172504
Iraq,IRQ,1962,219315
Iraq,IRQ,1963,254056
Iraq,IRQ,1964,261640
Iraq,IRQ,1965,272573
Iraq,IRQ,1966,282958
Iraq,IRQ,1967,293773
Iraq,IRQ,1968,306140
Iraq,IRQ,1969,318340
Iraq,IRQ,1970,332255
Iraq,IRQ,1971,342207
Iraq,IRQ,1972,352351
Iraq,IRQ,1973,365703
Iraq,IRQ,1974,371898
Iraq,IRQ,1975,375873
Iraq,IRQ,1976,384009
Iraq,IRQ,1977,403399
Iraq,IRQ,1978,422304
Iraq,IRQ,1979,417017
Iraq,IRQ,1980,421624
Iraq,IRQ,1981,414383
Iraq,IRQ,1982,399703
Iraq,IRQ,1983,434476
Iraq,IRQ,1984,470171
Iraq,IRQ,1985,372702
Iraq,IRQ,1986,390715
Iraq,IRQ,1987,446905
Iraq,IRQ,1988,387772
Iraq,IRQ,1989,455730
Iraq,IRQ,1990,216655
Iraq,IRQ,1991,186049
Iraq,IRQ,1992,533592
Iraq,IRQ,1993,900346
Iraq,IRQ,1994,938623
Iraq,IRQ,1995,686041
Iraq,IRQ,1996,675462
Iraq,IRQ,1997,675283
Iraq,IRQ,1998,707798
Iraq,IRQ,1999,752128
Iraq,IRQ,2000,787530
Iraq,IRQ,2001,773782
Iraq,IRQ,2002,808716
Iraq,IRQ,2003,796102
Iraq,IRQ,2004,775216
Iraq,IRQ,2005,829574
Iraq,IRQ,2006,209068
Iraq,IRQ,2007,-224912
Iraq,IRQ,2008,579436
Iraq,IRQ,2009,1087165
Iraq,IRQ,2010,987160
Iraq,IRQ,2011,1116058
Iraq,IRQ,2012,1493418
Iraq,IRQ,2013,1627144
Iraq,IRQ,2014,1268071
Iraq,IRQ,2015,1010477
Iraq,IRQ,2016,909093
Iraq,IRQ,2017,867730
Iraq,IRQ,2018,928271
Iraq,IRQ,2019,926543
Iraq,IRQ,2020,924430
Iraq,IRQ,2021,954606
Iraq,IRQ,2022,999348
Iraq,IRQ,2023,1003499
Ireland,IRL,1951,24209
Ireland,IRL,1952,4598
Ireland,IRL,1953,-12380
Ireland,IRL,1954,-13909
Ireland,IRL,1955,-15629
Ireland,IRL,1956,-15793
Ireland,IRL,1957,-14649
Ireland,IRL,1958,-15099
Ireland,IRL,1959,-14788
Ireland,IRL,1960,-11525
Ireland,IRL,1961,-2995
Ireland,IRL,1962,6800
Ireland,IRL,1963,11539
Ireland,IRL,1964,14134
Ireland,IRL,1965,15988
Ireland,IRL,1966,15727
Ireland,IRL,1967,16536
Ireland,IRL,1968,17369
Ireland,IRL,1969,17970
Ireland,IRL,1970,20643
Ireland,IRL,1971,31717
Ireland,IRL,1972,44034
Ireland,IRL,1973,47283
Ireland,IRL,1974,47741
Ireland,IRL,1975,47942
Ireland,IRL,1976,48274
Ireland,IRL,1977,49363
Ireland,IRL,1978,51429
Ireland,IRL,1979,46621
Ireland,IRL,1980,39434
Ireland,IRL,1981,33585
Ireland,IRL,1982,26707
Ireland,IRL,1983,22082
Ireland,IRL,1984,18339
Ireland,IRL,1985,15322
Ireland,IRL,1986,10600
Ireland,IRL,1987,-1493
Ireland,IRL,1988,-15290
Ireland,IRL,1989,-14022
Ireland,IRL,1990,2945
Ireland,IRL,1991,20243
Ireland,IRL,1992,24159
Ireland,IRL,1993,17701
Ireland,IRL,1994,14044
Ireland,IRL,1995,20533
Ireland,IRL,1996,27812
Ireland,IRL,1997,33780
Ireland,IRL,1998,38788
Ireland,IRL,1999,41863
Ireland,IRL,2000,49651
Ireland,IRL,2001,60392
Ireland,IRL,2002,65460
Ireland,IRL,2003,64494
Ireland,IRL,2004,73131
Ireland,IRL,2005,89217
Ireland,IRL,2006,113492
Ireland,IRL,2007,124743
Ireland,IRL,2008,92474
Ireland,IRL,2009,47758
Ireland,IRL,2010,25334
Ireland,IRL,2011,20519
Ireland,IRL,2012,20532
Ireland,IRL,2013,24551
Ireland,IRL,2014,33550
Ireland,IRL,2015,44261
Ireland,IRL,2016,51009
Ireland,IRL,2017,56752
Ireland,IRL,2018,62301
Ireland,IRL,2019,60934
Ireland,IRL,2020,49109
Ireland,IRL,2021,45826
Ireland,IRL,2022,81587
Ireland,IRL,2023,86614
Isle of Man,IMN,1951,-25
Isle of Man,IMN,1952,-424
Isle of Man,IMN,1953,-571
Isle of Man,IMN,1954,-626
Isle of Man,IMN,1955,-668
Isle of Man,IMN,1956,-715
Isle of Man,IMN,1957,-757
Isle of Man,IMN,1958,-782
Isle of Man,IMN,1959,-808
Isle of Man,IMN,1960,-852
Isle of Man,IMN,1961,-414
Isle of Man,IMN,1962,240
Isle of Man,IMN,1963,457
Isle of Man,IMN,1964,480
Isle of Man,IMN,1965,463
Isle of Man,IMN,1966,662
Isle of Man,IMN,1967,989
Isle of Man,IMN,1968,1152
Isle of Man,IMN,1969,1178
Isle of Man,IMN,1970,1229
Isle of Man,IMN,1971,1129
Isle of Man,IMN,1972,941
Isle of Man,IMN,1973,887
Isle of Man,IMN,1974,885
Isle of Man,IMN,1975,821
Isle of Man,IMN,1976,787
Isle of Man,IMN,1977,822
Isle of Man,IMN,1978,829
Isle of Man,IMN,1979,837
Isle of Man,IMN,1980,842
Isle of Man,IMN,1981,519
Isle of Man,IMN,1982,88
Isle of Man,IMN,1983,-54
Isle of Man,IMN,1984,-104
Isle of Man,IMN,1985,-126
Isle of Man,IMN,1986,297
Isle of Man,IMN,1987,901
Isle of Man,IMN,1988,1079
Isle of Man,IMN,1989,1108
Isle of Man,IMN,1990,1132
Isle of Man,IMN,1991,892
Isle of Man,IMN,1992,543
Isle of Man,IMN,1993,419
Isle of Man,IMN,1994,390
Isle of Man,IMN,1995,344
Isle of Man,IMN,1996,535
Isle of Man,IMN,1997,859
Isle of Man,IMN,1998,955
Isle of Man,IMN,1999,928
Isle of Man,IMN,2000,871
Isle of Man,IMN,2001,819
Isle of Man,IMN,2002,796
Isle of Man,IMN,2003,772
Isle of Man,IMN,2004,741
Isle of Man,IMN,2005,728
Isle of Man,IMN,2006,775
Isle of Man,IMN,2007,853
Isle of Man,IMN,2008,882
Isle of Man,IMN,2009,909
Isle of Man,IMN,2010,930
Isle of Man,IMN,2011,514
Isle of Man,IMN,2012,-44
Isle of Man,IMN,2013,-196
Isle of Man,IMN,2014,-246
Isle of Man,IMN,2015,-300
Isle of Man,IMN,2016,-128
Isle of Man,IMN,2017,141
Isle of Man,IMN,2018,187
Isle of Man,IMN,2019,163
Isle of Man,IMN,2020,103
Isle of Man,IMN,2021,43
Isle of Man,IMN,2022,27
Isle of Man,IMN,2023,34
Israel,ISR,1951,62569
Israel,ISR,1952,62411
Israel,ISR,1953,62112
Israel,ISR,1954,61708
Israel,ISR,1955,61453
Israel,ISR,1956,61143
Israel,ISR,1957,59890
Israel,ISR,1958,58477
Israel,ISR,1959,57341
Israel,ISR,1960,55593
Israel,ISR,1961,64953
Israel,ISR,1962,84073
Israel,ISR,1963,94082
Israel,ISR,1964,96806
Israel,ISR,1965,99595
Israel,ISR,1966,102386
Israel,ISR,1967,104822
Israel,ISR,1968,106814
Israel,ISR,1969,108687
Israel,ISR,1970,110614
Israel,ISR,1971,112530
Israel,ISR,1972,102101
Israel,ISR,1973,83638
Israel,ISR,1974,76945
Israel,ISR,1975,78100
Israel,ISR,1976,80179
Israel,ISR,1977,81353
Israel,ISR,1978,80785
Israel,ISR,1979,80473
Israel,ISR,1980,80789
Israel,ISR,1981,80567
Israel,ISR,1982,81407
Israel,ISR,1983,75991
Israel,ISR,1984,74104
Israel,ISR,1985,71627
Israel,ISR,1986,63604
Israel,ISR,1987,67909
Israel,ISR,1988,70449
Israel,ISR,1989,74188
Israel,ISR,1990,163483
Israel,ISR,1991,234897
Israel,ISR,1992,177348
Israel,ISR,1993,128801
Israel,ISR,1994,130656
Israel,ISR,1995,138037
Israel,ISR,1996,144821
Israel,ISR,1997,146921
Israel,ISR,1998,143667
Israel,ISR,1999,155936
Israel,ISR,2000,165115
Israel,ISR,2001,148783
Israel,ISR,2002,127737
Israel,ISR,2003,115107
Israel,ISR,2004,112263
Israel,ISR,2005,113128
Israel,ISR,2006,115817
Israel,ISR,2007,118427
Israel,ISR,2008,120165
Israel,ISR,2009,123475
Israel,ISR,2010,130639
Israel,ISR,2011,134288
Israel,ISR,2012,136758
Israel,ISR,2013,141588
Israel,ISR,2014,147804
Israel,ISR,2015,155743
Israel,ISR,2016,157090
Israel,ISR,2017,151790
Israel,ISR,2018,148271
Israel,ISR,2019,147399
Israel,ISR,2020,142914
Israel,ISR,2021,142545
Israel,ISR,2022,160218
Israel,ISR,2023,153168
Italy,ITA,1951,360227
Italy,ITA,1952,266276
Italy,ITA,1953,392708
Italy,ITA,1954,421348
Italy,ITA,1955,298584
Italy,ITA,1956,271131
Italy,ITA,1957,255077
Italy,ITA,1958,270071
Italy,ITA,1959,292354
Italy,ITA,1960,295105
Italy,ITA,1961,300699
Italy,ITA,1962,355337
Italy,ITA,1963,400387
Italy,ITA,1964,448601
Italy,ITA,1965,461154
Italy,ITA,1966,438335
Italy,ITA,1967,419267
Italy,ITA,1968,373821
Italy,ITA,1969,347985
Italy,ITA,1970,330090
Italy,ITA,1971,317563
Italy,ITA,1972,359768
Italy,ITA,1973,383009
Italy,ITA,1974,370543
Italy,ITA,1975,344932
Italy,ITA,1976,293369
Italy,ITA,1977,255137
Italy,ITA,1978,224417
Italy,ITA,1979,193413
Italy,ITA,1980,279704
Italy,ITA,1981,234666
Italy,ITA,1982,72426
Italy,ITA,1983,46936
Italy,ITA,1984,44241
Italy,ITA,1985,45144
Italy,ITA,1986,20483
Italy,ITA,1987,15937
Italy,ITA,1988,36829
Italy,ITA,1989,48002
Italy,ITA,1990,54707
Italy,ITA,1991,43937
Italy,ITA,1992,49599
Italy,ITA,1993,45769
Italy,ITA,1994,249374
Italy,ITA,1995,-16794
Italy,ITA,1996,-241244
Italy,ITA,1997,27174
Italy,ITA,1998,25918
Italy,ITA,1999,25606
Italy,ITA,2000,31404
Italy,ITA,2001,33560
Italy,ITA,2002,114876
Italy,ITA,2003,319061
Italy,ITA,2004,437039
Italy,ITA,2005,342960
Italy,ITA,2006,234738
Italy,ITA,2007,354289
Italy,ITA,2008,452964
Italy,ITA,2009,342329
Italy,ITA,2010,260196
Italy,ITA,2011,203670
Italy,ITA,2012,163640
Italy,ITA,2013,122342
Italy,ITA,2014,10305
Italy,ITA,2015,-88855
Italy,ITA,2016,-97211
Italy,ITA,2017,-87786
Italy,ITA,2018,-112821
Italy,ITA,2019,-147360
Italy,ITA,2020,-217373
Italy,ITA,2021,-183410
Italy,ITA,2022,-110247
Italy,ITA,2023,-119654
Jamaica,JAM,1951,40257
Jamaica,JAM,1952,33878
Jamaica,JAM,1953,28393
Jamaica,JAM,1954,23709
Jamaica,JAM,1955,20265
Jamaica,JAM,1956,18259
Jamaica,JAM,1957,17705
Jamaica,JAM,1958,18589
Jamaica,JAM,1959,19967
Jamaica,JAM,1960,21773
Jamaica,JAM,1961,23258
Jamaica,JAM,1962,23668
Jamaica,JAM,1963,24170
Jamaica,JAM,1964,24469
Jamaica,JAM,1965,23632
Jamaica,JAM,1966,22271
Jamaica,JAM,1967,21393
Jamaica,JAM,1968,20899
Jamaica,JAM,1969,21363
Jamaica,JAM,1970,23059
Jamaica,JAM,1971,25543
Jamaica,JAM,1972,27818
Jamaica,JAM,1973,29673
Jamaica,JAM,1974,29679
Jamaica,JAM,1975,28081
Jamaica,JAM,1976,26593
Jamaica,JAM,1977,25079
Jamaica,JAM,1978,24191
Jamaica,JAM,1979,24644
Jamaica,JAM,1980,26169
Jamaica,JAM,1981,28162
Jamaica,JAM,1982,30072
Jamaica,JAM,1983,30939
Jamaica,JAM,1984,29729
Jamaica,JAM,1985,26094
Jamaica,JAM,1986,21467
Jamaica,JAM,1987,17692
Jamaica,JAM,1988,15970
Jamaica,JAM,1989,16137
Jamaica,JAM,1990,17957
Jamaica,JAM,1991,20993
Jamaica,JAM,1992,23825
Jamaica,JAM,1993,25215
Jamaica,JAM,1994,25312
Jamaica,JAM,1995,24927
Jamaica,JAM,1996,24318
Jamaica,JAM,1997,23383
Jamaica,JAM,1998,21887
Jamaica,JAM,1999,20056
Jamaica,JAM,2000,18031
Jamaica,JAM,2001,16583
Jamaica,JAM,2002,16172
Jamaica,JAM,2003,16047
Jamaica,JAM,2004,15598
Jamaica,JAM,2005,14843
Jamaica,JAM,2006,13903
Jamaica,JAM,2007,12835
Jamaica,JAM,2008,11825
Jamaica,JAM,2009,11368
Jamaica,JAM,2010,11572
Jamaica,JAM,2011,11920
Jamaica,JAM,2012,11939
Jamaica,JAM,2013,11257
Jamaica,JAM,2014,10067
Jamaica,JAM,2015,8780
Jamaica,JAM,2016,7383
Jamaica,JAM,2017,5846
Jamaica,JAM,2018,4338
Jamaica,JAM,2019,3172
Jamaica,JAM,2020,7470
Jamaica,JAM,2021,6935
Jamaica,JAM,2022,1470
Jamaica,JAM,2023,635
Japan,JPN,1951,1406651
Japan,JPN,1952,1285204
Japan,JPN,1953,1189052
Japan,JPN,1954,1083488
Japan,JPN,1955,1017803
Japan,JPN,1956,916529
Japan,JPN,1957,766975
Japan,JPN,1958,737978
Japan,JPN,1959,776015
Japan,JPN,1960,776782
Japan,JPN,1961,817839
Japan,JPN,1962,858811
Japan,JPN,1963,881825
Japan,JPN,1964,931945
Japan,JPN,1965,1025843
Japan,JPN,1966,971815
Japan,JPN,1967,1077697
Japan,JPN,1968,1271946
Japan,JPN,1969,1237693
Japan,JPN,1970,1237201
Japan,JPN,1971,1239661
Japan,JPN,1972,1286932
Japan,JPN,1973,1375779
Japan,JPN,1974,1394947
Japan,JPN,1975,1311508
Japan,JPN,1976,1181595
Japan,JPN,1977,1071486
Japan,JPN,1978,1002662
Japan,JPN,1979,944621
Japan,JPN,1980,837200
Japan,JPN,1981,635293
Japan,JPN,1982,491721
Japan,JPN,1983,463168
Japan,JPN,1984,435452
Japan,JPN,1985,447763
Japan,JPN,1986,534575
Japan,JPN,1987,576855
Japan,JPN,1988,533369
Japan,JPN,1989,470454
Japan,JPN,1990,452356
Japan,JPN,1991,490103
Japan,JPN,1992,493837
Japan,JPN,1993,456248
Japan,JPN,1994,446906
Japan,JPN,1995,385798
Japan,JPN,1996,302645
Japan,JPN,1997,290622
Japan,JPN,1998,283256
Japan,JPN,1999,252384
Japan,JPN,2000,226228
Japan,JPN,2001,232350
Japan,JPN,2002,224455
Japan,JPN,2003,186655
Japan,JPN,2004,144515
Japan,JPN,2005,97562
Japan,JPN,2006,83916
Japan,JPN,2007,90436
Japan,JPN,2008,68309
Japan,JPN,2009,36479
Japan,JPN,2010,-7198
Japan,JPN,2011,-88843
Japan,JPN,2012,-168147
Japan,JPN,2013,-204641
Japan,JPN,2014,-237041
Japan,JPN,2015,-210733
Japan,JPN,2016,-115918
Japan,JPN,2017,-95264
Japan,JPN,2018,-151254
Japan,JPN,2019,-214011
Japan,JPN,2020,-394888
Japan,JPN,2021,-625191
Japan,JPN,2022,-681757
Japan,JPN,2023,-626638
Jersey,JEY,1951,906
Jersey,JEY,1952,698
Jersey,JEY,1953,647
Jersey,JEY,1954,634
Jersey,JEY,1955,612
Jersey,JEY,1956,575
Jersey,JEY,1957,576
Jersey,JEY,1958,615
Jersey,JEY,1959,627
Jersey,JEY,1960,644
Jersey,JEY,1961,652
Jersey,JEY,1962,663
Jersey,JEY,1963,657
Jersey,JEY,1964,653
Jersey,JEY,1965,643
Jersey,JEY,1966,618
Jersey,JEY,1967,606
Jersey,JEY,1968,547
Jersey,JEY,1969,497
Jersey,JEY,1970,468
Jersey,JEY,1971,746
Jersey,JEY,1972,1083
Jersey,JEY,1973,1077
Jersey,JEY,1974,1008
Jersey,JEY,1975,940
Jersey,JEY,1976,687
Jersey,JEY,1977,390
Jersey,JEY,1978,304
Jersey,JEY,1979,320
Jersey,JEY,1980,322
Jersey,JEY,1981,518
Jersey,JEY,1982,776
Jersey,JEY,1983,838
Jersey,JEY,1984,850
Jersey,JEY,1985,862
Jersey,JEY,1986,797
Jersey,JEY,1987,726
Jersey,JEY,1988,693
Jersey,JEY,1989,722
Jersey,JEY,1990,879
Jersey,JEY,1991,696
Jersey,JEY,1992,333
Jersey,JEY,1993,262
Jersey,JEY,1994,215
Jersey,JEY,1995,171
Jersey,JEY,1996,305
Jersey,JEY,1997,484
Jersey,JEY,1998,461
Jersey,JEY,1999,408
Jersey,JEY,2000,308
Jersey,JEY,2001,548
Jersey,JEY,2002,905
Jersey,JEY,2003,991
Jersey,JEY,2004,974
Jersey,JEY,2005,996
Jersey,JEY,2006,977
Jersey,JEY,2007,983
Jersey,JEY,2008,968
Jersey,JEY,2009,961
Jersey,JEY,2010,965
Jersey,JEY,2011,917
Jersey,JEY,2012,889
Jersey,JEY,2013,832
Jersey,JEY,2014,823
Jersey,JEY,2015,642
Jersey,JEY,2016,476
Jersey,JEY,2017,430
Jersey,JEY,2018,401
Jersey,JEY,2019,335
Jersey,JEY,2020,272
Jersey,JEY,2021,201
Jersey,JEY,2022,154
Jersey,JEY,2023,187
Jordan,JOR,1951,32352
Jordan,JOR,1952,35289
Jordan,JOR,1953,37660
Jordan,JOR,1954,39747
Jordan,JOR,1955,41716
Jordan,JOR,1956,43538
Jordan,JOR,1957,45252
Jordan,JOR,1958,46467
Jordan,JOR,1959,46783
Jordan,JOR,1960,45859
Jordan,JOR,1961,44128
Jordan,JOR,1962,42965
Jordan,JOR,1963,44156
Jordan,JOR,1964,50924
Jordan,JOR,1965,63802
Jordan,JOR,1966,78925
Jordan,JOR,1967,92815
Jordan,JOR,1968,101282
Jordan,JOR,1969,100633
Jordan,JOR,1970,92071
Jordan,JOR,1971,79976
Jordan,JOR,1972,69414
Jordan,JOR,1973,63534
Jordan,JOR,1974,61095
Jordan,JOR,1975,59868
Jordan,JOR,1976,59122
Jordan,JOR,1977,60827
Jordan,JOR,1978,64596
Jordan,JOR,1979,70287
Jordan,JOR,1980,80301
Jordan,JOR,1981,91336
Jordan,JOR,1982,101405
Jordan,JOR,1983,110374
Jordan,JOR,1984,117382
Jordan,JOR,1985,124130
Jordan,JOR,1986,131077
Jordan,JOR,1987,137738
Jordan,JOR,1988,145410
Jordan,JOR,1989,156594
Jordan,JOR,1990,272277
Jordan,JOR,1991,293237
Jordan,JOR,1992,212547
Jordan,JOR,1993,220319
Jordan,JOR,1994,213391
Jordan,JOR,1995,190688
Jordan,JOR,1996,160421
Jordan,JOR,1997,133769
Jordan,JOR,1998,118003
Jordan,JOR,1999,112160
Jordan,JOR,2000,110495
Jordan,JOR,2001,111955
Jordan,JOR,2002,117177
Jordan,JOR,2003,125760
Jordan,JOR,2004,140229
Jordan,JOR,2005,147531
Jordan,JOR,2006,397780
Jordan,JOR,2007,399858
Jordan,JOR,2008,162639
Jordan,JOR,2009,151889
Jordan,JOR,2010,155283
Jordan,JOR,2011,183385
Jordan,JOR,2012,106702
Jordan,JOR,2013,404679
Jordan,JOR,2014,799903
Jordan,JOR,2015,753015
Jordan,JOR,2016,461639
Jordan,JOR,2017,227858
Jordan,JOR,2018,228083
Jordan,JOR,2019,209583
Jordan,JOR,2020,193339
Jordan,JOR,2021,201124
Jordan,JOR,2022,189913
Jordan,JOR,2023,182951
Kazakhstan,KAZ,1951,233761
Kazakhstan,KAZ,1952,237895
Kazakhstan,KAZ,1953,239680
Kazakhstan,KAZ,1954,243551
Kazakhstan,KAZ,1955,251600
Kazakhstan,KAZ,1956,263068
Kazakhstan,KAZ,1957,277203
Kazakhstan,KAZ,1958,288731
Kazakhstan,KAZ,1959,299536
Kazakhstan,KAZ,1960,307808
Kazakhstan,KAZ,1961,312099
Kazakhstan,KAZ,1962,316856
Kazakhstan,KAZ,1963,318534
Kazakhstan,KAZ,1964,312841
Kazakhstan,KAZ,1965,302883
Kazakhstan,KAZ,1966,295794
Kazakhstan,KAZ,1967,295439
Kazakhstan,KAZ,1968,294756
Kazakhstan,KAZ,1969,277035
Kazakhstan,KAZ,1970,262837
Kazakhstan,KAZ,1971,265761
Kazakhstan,KAZ,1972,266988
Kazakhstan,KAZ,1973,256317
Kazakhstan,KAZ,1974,246454
Kazakhstan,KAZ,1975,246274
Kazakhstan,KAZ,1976,297887
Kazakhstan,KAZ,1977,354525
Kazakhstan,KAZ,1978,358245
Kazakhstan,KAZ,1979,267196
Kazakhstan,KAZ,1980,174250
Kazakhstan,KAZ,1981,170133
Kazakhstan,KAZ,1982,169511
Kazakhstan,KAZ,1983,172957
Kazakhstan,KAZ,1984,179066
Kazakhstan,KAZ,1985,186467
Kazakhstan,KAZ,1986,231610
Kazakhstan,KAZ,1987,265020
Kazakhstan,KAZ,1988,253450
Kazakhstan,KAZ,1989,215845
Kazakhstan,KAZ,1990,157048
Kazakhstan,KAZ,1991,124544
Kazakhstan,KAZ,1992,54020
Kazakhstan,KAZ,1993,-58137
Kazakhstan,KAZ,1994,-230712
Kazakhstan,KAZ,1995,-313234
Kazakhstan,KAZ,1996,-314505
Kazakhstan,KAZ,1997,-372786
Kazakhstan,KAZ,1998,-395461
Kazakhstan,KAZ,1999,-191912
Kazakhstan,KAZ,2000,45231
Kazakhstan,KAZ,2001,74442
Kazakhstan,KAZ,2002,81130
Kazakhstan,KAZ,2003,90697
Kazakhstan,KAZ,2004,102787
Kazakhstan,KAZ,2005,117954
Kazakhstan,KAZ,2006,135600
Kazakhstan,KAZ,2007,153494
Kazakhstan,KAZ,2008,169315
Kazakhstan,KAZ,2009,193324
Kazakhstan,KAZ,2010,216957
Kazakhstan,KAZ,2011,229188
Kazakhstan,KAZ,2012,240119
Kazakhstan,KAZ,2013,250387
Kazakhstan,KAZ,2014,259783
Kazakhstan,KAZ,2015,267890
Kazakhstan,KAZ,2016,279425
Kazakhstan,KAZ,2017,288331
Kazakhstan,KAZ,2018,280794
Kazakhstan,KAZ,2019,276831
Kazakhstan,KAZ,2020,272560
Kazakhstan,KAZ,2021,261491
Kazakhstan,KAZ,2022,291005
Kazakhstan,KAZ,2023,295497
Kenya,KEN,1951,124386
Kenya,KEN,1952,139720
Kenya,KEN,1953,150604
Kenya,KEN,1954,164243
Kenya,KEN,1955,181158
Kenya,KEN,1956,198384
Kenya,KEN,1957,217188
Kenya,KEN,1958,229921
Kenya,KEN,1959,247948
Kenya,KEN,1960,272568
Kenya,KEN,1961,292458
Kenya,KEN,1962,311543
Kenya,KEN,1963,328661
Kenya,KEN,1964,345567
Kenya,KEN,1965,364545
Kenya,KEN,1966,379741
Kenya,KEN,1967,393236
Kenya,KEN,1968,407767
Kenya,KEN,1969,420869
Kenya,KEN,1970,429109
Kenya,KEN,1971,420100
Kenya,KEN,1972,417157
Kenya,KEN,1973,428778
Kenya,KEN,1974,435237
Kenya,KEN,1975,441594
Kenya,KEN,1976,445948
Kenya,KEN,1977,471204
Kenya,KEN,1978,505303
Kenya,KEN,1979,526541
Kenya,KEN,1980,557797
Kenya,KEN,1981,583045
Kenya,KEN,1982,604667
Kenya,KEN,1983,640197
Kenya,KEN,1984,668534
Kenya,KEN,1985,686864
Kenya,KEN,1986,699871
Kenya,KEN,1987,714448
Kenya,KEN,1988,740131
Kenya,KEN,1989,762215
Kenya,KEN,1990,774218
Kenya,KEN,1991,753859
Kenya,KEN,1992,735952
Kenya,KEN,1993,734726
Kenya,KEN,1994,739944
Kenya,KEN,1995,744617
Kenya,KEN,1996,742458
Kenya,KEN,1997,757551
Kenya,KEN,1998,786301
Kenya,KEN,1999,845350
Kenya,KEN,2000,909480
Kenya,KEN,2001,976277
Kenya,KEN,2002,1010639
Kenya,KEN,2003,1022424
Kenya,KEN,2004,1061220
Kenya,KEN,2005,1083032
Kenya,KEN,2006,1107525
Kenya,KEN,2007,1132344
Kenya,KEN,2008,1169995
Kenya,KEN,2009,1202538
Kenya,KEN,2010,1189683
Kenya,KEN,2011,1159897
Kenya,KEN,2012,1129839
Kenya,KEN,2013,1098488
Kenya,KEN,2014,1064647
Kenya,KEN,2015,1037087
Kenya,KEN,2016,1051155
Kenya,KEN,2017,1058074
Kenya,KEN,2018,1009352
Kenya,KEN,2019,995720
Kenya,KEN,2020,1014498
Kenya,KEN,2021,1001840
Kenya,KEN,2022,1033291
Kenya,KEN,2023,1086549
Kiribati,KIR,1951,773
Kiribati,KIR,1952,805
Kiribati,KIR,1953,836
Kiribati,KIR,1954,866
Kiribati,KIR,1955,911
Kiribati,KIR,1956,947
Kiribati,KIR,1957,983
Kiribati,KIR,1958,1013
Kiribati,KIR,1959,1056
Kiribati,KIR,1960,1116
Kiribati,KIR,1961,1170
Kiribati,KIR,1962,1215
Kiribati,KIR,1963,1250
Kiribati,KIR,1964,1294
Kiribati,KIR,1965,1346
Kiribati,KIR,1966,997
Kiribati,KIR,1967,567
Kiribati,KIR,1968,529
Kiribati,KIR,1969,835
Kiribati,KIR,1970,1150
Kiribati,KIR,1971,1142
Kiribati,KIR,1972,1124
Kiribati,KIR,1973,1043
Kiribati,KIR,1974,396
Kiribati,KIR,1975,-224
Kiribati,KIR,1976,-328
Kiribati,KIR,1977,-398
Kiribati,KIR,1978,-407
Kiribati,KIR,1979,314
Kiribati,KIR,1980,978
Kiribati,KIR,1981,967
Kiribati,KIR,1982,1009
Kiribati,KIR,1983,1037
Kiribati,KIR,1984,1062
Kiribati,KIR,1985,1265
Kiribati,KIR,1986,1569
Kiribati,KIR,1987,1670
Kiribati,KIR,1988,1696
Kiribati,KIR,1989,1719
Kiribati,KIR,1990,1708
Kiribati,KIR,1991,1513
Kiribati,KIR,1992,1270
Kiribati,KIR,1993,1198
Kiribati,KIR,1994,1180
Kiribati,KIR,1995,1218
Kiribati,KIR,1996,1386
Kiribati,KIR,1997,1524
Kiribati,KIR,1998,1511
Kiribati,KIR,1999,1467
Kiribati,KIR,2000,1493
Kiribati,KIR,2001,1718
Kiribati,KIR,2002,1931
Kiribati,KIR,2003,1908
Kiribati,KIR,2004,1907
Kiribati,KIR,2005,1949
Kiribati,KIR,2006,1983
Kiribati,KIR,2007,2053
Kiribati,KIR,2008,2154
Kiribati,KIR,2009,2244
Kiribati,KIR,2010,2238
Kiribati,KIR,2011,1943
Kiribati,KIR,2012,1633
Kiribati,KIR,2013,1554
Kiribati,KIR,2014,1492
Kiribati,KIR,2015,1487
Kiribati,KIR,2016,1662
Kiribati,KIR,2017,1800
Kiribati,KIR,2018,1809
Kiribati,KIR,2019,1831
Kiribati,KIR,2020,2182
Kiribati,KIR,2021,2277
Kiribati,KIR,2022,2096
Kiribati,KIR,2023,2057
Kosovo,OWID_KOS,1951,15856
Kosovo,OWID_KOS,1952,16694
Kosovo,OWID_KOS,1953,17775
Kosovo,OWID_KOS,1954,19085
Kosovo,OWID_KOS,1955,20162
Kosovo,OWID_KOS,1956,20666
Kosovo,OWID_KOS,1957,21746
Kosovo,OWID_KOS,1958,23185
Kosovo,OWID_KOS,1959,24788
Kosovo,OWID_KOS,1960,26419
Kosovo,OWID_KOS,1961,26573
Kosovo,OWID_KOS,1962,25529
Kosovo,OWID_KOS,1963,25788
Kosovo,OWID_KOS,1964,27535
Kosovo,OWID_KOS,1965,29898
Kosovo,OWID_KOS,1966,32414
Kosovo,OWID_KOS,1967,35081
Kosovo,OWID_KOS,1968,26539
Kosovo,OWID_KOS,1969,17255
Kosovo,OWID_KOS,1970,18089
Kosovo,OWID_KOS,1971,23470
Kosovo,OWID_KOS,1972,28557
Kosovo,OWID_KOS,1973,29599
Kosovo,OWID_KOS,1974,31946
Kosovo,OWID_KOS,1975,34565
Kosovo,OWID_KOS,1976,37189
Kosovo,OWID_KOS,1977,39584
Kosovo,OWID_KOS,1978,41784
Kosovo,OWID_KOS,1979,43546
Kosovo,OWID_KOS,1980,45030
Kosovo,OWID_KOS,1981,41742
Kosovo,OWID_KOS,1982,36605
Kosovo,OWID_KOS,1983,36080
Kosovo,OWID_KOS,1984,37564
Kosovo,OWID_KOS,1985,39207
Kosovo,OWID_KOS,1986,40958
Kosovo,OWID_KOS,1987,43616
Kosovo,OWID_KOS,1988,37288
Kosovo,OWID_KOS,1989,28457
Kosovo,OWID_KOS,1990,27447
Kosovo,OWID_KOS,1991,31576
Kosovo,OWID_KOS,1992,34358
Kosovo,OWID_KOS,1993,32948
Kosovo,OWID_KOS,1994,32589
Kosovo,OWID_KOS,1995,32254
Kosovo,OWID_KOS,1996,31237
Kosovo,OWID_KOS,1997,28535
Kosovo,OWID_KOS,1998,-118314
Kosovo,OWID_KOS,1999,-207445
Kosovo,OWID_KOS,2000,-69039
Kosovo,OWID_KOS,2001,17525
Kosovo,OWID_KOS,2002,9454
Kosovo,OWID_KOS,2003,-3031
Kosovo,OWID_KOS,2004,-3658
Kosovo,OWID_KOS,2005,-4422
Kosovo,OWID_KOS,2006,-5279
Kosovo,OWID_KOS,2007,-5979
Kosovo,OWID_KOS,2008,-6237
Kosovo,OWID_KOS,2009,-6173
Kosovo,OWID_KOS,2010,-5932
Kosovo,OWID_KOS,2011,3193
Kosovo,OWID_KOS,2012,14589
Kosovo,OWID_KOS,2013,10633
Kosovo,OWID_KOS,2014,-8188
Kosovo,OWID_KOS,2015,-29964
Kosovo,OWID_KOS,2016,-17254
Kosovo,OWID_KOS,2017,6360
Kosovo,OWID_KOS,2018,-377
Kosovo,OWID_KOS,2019,-12700
Kosovo,OWID_KOS,2020,-3635
Kosovo,OWID_KOS,2021,-9964
Kosovo,OWID_KOS,2022,-23499
Kosovo,OWID_KOS,2023,-17911
Kuwait,KWT,1951,4489
Kuwait,KWT,1952,4707
Kuwait,KWT,1953,4933
Kuwait,KWT,1954,5154
Kuwait,KWT,1955,12869
Kuwait,KWT,1956,21097
Kuwait,KWT,1957,19830
Kuwait,KWT,1958,23164
Kuwait,KWT,1959,29316
Kuwait,KWT,1960,31534
Kuwait,KWT,1961,34887
Kuwait,KWT,1962,39052
Kuwait,KWT,1963,42697
Kuwait,KWT,1964,45420
Kuwait,KWT,1965,48058
Kuwait,KWT,1966,51417
Kuwait,KWT,1967,55507
Kuwait,KWT,1968,59622
Kuwait,KWT,1969,61734
Kuwait,KWT,1970,59658
Kuwait,KWT,1971,55961
Kuwait,KWT,1972,55279
Kuwait,KWT,1973,57307
Kuwait,KWT,1974,60689
Kuwait,KWT,1975,66515
Kuwait,KWT,1976,73848
Kuwait,KWT,1977,79312
Kuwait,KWT,1978,82294
Kuwait,KWT,1979,83200
Kuwait,KWT,1980,81266
Kuwait,KWT,1981,78639
Kuwait,KWT,1982,79061
Kuwait,KWT,1983,81813
Kuwait,KWT,1984,76390
Kuwait,KWT,1985,73563
Kuwait,KWT,1986,78265
Kuwait,KWT,1987,80487
Kuwait,KWT,1988,81701
Kuwait,KWT,1989,82762
Kuwait,KWT,1990,-532637
Kuwait,KWT,1991,-333430
Kuwait,KWT,1992,283565
Kuwait,KWT,1993,37190
Kuwait,KWT,1994,-7787
Kuwait,KWT,1995,17147
Kuwait,KWT,1996,48737
Kuwait,KWT,1997,57437
Kuwait,KWT,1998,56616
Kuwait,KWT,1999,55727
Kuwait,KWT,2000,54678
Kuwait,KWT,2001,53414
Kuwait,KWT,2002,51856
Kuwait,KWT,2003,49903
Kuwait,KWT,2004,47443
Kuwait,KWT,2005,79468
Kuwait,KWT,2006,127944
Kuwait,KWT,2007,143149
Kuwait,KWT,2008,143543
Kuwait,KWT,2009,144056
Kuwait,KWT,2010,147885
Kuwait,KWT,2011,189441
Kuwait,KWT,2012,204210
Kuwait,KWT,2013,170730
Kuwait,KWT,2014,158014
Kuwait,KWT,2015,168696
Kuwait,KWT,2016,169511
Kuwait,KWT,2017,150710
Kuwait,KWT,2018,168703
Kuwait,KWT,2019,118812
Kuwait,KWT,2020,-42055
Kuwait,KWT,2021,-39398
Kuwait,KWT,2022,228766
Kuwait,KWT,2023,249267
Kyrgyzstan,KGZ,1951,36377
Kyrgyzstan,KGZ,1952,37074
Kyrgyzstan,KGZ,1953,37945
Kyrgyzstan,KGZ,1954,39609
Kyrgyzstan,KGZ,1955,42263
Kyrgyzstan,KGZ,1956,45219
Kyrgyzstan,KGZ,1957,48694
Kyrgyzstan,KGZ,1958,52535
Kyrgyzstan,KGZ,1959,58444
Kyrgyzstan,KGZ,1960,66216
Kyrgyzstan,KGZ,1961,73155
Kyrgyzstan,KGZ,1962,78627
Kyrgyzstan,KGZ,1963,81948
Kyrgyzstan,KGZ,1964,82906
Kyrgyzstan,KGZ,1965,82912
Kyrgyzstan,KGZ,1966,82565
Kyrgyzstan,KGZ,1967,82542
Kyrgyzstan,KGZ,1968,82722
Kyrgyzstan,KGZ,1969,81948
Kyrgyzstan,KGZ,1970,80301
Kyrgyzstan,KGZ,1971,76301
Kyrgyzstan,KGZ,1972,72504
Kyrgyzstan,KGZ,1973,70925
Kyrgyzstan,KGZ,1974,69152
Kyrgyzstan,KGZ,1975,67343
Kyrgyzstan,KGZ,1976,65641
Kyrgyzstan,KGZ,1977,67124
Kyrgyzstan,KGZ,1978,70400
Kyrgyzstan,KGZ,1979,71660
Kyrgyzstan,KGZ,1980,73179
Kyrgyzstan,KGZ,1981,75083
Kyrgyzstan,KGZ,1982,78365
Kyrgyzstan,KGZ,1983,82945
Kyrgyzstan,KGZ,1984,73583
Kyrgyzstan,KGZ,1985,63041
Kyrgyzstan,KGZ,1986,66205
Kyrgyzstan,KGZ,1987,69873
Kyrgyzstan,KGZ,1988,69555
Kyrgyzstan,KGZ,1989,73977
Kyrgyzstan,KGZ,1990,77546
Kyrgyzstan,KGZ,1991,72579
Kyrgyzstan,KGZ,1992,68184
Kyrgyzstan,KGZ,1993,26501
Kyrgyzstan,KGZ,1994,22381
Kyrgyzstan,KGZ,1995,64451
Kyrgyzstan,KGZ,1996,69244
Kyrgyzstan,KGZ,1997,65113
Kyrgyzstan,KGZ,1998,59794
Kyrgyzstan,KGZ,1999,60801
Kyrgyzstan,KGZ,2000,56557
Kyrgyzstan,KGZ,2001,46810
Kyrgyzstan,KGZ,2002,44292
Kyrgyzstan,KGZ,2003,43170
Kyrgyzstan,KGZ,2004,43626
Kyrgyzstan,KGZ,2005,43289
Kyrgyzstan,KGZ,2006,36114
Kyrgyzstan,KGZ,2007,30925
Kyrgyzstan,KGZ,2008,29154
Kyrgyzstan,KGZ,2009,55483
Kyrgyzstan,KGZ,2010,93750
Kyrgyzstan,KGZ,2011,102774
Kyrgyzstan,KGZ,2012,101984
Kyrgyzstan,KGZ,2013,100773
Kyrgyzstan,KGZ,2014,101028
Kyrgyzstan,KGZ,2015,103554
Kyrgyzstan,KGZ,2016,106584
Kyrgyzstan,KGZ,2017,111688
Kyrgyzstan,KGZ,2018,121585
Kyrgyzstan,KGZ,2019,152303
Kyrgyzstan,KGZ,2020,170107
Kyrgyzstan,KGZ,2021,156340
Kyrgyzstan,KGZ,2022,135309
Kyrgyzstan,KGZ,2023,117731
Land-locked developing countries (LLDC),,1951,2233756
Land-locked developing countries (LLDC),,1952,2304518
Land-locked developing countries (LLDC),,1953,2365645
Land-locked developing countries (LLDC),,1954,2436307
Land-locked developing countries (LLDC),,1955,2530710
Land-locked developing countries (LLDC),,1956,2639859
Land-locked developing countries (LLDC),,1957,2690285
Land-locked developing countries (LLDC),,1958,2717387
Land-locked developing countries (LLDC),,1959,2922404
Land-locked developing countries (LLDC),,1960,3161774
Land-locked developing countries (LLDC),,1961,3322675
Land-locked developing countries (LLDC),,1962,3451827
Land-locked developing countries (LLDC),,1963,3537933
Land-locked developing countries (LLDC),,1964,3663745
Land-locked developing countries (LLDC),,1965,3758132
Land-locked developing countries (LLDC),,1966,3790382
Land-locked developing countries (LLDC),,1967,3886441
Land-locked developing countries (LLDC),,1968,4009366
Land-locked developing countries (LLDC),,1969,4050956
Land-locked developing countries (LLDC),,1970,4070067
Land-locked developing countries (LLDC),,1971,4109533
Land-locked developing countries (LLDC),,1972,4089386
Land-locked developing countries (LLDC),,1973,4209479
Land-locked developing countries (LLDC),,1974,4422743
Land-locked developing countries (LLDC),,1975,4490486
Land-locked developing countries (LLDC),,1976,4663056
Land-locked developing countries (LLDC),,1977,4654875
Land-locked developing countries (LLDC),,1978,4637674
Land-locked developing countries (LLDC),,1979,4260889
Land-locked developing countries (LLDC),,1980,3597762
Land-locked developing countries (LLDC),,1981,3703620
Land-locked developing countries (LLDC),,1982,4642169
Land-locked developing countries (LLDC),,1983,5335024
Land-locked developing countries (LLDC),,1984,5545978
Land-locked developing countries (LLDC),,1985,5691608
Land-locked developing countries (LLDC),,1986,5772600
Land-locked developing countries (LLDC),,1987,6203623
Land-locked developing countries (LLDC),,1988,6627506
Land-locked developing countries (LLDC),,1989,6856519
Land-locked developing countries (LLDC),,1990,6698580
Land-locked developing countries (LLDC),,1991,7132596
Land-locked developing countries (LLDC),,1992,7976248
Land-locked developing countries (LLDC),,1993,7468952
Land-locked developing countries (LLDC),,1994,5405404
Land-locked developing countries (LLDC),,1995,5607389
Land-locked developing countries (LLDC),,1996,7621613
Land-locked developing countries (LLDC),,1997,7555584
Land-locked developing countries (LLDC),,1998,6962434
Land-locked developing countries (LLDC),,1999,7152282
Land-locked developing countries (LLDC),,2000,7020867
Land-locked developing countries (LLDC),,2001,7106251
Land-locked developing countries (LLDC),,2002,8358930
Land-locked developing countries (LLDC),,2003,8989336
Land-locked developing countries (LLDC),,2004,8740245
Land-locked developing countries (LLDC),,2005,8917289
Land-locked developing countries (LLDC),,2006,9292216
Land-locked developing countries (LLDC),,2007,9026915
Land-locked developing countries (LLDC),,2008,9397220
Land-locked developing countries (LLDC),,2009,10028051
Land-locked developing countries (LLDC),,2010,10197456
Land-locked developing countries (LLDC),,2011,10730283
Land-locked developing countries (LLDC),,2012,10883317
Land-locked developing countries (LLDC),,2013,10809625
Land-locked developing countries (LLDC),,2014,10832257
Land-locked developing countries (LLDC),,2015,10733251
Land-locked developing countries (LLDC),,2016,10785069
Land-locked developing countries (LLDC),,2017,10924245
Land-locked developing countries (LLDC),,2018,11630855
Land-locked developing countries (LLDC),,2019,12610455
Land-locked developing countries (LLDC),,2020,13090413
Land-locked developing countries (LLDC),,2021,12751013
Land-locked developing countries (LLDC),,2022,12237268
Land-locked developing countries (LLDC),,2023,13056006
Laos,LAO,1951,40690
Laos,LAO,1952,40941
Laos,LAO,1953,41633
Laos,LAO,1954,42314
Laos,LAO,1955,43092
Laos,LAO,1956,44011
Laos,LAO,1957,44903
Laos,LAO,1958,45888
Laos,LAO,1959,46456
Laos,LAO,1960,47033
Laos,LAO,1961,48283
Laos,LAO,1962,50118
Laos,LAO,1963,51150
Laos,LAO,1964,51760
Laos,LAO,1965,53372
Laos,LAO,1966,54888
Laos,LAO,1967,56631
Laos,LAO,1968,58662
Laos,LAO,1969,60584
Laos,LAO,1970,62738
Laos,LAO,1971,64934
Laos,LAO,1972,67020
Laos,LAO,1973,68921
Laos,LAO,1974,69181
Laos,LAO,1975,65765
Laos,LAO,1976,59358
Laos,LAO,1977,54044
Laos,LAO,1978,52827
Laos,LAO,1979,56445
Laos,LAO,1980,64377
Laos,LAO,1981,74063
Laos,LAO,1982,83384
Laos,LAO,1983,90981
Laos,LAO,1984,96842
Laos,LAO,1985,102140
Laos,LAO,1986,106735
Laos,LAO,1987,110904
Laos,LAO,1988,114984
Laos,LAO,1989,118364
Laos,LAO,1990,120988
Laos,LAO,1991,123161
Laos,LAO,1992,124529
Laos,LAO,1993,125414
Laos,LAO,1994,124159
Laos,LAO,1995,120187
Laos,LAO,1996,116276
Laos,LAO,1997,106329
Laos,LAO,1998,96258
Laos,LAO,1999,92511
Laos,LAO,2000,90429
Laos,LAO,2001,90268
Laos,LAO,2002,89407
Laos,LAO,2003,87056
Laos,LAO,2004,83683
Laos,LAO,2005,87904
Laos,LAO,2006,93668
Laos,LAO,2007,93038
Laos,LAO,2008,92737
Laos,LAO,2009,92675
Laos,LAO,2010,92549
Laos,LAO,2011,92394
Laos,LAO,2012,92389
Laos,LAO,2013,92404
Laos,LAO,2014,91785
Laos,LAO,2015,98477
Laos,LAO,2016,107153
Laos,LAO,2017,109350
Laos,LAO,2018,109893
Laos,LAO,2019,109592
Laos,LAO,2020,108899
Laos,LAO,2021,106658
Laos,LAO,2022,105816
Laos,LAO,2023,105993
Latin America and the Caribbean (UN),UN_LAC,1951,4396497
Latin America and the Caribbean (UN),UN_LAC,1952,4564087
Latin America and the Caribbean (UN),UN_LAC,1953,4722389
Latin America and the Caribbean (UN),UN_LAC,1954,4887103
Latin America and the Caribbean (UN),UN_LAC,1955,5055858
Latin America and the Caribbean (UN),UN_LAC,1956,5227144
Latin America and the Caribbean (UN),UN_LAC,1957,5399394
Latin America and the Caribbean (UN),UN_LAC,1958,5562771
Latin America and the Caribbean (UN),UN_LAC,1959,5741013
Latin America and the Caribbean (UN),UN_LAC,1960,5929456
Latin America and the Caribbean (UN),UN_LAC,1961,6123785
Latin America and the Caribbean (UN),UN_LAC,1962,6304819
Latin America and the Caribbean (UN),UN_LAC,1963,6455173
Latin America and the Caribbean (UN),UN_LAC,1964,6582059
Latin America and the Caribbean (UN),UN_LAC,1965,6678920
Latin America and the Caribbean (UN),UN_LAC,1966,6755001
Latin America and the Caribbean (UN),UN_LAC,1967,6817378
Latin America and the Caribbean (UN),UN_LAC,1968,6869367
Latin America and the Caribbean (UN),UN_LAC,1969,6924464
Latin America and the Caribbean (UN),UN_LAC,1970,6962089
Latin America and the Caribbean (UN),UN_LAC,1971,7035359
Latin America and the Caribbean (UN),UN_LAC,1972,7148416
Latin America and the Caribbean (UN),UN_LAC,1973,7249147
Latin America and the Caribbean (UN),UN_LAC,1974,7333540
Latin America and the Caribbean (UN),UN_LAC,1975,7402851
Latin America and the Caribbean (UN),UN_LAC,1976,7477712
Latin America and the Caribbean (UN),UN_LAC,1977,7606410
Latin America and the Caribbean (UN),UN_LAC,1978,7753399
Latin America and the Caribbean (UN),UN_LAC,1979,7839599
Latin America and the Caribbean (UN),UN_LAC,1980,7905804
Latin America and the Caribbean (UN),UN_LAC,1981,7917355
Latin America and the Caribbean (UN),UN_LAC,1982,7961468
Latin America and the Caribbean (UN),UN_LAC,1983,8104555
Latin America and the Caribbean (UN),UN_LAC,1984,8192435
Latin America and the Caribbean (UN),UN_LAC,1985,8196369
Latin America and the Caribbean (UN),UN_LAC,1986,8176377
Latin America and the Caribbean (UN),UN_LAC,1987,8175619
Latin America and the Caribbean (UN),UN_LAC,1988,8208359
Latin America and the Caribbean (UN),UN_LAC,1989,8215120
Latin America and the Caribbean (UN),UN_LAC,1990,8243827
Latin America and the Caribbean (UN),UN_LAC,1991,8194217
Latin America and the Caribbean (UN),UN_LAC,1992,8140924
Latin America and the Caribbean (UN),UN_LAC,1993,8092845
Latin America and the Caribbean (UN),UN_LAC,1994,8010508
Latin America and the Caribbean (UN),UN_LAC,1995,7987913
Latin America and the Caribbean (UN),UN_LAC,1996,7922889
Latin America and the Caribbean (UN),UN_LAC,1997,7864935
Latin America and the Caribbean (UN),UN_LAC,1998,7873880
Latin America and the Caribbean (UN),UN_LAC,1999,7796307
Latin America and the Caribbean (UN),UN_LAC,2000,7554273
Latin America and the Caribbean (UN),UN_LAC,2001,7302519
Latin America and the Caribbean (UN),UN_LAC,2002,7115384
Latin America and the Caribbean (UN),UN_LAC,2003,6946701
Latin America and the Caribbean (UN),UN_LAC,2004,6805975
Latin America and the Caribbean (UN),UN_LAC,2005,6718261
Latin America and the Caribbean (UN),UN_LAC,2006,6642716
Latin America and the Caribbean (UN),UN_LAC,2007,6613104
Latin America and the Caribbean (UN),UN_LAC,2008,6581104
Latin America and the Caribbean (UN),UN_LAC,2009,6496242
Latin America and the Caribbean (UN),UN_LAC,2010,6362498
Latin America and the Caribbean (UN),UN_LAC,2011,6334843
Latin America and the Caribbean (UN),UN_LAC,2012,6334225
Latin America and the Caribbean (UN),UN_LAC,2013,6260591
Latin America and the Caribbean (UN),UN_LAC,2014,6177723
Latin America and the Caribbean (UN),UN_LAC,2015,6027376
Latin America and the Caribbean (UN),UN_LAC,2016,5880032
Latin America and the Caribbean (UN),UN_LAC,2017,5652802
Latin America and the Caribbean (UN),UN_LAC,2018,5436718
Latin America and the Caribbean (UN),UN_LAC,2019,5183377
Latin America and the Caribbean (UN),UN_LAC,2020,4533849
Latin America and the Caribbean (UN),UN_LAC,2021,3735912
Latin America and the Caribbean (UN),UN_LAC,2022,3901494
Latin America and the Caribbean (UN),UN_LAC,2023,4524727
Latvia,LVA,1951,15193
Latvia,LVA,1952,15622
Latvia,LVA,1953,15663
Latvia,LVA,1954,16836
Latvia,LVA,1955,18428
Latvia,LVA,1956,19042
Latvia,LVA,1957,20612
Latvia,LVA,1958,23173
Latvia,LVA,1959,33689
Latvia,LVA,1960,34186
Latvia,LVA,1961,26004
Latvia,LVA,1962,25114
Latvia,LVA,1963,23517
Latvia,LVA,1964,23949
Latvia,LVA,1965,23016
Latvia,LVA,1966,21587
Latvia,LVA,1967,21724
Latvia,LVA,1968,21206
Latvia,LVA,1969,20377
Latvia,LVA,1970,19896
Latvia,LVA,1971,19516
Latvia,LVA,1972,18796
Latvia,LVA,1973,19902
Latvia,LVA,1974,21221
Latvia,LVA,1975,18786
Latvia,LVA,1976,14761
Latvia,LVA,1977,14064
Latvia,LVA,1978,12759
Latvia,LVA,1979,8162
Latvia,LVA,1980,6230
Latvia,LVA,1981,8216
Latvia,LVA,1982,12048
Latvia,LVA,1983,14956
Latvia,LVA,1984,15797
Latvia,LVA,1985,16464
Latvia,LVA,1986,20547
Latvia,LVA,1987,26185
Latvia,LVA,1988,26281
Latvia,LVA,1989,12589
Latvia,LVA,1990,-4708
Latvia,LVA,1991,-11198
Latvia,LVA,1992,-34100
Latvia,LVA,1993,-51013
Latvia,LVA,1994,-42582
Latvia,LVA,1995,-35290
Latvia,LVA,1996,-28041
Latvia,LVA,1997,-24678
Latvia,LVA,1998,-23012
Latvia,LVA,1999,-19395
Latvia,LVA,2000,-22502
Latvia,LVA,2001,-30021
Latvia,LVA,2002,-26941
Latvia,LVA,2003,-22375
Latvia,LVA,2004,-24804
Latvia,LVA,2005,-24392
Latvia,LVA,2006,-20748
Latvia,LVA,2007,-18265
Latvia,LVA,2008,-23064
Latvia,LVA,2009,-35666
Latvia,LVA,2010,-44210
Latvia,LVA,2011,-37894
Latvia,LVA,2012,-25301
Latvia,LVA,2013,-21635
Latvia,LVA,2014,-18851
Latvia,LVA,2015,-16279
Latvia,LVA,2016,-18011
Latvia,LVA,2017,-17264
Latvia,LVA,2018,-15013
Latvia,LVA,2019,-13319
Latvia,LVA,2020,-13148
Latvia,LVA,2021,-15526
Latvia,LVA,2022,-4534
Latvia,LVA,2023,1340
Least developed countries,,1951,3891979
Least developed countries,,1952,4057054
Least developed countries,,1953,4169679
Least developed countries,,1954,4324672
Least developed countries,,1955,4537833
Least developed countries,,1956,4730586
Least developed countries,,1957,4862202
Least developed countries,,1958,4915562
Least developed countries,,1959,5218123
Least developed countries,,1960,5648804
Least developed countries,,1961,5937020
Least developed countries,,1962,6189192
Least developed countries,,1963,6385062
Least developed countries,,1964,6637651
Least developed countries,,1965,6908122
Least developed countries,,1966,7120505
Least developed countries,,1967,7422251
Least developed countries,,1968,7732925
Least developed countries,,1969,7887316
Least developed countries,,1970,7843495
Least developed countries,,1971,7416586
Least developed countries,,1972,7728679
Least developed countries,,1973,8758222
Least developed countries,,1974,9045710
Least developed countries,,1975,8803037
Least developed countries,,1976,8714676
Least developed countries,,1977,8737452
Least developed countries,,1978,9376513
Least developed countries,,1979,10050571
Least developed countries,,1980,9294511
Least developed countries,,1981,9041305
Least developed countries,,1982,10516022
Least developed countries,,1983,11583081
Least developed countries,,1984,11807476
Least developed countries,,1985,11921616
Least developed countries,,1986,11979186
Least developed countries,,1987,12234923
Least developed countries,,1988,12327387
Least developed countries,,1989,12594356
Least developed countries,,1990,12705360
Least developed countries,,1991,12904396
Least developed countries,,1992,14312134
Least developed countries,,1993,15587005
Least developed countries,,1994,15541322
Least developed countries,,1995,15582864
Least developed countries,,1996,15800117
Least developed countries,,1997,15862078
Least developed countries,,1998,16135040
Least developed countries,,1999,16217599
Least developed countries,,2000,16014749
Least developed countries,,2001,16251054
Least developed countries,,2002,17391557
Least developed countries,,2003,17848850
Least developed countries,,2004,17610076
Least developed countries,,2005,18027599
Least developed countries,,2006,18492413
Least developed countries,,2007,18290033
Least developed countries,,2008,18756220
Least developed countries,,2009,19423039
Least developed countries,,2010,19664962
Least developed countries,,2011,20340803
Least developed countries,,2012,21003667
Least developed countries,,2013,21588387
Least developed countries,,2014,22018121
Least developed countries,,2015,22227647
Least developed countries,,2016,22910076
Least developed countries,,2017,23581811
Least developed countries,,2018,24120063
Least developed countries,,2019,24906413
Least developed countries,,2020,25626654
Least developed countries,,2021,25543671
Least developed countries,,2022,25414678
Least developed countries,,2023,26243636
Lebanon,LBN,1951,38224
Lebanon,LBN,1952,39512
Lebanon,LBN,1953,40931
Lebanon,LBN,1954,42399
Lebanon,LBN,1955,43653
Lebanon,LBN,1956,45076
Lebanon,LBN,1957,46779
Lebanon,LBN,1958,47629
Lebanon,LBN,1959,49222
Lebanon,LBN,1960,51635
Lebanon,LBN,1961,55679
Lebanon,LBN,1962,59493
Lebanon,LBN,1963,60736
Lebanon,LBN,1964,60228
Lebanon,LBN,1965,58291
Lebanon,LBN,1966,59417
Lebanon,LBN,1967,58481
Lebanon,LBN,1968,59640
Lebanon,LBN,1969,61786
Lebanon,LBN,1970,57957
Lebanon,LBN,1971,60200
Lebanon,LBN,1972,63411
Lebanon,LBN,1973,63202
Lebanon,LBN,1974,62253
Lebanon,LBN,1975,58012
Lebanon,LBN,1976,33277
Lebanon,LBN,1977,35688
Lebanon,LBN,1978,60519
Lebanon,LBN,1979,59954
Lebanon,LBN,1980,62130
Lebanon,LBN,1981,64220
Lebanon,LBN,1982,45947
Lebanon,LBN,1983,40069
Lebanon,LBN,1984,57741
Lebanon,LBN,1985,64635
Lebanon,LBN,1986,82996
Lebanon,LBN,1987,85184
Lebanon,LBN,1988,69090
Lebanon,LBN,1989,70641
Lebanon,LBN,1990,69887
Lebanon,LBN,1991,73741
Lebanon,LBN,1992,78459
Lebanon,LBN,1993,73277
Lebanon,LBN,1994,69150
Lebanon,LBN,1995,70939
Lebanon,LBN,1996,74041
Lebanon,LBN,1997,73627
Lebanon,LBN,1998,72878
Lebanon,LBN,1999,73991
Lebanon,LBN,2000,74067
Lebanon,LBN,2001,72578
Lebanon,LBN,2002,61582
Lebanon,LBN,2003,62008
Lebanon,LBN,2004,73772
Lebanon,LBN,2005,71820
Lebanon,LBN,2006,80041
Lebanon,LBN,2007,92973
Lebanon,LBN,2008,81240
Lebanon,LBN,2009,66936
Lebanon,LBN,2010,48995
Lebanon,LBN,2011,54728
Lebanon,LBN,2012,139724
Lebanon,LBN,2013,507699
Lebanon,LBN,2014,603552
Lebanon,LBN,2015,125477
Lebanon,LBN,2016,-149409
Lebanon,LBN,2017,-162932
Lebanon,LBN,2018,-176009
Lebanon,LBN,2019,-189519
Lebanon,LBN,2020,-92201
Lebanon,LBN,2021,15729
Lebanon,LBN,2022,26363
Lebanon,LBN,2023,29002
Lesotho,LSO,1951,10716
Lesotho,LSO,1952,11677
Lesotho,LSO,1953,12531
Lesotho,LSO,1954,13424
Lesotho,LSO,1955,14284
Lesotho,LSO,1956,15131
Lesotho,LSO,1957,17357
Lesotho,LSO,1958,19650
Lesotho,LSO,1959,20625
Lesotho,LSO,1960,21558
Lesotho,LSO,1961,22326
Lesotho,LSO,1962,22986
Lesotho,LSO,1963,23555
Lesotho,LSO,1964,24068
Lesotho,LSO,1965,24652
Lesotho,LSO,1966,27785
Lesotho,LSO,1967,32107
Lesotho,LSO,1968,34122
Lesotho,LSO,1969,35092
Lesotho,LSO,1970,36073
Lesotho,LSO,1971,36975
Lesotho,LSO,1972,37821
Lesotho,LSO,1973,38637
Lesotho,LSO,1974,39714
Lesotho,LSO,1975,41230
Lesotho,LSO,1976,39567
Lesotho,LSO,1977,36749
Lesotho,LSO,1978,37278
Lesotho,LSO,1979,38927
Lesotho,LSO,1980,40359
Lesotho,LSO,1981,41543
Lesotho,LSO,1982,42659
Lesotho,LSO,1983,43682
Lesotho,LSO,1984,44578
Lesotho,LSO,1985,45393
Lesotho,LSO,1986,41755
Lesotho,LSO,1987,37255
Lesotho,LSO,1988,36452
Lesotho,LSO,1989,35590
Lesotho,LSO,1990,34261
Lesotho,LSO,1991,32685
Lesotho,LSO,1992,30898
Lesotho,LSO,1993,28518
Lesotho,LSO,1994,25909
Lesotho,LSO,1995,23733
Lesotho,LSO,1996,20983
Lesotho,LSO,1997,15716
Lesotho,LSO,1998,9908
Lesotho,LSO,1999,5190
Lesotho,LSO,2000,681
Lesotho,LSO,2001,-3060
Lesotho,LSO,2002,-6173
Lesotho,LSO,2003,-9626
Lesotho,LSO,2004,-13930
Lesotho,LSO,2005,-18050
Lesotho,LSO,2006,-8014
Lesotho,LSO,2007,8207
Lesotho,LSO,2008,13274
Lesotho,LSO,2009,14337
Lesotho,LSO,2010,15372
Lesotho,LSO,2011,17759
Lesotho,LSO,2012,20348
Lesotho,LSO,2013,22146
Lesotho,LSO,2014,23582
Lesotho,LSO,2015,24523
Lesotho,LSO,2016,25810
Lesotho,LSO,2017,26693
Lesotho,LSO,2018,26494
Lesotho,LSO,2019,25803
Lesotho,LSO,2020,26313
Lesotho,LSO,2021,25822
Lesotho,LSO,2022,24563
Lesotho,LSO,2023,25364
Less developed regions,,1951,34557125
Less developed regions,,1952,37946776
Less developed regions,,1953,40451369
Less developed regions,,1954,41983605
Less developed regions,,1955,44377127
Less developed regions,,1956,45244514
Less developed regions,,1957,46989604
Less developed regions,,1958,48020390
Less developed regions,,1959,44119934
Less developed regions,,1960,38965819
Less developed regions,,1961,38684939
Less developed regions,,1962,47842801
Less developed regions,,1963,59060777
Less developed regions,,1964,61565760
Less developed regions,,1965,60285071
Less developed regions,,1966,60271669
Less developed regions,,1967,60553350
Less developed regions,,1968,63102147
Less developed regions,,1969,65674656
Less developed regions,,1970,66829522
Less developed regions,,1971,66435842
Less developed regions,,1972,66106242
Less developed regions,,1973,67513482
Less developed regions,,1974,67628770
Less developed regions,,1975,66863742
Less developed regions,,1976,66420134
Less developed regions,,1977,66567076
Less developed regions,,1978,67346329
Less developed regions,,1979,69582349
Less developed regions,,1980,71923103
Less developed regions,,1981,74324301
Less developed regions,,1982,77600285
Less developed regions,,1983,78430669
Less developed regions,,1984,78717631
Less developed regions,,1985,80662513
Less developed regions,,1986,82747373
Less developed regions,,1987,85112120
Less developed regions,,1988,85597467
Less developed regions,,1989,85905677
Less developed regions,,1990,86761486
Less developed regions,,1991,84321440
Less developed regions,,1992,81901512
Less developed regions,,1993,81136300
Less developed regions,,1994,79300178
Less developed regions,,1995,79151491
Less developed regions,,1996,79656567
Less developed regions,,1997,79239328
Less developed regions,,1998,79402750
Less developed regions,,1999,79165197
Less developed regions,,2000,79287903
Less developed regions,,2001,79542674
Less developed regions,,2002,78264224
Less developed regions,,2003,77774166
Less developed regions,,2004,78538642
Less developed regions,,2005,79157514
Less developed regions,,2006,80084853
Less developed regions,,2007,80701697
Less developed regions,,2008,81489678
Less developed regions,,2009,83000565
Less developed regions,,2010,83951181
Less developed regions,,2011,84292393
Less developed regions,,2012,85568195
Less developed regions,,2013,85992041
Less developed regions,,2014,85116334
Less developed regions,,2015,83707661
Less developed regions,,2016,82485746
Less developed regions,,2017,81753015
Less developed regions,,2018,79485082
Less developed regions,,2019,76992341
Less developed regions,,2020,73705711
Less developed regions,,2021,67724797
Less developed regions,,2022,67281060
Less developed regions,,2023,69603873
"Less developed regions, excluding China",,1951,24482371
"Less developed regions, excluding China",,1952,26191796
"Less developed regions, excluding China",,1953,27624565
"Less developed regions, excluding China",,1954,29007920
"Less developed regions, excluding China",,1955,30500458
"Less developed regions, excluding China",,1956,31758557
"Less developed regions, excluding China",,1957,32688235
"Less developed regions, excluding China",,1958,33637689
"Less developed regions, excluding China",,1959,35109376
"Less developed regions, excluding China",,1960,36354708
"Less developed regions, excluding China",,1961,37324450
"Less developed regions, excluding China",,1962,38312510
"Less developed regions, excluding China",,1963,39384924
"Less developed regions, excluding China",,1964,40382253
"Less developed regions, excluding China",,1965,40490099
"Less developed regions, excluding China",,1966,40715091
"Less developed regions, excluding China",,1967,42109469
"Less developed regions, excluding China",,1968,43214325
"Less developed regions, excluding China",,1969,43909757
"Less developed regions, excluding China",,1970,45022259
"Less developed regions, excluding China",,1971,45114177
"Less developed regions, excluding China",,1972,46031199
"Less developed regions, excluding China",,1973,48209014
"Less developed regions, excluding China",,1974,49509963
"Less developed regions, excluding China",,1975,50661373
"Less developed regions, excluding China",,1976,51748203
"Less developed regions, excluding China",,1977,52934885
"Less developed regions, excluding China",,1978,54269346
"Less developed regions, excluding China",,1979,55985167
"Less developed regions, excluding China",,1980,57587127
"Less developed regions, excluding China",,1981,59335576
"Less developed regions, excluding China",,1982,61324339
"Less developed regions, excluding China",,1983,62560791
"Less developed regions, excluding China",,1984,63557884
"Less developed regions, excluding China",,1985,64351546
"Less developed regions, excluding China",,1986,65017585
"Less developed regions, excluding China",,1987,65871553
"Less developed regions, excluding China",,1988,66322113
"Less developed regions, excluding China",,1989,66925576
"Less developed regions, excluding China",,1990,66961847
"Less developed regions, excluding China",,1991,66850157
"Less developed regions, excluding China",,1992,67774018
"Less developed regions, excluding China",,1993,68057338
"Less developed regions, excluding China",,1994,67274644
"Less developed regions, excluding China",,1995,67699904
"Less developed regions, excluding China",,1996,68537199
"Less developed regions, excluding China",,1997,68746212
"Less developed regions, excluding China",,1998,69418955
"Less developed regions, excluding China",,1999,69578476
"Less developed regions, excluding China",,2000,69659105
"Less developed regions, excluding China",,2001,70207999
"Less developed regions, excluding China",,2002,69943748
"Less developed regions, excluding China",,2003,69975928
"Less developed regions, excluding China",,2004,70831929
"Less developed regions, excluding China",,2005,71117671
"Less developed regions, excluding China",,2006,71932309
"Less developed regions, excluding China",,2007,72796061
"Less developed regions, excluding China",,2008,73339938
"Less developed regions, excluding China",,2009,74163413
"Less developed regions, excluding China",,2010,74802230
"Less developed regions, excluding China",,2011,75500024
"Less developed regions, excluding China",,2012,76155215
"Less developed regions, excluding China",,2013,76359376
"Less developed regions, excluding China",,2014,76049736
"Less developed regions, excluding China",,2015,75410229
"Less developed regions, excluding China",,2016,74456678
"Less developed regions, excluding China",,2017,73354987
"Less developed regions, excluding China",,2018,72765967
"Less developed regions, excluding China",,2019,72439300
"Less developed regions, excluding China",,2020,71114128
"Less developed regions, excluding China",,2021,67493052
"Less developed regions, excluding China",,2022,68685718
"Less developed regions, excluding China",,2023,72315107
"Less developed regions, excluding least developed countries",,1951,30665152
"Less developed regions, excluding least developed countries",,1952,33889730
"Less developed regions, excluding least developed countries",,1953,36281673
"Less developed regions, excluding least developed countries",,1954,37658949
"Less developed regions, excluding least developed countries",,1955,39839287
"Less developed regions, excluding least developed countries",,1956,40513921
"Less developed regions, excluding least developed countries",,1957,42127403
"Less developed regions, excluding least developed countries",,1958,43104834
"Less developed regions, excluding least developed countries",,1959,38901800
"Less developed regions, excluding least developed countries",,1960,33317029
"Less developed regions, excluding least developed countries",,1961,32747910
"Less developed regions, excluding least developed countries",,1962,41653611
"Less developed regions, excluding least developed countries",,1963,52675717
"Less developed regions, excluding least developed countries",,1964,54928114
"Less developed regions, excluding least developed countries",,1965,53376939
"Less developed regions, excluding least developed countries",,1966,53151175
"Less developed regions, excluding least developed countries",,1967,53131090
"Less developed regions, excluding least developed countries",,1968,55369220
"Less developed regions, excluding least developed countries",,1969,57787328
"Less developed regions, excluding least developed countries",,1970,58986046
"Less developed regions, excluding least developed countries",,1971,59019253
"Less developed regions, excluding least developed countries",,1972,58377560
"Less developed regions, excluding least developed countries",,1973,58755266
"Less developed regions, excluding least developed countries",,1974,58583064
"Less developed regions, excluding least developed countries",,1975,58060695
"Less developed regions, excluding least developed countries",,1976,57705453
"Less developed regions, excluding least developed countries",,1977,57829629
"Less developed regions, excluding least developed countries",,1978,57969801
"Less developed regions, excluding least developed countries",,1979,59531799
"Less developed regions, excluding least developed countries",,1980,62628581
"Less developed regions, excluding least developed countries",,1981,65282995
"Less developed regions, excluding least developed countries",,1982,67084260
"Less developed regions, excluding least developed countries",,1983,66847603
"Less developed regions, excluding least developed countries",,1984,66910144
"Less developed regions, excluding least developed countries",,1985,68740901
"Less developed regions, excluding least developed countries",,1986,70768191
"Less developed regions, excluding least developed countries",,1987,72877185
"Less developed regions, excluding least developed countries",,1988,73270097
"Less developed regions, excluding least developed countries",,1989,73311304
"Less developed regions, excluding least developed countries",,1990,74056124
"Less developed regions, excluding least developed countries",,1991,71417049
"Less developed regions, excluding least developed countries",,1992,67589382
"Less developed regions, excluding least developed countries",,1993,65549300
"Less developed regions, excluding least developed countries",,1994,63758839
"Less developed regions, excluding least developed countries",,1995,63568643
"Less developed regions, excluding least developed countries",,1996,63856440
"Less developed regions, excluding least developed countries",,1997,63377255
"Less developed regions, excluding least developed countries",,1998,63267717
"Less developed regions, excluding least developed countries",,1999,62947597
"Less developed regions, excluding least developed countries",,2000,63273158
"Less developed regions, excluding least developed countries",,2001,63291594
"Less developed regions, excluding least developed countries",,2002,60872687
"Less developed regions, excluding least developed countries",,2003,59925323
"Less developed regions, excluding least developed countries",,2004,60928544
"Less developed regions, excluding least developed countries",,2005,61129937
"Less developed regions, excluding least developed countries",,2006,61592434
"Less developed regions, excluding least developed countries",,2007,62411648
"Less developed regions, excluding least developed countries",,2008,62733466
"Less developed regions, excluding least developed countries",,2009,63577530
"Less developed regions, excluding least developed countries",,2010,64286225
"Less developed regions, excluding least developed countries",,2011,63951583
"Less developed regions, excluding least developed countries",,2012,64564533
"Less developed regions, excluding least developed countries",,2013,64403648
"Less developed regions, excluding least developed countries",,2014,63098204
"Less developed regions, excluding least developed countries",,2015,61480022
"Less developed regions, excluding least developed countries",,2016,59575669
"Less developed regions, excluding least developed countries",,2017,58171209
"Less developed regions, excluding least developed countries",,2018,55365011
"Less developed regions, excluding least developed countries",,2019,52085950
"Less developed regions, excluding least developed countries",,2020,48079041
"Less developed regions, excluding least developed countries",,2021,42181134
"Less developed regions, excluding least developed countries",,2022,41866383
"Less developed regions, excluding least developed countries",,2023,43360237
Liberia,LBR,1951,17504
Liberia,LBR,1952,18561
Liberia,LBR,1953,19415
Liberia,LBR,1954,20379
Liberia,LBR,1955,21625
Liberia,LBR,1956,22761
Liberia,LBR,1957,23790
Liberia,LBR,1958,24306
Liberia,LBR,1959,25307
Liberia,LBR,1960,26959
Liberia,LBR,1961,28202
Liberia,LBR,1962,29321
Liberia,LBR,1963,30375
Liberia,LBR,1964,31332
Liberia,LBR,1965,32406
Liberia,LBR,1966,33235
Liberia,LBR,1967,34049
Liberia,LBR,1968,35093
Liberia,LBR,1969,36080
Liberia,LBR,1970,37065
Liberia,LBR,1971,37405
Liberia,LBR,1972,38592
Liberia,LBR,1973,40916
Liberia,LBR,1974,42773
Liberia,LBR,1975,44551
Liberia,LBR,1976,46157
Liberia,LBR,1977,48957
Liberia,LBR,1978,52227
Liberia,LBR,1979,54459
Liberia,LBR,1980,56546
Liberia,LBR,1981,57604
Liberia,LBR,1982,58212
Liberia,LBR,1983,62038
Liberia,LBR,1984,66200
Liberia,LBR,1985,67235
Liberia,LBR,1986,67967
Liberia,LBR,1987,68717
Liberia,LBR,1988,69709
Liberia,LBR,1989,70922
Liberia,LBR,1990,-294197
Liberia,LBR,1991,-267144
Liberia,LBR,1992,115943
Liberia,LBR,1993,82669
Liberia,LBR,1994,-5206
Liberia,LBR,1995,19238
Liberia,LBR,1996,63119
Liberia,LBR,1997,180709
Liberia,LBR,1998,257133
Liberia,LBR,1999,151561
Liberia,LBR,2000,106428
Liberia,LBR,2001,87226
Liberia,LBR,2002,79450
Liberia,LBR,2003,24741
Liberia,LBR,2004,37359
Liberia,LBR,2005,144123
Liberia,LBR,2006,189776
Liberia,LBR,2007,178258
Liberia,LBR,2008,151956
Liberia,LBR,2009,122029
Liberia,LBR,2010,115862
Liberia,LBR,2011,162280
Liberia,LBR,2012,151869
Liberia,LBR,2013,97200
Liberia,LBR,2014,94053
Liberia,LBR,2015,95137
Liberia,LBR,2016,96171
Liberia,LBR,2017,93320
Liberia,LBR,2018,95801
Liberia,LBR,2019,98991
Liberia,LBR,2020,105751
Liberia,LBR,2021,109857
Liberia,LBR,2022,113970
Liberia,LBR,2023,119738
Libya,LBY,1951,13918
Libya,LBY,1952,17091
Libya,LBY,1953,20820
Libya,LBY,1954,24883
Libya,LBY,1955,33206
Libya,LBY,1956,41573
Libya,LBY,1957,45896
Libya,LBY,1958,50348
Libya,LBY,1959,54759
Libya,LBY,1960,58925
Libya,LBY,1961,62813
Libya,LBY,1962,66257
Libya,LBY,1963,68498
Libya,LBY,1964,63234
Libya,LBY,1965,50324
Libya,LBY,1966,45050
Libya,LBY,1967,49137
Libya,LBY,1968,54586
Libya,LBY,1969,61505
Libya,LBY,1970,68303
Libya,LBY,1971,70940
Libya,LBY,1972,72568
Libya,LBY,1973,88095
Libya,LBY,1974,118018
Libya,LBY,1975,139345
Libya,LBY,1976,149683
Libya,LBY,1977,160294
Libya,LBY,1978,170992
Libya,LBY,1979,181317
Libya,LBY,1980,190526
Libya,LBY,1981,197113
Libya,LBY,1982,103284
Libya,LBY,1983,-5806
Libya,LBY,1984,54673
Libya,LBY,1985,125107
Libya,LBY,1986,118657
Libya,LBY,1987,112340
Libya,LBY,1988,108014
Libya,LBY,1989,105170
Libya,LBY,1990,102316
Libya,LBY,1991,99161
Libya,LBY,1992,95956
Libya,LBY,1993,92693
Libya,LBY,1994,88986
Libya,LBY,1995,84812
Libya,LBY,1996,80551
Libya,LBY,1997,77240
Libya,LBY,1998,76069
Libya,LBY,1999,77328
Libya,LBY,2000,86981
Libya,LBY,2001,98619
Libya,LBY,2002,104773
Libya,LBY,2003,110993
Libya,LBY,2004,117291
Libya,LBY,2005,122097
Libya,LBY,2006,121419
Libya,LBY,2007,124169
Libya,LBY,2008,131052
Libya,LBY,2009,131256
Libya,LBY,2010,131148
Libya,LBY,2011,-154627
Libya,LBY,2012,-163883
Libya,LBY,2013,125309
Libya,LBY,2014,122624
Libya,LBY,2015,104565
Libya,LBY,2016,100305
Libya,LBY,2017,106641
Libya,LBY,2018,110287
Libya,LBY,2019,101982
Libya,LBY,2020,94363
Libya,LBY,2021,89776
Libya,LBY,2022,88625
Libya,LBY,2023,81855
Liechtenstein,LIE,1951,240
Liechtenstein,LIE,1952,225
Liechtenstein,LIE,1953,238
Liechtenstein,LIE,1954,247
Liechtenstein,LIE,1955,256
Liechtenstein,LIE,1956,273
Liechtenstein,LIE,1957,297
Liechtenstein,LIE,1958,316
Liechtenstein,LIE,1959,311
Liechtenstein,LIE,1960,323
Liechtenstein,LIE,1961,371
Liechtenstein,LIE,1962,416
Liechtenstein,LIE,1963,425
Liechtenstein,LIE,1964,446
Liechtenstein,LIE,1965,461
Liechtenstein,LIE,1966,459
Liechtenstein,LIE,1967,485
Liechtenstein,LIE,1968,530
Liechtenstein,LIE,1969,545
Liechtenstein,LIE,1970,520
Liechtenstein,LIE,1971,448
Liechtenstein,LIE,1972,404
Liechtenstein,LIE,1973,399
Liechtenstein,LIE,1974,405
Liechtenstein,LIE,1975,397
Liechtenstein,LIE,1976,387
Liechtenstein,LIE,1977,384
Liechtenstein,LIE,1978,375
Liechtenstein,LIE,1979,380
Liechtenstein,LIE,1980,365
Liechtenstein,LIE,1981,373
Liechtenstein,LIE,1982,383
Liechtenstein,LIE,1983,391
Liechtenstein,LIE,1984,391
Liechtenstein,LIE,1985,384
Liechtenstein,LIE,1986,370
Liechtenstein,LIE,1987,379
Liechtenstein,LIE,1988,386
Liechtenstein,LIE,1989,385
Liechtenstein,LIE,1990,356
Liechtenstein,LIE,1991,391
Liechtenstein,LIE,1992,447
Liechtenstein,LIE,1993,449
Liechtenstein,LIE,1994,424
Liechtenstein,LIE,1995,432
Liechtenstein,LIE,1996,442
Liechtenstein,LIE,1997,428
Liechtenstein,LIE,1998,416
Liechtenstein,LIE,1999,410
Liechtenstein,LIE,2000,386
Liechtenstein,LIE,2001,333
Liechtenstein,LIE,2002,300
Liechtenstein,LIE,2003,319
Liechtenstein,LIE,2004,320
Liechtenstein,LIE,2005,304
Liechtenstein,LIE,2006,289
Liechtenstein,LIE,2007,249
Liechtenstein,LIE,2008,216
Liechtenstein,LIE,2009,273
Liechtenstein,LIE,2010,281
Liechtenstein,LIE,2011,274
Liechtenstein,LIE,2012,326
Liechtenstein,LIE,2013,309
Liechtenstein,LIE,2014,261
Liechtenstein,LIE,2015,233
Liechtenstein,LIE,2016,211
Liechtenstein,LIE,2017,237
Liechtenstein,LIE,2018,285
Liechtenstein,LIE,2019,306
Liechtenstein,LIE,2020,330
Liechtenstein,LIE,2021,269
Liechtenstein,LIE,2022,276
Liechtenstein,LIE,2023,284
Lithuania,LTU,1951,25823
Lithuania,LTU,1952,27589
Lithuania,LTU,1953,28709
Lithuania,LTU,1954,29590
Lithuania,LTU,1955,30600
Lithuania,LTU,1956,32023
Lithuania,LTU,1957,34426
Lithuania,LTU,1958,37171
Lithuania,LTU,1959,43747
Lithuania,LTU,1960,46421
Lithuania,LTU,1961,43505
Lithuania,LTU,1962,40686
Lithuania,LTU,1963,37790
Lithuania,LTU,1964,37778
Lithuania,LTU,1965,36401
Lithuania,LTU,1966,35101
Lithuania,LTU,1967,35022
Lithuania,LTU,1968,34881
Lithuania,LTU,1969,33161
Lithuania,LTU,1970,32450
Lithuania,LTU,1971,34837
Lithuania,LTU,1972,34193
Lithuania,LTU,1973,31319
Lithuania,LTU,1974,30143
Lithuania,LTU,1975,29368
Lithuania,LTU,1976,28834
Lithuania,LTU,1977,28682
Lithuania,LTU,1978,26822
Lithuania,LTU,1979,24671
Lithuania,LTU,1980,23674
Lithuania,LTU,1981,23896
Lithuania,LTU,1982,25268
Lithuania,LTU,1983,27853
Lithuania,LTU,1984,28689
Lithuania,LTU,1985,28270
Lithuania,LTU,1986,31389
Lithuania,LTU,1987,33586
Lithuania,LTU,1988,45285
Lithuania,LTU,1989,23454
Lithuania,LTU,1990,-1091
Lithuania,LTU,1991,6392
Lithuania,LTU,1992,-3856
Lithuania,LTU,1993,-17351
Lithuania,LTU,1994,-25308
Lithuania,LTU,1995,-27855
Lithuania,LTU,1996,-27317
Lithuania,LTU,1997,-26303
Lithuania,LTU,1998,-25650
Lithuania,LTU,1999,-24863
Lithuania,LTU,2000,-22495
Lithuania,LTU,2001,-27402
Lithuania,LTU,2002,-28957
Lithuania,LTU,2003,-28775
Lithuania,LTU,2004,-38573
Lithuania,LTU,2005,-54439
Lithuania,LTU,2006,-52455
Lithuania,LTU,2007,-38431
Lithuania,LTU,2008,-32896
Lithuania,LTU,2009,-35227
Lithuania,LTU,2010,-65534
Lithuania,LTU,2011,-69079
Lithuania,LTU,2012,-40308
Lithuania,LTU,2013,-29975
Lithuania,LTU,2014,-25188
Lithuania,LTU,2015,-27400
Lithuania,LTU,2016,-36662
Lithuania,LTU,2017,-39792
Lithuania,LTU,2018,-26832
Lithuania,LTU,2019,-7428
Lithuania,LTU,2020,709
Lithuania,LTU,2021,-1276
Lithuania,LTU,2022,22433
Lithuania,LTU,2023,37181
Low-income countries,OWID_LIC,1951,1438917
Low-income countries,OWID_LIC,1952,1725779
Low-income countries,OWID_LIC,1953,2033468
Low-income countries,OWID_LIC,1954,2244377
Low-income countries,OWID_LIC,1955,2434149
Low-income countries,OWID_LIC,1956,2562411
Low-income countries,OWID_LIC,1957,2645308
Low-income countries,OWID_LIC,1958,2691021
Low-income countries,OWID_LIC,1959,2853640
Low-income countries,OWID_LIC,1960,3079583
Low-income countries,OWID_LIC,1961,3229587
Low-income countries,OWID_LIC,1962,3357305
Low-income countries,OWID_LIC,1963,3492859
Low-income countries,OWID_LIC,1964,3664600
Low-income countries,OWID_LIC,1965,3828746
Low-income countries,OWID_LIC,1966,3961154
Low-income countries,OWID_LIC,1967,4169487
Low-income countries,OWID_LIC,1968,4370792
Low-income countries,OWID_LIC,1969,4465940
Low-income countries,OWID_LIC,1970,4580228
Low-income countries,OWID_LIC,1971,4666938
Low-income countries,OWID_LIC,1972,4668220
Low-income countries,OWID_LIC,1973,4889716
Low-income countries,OWID_LIC,1974,5091367
Low-income countries,OWID_LIC,1975,5124768
Low-income countries,OWID_LIC,1976,5240261
Low-income countries,OWID_LIC,1977,5196721
Low-income countries,OWID_LIC,1978,5745041
Low-income countries,OWID_LIC,1979,6025503
Low-income countries,OWID_LIC,1980,4957968
Low-income countries,OWID_LIC,1981,4481760
Low-income countries,OWID_LIC,1982,5606089
Low-income countries,OWID_LIC,1983,6446037
Low-income countries,OWID_LIC,1984,6604240
Low-income countries,OWID_LIC,1985,6728355
Low-income countries,OWID_LIC,1986,6762724
Low-income countries,OWID_LIC,1987,7057000
Low-income countries,OWID_LIC,1988,7268280
Low-income countries,OWID_LIC,1989,7592980
Low-income countries,OWID_LIC,1990,7547849
Low-income countries,OWID_LIC,1991,7704678
Low-income countries,OWID_LIC,1992,9017930
Low-income countries,OWID_LIC,1993,9926284
Low-income countries,OWID_LIC,1994,9522915
Low-income countries,OWID_LIC,1995,9586428
Low-income countries,OWID_LIC,1996,10093649
Low-income countries,OWID_LIC,1997,10021400
Low-income countries,OWID_LIC,1998,10260379
Low-income countries,OWID_LIC,1999,10618627
Low-income countries,OWID_LIC,2000,10379191
Low-income countries,OWID_LIC,2001,10677553
Low-income countries,OWID_LIC,2002,11913571
Low-income countries,OWID_LIC,2003,12406252
Low-income countries,OWID_LIC,2004,12305744
Low-income countries,OWID_LIC,2005,12772824
Low-income countries,OWID_LIC,2006,13588821
Low-income countries,OWID_LIC,2007,13807073
Low-income countries,OWID_LIC,2008,13854809
Low-income countries,OWID_LIC,2009,14178651
Low-income countries,OWID_LIC,2010,14469087
Low-income countries,OWID_LIC,2011,14754615
Low-income countries,OWID_LIC,2012,14642933
Low-income countries,OWID_LIC,2013,14074973
Low-income countries,OWID_LIC,2014,14059745
Low-income countries,OWID_LIC,2015,14589029
Low-income countries,OWID_LIC,2016,15692070
Low-income countries,OWID_LIC,2017,16689517
Low-income countries,OWID_LIC,2018,17629199
Low-income countries,OWID_LIC,2019,18532173
Low-income countries,OWID_LIC,2020,18842378
Low-income countries,OWID_LIC,2021,18654463
Low-income countries,OWID_LIC,2022,18650578
Low-income countries,OWID_LIC,2023,19600610
Lower-middle-income countries,OWID_LMC,1951,15327254
Lower-middle-income countries,OWID_LMC,1952,16122267
Lower-middle-income countries,OWID_LMC,1953,16712809
Lower-middle-income countries,OWID_LMC,1954,17455481
Lower-middle-income countries,OWID_LMC,1955,18353780
Lower-middle-income countries,OWID_LMC,1956,19022202
Lower-middle-income countries,OWID_LMC,1957,19436412
Lower-middle-income countries,OWID_LMC,1958,20072893
Lower-middle-income countries,OWID_LMC,1959,20988749
Lower-middle-income countries,OWID_LMC,1960,21570814
Lower-middle-income countries,OWID_LMC,1961,22058110
Lower-middle-income countries,OWID_LMC,1962,22522475
Lower-middle-income countries,OWID_LMC,1963,23074388
Lower-middle-income countries,OWID_LMC,1964,23617318
Lower-middle-income countries,OWID_LMC,1965,23717612
Lower-middle-income countries,OWID_LMC,1966,23736933
Lower-middle-income countries,OWID_LMC,1967,24385114
Lower-middle-income countries,OWID_LMC,1968,24952202
Lower-middle-income countries,OWID_LMC,1969,25279710
Lower-middle-income countries,OWID_LMC,1970,26067761
Lower-middle-income countries,OWID_LMC,1971,25924726
Lower-middle-income countries,OWID_LMC,1972,26664688
Lower-middle-income countries,OWID_LMC,1973,28384047
Lower-middle-income countries,OWID_LMC,1974,29353360
Lower-middle-income countries,OWID_LMC,1975,30443638
Lower-middle-income countries,OWID_LMC,1976,31199632
Lower-middle-income countries,OWID_LMC,1977,32024982
Lower-middle-income countries,OWID_LMC,1978,32501287
Lower-middle-income countries,OWID_LMC,1979,33921117
Lower-middle-income countries,OWID_LMC,1980,36405162
Lower-middle-income countries,OWID_LMC,1981,38230151
Lower-middle-income countries,OWID_LMC,1982,38786737
Lower-middle-income countries,OWID_LMC,1983,38897881
Lower-middle-income countries,OWID_LMC,1984,39552972
Lower-middle-income countries,OWID_LMC,1985,40355634
Lower-middle-income countries,OWID_LMC,1986,41050474
Lower-middle-income countries,OWID_LMC,1987,41459460
Lower-middle-income countries,OWID_LMC,1988,41694099
Lower-middle-income countries,OWID_LMC,1989,41913176
Lower-middle-income countries,OWID_LMC,1990,42912423
Lower-middle-income countries,OWID_LMC,1991,42991554
Lower-middle-income countries,OWID_LMC,1992,42354982
Lower-middle-income countries,OWID_LMC,1993,41660746
Lower-middle-income countries,OWID_LMC,1994,41339852
Lower-middle-income countries,OWID_LMC,1995,42067912
Lower-middle-income countries,OWID_LMC,1996,42272074
Lower-middle-income countries,OWID_LMC,1997,42628393
Lower-middle-income countries,OWID_LMC,1998,43176981
Lower-middle-income countries,OWID_LMC,1999,43088990
Lower-middle-income countries,OWID_LMC,2000,43458987
Lower-middle-income countries,OWID_LMC,2001,43842493
Lower-middle-income countries,OWID_LMC,2002,42543210
Lower-middle-income countries,OWID_LMC,2003,42389897
Lower-middle-income countries,OWID_LMC,2004,43577396
Lower-middle-income countries,OWID_LMC,2005,43198747
Lower-middle-income countries,OWID_LMC,2006,43540434
Lower-middle-income countries,OWID_LMC,2007,44217538
Lower-middle-income countries,OWID_LMC,2008,43673004
Lower-middle-income countries,OWID_LMC,2009,44074579
Lower-middle-income countries,OWID_LMC,2010,44890512
Lower-middle-income countries,OWID_LMC,2011,45016940
Lower-middle-income countries,OWID_LMC,2012,44821952
Lower-middle-income countries,OWID_LMC,2013,45097014
Lower-middle-income countries,OWID_LMC,2014,44844242
Lower-middle-income countries,OWID_LMC,2015,43560335
Lower-middle-income countries,OWID_LMC,2016,43252015
Lower-middle-income countries,OWID_LMC,2017,43036752
Lower-middle-income countries,OWID_LMC,2018,42124621
Lower-middle-income countries,OWID_LMC,2019,41435693
Lower-middle-income countries,OWID_LMC,2020,40857622
Lower-middle-income countries,OWID_LMC,2021,38698556
Lower-middle-income countries,OWID_LMC,2022,35622358
Lower-middle-income countries,OWID_LMC,2023,37228032
Luxembourg,LUX,1951,1581
Luxembourg,LUX,1952,1748
Luxembourg,LUX,1953,1783
Luxembourg,LUX,1954,1797
Luxembourg,LUX,1955,1826
Luxembourg,LUX,1956,1642
Luxembourg,LUX,1957,1482
Luxembourg,LUX,1958,1600
Luxembourg,LUX,1959,2004
Luxembourg,LUX,1960,1845
Luxembourg,LUX,1961,2459
Luxembourg,LUX,1962,3316
Luxembourg,LUX,1963,3192
Luxembourg,LUX,1964,3377
Luxembourg,LUX,1965,3477
Luxembourg,LUX,1966,3376
Luxembourg,LUX,1967,2439
Luxembourg,LUX,1968,1491
Luxembourg,LUX,1969,1256
Luxembourg,LUX,1970,1066
Luxembourg,LUX,1971,2624
Luxembourg,LUX,1972,4124
Luxembourg,LUX,1973,3121
Luxembourg,LUX,1974,2226
Luxembourg,LUX,1975,2254
Luxembourg,LUX,1976,2191
Luxembourg,LUX,1977,2375
Luxembourg,LUX,1978,2795
Luxembourg,LUX,1979,1851
Luxembourg,LUX,1980,813
Luxembourg,LUX,1981,776
Luxembourg,LUX,1982,574
Luxembourg,LUX,1983,434
Luxembourg,LUX,1984,409
Luxembourg,LUX,1985,761
Luxembourg,LUX,1986,1744
Luxembourg,LUX,1987,2380
Luxembourg,LUX,1988,3000
Luxembourg,LUX,1989,3595
Luxembourg,LUX,1990,4323
Luxembourg,LUX,1991,5112
Luxembourg,LUX,1992,5153
Luxembourg,LUX,1993,5238
Luxembourg,LUX,1994,5387
Luxembourg,LUX,1995,5640
Luxembourg,LUX,1996,5542
Luxembourg,LUX,1997,5191
Luxembourg,LUX,1998,5188
Luxembourg,LUX,1999,5751
Luxembourg,LUX,2000,6233
Luxembourg,LUX,2001,5612
Luxembourg,LUX,2002,4638
Luxembourg,LUX,2003,5453
Luxembourg,LUX,2004,6460
Luxembourg,LUX,2005,7064
Luxembourg,LUX,2006,7500
Luxembourg,LUX,2007,7408
Luxembourg,LUX,2008,8718
Luxembourg,LUX,2009,9201
Luxembourg,LUX,2010,9222
Luxembourg,LUX,2011,11165
Luxembourg,LUX,2012,12368
Luxembourg,LUX,2013,12407
Luxembourg,LUX,2014,12927
Luxembourg,LUX,2015,13255
Luxembourg,LUX,2016,13971
Luxembourg,LUX,2017,12995
Luxembourg,LUX,2018,11603
Luxembourg,LUX,2019,12058
Luxembourg,LUX,2020,10430
Luxembourg,LUX,2021,9679
Luxembourg,LUX,2022,13039
Luxembourg,LUX,2023,11786
Macao,MAC,1951,3451
Macao,MAC,1952,297
Macao,MAC,1953,-812
Macao,MAC,1954,-1726
Macao,MAC,1955,-2425
Macao,MAC,1956,-3266
Macao,MAC,1957,-3986
Macao,MAC,1958,-4522
Macao,MAC,1959,-5247
Macao,MAC,1960,-5100
Macao,MAC,1961,2
Macao,MAC,1962,4490
Macao,MAC,1963,4318
Macao,MAC,1964,43529
Macao,MAC,1965,39965
Macao,MAC,1966,-2686
Macao,MAC,1967,-2521
Macao,MAC,1968,-2486
Macao,MAC,1969,-2628
Macao,MAC,1970,2089
Macao,MAC,1971,6065
Macao,MAC,1972,9715
Macao,MAC,1973,-22848
Macao,MAC,1974,-28942
Macao,MAC,1975,2556
Macao,MAC,1976,3440
Macao,MAC,1977,4155
Macao,MAC,1978,4672
Macao,MAC,1979,4942
Macao,MAC,1980,4948
Macao,MAC,1981,6408
Macao,MAC,1982,8538
Macao,MAC,1983,9465
Macao,MAC,1984,10041
Macao,MAC,1985,10728
Macao,MAC,1986,11392
Macao,MAC,1987,11950
Macao,MAC,1988,12282
Macao,MAC,1989,12311
Macao,MAC,1990,11900
Macao,MAC,1991,11152
Macao,MAC,1992,9981
Macao,MAC,1993,9075
Macao,MAC,1994,8795
Macao,MAC,1995,8577
Macao,MAC,1996,8330
Macao,MAC,1997,8041
Macao,MAC,1998,7742
Macao,MAC,1999,7437
Macao,MAC,2000,7063
Macao,MAC,2001,7805
Macao,MAC,2002,10905
Macao,MAC,2003,13036
Macao,MAC,2004,13147
Macao,MAC,2005,13207
Macao,MAC,2006,13336
Macao,MAC,2007,13529
Macao,MAC,2008,13654
Macao,MAC,2009,13557
Macao,MAC,2010,13317
Macao,MAC,2011,12835
Macao,MAC,2012,11806
Macao,MAC,2013,11302
Macao,MAC,2014,11556
Macao,MAC,2015,11877
Macao,MAC,2016,12132
Macao,MAC,2017,12241
Macao,MAC,2018,12219
Macao,MAC,2019,12205
Macao,MAC,2020,12087
Macao,MAC,2021,11335
Macao,MAC,2022,9956
Macao,MAC,2023,9556
Madagascar,MDG,1951,101127
Madagascar,MDG,1952,103640
Madagascar,MDG,1953,106691
Madagascar,MDG,1954,109786
Madagascar,MDG,1955,112798
Madagascar,MDG,1956,116304
Madagascar,MDG,1957,120214
Madagascar,MDG,1958,124215
Madagascar,MDG,1959,128244
Madagascar,MDG,1960,131937
Madagascar,MDG,1961,135130
Madagascar,MDG,1962,137992
Madagascar,MDG,1963,141034
Madagascar,MDG,1964,144678
Madagascar,MDG,1965,149250
Madagascar,MDG,1966,155164
Madagascar,MDG,1967,162214
Madagascar,MDG,1968,170006
Madagascar,MDG,1969,178217
Madagascar,MDG,1970,187286
Madagascar,MDG,1971,196870
Madagascar,MDG,1972,205531
Madagascar,MDG,1973,213648
Madagascar,MDG,1974,221680
Madagascar,MDG,1975,229608
Madagascar,MDG,1976,237497
Madagascar,MDG,1977,245402
Madagascar,MDG,1978,253622
Madagascar,MDG,1979,261723
Madagascar,MDG,1980,268454
Madagascar,MDG,1981,272978
Madagascar,MDG,1982,278662
Madagascar,MDG,1983,285367
Madagascar,MDG,1984,291513
Madagascar,MDG,1985,298584
Madagascar,MDG,1986,303719
Madagascar,MDG,1987,310435
Madagascar,MDG,1988,322161
Madagascar,MDG,1989,335544
Madagascar,MDG,1990,350647
Madagascar,MDG,1991,365764
Madagascar,MDG,1992,379457
Madagascar,MDG,1993,396483
Madagascar,MDG,1994,416506
Madagascar,MDG,1995,437420
Madagascar,MDG,1996,459433
Madagascar,MDG,1997,480106
Madagascar,MDG,1998,498546
Madagascar,MDG,1999,511142
Madagascar,MDG,2000,515830
Madagascar,MDG,2001,516597
Madagascar,MDG,2002,516982
Madagascar,MDG,2003,521945
Madagascar,MDG,2004,534746
Madagascar,MDG,2005,553105
Madagascar,MDG,2006,571205
Madagascar,MDG,2007,587674
Madagascar,MDG,2008,605252
Madagascar,MDG,2009,623435
Madagascar,MDG,2010,636066
Madagascar,MDG,2011,638962
Madagascar,MDG,2012,640139
Madagascar,MDG,2013,646846
Madagascar,MDG,2014,655066
Madagascar,MDG,2015,662347
Madagascar,MDG,2016,673247
Madagascar,MDG,2017,688429
Madagascar,MDG,2018,706551
Madagascar,MDG,2019,724629
Madagascar,MDG,2020,734001
Madagascar,MDG,2021,737527
Madagascar,MDG,2022,746174
Madagascar,MDG,2023,758676
Malawi,MWI,1951,52587
Malawi,MWI,1952,56496
Malawi,MWI,1953,59860
Malawi,MWI,1954,62297
Malawi,MWI,1955,65004
Malawi,MWI,1956,68756
Malawi,MWI,1957,72446
Malawi,MWI,1958,76202
Malawi,MWI,1959,80220
Malawi,MWI,1960,83969
Malawi,MWI,1961,87407
Malawi,MWI,1962,90767
Malawi,MWI,1963,94203
Malawi,MWI,1964,96796
Malawi,MWI,1965,98849
Malawi,MWI,1966,101771
Malawi,MWI,1967,105089
Malawi,MWI,1968,108037
Malawi,MWI,1969,110129
Malawi,MWI,1970,112765
Malawi,MWI,1971,117492
Malawi,MWI,1972,123038
Malawi,MWI,1973,129456
Malawi,MWI,1974,137407
Malawi,MWI,1975,146029
Malawi,MWI,1976,156019
Malawi,MWI,1977,171603
Malawi,MWI,1978,195142
Malawi,MWI,1979,218615
Malawi,MWI,1980,236779
Malawi,MWI,1981,250931
Malawi,MWI,1982,262425
Malawi,MWI,1983,272822
Malawi,MWI,1984,281104
Malawi,MWI,1985,287698
Malawi,MWI,1986,285976
Malawi,MWI,1987,386688
Malawi,MWI,1988,460092
Malawi,MWI,1989,422958
Malawi,MWI,1990,369637
Malawi,MWI,1991,298368
Malawi,MWI,1992,290854
Malawi,MWI,1993,148945
Malawi,MWI,1994,-119128
Malawi,MWI,1995,-14777
Malawi,MWI,1996,202105
Malawi,MWI,1997,209808
Malawi,MWI,1998,230842
Malawi,MWI,1999,254935
Malawi,MWI,2000,268135
Malawi,MWI,2001,277110
Malawi,MWI,2002,287386
Malawi,MWI,2003,301132
Malawi,MWI,2004,319161
Malawi,MWI,2005,339298
Malawi,MWI,2006,358665
Malawi,MWI,2007,377645
Malawi,MWI,2008,400071
Malawi,MWI,2009,419373
Malawi,MWI,2010,430678
Malawi,MWI,2011,438560
Malawi,MWI,2012,444551
Malawi,MWI,2013,452239
Malawi,MWI,2014,459718
Malawi,MWI,2015,464053
Malawi,MWI,2016,472154
Malawi,MWI,2017,481973
Malawi,MWI,2018,488372
Malawi,MWI,2019,497662
Malawi,MWI,2020,508137
Malawi,MWI,2021,513379
Malawi,MWI,2022,521467
Malawi,MWI,2023,535749
Malaysia,MYS,1951,159130
Malaysia,MYS,1952,165436
Malaysia,MYS,1953,171094
Malaysia,MYS,1954,178429
Malaysia,MYS,1955,187585
Malaysia,MYS,1956,196668
Malaysia,MYS,1957,206191
Malaysia,MYS,1958,200068
Malaysia,MYS,1959,192893
Malaysia,MYS,1960,200422
Malaysia,MYS,1961,208247
Malaysia,MYS,1962,215726
Malaysia,MYS,1963,221992
Malaysia,MYS,1964,226250
Malaysia,MYS,1965,227999
Malaysia,MYS,1966,228278
Malaysia,MYS,1967,222414
Malaysia,MYS,1968,218176
Malaysia,MYS,1969,222321
Malaysia,MYS,1970,231198
Malaysia,MYS,1971,244664
Malaysia,MYS,1972,253373
Malaysia,MYS,1973,258783
Malaysia,MYS,1974,265281
Malaysia,MYS,1975,271011
Malaysia,MYS,1976,278179
Malaysia,MYS,1977,285623
Malaysia,MYS,1978,292442
Malaysia,MYS,1979,299708
Malaysia,MYS,1980,355499
Malaysia,MYS,1981,415841
Malaysia,MYS,1982,433590
Malaysia,MYS,1983,453118
Malaysia,MYS,1984,473099
Malaysia,MYS,1985,493249
Malaysia,MYS,1986,508163
Malaysia,MYS,1987,516310
Malaysia,MYS,1988,519877
Malaysia,MYS,1989,518391
Malaysia,MYS,1990,518176
Malaysia,MYS,1991,509295
Malaysia,MYS,1992,492095
Malaysia,MYS,1993,488098
Malaysia,MYS,1994,497779
Malaysia,MYS,1995,510156
Malaysia,MYS,1996,519483
Malaysia,MYS,1997,525140
Malaysia,MYS,1998,531488
Malaysia,MYS,1999,528819
Malaysia,MYS,2000,532285
Malaysia,MYS,2001,558718
Malaysia,MYS,2002,575942
Malaysia,MYS,2003,577127
Malaysia,MYS,2004,577169
Malaysia,MYS,2005,579302
Malaysia,MYS,2006,581834
Malaysia,MYS,2007,580474
Malaysia,MYS,2008,571669
Malaysia,MYS,2009,554727
Malaysia,MYS,2010,530993
Malaysia,MYS,2011,506262
Malaysia,MYS,2012,500801
Malaysia,MYS,2013,511434
Malaysia,MYS,2014,521864
Malaysia,MYS,2015,536663
Malaysia,MYS,2016,556896
Malaysia,MYS,2017,565950
Malaysia,MYS,2018,555321
Malaysia,MYS,2019,529627
Malaysia,MYS,2020,448964
Malaysia,MYS,2021,392850
Malaysia,MYS,2022,413090
Malaysia,MYS,2023,430801
Maldives,MDV,1951,1269
Maldives,MDV,1952,1347
Maldives,MDV,1953,1432
Maldives,MDV,1954,1501
Maldives,MDV,1955,1609
Maldives,MDV,1956,1698
Maldives,MDV,1957,1819
Maldives,MDV,1958,1918
Maldives,MDV,1959,2021
Maldives,MDV,1960,2128
Maldives,MDV,1961,2261
Maldives,MDV,1962,2353
Maldives,MDV,1963,2419
Maldives,MDV,1964,2437
Maldives,MDV,1965,3443
Maldives,MDV,1966,4412
Maldives,MDV,1967,4015
Maldives,MDV,1968,3549
Maldives,MDV,1969,3489
Maldives,MDV,1970,3659
Maldives,MDV,1971,3812
Maldives,MDV,1972,3927
Maldives,MDV,1973,3992
Maldives,MDV,1974,4023
Maldives,MDV,1975,4175
Maldives,MDV,1976,4370
Maldives,MDV,1977,4404
Maldives,MDV,1978,4226
Maldives,MDV,1979,4203
Maldives,MDV,1980,4472
Maldives,MDV,1981,4700
Maldives,MDV,1982,4797
Maldives,MDV,1983,4800
Maldives,MDV,1984,5071
Maldives,MDV,1985,5970
Maldives,MDV,1986,6767
Maldives,MDV,1987,7012
Maldives,MDV,1988,6938
Maldives,MDV,1989,6850
Maldives,MDV,1990,7023
Maldives,MDV,1991,7038
Maldives,MDV,1992,6749
Maldives,MDV,1993,6334
Maldives,MDV,1994,5938
Maldives,MDV,1995,5829
Maldives,MDV,1996,5694
Maldives,MDV,1997,5357
Maldives,MDV,1998,5023
Maldives,MDV,1999,4689
Maldives,MDV,2000,4602
Maldives,MDV,2001,4753
Maldives,MDV,2002,4853
Maldives,MDV,2003,4866
Maldives,MDV,2004,4919
Maldives,MDV,2005,5013
Maldives,MDV,2006,7437
Maldives,MDV,2007,10623
Maldives,MDV,2008,11689
Maldives,MDV,2009,12104
Maldives,MDV,2010,12520
Maldives,MDV,2011,12881
Maldives,MDV,2012,13138
Maldives,MDV,2013,13256
Maldives,MDV,2014,13546
Maldives,MDV,2015,14542
Maldives,MDV,2016,15151
Maldives,MDV,2017,14981
Maldives,MDV,2018,14809
Maldives,MDV,2019,14631
Maldives,MDV,2020,14390
Maldives,MDV,2021,14036
Maldives,MDV,2022,7953
Maldives,MDV,2023,1893
Mali,MLI,1951,69788
Mali,MLI,1952,69664
Mali,MLI,1953,68434
Mali,MLI,1954,68111
Mali,MLI,1955,69026
Mali,MLI,1956,70047
Mali,MLI,1957,71148
Mali,MLI,1958,70335
Mali,MLI,1959,72179
Mali,MLI,1960,76904
Mali,MLI,1961,79738
Mali,MLI,1962,81633
Mali,MLI,1963,82685
Mali,MLI,1964,83524
Mali,MLI,1965,85353
Mali,MLI,1966,86726
Mali,MLI,1967,88699
Mali,MLI,1968,92079
Mali,MLI,1969,94711
Mali,MLI,1970,98778
Mali,MLI,1971,101469
Mali,MLI,1972,105785
Mali,MLI,1973,113384
Mali,MLI,1974,118321
Mali,MLI,1975,121830
Mali,MLI,1976,123714
Mali,MLI,1977,130006
Mali,MLI,1978,138669
Mali,MLI,1979,145618
Mali,MLI,1980,155250
Mali,MLI,1981,162241
Mali,MLI,1982,167433
Mali,MLI,1983,174204
Mali,MLI,1984,174199
Mali,MLI,1985,166062
Mali,MLI,1986,156611
Mali,MLI,1987,149895
Mali,MLI,1988,152834
Mali,MLI,1989,165934
Mali,MLI,1990,178891
Mali,MLI,1991,184059
Mali,MLI,1992,190655
Mali,MLI,1993,201246
Mali,MLI,1994,212249
Mali,MLI,1995,218333
Mali,MLI,1996,221906
Mali,MLI,1997,239225
Mali,MLI,1998,273078
Mali,MLI,1999,307843
Mali,MLI,2000,331871
Mali,MLI,2001,352871
Mali,MLI,2002,375889
Mali,MLI,2003,396900
Mali,MLI,2004,417464
Mali,MLI,2005,436233
Mali,MLI,2006,451495
Mali,MLI,2007,467633
Mali,MLI,2008,483010
Mali,MLI,2009,494750
Mali,MLI,2010,509665
Mali,MLI,2011,523853
Mali,MLI,2012,487985
Mali,MLI,2013,502580
Mali,MLI,2014,560648
Mali,MLI,2015,572755
Mali,MLI,2016,598276
Mali,MLI,2017,621718
Mali,MLI,2018,629015
Mali,MLI,2019,626374
Mali,MLI,2020,645432
Mali,MLI,2021,674800
Mali,MLI,2022,684004
Mali,MLI,2023,696489
Malta,MLT,1951,5776
Malta,MLT,1952,4452
Malta,MLT,1953,4435
Malta,MLT,1954,4404
Malta,MLT,1955,4397
Malta,MLT,1956,4315
Malta,MLT,1957,4238
Malta,MLT,1958,2712
Malta,MLT,1959,947
Malta,MLT,1960,471
Malta,MLT,1961,23
Malta,MLT,1962,-356
Malta,MLT,1963,-684
Malta,MLT,1964,-1021
Malta,MLT,1965,-1387
Malta,MLT,1966,-1730
Malta,MLT,1967,-1857
Malta,MLT,1968,-305
Malta,MLT,1969,1247
Malta,MLT,1970,1255
Malta,MLT,1971,1283
Malta,MLT,1972,1317
Malta,MLT,1973,1442
Malta,MLT,1974,1627
Malta,MLT,1975,1772
Malta,MLT,1976,1833
Malta,MLT,1977,1878
Malta,MLT,1978,1900
Malta,MLT,1979,1905
Malta,MLT,1980,1908
Malta,MLT,1981,1872
Malta,MLT,1982,1899
Malta,MLT,1983,1945
Malta,MLT,1984,1957
Malta,MLT,1985,2012
Malta,MLT,1986,2515
Malta,MLT,1987,3007
Malta,MLT,1988,3137
Malta,MLT,1989,3304
Malta,MLT,1990,3383
Malta,MLT,1991,3422
Malta,MLT,1992,3470
Malta,MLT,1993,3417
Malta,MLT,1994,3245
Malta,MLT,1995,3092
Malta,MLT,1996,3068
Malta,MLT,1997,3060
Malta,MLT,1998,3095
Malta,MLT,1999,3115
Malta,MLT,2000,3008
Malta,MLT,2001,2883
Malta,MLT,2002,2783
Malta,MLT,2003,2665
Malta,MLT,2004,2564
Malta,MLT,2005,2524
Malta,MLT,2006,2139
Malta,MLT,2007,1738
Malta,MLT,2008,1768
Malta,MLT,2009,1831
Malta,MLT,2010,1854
Malta,MLT,2011,1981
Malta,MLT,2012,1981
Malta,MLT,2013,1841
Malta,MLT,2014,6037
Malta,MLT,2015,10484
Malta,MLT,2016,10298
Malta,MLT,2017,12626
Malta,MLT,2018,16658
Malta,MLT,2019,19457
Malta,MLT,2020,14195
Malta,MLT,2021,6171
Malta,MLT,2022,3811
Malta,MLT,2023,4770
Marshall Islands,MHL,1951,115
Marshall Islands,MHL,1952,106
Marshall Islands,MHL,1953,92
Marshall Islands,MHL,1954,81
Marshall Islands,MHL,1955,95
Marshall Islands,MHL,1956,86
Marshall Islands,MHL,1957,66
Marshall Islands,MHL,1958,166
Marshall Islands,MHL,1959,391
Marshall Islands,MHL,1960,511
Marshall Islands,MHL,1961,512
Marshall Islands,MHL,1962,542
Marshall Islands,MHL,1963,543
Marshall Islands,MHL,1964,556
Marshall Islands,MHL,1965,549
Marshall Islands,MHL,1966,517
Marshall Islands,MHL,1967,731
Marshall Islands,MHL,1968,1211
Marshall Islands,MHL,1969,1439
Marshall Islands,MHL,1970,1224
Marshall Islands,MHL,1971,840
Marshall Islands,MHL,1972,623
Marshall Islands,MHL,1973,592
Marshall Islands,MHL,1974,711
Marshall Islands,MHL,1975,859
Marshall Islands,MHL,1976,863
Marshall Islands,MHL,1977,888
Marshall Islands,MHL,1978,903
Marshall Islands,MHL,1979,926
Marshall Islands,MHL,1980,1036
Marshall Islands,MHL,1981,1247
Marshall Islands,MHL,1982,1378
Marshall Islands,MHL,1983,1414
Marshall Islands,MHL,1984,1450
Marshall Islands,MHL,1985,1497
Marshall Islands,MHL,1986,1528
Marshall Islands,MHL,1987,1539
Marshall Islands,MHL,1988,1492
Marshall Islands,MHL,1989,1273
Marshall Islands,MHL,1990,1037
Marshall Islands,MHL,1991,939
Marshall Islands,MHL,1992,819
Marshall Islands,MHL,1993,706
Marshall Islands,MHL,1994,619
Marshall Islands,MHL,1995,552
Marshall Islands,MHL,1996,512
Marshall Islands,MHL,1997,482
Marshall Islands,MHL,1998,455
Marshall Islands,MHL,1999,489
Marshall Islands,MHL,2000,500
Marshall Islands,MHL,2001,416
Marshall Islands,MHL,2002,304
Marshall Islands,MHL,2003,216
Marshall Islands,MHL,2004,146
Marshall Islands,MHL,2005,125
Marshall Islands,MHL,2006,83
Marshall Islands,MHL,2007,39
Marshall Islands,MHL,2008,-1
Marshall Islands,MHL,2009,-13
Marshall Islands,MHL,2010,28
Marshall Islands,MHL,2011,-137
Marshall Islands,MHL,2012,-489
Marshall Islands,MHL,2013,-742
Marshall Islands,MHL,2014,-881
Marshall Islands,MHL,2015,-992
Marshall Islands,MHL,2016,-1093
Marshall Islands,MHL,2017,-1186
Marshall Islands,MHL,2018,-1237
Marshall Islands,MHL,2019,-1277
Marshall Islands,MHL,2020,-1302
Marshall Islands,MHL,2021,-1341
Marshall Islands,MHL,2022,-1293
Marshall Islands,MHL,2023,-1245
Martinique,MTQ,1951,5409
Martinique,MTQ,1952,5346
Martinique,MTQ,1953,5841
Martinique,MTQ,1954,6480
Martinique,MTQ,1955,5893
Martinique,MTQ,1956,5196
Martinique,MTQ,1957,5437
Martinique,MTQ,1958,5550
Martinique,MTQ,1959,5667
Martinique,MTQ,1960,5879
Martinique,MTQ,1961,5816
Martinique,MTQ,1962,5164
Martinique,MTQ,1963,4480
Martinique,MTQ,1964,4225
Martinique,MTQ,1965,4307
Martinique,MTQ,1966,4309
Martinique,MTQ,1967,3851
Martinique,MTQ,1968,2606
Martinique,MTQ,1969,1309
Martinique,MTQ,1970,682
Martinique,MTQ,1971,467
Martinique,MTQ,1972,349
Martinique,MTQ,1973,32
Martinique,MTQ,1974,6
Martinique,MTQ,1975,964
Martinique,MTQ,1976,1628
Martinique,MTQ,1977,1305
Martinique,MTQ,1978,886
Martinique,MTQ,1979,625
Martinique,MTQ,1980,500
Martinique,MTQ,1981,707
Martinique,MTQ,1982,2054
Martinique,MTQ,1983,3607
Martinique,MTQ,1984,4169
Martinique,MTQ,1985,4329
Martinique,MTQ,1986,4422
Martinique,MTQ,1987,4566
Martinique,MTQ,1988,4657
Martinique,MTQ,1989,4767
Martinique,MTQ,1990,5431
Martinique,MTQ,1991,6314
Martinique,MTQ,1992,6625
Martinique,MTQ,1993,6607
Martinique,MTQ,1994,6528
Martinique,MTQ,1995,6432
Martinique,MTQ,1996,6328
Martinique,MTQ,1997,6261
Martinique,MTQ,1998,5721
Martinique,MTQ,1999,2080
Martinique,MTQ,2000,-2507
Martinique,MTQ,2001,-4231
Martinique,MTQ,2002,-4678
Martinique,MTQ,2003,-4062
Martinique,MTQ,2004,-3313
Martinique,MTQ,2005,-3255
Martinique,MTQ,2006,-1390
Martinique,MTQ,2007,353
Martinique,MTQ,2008,-113
Martinique,MTQ,2009,-1172
Martinique,MTQ,2010,-2138
Martinique,MTQ,2011,-2813
Martinique,MTQ,2012,-2835
Martinique,MTQ,2013,-2271
Martinique,MTQ,2014,-2443
Martinique,MTQ,2015,-3290
Martinique,MTQ,2016,-4845
Martinique,MTQ,2017,-7382
Martinique,MTQ,2018,-7410
Martinique,MTQ,2019,-4479
Martinique,MTQ,2020,-2996
Martinique,MTQ,2021,-3339
Martinique,MTQ,2022,-3824
Martinique,MTQ,2023,-3454
Mauritania,MRT,1951,13169
Mauritania,MRT,1952,13921
Mauritania,MRT,1953,14580
Mauritania,MRT,1954,15287
Mauritania,MRT,1955,16051
Mauritania,MRT,1956,16885
Mauritania,MRT,1957,17738
Mauritania,MRT,1958,18646
Mauritania,MRT,1959,19612
Mauritania,MRT,1960,20696
Mauritania,MRT,1961,21867
Mauritania,MRT,1962,23018
Mauritania,MRT,1963,24233
Mauritania,MRT,1964,25532
Mauritania,MRT,1965,26890
Mauritania,MRT,1966,28312
Mauritania,MRT,1967,29699
Mauritania,MRT,1968,30890
Mauritania,MRT,1969,32015
Mauritania,MRT,1970,33052
Mauritania,MRT,1971,33893
Mauritania,MRT,1972,34651
Mauritania,MRT,1973,35481
Mauritania,MRT,1974,36353
Mauritania,MRT,1975,37142
Mauritania,MRT,1976,38006
Mauritania,MRT,1977,38430
Mauritania,MRT,1978,38945
Mauritania,MRT,1979,40046
Mauritania,MRT,1980,41284
Mauritania,MRT,1981,42837
Mauritania,MRT,1982,44300
Mauritania,MRT,1983,45565
Mauritania,MRT,1984,46948
Mauritania,MRT,1985,48414
Mauritania,MRT,1986,49733
Mauritania,MRT,1987,51173
Mauritania,MRT,1988,52846
Mauritania,MRT,1989,47197
Mauritania,MRT,1990,48822
Mauritania,MRT,1991,57858
Mauritania,MRT,1992,78404
Mauritania,MRT,1993,86190
Mauritania,MRT,1994,75129
Mauritania,MRT,1995,62565
Mauritania,MRT,1996,46166
Mauritania,MRT,1997,53123
Mauritania,MRT,1998,63334
Mauritania,MRT,1999,67050
Mauritania,MRT,2000,71750
Mauritania,MRT,2001,65316
Mauritania,MRT,2002,59893
Mauritania,MRT,2003,63391
Mauritania,MRT,2004,66621
Mauritania,MRT,2005,70389
Mauritania,MRT,2006,74599
Mauritania,MRT,2007,79406
Mauritania,MRT,2008,90211
Mauritania,MRT,2009,101178
Mauritania,MRT,2010,106514
Mauritania,MRT,2011,111845
Mauritania,MRT,2012,116222
Mauritania,MRT,2013,115289
Mauritania,MRT,2014,114187
Mauritania,MRT,2015,117448
Mauritania,MRT,2016,120696
Mauritania,MRT,2017,123948
Mauritania,MRT,2018,127082
Mauritania,MRT,2019,130029
Mauritania,MRT,2020,132422
Mauritania,MRT,2021,134738
Mauritania,MRT,2022,140770
Mauritania,MRT,2023,146798
Mauritius,MUS,1951,15612
Mauritius,MUS,1952,16015
Mauritius,MUS,1953,14738
Mauritius,MUS,1954,13562
Mauritius,MUS,1955,14106
Mauritius,MUS,1956,14972
Mauritius,MUS,1957,15849
Mauritius,MUS,1958,16744
Mauritius,MUS,1959,17683
Mauritius,MUS,1960,15491
Mauritius,MUS,1961,12201
Mauritius,MUS,1962,12750
Mauritius,MUS,1963,15074
Mauritius,MUS,1964,16189
Mauritius,MUS,1965,16122
Mauritius,MUS,1966,15984
Mauritius,MUS,1967,15608
Mauritius,MUS,1968,15028
Mauritius,MUS,1969,14452
Mauritius,MUS,1970,13960
Mauritius,MUS,1971,13416
Mauritius,MUS,1972,12494
Mauritius,MUS,1973,11543
Mauritius,MUS,1974,11320
Mauritius,MUS,1975,11558
Mauritius,MUS,1976,11827
Mauritius,MUS,1977,12295
Mauritius,MUS,1978,13134
Mauritius,MUS,1979,14108
Mauritius,MUS,1980,14826
Mauritius,MUS,1981,15001
Mauritius,MUS,1982,14387
Mauritius,MUS,1983,13766
Mauritius,MUS,1984,13872
Mauritius,MUS,1985,13819
Mauritius,MUS,1986,13282
Mauritius,MUS,1987,12767
Mauritius,MUS,1988,12481
Mauritius,MUS,1989,12389
Mauritius,MUS,1990,13048
Mauritius,MUS,1991,14017
Mauritius,MUS,1992,14626
Mauritius,MUS,1993,14721
Mauritius,MUS,1994,14162
Mauritius,MUS,1995,13265
Mauritius,MUS,1996,12566
Mauritius,MUS,1997,11914
Mauritius,MUS,1998,10807
Mauritius,MUS,1999,10792
Mauritius,MUS,2000,10729
Mauritius,MUS,2001,9175
Mauritius,MUS,2002,8283
Mauritius,MUS,2003,8004
Mauritius,MUS,2004,7705
Mauritius,MUS,2005,7416
Mauritius,MUS,2006,6570
Mauritius,MUS,2007,5737
Mauritius,MUS,2008,5113
Mauritius,MUS,2009,4341
Mauritius,MUS,2010,3734
Mauritius,MUS,2011,3560
Mauritius,MUS,2012,2904
Mauritius,MUS,2013,1814
Mauritius,MUS,2014,1018
Mauritius,MUS,2015,277
Mauritius,MUS,2016,-476
Mauritius,MUS,2017,-1153
Mauritius,MUS,2018,-1818
Mauritius,MUS,2019,-2567
Mauritius,MUS,2020,-3038
Mauritius,MUS,2021,-3603
Mauritius,MUS,2022,-3494
Mauritius,MUS,2023,-2543
Mayotte,MYT,1951,399
Mayotte,MYT,1952,413
Mayotte,MYT,1953,454
Mayotte,MYT,1954,500
Mayotte,MYT,1955,535
Mayotte,MYT,1956,561
Mayotte,MYT,1957,592
Mayotte,MYT,1958,637
Mayotte,MYT,1959,672
Mayotte,MYT,1960,703
Mayotte,MYT,1961,740
Mayotte,MYT,1962,776
Mayotte,MYT,1963,827
Mayotte,MYT,1964,890
Mayotte,MYT,1965,956
Mayotte,MYT,1966,1019
Mayotte,MYT,1967,1060
Mayotte,MYT,1968,975
Mayotte,MYT,1969,907
Mayotte,MYT,1970,952
Mayotte,MYT,1971,1015
Mayotte,MYT,1972,1102
Mayotte,MYT,1973,1181
Mayotte,MYT,1974,1254
Mayotte,MYT,1975,1317
Mayotte,MYT,1976,1371
Mayotte,MYT,1977,1420
Mayotte,MYT,1978,1664
Mayotte,MYT,1979,2164
Mayotte,MYT,1980,2556
Mayotte,MYT,1981,2788
Mayotte,MYT,1982,2973
Mayotte,MYT,1983,3092
Mayotte,MYT,1984,3174
Mayotte,MYT,1985,3418
Mayotte,MYT,1986,4030
Mayotte,MYT,1987,4594
Mayotte,MYT,1988,4902
Mayotte,MYT,1989,5151
Mayotte,MYT,1990,5323
Mayotte,MYT,1991,5509
Mayotte,MYT,1992,6091
Mayotte,MYT,1993,6777
Mayotte,MYT,1994,7166
Mayotte,MYT,1995,7441
Mayotte,MYT,1996,7587
Mayotte,MYT,1997,7267
Mayotte,MYT,1998,6544
Mayotte,MYT,1999,6230
Mayotte,MYT,2000,6293
Mayotte,MYT,2001,6205
Mayotte,MYT,2002,5377
Mayotte,MYT,2003,3609
Mayotte,MYT,2004,3351
Mayotte,MYT,2005,4562
Mayotte,MYT,2006,5390
Mayotte,MYT,2007,5768
Mayotte,MYT,2008,5649
Mayotte,MYT,2009,5487
Mayotte,MYT,2010,5530
Mayotte,MYT,2011,5557
Mayotte,MYT,2012,6012
Mayotte,MYT,2013,7634
Mayotte,MYT,2014,9143
Mayotte,MYT,2015,9809
Mayotte,MYT,2016,10286
Mayotte,MYT,2017,9290
Mayotte,MYT,2018,4534
Mayotte,MYT,2019,5214
Mayotte,MYT,2020,9463
Mayotte,MYT,2021,10050
Mayotte,MYT,2022,10848
Mayotte,MYT,2023,10749
Mexico,MEX,1951,732546
Mexico,MEX,1952,769686
Mexico,MEX,1953,809069
Mexico,MEX,1954,853770
Mexico,MEX,1955,897588
Mexico,MEX,1956,937339
Mexico,MEX,1957,974779
Mexico,MEX,1958,1012356
Mexico,MEX,1959,1052187
Mexico,MEX,1960,1097353
Mexico,MEX,1961,1165511
Mexico,MEX,1962,1239079
Mexico,MEX,1963,1294864
Mexico,MEX,1964,1347983
Mexico,MEX,1965,1402425
Mexico,MEX,1966,1454629
Mexico,MEX,1967,1500497
Mexico,MEX,1968,1538706
Mexico,MEX,1969,1564884
Mexico,MEX,1970,1581766
Mexico,MEX,1971,1597606
Mexico,MEX,1972,1617608
Mexico,MEX,1973,1637115
Mexico,MEX,1974,1652863
Mexico,MEX,1975,1662253
Mexico,MEX,1976,1663110
Mexico,MEX,1977,1662986
Mexico,MEX,1978,1670554
Mexico,MEX,1979,1669815
Mexico,MEX,1980,1651470
Mexico,MEX,1981,1591769
Mexico,MEX,1982,1541151
Mexico,MEX,1983,1537980
Mexico,MEX,1984,1535610
Mexico,MEX,1985,1536567
Mexico,MEX,1986,1542223
Mexico,MEX,1987,1551014
Mexico,MEX,1988,1558874
Mexico,MEX,1989,1551648
Mexico,MEX,1990,1572996
Mexico,MEX,1991,1610395
Mexico,MEX,1992,1614241
Mexico,MEX,1993,1609011
Mexico,MEX,1994,1605385
Mexico,MEX,1995,1603247
Mexico,MEX,1996,1590251
Mexico,MEX,1997,1568504
Mexico,MEX,1998,1554038
Mexico,MEX,1999,1540468
Mexico,MEX,2000,1509843
Mexico,MEX,2001,1473548
Mexico,MEX,2002,1449526
Mexico,MEX,2003,1429890
Mexico,MEX,2004,1415614
Mexico,MEX,2005,1417373
Mexico,MEX,2006,1442162
Mexico,MEX,2007,1520690
Mexico,MEX,2008,1599930
Mexico,MEX,2009,1625434
Mexico,MEX,2010,1624178
Mexico,MEX,2011,1619605
Mexico,MEX,2012,1574705
Mexico,MEX,2013,1525364
Mexico,MEX,2014,1440693
Mexico,MEX,2015,1288045
Mexico,MEX,2016,1179034
Mexico,MEX,2017,1148708
Mexico,MEX,2018,1173661
Mexico,MEX,2019,1189265
Mexico,MEX,2020,1036075
Mexico,MEX,2021,849098
Mexico,MEX,2022,964965
Mexico,MEX,2023,1126645
Micronesia (country),FSM,1951,897
Micronesia (country),FSM,1952,928
Micronesia (country),FSM,1953,982
Micronesia (country),FSM,1954,1008
Micronesia (country),FSM,1955,1055
Micronesia (country),FSM,1956,1103
Micronesia (country),FSM,1957,1139
Micronesia (country),FSM,1958,1185
Micronesia (country),FSM,1959,1258
Micronesia (country),FSM,1960,1398
Micronesia (country),FSM,1961,1547
Micronesia (country),FSM,1962,1611
Micronesia (country),FSM,1963,1523
Micronesia (country),FSM,1964,1436
Micronesia (country),FSM,1965,1503
Micronesia (country),FSM,1966,1575
Micronesia (country),FSM,1967,1589
Micronesia (country),FSM,1968,1615
Micronesia (country),FSM,1969,1682
Micronesia (country),FSM,1970,1781
Micronesia (country),FSM,1971,1712
Micronesia (country),FSM,1972,1638
Micronesia (country),FSM,1973,1707
Micronesia (country),FSM,1974,1763
Micronesia (country),FSM,1975,1682
Micronesia (country),FSM,1976,1622
Micronesia (country),FSM,1977,1707
Micronesia (country),FSM,1978,1998
Micronesia (country),FSM,1979,2298
Micronesia (country),FSM,1980,2351
Micronesia (country),FSM,1981,2389
Micronesia (country),FSM,1982,2426
Micronesia (country),FSM,1983,2462
Micronesia (country),FSM,1984,2498
Micronesia (country),FSM,1985,2525
Micronesia (country),FSM,1986,2554
Micronesia (country),FSM,1987,2585
Micronesia (country),FSM,1988,2250
Micronesia (country),FSM,1989,1908
Micronesia (country),FSM,1990,1886
Micronesia (country),FSM,1991,1860
Micronesia (country),FSM,1992,2059
Micronesia (country),FSM,1993,2259
Micronesia (country),FSM,1994,2008
Micronesia (country),FSM,1995,1154
Micronesia (country),FSM,1996,479
Micronesia (country),FSM,1997,365
Micronesia (country),FSM,1998,306
Micronesia (country),FSM,1999,299
Micronesia (country),FSM,2000,374
Micronesia (country),FSM,2001,311
Micronesia (country),FSM,2002,86
Micronesia (country),FSM,2003,-166
Micronesia (country),FSM,2004,-359
Micronesia (country),FSM,2005,-519
Micronesia (country),FSM,2006,-681
Micronesia (country),FSM,2007,-843
Micronesia (country),FSM,2008,-949
Micronesia (country),FSM,2009,-979
Micronesia (country),FSM,2010,-409
Micronesia (country),FSM,2011,153
Micronesia (country),FSM,2012,196
Micronesia (country),FSM,2013,225
Micronesia (country),FSM,2014,274
Micronesia (country),FSM,2015,320
Micronesia (country),FSM,2016,361
Micronesia (country),FSM,2017,407
Micronesia (country),FSM,2018,430
Micronesia (country),FSM,2019,368
Micronesia (country),FSM,2020,637
Micronesia (country),FSM,2021,705
Micronesia (country),FSM,2022,487
Micronesia (country),FSM,2023,524
Moldova,MDA,1951,44378
Moldova,MDA,1952,47043
Moldova,MDA,1953,49721
Moldova,MDA,1954,52038
Moldova,MDA,1955,54017
Moldova,MDA,1956,55679
Moldova,MDA,1957,56758
Moldova,MDA,1958,56566
Moldova,MDA,1959,62801
Moldova,MDA,1960,68806
Moldova,MDA,1961,67720
Moldova,MDA,1962,65617
Moldova,MDA,1963,62279
Moldova,MDA,1964,58454
Moldova,MDA,1965,55730
Moldova,MDA,1966,54695
Moldova,MDA,1967,53536
Moldova,MDA,1968,52884
Moldova,MDA,1969,52908
Moldova,MDA,1970,43527
Moldova,MDA,1971,34406
Moldova,MDA,1972,36069
Moldova,MDA,1973,38620
Moldova,MDA,1974,41235
Moldova,MDA,1975,43097
Moldova,MDA,1976,44082
Moldova,MDA,1977,44556
Moldova,MDA,1978,44713
Moldova,MDA,1979,40089
Moldova,MDA,1980,38324
Moldova,MDA,1981,40824
Moldova,MDA,1982,40529
Moldova,MDA,1983,42015
Moldova,MDA,1984,43809
Moldova,MDA,1985,45243
Moldova,MDA,1986,48238
Moldova,MDA,1987,49694
Moldova,MDA,1988,48712
Moldova,MDA,1989,31609
Moldova,MDA,1990,11764
Moldova,MDA,1991,5459
Moldova,MDA,1992,-895
Moldova,MDA,1993,-7473
Moldova,MDA,1994,-13784
Moldova,MDA,1995,-20241
Moldova,MDA,1996,-26563
Moldova,MDA,1997,-32116
Moldova,MDA,1998,-36824
Moldova,MDA,1999,-40493
Moldova,MDA,2000,-43251
Moldova,MDA,2001,-45200
Moldova,MDA,2002,-46832
Moldova,MDA,2003,-47519
Moldova,MDA,2004,-48746
Moldova,MDA,2005,-58004
Moldova,MDA,2006,-67348
Moldova,MDA,2007,-69923
Moldova,MDA,2008,-71894
Moldova,MDA,2009,-73291
Moldova,MDA,2010,-74222
Moldova,MDA,2011,-74712
Moldova,MDA,2012,-74649
Moldova,MDA,2013,-73888
Moldova,MDA,2014,-66026
Moldova,MDA,2015,-55547
Moldova,MDA,2016,-49370
Moldova,MDA,2017,-44298
Moldova,MDA,2018,-39721
Moldova,MDA,2019,-41218
Moldova,MDA,2020,-43426
Moldova,MDA,2021,-45355
Moldova,MDA,2022,16206
Moldova,MDA,2023,27086
Monaco,MCO,1951,681
Monaco,MCO,1952,207
Monaco,MCO,1953,109
Monaco,MCO,1954,1
Monaco,MCO,1955,-82
Monaco,MCO,1956,139
Monaco,MCO,1957,376
Monaco,MCO,1958,308
Monaco,MCO,1959,244
Monaco,MCO,1960,157
Monaco,MCO,1961,98
Monaco,MCO,1962,174
Monaco,MCO,1963,310
Monaco,MCO,1964,299
Monaco,MCO,1965,257
Monaco,MCO,1966,187
Monaco,MCO,1967,108
Monaco,MCO,1968,199
Monaco,MCO,1969,395
Monaco,MCO,1970,396
Monaco,MCO,1971,354
Monaco,MCO,1972,279
Monaco,MCO,1973,212
Monaco,MCO,1974,163
Monaco,MCO,1975,265
Monaco,MCO,1976,393
Monaco,MCO,1977,375
Monaco,MCO,1978,335
Monaco,MCO,1979,285
Monaco,MCO,1980,233
Monaco,MCO,1981,172
Monaco,MCO,1982,266
Monaco,MCO,1983,401
Monaco,MCO,1984,395
Monaco,MCO,1985,376
Monaco,MCO,1986,363
Monaco,MCO,1987,351
Monaco,MCO,1988,336
Monaco,MCO,1989,302
Monaco,MCO,1990,274
Monaco,MCO,1991,272
Monaco,MCO,1992,255
Monaco,MCO,1993,256
Monaco,MCO,1994,233
Monaco,MCO,1995,238
Monaco,MCO,1996,223
Monaco,MCO,1997,231
Monaco,MCO,1998,199
Monaco,MCO,1999,146
Monaco,MCO,2000,42
Monaco,MCO,2001,-11
Monaco,MCO,2002,-25
Monaco,MCO,2003,-45
Monaco,MCO,2004,-67
Monaco,MCO,2005,-94
Monaco,MCO,2006,-152
Monaco,MCO,2007,-224
Monaco,MCO,2008,3
Monaco,MCO,2009,528
Monaco,MCO,2010,798
Monaco,MCO,2011,780
Monaco,MCO,2012,770
Monaco,MCO,2013,738
Monaco,MCO,2014,679
Monaco,MCO,2015,630
Monaco,MCO,2016,516
Monaco,MCO,2017,399
Monaco,MCO,2018,479
Monaco,MCO,2019,-48
Monaco,MCO,2020,-57
Monaco,MCO,2021,474
Monaco,MCO,2022,402
Monaco,MCO,2023,29
Mongolia,MNG,1951,12638
Mongolia,MNG,1952,12764
Mongolia,MNG,1953,13185
Mongolia,MNG,1954,13745
Mongolia,MNG,1955,14664
Mongolia,MNG,1956,19800
Mongolia,MNG,1957,24753
Mongolia,MNG,1958,26057
Mongolia,MNG,1959,28122
Mongolia,MNG,1960,30183
Mongolia,MNG,1961,31690
Mongolia,MNG,1962,32154
Mongolia,MNG,1963,29920
Mongolia,MNG,1964,28872
Mongolia,MNG,1965,30947
Mongolia,MNG,1966,32578
Mongolia,MNG,1967,33234
Mongolia,MNG,1968,32934
Mongolia,MNG,1969,32360
Mongolia,MNG,1970,32984
Mongolia,MNG,1971,34801
Mongolia,MNG,1972,36753
Mongolia,MNG,1973,38678
Mongolia,MNG,1974,40549
Mongolia,MNG,1975,42245
Mongolia,MNG,1976,43652
Mongolia,MNG,1977,44295
Mongolia,MNG,1978,43231
Mongolia,MNG,1979,41182
Mongolia,MNG,1980,40680
Mongolia,MNG,1981,41515
Mongolia,MNG,1982,42508
Mongolia,MNG,1983,43729
Mongolia,MNG,1984,45262
Mongolia,MNG,1985,47164
Mongolia,MNG,1986,49448
Mongolia,MNG,1987,51836
Mongolia,MNG,1988,53523
Mongolia,MNG,1989,47864
Mongolia,MNG,1990,40388
Mongolia,MNG,1991,38194
Mongolia,MNG,1992,36358
Mongolia,MNG,1993,34385
Mongolia,MNG,1994,32228
Mongolia,MNG,1995,29974
Mongolia,MNG,1996,27752
Mongolia,MNG,1997,25664
Mongolia,MNG,1998,23660
Mongolia,MNG,1999,21248
Mongolia,MNG,2000,21141
Mongolia,MNG,2001,22522
Mongolia,MNG,2002,22370
Mongolia,MNG,2003,21735
Mongolia,MNG,2004,20992
Mongolia,MNG,2005,20665
Mongolia,MNG,2006,21295
Mongolia,MNG,2007,23215
Mongolia,MNG,2008,26455
Mongolia,MNG,2009,30902
Mongolia,MNG,2010,36406
Mongolia,MNG,2011,43444
Mongolia,MNG,2012,50280
Mongolia,MNG,2013,56424
Mongolia,MNG,2014,61154
Mongolia,MNG,2015,63487
Mongolia,MNG,2016,64287
Mongolia,MNG,2017,63556
Mongolia,MNG,2018,63343
Mongolia,MNG,2019,64404
Mongolia,MNG,2020,58668
Mongolia,MNG,2021,48890
Mongolia,MNG,2022,46339
Mongolia,MNG,2023,45923
Montenegro,MNE,1951,7565
Montenegro,MNE,1952,8827
Montenegro,MNE,1953,8578
Montenegro,MNE,1954,6886
Montenegro,MNE,1955,6218
Montenegro,MNE,1956,6102
Montenegro,MNE,1957,6054
Montenegro,MNE,1958,6061
Montenegro,MNE,1959,6096
Montenegro,MNE,1960,6299
Montenegro,MNE,1961,6630
Montenegro,MNE,1962,6608
Montenegro,MNE,1963,6346
Montenegro,MNE,1964,6148
Montenegro,MNE,1965,5958
Montenegro,MNE,1966,5745
Montenegro,MNE,1967,5458
Montenegro,MNE,1968,5213
Montenegro,MNE,1969,5132
Montenegro,MNE,1970,5236
Montenegro,MNE,1971,5433
Montenegro,MNE,1972,5594
Montenegro,MNE,1973,5563
Montenegro,MNE,1974,5476
Montenegro,MNE,1975,5411
Montenegro,MNE,1976,5481
Montenegro,MNE,1977,5458
Montenegro,MNE,1978,5428
Montenegro,MNE,1979,5492
Montenegro,MNE,1980,5816
Montenegro,MNE,1981,5085
Montenegro,MNE,1982,3718
Montenegro,MNE,1983,3326
Montenegro,MNE,1984,3298
Montenegro,MNE,1985,3248
Montenegro,MNE,1986,3297
Montenegro,MNE,1987,3378
Montenegro,MNE,1988,3413
Montenegro,MNE,1989,3454
Montenegro,MNE,1990,3459
Montenegro,MNE,1991,3057
Montenegro,MNE,1992,2466
Montenegro,MNE,1993,2077
Montenegro,MNE,1994,1783
Montenegro,MNE,1995,1496
Montenegro,MNE,1996,1239
Montenegro,MNE,1997,914
Montenegro,MNE,1998,560
Montenegro,MNE,1999,181
Montenegro,MNE,2000,-82
Montenegro,MNE,2001,-197
Montenegro,MNE,2002,-234
Montenegro,MNE,2003,-204
Montenegro,MNE,2004,193
Montenegro,MNE,2005,303
Montenegro,MNE,2006,-183
Montenegro,MNE,2007,-488
Montenegro,MNE,2008,-533
Montenegro,MNE,2009,-410
Montenegro,MNE,2010,-357
Montenegro,MNE,2011,601
Montenegro,MNE,2012,857
Montenegro,MNE,2013,-347
Montenegro,MNE,2014,-1822
Montenegro,MNE,2015,-3232
Montenegro,MNE,2016,-3899
Montenegro,MNE,2017,-4134
Montenegro,MNE,2018,-4314
Montenegro,MNE,2019,-4127
Montenegro,MNE,2020,-3737
Montenegro,MNE,2021,-4080
Montenegro,MNE,2022,10795
Montenegro,MNE,2023,18904
Montserrat,MSR,1951,-95
Montserrat,MSR,1952,-96
Montserrat,MSR,1953,-98
Montserrat,MSR,1954,-94
Montserrat,MSR,1955,-76
Montserrat,MSR,1956,-93
Montserrat,MSR,1957,-87
Montserrat,MSR,1958,-95
Montserrat,MSR,1959,-95
Montserrat,MSR,1960,-78
Montserrat,MSR,1961,-73
Montserrat,MSR,1962,-73
Montserrat,MSR,1963,-86
Montserrat,MSR,1964,-74
Montserrat,MSR,1965,-84
Montserrat,MSR,1966,-67
Montserrat,MSR,1967,-74
Montserrat,MSR,1968,-61
Montserrat,MSR,1969,-66
Montserrat,MSR,1970,-41
Montserrat,MSR,1971,3
Montserrat,MSR,1972,11
Montserrat,MSR,1973,17
Montserrat,MSR,1974,20
Montserrat,MSR,1975,25
Montserrat,MSR,1976,7
Montserrat,MSR,1977,19
Montserrat,MSR,1978,-1
Montserrat,MSR,1979,-22
Montserrat,MSR,1980,-73
Montserrat,MSR,1981,-89
Montserrat,MSR,1982,-75
Montserrat,MSR,1983,-52
Montserrat,MSR,1984,-70
Montserrat,MSR,1985,-60
Montserrat,MSR,1986,-51
Montserrat,MSR,1987,-47
Montserrat,MSR,1988,-48
Montserrat,MSR,1989,-74
Montserrat,MSR,1990,-98
Montserrat,MSR,1991,-236
Montserrat,MSR,1992,-451
Montserrat,MSR,1993,-559
Montserrat,MSR,1994,-587
Montserrat,MSR,1995,-610
Montserrat,MSR,1996,-631
Montserrat,MSR,1997,-647
Montserrat,MSR,1998,-658
Montserrat,MSR,1999,-636
Montserrat,MSR,2000,-632
Montserrat,MSR,2001,-437
Montserrat,MSR,2002,-116
Montserrat,MSR,2003,15
Montserrat,MSR,2004,26
Montserrat,MSR,2005,33
Montserrat,MSR,2006,32
Montserrat,MSR,2007,43
Montserrat,MSR,2008,51
Montserrat,MSR,2009,59
Montserrat,MSR,2010,60
Montserrat,MSR,2011,27
Montserrat,MSR,2012,-24
Montserrat,MSR,2013,-48
Montserrat,MSR,2014,-36
Montserrat,MSR,2015,-45
Montserrat,MSR,2016,-28
Montserrat,MSR,2017,-41
Montserrat,MSR,2018,-29
Montserrat,MSR,2019,-31
Montserrat,MSR,2020,-32
Montserrat,MSR,2021,-27
Montserrat,MSR,2022,-29
Montserrat,MSR,2023,-36
More developed regions,,1951,9277068
More developed regions,,1952,9212523
More developed regions,,1953,9568529
More developed regions,,1954,9805018
More developed regions,,1955,9941808
More developed regions,,1956,9951685
More developed regions,,1957,10218741
More developed regions,,1958,10610937
More developed regions,,1959,10580760
More developed regions,,1960,10554714
More developed regions,,1961,10713837
More developed regions,,1962,10661849
More developed regions,,1963,10372736
More developed regions,,1964,10113747
More developed regions,,1965,9761298
More developed regions,,1966,9235745
More developed regions,,1967,8818410
More developed regions,,1968,8672220
More developed regions,,1969,8629678
More developed regions,,1970,8362693
More developed regions,,1971,8728230
More developed regions,,1972,8963579
More developed regions,,1973,8373866
More developed regions,,1974,7982289
More developed regions,,1975,7455439
More developed regions,,1976,7090964
More developed regions,,1977,7050350
More developed regions,,1978,6887377
More developed regions,,1979,6859674
More developed regions,,1980,7143599
More developed regions,,1981,6846783
More developed regions,,1982,6295828
More developed regions,,1983,6223470
More developed regions,,1984,6130320
More developed regions,,1985,6105431
More developed regions,,1986,6382003
More developed regions,,1987,6561446
More developed regions,,1988,6648669
More developed regions,,1989,6533523
More developed regions,,1990,6609879
More developed regions,,1991,6611345
More developed regions,,1992,5352418
More developed regions,,1993,4418678
More developed regions,,1994,4706291
More developed regions,,1995,4176216
More developed regions,,1996,3520188
More developed regions,,1997,3492765
More developed regions,,1998,2876113
More developed regions,,1999,2774459
More developed regions,,2000,3408737
More developed regions,,2001,3690806
More developed regions,,2002,4529648
More developed regions,,2003,4857126
More developed regions,,2004,4477502
More developed regions,,2005,4434848
More developed regions,,2006,4397022
More developed regions,,2007,5155079
More developed regions,,2008,5659201
More developed regions,,2009,5308188
More developed regions,,2010,5014547
More developed regions,,2011,4899227
More developed regions,,2012,4710527
More developed regions,,2013,4599052
More developed regions,,2014,4706333
More developed regions,,2015,5167963
More developed regions,,2016,5576905
More developed regions,,2017,5310415
More developed regions,,2018,4799754
More developed regions,,2019,4398567
More developed regions,,2020,2001891
More developed regions,,2021,-277701
More developed regions,,2022,-322256
More developed regions,,2023,723852
Morocco,MAR,1951,223837
Morocco,MAR,1952,235589
Morocco,MAR,1953,244689
Morocco,MAR,1954,253748
Morocco,MAR,1955,264811
Morocco,MAR,1956,275892
Morocco,MAR,1957,286533
Morocco,MAR,1958,293191
Morocco,MAR,1959,303266
Morocco,MAR,1960,307920
Morocco,MAR,1961,306165
Morocco,MAR,1962,321999
Morocco,MAR,1963,324403
Morocco,MAR,1964,321383
Morocco,MAR,1965,340291
Morocco,MAR,1966,357890
Morocco,MAR,1967,371117
Morocco,MAR,1968,379717
Morocco,MAR,1969,386355
Morocco,MAR,1970,395201
Morocco,MAR,1971,397774
Morocco,MAR,1972,397468
Morocco,MAR,1973,401581
Morocco,MAR,1974,407574
Morocco,MAR,1975,416940
Morocco,MAR,1976,423397
Morocco,MAR,1977,440574
Morocco,MAR,1978,462622
Morocco,MAR,1979,478204
Morocco,MAR,1980,504355
Morocco,MAR,1981,525465
Morocco,MAR,1982,534917
Morocco,MAR,1983,540373
Morocco,MAR,1984,533080
Morocco,MAR,1985,520176
Morocco,MAR,1986,486850
Morocco,MAR,1987,453587
Morocco,MAR,1988,446138
Morocco,MAR,1989,438886
Morocco,MAR,1990,436144
Morocco,MAR,1991,423458
Morocco,MAR,1992,413453
Morocco,MAR,1993,402117
Morocco,MAR,1994,386238
Morocco,MAR,1995,398607
Morocco,MAR,1996,408678
Morocco,MAR,1997,405231
Morocco,MAR,1998,408298
Morocco,MAR,1999,405550
Morocco,MAR,2000,396251
Morocco,MAR,2001,391207
Morocco,MAR,2002,383500
Morocco,MAR,2003,373269
Morocco,MAR,2004,381606
Morocco,MAR,2005,405124
Morocco,MAR,2006,413034
Morocco,MAR,2007,415289
Morocco,MAR,2008,420301
Morocco,MAR,2009,424010
Morocco,MAR,2010,436230
Morocco,MAR,2011,445576
Morocco,MAR,2012,442661
Morocco,MAR,2013,432327
Morocco,MAR,2014,417211
Morocco,MAR,2015,402806
Morocco,MAR,2016,415869
Morocco,MAR,2017,422936
Morocco,MAR,2018,393365
Morocco,MAR,2019,371147
Morocco,MAR,2020,373301
Morocco,MAR,2021,370235
Morocco,MAR,2022,374625
Morocco,MAR,2023,383448
Mozambique,MOZ,1951,67925
Mozambique,MOZ,1952,72607
Mozambique,MOZ,1953,72353
Mozambique,MOZ,1954,73864
Mozambique,MOZ,1955,77492
Mozambique,MOZ,1956,80565
Mozambique,MOZ,1957,83146
Mozambique,MOZ,1958,83371
Mozambique,MOZ,1959,88847
Mozambique,MOZ,1960,103294
Mozambique,MOZ,1961,121240
Mozambique,MOZ,1962,134431
Mozambique,MOZ,1963,140458
Mozambique,MOZ,1964,145237
Mozambique,MOZ,1965,151355
Mozambique,MOZ,1966,156572
Mozambique,MOZ,1967,161565
Mozambique,MOZ,1968,168054
Mozambique,MOZ,1969,174342
Mozambique,MOZ,1970,183552
Mozambique,MOZ,1971,205820
Mozambique,MOZ,1972,236607
Mozambique,MOZ,1973,261317
Mozambique,MOZ,1974,281846
Mozambique,MOZ,1975,304728
Mozambique,MOZ,1976,326383
Mozambique,MOZ,1977,357769
Mozambique,MOZ,1978,393273
Mozambique,MOZ,1979,410562
Mozambique,MOZ,1980,307411
Mozambique,MOZ,1981,231903
Mozambique,MOZ,1982,256248
Mozambique,MOZ,1983,249454
Mozambique,MOZ,1984,242128
Mozambique,MOZ,1985,232998
Mozambique,MOZ,1986,221630
Mozambique,MOZ,1987,51992
Mozambique,MOZ,1988,-22017
Mozambique,MOZ,1989,106286
Mozambique,MOZ,1990,187693
Mozambique,MOZ,1991,257556
Mozambique,MOZ,1992,261223
Mozambique,MOZ,1993,437889
Mozambique,MOZ,1994,982649
Mozambique,MOZ,1995,926678
Mozambique,MOZ,1996,531954
Mozambique,MOZ,1997,457504
Mozambique,MOZ,1998,390475
Mozambique,MOZ,1999,394036
Mozambique,MOZ,2000,395153
Mozambique,MOZ,2001,408083
Mozambique,MOZ,2002,420603
Mozambique,MOZ,2003,434139
Mozambique,MOZ,2004,447835
Mozambique,MOZ,2005,464265
Mozambique,MOZ,2006,482511
Mozambique,MOZ,2007,500550
Mozambique,MOZ,2008,531399
Mozambique,MOZ,2009,572714
Mozambique,MOZ,2010,607483
Mozambique,MOZ,2011,649811
Mozambique,MOZ,2012,688804
Mozambique,MOZ,2013,713764
Mozambique,MOZ,2014,736860
Mozambique,MOZ,2015,759103
Mozambique,MOZ,2016,789531
Mozambique,MOZ,2017,829290
Mozambique,MOZ,2018,852250
Mozambique,MOZ,2019,865731
Mozambique,MOZ,2020,899307
Mozambique,MOZ,2021,924113
Mozambique,MOZ,2022,948444
Mozambique,MOZ,2023,978921
Myanmar,MMR,1951,333303
Myanmar,MMR,1952,347584
Myanmar,MMR,1953,361893
Myanmar,MMR,1954,376750
Myanmar,MMR,1955,393835
Myanmar,MMR,1956,408734
Myanmar,MMR,1957,423484
Myanmar,MMR,1958,433717
Myanmar,MMR,1959,447593
Myanmar,MMR,1960,466239
Myanmar,MMR,1961,480325
Myanmar,MMR,1962,494142
Myanmar,MMR,1963,508684
Myanmar,MMR,1964,523910
Myanmar,MMR,1965,542121
Myanmar,MMR,1966,557057
Myanmar,MMR,1967,569938
Myanmar,MMR,1968,583237
Myanmar,MMR,1969,595441
Myanmar,MMR,1970,607905
Myanmar,MMR,1971,614200
Myanmar,MMR,1972,621115
Myanmar,MMR,1973,598060
Myanmar,MMR,1974,571773
Myanmar,MMR,1975,578400
Myanmar,MMR,1976,582255
Myanmar,MMR,1977,597150
Myanmar,MMR,1978,617006
Myanmar,MMR,1979,623578
Myanmar,MMR,1980,630652
Myanmar,MMR,1981,631582
Myanmar,MMR,1982,624181
Myanmar,MMR,1983,679747
Myanmar,MMR,1984,736599
Myanmar,MMR,1985,723519
Myanmar,MMR,1986,692050
Myanmar,MMR,1987,656719
Myanmar,MMR,1988,629327
Myanmar,MMR,1989,613696
Myanmar,MMR,1990,602629
Myanmar,MMR,1991,576906
Myanmar,MMR,1992,556183
Myanmar,MMR,1993,552081
Myanmar,MMR,1994,552727
Myanmar,MMR,1995,550193
Myanmar,MMR,1996,549515
Myanmar,MMR,1997,553944
Myanmar,MMR,1998,548991
Myanmar,MMR,1999,529934
Myanmar,MMR,2000,503123
Myanmar,MMR,2001,480290
Myanmar,MMR,2002,461516
Myanmar,MMR,2003,434535
Myanmar,MMR,2004,401588
Myanmar,MMR,2005,369583
Myanmar,MMR,2006,346779
Myanmar,MMR,2007,339906
Myanmar,MMR,2008,265743
Myanmar,MMR,2009,269668
Myanmar,MMR,2010,363918
Myanmar,MMR,2011,395449
Myanmar,MMR,2012,417626
Myanmar,MMR,2013,425207
Myanmar,MMR,2014,418977
Myanmar,MMR,2015,407425
Myanmar,MMR,2016,406641
Myanmar,MMR,2017,399238
Myanmar,MMR,2018,377311
Myanmar,MMR,2019,368468
Myanmar,MMR,2020,375807
Myanmar,MMR,2021,370578
Myanmar,MMR,2022,369688
Myanmar,MMR,2023,377009
Namibia,NAM,1951,5800
Namibia,NAM,1952,6241
Namibia,NAM,1953,6597
Namibia,NAM,1954,6781
Namibia,NAM,1955,7074
Namibia,NAM,1956,7475
Namibia,NAM,1957,8026
Namibia,NAM,1958,8749
Namibia,NAM,1959,9586
Namibia,NAM,1960,10546
Namibia,NAM,1961,11601
Namibia,NAM,1962,12686
Namibia,NAM,1963,13832
Namibia,NAM,1964,14947
Namibia,NAM,1965,16029
Namibia,NAM,1966,17095
Namibia,NAM,1967,18388
Namibia,NAM,1968,19500
Namibia,NAM,1969,20574
Namibia,NAM,1970,21751
Namibia,NAM,1971,22712
Namibia,NAM,1972,23823
Namibia,NAM,1973,24521
Namibia,NAM,1974,25393
Namibia,NAM,1975,26716
Namibia,NAM,1976,25533
Namibia,NAM,1977,24544
Namibia,NAM,1978,16159
Namibia,NAM,1979,15549
Namibia,NAM,1980,18614
Namibia,NAM,1981,11068
Namibia,NAM,1982,17807
Namibia,NAM,1983,27204
Namibia,NAM,1984,28477
Namibia,NAM,1985,30900
Namibia,NAM,1986,34187
Namibia,NAM,1987,36815
Namibia,NAM,1988,41802
Namibia,NAM,1989,79256
Namibia,NAM,1990,80353
Namibia,NAM,1991,46380
Namibia,NAM,1992,45635
Namibia,NAM,1993,47374
Namibia,NAM,1994,47617
Namibia,NAM,1995,45866
Namibia,NAM,1996,43926
Namibia,NAM,1997,43167
Namibia,NAM,1998,43473
Namibia,NAM,1999,43624
Namibia,NAM,2000,42279
Namibia,NAM,2001,38409
Namibia,NAM,2002,32917
Namibia,NAM,2003,27493
Namibia,NAM,2004,24618
Namibia,NAM,2005,24494
Namibia,NAM,2006,25309
Namibia,NAM,2007,26717
Namibia,NAM,2008,28452
Namibia,NAM,2009,30341
Namibia,NAM,2010,32415
Namibia,NAM,2011,36516
Namibia,NAM,2012,48325
Namibia,NAM,2013,57849
Namibia,NAM,2014,59638
Namibia,NAM,2015,62162
Namibia,NAM,2016,64914
Namibia,NAM,2017,67635
Namibia,NAM,2018,70473
Namibia,NAM,2019,73172
Namibia,NAM,2020,78261
Namibia,NAM,2021,81792
Namibia,NAM,2022,79116
Namibia,NAM,2023,73434
Nauru,NRU,1951,108
Nauru,NRU,1952,98
Nauru,NRU,1953,84
Nauru,NRU,1954,87
Nauru,NRU,1955,104
Nauru,NRU,1956,136
Nauru,NRU,1957,140
Nauru,NRU,1958,136
Nauru,NRU,1959,156
Nauru,NRU,1960,152
Nauru,NRU,1961,174
Nauru,NRU,1962,201
Nauru,NRU,1963,246
Nauru,NRU,1964,289
Nauru,NRU,1965,316
Nauru,NRU,1966,209
Nauru,NRU,1967,97
Nauru,NRU,1968,191
Nauru,NRU,1969,256
Nauru,NRU,1970,129
Nauru,NRU,1971,47
Nauru,NRU,1972,51
Nauru,NRU,1973,55
Nauru,NRU,1974,58
Nauru,NRU,1975,69
Nauru,NRU,1976,71
Nauru,NRU,1977,100
Nauru,NRU,1978,132
Nauru,NRU,1979,172
Nauru,NRU,1980,182
Nauru,NRU,1981,196
Nauru,NRU,1982,193
Nauru,NRU,1983,181
Nauru,NRU,1984,158
Nauru,NRU,1985,175
Nauru,NRU,1986,192
Nauru,NRU,1987,207
Nauru,NRU,1988,211
Nauru,NRU,1989,230
Nauru,NRU,1990,232
Nauru,NRU,1991,228
Nauru,NRU,1992,169
Nauru,NRU,1993,81
Nauru,NRU,1994,40
Nauru,NRU,1995,24
Nauru,NRU,1996,19
Nauru,NRU,1997,12
Nauru,NRU,1998,2
Nauru,NRU,1999,-13
Nauru,NRU,2000,-20
Nauru,NRU,2001,-40
Nauru,NRU,2002,-42
Nauru,NRU,2003,-19
Nauru,NRU,2004,-2
Nauru,NRU,2005,-13
Nauru,NRU,2006,-10
Nauru,NRU,2007,-19
Nauru,NRU,2008,-10
Nauru,NRU,2009,9
Nauru,NRU,2010,26
Nauru,NRU,2011,49
Nauru,NRU,2012,173
Nauru,NRU,2013,250
Nauru,NRU,2014,227
Nauru,NRU,2015,209
Nauru,NRU,2016,198
Nauru,NRU,2017,178
Nauru,NRU,2018,148
Nauru,NRU,2019,110
Nauru,NRU,2020,56
Nauru,NRU,2021,62
Nauru,NRU,2022,95
Nauru,NRU,2023,78
Nepal,NPL,1951,176055
Nepal,NPL,1952,174635
Nepal,NPL,1953,170922
Nepal,NPL,1954,169553
Nepal,NPL,1955,170210
Nepal,NPL,1956,169904
Nepal,NPL,1957,170156
Nepal,NPL,1958,168207
Nepal,NPL,1959,172663
Nepal,NPL,1960,184749
Nepal,NPL,1961,194735
Nepal,NPL,1962,202723
Nepal,NPL,1963,208696
Nepal,NPL,1964,216571
Nepal,NPL,1965,227022
Nepal,NPL,1966,235303
Nepal,NPL,1967,244003
Nepal,NPL,1968,253558
Nepal,NPL,1969,260757
Nepal,NPL,1970,269159
Nepal,NPL,1971,273878
Nepal,NPL,1972,279034
Nepal,NPL,1973,286137
Nepal,NPL,1974,293196
Nepal,NPL,1975,302256
Nepal,NPL,1976,306958
Nepal,NPL,1977,321525
Nepal,NPL,1978,340529
Nepal,NPL,1979,350897
Nepal,NPL,1980,362505
Nepal,NPL,1981,369316
Nepal,NPL,1982,375574
Nepal,NPL,1983,391125
Nepal,NPL,1984,396122
Nepal,NPL,1985,392451
Nepal,NPL,1986,390434
Nepal,NPL,1987,382384
Nepal,NPL,1988,388148
Nepal,NPL,1989,419151
Nepal,NPL,1990,466768
Nepal,NPL,1991,511928
Nepal,NPL,1992,573201
Nepal,NPL,1993,570450
Nepal,NPL,1994,537325
Nepal,NPL,1995,527960
Nepal,NPL,1996,496424
Nepal,NPL,1997,477591
Nepal,NPL,1998,460900
Nepal,NPL,1999,444843
Nepal,NPL,2000,421308
Nepal,NPL,2001,400246
Nepal,NPL,2002,382234
Nepal,NPL,2003,359773
Nepal,NPL,2004,327890
Nepal,NPL,2005,292810
Nepal,NPL,2006,255968
Nepal,NPL,2007,223068
Nepal,NPL,2008,201538
Nepal,NPL,2009,182999
Nepal,NPL,2010,168920
Nepal,NPL,2011,122544
Nepal,NPL,2012,70417
Nepal,NPL,2013,55081
Nepal,NPL,2014,82376
Nepal,NPL,2015,151258
Nepal,NPL,2016,131840
Nepal,NPL,2017,55787
Nepal,NPL,2018,68430
Nepal,NPL,2019,334378
Nepal,NPL,2020,552514
Nepal,NPL,2021,508436
Nepal,NPL,2022,240419
Nepal,NPL,2023,-20821
Netherlands,NLD,1951,150777
Netherlands,NLD,1952,117759
Netherlands,NLD,1953,111236
Netherlands,NLD,1954,122202
Netherlands,NLD,1955,135498
Netherlands,NLD,1956,138536
Netherlands,NLD,1957,137112
Netherlands,NLD,1958,160486
Netherlands,NLD,1959,160741
Netherlands,NLD,1960,138803
Netherlands,NLD,1961,152463
Netherlands,NLD,1962,168181
Netherlands,NLD,1963,161606
Netherlands,NLD,1964,162728
Netherlands,NLD,1965,169249
Netherlands,NLD,1966,163147
Netherlands,NLD,1967,143552
Netherlands,NLD,1968,133016
Netherlands,NLD,1969,149790
Netherlands,NLD,1970,161441
Netherlands,NLD,1971,156271
Netherlands,NLD,1972,134427
Netherlands,NLD,1973,110963
Netherlands,NLD,1974,105928
Netherlands,NLD,1975,120362
Netherlands,NLD,1976,106608
Netherlands,NLD,1977,81964
Netherlands,NLD,1978,85317
Netherlands,NLD,1979,96254
Netherlands,NLD,1980,112510
Netherlands,NLD,1981,100005
Netherlands,NLD,1982,71211
Netherlands,NLD,1983,62996
Netherlands,NLD,1984,65911
Netherlands,NLD,1985,76149
Netherlands,NLD,1986,87530
Netherlands,NLD,1987,98460
Netherlands,NLD,1988,100967
Netherlands,NLD,1989,95192
Netherlands,NLD,1990,109779
Netherlands,NLD,1991,124207
Netherlands,NLD,1992,121694
Netherlands,NLD,1993,112931
Netherlands,NLD,1994,95735
Netherlands,NLD,1995,79581
Netherlands,NLD,1996,74998
Netherlands,NLD,1997,83589
Netherlands,NLD,1998,103488
Netherlands,NLD,1999,113074
Netherlands,NLD,2000,118574
Netherlands,NLD,2001,123948
Netherlands,NLD,2002,105355
Netherlands,NLD,2003,78854
Netherlands,NLD,2004,58648
Netherlands,NLD,2005,40145
Netherlands,NLD,2006,28144
Netherlands,NLD,2007,37509
Netherlands,NLD,2008,65899
Netherlands,NLD,2009,86889
Netherlands,NLD,2010,87084
Netherlands,NLD,2011,79829
Netherlands,NLD,2012,64130
Netherlands,NLD,2013,51875
Netherlands,NLD,2014,63019
Netherlands,NLD,2015,77344
Netherlands,NLD,2016,97264
Netherlands,NLD,2017,110683
Netherlands,NLD,2018,105909
Netherlands,NLD,2019,116220
Netherlands,NLD,2020,99227
Netherlands,NLD,2021,93833
Netherlands,NLD,2022,173856
Netherlands,NLD,2023,188105
New Caledonia,NCL,1951,938
New Caledonia,NCL,1952,1009
New Caledonia,NCL,1953,1070
New Caledonia,NCL,1954,1142
New Caledonia,NCL,1955,1204
New Caledonia,NCL,1956,1463
New Caledonia,NCL,1957,1935
New Caledonia,NCL,1958,2288
New Caledonia,NCL,1959,2423
New Caledonia,NCL,1960,2553
New Caledonia,NCL,1961,2703
New Caledonia,NCL,1962,2815
New Caledonia,NCL,1963,2716
New Caledonia,NCL,1964,2552
New Caledonia,NCL,1965,2555
New Caledonia,NCL,1966,2662
New Caledonia,NCL,1967,2763
New Caledonia,NCL,1968,2858
New Caledonia,NCL,1969,3407
New Caledonia,NCL,1970,4486
New Caledonia,NCL,1971,5173
New Caledonia,NCL,1972,5424
New Caledonia,NCL,1973,5651
New Caledonia,NCL,1974,5863
New Caledonia,NCL,1975,6011
New Caledonia,NCL,1976,4634
New Caledonia,NCL,1977,2508
New Caledonia,NCL,1978,1789
New Caledonia,NCL,1979,1740
New Caledonia,NCL,1980,1684
New Caledonia,NCL,1981,1632
New Caledonia,NCL,1982,1555
New Caledonia,NCL,1983,2006
New Caledonia,NCL,1984,2582
New Caledonia,NCL,1985,2651
New Caledonia,NCL,1986,2660
New Caledonia,NCL,1987,2747
New Caledonia,NCL,1988,2862
New Caledonia,NCL,1989,3522
New Caledonia,NCL,1990,4425
New Caledonia,NCL,1991,4783
New Caledonia,NCL,1992,4833
New Caledonia,NCL,1993,4774
New Caledonia,NCL,1994,4768
New Caledonia,NCL,1995,4766
New Caledonia,NCL,1996,4656
New Caledonia,NCL,1997,4520
New Caledonia,NCL,1998,4494
New Caledonia,NCL,1999,4470
New Caledonia,NCL,2000,4578
New Caledonia,NCL,2001,4604
New Caledonia,NCL,2002,4525
New Caledonia,NCL,2003,4445
New Caledonia,NCL,2004,4181
New Caledonia,NCL,2005,3526
New Caledonia,NCL,2006,3166
New Caledonia,NCL,2007,3173
New Caledonia,NCL,2008,3101
New Caledonia,NCL,2009,3430
New Caledonia,NCL,2010,4319
New Caledonia,NCL,2011,4970
New Caledonia,NCL,2012,5090
New Caledonia,NCL,2013,5192
New Caledonia,NCL,2014,4401
New Caledonia,NCL,2015,1946
New Caledonia,NCL,2016,253
New Caledonia,NCL,2017,122
New Caledonia,NCL,2018,-3
New Caledonia,NCL,2019,65
New Caledonia,NCL,2020,571
New Caledonia,NCL,2021,1040
New Caledonia,NCL,2022,1903
New Caledonia,NCL,2023,2749
New Zealand,NZL,1951,39944
New Zealand,NZL,1952,46544
New Zealand,NZL,1953,49997
New Zealand,NZL,1954,47393
New Zealand,NZL,1955,44531
New Zealand,NZL,1956,45170
New Zealand,NZL,1957,48844
New Zealand,NZL,1958,51307
New Zealand,NZL,1959,48491
New Zealand,NZL,1960,45996
New Zealand,NZL,1961,50262
New Zealand,NZL,1962,54659
New Zealand,NZL,1963,53714
New Zealand,NZL,1964,50653
New Zealand,NZL,1965,47723
New Zealand,NZL,1966,46096
New Zealand,NZL,1967,40828
New Zealand,NZL,1968,31105
New Zealand,NZL,1969,29877
New Zealand,NZL,1970,37785
New Zealand,NZL,1971,44984
New Zealand,NZL,1972,52095
New Zealand,NZL,1973,59726
New Zealand,NZL,1974,62234
New Zealand,NZL,1975,52816
New Zealand,NZL,1976,32600
New Zealand,NZL,1977,13490
New Zealand,NZL,1978,2116
New Zealand,NZL,1979,-649
New Zealand,NZL,1980,4729
New Zealand,NZL,1981,13519
New Zealand,NZL,1982,25285
New Zealand,NZL,1983,34152
New Zealand,NZL,1984,30547
New Zealand,NZL,1985,18202
New Zealand,NZL,1986,13480
New Zealand,NZL,1987,17933
New Zealand,NZL,1988,16583
New Zealand,NZL,1989,17796
New Zealand,NZL,1990,63159
New Zealand,NZL,1991,83952
New Zealand,NZL,1992,51313
New Zealand,NZL,1993,41363
New Zealand,NZL,1994,47421
New Zealand,NZL,1995,53404
New Zealand,NZL,1996,54949
New Zealand,NZL,1997,47567
New Zealand,NZL,1998,34426
New Zealand,NZL,1999,24185
New Zealand,NZL,2000,22015
New Zealand,NZL,2001,34187
New Zealand,NZL,2002,59353
New Zealand,NZL,2003,71469
New Zealand,NZL,2004,61327
New Zealand,NZL,2005,51090
New Zealand,NZL,2006,46941
New Zealand,NZL,2007,41327
New Zealand,NZL,2008,38549
New Zealand,NZL,2009,42485
New Zealand,NZL,2010,43462
New Zealand,NZL,2011,34933
New Zealand,NZL,2012,28983
New Zealand,NZL,2013,42175
New Zealand,NZL,2014,69119
New Zealand,NZL,2015,91059
New Zealand,NZL,2016,100733
New Zealand,NZL,2017,97981
New Zealand,NZL,2018,88091
New Zealand,NZL,2019,88570
New Zealand,NZL,2020,80485
New Zealand,NZL,2021,37799
New Zealand,NZL,2022,24037
New Zealand,NZL,2023,41106
Nicaragua,NIC,1951,38209
Nicaragua,NIC,1952,39369
Nicaragua,NIC,1953,40880
Nicaragua,NIC,1954,42358
Nicaragua,NIC,1955,43986
Nicaragua,NIC,1956,45730
Nicaragua,NIC,1957,47492
Nicaragua,NIC,1958,49276
Nicaragua,NIC,1959,51049
Nicaragua,NIC,1960,52577
Nicaragua,NIC,1961,54085
Nicaragua,NIC,1962,55869
Nicaragua,NIC,1963,57837
Nicaragua,NIC,1964,60021
Nicaragua,NIC,1965,62504
Nicaragua,NIC,1966,65134
Nicaragua,NIC,1967,67750
Nicaragua,NIC,1968,70266
Nicaragua,NIC,1969,72564
Nicaragua,NIC,1970,74664
Nicaragua,NIC,1971,76764
Nicaragua,NIC,1972,73754
Nicaragua,NIC,1973,75700
Nicaragua,NIC,1974,82790
Nicaragua,NIC,1975,84874
Nicaragua,NIC,1976,86903
Nicaragua,NIC,1977,88682
Nicaragua,NIC,1978,87791
Nicaragua,NIC,1979,84201
Nicaragua,NIC,1980,87880
Nicaragua,NIC,1981,93275
Nicaragua,NIC,1982,93068
Nicaragua,NIC,1983,91539
Nicaragua,NIC,1984,88823
Nicaragua,NIC,1985,87371
Nicaragua,NIC,1986,87681
Nicaragua,NIC,1987,88007
Nicaragua,NIC,1988,90149
Nicaragua,NIC,1989,94166
Nicaragua,NIC,1990,96083
Nicaragua,NIC,1991,97070
Nicaragua,NIC,1992,97395
Nicaragua,NIC,1993,96702
Nicaragua,NIC,1994,95584
Nicaragua,NIC,1995,93616
Nicaragua,NIC,1996,87046
Nicaragua,NIC,1997,79595
Nicaragua,NIC,1998,74085
Nicaragua,NIC,1999,70362
Nicaragua,NIC,2000,68615
Nicaragua,NIC,2001,65191
Nicaragua,NIC,2002,62087
Nicaragua,NIC,2003,61056
Nicaragua,NIC,2004,61939
Nicaragua,NIC,2005,69199
Nicaragua,NIC,2006,76749
Nicaragua,NIC,2007,78390
Nicaragua,NIC,2008,79350
Nicaragua,NIC,2009,80005
Nicaragua,NIC,2010,80849
Nicaragua,NIC,2011,81600
Nicaragua,NIC,2012,82239
Nicaragua,NIC,2013,82562
Nicaragua,NIC,2014,82641
Nicaragua,NIC,2015,82924
Nicaragua,NIC,2016,83247
Nicaragua,NIC,2017,83571
Nicaragua,NIC,2018,83839
Nicaragua,NIC,2019,83586
Nicaragua,NIC,2020,81607
Nicaragua,NIC,2021,79478
Nicaragua,NIC,2022,85917
Nicaragua,NIC,2023,92957
Niger,NER,1951,86935
Niger,NER,1952,87141
Niger,NER,1953,87302
Niger,NER,1954,87693
Niger,NER,1955,88395
Niger,NER,1956,89470
Niger,NER,1957,91091
Niger,NER,1958,93382
Niger,NER,1959,96242
Niger,NER,1960,99587
Niger,NER,1961,103116
Niger,NER,1962,106349
Niger,NER,1963,109358
Niger,NER,1964,111942
Niger,NER,1965,113879
Niger,NER,1966,115851
Niger,NER,1967,118043
Niger,NER,1968,120046
Niger,NER,1969,122084
Niger,NER,1970,124548
Niger,NER,1971,125955
Niger,NER,1972,128620
Niger,NER,1973,133021
Niger,NER,1974,137088
Niger,NER,1975,142066
Niger,NER,1976,147941
Niger,NER,1977,154759
Niger,NER,1978,163217
Niger,NER,1979,172618
Niger,NER,1980,180411
Niger,NER,1981,186043
Niger,NER,1982,190722
Niger,NER,1983,195913
Niger,NER,1984,201328
Niger,NER,1985,208483
Niger,NER,1986,217357
Niger,NER,1987,225340
Niger,NER,1988,232598
Niger,NER,1989,241030
Niger,NER,1990,251284
Niger,NER,1991,260834
Niger,NER,1992,270733
Niger,NER,1993,283156
Niger,NER,1994,297477
Niger,NER,1995,316271
Niger,NER,1996,330311
Niger,NER,1997,339129
Niger,NER,1998,357439
Niger,NER,1999,375998
Niger,NER,2000,392220
Niger,NER,2001,411014
Niger,NER,2002,428502
Niger,NER,2003,447829
Niger,NER,2004,468864
Niger,NER,2005,490349
Niger,NER,2006,512391
Niger,NER,2007,535021
Niger,NER,2008,558317
Niger,NER,2009,581752
Niger,NER,2010,605160
Niger,NER,2011,627453
Niger,NER,2012,660484
Niger,NER,2013,683129
Niger,NER,2014,696018
Niger,NER,2015,723579
Niger,NER,2016,746262
Niger,NER,2017,749691
Niger,NER,2018,752625
Niger,NER,2019,759691
Niger,NER,2020,769850
Niger,NER,2021,784530
Niger,NER,2022,809833
Niger,NER,2023,847885
Nigeria,NGA,1951,711064
Nigeria,NGA,1952,722127
Nigeria,NGA,1953,723603
Nigeria,NGA,1954,736513
Nigeria,NGA,1955,759312
Nigeria,NGA,1956,780421
Nigeria,NGA,1957,801419
Nigeria,NGA,1958,807176
Nigeria,NGA,1959,837031
Nigeria,NGA,1960,892102
Nigeria,NGA,1961,935526
Nigeria,NGA,1962,975986
Nigeria,NGA,1963,1008277
Nigeria,NGA,1964,1038447
Nigeria,NGA,1965,1074739
Nigeria,NGA,1966,1101478
Nigeria,NGA,1967,1104825
Nigeria,NGA,1968,1139720
Nigeria,NGA,1969,1199132
Nigeria,NGA,1970,1261919
Nigeria,NGA,1971,1320852
Nigeria,NGA,1972,1387061
Nigeria,NGA,1973,1480389
Nigeria,NGA,1974,1597015
Nigeria,NGA,1975,1731668
Nigeria,NGA,1976,1847179
Nigeria,NGA,1977,1976590
Nigeria,NGA,1978,2091941
Nigeria,NGA,1979,2171710
Nigeria,NGA,1980,2266400
Nigeria,NGA,1981,2303475
Nigeria,NGA,1982,2310583
Nigeria,NGA,1983,2059558
Nigeria,NGA,1984,2088187
Nigeria,NGA,1985,2371529
Nigeria,NGA,1986,2337986
Nigeria,NGA,1987,2355759
Nigeria,NGA,1988,2428370
Nigeria,NGA,1989,2510934
Nigeria,NGA,1990,2589904
Nigeria,NGA,1991,2599235
Nigeria,NGA,1992,2652618
Nigeria,NGA,1993,2749296
Nigeria,NGA,1994,2813642
Nigeria,NGA,1995,2883713
Nigeria,NGA,1996,2935353
Nigeria,NGA,1997,3000007
Nigeria,NGA,1998,3091471
Nigeria,NGA,1999,3201063
Nigeria,NGA,2000,3335166
Nigeria,NGA,2001,3480104
Nigeria,NGA,2002,3609401
Nigeria,NGA,2003,3730651
Nigeria,NGA,2004,3854399
Nigeria,NGA,2005,3960211
Nigeria,NGA,2006,4060079
Nigeria,NGA,2007,4189919
Nigeria,NGA,2008,4327760
Nigeria,NGA,2009,4454452
Nigeria,NGA,2010,4593422
Nigeria,NGA,2011,4736714
Nigeria,NGA,2012,4821025
Nigeria,NGA,2013,4848813
Nigeria,NGA,2014,4847477
Nigeria,NGA,2015,4774966
Nigeria,NGA,2016,4771815
Nigeria,NGA,2017,4810882
Nigeria,NGA,2018,4684172
Nigeria,NGA,2019,4546885
Nigeria,NGA,2020,4510548
Nigeria,NGA,2021,4533101
Nigeria,NGA,2022,4621620
Nigeria,NGA,2023,4732043
Niue,NIU,1951,46
Niue,NIU,1952,16
Niue,NIU,1953,19
Niue,NIU,1954,20
Niue,NIU,1955,29
Niue,NIU,1956,41
Niue,NIU,1957,48
Niue,NIU,1958,47
Niue,NIU,1959,41
Niue,NIU,1960,21
Niue,NIU,1961,23
Niue,NIU,1962,75
Niue,NIU,1963,110
Niue,NIU,1964,95
Niue,NIU,1965,77
Niue,NIU,1966,32
Niue,NIU,1967,3
Niue,NIU,1968,-28
Niue,NIU,1969,-51
Niue,NIU,1970,-50
Niue,NIU,1971,-74
Niue,NIU,1972,-145
Niue,NIU,1973,-196
Niue,NIU,1974,-221
Niue,NIU,1975,-244
Niue,NIU,1976,-240
Niue,NIU,1977,-145
Niue,NIU,1978,-92
Niue,NIU,1979,-103
Niue,NIU,1980,-123
Niue,NIU,1981,-137
Niue,NIU,1982,-132
Niue,NIU,1983,-152
Niue,NIU,1984,-155
Niue,NIU,1985,-171
Niue,NIU,1986,-145
Niue,NIU,1987,-74
Niue,NIU,1988,-25
Niue,NIU,1989,-22
Niue,NIU,1990,-31
Niue,NIU,1991,-30
Niue,NIU,1992,-33
Niue,NIU,1993,-40
Niue,NIU,1994,-41
Niue,NIU,1995,-36
Niue,NIU,1996,-36
Niue,NIU,1997,-48
Niue,NIU,1998,-55
Niue,NIU,1999,-49
Niue,NIU,2000,-70
Niue,NIU,2001,-61
Niue,NIU,2002,-42
Niue,NIU,2003,-37
Niue,NIU,2004,-37
Niue,NIU,2005,-42
Niue,NIU,2006,-31
Niue,NIU,2007,-8
Niue,NIU,2008,-5
Niue,NIU,2009,-4
Niue,NIU,2010,-15
Niue,NIU,2011,-10
Niue,NIU,2012,8
Niue,NIU,2013,2
Niue,NIU,2014,6
Niue,NIU,2015,11
Niue,NIU,2016,3
Niue,NIU,2017,-3
Niue,NIU,2018,2
Niue,NIU,2019,9
Niue,NIU,2020,8
Niue,NIU,2021,14
Niue,NIU,2022,8
Niue,NIU,2023,-3
North Korea,PRK,1951,-533158
North Korea,PRK,1952,-329937
North Korea,PRK,1953,-76221
North Korea,PRK,1954,65388
North Korea,PRK,1955,160520
North Korea,PRK,1956,197060
North Korea,PRK,1957,254297
North Korea,PRK,1958,309068
North Korea,PRK,1959,289241
North Korea,PRK,1960,269958
North Korea,PRK,1961,267764
North Korea,PRK,1962,272172
North Korea,PRK,1963,304173
North Korea,PRK,1964,322715
North Korea,PRK,1965,329601
North Korea,PRK,1966,349724
North Korea,PRK,1967,389251
North Korea,PRK,1968,407251
North Korea,PRK,1969,402024
North Korea,PRK,1970,405152
North Korea,PRK,1971,399683
North Korea,PRK,1972,402605
North Korea,PRK,1973,375307
North Korea,PRK,1974,322752
North Korea,PRK,1975,297931
North Korea,PRK,1976,272400
North Korea,PRK,1977,249342
North Korea,PRK,1978,243203
North Korea,PRK,1979,247465
North Korea,PRK,1980,253318
North Korea,PRK,1981,264520
North Korea,PRK,1982,275056
North Korea,PRK,1983,277680
North Korea,PRK,1984,281010
North Korea,PRK,1985,285347
North Korea,PRK,1986,290460
North Korea,PRK,1987,294629
North Korea,PRK,1988,297676
North Korea,PRK,1989,301202
North Korea,PRK,1990,307771
North Korea,PRK,1991,316503
North Korea,PRK,1992,322275
North Korea,PRK,1993,322442
North Korea,PRK,1994,320613
North Korea,PRK,1995,275340
North Korea,PRK,1996,226446
North Korea,PRK,1997,215083
North Korea,PRK,1998,200734
North Korea,PRK,1999,186024
North Korea,PRK,2000,168315
North Korea,PRK,2001,149455
North Korea,PRK,2002,128611
North Korea,PRK,2003,146407
North Korea,PRK,2004,164564
North Korea,PRK,2005,141488
North Korea,PRK,2006,128074
North Korea,PRK,2007,121876
North Korea,PRK,2008,118236
North Korea,PRK,2009,113718
North Korea,PRK,2010,108919
North Korea,PRK,2011,110620
North Korea,PRK,2012,113860
North Korea,PRK,2013,117719
North Korea,PRK,2014,121807
North Korea,PRK,2015,124092
North Korea,PRK,2016,122970
North Korea,PRK,2017,119385
North Korea,PRK,2018,113443
North Korea,PRK,2019,106480
North Korea,PRK,2020,98679
North Korea,PRK,2021,96218
North Korea,PRK,2022,96313
North Korea,PRK,2023,89353
North Macedonia,MKD,1951,22357
North Macedonia,MKD,1952,23499
North Macedonia,MKD,1953,24932
North Macedonia,MKD,1954,20540
North Macedonia,MKD,1955,15670
North Macedonia,MKD,1956,15243
North Macedonia,MKD,1957,14335
North Macedonia,MKD,1958,14863
North Macedonia,MKD,1959,16959
North Macedonia,MKD,1960,17980
North Macedonia,MKD,1961,20115
North Macedonia,MKD,1962,16568
North Macedonia,MKD,1963,17002
North Macedonia,MKD,1964,22157
North Macedonia,MKD,1965,22569
North Macedonia,MKD,1966,23884
North Macedonia,MKD,1967,25148
North Macedonia,MKD,1968,26430
North Macedonia,MKD,1969,27423
North Macedonia,MKD,1970,27858
North Macedonia,MKD,1971,27010
North Macedonia,MKD,1972,26176
North Macedonia,MKD,1973,26425
North Macedonia,MKD,1974,26725
North Macedonia,MKD,1975,27422
North Macedonia,MKD,1976,27861
North Macedonia,MKD,1977,27314
North Macedonia,MKD,1978,26707
North Macedonia,MKD,1979,26670
North Macedonia,MKD,1980,26519
North Macedonia,MKD,1981,26028
North Macedonia,MKD,1982,19891
North Macedonia,MKD,1983,12940
North Macedonia,MKD,1984,11498
North Macedonia,MKD,1985,10934
North Macedonia,MKD,1986,10395
North Macedonia,MKD,1987,10432
North Macedonia,MKD,1988,10578
North Macedonia,MKD,1989,9911
North Macedonia,MKD,1990,8040
North Macedonia,MKD,1991,-7688
North Macedonia,MKD,1992,-23486
North Macedonia,MKD,1993,-25663
North Macedonia,MKD,1994,-14184
North Macedonia,MKD,1995,5862
North Macedonia,MKD,1996,14022
North Macedonia,MKD,1997,13211
North Macedonia,MKD,1998,11811
North Macedonia,MKD,1999,10513
North Macedonia,MKD,2000,9166
North Macedonia,MKD,2001,9046
North Macedonia,MKD,2002,8182
North Macedonia,MKD,2003,6935
North Macedonia,MKD,2004,5164
North Macedonia,MKD,2005,3228
North Macedonia,MKD,2006,-577
North Macedonia,MKD,2007,-7260
North Macedonia,MKD,2008,-11135
North Macedonia,MKD,2009,-10236
North Macedonia,MKD,2010,-9091
North Macedonia,MKD,2011,-11065
North Macedonia,MKD,2012,-13157
North Macedonia,MKD,2013,-14008
North Macedonia,MKD,2014,-15438
North Macedonia,MKD,2015,-17476
North Macedonia,MKD,2016,-19098
North Macedonia,MKD,2017,-20391
North Macedonia,MKD,2018,-21147
North Macedonia,MKD,2019,-22087
North Macedonia,MKD,2020,-25622
North Macedonia,MKD,2021,-20912
North Macedonia,MKD,2022,-10873
North Macedonia,MKD,2023,-8436
Northern America (UN),UN_NAM,1951,2621271
Northern America (UN),UN_NAM,1952,2713495
Northern America (UN),UN_NAM,1953,2790357
Northern America (UN),UN_NAM,1954,2890373
Northern America (UN),UN_NAM,1955,2974340
Northern America (UN),UN_NAM,1956,3057743
Northern America (UN),UN_NAM,1957,3157531
Northern America (UN),UN_NAM,1958,3180482
Northern America (UN),UN_NAM,1959,3343684
Northern America (UN),UN_NAM,1960,3514025
Northern America (UN),UN_NAM,1961,3581441
Northern America (UN),UN_NAM,1962,3587668
Northern America (UN),UN_NAM,1963,3454041
Northern America (UN),UN_NAM,1964,3354105
Northern America (UN),UN_NAM,1965,3200640
Northern America (UN),UN_NAM,1966,2982354
Northern America (UN),UN_NAM,1967,2792106
Northern America (UN),UN_NAM,1968,2638852
Northern America (UN),UN_NAM,1969,2594790
Northern America (UN),UN_NAM,1970,2900947
Northern America (UN),UN_NAM,1971,3087362
Northern America (UN),UN_NAM,1972,2752380
Northern America (UN),UN_NAM,1973,2446274
Northern America (UN),UN_NAM,1974,2382613
Northern America (UN),UN_NAM,1975,2378405
Northern America (UN),UN_NAM,1976,2346783
Northern America (UN),UN_NAM,1977,2365533
Northern America (UN),UN_NAM,1978,2385218
Northern America (UN),UN_NAM,1979,2437563
Northern America (UN),UN_NAM,1980,2580666
Northern America (UN),UN_NAM,1981,2655071
Northern America (UN),UN_NAM,1982,2677732
Northern America (UN),UN_NAM,1983,2676714
Northern America (UN),UN_NAM,1984,2626452
Northern America (UN),UN_NAM,1985,2594589
Northern America (UN),UN_NAM,1986,2547841
Northern America (UN),UN_NAM,1987,2538302
Northern America (UN),UN_NAM,1988,2619943
Northern America (UN),UN_NAM,1989,2720862
Northern America (UN),UN_NAM,1990,3122484
Northern America (UN),UN_NAM,1991,3466288
Northern America (UN),UN_NAM,1992,3477973
Northern America (UN),UN_NAM,1993,3358224
Northern America (UN),UN_NAM,1994,3158696
Northern America (UN),UN_NAM,1995,3043171
Northern America (UN),UN_NAM,1996,2963412
Northern America (UN),UN_NAM,1997,2899653
Northern America (UN),UN_NAM,1998,2922663
Northern America (UN),UN_NAM,1999,2936043
Northern America (UN),UN_NAM,2000,2991487
Northern America (UN),UN_NAM,2001,3117782
Northern America (UN),UN_NAM,2002,3127127
Northern America (UN),UN_NAM,2003,3125053
Northern America (UN),UN_NAM,2004,3174613
Northern America (UN),UN_NAM,2005,3238048
Northern America (UN),UN_NAM,2006,3332554
Northern America (UN),UN_NAM,2007,3447077
Northern America (UN),UN_NAM,2008,3483176
Northern America (UN),UN_NAM,2009,3430530
Northern America (UN),UN_NAM,2010,3410104
Northern America (UN),UN_NAM,2011,3401061
Northern America (UN),UN_NAM,2012,3377176
Northern America (UN),UN_NAM,2013,3365971
Northern America (UN),UN_NAM,2014,3345037
Northern America (UN),UN_NAM,2015,3338868
Northern America (UN),UN_NAM,2016,3444047
Northern America (UN),UN_NAM,2017,3480514
Northern America (UN),UN_NAM,2018,3338595
Northern America (UN),UN_NAM,2019,3221751
Northern America (UN),UN_NAM,2020,2035281
Northern America (UN),UN_NAM,2021,1007621
Northern America (UN),UN_NAM,2022,1739797
Northern America (UN),UN_NAM,2023,2420971
Northern Mariana Islands,MNP,1951,126
Northern Mariana Islands,MNP,1952,95
Northern Mariana Islands,MNP,1953,111
Northern Mariana Islands,MNP,1954,128
Northern Mariana Islands,MNP,1955,159
Northern Mariana Islands,MNP,1956,170
Northern Mariana Islands,MNP,1957,176
Northern Mariana Islands,MNP,1958,205
Northern Mariana Islands,MNP,1959,213
Northern Mariana Islands,MNP,1960,246
Northern Mariana Islands,MNP,1961,257
Northern Mariana Islands,MNP,1962,284
Northern Mariana Islands,MNP,1963,316
Northern Mariana Islands,MNP,1964,330
Northern Mariana Islands,MNP,1965,329
Northern Mariana Islands,MNP,1966,360
Northern Mariana Islands,MNP,1967,133
Northern Mariana Islands,MNP,1968,-278
Northern Mariana Islands,MNP,1969,-485
Northern Mariana Islands,MNP,1970,187
Northern Mariana Islands,MNP,1971,1095
Northern Mariana Islands,MNP,1972,1371
Northern Mariana Islands,MNP,1973,1246
Northern Mariana Islands,MNP,1974,772
Northern Mariana Islands,MNP,1975,406
Northern Mariana Islands,MNP,1976,373
Northern Mariana Islands,MNP,1977,357
Northern Mariana Islands,MNP,1978,337
Northern Mariana Islands,MNP,1979,358
Northern Mariana Islands,MNP,1980,1137
Northern Mariana Islands,MNP,1981,2202
Northern Mariana Islands,MNP,1982,2527
Northern Mariana Islands,MNP,1983,2586
Northern Mariana Islands,MNP,1984,2638
Northern Mariana Islands,MNP,1985,2683
Northern Mariana Islands,MNP,1986,2720
Northern Mariana Islands,MNP,1987,2754
Northern Mariana Islands,MNP,1988,2783
Northern Mariana Islands,MNP,1989,2789
Northern Mariana Islands,MNP,1990,2037
Northern Mariana Islands,MNP,1991,1048
Northern Mariana Islands,MNP,1992,792
Northern Mariana Islands,MNP,1993,769
Northern Mariana Islands,MNP,1994,779
Northern Mariana Islands,MNP,1995,1440
Northern Mariana Islands,MNP,1996,3532
Northern Mariana Islands,MNP,1997,4886
Northern Mariana Islands,MNP,1998,4746
Northern Mariana Islands,MNP,1999,4577
Northern Mariana Islands,MNP,2000,2441
Northern Mariana Islands,MNP,2001,-371
Northern Mariana Islands,MNP,2002,-1203
Northern Mariana Islands,MNP,2003,-1362
Northern Mariana Islands,MNP,2004,-1490
Northern Mariana Islands,MNP,2005,-1576
Northern Mariana Islands,MNP,2006,-1684
Northern Mariana Islands,MNP,2007,-1728
Northern Mariana Islands,MNP,2008,-1797
Northern Mariana Islands,MNP,2009,-1817
Northern Mariana Islands,MNP,2010,-1236
Northern Mariana Islands,MNP,2011,-477
Northern Mariana Islands,MNP,2012,-382
Northern Mariana Islands,MNP,2013,-474
Northern Mariana Islands,MNP,2014,-578
Northern Mariana Islands,MNP,2015,-661
Northern Mariana Islands,MNP,2016,-743
Northern Mariana Islands,MNP,2017,-814
Northern Mariana Islands,MNP,2018,-883
Northern Mariana Islands,MNP,2019,-944
Northern Mariana Islands,MNP,2020,-597
Northern Mariana Islands,MNP,2021,-554
Northern Mariana Islands,MNP,2022,-902
Northern Mariana Islands,MNP,2023,-935
Norway,NOR,1951,30765
Norway,NOR,1952,31875
Norway,NOR,1953,33191
Norway,NOR,1954,33367
Norway,NOR,1955,34135
Norway,NOR,1956,32542
Norway,NOR,1957,30906
Norway,NOR,1958,31027
Norway,NOR,1959,29821
Norway,NOR,1960,28291
Norway,NOR,1961,28542
Norway,NOR,1962,29180
Norway,NOR,1963,27656
Norway,NOR,1964,27822
Norway,NOR,1965,28854
Norway,NOR,1966,29615
Norway,NOR,1967,31323
Norway,NOR,1968,31978
Norway,NOR,1969,31215
Norway,NOR,1970,28047
Norway,NOR,1971,27403
Norway,NOR,1972,30159
Norway,NOR,1973,27684
Norway,NOR,1974,24686
Norway,NOR,1975,22085
Norway,NOR,1976,18851
Norway,NOR,1977,17040
Norway,NOR,1978,15409
Norway,NOR,1979,13831
Norway,NOR,1980,13104
Norway,NOR,1981,14072
Norway,NOR,1982,15067
Norway,NOR,1983,13590
Norway,NOR,1984,11638
Norway,NOR,1985,12429
Norway,NOR,1986,14853
Norway,NOR,1987,19566
Norway,NOR,1988,22652
Norway,NOR,1989,17444
Norway,NOR,1990,14526
Norway,NOR,1991,20178
Norway,NOR,1992,24637
Norway,NOR,1993,25609
Norway,NOR,1994,24603
Norway,NOR,1995,22524
Norway,NOR,1996,22146
Norway,NOR,1997,23851
Norway,NOR,1998,26320
Norway,NOR,1999,30481
Norway,NOR,2000,29075
Norway,NOR,2001,22786
Norway,NOR,2002,24366
Norway,NOR,2003,26650
Norway,NOR,2004,27073
Norway,NOR,2005,31381
Norway,NOR,2006,37367
Norway,NOR,2007,48530
Norway,NOR,2008,59080
Norway,NOR,2009,60528
Norway,NOR,2010,60535
Norway,NOR,2011,63809
Norway,NOR,2012,65484
Norway,NOR,2013,61673
Norway,NOR,2014,57271
Norway,NOR,2015,52380
Norway,NOR,2016,46197
Norway,NOR,2017,40833
Norway,NOR,2018,34944
Norway,NOR,2019,35982
Norway,NOR,2020,31542
Norway,NOR,2021,28807
Norway,NOR,2022,48714
Norway,NOR,2023,62371
Oceania (UN),UN_OCE,1951,332988
Oceania (UN),UN_OCE,1952,313929
Oceania (UN),UN_OCE,1953,298094
Oceania (UN),UN_OCE,1954,297256
Oceania (UN),UN_OCE,1955,320794
Oceania (UN),UN_OCE,1956,339349
Oceania (UN),UN_OCE,1957,340782
Oceania (UN),UN_OCE,1958,340644
Oceania (UN),UN_OCE,1959,344015
Oceania (UN),UN_OCE,1960,352413
Oceania (UN),UN_OCE,1961,354210
Oceania (UN),UN_OCE,1962,344073
Oceania (UN),UN_OCE,1963,343664
Oceania (UN),UN_OCE,1964,350065
Oceania (UN),UN_OCE,1965,362558
Oceania (UN),UN_OCE,1966,368838
Oceania (UN),UN_OCE,1967,346148
Oceania (UN),UN_OCE,1968,338004
Oceania (UN),UN_OCE,1969,363573
Oceania (UN),UN_OCE,1970,460380
Oceania (UN),UN_OCE,1971,541916
Oceania (UN),UN_OCE,1972,458060
Oceania (UN),UN_OCE,1973,372048
Oceania (UN),UN_OCE,1974,362063
Oceania (UN),UN_OCE,1975,327661
Oceania (UN),UN_OCE,1976,286568
Oceania (UN),UN_OCE,1977,272132
Oceania (UN),UN_OCE,1978,268866
Oceania (UN),UN_OCE,1979,270251
Oceania (UN),UN_OCE,1980,300755
Oceania (UN),UN_OCE,1981,353023
Oceania (UN),UN_OCE,1982,383151
Oceania (UN),UN_OCE,1983,373835
Oceania (UN),UN_OCE,1984,356585
Oceania (UN),UN_OCE,1985,356513
Oceania (UN),UN_OCE,1986,372259
Oceania (UN),UN_OCE,1987,394732
Oceania (UN),UN_OCE,1988,411861
Oceania (UN),UN_OCE,1989,420585
Oceania (UN),UN_OCE,1990,462350
Oceania (UN),UN_OCE,1991,475950
Oceania (UN),UN_OCE,1992,431339
Oceania (UN),UN_OCE,1993,407726
Oceania (UN),UN_OCE,1994,418701
Oceania (UN),UN_OCE,1995,452183
Oceania (UN),UN_OCE,1996,473420
Oceania (UN),UN_OCE,1997,465933
Oceania (UN),UN_OCE,1998,455481
Oceania (UN),UN_OCE,1999,460035
Oceania (UN),UN_OCE,2000,472830
Oceania (UN),UN_OCE,2001,494262
Oceania (UN),UN_OCE,2002,518798
Oceania (UN),UN_OCE,2003,528536
Oceania (UN),UN_OCE,2004,524521
Oceania (UN),UN_OCE,2005,537109
Oceania (UN),UN_OCE,2006,584177
Oceania (UN),UN_OCE,2007,649669
Oceania (UN),UN_OCE,2008,700330
Oceania (UN),UN_OCE,2009,703175
Oceania (UN),UN_OCE,2010,660558
Oceania (UN),UN_OCE,2011,636004
Oceania (UN),UN_OCE,2012,660406
Oceania (UN),UN_OCE,2013,683421
Oceania (UN),UN_OCE,2014,684845
Oceania (UN),UN_OCE,2015,696243
Oceania (UN),UN_OCE,2016,732233
Oceania (UN),UN_OCE,2017,746736
Oceania (UN),UN_OCE,2018,721506
Oceania (UN),UN_OCE,2019,689028
Oceania (UN),UN_OCE,2020,574789
Oceania (UN),UN_OCE,2021,479238
Oceania (UN),UN_OCE,2022,491137
Oceania (UN),UN_OCE,2023,513443
Oman,OMN,1951,5763
Oman,OMN,1952,6071
Oman,OMN,1953,6332
Oman,OMN,1954,6663
Oman,OMN,1955,6985
Oman,OMN,1956,7364
Oman,OMN,1957,7811
Oman,OMN,1958,8355
Oman,OMN,1959,8979
Oman,OMN,1960,9169
Oman,OMN,1961,9370
Oman,OMN,1962,10092
Oman,OMN,1963,10881
Oman,OMN,1964,11754
Oman,OMN,1965,12659
Oman,OMN,1966,13570
Oman,OMN,1967,14503
Oman,OMN,1968,15483
Oman,OMN,1969,16461
Oman,OMN,1970,17429
Oman,OMN,1971,18434
Oman,OMN,1972,19466
Oman,OMN,1973,20591
Oman,OMN,1974,25813
Oman,OMN,1975,31876
Oman,OMN,1976,35832
Oman,OMN,1977,40613
Oman,OMN,1978,44996
Oman,OMN,1979,48810
Oman,OMN,1980,52126
Oman,OMN,1981,56078
Oman,OMN,1982,60360
Oman,OMN,1983,63778
Oman,OMN,1984,66259
Oman,OMN,1985,77766
Oman,OMN,1986,87935
Oman,OMN,1987,87582
Oman,OMN,1988,87567
Oman,OMN,1989,87661
Oman,OMN,1990,87723
Oman,OMN,1991,87519
Oman,OMN,1992,86764
Oman,OMN,1993,83437
Oman,OMN,1994,60162
Oman,OMN,1995,38692
Oman,OMN,1996,36394
Oman,OMN,1997,33801
Oman,OMN,1998,31766
Oman,OMN,1999,30418
Oman,OMN,2000,29229
Oman,OMN,2001,28084
Oman,OMN,2002,26921
Oman,OMN,2003,26657
Oman,OMN,2004,41021
Oman,OMN,2005,54986
Oman,OMN,2006,54986
Oman,OMN,2007,55381
Oman,OMN,2008,56361
Oman,OMN,2009,58129
Oman,OMN,2010,72785
Oman,OMN,2011,319312
Oman,OMN,2012,470342
Oman,OMN,2013,286811
Oman,OMN,2014,168529
Oman,OMN,2015,182454
Oman,OMN,2016,205982
Oman,OMN,2017,146517
Oman,OMN,2018,60481
Oman,OMN,2019,-6630
Oman,OMN,2020,-68746
Oman,OMN,2021,-22073
Oman,OMN,2022,229800
Oman,OMN,2023,319038
Pakistan,PAK,1951,732650
Pakistan,PAK,1952,795099
Pakistan,PAK,1953,852656
Pakistan,PAK,1954,907411
Pakistan,PAK,1955,960996
Pakistan,PAK,1956,1015859
Pakistan,PAK,1957,1071215
Pakistan,PAK,1958,1126916
Pakistan,PAK,1959,1183106
Pakistan,PAK,1960,1214150
Pakistan,PAK,1961,1211963
Pakistan,PAK,1962,1234853
Pakistan,PAK,1963,1291650
Pakistan,PAK,1964,1352215
Pakistan,PAK,1965,1409020
Pakistan,PAK,1966,1469656
Pakistan,PAK,1967,1536101
Pakistan,PAK,1968,1595740
Pakistan,PAK,1969,1650433
Pakistan,PAK,1970,1705776
Pakistan,PAK,1971,1681175
Pakistan,PAK,1972,1735296
Pakistan,PAK,1973,1878720
Pakistan,PAK,1974,1953575
Pakistan,PAK,1975,2045692
Pakistan,PAK,1976,2159070
Pakistan,PAK,1977,2281582
Pakistan,PAK,1978,2405550
Pakistan,PAK,1979,2689659
Pakistan,PAK,1980,3293968
Pakistan,PAK,1981,3511040
Pakistan,PAK,1982,3287199
Pakistan,PAK,1983,3138464
Pakistan,PAK,1984,2937229
Pakistan,PAK,1985,3064351
Pakistan,PAK,1986,3377479
Pakistan,PAK,1987,3523940
Pakistan,PAK,1988,3594030
Pakistan,PAK,1989,3611894
Pakistan,PAK,1990,3818950
Pakistan,PAK,1991,3904825
Pakistan,PAK,1992,3486446
Pakistan,PAK,1993,3473262
Pakistan,PAK,1994,3727959
Pakistan,PAK,1995,3834179
Pakistan,PAK,1996,3974834
Pakistan,PAK,1997,3974712
Pakistan,PAK,1998,3990553
Pakistan,PAK,1999,4043027
Pakistan,PAK,2000,4313743
Pakistan,PAK,2001,4391786
Pakistan,PAK,2002,3951642
Pakistan,PAK,2003,3887698
Pakistan,PAK,2004,4175749
Pakistan,PAK,2005,4167213
Pakistan,PAK,2006,4229478
Pakistan,PAK,2007,4810541
Pakistan,PAK,2008,5005881
Pakistan,PAK,2009,4877423
Pakistan,PAK,2010,4862513
Pakistan,PAK,2011,4507021
Pakistan,PAK,2012,3921060
Pakistan,PAK,2013,3406850
Pakistan,PAK,2014,3190670
Pakistan,PAK,2015,3026235
Pakistan,PAK,2016,2847979
Pakistan,PAK,2017,3135111
Pakistan,PAK,2018,3654919
Pakistan,PAK,2019,3872015
Pakistan,PAK,2020,4200837
Pakistan,PAK,2021,4476060
Pakistan,PAK,2022,4222862
Pakistan,PAK,2023,3803838
Palau,PLW,1951,185
Palau,PLW,1952,159
Palau,PLW,1953,190
Palau,PLW,1954,203
Palau,PLW,1955,208
Palau,PLW,1956,175
Palau,PLW,1957,157
Palau,PLW,1958,153
Palau,PLW,1959,201
Palau,PLW,1960,224
Palau,PLW,1961,232
Palau,PLW,1962,234
Palau,PLW,1963,245
Palau,PLW,1964,253
Palau,PLW,1965,254
Palau,PLW,1966,258
Palau,PLW,1967,187
Palau,PLW,1968,92
Palau,PLW,1969,78
Palau,PLW,1970,211
Palau,PLW,1971,390
Palau,PLW,1972,433
Palau,PLW,1973,361
Palau,PLW,1974,134
Palau,PLW,1975,-36
Palau,PLW,1976,-53
Palau,PLW,1977,-74
Palau,PLW,1978,-83
Palau,PLW,1979,-106
Palau,PLW,1980,-63
Palau,PLW,1981,127
Palau,PLW,1982,298
Palau,PLW,1983,307
Palau,PLW,1984,331
Palau,PLW,1985,353
Palau,PLW,1986,332
Palau,PLW,1987,313
Palau,PLW,1988,307
Palau,PLW,1989,305
Palau,PLW,1990,313
Palau,PLW,1991,353
Palau,PLW,1992,382
Palau,PLW,1993,380
Palau,PLW,1994,399
Palau,PLW,1995,421
Palau,PLW,1996,466
Palau,PLW,1997,443
Palau,PLW,1998,422
Palau,PLW,1999,378
Palau,PLW,2000,280
Palau,PLW,2001,173
Palau,PLW,2002,148
Palau,PLW,2003,156
Palau,PLW,2004,158
Palau,PLW,2005,-4
Palau,PLW,2006,-221
Palau,PLW,2007,-292
Palau,PLW,2008,-293
Palau,PLW,2009,-295
Palau,PLW,2010,-316
Palau,PLW,2011,-321
Palau,PLW,2012,-308
Palau,PLW,2013,-121
Palau,PLW,2014,70
Palau,PLW,2015,51
Palau,PLW,2016,33
Palau,PLW,2017,14
Palau,PLW,2018,5
Palau,PLW,2019,-22
Palau,PLW,2020,-4
Palau,PLW,2021,-8
Palau,PLW,2022,-25
Palau,PLW,2023,-33
Palestine,PSE,1951,8317
Palestine,PSE,1952,9362
Palestine,PSE,1953,10358
Palestine,PSE,1954,11354
Palestine,PSE,1955,12369
Palestine,PSE,1956,13364
Palestine,PSE,1957,14383
Palestine,PSE,1958,15394
Palestine,PSE,1959,16368
Palestine,PSE,1960,17179
Palestine,PSE,1961,17856
Palestine,PSE,1962,18409
Palestine,PSE,1963,18126
Palestine,PSE,1964,13203
Palestine,PSE,1965,6636
Palestine,PSE,1966,-907
Palestine,PSE,1967,-10583
Palestine,PSE,1968,-14067
Palestine,PSE,1969,-8667
Palestine,PSE,1970,3199
Palestine,PSE,1971,17829
Palestine,PSE,1972,30639
Palestine,PSE,1973,37508
Palestine,PSE,1974,38872
Palestine,PSE,1975,38188
Palestine,PSE,1976,37077
Palestine,PSE,1977,36322
Palestine,PSE,1978,36781
Palestine,PSE,1979,38621
Palestine,PSE,1980,40936
Palestine,PSE,1981,43652
Palestine,PSE,1982,48285
Palestine,PSE,1983,57785
Palestine,PSE,1984,69833
Palestine,PSE,1985,56649
Palestine,PSE,1986,44053
Palestine,PSE,1987,87449
Palestine,PSE,1988,100547
Palestine,PSE,1989,78306
Palestine,PSE,1990,83448
Palestine,PSE,1991,89890
Palestine,PSE,1992,95743
Palestine,PSE,1993,100368
Palestine,PSE,1994,104098
Palestine,PSE,1995,107390
Palestine,PSE,1996,110276
Palestine,PSE,1997,112751
Palestine,PSE,1998,103314
Palestine,PSE,1999,93361
Palestine,PSE,2000,95544
Palestine,PSE,2001,90486
Palestine,PSE,2002,80083
Palestine,PSE,2003,75702
Palestine,PSE,2004,77107
Palestine,PSE,2005,82228
Palestine,PSE,2006,87690
Palestine,PSE,2007,91598
Palestine,PSE,2008,92345
Palestine,PSE,2009,92206
Palestine,PSE,2010,95673
Palestine,PSE,2011,98994
Palestine,PSE,2012,99406
Palestine,PSE,2013,99945
Palestine,PSE,2014,100624
Palestine,PSE,2015,105677
Palestine,PSE,2016,111179
Palestine,PSE,2017,110004
Palestine,PSE,2018,107846
Palestine,PSE,2019,107180
Palestine,PSE,2020,111919
Palestine,PSE,2021,115649
Palestine,PSE,2022,119933
Palestine,PSE,2023,103927
Panama,PAN,1951,21158
Panama,PAN,1952,22447
Panama,PAN,1953,23743
Panama,PAN,1954,24889
Panama,PAN,1955,25879
Panama,PAN,1956,26906
Panama,PAN,1957,28038
Panama,PAN,1958,29253
Panama,PAN,1959,30636
Panama,PAN,1960,32200
Panama,PAN,1961,33876
Panama,PAN,1962,35431
Panama,PAN,1963,36825
Panama,PAN,1964,37932
Panama,PAN,1965,38772
Panama,PAN,1966,39550
Panama,PAN,1967,40240
Panama,PAN,1968,40822
Panama,PAN,1969,41436
Panama,PAN,1970,42183
Panama,PAN,1971,43008
Panama,PAN,1972,43642
Panama,PAN,1973,43975
Panama,PAN,1974,44236
Panama,PAN,1975,44461
Panama,PAN,1976,44550
Panama,PAN,1977,44607
Panama,PAN,1978,44767
Panama,PAN,1979,45238
Panama,PAN,1980,45988
Panama,PAN,1981,46881
Panama,PAN,1982,47854
Panama,PAN,1983,48829
Panama,PAN,1984,49674
Panama,PAN,1985,50140
Panama,PAN,1986,50410
Panama,PAN,1987,50648
Panama,PAN,1988,50877
Panama,PAN,1989,50965
Panama,PAN,1990,51767
Panama,PAN,1991,52685
Panama,PAN,1992,53069
Panama,PAN,1993,53757
Panama,PAN,1994,54446
Panama,PAN,1995,55010
Panama,PAN,1996,55673
Panama,PAN,1997,56474
Panama,PAN,1998,57216
Panama,PAN,1999,57902
Panama,PAN,2000,58556
Panama,PAN,2001,59169
Panama,PAN,2002,59798
Panama,PAN,2003,60470
Panama,PAN,2004,61345
Panama,PAN,2005,61866
Panama,PAN,2006,62000
Panama,PAN,2007,62466
Panama,PAN,2008,63156
Panama,PAN,2009,63737
Panama,PAN,2010,64154
Panama,PAN,2011,64972
Panama,PAN,2012,65752
Panama,PAN,2013,66072
Panama,PAN,2014,66767
Panama,PAN,2015,67934
Panama,PAN,2016,69051
Panama,PAN,2017,69619
Panama,PAN,2018,69156
Panama,PAN,2019,66838
Panama,PAN,2020,58560
Panama,PAN,2021,52152
Panama,PAN,2022,55365
Panama,PAN,2023,57983
Papua New Guinea,PNG,1951,31487
Papua New Guinea,PNG,1952,34617
Papua New Guinea,PNG,1953,40691
Papua New Guinea,PNG,1954,43269
Papua New Guinea,PNG,1955,45715
Papua New Guinea,PNG,1956,48226
Papua New Guinea,PNG,1957,50065
Papua New Guinea,PNG,1958,51458
Papua New Guinea,PNG,1959,52536
Papua New Guinea,PNG,1960,53610
Papua New Guinea,PNG,1961,51018
Papua New Guinea,PNG,1962,47793
Papua New Guinea,PNG,1963,47454
Papua New Guinea,PNG,1964,46952
Papua New Guinea,PNG,1965,47498
Papua New Guinea,PNG,1966,49955
Papua New Guinea,PNG,1967,51757
Papua New Guinea,PNG,1968,53270
Papua New Guinea,PNG,1969,56120
Papua New Guinea,PNG,1970,58700
Papua New Guinea,PNG,1971,60797
Papua New Guinea,PNG,1972,62007
Papua New Guinea,PNG,1973,62203
Papua New Guinea,PNG,1974,62040
Papua New Guinea,PNG,1975,62148
Papua New Guinea,PNG,1976,62510
Papua New Guinea,PNG,1977,62994
Papua New Guinea,PNG,1978,63387
Papua New Guinea,PNG,1979,63632
Papua New Guinea,PNG,1980,64166
Papua New Guinea,PNG,1981,65514
Papua New Guinea,PNG,1982,67271
Papua New Guinea,PNG,1983,69341
Papua New Guinea,PNG,1984,71558
Papua New Guinea,PNG,1985,73745
Papua New Guinea,PNG,1986,75857
Papua New Guinea,PNG,1987,77744
Papua New Guinea,PNG,1988,79348
Papua New Guinea,PNG,1989,84194
Papua New Guinea,PNG,1990,100394
Papua New Guinea,PNG,1991,125358
Papua New Guinea,PNG,1992,144862
Papua New Guinea,PNG,1993,154178
Papua New Guinea,PNG,1994,159330
Papua New Guinea,PNG,1995,164072
Papua New Guinea,PNG,1996,169081
Papua New Guinea,PNG,1997,174524
Papua New Guinea,PNG,1998,178503
Papua New Guinea,PNG,1999,182943
Papua New Guinea,PNG,2000,187735
Papua New Guinea,PNG,2001,191376
Papua New Guinea,PNG,2002,195566
Papua New Guinea,PNG,2003,199995
Papua New Guinea,PNG,2004,204037
Papua New Guinea,PNG,2005,207863
Papua New Guinea,PNG,2006,211819
Papua New Guinea,PNG,2007,215629
Papua New Guinea,PNG,2008,219649
Papua New Guinea,PNG,2009,223440
Papua New Guinea,PNG,2010,227082
Papua New Guinea,PNG,2011,225825
Papua New Guinea,PNG,2012,222047
Papua New Guinea,PNG,2013,221304
Papua New Guinea,PNG,2014,220740
Papua New Guinea,PNG,2015,219807
Papua New Guinea,PNG,2016,218470
Papua New Guinea,PNG,2017,217000
Papua New Guinea,PNG,2018,215801
Papua New Guinea,PNG,2019,214496
Papua New Guinea,PNG,2020,206729
Papua New Guinea,PNG,2021,197155
Papua New Guinea,PNG,2022,190279
Papua New Guinea,PNG,2023,186461
Paraguay,PRY,1951,33595
Paraguay,PRY,1952,34662
Paraguay,PRY,1953,35700
Paraguay,PRY,1954,36624
Paraguay,PRY,1955,37361
Paraguay,PRY,1956,38125
Paraguay,PRY,1957,39072
Paraguay,PRY,1958,40163
Paraguay,PRY,1959,41319
Paraguay,PRY,1960,42545
Paraguay,PRY,1961,43884
Paraguay,PRY,1962,45735
Paraguay,PRY,1963,48777
Paraguay,PRY,1964,51208
Paraguay,PRY,1965,52058
Paraguay,PRY,1966,52411
Paraguay,PRY,1967,52402
Paraguay,PRY,1968,52402
Paraguay,PRY,1969,52604
Paraguay,PRY,1970,53032
Paraguay,PRY,1971,54510
Paraguay,PRY,1972,57345
Paraguay,PRY,1973,61218
Paraguay,PRY,1974,64519
Paraguay,PRY,1975,66027
Paraguay,PRY,1976,67195
Paraguay,PRY,1977,69032
Paraguay,PRY,1978,71392
Paraguay,PRY,1979,74699
Paraguay,PRY,1980,79272
Paraguay,PRY,1981,84372
Paraguay,PRY,1982,88584
Paraguay,PRY,1983,91880
Paraguay,PRY,1984,94864
Paraguay,PRY,1985,97739
Paraguay,PRY,1986,100796
Paraguay,PRY,1987,103418
Paraguay,PRY,1988,105659
Paraguay,PRY,1989,107251
Paraguay,PRY,1990,107950
Paraguay,PRY,1991,108618
Paraguay,PRY,1992,109238
Paraguay,PRY,1993,109098
Paraguay,PRY,1994,108717
Paraguay,PRY,1995,108380
Paraguay,PRY,1996,107737
Paraguay,PRY,1997,106875
Paraguay,PRY,1998,105613
Paraguay,PRY,1999,103111
Paraguay,PRY,2000,97736
Paraguay,PRY,2001,86815
Paraguay,PRY,2002,73644
Paraguay,PRY,2003,65103
Paraguay,PRY,2004,61744
Paraguay,PRY,2005,59919
Paraguay,PRY,2006,57045
Paraguay,PRY,2007,54240
Paraguay,PRY,2008,54192
Paraguay,PRY,2009,57666
Paraguay,PRY,2010,66730
Paraguay,PRY,2011,76659
Paraguay,PRY,2012,82379
Paraguay,PRY,2013,85436
Paraguay,PRY,2014,87372
Paraguay,PRY,2015,89287
Paraguay,PRY,2016,90023
Paraguay,PRY,2017,89529
Paraguay,PRY,2018,88724
Paraguay,PRY,2019,87677
Paraguay,PRY,2020,88682
Paraguay,PRY,2021,80443
Paraguay,PRY,2022,76276
Paraguay,PRY,2023,83690
Peru,PER,1951,216206
Peru,PER,1952,223050
Peru,PER,1953,228237
Peru,PER,1954,234407
Peru,PER,1955,242701
Peru,PER,1956,251456
Peru,PER,1957,260400
Peru,PER,1958,269778
Peru,PER,1959,280007
Peru,PER,1960,290472
Peru,PER,1961,300998
Peru,PER,1962,309489
Peru,PER,1963,317480
Peru,PER,1964,325893
Peru,PER,1965,333103
Peru,PER,1966,340209
Peru,PER,1967,347515
Peru,PER,1968,355170
Peru,PER,1969,362771
Peru,PER,1970,334481
Peru,PER,1971,336832
Peru,PER,1972,372078
Peru,PER,1973,372717
Peru,PER,1974,373690
Peru,PER,1975,377401
Peru,PER,1976,382859
Peru,PER,1977,392994
Peru,PER,1978,406253
Peru,PER,1979,417082
Peru,PER,1980,427812
Peru,PER,1981,437848
Peru,PER,1982,447703
Peru,PER,1983,459455
Peru,PER,1984,468756
Peru,PER,1985,473495
Peru,PER,1986,468915
Peru,PER,1987,465198
Peru,PER,1988,472379
Peru,PER,1989,477883
Peru,PER,1990,482185
Peru,PER,1991,469012
Peru,PER,1992,462561
Peru,PER,1993,467438
Peru,PER,1994,467714
Peru,PER,1995,467425
Peru,PER,1996,462252
Peru,PER,1997,462975
Peru,PER,1998,463952
Peru,PER,1999,448398
Peru,PER,2000,411829
Peru,PER,2001,366282
Peru,PER,2002,323601
Peru,PER,2003,292274
Peru,PER,2004,271705
Peru,PER,2005,248985
Peru,PER,2006,223313
Peru,PER,2007,206216
Peru,PER,2008,188334
Peru,PER,2009,177781
Peru,PER,2010,189202
Peru,PER,2011,218062
Peru,PER,2012,246284
Peru,PER,2013,267541
Peru,PER,2014,297917
Peru,PER,2015,341773
Peru,PER,2016,408899
Peru,PER,2017,458142
Peru,PER,2018,572951
Peru,PER,2019,551712
Peru,PER,2020,389275
Peru,PER,2021,317306
Peru,PER,2022,319553
Peru,PER,2023,370180
Philippines,PHL,1951,718551
Philippines,PHL,1952,760670
Philippines,PHL,1953,803749
Philippines,PHL,1954,850002
Philippines,PHL,1955,898064
Philippines,PHL,1956,945240
Philippines,PHL,1957,990048
Philippines,PHL,1958,1026669
Philippines,PHL,1959,1065087
Philippines,PHL,1960,984288
Philippines,PHL,1961,900720
Philippines,PHL,1962,930915
Philippines,PHL,1963,951198
Philippines,PHL,1964,968305
Philippines,PHL,1965,982290
Philippines,PHL,1966,991843
Philippines,PHL,1967,1004155
Philippines,PHL,1968,1017012
Philippines,PHL,1969,1022457
Philippines,PHL,1970,961408
Philippines,PHL,1971,896453
Philippines,PHL,1972,889904
Philippines,PHL,1973,885566
Philippines,PHL,1974,880212
Philippines,PHL,1975,946492
Philippines,PHL,1976,1080656
Philippines,PHL,1977,1166479
Philippines,PHL,1978,1207321
Philippines,PHL,1979,1231818
Philippines,PHL,1980,1236640
Philippines,PHL,1981,1267986
Philippines,PHL,1982,1383985
Philippines,PHL,1983,1498909
Philippines,PHL,1984,1531563
Philippines,PHL,1985,1486820
Philippines,PHL,1986,1432076
Philippines,PHL,1987,1512413
Philippines,PHL,1988,1581560
Philippines,PHL,1989,1526203
Philippines,PHL,1990,1589409
Philippines,PHL,1991,1527581
Philippines,PHL,1992,1543881
Philippines,PHL,1993,1604491
Philippines,PHL,1994,1488676
Philippines,PHL,1995,1526948
Philippines,PHL,1996,1643992
Philippines,PHL,1997,1718576
Philippines,PHL,1998,1882218
Philippines,PHL,1999,1962225
Philippines,PHL,2000,1872145
Philippines,PHL,2001,1776087
Philippines,PHL,2002,1667401
Philippines,PHL,2003,1662947
Philippines,PHL,2004,1662674
Philippines,PHL,2005,1621449
Philippines,PHL,2006,1493033
Philippines,PHL,2007,1566188
Philippines,PHL,2008,1623911
Philippines,PHL,2009,1685165
Philippines,PHL,2010,1952871
Philippines,PHL,2011,1911487
Philippines,PHL,2012,1926897
Philippines,PHL,2013,1900823
Philippines,PHL,2014,1690793
Philippines,PHL,2015,1545861
Philippines,PHL,2016,1422733
Philippines,PHL,2017,1383970
Philippines,PHL,2018,1345593
Philippines,PHL,2019,1339401
Philippines,PHL,2020,1276585
Philippines,PHL,2021,1019677
Philippines,PHL,2022,863396
Philippines,PHL,2023,926856
Poland,POL,1951,442523
Poland,POL,1952,449774
Poland,POL,1953,453991
Poland,POL,1954,464021
Poland,POL,1955,473162
Poland,POL,1956,471930
Poland,POL,1957,540925
Poland,POL,1958,567149
Poland,POL,1959,488890
Poland,POL,1960,443433
Poland,POL,1961,403725
Poland,POL,1962,358402
Poland,POL,1963,335930
Poland,POL,1964,319116
Poland,POL,1965,295198
Poland,POL,1966,279943
Poland,POL,1967,260345
Poland,POL,1968,249762
Poland,POL,1969,244390
Poland,POL,1970,219861
Poland,POL,1971,228659
Poland,POL,1972,270695
Poland,POL,1973,291282
Poland,POL,1974,309188
Poland,POL,1975,321937
Poland,POL,1976,332211
Poland,POL,1977,331902
Poland,POL,1978,305703
Poland,POL,1979,314166
Poland,POL,1980,328136
Poland,POL,1981,324395
Poland,POL,1982,332552
Poland,POL,1983,340235
Poland,POL,1984,332095
Poland,POL,1985,295055
Poland,POL,1986,251762
Poland,POL,1987,213098
Poland,POL,1988,152153
Poland,POL,1989,120223
Poland,POL,1990,117362
Poland,POL,1991,97499
Poland,POL,1992,80689
Poland,POL,1993,61246
Poland,POL,1994,49430
Poland,POL,1995,20356
Poland,POL,1996,-5504
Poland,POL,1997,-10857
Poland,POL,1998,-21876
Poland,POL,1999,-38714
Poland,POL,2000,-29640
Poland,POL,2001,-10718
Poland,POL,2002,-17952
Poland,POL,2003,-25880
Poland,POL,2004,-35959
Poland,POL,2005,-43191
Poland,POL,2006,-53208
Poland,POL,2007,-50749
Poland,POL,2008,-24518
Poland,POL,2009,6251
Poland,POL,2010,93203
Poland,POL,2011,113288
Poland,POL,2012,39223
Poland,POL,2013,11400
Poland,POL,2014,5846
Poland,POL,2015,1201
Poland,POL,2016,-3054
Poland,POL,2017,-8296
Poland,POL,2018,-13894
Poland,POL,2019,-15186
Poland,POL,2020,-54879
Poland,POL,2021,-130702
Poland,POL,2022,345431
Poland,POL,2023,377113
Portugal,PRT,1951,55324
Portugal,PRT,1952,49223
Portugal,PRT,1953,49320
Portugal,PRT,1954,44223
Portugal,PRT,1955,45922
Portugal,PRT,1956,41172
Portugal,PRT,1957,39225
Portugal,PRT,1958,49489
Portugal,PRT,1959,47597
Portugal,PRT,1960,32851
Portugal,PRT,1961,15157
Portugal,PRT,1962,7395
Portugal,PRT,1963,2529
Portugal,PRT,1964,-2540
Portugal,PRT,1965,-6141
Portugal,PRT,1966,-17146
Portugal,PRT,1967,-26635
Portugal,PRT,1968,-36133
Portugal,PRT,1969,-55471
Portugal,PRT,1970,-84715
Portugal,PRT,1971,16064
Portugal,PRT,1972,130003
Portugal,PRT,1973,123644
Portugal,PRT,1974,119941
Portugal,PRT,1975,123128
Portugal,PRT,1976,127960
Portugal,PRT,1977,127907
Portugal,PRT,1978,118227
Portugal,PRT,1979,106906
Portugal,PRT,1980,100319
Portugal,PRT,1981,73966
Portugal,PRT,1982,48257
Portugal,PRT,1983,39412
Portugal,PRT,1984,31636
Portugal,PRT,1985,22582
Portugal,PRT,1986,13622
Portugal,PRT,1987,8893
Portugal,PRT,1988,2598
Portugal,PRT,1989,-3208
Portugal,PRT,1990,-11854
Portugal,PRT,1991,-20345
Portugal,PRT,1992,-8836
Portugal,PRT,1993,11996
Portugal,PRT,1994,26146
Portugal,PRT,1995,33269
Portugal,PRT,1996,35899
Portugal,PRT,1997,42893
Portugal,PRT,1998,48976
Portugal,PRT,1999,55353
Portugal,PRT,2000,68319
Portugal,PRT,2001,71133
Portugal,PRT,2002,58716
Portugal,PRT,2003,41201
Portugal,PRT,2004,27140
Portugal,PRT,2005,21607
Portugal,PRT,2006,21130
Portugal,PRT,2007,22699
Portugal,PRT,2008,17264
Portugal,PRT,2009,12179
Portugal,PRT,2010,2394
Portugal,PRT,2011,-21609
Portugal,PRT,2012,-43895
Portugal,PRT,2013,-54868
Portugal,PRT,2014,-52084
Portugal,PRT,2015,-35939
Portugal,PRT,2016,-23887
Portugal,PRT,2017,-15539
Portugal,PRT,2018,-5483
Portugal,PRT,2019,17863
Portugal,PRT,2020,27301
Portugal,PRT,2021,20438
Portugal,PRT,2022,26117
Portugal,PRT,2023,13661
Puerto Rico,PRI,1951,18437
Puerto Rico,PRI,1952,16125
Puerto Rico,PRI,1953,14226
Puerto Rico,PRI,1954,13231
Puerto Rico,PRI,1955,12376
Puerto Rico,PRI,1956,11401
Puerto Rico,PRI,1957,9845
Puerto Rico,PRI,1958,8476
Puerto Rico,PRI,1959,8861
Puerto Rico,PRI,1960,21844
Puerto Rico,PRI,1961,37257
Puerto Rico,PRI,1962,40071
Puerto Rico,PRI,1963,39329
Puerto Rico,PRI,1964,38471
Puerto Rico,PRI,1965,37602
Puerto Rico,PRI,1966,37199
Puerto Rico,PRI,1967,36670
Puerto Rico,PRI,1968,35275
Puerto Rico,PRI,1969,32638
Puerto Rico,PRI,1970,35995
Puerto Rico,PRI,1971,43547
Puerto Rico,PRI,1972,46396
Puerto Rico,PRI,1973,46765
Puerto Rico,PRI,1974,47067
Puerto Rico,PRI,1975,47909
Puerto Rico,PRI,1976,48854
Puerto Rico,PRI,1977,49488
Puerto Rico,PRI,1978,49704
Puerto Rico,PRI,1979,50880
Puerto Rico,PRI,1980,48645
Puerto Rico,PRI,1981,42889
Puerto Rico,PRI,1982,39358
Puerto Rico,PRI,1983,36726
Puerto Rico,PRI,1984,34545
Puerto Rico,PRI,1985,32114
Puerto Rico,PRI,1986,29462
Puerto Rico,PRI,1987,28365
Puerto Rico,PRI,1988,27932
Puerto Rico,PRI,1989,26940
Puerto Rico,PRI,1990,29036
Puerto Rico,PRI,1991,32623
Puerto Rico,PRI,1992,32724
Puerto Rico,PRI,1993,30814
Puerto Rico,PRI,1994,28872
Puerto Rico,PRI,1995,27515
Puerto Rico,PRI,1996,26361
Puerto Rico,PRI,1997,25628
Puerto Rico,PRI,1998,24978
Puerto Rico,PRI,1999,23918
Puerto Rico,PRI,2000,15389
Puerto Rico,PRI,2001,3141
Puerto Rico,PRI,2002,-2294
Puerto Rico,PRI,2003,-4672
Puerto Rico,PRI,2004,-7384
Puerto Rico,PRI,2005,-10247
Puerto Rico,PRI,2006,-12192
Puerto Rico,PRI,2007,-13131
Puerto Rico,PRI,2008,-13959
Puerto Rico,PRI,2009,-14116
Puerto Rico,PRI,2010,-20180
Puerto Rico,PRI,2011,-31123
Puerto Rico,PRI,2012,-37288
Puerto Rico,PRI,2013,-39650
Puerto Rico,PRI,2014,-41406
Puerto Rico,PRI,2015,-43556
Puerto Rico,PRI,2016,-45803
Puerto Rico,PRI,2017,-104130
Puerto Rico,PRI,2018,-81810
Puerto Rico,PRI,2019,-2041
Puerto Rico,PRI,2020,-12227
Puerto Rico,PRI,2021,-22590
Puerto Rico,PRI,2022,-12238
Puerto Rico,PRI,2023,1050
Qatar,QAT,1951,787
Qatar,QAT,1952,820
Qatar,QAT,1953,852
Qatar,QAT,1954,878
Qatar,QAT,1955,917
Qatar,QAT,1956,991
Qatar,QAT,1957,1107
Qatar,QAT,1958,1335
Qatar,QAT,1959,1687
Qatar,QAT,1960,2347
Qatar,QAT,1961,3676
Qatar,QAT,1962,4950
Qatar,QAT,1963,5745
Qatar,QAT,1964,6486
Qatar,QAT,1965,7200
Qatar,QAT,1966,8125
Qatar,QAT,1967,9248
Qatar,QAT,1968,10307
Qatar,QAT,1969,11280
Qatar,QAT,1970,13328
Qatar,QAT,1971,14986
Qatar,QAT,1972,15162
Qatar,QAT,1973,15336
Qatar,QAT,1974,15518
Qatar,QAT,1975,15731
Qatar,QAT,1976,15964
Qatar,QAT,1977,16231
Qatar,QAT,1978,16522
Qatar,QAT,1979,16858
Qatar,QAT,1980,17245
Qatar,QAT,1981,17638
Qatar,QAT,1982,17983
Qatar,QAT,1983,18176
Qatar,QAT,1984,18174
Qatar,QAT,1985,18056
Qatar,QAT,1986,16476
Qatar,QAT,1987,14586
Qatar,QAT,1988,14261
Qatar,QAT,1989,14385
Qatar,QAT,1990,14526
Qatar,QAT,1991,14676
Qatar,QAT,1992,14797
Qatar,QAT,1993,14896
Qatar,QAT,1994,14916
Qatar,QAT,1995,14865
Qatar,QAT,1996,14690
Qatar,QAT,1997,21487
Qatar,QAT,1998,30032
Qatar,QAT,1999,31967
Qatar,QAT,2000,32483
Qatar,QAT,2001,32941
Qatar,QAT,2002,33281
Qatar,QAT,2003,33475
Qatar,QAT,2004,28651
Qatar,QAT,2005,52078
Qatar,QAT,2006,147422
Qatar,QAT,2007,235760
Qatar,QAT,2008,218341
Qatar,QAT,2009,159110
Qatar,QAT,2010,123186
Qatar,QAT,2011,101722
Qatar,QAT,2012,96162
Qatar,QAT,2013,125528
Qatar,QAT,2014,185728
Qatar,QAT,2015,208962
Qatar,QAT,2016,172042
Qatar,QAT,2017,107334
Qatar,QAT,2018,54428
Qatar,QAT,2019,36783
Qatar,QAT,2020,5448
Qatar,QAT,2021,11613
Qatar,QAT,2022,77478
Qatar,QAT,2023,86620
Reunion,REU,1951,9292
Reunion,REU,1952,9677
Reunion,REU,1953,10116
Reunion,REU,1954,10829
Reunion,REU,1955,11294
Reunion,REU,1956,11158
Reunion,REU,1957,11644
Reunion,REU,1958,11835
Reunion,REU,1959,11985
Reunion,REU,1960,12504
Reunion,REU,1961,12523
Reunion,REU,1962,11773
Reunion,REU,1963,11477
Reunion,REU,1964,11841
Reunion,REU,1965,11541
Reunion,REU,1966,11020
Reunion,REU,1967,10581
Reunion,REU,1968,10072
Reunion,REU,1969,9679
Reunion,REU,1970,9023
Reunion,REU,1971,8512
Reunion,REU,1972,8436
Reunion,REU,1973,8426
Reunion,REU,1974,8364
Reunion,REU,1975,8481
Reunion,REU,1976,8627
Reunion,REU,1977,8633
Reunion,REU,1978,8518
Reunion,REU,1979,8287
Reunion,REU,1980,7763
Reunion,REU,1981,7850
Reunion,REU,1982,8651
Reunion,REU,1983,9607
Reunion,REU,1984,10443
Reunion,REU,1985,10730
Reunion,REU,1986,10466
Reunion,REU,1987,10223
Reunion,REU,1988,10154
Reunion,REU,1989,10230
Reunion,REU,1990,11079
Reunion,REU,1991,11886
Reunion,REU,1992,11972
Reunion,REU,1993,11670
Reunion,REU,1994,11272
Reunion,REU,1995,11090
Reunion,REU,1996,10992
Reunion,REU,1997,11259
Reunion,REU,1998,11361
Reunion,REU,1999,10044
Reunion,REU,2000,9029
Reunion,REU,2001,9094
Reunion,REU,2002,9065
Reunion,REU,2003,9263
Reunion,REU,2004,6442
Reunion,REU,2005,3215
Reunion,REU,2006,6459
Reunion,REU,2007,12043
Reunion,REU,2008,11767
Reunion,REU,2009,7977
Reunion,REU,2010,6007
Reunion,REU,2011,2310
Reunion,REU,2012,-1728
Reunion,REU,2013,2538
Reunion,REU,2014,11077
Reunion,REU,2015,6339
Reunion,REU,2016,-2155
Reunion,REU,2017,-4100
Reunion,REU,2018,-1815
Reunion,REU,2019,381
Reunion,REU,2020,4125
Reunion,REU,2021,6633
Reunion,REU,2022,3458
Reunion,REU,2023,3340
Romania,ROU,1951,228333
Romania,ROU,1952,220443
Romania,ROU,1953,211651
Romania,ROU,1954,208957
Romania,ROU,1955,208612
Romania,ROU,1956,216226
Romania,ROU,1957,195794
Romania,ROU,1958,158835
Romania,ROU,1959,141572
Romania,ROU,1960,125800
Romania,ROU,1961,109023
Romania,ROU,1962,89153
Romania,ROU,1963,75759
Romania,ROU,1964,67974
Romania,ROU,1965,57653
Romania,ROU,1966,63201
Romania,ROU,1967,222300
Romania,ROU,1968,362489
Romania,ROU,1969,340759
Romania,ROU,1970,309817
Romania,ROU,1971,281861
Romania,ROU,1972,262090
Romania,ROU,1973,242746
Romania,ROU,1974,235239
Romania,ROU,1975,234508
Romania,ROU,1976,229614
Romania,ROU,1977,202492
Romania,ROU,1978,167888
Romania,ROU,1979,151563
Romania,ROU,1980,135149
Romania,ROU,1981,118012
Romania,ROU,1982,101659
Romania,ROU,1983,84766
Romania,ROU,1984,74789
Romania,ROU,1985,71813
Romania,ROU,1986,68924
Romania,ROU,1987,70850
Romania,ROU,1988,69846
Romania,ROU,1989,72210
Romania,ROU,1990,51885
Romania,ROU,1991,7886
Romania,ROU,1992,-35027
Romania,ROU,1993,-70132
Romania,ROU,1994,-86010
Romania,ROU,1995,-98525
Romania,ROU,1996,-115807
Romania,ROU,1997,-130404
Romania,ROU,1998,-126610
Romania,ROU,1999,-118745
Romania,ROU,2000,-119892
Romania,ROU,2001,-126348
Romania,ROU,2002,-149896
Romania,ROU,2003,-176572
Romania,ROU,2004,-190233
Romania,ROU,2005,-189820
Romania,ROU,2006,-177663
Romania,ROU,2007,-165018
Romania,ROU,2008,-151969
Romania,ROU,2009,-141823
Romania,ROU,2010,-144347
Romania,ROU,2011,-150566
Romania,ROU,2012,-123558
Romania,ROU,2013,-95538
Romania,ROU,2014,-94734
Romania,ROU,2015,-97161
Romania,ROU,2016,-93969
Romania,ROU,2017,-87644
Romania,ROU,2018,-91531
Romania,ROU,2019,-96332
Romania,ROU,2020,-109075
Romania,ROU,2021,-144308
Romania,ROU,2022,-81383
Romania,ROU,2023,-48294
Russia,RUS,1951,1452294
Russia,RUS,1952,1481727
Russia,RUS,1953,1525297
Russia,RUS,1954,1611563
Russia,RUS,1955,1697751
Russia,RUS,1956,1748106
Russia,RUS,1957,1821231
Russia,RUS,1958,1858434
Russia,RUS,1959,1705123
Russia,RUS,1960,1640253
Russia,RUS,1961,1670165
Russia,RUS,1962,1507413
Russia,RUS,1963,1338033
Russia,RUS,1964,1180402
Russia,RUS,1965,1004054
Russia,RUS,1966,899420
Russia,RUS,1967,809016
Russia,RUS,1968,722400
Russia,RUS,1969,697145
Russia,RUS,1970,604997
Russia,RUS,1971,619922
Russia,RUS,1972,739307
Russia,RUS,1973,748738
Russia,RUS,1974,784000
Russia,RUS,1975,876943
Russia,RUS,1976,944593
Russia,RUS,1977,960283
Russia,RUS,1978,938111
Russia,RUS,1979,837457
Russia,RUS,1980,756086
Russia,RUS,1981,778868
Russia,RUS,1982,896249
Russia,RUS,1983,1083532
Russia,RUS,1984,1132961
Russia,RUS,1985,1105148
Russia,RUS,1986,1238430
Russia,RUS,1987,1339567
Russia,RUS,1988,1217110
Russia,RUS,1989,917369
Russia,RUS,1990,697675
Russia,RUS,1991,468896
Russia,RUS,1992,-532440
Russia,RUS,1993,-780574
Russia,RUS,1994,65315
Russia,RUS,1995,90672
Russia,RUS,1996,-206826
Russia,RUS,1997,-230811
Russia,RUS,1998,-218226
Russia,RUS,1999,-393570
Russia,RUS,2000,-524189
Russia,RUS,2001,-600494
Russia,RUS,2002,-177788
Russia,RUS,2003,-145272
Russia,RUS,2004,-614139
Russia,RUS,2005,-582205
Russia,RUS,2006,-494938
Russia,RUS,2007,-243181
Russia,RUS,2008,-47930
Russia,RUS,2009,57291
Russia,RUS,2010,65340
Russia,RUS,2011,109283
Russia,RUS,2012,247274
Russia,RUS,2013,313080
Russia,RUS,2014,321534
Russia,RUS,2015,381973
Russia,RUS,2016,471056
Russia,RUS,2017,408130
Russia,RUS,2018,243348
Russia,RUS,2019,102917
Russia,RUS,2020,-161768
Russia,RUS,2021,-535123
Russia,RUS,2022,-256283
Russia,RUS,2023,-139387
Rwanda,RWA,1951,78938
Rwanda,RWA,1952,80477
Rwanda,RWA,1953,81848
Rwanda,RWA,1954,83767
Rwanda,RWA,1955,86172
Rwanda,RWA,1956,88511
Rwanda,RWA,1957,91063
Rwanda,RWA,1958,92258
Rwanda,RWA,1959,92266
Rwanda,RWA,1960,89899
Rwanda,RWA,1961,84486
Rwanda,RWA,1962,79233
Rwanda,RWA,1963,72882
Rwanda,RWA,1964,75934
Rwanda,RWA,1965,88381
Rwanda,RWA,1966,98410
Rwanda,RWA,1967,107959
Rwanda,RWA,1968,114428
Rwanda,RWA,1969,117261
Rwanda,RWA,1970,119399
Rwanda,RWA,1971,119376
Rwanda,RWA,1972,120286
Rwanda,RWA,1973,124710
Rwanda,RWA,1974,129190
Rwanda,RWA,1975,133493
Rwanda,RWA,1976,138234
Rwanda,RWA,1977,142286
Rwanda,RWA,1978,146924
Rwanda,RWA,1979,154378
Rwanda,RWA,1980,163713
Rwanda,RWA,1981,173973
Rwanda,RWA,1982,184319
Rwanda,RWA,1983,193756
Rwanda,RWA,1984,202317
Rwanda,RWA,1985,209602
Rwanda,RWA,1986,214657
Rwanda,RWA,1987,217607
Rwanda,RWA,1988,218581
Rwanda,RWA,1989,216634
Rwanda,RWA,1990,190604
Rwanda,RWA,1991,151651
Rwanda,RWA,1992,156302
Rwanda,RWA,1993,297876
Rwanda,RWA,1994,-1188784
Rwanda,RWA,1995,-1118240
Rwanda,RWA,1996,1034649
Rwanda,RWA,1997,1046470
Rwanda,RWA,1998,326451
Rwanda,RWA,1999,66229
Rwanda,RWA,2000,66019
Rwanda,RWA,2001,73155
Rwanda,RWA,2002,113094
Rwanda,RWA,2003,186693
Rwanda,RWA,2004,229971
Rwanda,RWA,2005,237683
Rwanda,RWA,2006,244719
Rwanda,RWA,2007,250689
Rwanda,RWA,2008,254328
Rwanda,RWA,2009,256170
Rwanda,RWA,2010,257122
Rwanda,RWA,2011,256182
Rwanda,RWA,2012,256162
Rwanda,RWA,2013,263436
Rwanda,RWA,2014,271418
Rwanda,RWA,2015,275268
Rwanda,RWA,2016,279157
Rwanda,RWA,2017,282879
Rwanda,RWA,2018,285938
Rwanda,RWA,2019,288102
Rwanda,RWA,2020,289736
Rwanda,RWA,2021,289422
Rwanda,RWA,2022,295765
Rwanda,RWA,2023,303448
Saint Barthelemy,BLM,1951,51
Saint Barthelemy,BLM,1952,21
Saint Barthelemy,BLM,1953,20
Saint Barthelemy,BLM,1954,25
Saint Barthelemy,BLM,1955,7
Saint Barthelemy,BLM,1956,-5
Saint Barthelemy,BLM,1957,2
Saint Barthelemy,BLM,1958,17
Saint Barthelemy,BLM,1959,24
Saint Barthelemy,BLM,1960,26
Saint Barthelemy,BLM,1961,20
Saint Barthelemy,BLM,1962,23
Saint Barthelemy,BLM,1963,32
Saint Barthelemy,BLM,1964,37
Saint Barthelemy,BLM,1965,28
Saint Barthelemy,BLM,1966,35
Saint Barthelemy,BLM,1967,22
Saint Barthelemy,BLM,1968,5
Saint Barthelemy,BLM,1969,6
Saint Barthelemy,BLM,1970,8
Saint Barthelemy,BLM,1971,20
Saint Barthelemy,BLM,1972,23
Saint Barthelemy,BLM,1973,24
Saint Barthelemy,BLM,1974,33
Saint Barthelemy,BLM,1975,60
Saint Barthelemy,BLM,1976,65
Saint Barthelemy,BLM,1977,82
Saint Barthelemy,BLM,1978,99
Saint Barthelemy,BLM,1979,86
Saint Barthelemy,BLM,1980,71
Saint Barthelemy,BLM,1981,48
Saint Barthelemy,BLM,1982,168
Saint Barthelemy,BLM,1983,298
Saint Barthelemy,BLM,1984,288
Saint Barthelemy,BLM,1985,279
Saint Barthelemy,BLM,1986,272
Saint Barthelemy,BLM,1987,259
Saint Barthelemy,BLM,1988,240
Saint Barthelemy,BLM,1989,221
Saint Barthelemy,BLM,1990,205
Saint Barthelemy,BLM,1991,193
Saint Barthelemy,BLM,1992,186
Saint Barthelemy,BLM,1993,189
Saint Barthelemy,BLM,1994,186
Saint Barthelemy,BLM,1995,178
Saint Barthelemy,BLM,1996,182
Saint Barthelemy,BLM,1997,180
Saint Barthelemy,BLM,1998,177
Saint Barthelemy,BLM,1999,177
Saint Barthelemy,BLM,2000,186
Saint Barthelemy,BLM,2001,194
Saint Barthelemy,BLM,2002,192
Saint Barthelemy,BLM,2003,195
Saint Barthelemy,BLM,2004,185
Saint Barthelemy,BLM,2005,185
Saint Barthelemy,BLM,2006,191
Saint Barthelemy,BLM,2007,188
Saint Barthelemy,BLM,2008,194
Saint Barthelemy,BLM,2009,194
Saint Barthelemy,BLM,2010,168
Saint Barthelemy,BLM,2011,123
Saint Barthelemy,BLM,2012,115
Saint Barthelemy,BLM,2013,116
Saint Barthelemy,BLM,2014,128
Saint Barthelemy,BLM,2015,146
Saint Barthelemy,BLM,2016,159
Saint Barthelemy,BLM,2017,178
Saint Barthelemy,BLM,2018,181
Saint Barthelemy,BLM,2019,190
Saint Barthelemy,BLM,2020,241
Saint Barthelemy,BLM,2021,224
Saint Barthelemy,BLM,2022,158
Saint Barthelemy,BLM,2023,164
Saint Helena,SHN,1951,48
Saint Helena,SHN,1952,27
Saint Helena,SHN,1953,18
Saint Helena,SHN,1954,2
Saint Helena,SHN,1955,-15
Saint Helena,SHN,1956,-9
Saint Helena,SHN,1957,9
Saint Helena,SHN,1958,21
Saint Helena,SHN,1959,11
Saint Helena,SHN,1960,27
Saint Helena,SHN,1961,19
Saint Helena,SHN,1962,31
Saint Helena,SHN,1963,22
Saint Helena,SHN,1964,26
Saint Helena,SHN,1965,8
Saint Helena,SHN,1966,30
Saint Helena,SHN,1967,46
Saint Helena,SHN,1968,77
Saint Helena,SHN,1969,68
Saint Helena,SHN,1970,82
Saint Helena,SHN,1971,83
Saint Helena,SHN,1972,73
Saint Helena,SHN,1973,73
Saint Helena,SHN,1974,65
Saint Helena,SHN,1975,64
Saint Helena,SHN,1976,39
Saint Helena,SHN,1977,51
Saint Helena,SHN,1978,65
Saint Helena,SHN,1979,52
Saint Helena,SHN,1980,51
Saint Helena,SHN,1981,53
Saint Helena,SHN,1982,69
Saint Helena,SHN,1983,66
Saint Helena,SHN,1984,46
Saint Helena,SHN,1985,31
Saint Helena,SHN,1986,28
Saint Helena,SHN,1987,17
Saint Helena,SHN,1988,-13
Saint Helena,SHN,1989,-33
Saint Helena,SHN,1990,-38
Saint Helena,SHN,1991,-38
Saint Helena,SHN,1992,-56
Saint Helena,SHN,1993,-50
Saint Helena,SHN,1994,-62
Saint Helena,SHN,1995,-60
Saint Helena,SHN,1996,-64
Saint Helena,SHN,1997,-60
Saint Helena,SHN,1998,-65
Saint Helena,SHN,1999,-71
Saint Helena,SHN,2000,-68
Saint Helena,SHN,2001,-82
Saint Helena,SHN,2002,-84
Saint Helena,SHN,2003,-104
Saint Helena,SHN,2004,-97
Saint Helena,SHN,2005,-108
Saint Helena,SHN,2006,-113
Saint Helena,SHN,2007,-111
Saint Helena,SHN,2008,-51
Saint Helena,SHN,2009,25
Saint Helena,SHN,2010,32
Saint Helena,SHN,2011,33
Saint Helena,SHN,2012,43
Saint Helena,SHN,2013,34
Saint Helena,SHN,2014,31
Saint Helena,SHN,2015,36
Saint Helena,SHN,2016,15
Saint Helena,SHN,2017,-16
Saint Helena,SHN,2018,-21
Saint Helena,SHN,2019,-22
Saint Helena,SHN,2020,-34
Saint Helena,SHN,2021,-36
Saint Helena,SHN,2022,-46
Saint Helena,SHN,2023,-53
Saint Kitts and Nevis,KNA,1951,1073
Saint Kitts and Nevis,KNA,1952,1087
Saint Kitts and Nevis,KNA,1953,1055
Saint Kitts and Nevis,KNA,1954,890
Saint Kitts and Nevis,KNA,1955,796
Saint Kitts and Nevis,KNA,1956,839
Saint Kitts and Nevis,KNA,1957,849
Saint Kitts and Nevis,KNA,1958,826
Saint Kitts and Nevis,KNA,1959,823
Saint Kitts and Nevis,KNA,1960,342
Saint Kitts and Nevis,KNA,1961,-482
Saint Kitts and Nevis,KNA,1962,-869
Saint Kitts and Nevis,KNA,1963,-1022
Saint Kitts and Nevis,KNA,1964,-1113
Saint Kitts and Nevis,KNA,1965,-1185
Saint Kitts and Nevis,KNA,1966,-1246
Saint Kitts and Nevis,KNA,1967,-1291
Saint Kitts and Nevis,KNA,1968,-1361
Saint Kitts and Nevis,KNA,1969,-1515
Saint Kitts and Nevis,KNA,1970,-1118
Saint Kitts and Nevis,KNA,1971,-404
Saint Kitts and Nevis,KNA,1972,-174
Saint Kitts and Nevis,KNA,1973,-157
Saint Kitts and Nevis,KNA,1974,-138
Saint Kitts and Nevis,KNA,1975,-131
Saint Kitts and Nevis,KNA,1976,-129
Saint Kitts and Nevis,KNA,1977,-122
Saint Kitts and Nevis,KNA,1978,-140
Saint Kitts and Nevis,KNA,1979,-184
Saint Kitts and Nevis,KNA,1980,-187
Saint Kitts and Nevis,KNA,1981,-145
Saint Kitts and Nevis,KNA,1982,-172
Saint Kitts and Nevis,KNA,1983,-194
Saint Kitts and Nevis,KNA,1984,-221
Saint Kitts and Nevis,KNA,1985,-240
Saint Kitts and Nevis,KNA,1986,-252
Saint Kitts and Nevis,KNA,1987,-274
Saint Kitts and Nevis,KNA,1988,-284
Saint Kitts and Nevis,KNA,1989,-307
Saint Kitts and Nevis,KNA,1990,-321
Saint Kitts and Nevis,KNA,1991,-74
Saint Kitts and Nevis,KNA,1992,358
Saint Kitts and Nevis,KNA,1993,526
Saint Kitts and Nevis,KNA,1994,532
Saint Kitts and Nevis,KNA,1995,549
Saint Kitts and Nevis,KNA,1996,556
Saint Kitts and Nevis,KNA,1997,550
Saint Kitts and Nevis,KNA,1998,565
Saint Kitts and Nevis,KNA,1999,607
Saint Kitts and Nevis,KNA,2000,647
Saint Kitts and Nevis,KNA,2001,513
Saint Kitts and Nevis,KNA,2002,263
Saint Kitts and Nevis,KNA,2003,152
Saint Kitts and Nevis,KNA,2004,137
Saint Kitts and Nevis,KNA,2005,122
Saint Kitts and Nevis,KNA,2006,133
Saint Kitts and Nevis,KNA,2007,142
Saint Kitts and Nevis,KNA,2008,123
Saint Kitts and Nevis,KNA,2009,84
Saint Kitts and Nevis,KNA,2010,-70
Saint Kitts and Nevis,KNA,2011,46
Saint Kitts and Nevis,KNA,2012,139
Saint Kitts and Nevis,KNA,2013,36
Saint Kitts and Nevis,KNA,2014,20
Saint Kitts and Nevis,KNA,2015,-4
Saint Kitts and Nevis,KNA,2016,-9
Saint Kitts and Nevis,KNA,2017,-24
Saint Kitts and Nevis,KNA,2018,-43
Saint Kitts and Nevis,KNA,2019,-56
Saint Kitts and Nevis,KNA,2020,-80
Saint Kitts and Nevis,KNA,2021,-110
Saint Kitts and Nevis,KNA,2022,-54
Saint Kitts and Nevis,KNA,2023,51
Saint Lucia,LCA,1951,979
Saint Lucia,LCA,1952,444
Saint Lucia,LCA,1953,-85
Saint Lucia,LCA,1954,-224
Saint Lucia,LCA,1955,-302
Saint Lucia,LCA,1956,-348
Saint Lucia,LCA,1957,-373
Saint Lucia,LCA,1958,-369
Saint Lucia,LCA,1959,-362
Saint Lucia,LCA,1960,236
Saint Lucia,LCA,1961,901
Saint Lucia,LCA,1962,1017
Saint Lucia,LCA,1963,1016
Saint Lucia,LCA,1964,990
Saint Lucia,LCA,1965,984
Saint Lucia,LCA,1966,973
Saint Lucia,LCA,1967,1037
Saint Lucia,LCA,1968,1173
Saint Lucia,LCA,1969,1208
Saint Lucia,LCA,1970,1280
Saint Lucia,LCA,1971,1393
Saint Lucia,LCA,1972,1444
Saint Lucia,LCA,1973,1491
Saint Lucia,LCA,1974,1581
Saint Lucia,LCA,1975,1647
Saint Lucia,LCA,1976,1702
Saint Lucia,LCA,1977,1708
Saint Lucia,LCA,1978,1703
Saint Lucia,LCA,1979,1694
Saint Lucia,LCA,1980,1755
Saint Lucia,LCA,1981,1881
Saint Lucia,LCA,1982,1914
Saint Lucia,LCA,1983,1958
Saint Lucia,LCA,1984,2030
Saint Lucia,LCA,1985,2089
Saint Lucia,LCA,1986,2079
Saint Lucia,LCA,1987,1990
Saint Lucia,LCA,1988,1776
Saint Lucia,LCA,1989,1507
Saint Lucia,LCA,1990,1348
Saint Lucia,LCA,1991,1662
Saint Lucia,LCA,1992,2093
Saint Lucia,LCA,1993,2106
Saint Lucia,LCA,1994,2166
Saint Lucia,LCA,1995,2326
Saint Lucia,LCA,1996,2226
Saint Lucia,LCA,1997,2131
Saint Lucia,LCA,1998,2104
Saint Lucia,LCA,1999,2031
Saint Lucia,LCA,2000,1905
Saint Lucia,LCA,2001,1623
Saint Lucia,LCA,2002,1408
Saint Lucia,LCA,2003,1330
Saint Lucia,LCA,2004,1265
Saint Lucia,LCA,2005,1210
Saint Lucia,LCA,2006,1197
Saint Lucia,LCA,2007,1109
Saint Lucia,LCA,2008,1050
Saint Lucia,LCA,2009,1064
Saint Lucia,LCA,2010,1041
Saint Lucia,LCA,2011,893
Saint Lucia,LCA,2012,781
Saint Lucia,LCA,2013,785
Saint Lucia,LCA,2014,765
Saint Lucia,LCA,2015,774
Saint Lucia,LCA,2016,732
Saint Lucia,LCA,2017,701
Saint Lucia,LCA,2018,680
Saint Lucia,LCA,2019,643
Saint Lucia,LCA,2020,586
Saint Lucia,LCA,2021,279
Saint Lucia,LCA,2022,254
Saint Lucia,LCA,2023,497
Saint Martin (French part),MAF,1951,128
Saint Martin (French part),MAF,1952,118
Saint Martin (French part),MAF,1953,126
Saint Martin (French part),MAF,1954,122
Saint Martin (French part),MAF,1955,124
Saint Martin (French part),MAF,1956,123
Saint Martin (French part),MAF,1957,124
Saint Martin (French part),MAF,1958,125
Saint Martin (French part),MAF,1959,139
Saint Martin (French part),MAF,1960,139
Saint Martin (French part),MAF,1961,135
Saint Martin (French part),MAF,1962,144
Saint Martin (French part),MAF,1963,144
Saint Martin (French part),MAF,1964,158
Saint Martin (French part),MAF,1965,167
Saint Martin (French part),MAF,1966,214
Saint Martin (French part),MAF,1967,260
Saint Martin (French part),MAF,1968,220
Saint Martin (French part),MAF,1969,173
Saint Martin (French part),MAF,1970,180
Saint Martin (French part),MAF,1971,180
Saint Martin (French part),MAF,1972,181
Saint Martin (French part),MAF,1973,190
Saint Martin (French part),MAF,1974,200
Saint Martin (French part),MAF,1975,245
Saint Martin (French part),MAF,1976,257
Saint Martin (French part),MAF,1977,270
Saint Martin (French part),MAF,1978,254
Saint Martin (French part),MAF,1979,241
Saint Martin (French part),MAF,1980,223
Saint Martin (French part),MAF,1981,214
Saint Martin (French part),MAF,1982,994
Saint Martin (French part),MAF,1983,1995
Saint Martin (French part),MAF,1984,2242
Saint Martin (French part),MAF,1985,2367
Saint Martin (French part),MAF,1986,2464
Saint Martin (French part),MAF,1987,2541
Saint Martin (French part),MAF,1988,2645
Saint Martin (French part),MAF,1989,2706
Saint Martin (French part),MAF,1990,1775
Saint Martin (French part),MAF,1991,573
Saint Martin (French part),MAF,1992,274
Saint Martin (French part),MAF,1993,205
Saint Martin (French part),MAF,1994,137
Saint Martin (French part),MAF,1995,52
Saint Martin (French part),MAF,1996,-27
Saint Martin (French part),MAF,1997,-115
Saint Martin (French part),MAF,1998,-222
Saint Martin (French part),MAF,1999,175
Saint Martin (French part),MAF,2000,717
Saint Martin (French part),MAF,2001,807
Saint Martin (French part),MAF,2002,802
Saint Martin (French part),MAF,2003,791
Saint Martin (French part),MAF,2004,776
Saint Martin (French part),MAF,2005,756
Saint Martin (French part),MAF,2006,728
Saint Martin (French part),MAF,2007,681
Saint Martin (French part),MAF,2008,617
Saint Martin (French part),MAF,2009,545
Saint Martin (French part),MAF,2010,352
Saint Martin (French part),MAF,2011,219
Saint Martin (French part),MAF,2012,205
Saint Martin (French part),MAF,2013,140
Saint Martin (French part),MAF,2014,33
Saint Martin (French part),MAF,2015,-86
Saint Martin (French part),MAF,2016,-185
Saint Martin (French part),MAF,2017,-338
Saint Martin (French part),MAF,2018,-827
Saint Martin (French part),MAF,2019,-1746
Saint Martin (French part),MAF,2020,-2479
Saint Martin (French part),MAF,2021,-1825
Saint Martin (French part),MAF,2022,-1087
Saint Martin (French part),MAF,2023,-1354
Saint Pierre and Miquelon,SPM,1951,48
Saint Pierre and Miquelon,SPM,1952,50
Saint Pierre and Miquelon,SPM,1953,54
Saint Pierre and Miquelon,SPM,1954,60
Saint Pierre and Miquelon,SPM,1955,65
Saint Pierre and Miquelon,SPM,1956,49
Saint Pierre and Miquelon,SPM,1957,31
Saint Pierre and Miquelon,SPM,1958,55
Saint Pierre and Miquelon,SPM,1959,67
Saint Pierre and Miquelon,SPM,1960,30
Saint Pierre and Miquelon,SPM,1961,-13
Saint Pierre and Miquelon,SPM,1962,21
Saint Pierre and Miquelon,SPM,1963,62
Saint Pierre and Miquelon,SPM,1964,92
Saint Pierre and Miquelon,SPM,1965,77
Saint Pierre and Miquelon,SPM,1966,78
Saint Pierre and Miquelon,SPM,1967,80
Saint Pierre and Miquelon,SPM,1968,77
Saint Pierre and Miquelon,SPM,1969,81
Saint Pierre and Miquelon,SPM,1970,87
Saint Pierre and Miquelon,SPM,1971,86
Saint Pierre and Miquelon,SPM,1972,86
Saint Pierre and Miquelon,SPM,1973,95
Saint Pierre and Miquelon,SPM,1974,79
Saint Pierre and Miquelon,SPM,1975,47
Saint Pierre and Miquelon,SPM,1976,39
Saint Pierre and Miquelon,SPM,1977,35
Saint Pierre and Miquelon,SPM,1978,37
Saint Pierre and Miquelon,SPM,1979,20
Saint Pierre and Miquelon,SPM,1980,10
Saint Pierre and Miquelon,SPM,1981,-20
Saint Pierre and Miquelon,SPM,1982,-9
Saint Pierre and Miquelon,SPM,1983,45
Saint Pierre and Miquelon,SPM,1984,51
Saint Pierre and Miquelon,SPM,1985,42
Saint Pierre and Miquelon,SPM,1986,37
Saint Pierre and Miquelon,SPM,1987,30
Saint Pierre and Miquelon,SPM,1988,13
Saint Pierre and Miquelon,SPM,1989,-9
Saint Pierre and Miquelon,SPM,1990,5
Saint Pierre and Miquelon,SPM,1991,23
Saint Pierre and Miquelon,SPM,1992,28
Saint Pierre and Miquelon,SPM,1993,12
Saint Pierre and Miquelon,SPM,1994,15
Saint Pierre and Miquelon,SPM,1995,4
Saint Pierre and Miquelon,SPM,1996,-8
Saint Pierre and Miquelon,SPM,1997,-13
Saint Pierre and Miquelon,SPM,1998,-46
Saint Pierre and Miquelon,SPM,1999,-54
Saint Pierre and Miquelon,SPM,2000,-21
Saint Pierre and Miquelon,SPM,2001,-18
Saint Pierre and Miquelon,SPM,2002,-26
Saint Pierre and Miquelon,SPM,2003,-39
Saint Pierre and Miquelon,SPM,2004,-43
Saint Pierre and Miquelon,SPM,2005,-52
Saint Pierre and Miquelon,SPM,2006,-45
Saint Pierre and Miquelon,SPM,2007,-20
Saint Pierre and Miquelon,SPM,2008,-11
Saint Pierre and Miquelon,SPM,2009,-9
Saint Pierre and Miquelon,SPM,2010,-7
Saint Pierre and Miquelon,SPM,2011,-11
Saint Pierre and Miquelon,SPM,2012,-17
Saint Pierre and Miquelon,SPM,2013,-20
Saint Pierre and Miquelon,SPM,2014,-15
Saint Pierre and Miquelon,SPM,2015,-13
Saint Pierre and Miquelon,SPM,2016,-14
Saint Pierre and Miquelon,SPM,2017,-11
Saint Pierre and Miquelon,SPM,2018,-14
Saint Pierre and Miquelon,SPM,2019,-33
Saint Pierre and Miquelon,SPM,2020,-47
Saint Pierre and Miquelon,SPM,2021,-50
Saint Pierre and Miquelon,SPM,2022,-42
Saint Pierre and Miquelon,SPM,2023,-53
Saint Vincent and the Grenadines,VCT,1951,1686
Saint Vincent and the Grenadines,VCT,1952,1833
Saint Vincent and the Grenadines,VCT,1953,1977
Saint Vincent and the Grenadines,VCT,1954,2139
Saint Vincent and the Grenadines,VCT,1955,2309
Saint Vincent and the Grenadines,VCT,1956,2446
Saint Vincent and the Grenadines,VCT,1957,2563
Saint Vincent and the Grenadines,VCT,1958,2694
Saint Vincent and the Grenadines,VCT,1959,2836
Saint Vincent and the Grenadines,VCT,1960,2240
Saint Vincent and the Grenadines,VCT,1961,1477
Saint Vincent and the Grenadines,VCT,1962,1374
Saint Vincent and the Grenadines,VCT,1963,1282
Saint Vincent and the Grenadines,VCT,1964,1230
Saint Vincent and the Grenadines,VCT,1965,1175
Saint Vincent and the Grenadines,VCT,1966,1124
Saint Vincent and the Grenadines,VCT,1967,1070
Saint Vincent and the Grenadines,VCT,1968,998
Saint Vincent and the Grenadines,VCT,1969,935
Saint Vincent and the Grenadines,VCT,1970,903
Saint Vincent and the Grenadines,VCT,1971,915
Saint Vincent and the Grenadines,VCT,1972,913
Saint Vincent and the Grenadines,VCT,1973,899
Saint Vincent and the Grenadines,VCT,1974,873
Saint Vincent and the Grenadines,VCT,1975,827
Saint Vincent and the Grenadines,VCT,1976,814
Saint Vincent and the Grenadines,VCT,1977,795
Saint Vincent and the Grenadines,VCT,1978,772
Saint Vincent and the Grenadines,VCT,1979,711
Saint Vincent and the Grenadines,VCT,1980,733
Saint Vincent and the Grenadines,VCT,1981,863
Saint Vincent and the Grenadines,VCT,1982,894
Saint Vincent and the Grenadines,VCT,1983,872
Saint Vincent and the Grenadines,VCT,1984,848
Saint Vincent and the Grenadines,VCT,1985,820
Saint Vincent and the Grenadines,VCT,1986,776
Saint Vincent and the Grenadines,VCT,1987,716
Saint Vincent and the Grenadines,VCT,1988,660
Saint Vincent and the Grenadines,VCT,1989,612
Saint Vincent and the Grenadines,VCT,1990,535
Saint Vincent and the Grenadines,VCT,1991,411
Saint Vincent and the Grenadines,VCT,1992,288
Saint Vincent and the Grenadines,VCT,1993,229
Saint Vincent and the Grenadines,VCT,1994,180
Saint Vincent and the Grenadines,VCT,1995,131
Saint Vincent and the Grenadines,VCT,1996,72
Saint Vincent and the Grenadines,VCT,1997,22
Saint Vincent and the Grenadines,VCT,1998,37
Saint Vincent and the Grenadines,VCT,1999,189
Saint Vincent and the Grenadines,VCT,2000,177
Saint Vincent and the Grenadines,VCT,2001,-55
Saint Vincent and the Grenadines,VCT,2002,-141
Saint Vincent and the Grenadines,VCT,2003,-216
Saint Vincent and the Grenadines,VCT,2004,-293
Saint Vincent and the Grenadines,VCT,2005,-391
Saint Vincent and the Grenadines,VCT,2006,-438
Saint Vincent and the Grenadines,VCT,2007,-483
Saint Vincent and the Grenadines,VCT,2008,-497
Saint Vincent and the Grenadines,VCT,2009,-526
Saint Vincent and the Grenadines,VCT,2010,-547
Saint Vincent and the Grenadines,VCT,2011,-607
Saint Vincent and the Grenadines,VCT,2012,-614
Saint Vincent and the Grenadines,VCT,2013,-597
Saint Vincent and the Grenadines,VCT,2014,-601
Saint Vincent and the Grenadines,VCT,2015,-580
Saint Vincent and the Grenadines,VCT,2016,-610
Saint Vincent and the Grenadines,VCT,2017,-691
Saint Vincent and the Grenadines,VCT,2018,-735
Saint Vincent and the Grenadines,VCT,2019,-756
Saint Vincent and the Grenadines,VCT,2020,-643
Saint Vincent and the Grenadines,VCT,2021,-692
Saint Vincent and the Grenadines,VCT,2022,-785
Saint Vincent and the Grenadines,VCT,2023,-732
Samoa,WSM,1951,2224
Samoa,WSM,1952,2200
Samoa,WSM,1953,2064
Samoa,WSM,1954,2109
Samoa,WSM,1955,2160
Samoa,WSM,1956,2281
Samoa,WSM,1957,2569
Samoa,WSM,1958,2804
Samoa,WSM,1959,2865
Samoa,WSM,1960,2933
Samoa,WSM,1961,3008
Samoa,WSM,1962,3099
Samoa,WSM,1963,3164
Samoa,WSM,1964,3136
Samoa,WSM,1965,3081
Samoa,WSM,1966,3090
Samoa,WSM,1967,2698
Samoa,WSM,1968,2254
Samoa,WSM,1969,2205
Samoa,WSM,1970,2177
Samoa,WSM,1971,2094
Samoa,WSM,1972,2037
Samoa,WSM,1973,1976
Samoa,WSM,1974,2913
Samoa,WSM,1975,3913
Samoa,WSM,1976,3770
Samoa,WSM,1977,2643
Samoa,WSM,1978,1619
Samoa,WSM,1979,1507
Samoa,WSM,1980,1443
Samoa,WSM,1981,1349
Samoa,WSM,1982,812
Samoa,WSM,1983,228
Samoa,WSM,1984,81
Samoa,WSM,1985,57
Samoa,WSM,1986,209
Samoa,WSM,1987,600
Samoa,WSM,1988,689
Samoa,WSM,1989,419
Samoa,WSM,1990,282
Samoa,WSM,1991,317
Samoa,WSM,1992,962
Samoa,WSM,1993,1446
Samoa,WSM,1994,1381
Samoa,WSM,1995,1418
Samoa,WSM,1996,1501
Samoa,WSM,1997,1475
Samoa,WSM,1998,1360
Samoa,WSM,1999,1358
Samoa,WSM,2000,1416
Samoa,WSM,2001,1479
Samoa,WSM,2002,1308
Samoa,WSM,2003,965
Samoa,WSM,2004,818
Samoa,WSM,2005,728
Samoa,WSM,2006,731
Samoa,WSM,2007,1042
Samoa,WSM,2008,1351
Samoa,WSM,2009,1413
Samoa,WSM,2010,1505
Samoa,WSM,2011,1691
Samoa,WSM,2012,1792
Samoa,WSM,2013,1766
Samoa,WSM,2014,1767
Samoa,WSM,2015,1743
Samoa,WSM,2016,1715
Samoa,WSM,2017,1914
Samoa,WSM,2018,2172
Samoa,WSM,2019,2199
Samoa,WSM,2020,2163
Samoa,WSM,2021,1835
Samoa,WSM,2022,1478
Samoa,WSM,2023,1403
San Marino,SMR,1951,175
San Marino,SMR,1952,155
San Marino,SMR,1953,157
San Marino,SMR,1954,173
San Marino,SMR,1955,186
San Marino,SMR,1956,258
San Marino,SMR,1957,336
San Marino,SMR,1958,336
San Marino,SMR,1959,348
San Marino,SMR,1960,355
San Marino,SMR,1961,375
San Marino,SMR,1962,377
San Marino,SMR,1963,405
San Marino,SMR,1964,392
San Marino,SMR,1965,330
San Marino,SMR,1966,221
San Marino,SMR,1967,164
San Marino,SMR,1968,173
San Marino,SMR,1969,165
San Marino,SMR,1970,143
San Marino,SMR,1971,250
San Marino,SMR,1972,367
San Marino,SMR,1973,208
San Marino,SMR,1974,33
San Marino,SMR,1975,23
San Marino,SMR,1976,63
San Marino,SMR,1977,901
San Marino,SMR,1978,1011
San Marino,SMR,1979,296
San Marino,SMR,1980,263
San Marino,SMR,1981,260
San Marino,SMR,1982,209
San Marino,SMR,1983,177
San Marino,SMR,1984,117
San Marino,SMR,1985,137
San Marino,SMR,1986,154
San Marino,SMR,1987,47
San Marino,SMR,1988,155
San Marino,SMR,1989,310
San Marino,SMR,1990,326
San Marino,SMR,1991,322
San Marino,SMR,1992,326
San Marino,SMR,1993,350
San Marino,SMR,1994,354
San Marino,SMR,1995,330
San Marino,SMR,1996,320
San Marino,SMR,1997,318
San Marino,SMR,1998,328
San Marino,SMR,1999,336
San Marino,SMR,2000,338
San Marino,SMR,2001,350
San Marino,SMR,2002,342
San Marino,SMR,2003,356
San Marino,SMR,2004,359
San Marino,SMR,2005,370
San Marino,SMR,2006,366
San Marino,SMR,2007,368
San Marino,SMR,2008,387
San Marino,SMR,2009,394
San Marino,SMR,2010,533
San Marino,SMR,2011,1546
San Marino,SMR,2012,1300
San Marino,SMR,2013,147
San Marino,SMR,2014,112
San Marino,SMR,2015,174
San Marino,SMR,2016,261
San Marino,SMR,2017,217
San Marino,SMR,2018,152
San Marino,SMR,2019,117
San Marino,SMR,2020,122
San Marino,SMR,2021,-197
San Marino,SMR,2022,-486
San Marino,SMR,2023,-352
Sao Tome and Principe,STP,1951,888
Sao Tome and Principe,STP,1952,828
Sao Tome and Principe,STP,1953,737
Sao Tome and Principe,STP,1954,656
Sao Tome and Principe,STP,1955,614
Sao Tome and Principe,STP,1956,623
Sao Tome and Principe,STP,1957,645
Sao Tome and Principe,STP,1958,689
Sao Tome and Principe,STP,1959,731
Sao Tome and Principe,STP,1960,722
Sao Tome and Principe,STP,1961,696
Sao Tome and Principe,STP,1962,698
Sao Tome and Principe,STP,1963,711
Sao Tome and Principe,STP,1964,748
Sao Tome and Principe,STP,1965,810
Sao Tome and Principe,STP,1966,903
Sao Tome and Principe,STP,1967,1016
Sao Tome and Principe,STP,1968,1173
Sao Tome and Principe,STP,1969,1313
Sao Tome and Principe,STP,1970,1543
Sao Tome and Principe,STP,1971,1712
Sao Tome and Principe,STP,1972,1710
Sao Tome and Principe,STP,1973,1755
Sao Tome and Principe,STP,1974,1869
Sao Tome and Principe,STP,1975,2037
Sao Tome and Principe,STP,1976,2217
Sao Tome and Principe,STP,1977,2377
Sao Tome and Principe,STP,1978,2493
Sao Tome and Principe,STP,1979,2457
Sao Tome and Principe,STP,1980,2297
Sao Tome and Principe,STP,1981,2066
Sao Tome and Principe,STP,1982,1899
Sao Tome and Principe,STP,1983,1869
Sao Tome and Principe,STP,1984,2013
Sao Tome and Principe,STP,1985,2259
Sao Tome and Principe,STP,1986,2494
Sao Tome and Principe,STP,1987,2771
Sao Tome and Principe,STP,1988,3021
Sao Tome and Principe,STP,1989,3035
Sao Tome and Principe,STP,1990,3003
Sao Tome and Principe,STP,1991,2718
Sao Tome and Principe,STP,1992,2416
Sao Tome and Principe,STP,1993,2351
Sao Tome and Principe,STP,1994,2267
Sao Tome and Principe,STP,1995,2160
Sao Tome and Principe,STP,1996,2069
Sao Tome and Principe,STP,1997,1961
Sao Tome and Principe,STP,1998,1830
Sao Tome and Principe,STP,1999,1694
Sao Tome and Principe,STP,2000,1570
Sao Tome and Principe,STP,2001,2357
Sao Tome and Principe,STP,2002,3546
Sao Tome and Principe,STP,2003,3892
Sao Tome and Principe,STP,2004,3897
Sao Tome and Principe,STP,2005,3929
Sao Tome and Principe,STP,2006,4001
Sao Tome and Principe,STP,2007,4058
Sao Tome and Principe,STP,2008,4099
Sao Tome and Principe,STP,2009,4058
Sao Tome and Principe,STP,2010,3944
Sao Tome and Principe,STP,2011,3855
Sao Tome and Principe,STP,2012,3787
Sao Tome and Principe,STP,2013,3706
Sao Tome and Principe,STP,2014,3622
Sao Tome and Principe,STP,2015,3528
Sao Tome and Principe,STP,2016,3394
Sao Tome and Principe,STP,2017,3284
Sao Tome and Principe,STP,2018,3212
Sao Tome and Principe,STP,2019,3207
Sao Tome and Principe,STP,2020,4045
Sao Tome and Principe,STP,2021,4525
Sao Tome and Principe,STP,2022,4338
Sao Tome and Principe,STP,2023,4569
Saudi Arabia,SAU,1951,60330
Saudi Arabia,SAU,1952,62911
Saudi Arabia,SAU,1953,65652
Saudi Arabia,SAU,1954,68459
Saudi Arabia,SAU,1955,71333
Saudi Arabia,SAU,1956,74269
Saudi Arabia,SAU,1957,77311
Saudi Arabia,SAU,1958,80560
Saudi Arabia,SAU,1959,83909
Saudi Arabia,SAU,1960,87396
Saudi Arabia,SAU,1961,90940
Saudi Arabia,SAU,1962,94565
Saudi Arabia,SAU,1963,98432
Saudi Arabia,SAU,1964,102623
Saudi Arabia,SAU,1965,106810
Saudi Arabia,SAU,1966,111111
Saudi Arabia,SAU,1967,117356
Saudi Arabia,SAU,1968,125460
Saudi Arabia,SAU,1969,134416
Saudi Arabia,SAU,1970,145352
Saudi Arabia,SAU,1971,161564
Saudi Arabia,SAU,1972,181690
Saudi Arabia,SAU,1973,200617
Saudi Arabia,SAU,1974,217293
Saudi Arabia,SAU,1975,232650
Saudi Arabia,SAU,1976,251647
Saudi Arabia,SAU,1977,275107
Saudi Arabia,SAU,1978,298858
Saudi Arabia,SAU,1979,321803
Saudi Arabia,SAU,1980,344293
Saudi Arabia,SAU,1981,372557
Saudi Arabia,SAU,1982,403930
Saudi Arabia,SAU,1983,428463
Saudi Arabia,SAU,1984,444365
Saudi Arabia,SAU,1985,454470
Saudi Arabia,SAU,1986,476857
Saudi Arabia,SAU,1987,501568
Saudi Arabia,SAU,1988,498965
Saudi Arabia,SAU,1989,499225
Saudi Arabia,SAU,1990,512300
Saudi Arabia,SAU,1991,520055
Saudi Arabia,SAU,1992,525930
Saudi Arabia,SAU,1993,529182
Saudi Arabia,SAU,1994,534173
Saudi Arabia,SAU,1995,539209
Saudi Arabia,SAU,1996,541756
Saudi Arabia,SAU,1997,543946
Saudi Arabia,SAU,1998,547240
Saudi Arabia,SAU,1999,549888
Saudi Arabia,SAU,2000,705657
Saudi Arabia,SAU,2001,863672
Saudi Arabia,SAU,2002,869504
Saudi Arabia,SAU,2003,875862
Saudi Arabia,SAU,2004,882715
Saudi Arabia,SAU,2005,890400
Saudi Arabia,SAU,2006,899255
Saudi Arabia,SAU,2007,909172
Saudi Arabia,SAU,2008,919571
Saudi Arabia,SAU,2009,929772
Saudi Arabia,SAU,2010,939478
Saudi Arabia,SAU,2011,948502
Saudi Arabia,SAU,2012,956811
Saudi Arabia,SAU,2013,964378
Saudi Arabia,SAU,2014,971302
Saudi Arabia,SAU,2015,976817
Saudi Arabia,SAU,2016,742860
Saudi Arabia,SAU,2017,64596
Saudi Arabia,SAU,2018,-417281
Saudi Arabia,SAU,2019,107690
Saudi Arabia,SAU,2020,518397
Saudi Arabia,SAU,2021,337168
Saudi Arabia,SAU,2022,846977
Saudi Arabia,SAU,2023,1088938
Senegal,SEN,1951,64267
Senegal,SEN,1952,67368
Senegal,SEN,1953,70560
Senegal,SEN,1954,73822
Senegal,SEN,1955,77119
Senegal,SEN,1956,80426
Senegal,SEN,1957,83436
Senegal,SEN,1958,86388
Senegal,SEN,1959,89563
Senegal,SEN,1960,92575
Senegal,SEN,1961,95479
Senegal,SEN,1962,98309
Senegal,SEN,1963,101188
Senegal,SEN,1964,104664
Senegal,SEN,1965,109253
Senegal,SEN,1966,114512
Senegal,SEN,1967,119567
Senegal,SEN,1968,123721
Senegal,SEN,1969,127386
Senegal,SEN,1970,131351
Senegal,SEN,1971,135539
Senegal,SEN,1972,139763
Senegal,SEN,1973,143549
Senegal,SEN,1974,144265
Senegal,SEN,1975,141366
Senegal,SEN,1976,137755
Senegal,SEN,1977,130988
Senegal,SEN,1978,128544
Senegal,SEN,1979,134800
Senegal,SEN,1980,142741
Senegal,SEN,1981,151525
Senegal,SEN,1982,159798
Senegal,SEN,1983,167544
Senegal,SEN,1984,174859
Senegal,SEN,1985,183930
Senegal,SEN,1986,194903
Senegal,SEN,1987,203336
Senegal,SEN,1988,208087
Senegal,SEN,1989,212591
Senegal,SEN,1990,218311
Senegal,SEN,1991,222567
Senegal,SEN,1992,225305
Senegal,SEN,1993,227893
Senegal,SEN,1994,227788
Senegal,SEN,1995,224035
Senegal,SEN,1996,218906
Senegal,SEN,1997,216487
Senegal,SEN,1998,219446
Senegal,SEN,1999,227946
Senegal,SEN,2000,237365
Senegal,SEN,2001,244679
Senegal,SEN,2002,253275
Senegal,SEN,2003,254960
Senegal,SEN,2004,254535
Senegal,SEN,2005,259762
Senegal,SEN,2006,264621
Senegal,SEN,2007,270254
Senegal,SEN,2008,278615
Senegal,SEN,2009,288427
Senegal,SEN,2010,298028
Senegal,SEN,2011,323484
Senegal,SEN,2012,351597
Senegal,SEN,2013,400358
Senegal,SEN,2014,441246
Senegal,SEN,2015,441232
Senegal,SEN,2016,441182
Senegal,SEN,2017,440484
Senegal,SEN,2018,439494
Senegal,SEN,2019,438431
Senegal,SEN,2020,436291
Senegal,SEN,2021,431649
Senegal,SEN,2022,430233
Senegal,SEN,2023,426474
Serbia,SRB,1951,57844
Serbia,SRB,1952,60225
Serbia,SRB,1953,65145
Serbia,SRB,1954,74475
Serbia,SRB,1955,79439
Serbia,SRB,1956,76434
Serbia,SRB,1957,73693
Serbia,SRB,1958,70779
Serbia,SRB,1959,67979
Serbia,SRB,1960,67750
Serbia,SRB,1961,68428
Serbia,SRB,1962,67242
Serbia,SRB,1963,65534
Serbia,SRB,1964,64050
Serbia,SRB,1965,62924
Serbia,SRB,1966,62086
Serbia,SRB,1967,61165
Serbia,SRB,1968,59636
Serbia,SRB,1969,57029
Serbia,SRB,1970,53368
Serbia,SRB,1971,50715
Serbia,SRB,1972,49601
Serbia,SRB,1973,48774
Serbia,SRB,1974,48975
Serbia,SRB,1975,49942
Serbia,SRB,1976,50270
Serbia,SRB,1977,48783
Serbia,SRB,1978,45446
Serbia,SRB,1979,41287
Serbia,SRB,1980,38067
Serbia,SRB,1981,31577
Serbia,SRB,1982,21789
Serbia,SRB,1983,14940
Serbia,SRB,1984,10458
Serbia,SRB,1985,6501
Serbia,SRB,1986,3031
Serbia,SRB,1987,782
Serbia,SRB,1988,-907
Serbia,SRB,1989,-3185
Serbia,SRB,1990,-6677
Serbia,SRB,1991,-7528
Serbia,SRB,1992,-7256
Serbia,SRB,1993,-10088
Serbia,SRB,1994,-12566
Serbia,SRB,1995,-13876
Serbia,SRB,1996,-15561
Serbia,SRB,1997,-18534
Serbia,SRB,1998,-23257
Serbia,SRB,1999,-31562
Serbia,SRB,2000,-39759
Serbia,SRB,2001,-42681
Serbia,SRB,2002,-35186
Serbia,SRB,2003,-25795
Serbia,SRB,2004,-25103
Serbia,SRB,2005,-26704
Serbia,SRB,2006,-27744
Serbia,SRB,2007,-28399
Serbia,SRB,2008,-28711
Serbia,SRB,2009,-28939
Serbia,SRB,2010,-29474
Serbia,SRB,2011,-31014
Serbia,SRB,2012,-40234
Serbia,SRB,2013,-48441
Serbia,SRB,2014,-48980
Serbia,SRB,2015,-49946
Serbia,SRB,2016,-51174
Serbia,SRB,2017,-52576
Serbia,SRB,2018,-53493
Serbia,SRB,2019,-53859
Serbia,SRB,2020,-58341
Serbia,SRB,2021,-72385
Serbia,SRB,2022,-44214
Serbia,SRB,2023,-18011
Seychelles,SYC,1951,396
Seychelles,SYC,1952,308
Seychelles,SYC,1953,324
Seychelles,SYC,1954,369
Seychelles,SYC,1955,423
Seychelles,SYC,1956,491
Seychelles,SYC,1957,581
Seychelles,SYC,1958,625
Seychelles,SYC,1959,664
Seychelles,SYC,1960,762
Seychelles,SYC,1961,884
Seychelles,SYC,1962,955
Seychelles,SYC,1963,1011
Seychelles,SYC,1964,1065
Seychelles,SYC,1965,1131
Seychelles,SYC,1966,1181
Seychelles,SYC,1967,1210
Seychelles,SYC,1968,1218
Seychelles,SYC,1969,1200
Seychelles,SYC,1970,1172
Seychelles,SYC,1971,1258
Seychelles,SYC,1972,1379
Seychelles,SYC,1973,1407
Seychelles,SYC,1974,1445
Seychelles,SYC,1975,1471
Seychelles,SYC,1976,1526
Seychelles,SYC,1977,1355
Seychelles,SYC,1978,891
Seychelles,SYC,1979,617
Seychelles,SYC,1980,656
Seychelles,SYC,1981,693
Seychelles,SYC,1982,692
Seychelles,SYC,1983,713
Seychelles,SYC,1984,724
Seychelles,SYC,1985,734
Seychelles,SYC,1986,745
Seychelles,SYC,1987,776
Seychelles,SYC,1988,871
Seychelles,SYC,1989,913
Seychelles,SYC,1990,858
Seychelles,SYC,1991,838
Seychelles,SYC,1992,792
Seychelles,SYC,1993,790
Seychelles,SYC,1994,859
Seychelles,SYC,1995,865
Seychelles,SYC,1996,757
Seychelles,SYC,1997,769
Seychelles,SYC,1998,1068
Seychelles,SYC,1999,1295
Seychelles,SYC,2000,1306
Seychelles,SYC,2001,1282
Seychelles,SYC,2002,1257
Seychelles,SYC,2003,1178
Seychelles,SYC,2004,1119
Seychelles,SYC,2005,1113
Seychelles,SYC,2006,1103
Seychelles,SYC,2007,1092
Seychelles,SYC,2008,1080
Seychelles,SYC,2009,1081
Seychelles,SYC,2010,1349
Seychelles,SYC,2011,2048
Seychelles,SYC,2012,2524
Seychelles,SYC,2013,2543
Seychelles,SYC,2014,2555
Seychelles,SYC,2015,2584
Seychelles,SYC,2016,2589
Seychelles,SYC,2017,2607
Seychelles,SYC,2018,2610
Seychelles,SYC,2019,2609
Seychelles,SYC,2020,2637
Seychelles,SYC,2021,2701
Seychelles,SYC,2022,2533
Seychelles,SYC,2023,2428
Sierra Leone,SLE,1951,23661
Sierra Leone,SLE,1952,23912
Sierra Leone,SLE,1953,23617
Sierra Leone,SLE,1954,24248
Sierra Leone,SLE,1955,25829
Sierra Leone,SLE,1956,27085
Sierra Leone,SLE,1957,28274
Sierra Leone,SLE,1958,28587
Sierra Leone,SLE,1959,30183
Sierra Leone,SLE,1960,33337
Sierra Leone,SLE,1961,35868
Sierra Leone,SLE,1962,38012
Sierra Leone,SLE,1963,40021
Sierra Leone,SLE,1964,42131
Sierra Leone,SLE,1965,44276
Sierra Leone,SLE,1966,45972
Sierra Leone,SLE,1967,47753
Sierra Leone,SLE,1968,49141
Sierra Leone,SLE,1969,49832
Sierra Leone,SLE,1970,50920
Sierra Leone,SLE,1971,50943
Sierra Leone,SLE,1972,51167
Sierra Leone,SLE,1973,52562
Sierra Leone,SLE,1974,53507
Sierra Leone,SLE,1975,54193
Sierra Leone,SLE,1976,54163
Sierra Leone,SLE,1977,56537
Sierra Leone,SLE,1978,60163
Sierra Leone,SLE,1979,61980
Sierra Leone,SLE,1980,64595
Sierra Leone,SLE,1981,66847
Sierra Leone,SLE,1982,69244
Sierra Leone,SLE,1983,73456
Sierra Leone,SLE,1984,77118
Sierra Leone,SLE,1985,79682
Sierra Leone,SLE,1986,89937
Sierra Leone,SLE,1987,101339
Sierra Leone,SLE,1988,104797
Sierra Leone,SLE,1989,99521
Sierra Leone,SLE,1990,162796
Sierra Leone,SLE,1991,49434
Sierra Leone,SLE,1992,-79900
Sierra Leone,SLE,1993,-9240
Sierra Leone,SLE,1994,15983
Sierra Leone,SLE,1995,6067
Sierra Leone,SLE,1996,20037
Sierra Leone,SLE,1997,54495
Sierra Leone,SLE,1998,42073
Sierra Leone,SLE,1999,22264
Sierra Leone,SLE,2000,105568
Sierra Leone,SLE,2001,269100
Sierra Leone,SLE,2002,278720
Sierra Leone,SLE,2003,206251
Sierra Leone,SLE,2004,178029
Sierra Leone,SLE,2005,145992
Sierra Leone,SLE,2006,122757
Sierra Leone,SLE,2007,124889
Sierra Leone,SLE,2008,145375
Sierra Leone,SLE,2009,160927
Sierra Leone,SLE,2010,167060
Sierra Leone,SLE,2011,164543
Sierra Leone,SLE,2012,163820
Sierra Leone,SLE,2013,162979
Sierra Leone,SLE,2014,162328
Sierra Leone,SLE,2015,161275
Sierra Leone,SLE,2016,167679
Sierra Leone,SLE,2017,173961
Sierra Leone,SLE,2018,175268
Sierra Leone,SLE,2019,177426
Sierra Leone,SLE,2020,180563
Sierra Leone,SLE,2021,182046
Sierra Leone,SLE,2022,182206
Sierra Leone,SLE,2023,183714
Singapore,SGP,1951,54732
Singapore,SGP,1952,58048
Singapore,SGP,1953,61433
Singapore,SGP,1954,64755
Singapore,SGP,1955,67947
Singapore,SGP,1956,70724
Singapore,SGP,1957,67324
Singapore,SGP,1958,57450
Singapore,SGP,1959,52026
Singapore,SGP,1960,51571
Singapore,SGP,1961,51141
Singapore,SGP,1962,50714
Singapore,SGP,1963,50334
Singapore,SGP,1964,49951
Singapore,SGP,1965,49360
Singapore,SGP,1966,48260
Singapore,SGP,1967,46598
Singapore,SGP,1968,44416
Singapore,SGP,1969,42061
Singapore,SGP,1970,39405
Singapore,SGP,1971,36877
Singapore,SGP,1972,35899
Singapore,SGP,1973,35801
Singapore,SGP,1974,34934
Singapore,SGP,1975,33453
Singapore,SGP,1976,32217
Singapore,SGP,1977,30798
Singapore,SGP,1978,29064
Singapore,SGP,1979,27548
Singapore,SGP,1980,49337
Singapore,SGP,1981,94305
Singapore,SGP,1982,95619
Singapore,SGP,1983,58562
Singapore,SGP,1984,34948
Singapore,SGP,1985,14102
Singapore,SGP,1986,9624
Singapore,SGP,1987,36969
Singapore,SGP,1988,67418
Singapore,SGP,1989,89613
Singapore,SGP,1990,100937
Singapore,SGP,1991,96701
Singapore,SGP,1992,90167
Singapore,SGP,1993,91431
Singapore,SGP,1994,99926
Singapore,SGP,1995,115806
Singapore,SGP,1996,130942
Singapore,SGP,1997,132063
Singapore,SGP,1998,104789
Singapore,SGP,1999,65144
Singapore,SGP,2000,68689
Singapore,SGP,2001,80918
Singapore,SGP,2002,30729
Singapore,SGP,2003,-8657
Singapore,SGP,2004,34526
Singapore,SGP,2005,95596
Singapore,SGP,2006,138701
Singapore,SGP,2007,189452
Singapore,SGP,2008,210226
Singapore,SGP,2009,161832
Singapore,SGP,2010,108446
Singapore,SGP,2011,105222
Singapore,SGP,2012,111103
Singapore,SGP,2013,92244
Singapore,SGP,2014,72310
Singapore,SGP,2015,67444
Singapore,SGP,2016,52593
Singapore,SGP,2017,26151
Singapore,SGP,2018,30279
Singapore,SGP,2019,35196
Singapore,SGP,2020,-49411
Singapore,SGP,2021,-73860
Singapore,SGP,2022,103597
Singapore,SGP,2023,139204
Sint Maarten (Dutch part),SXM,1951,106
Sint Maarten (Dutch part),SXM,1952,94
Sint Maarten (Dutch part),SXM,1953,88
Sint Maarten (Dutch part),SXM,1954,99
Sint Maarten (Dutch part),SXM,1955,112
Sint Maarten (Dutch part),SXM,1956,129
Sint Maarten (Dutch part),SXM,1957,137
Sint Maarten (Dutch part),SXM,1958,150
Sint Maarten (Dutch part),SXM,1959,157
Sint Maarten (Dutch part),SXM,1960,194
Sint Maarten (Dutch part),SXM,1961,253
Sint Maarten (Dutch part),SXM,1962,292
Sint Maarten (Dutch part),SXM,1963,322
Sint Maarten (Dutch part),SXM,1964,340
Sint Maarten (Dutch part),SXM,1965,359
Sint Maarten (Dutch part),SXM,1966,379
Sint Maarten (Dutch part),SXM,1967,407
Sint Maarten (Dutch part),SXM,1968,434
Sint Maarten (Dutch part),SXM,1969,446
Sint Maarten (Dutch part),SXM,1970,467
Sint Maarten (Dutch part),SXM,1971,472
Sint Maarten (Dutch part),SXM,1972,493
Sint Maarten (Dutch part),SXM,1973,537
Sint Maarten (Dutch part),SXM,1974,575
Sint Maarten (Dutch part),SXM,1975,600
Sint Maarten (Dutch part),SXM,1976,625
Sint Maarten (Dutch part),SXM,1977,648
Sint Maarten (Dutch part),SXM,1978,672
Sint Maarten (Dutch part),SXM,1979,687
Sint Maarten (Dutch part),SXM,1980,686
Sint Maarten (Dutch part),SXM,1981,895
Sint Maarten (Dutch part),SXM,1982,1295
Sint Maarten (Dutch part),SXM,1983,1532
Sint Maarten (Dutch part),SXM,1984,1561
Sint Maarten (Dutch part),SXM,1985,1599
Sint Maarten (Dutch part),SXM,1986,1635
Sint Maarten (Dutch part),SXM,1987,1693
Sint Maarten (Dutch part),SXM,1988,1740
Sint Maarten (Dutch part),SXM,1989,1808
Sint Maarten (Dutch part),SXM,1990,1889
Sint Maarten (Dutch part),SXM,1991,1984
Sint Maarten (Dutch part),SXM,1992,1526
Sint Maarten (Dutch part),SXM,1993,461
Sint Maarten (Dutch part),SXM,1994,-109
Sint Maarten (Dutch part),SXM,1995,-145
Sint Maarten (Dutch part),SXM,1996,-174
Sint Maarten (Dutch part),SXM,1997,-201
Sint Maarten (Dutch part),SXM,1998,-206
Sint Maarten (Dutch part),SXM,1999,-217
Sint Maarten (Dutch part),SXM,2000,-202
Sint Maarten (Dutch part),SXM,2001,-45
Sint Maarten (Dutch part),SXM,2002,235
Sint Maarten (Dutch part),SXM,2003,360
Sint Maarten (Dutch part),SXM,2004,368
Sint Maarten (Dutch part),SXM,2005,369
Sint Maarten (Dutch part),SXM,2006,365
Sint Maarten (Dutch part),SXM,2007,363
Sint Maarten (Dutch part),SXM,2008,354
Sint Maarten (Dutch part),SXM,2009,349
Sint Maarten (Dutch part),SXM,2010,300
Sint Maarten (Dutch part),SXM,2011,474
Sint Maarten (Dutch part),SXM,2012,752
Sint Maarten (Dutch part),SXM,2013,831
Sint Maarten (Dutch part),SXM,2014,824
Sint Maarten (Dutch part),SXM,2015,795
Sint Maarten (Dutch part),SXM,2016,784
Sint Maarten (Dutch part),SXM,2017,738
Sint Maarten (Dutch part),SXM,2018,724
Sint Maarten (Dutch part),SXM,2019,674
Sint Maarten (Dutch part),SXM,2020,617
Sint Maarten (Dutch part),SXM,2021,566
Sint Maarten (Dutch part),SXM,2022,570
Sint Maarten (Dutch part),SXM,2023,612
Slovakia,SVK,1951,59633
Slovakia,SVK,1952,66477
Slovakia,SVK,1953,68219
Slovakia,SVK,1954,67948
Slovakia,SVK,1955,69327
Slovakia,SVK,1956,70914
Slovakia,SVK,1957,68572
Slovakia,SVK,1958,65858
Slovakia,SVK,1959,61976
Slovakia,SVK,1960,59770
Slovakia,SVK,1961,60903
Slovakia,SVK,1962,50449
Slovakia,SVK,1963,42671
Slovakia,SVK,1964,44826
Slovakia,SVK,1965,41762
Slovakia,SVK,1966,37151
Slovakia,SVK,1967,33900
Slovakia,SVK,1968,30334
Slovakia,SVK,1969,28599
Slovakia,SVK,1970,30837
Slovakia,SVK,1971,34539
Slovakia,SVK,1972,39387
Slovakia,SVK,1973,43881
Slovakia,SVK,1974,46964
Slovakia,SVK,1975,48528
Slovakia,SVK,1976,49338
Slovakia,SVK,1977,49197
Slovakia,SVK,1978,48023
Slovakia,SVK,1979,47718
Slovakia,SVK,1980,43208
Slovakia,SVK,1981,38301
Slovakia,SVK,1982,36851
Slovakia,SVK,1983,34632
Slovakia,SVK,1984,32951
Slovakia,SVK,1985,31770
Slovakia,SVK,1986,28926
Slovakia,SVK,1987,25792
Slovakia,SVK,1988,23796
Slovakia,SVK,1989,20254
Slovakia,SVK,1990,16145
Slovakia,SVK,1991,18799
Slovakia,SVK,1992,21569
Slovakia,SVK,1993,19918
Slovakia,SVK,1994,16867
Slovakia,SVK,1995,11057
Slovakia,SVK,1996,8143
Slovakia,SVK,1997,7351
Slovakia,SVK,1998,5020
Slovakia,SVK,1999,3304
Slovakia,SVK,2000,1896
Slovakia,SVK,2001,-562
Slovakia,SVK,2002,-1754
Slovakia,SVK,2003,-1488
Slovakia,SVK,2004,-159
Slovakia,SVK,2005,659
Slovakia,SVK,2006,150
Slovakia,SVK,2007,146
Slovakia,SVK,2008,2134
Slovakia,SVK,2009,5947
Slovakia,SVK,2010,6783
Slovakia,SVK,2011,6248
Slovakia,SVK,2012,6772
Slovakia,SVK,2013,5545
Slovakia,SVK,2014,4816
Slovakia,SVK,2015,5040
Slovakia,SVK,2016,6984
Slovakia,SVK,2017,8440
Slovakia,SVK,2018,7527
Slovakia,SVK,2019,7398
Slovakia,SVK,2020,4401
Slovakia,SVK,2021,-12262
Slovakia,SVK,2022,30429
Slovakia,SVK,2023,44862
Slovenia,SVN,1951,16369
Slovenia,SVN,1952,16940
Slovenia,SVN,1953,17891
Slovenia,SVN,1954,18042
Slovenia,SVN,1955,17033
Slovenia,SVN,1956,16130
Slovenia,SVN,1957,15387
Slovenia,SVN,1958,14385
Slovenia,SVN,1959,13579
Slovenia,SVN,1960,12962
Slovenia,SVN,1961,13484
Slovenia,SVN,1962,14520
Slovenia,SVN,1963,14363
Slovenia,SVN,1964,13908
Slovenia,SVN,1965,13966
Slovenia,SVN,1966,14317
Slovenia,SVN,1967,14237
Slovenia,SVN,1968,13056
Slovenia,SVN,1969,11749
Slovenia,SVN,1970,11189
Slovenia,SVN,1971,12846
Slovenia,SVN,1972,15505
Slovenia,SVN,1973,16359
Slovenia,SVN,1974,16453
Slovenia,SVN,1975,16563
Slovenia,SVN,1976,16761
Slovenia,SVN,1977,16973
Slovenia,SVN,1978,17186
Slovenia,SVN,1979,17397
Slovenia,SVN,1980,17163
Slovenia,SVN,1981,11519
Slovenia,SVN,1982,3380
Slovenia,SVN,1983,5386
Slovenia,SVN,1984,9343
Slovenia,SVN,1985,8777
Slovenia,SVN,1986,23353
Slovenia,SVN,1987,23192
Slovenia,SVN,1988,5495
Slovenia,SVN,1989,1943
Slovenia,SVN,1990,2547
Slovenia,SVN,1991,1181
Slovenia,SVN,1992,-3329
Slovenia,SVN,1993,-5047
Slovenia,SVN,1994,-2553
Slovenia,SVN,1995,-164
Slovenia,SVN,1996,-1306
Slovenia,SVN,1997,-2388
Slovenia,SVN,1998,-4333
Slovenia,SVN,1999,1127
Slovenia,SVN,2000,5619
Slovenia,SVN,2001,2867
Slovenia,SVN,2002,1887
Slovenia,SVN,2003,928
Slovenia,SVN,2004,1049
Slovenia,SVN,2005,3367
Slovenia,SVN,2006,6201
Slovenia,SVN,2007,11043
Slovenia,SVN,2008,10931
Slovenia,SVN,2009,10520
Slovenia,SVN,2010,9001
Slovenia,SVN,2011,4194
Slovenia,SVN,2012,4517
Slovenia,SVN,2013,3130
Slovenia,SVN,2014,1943
Slovenia,SVN,2015,1551
Slovenia,SVN,2016,1433
Slovenia,SVN,2017,1031
Slovenia,SVN,2018,7074
Slovenia,SVN,2019,13954
Slovenia,SVN,2020,18983
Slovenia,SVN,2021,11074
Slovenia,SVN,2022,1736
Slovenia,SVN,2023,3163
Small island developing states (SIDS),,1951,495163
Small island developing states (SIDS),,1952,506625
Small island developing states (SIDS),,1953,522477
Small island developing states (SIDS),,1954,536706
Small island developing states (SIDS),,1955,552403
Small island developing states (SIDS),,1956,568750
Small island developing states (SIDS),,1957,579150
Small island developing states (SIDS),,1958,584043
Small island developing states (SIDS),,1959,594349
Small island developing states (SIDS),,1960,614748
Small island developing states (SIDS),,1961,632681
Small island developing states (SIDS),,1962,646062
Small island developing states (SIDS),,1963,655598
Small island developing states (SIDS),,1964,651298
Small island developing states (SIDS),,1965,647301
Small island developing states (SIDS),,1966,655194
Small island developing states (SIDS),,1967,663881
Small island developing states (SIDS),,1968,665834
Small island developing states (SIDS),,1969,660142
Small island developing states (SIDS),,1970,665540
Small island developing states (SIDS),,1971,670476
Small island developing states (SIDS),,1972,658512
Small island developing states (SIDS),,1973,647931
Small island developing states (SIDS),,1974,650551
Small island developing states (SIDS),,1975,658333
Small island developing states (SIDS),,1976,656111
Small island developing states (SIDS),,1977,647763
Small island developing states (SIDS),,1978,636553
Small island developing states (SIDS),,1979,606190
Small island developing states (SIDS),,1980,607219
Small island developing states (SIDS),,1981,662594
Small island developing states (SIDS),,1982,687404
Small island developing states (SIDS),,1983,674884
Small island developing states (SIDS),,1984,662766
Small island developing states (SIDS),,1985,648708
Small island developing states (SIDS),,1986,647592
Small island developing states (SIDS),,1987,675753
Small island developing states (SIDS),,1988,715478
Small island developing states (SIDS),,1989,753441
Small island developing states (SIDS),,1990,789423
Small island developing states (SIDS),,1991,816230
Small island developing states (SIDS),,1992,828104
Small island developing states (SIDS),,1993,826790
Small island developing states (SIDS),,1994,824714
Small island developing states (SIDS),,1995,834529
Small island developing states (SIDS),,1996,848946
Small island developing states (SIDS),,1997,853020
Small island developing states (SIDS),,1998,823043
Small island developing states (SIDS),,1999,646447
Small island developing states (SIDS),,2000,657388
Small island developing states (SIDS),,2001,809428
Small island developing states (SIDS),,2002,753063
Small island developing states (SIDS),,2003,683320
Small island developing states (SIDS),,2004,690611
Small island developing states (SIDS),,2005,746974
Small island developing states (SIDS),,2006,798910
Small island developing states (SIDS),,2007,852098
Small island developing states (SIDS),,2008,872229
Small island developing states (SIDS),,2009,827917
Small island developing states (SIDS),,2010,733519
Small island developing states (SIDS),,2011,724065
Small island developing states (SIDS),,2012,763360
Small island developing states (SIDS),,2013,733680
Small island developing states (SIDS),,2014,697535
Small island developing states (SIDS),,2015,680748
Small island developing states (SIDS),,2016,653204
Small island developing states (SIDS),,2017,555663
Small island developing states (SIDS),,2018,616760
Small island developing states (SIDS),,2019,655453
Small island developing states (SIDS),,2020,512339
Small island developing states (SIDS),,2021,453811
Small island developing states (SIDS),,2022,597884
Small island developing states (SIDS),,2023,664378
Solomon Islands,SLB,1951,2322
Solomon Islands,SLB,1952,2529
Solomon Islands,SLB,1953,2722
Solomon Islands,SLB,1954,2903
Solomon Islands,SLB,1955,3073
Solomon Islands,SLB,1956,3158
Solomon Islands,SLB,1957,3332
Solomon Islands,SLB,1958,3631
Solomon Islands,SLB,1959,3824
Solomon Islands,SLB,1960,3554
Solomon Islands,SLB,1961,3223
Solomon Islands,SLB,1962,3289
Solomon Islands,SLB,1963,3397
Solomon Islands,SLB,1964,3491
Solomon Islands,SLB,1965,3598
Solomon Islands,SLB,1966,3707
Solomon Islands,SLB,1967,3852
Solomon Islands,SLB,1968,4042
Solomon Islands,SLB,1969,4191
Solomon Islands,SLB,1970,4102
Solomon Islands,SLB,1971,4065
Solomon Islands,SLB,1972,4350
Solomon Islands,SLB,1973,4783
Solomon Islands,SLB,1974,5268
Solomon Islands,SLB,1975,5703
Solomon Islands,SLB,1976,6451
Solomon Islands,SLB,1977,7216
Solomon Islands,SLB,1978,7614
Solomon Islands,SLB,1979,7924
Solomon Islands,SLB,1980,8185
Solomon Islands,SLB,1981,8420
Solomon Islands,SLB,1982,8644
Solomon Islands,SLB,1983,8871
Solomon Islands,SLB,1984,9092
Solomon Islands,SLB,1985,9292
Solomon Islands,SLB,1986,9387
Solomon Islands,SLB,1987,9571
Solomon Islands,SLB,1988,9852
Solomon Islands,SLB,1989,10015
Solomon Islands,SLB,1990,10155
Solomon Islands,SLB,1991,10295
Solomon Islands,SLB,1992,10472
Solomon Islands,SLB,1993,10635
Solomon Islands,SLB,1994,10835
Solomon Islands,SLB,1995,11059
Solomon Islands,SLB,1996,11273
Solomon Islands,SLB,1997,11463
Solomon Islands,SLB,1998,11598
Solomon Islands,SLB,1999,11433
Solomon Islands,SLB,2000,9970
Solomon Islands,SLB,2001,8656
Solomon Islands,SLB,2002,8539
Solomon Islands,SLB,2003,8488
Solomon Islands,SLB,2004,8454
Solomon Islands,SLB,2005,8472
Solomon Islands,SLB,2006,8512
Solomon Islands,SLB,2007,8566
Solomon Islands,SLB,2008,8634
Solomon Islands,SLB,2009,9348
Solomon Islands,SLB,2010,14826
Solomon Islands,SLB,2011,19982
Solomon Islands,SLB,2012,20665
Solomon Islands,SLB,2013,21329
Solomon Islands,SLB,2014,21963
Solomon Islands,SLB,2015,22508
Solomon Islands,SLB,2016,22964
Solomon Islands,SLB,2017,23290
Solomon Islands,SLB,2018,23432
Solomon Islands,SLB,2019,19047
Solomon Islands,SLB,2020,16349
Solomon Islands,SLB,2021,18089
Solomon Islands,SLB,2022,18481
Solomon Islands,SLB,2023,18939
Somalia,SOM,1951,63543
Somalia,SOM,1952,63577
Somalia,SOM,1953,63317
Somalia,SOM,1954,63738
Somalia,SOM,1955,64939
Somalia,SOM,1956,66118
Somalia,SOM,1957,67342
Somalia,SOM,1958,67694
Somalia,SOM,1959,69688
Somalia,SOM,1960,73238
Somalia,SOM,1961,75724
Somalia,SOM,1962,78039
Somalia,SOM,1963,80266
Somalia,SOM,1964,82436
Somalia,SOM,1965,85077
Somalia,SOM,1966,87240
Somalia,SOM,1967,89426
Somalia,SOM,1968,92053
Somalia,SOM,1969,94425
Somalia,SOM,1970,97432
Somalia,SOM,1971,99243
Somalia,SOM,1972,101744
Somalia,SOM,1973,106151
Somalia,SOM,1974,106262
Somalia,SOM,1975,105688
Somalia,SOM,1976,108276
Somalia,SOM,1977,118246
Somalia,SOM,1978,330836
Somalia,SOM,1979,634218
Somalia,SOM,1980,487040
Somalia,SOM,1981,46698
Somalia,SOM,1982,20985
Somalia,SOM,1983,194598
Somalia,SOM,1984,229960
Somalia,SOM,1985,264898
Somalia,SOM,1986,281496
Somalia,SOM,1987,253518
Somalia,SOM,1988,7054
Somalia,SOM,1989,-120534
Somalia,SOM,1990,-32012
Somalia,SOM,1991,-269054
Somalia,SOM,1992,-318653
Somalia,SOM,1993,186297
Somalia,SOM,1994,345398
Somalia,SOM,1995,258209
Somalia,SOM,1996,269463
Somalia,SOM,1997,270055
Somalia,SOM,1998,330883
Somalia,SOM,1999,336652
Somalia,SOM,2000,346648
Somalia,SOM,2001,359781
Somalia,SOM,2002,351574
Somalia,SOM,2003,359092
Somalia,SOM,2004,371840
Somalia,SOM,2005,363233
Somalia,SOM,2006,331268
Somalia,SOM,2007,347079
Somalia,SOM,2008,340509
Somalia,SOM,2009,298115
Somalia,SOM,2010,300556
Somalia,SOM,2011,87068
Somalia,SOM,2012,112334
Somalia,SOM,2013,408436
Somalia,SOM,2014,469898
Somalia,SOM,2015,467472
Somalia,SOM,2016,541772
Somalia,SOM,2017,567889
Somalia,SOM,2018,535859
Somalia,SOM,2019,578480
Somalia,SOM,2020,620231
Somalia,SOM,2021,620235
Somalia,SOM,2022,530460
Somalia,SOM,2023,556727
South Africa,ZAF,1951,270524
South Africa,ZAF,1952,286521
South Africa,ZAF,1953,297371
South Africa,ZAF,1954,310864
South Africa,ZAF,1955,329590
South Africa,ZAF,1956,347315
South Africa,ZAF,1957,364152
South Africa,ZAF,1958,375582
South Africa,ZAF,1959,394550
South Africa,ZAF,1960,425205
South Africa,ZAF,1961,467864
South Africa,ZAF,1962,510483
South Africa,ZAF,1963,536038
South Africa,ZAF,1964,556807
South Africa,ZAF,1965,578015
South Africa,ZAF,1966,600702
South Africa,ZAF,1967,623988
South Africa,ZAF,1968,643215
South Africa,ZAF,1969,657392
South Africa,ZAF,1970,665311
South Africa,ZAF,1971,662155
South Africa,ZAF,1972,667312
South Africa,ZAF,1973,684807
South Africa,ZAF,1974,694845
South Africa,ZAF,1975,701834
South Africa,ZAF,1976,704508
South Africa,ZAF,1977,723500
South Africa,ZAF,1978,750555
South Africa,ZAF,1979,764655
South Africa,ZAF,1980,884696
South Africa,ZAF,1981,1022189
South Africa,ZAF,1982,1074293
South Africa,ZAF,1983,1123969
South Africa,ZAF,1984,1153485
South Africa,ZAF,1985,1149304
South Africa,ZAF,1986,1138422
South Africa,ZAF,1987,1145673
South Africa,ZAF,1988,1154455
South Africa,ZAF,1989,1147927
South Africa,ZAF,1990,1117700
South Africa,ZAF,1991,941629
South Africa,ZAF,1992,755607
South Africa,ZAF,1993,853645
South Africa,ZAF,1994,706985
South Africa,ZAF,1995,537417
South Africa,ZAF,1996,581466
South Africa,ZAF,1997,543812
South Africa,ZAF,1998,557053
South Africa,ZAF,1999,506443
South Africa,ZAF,2000,429384
South Africa,ZAF,2001,407090
South Africa,ZAF,2002,452609
South Africa,ZAF,2003,480937
South Africa,ZAF,2004,491069
South Africa,ZAF,2005,498621
South Africa,ZAF,2006,508230
South Africa,ZAF,2007,530304
South Africa,ZAF,2008,586020
South Africa,ZAF,2009,613923
South Africa,ZAF,2010,615529
South Africa,ZAF,2011,651165
South Africa,ZAF,2012,787358
South Africa,ZAF,2013,896219
South Africa,ZAF,2014,916051
South Africa,ZAF,2015,1128696
South Africa,ZAF,2016,536014
South Africa,ZAF,2017,375608
South Africa,ZAF,2018,977843
South Africa,ZAF,2019,974879
South Africa,ZAF,2020,974494
South Africa,ZAF,2021,940228
South Africa,ZAF,2022,875815
South Africa,ZAF,2023,833969
South Korea,KOR,1951,111671
South Korea,KOR,1952,360890
South Korea,KOR,1953,545445
South Korea,KOR,1954,640253
South Korea,KOR,1955,709526
South Korea,KOR,1956,749337
South Korea,KOR,1957,786350
South Korea,KOR,1958,813136
South Korea,KOR,1959,824307
South Korea,KOR,1960,817154
South Korea,KOR,1961,737574
South Korea,KOR,1962,656273
South Korea,KOR,1963,636312
South Korea,KOR,1964,599433
South Korea,KOR,1965,539363
South Korea,KOR,1966,561598
South Korea,KOR,1967,649784
South Korea,KOR,1968,679570
South Korea,KOR,1969,677474
South Korea,KOR,1970,689434
South Korea,KOR,1971,697656
South Korea,KOR,1972,696611
South Korea,KOR,1973,689378
South Korea,KOR,1974,661986
South Korea,KOR,1975,587907
South Korea,KOR,1976,504187
South Korea,KOR,1977,463710
South Korea,KOR,1978,438297
South Korea,KOR,1979,428963
South Korea,KOR,1980,430211
South Korea,KOR,1981,548083
South Korea,KOR,1982,666967
South Korea,KOR,1983,644786
South Korea,KOR,1984,597357
South Korea,KOR,1985,550654
South Korea,KOR,1986,569552
South Korea,KOR,1987,603584
South Korea,KOR,1988,600888
South Korea,KOR,1989,601785
South Korea,KOR,1990,556660
South Korea,KOR,1991,357721
South Korea,KOR,1992,214553
South Korea,KOR,1993,234022
South Korea,KOR,1994,243121
South Korea,KOR,1995,237583
South Korea,KOR,1996,270276
South Korea,KOR,1997,302840
South Korea,KOR,1998,289344
South Korea,KOR,1999,269497
South Korea,KOR,2000,266278
South Korea,KOR,2001,276807
South Korea,KOR,2002,255651
South Korea,KOR,2003,215040
South Korea,KOR,2004,182918
South Korea,KOR,2005,154570
South Korea,KOR,2006,154872
South Korea,KOR,2007,171604
South Korea,KOR,2008,178363
South Korea,KOR,2009,190205
South Korea,KOR,2010,222639
South Korea,KOR,2011,358311
South Korea,KOR,2012,471940
South Korea,KOR,2013,471588
South Korea,KOR,2014,467887
South Korea,KOR,2015,444854
South Korea,KOR,2016,313927
South Korea,KOR,2017,188432
South Korea,KOR,2018,154626
South Korea,KOR,2019,126950
South Korea,KOR,2020,90637
South Korea,KOR,2021,-10080
South Korea,KOR,2022,-65886
South Korea,KOR,2023,-33771
South Sudan,SSD,1951,36334
South Sudan,SSD,1952,39588
South Sudan,SSD,1953,42527
South Sudan,SSD,1954,45363
South Sudan,SSD,1955,47992
South Sudan,SSD,1956,49507
South Sudan,SSD,1957,49502
South Sudan,SSD,1958,44262
South Sudan,SSD,1959,40420
South Sudan,SSD,1960,42786
South Sudan,SSD,1961,45161
South Sudan,SSD,1962,47576
South Sudan,SSD,1963,48371
South Sudan,SSD,1964,57240
South Sudan,SSD,1965,59918
South Sudan,SSD,1966,46590
South Sudan,SSD,1967,41225
South Sudan,SSD,1968,43880
South Sudan,SSD,1969,44006
South Sudan,SSD,1970,44086
South Sudan,SSD,1971,59026
South Sudan,SSD,1972,73846
South Sudan,SSD,1973,84895
South Sudan,SSD,1974,95877
South Sudan,SSD,1975,98230
South Sudan,SSD,1976,100418
South Sudan,SSD,1977,102125
South Sudan,SSD,1978,103629
South Sudan,SSD,1979,104947
South Sudan,SSD,1980,106428
South Sudan,SSD,1981,108234
South Sudan,SSD,1982,110415
South Sudan,SSD,1983,103887
South Sudan,SSD,1984,89049
South Sudan,SSD,1985,83670
South Sudan,SSD,1986,86949
South Sudan,SSD,1987,41152
South Sudan,SSD,1988,-114368
South Sudan,SSD,1989,-134795
South Sudan,SSD,1990,24403
South Sudan,SSD,1991,99049
South Sudan,SSD,1992,73060
South Sudan,SSD,1993,46260
South Sudan,SSD,1994,115185
South Sudan,SSD,1995,154649
South Sudan,SSD,1996,131085
South Sudan,SSD,1997,152217
South Sudan,SSD,1998,110935
South Sudan,SSD,1999,151555
South Sudan,SSD,2000,260642
South Sudan,SSD,2001,276125
South Sudan,SSD,2002,288411
South Sudan,SSD,2003,306319
South Sudan,SSD,2004,329911
South Sudan,SSD,2005,357107
South Sudan,SSD,2006,386385
South Sudan,SSD,2007,412253
South Sudan,SSD,2008,428860
South Sudan,SSD,2009,425915
South Sudan,SSD,2010,502395
South Sudan,SSD,2011,542157
South Sudan,SSD,2012,468133
South Sudan,SSD,2013,410035
South Sudan,SSD,2014,68791
South Sudan,SSD,2015,-127502
South Sudan,SSD,2016,-277461
South Sudan,SSD,2017,-570958
South Sudan,SSD,2018,-136167
South Sudan,SSD,2019,300399
South Sudan,SSD,2020,275089
South Sudan,SSD,2021,167315
South Sudan,SSD,2022,155389
South Sudan,SSD,2023,462195
Spain,ESP,1951,137814
Spain,ESP,1952,191182
Spain,ESP,1953,226657
Spain,ESP,1954,225127
Spain,ESP,1955,231946
Spain,ESP,1956,233898
Spain,ESP,1957,246298
Spain,ESP,1958,279688
Spain,ESP,1959,291052
Spain,ESP,1960,264228
Spain,ESP,1961,294630
Spain,ESP,1962,340538
Spain,ESP,1963,339725
Spain,ESP,1964,361755
Spain,ESP,1965,369083
Spain,ESP,1966,355218
Spain,ESP,1967,354864
Spain,ESP,1968,349370
Spain,ESP,1969,326820
Spain,ESP,1970,315779
Spain,ESP,1971,344727
Spain,ESP,1972,382414
Spain,ESP,1973,386660
Spain,ESP,1974,435242
Spain,ESP,1975,434008
Spain,ESP,1976,380502
Spain,ESP,1977,374994
Spain,ESP,1978,353703
Spain,ESP,1979,325400
Spain,ESP,1980,307190
Spain,ESP,1981,275148
Spain,ESP,1982,234389
Spain,ESP,1983,206150
Spain,ESP,1984,184236
Spain,ESP,1985,163832
Spain,ESP,1986,134391
Spain,ESP,1987,116301
Spain,ESP,1988,100251
Spain,ESP,1989,77299
Spain,ESP,1990,55418
Spain,ESP,1991,116775
Spain,ESP,1992,218594
Spain,ESP,1993,231283
Spain,ESP,1994,207094
Spain,ESP,1995,194012
Spain,ESP,1996,184642
Spain,ESP,1997,186448
Spain,ESP,1998,193613
Spain,ESP,1999,195419
Spain,ESP,2000,206917
Spain,ESP,2001,225830
Spain,ESP,2002,510101
Spain,ESP,2003,750837
Spain,ESP,2004,728022
Spain,ESP,2005,724321
Spain,ESP,2006,736563
Spain,ESP,2007,821055
Spain,ESP,2008,718554
Spain,ESP,2009,400127
Spain,ESP,2010,205287
Spain,ESP,2011,157571
Spain,ESP,2012,20283
Spain,ESP,2013,-157929
Spain,ESP,2014,-140207
Spain,ESP,2015,-36504
Spain,ESP,2016,49085
Spain,ESP,2017,135826
Spain,ESP,2018,224223
Spain,ESP,2019,342304
Spain,ESP,2020,244361
Spain,ESP,2021,56188
Spain,ESP,2022,92716
Spain,ESP,2023,83197
Sri Lanka,LKA,1951,145282
Sri Lanka,LKA,1952,155229
Sri Lanka,LKA,1953,163574
Sri Lanka,LKA,1954,170801
Sri Lanka,LKA,1955,177391
Sri Lanka,LKA,1956,183894
Sri Lanka,LKA,1957,193778
Sri Lanka,LKA,1958,207815
Sri Lanka,LKA,1959,221342
Sri Lanka,LKA,1960,231227
Sri Lanka,LKA,1961,237988
Sri Lanka,LKA,1962,244378
Sri Lanka,LKA,1963,251289
Sri Lanka,LKA,1964,258364
Sri Lanka,LKA,1965,263562
Sri Lanka,LKA,1966,266960
Sri Lanka,LKA,1967,273404
Sri Lanka,LKA,1968,278755
Sri Lanka,LKA,1969,277780
Sri Lanka,LKA,1970,273249
Sri Lanka,LKA,1971,264797
Sri Lanka,LKA,1972,257297
Sri Lanka,LKA,1973,251713
Sri Lanka,LKA,1974,244777
Sri Lanka,LKA,1975,243292
Sri Lanka,LKA,1976,247787
Sri Lanka,LKA,1977,252589
Sri Lanka,LKA,1978,260762
Sri Lanka,LKA,1979,269489
Sri Lanka,LKA,1980,268356
Sri Lanka,LKA,1981,251445
Sri Lanka,LKA,1982,187154
Sri Lanka,LKA,1983,102224
Sri Lanka,LKA,1984,53063
Sri Lanka,LKA,1985,102294
Sri Lanka,LKA,1986,187101
Sri Lanka,LKA,1987,185325
Sri Lanka,LKA,1988,162046
Sri Lanka,LKA,1989,169936
Sri Lanka,LKA,1990,103900
Sri Lanka,LKA,1991,122894
Sri Lanka,LKA,1992,263943
Sri Lanka,LKA,1993,286627
Sri Lanka,LKA,1994,249853
Sri Lanka,LKA,1995,288288
Sri Lanka,LKA,1996,340955
Sri Lanka,LKA,1997,343185
Sri Lanka,LKA,1998,347801
Sri Lanka,LKA,1999,348728
Sri Lanka,LKA,2000,348322
Sri Lanka,LKA,2001,307305
Sri Lanka,LKA,2002,205389
Sri Lanka,LKA,2003,145771
Sri Lanka,LKA,2004,136087
Sri Lanka,LKA,2005,128923
Sri Lanka,LKA,2006,135885
Sri Lanka,LKA,2007,140130
Sri Lanka,LKA,2008,136831
Sri Lanka,LKA,2009,127061
Sri Lanka,LKA,2010,122654
Sri Lanka,LKA,2011,129962
Sri Lanka,LKA,2012,160407
Sri Lanka,LKA,2013,189368
Sri Lanka,LKA,2014,188625
Sri Lanka,LKA,2015,182521
Sri Lanka,LKA,2016,180788
Sri Lanka,LKA,2017,176762
Sri Lanka,LKA,2018,165591
Sri Lanka,LKA,2019,157436
Sri Lanka,LKA,2020,151256
Sri Lanka,LKA,2021,138569
Sri Lanka,LKA,2022,134588
Sri Lanka,LKA,2023,136650
Sudan,SDN,1951,186149
Sudan,SDN,1952,192547
Sudan,SDN,1953,197294
Sudan,SDN,1954,203735
Sudan,SDN,1955,212051
Sudan,SDN,1956,219905
Sudan,SDN,1957,227861
Sudan,SDN,1958,233579
Sudan,SDN,1959,243448
Sudan,SDN,1960,258007
Sudan,SDN,1961,270449
Sudan,SDN,1962,284091
Sudan,SDN,1963,299047
Sudan,SDN,1964,313030
Sudan,SDN,1965,326925
Sudan,SDN,1966,339549
Sudan,SDN,1967,353018
Sudan,SDN,1968,367406
Sudan,SDN,1969,380933
Sudan,SDN,1970,396829
Sudan,SDN,1971,409774
Sudan,SDN,1972,422317
Sudan,SDN,1973,521463
Sudan,SDN,1974,531407
Sudan,SDN,1975,484074
Sudan,SDN,1976,504921
Sudan,SDN,1977,516899
Sudan,SDN,1978,608381
Sudan,SDN,1979,660349
Sudan,SDN,1980,703555
Sudan,SDN,1981,721668
Sudan,SDN,1982,706069
Sudan,SDN,1983,623130
Sudan,SDN,1984,436756
Sudan,SDN,1985,359341
Sudan,SDN,1986,382374
Sudan,SDN,1987,416657
Sudan,SDN,1988,433527
Sudan,SDN,1989,439597
Sudan,SDN,1990,443457
Sudan,SDN,1991,449192
Sudan,SDN,1992,456680
Sudan,SDN,1993,518243
Sudan,SDN,1994,598352
Sudan,SDN,1995,628193
Sudan,SDN,1996,559390
Sudan,SDN,1997,568292
Sudan,SDN,1998,659173
Sudan,SDN,1999,671620
Sudan,SDN,2000,686129
Sudan,SDN,2001,700026
Sudan,SDN,2002,711954
Sudan,SDN,2003,667310
Sudan,SDN,2004,660603
Sudan,SDN,2005,705806
Sudan,SDN,2006,729991
Sudan,SDN,2007,771701
Sudan,SDN,2008,859841
Sudan,SDN,2009,945134
Sudan,SDN,2010,845289
Sudan,SDN,2011,726405
Sudan,SDN,2012,782367
Sudan,SDN,2013,862677
Sudan,SDN,2014,1037472
Sudan,SDN,2015,1201109
Sudan,SDN,2016,1235459
Sudan,SDN,2017,1454419
Sudan,SDN,2018,1516286
Sudan,SDN,2019,1317582
Sudan,SDN,2020,1241058
Sudan,SDN,2021,1277693
Sudan,SDN,2022,1316414
Sudan,SDN,2023,659456
Suriname,SUR,1951,4944
Suriname,SUR,1952,5845
Suriname,SUR,1953,6008
Suriname,SUR,1954,6269
Suriname,SUR,1955,6561
Suriname,SUR,1956,6953
Suriname,SUR,1957,7336
Suriname,SUR,1958,7754
Suriname,SUR,1959,8150
Suriname,SUR,1960,8540
Suriname,SUR,1961,8861
Suriname,SUR,1962,11121
Suriname,SUR,1963,13125
Suriname,SUR,1964,12004
Suriname,SUR,1965,10964
Suriname,SUR,1966,11126
Suriname,SUR,1967,11551
Suriname,SUR,1968,11934
Suriname,SUR,1969,12295
Suriname,SUR,1970,12535
Suriname,SUR,1971,12489
Suriname,SUR,1972,5480
Suriname,SUR,1973,-1644
Suriname,SUR,1974,-2086
Suriname,SUR,1975,-2508
Suriname,SUR,1976,-2886
Suriname,SUR,1977,-3223
Suriname,SUR,1978,-3561
Suriname,SUR,1979,-3905
Suriname,SUR,1980,-2214
Suriname,SUR,1981,79
Suriname,SUR,1982,1094
Suriname,SUR,1983,2196
Suriname,SUR,1984,3440
Suriname,SUR,1985,4780
Suriname,SUR,1986,5362
Suriname,SUR,1987,4577
Suriname,SUR,1988,5310
Suriname,SUR,1989,6184
Suriname,SUR,1990,4085
Suriname,SUR,1991,2521
Suriname,SUR,1992,2581
Suriname,SUR,1993,1755
Suriname,SUR,1994,3025
Suriname,SUR,1995,7229
Suriname,SUR,1996,9223
Suriname,SUR,1997,9234
Suriname,SUR,1998,9345
Suriname,SUR,1999,9512
Suriname,SUR,2000,9722
Suriname,SUR,2001,9919
Suriname,SUR,2002,10000
Suriname,SUR,2003,9855
Suriname,SUR,2004,7507
Suriname,SUR,2005,5393
Suriname,SUR,2006,5682
Suriname,SUR,2007,6023
Suriname,SUR,2008,6226
Suriname,SUR,2009,6328
Suriname,SUR,2010,6351
Suriname,SUR,2011,6348
Suriname,SUR,2012,6361
Suriname,SUR,2013,6384
Suriname,SUR,2014,6356
Suriname,SUR,2015,6254
Suriname,SUR,2016,6131
Suriname,SUR,2017,5955
Suriname,SUR,2018,5799
Suriname,SUR,2019,6260
Suriname,SUR,2020,6541
Suriname,SUR,2021,5585
Suriname,SUR,2022,5267
Suriname,SUR,2023,5720
Sweden,SWE,1951,56320
Sweden,SWE,1952,51789
Sweden,SWE,1953,46752
Sweden,SWE,1954,42037
Sweden,SWE,1955,48865
Sweden,SWE,1956,53193
Sweden,SWE,1957,51361
Sweden,SWE,1958,47469
Sweden,SWE,1959,39211
Sweden,SWE,1960,31035
Sweden,SWE,1961,35399
Sweden,SWE,1962,41521
Sweden,SWE,1963,42690
Sweden,SWE,1964,56983
Sweden,SWE,1965,71821
Sweden,SWE,1966,72574
Sweden,SWE,1967,60818
Sweden,SWE,1968,45720
Sweden,SWE,1969,55890
Sweden,SWE,1970,74770
Sweden,SWE,1971,55321
Sweden,SWE,1972,24322
Sweden,SWE,1973,14740
Sweden,SWE,1974,23470
Sweden,SWE,1975,32005
Sweden,SWE,1976,29751
Sweden,SWE,1977,29307
Sweden,SWE,1978,24094
Sweden,SWE,1979,17956
Sweden,SWE,1980,16721
Sweden,SWE,1981,9990
Sweden,SWE,1982,4719
Sweden,SWE,1983,3736
Sweden,SWE,1984,7567
Sweden,SWE,1985,13767
Sweden,SWE,1986,19432
Sweden,SWE,1987,27970
Sweden,SWE,1988,38707
Sweden,SWE,1989,56463
Sweden,SWE,1990,65750
Sweden,SWE,1991,58384
Sweden,SWE,1992,50621
Sweden,SWE,1993,50462
Sweden,SWE,1994,62152
Sweden,SWE,1995,46108
Sweden,SWE,1996,14032
Sweden,SWE,1997,5195
Sweden,SWE,1998,5081
Sweden,SWE,1999,7085
Sweden,SWE,2000,14408
Sweden,SWE,2001,23919
Sweden,SWE,2002,29027
Sweden,SWE,2003,33389
Sweden,SWE,2004,35371
Sweden,SWE,2005,35966
Sweden,SWE,2006,50857
Sweden,SWE,2007,67652
Sweden,SWE,2008,71623
Sweden,SWE,2009,78835
Sweden,SWE,2010,79496
Sweden,SWE,2011,71029
Sweden,SWE,2012,70214
Sweden,SWE,2013,81143
Sweden,SWE,2014,95818
Sweden,SWE,2015,103045
Sweden,SWE,2016,123798
Sweden,SWE,2017,134583
Sweden,SWE,2018,117536
Sweden,SWE,2019,103720
Sweden,SWE,2020,74562
Sweden,SWE,2021,62452
Sweden,SWE,2022,71201
Sweden,SWE,2023,64158
Switzerland,CHE,1951,55448
Switzerland,CHE,1952,63525
Switzerland,CHE,1953,64039
Switzerland,CHE,1954,63095
Switzerland,CHE,1955,63369
Switzerland,CHE,1956,63506
Switzerland,CHE,1957,64547
Switzerland,CHE,1958,66279
Switzerland,CHE,1959,66359
Switzerland,CHE,1960,64968
Switzerland,CHE,1961,106348
Switzerland,CHE,1962,139576
Switzerland,CHE,1963,120462
Switzerland,CHE,1964,94990
Switzerland,CHE,1965,67261
Switzerland,CHE,1966,61555
Switzerland,CHE,1967,73764
Switzerland,CHE,1968,75924
Switzerland,CHE,1969,68696
Switzerland,CHE,1970,44569
Switzerland,CHE,1971,32614
Switzerland,CHE,1972,47550
Switzerland,CHE,1973,46322
Switzerland,CHE,1974,33973
Switzerland,CHE,1975,-2781
Switzerland,CHE,1976,-36044
Switzerland,CHE,1977,-21191
Switzerland,CHE,1978,680
Switzerland,CHE,1979,12674
Switzerland,CHE,1980,25129
Switzerland,CHE,1981,34713
Switzerland,CHE,1982,37244
Switzerland,CHE,1983,27504
Switzerland,CHE,1984,23110
Switzerland,CHE,1985,28540
Switzerland,CHE,1986,33789
Switzerland,CHE,1987,41023
Switzerland,CHE,1988,48374
Switzerland,CHE,1989,53642
Switzerland,CHE,1990,65381
Switzerland,CHE,1991,83774
Switzerland,CHE,1992,78107
Switzerland,CHE,1993,63057
Switzerland,CHE,1994,55488
Switzerland,CHE,1995,46887
Switzerland,CHE,1996,31404
Switzerland,CHE,1997,17276
Switzerland,CHE,1998,21133
Switzerland,CHE,1999,33825
Switzerland,CHE,2000,39884
Switzerland,CHE,2001,42388
Switzerland,CHE,2002,52353
Switzerland,CHE,2003,54707
Switzerland,CHE,2004,50745
Switzerland,CHE,2005,47628
Switzerland,CHE,2006,46690
Switzerland,CHE,2007,66872
Switzerland,CHE,2008,96344
Switzerland,CHE,2009,95914
Switzerland,CHE,2010,88106
Switzerland,CHE,2011,88629
Switzerland,CHE,2012,84548
Switzerland,CHE,2013,92272
Switzerland,CHE,2014,99039
Switzerland,CHE,2015,93702
Switzerland,CHE,2016,90963
Switzerland,CHE,2017,78727
Switzerland,CHE,2018,62711
Switzerland,CHE,2019,61184
Switzerland,CHE,2020,63057
Switzerland,CHE,2021,66437
Switzerland,CHE,2022,85161
Switzerland,CHE,2023,78384
Syria,SYR,1951,72782
Syria,SYR,1952,80373
Syria,SYR,1953,87589
Syria,SYR,1954,95044
Syria,SYR,1955,102727
Syria,SYR,1956,110033
Syria,SYR,1957,117102
Syria,SYR,1958,124262
Syria,SYR,1959,131779
Syria,SYR,1960,139726
Syria,SYR,1961,141957
Syria,SYR,1962,143881
Syria,SYR,1963,151131
Syria,SYR,1964,158623
Syria,SYR,1965,166174
Syria,SYR,1966,173782
Syria,SYR,1967,181145
Syria,SYR,1968,188546
Syria,SYR,1969,196432
Syria,SYR,1970,205439
Syria,SYR,1971,217486
Syria,SYR,1972,227934
Syria,SYR,1973,234296
Syria,SYR,1974,241830
Syria,SYR,1975,252210
Syria,SYR,1976,262949
Syria,SYR,1977,273190
Syria,SYR,1978,282254
Syria,SYR,1979,289150
Syria,SYR,1980,295753
Syria,SYR,1981,302523
Syria,SYR,1982,312326
Syria,SYR,1983,332301
Syria,SYR,1984,353592
Syria,SYR,1985,367267
Syria,SYR,1986,377169
Syria,SYR,1987,386074
Syria,SYR,1988,393353
Syria,SYR,1989,396801
Syria,SYR,1990,400142
Syria,SYR,1991,401612
Syria,SYR,1992,404746
Syria,SYR,1993,410117
Syria,SYR,1994,412898
Syria,SYR,1995,408219
Syria,SYR,1996,401306
Syria,SYR,1997,399429
Syria,SYR,1998,402870
Syria,SYR,1999,407655
Syria,SYR,2000,409820
Syria,SYR,2001,413453
Syria,SYR,2002,416998
Syria,SYR,2003,420962
Syria,SYR,2004,447582
Syria,SYR,2005,477213
Syria,SYR,2006,822924
Syria,SYR,2007,1247120
Syria,SYR,2008,752430
Syria,SYR,2009,340405
Syria,SYR,2010,505446
Syria,SYR,2011,395687
Syria,SYR,2012,-118341
Syria,SYR,2013,-1092842
Syria,SYR,2014,-1393260
Syria,SYR,2015,-849046
Syria,SYR,2016,-230780
Syria,SYR,2017,30836
Syria,SYR,2018,353178
Syria,SYR,2019,775687
Syria,SYR,2020,695895
Syria,SYR,2021,579406
Syria,SYR,2022,833333
Syria,SYR,2023,1132453
Taiwan,TWN,1951,266271
Taiwan,TWN,1952,286191
Taiwan,TWN,1953,302378
Taiwan,TWN,1954,316398
Taiwan,TWN,1955,336363
Taiwan,TWN,1956,361571
Taiwan,TWN,1957,384820
Taiwan,TWN,1958,395633
Taiwan,TWN,1959,398019
Taiwan,TWN,1960,402084
Taiwan,TWN,1961,407243
Taiwan,TWN,1962,413164
Taiwan,TWN,1963,419056
Taiwan,TWN,1964,420956
Taiwan,TWN,1965,418126
Taiwan,TWN,1966,412898
Taiwan,TWN,1967,363767
Taiwan,TWN,1968,314111
Taiwan,TWN,1969,308024
Taiwan,TWN,1970,292147
Taiwan,TWN,1971,305382
Taiwan,TWN,1972,329481
Taiwan,TWN,1973,322073
Taiwan,TWN,1974,309624
Taiwan,TWN,1975,282952
Taiwan,TWN,1976,306234
Taiwan,TWN,1977,348594
Taiwan,TWN,1978,353634
Taiwan,TWN,1979,362060
Taiwan,TWN,1980,350732
Taiwan,TWN,1981,326308
Taiwan,TWN,1982,311157
Taiwan,TWN,1983,298643
Taiwan,TWN,1984,284133
Taiwan,TWN,1985,264933
Taiwan,TWN,1986,234286
Taiwan,TWN,1987,209839
Taiwan,TWN,1988,207838
Taiwan,TWN,1989,195255
Taiwan,TWN,1990,175994
Taiwan,TWN,1991,186845
Taiwan,TWN,1992,200336
Taiwan,TWN,1993,192590
Taiwan,TWN,1994,182467
Taiwan,TWN,1995,177352
Taiwan,TWN,1996,174773
Taiwan,TWN,1997,176062
Taiwan,TWN,1998,163894
Taiwan,TWN,1999,154562
Taiwan,TWN,2000,129085
Taiwan,TWN,2001,113381
Taiwan,TWN,2002,120644
Taiwan,TWN,2003,97232
Taiwan,TWN,2004,81302
Taiwan,TWN,2005,79500
Taiwan,TWN,2006,89712
Taiwan,TWN,2007,92277
Taiwan,TWN,2008,79317
Taiwan,TWN,2009,78115
Taiwan,TWN,2010,59696
Taiwan,TWN,2011,49029
Taiwan,TWN,2012,72885
Taiwan,TWN,2013,70907
Taiwan,TWN,2014,55941
Taiwan,TWN,2015,56449
Taiwan,TWN,2016,56880
Taiwan,TWN,2017,46810
Taiwan,TWN,2018,26358
Taiwan,TWN,2019,14829
Taiwan,TWN,2020,-10676
Taiwan,TWN,2021,-105131
Taiwan,TWN,2022,-138223
Taiwan,TWN,2023,-102962
Tajikistan,TJK,1951,60027
Tajikistan,TJK,1952,57248
Tajikistan,TJK,1953,55464
Tajikistan,TJK,1954,54641
Tajikistan,TJK,1955,54546
Tajikistan,TJK,1956,55203
Tajikistan,TJK,1957,56695
Tajikistan,TJK,1958,59535
Tajikistan,TJK,1959,63616
Tajikistan,TJK,1960,66850
Tajikistan,TJK,1961,69677
Tajikistan,TJK,1962,73219
Tajikistan,TJK,1963,76705
Tajikistan,TJK,1964,79533
Tajikistan,TJK,1965,81734
Tajikistan,TJK,1966,84183
Tajikistan,TJK,1967,86954
Tajikistan,TJK,1968,89706
Tajikistan,TJK,1969,91429
Tajikistan,TJK,1970,91508
Tajikistan,TJK,1971,92057
Tajikistan,TJK,1972,94855
Tajikistan,TJK,1973,98603
Tajikistan,TJK,1974,102204
Tajikistan,TJK,1975,105925
Tajikistan,TJK,1976,109649
Tajikistan,TJK,1977,113187
Tajikistan,TJK,1978,115250
Tajikistan,TJK,1979,114183
Tajikistan,TJK,1980,112561
Tajikistan,TJK,1981,113768
Tajikistan,TJK,1982,118151
Tajikistan,TJK,1983,123700
Tajikistan,TJK,1984,129150
Tajikistan,TJK,1985,138979
Tajikistan,TJK,1986,153144
Tajikistan,TJK,1987,166913
Tajikistan,TJK,1988,175925
Tajikistan,TJK,1989,152267
Tajikistan,TJK,1990,131518
Tajikistan,TJK,1991,142427
Tajikistan,TJK,1992,108197
Tajikistan,TJK,1993,75604
Tajikistan,TJK,1994,100370
Tajikistan,TJK,1995,123217
Tajikistan,TJK,1996,117936
Tajikistan,TJK,1997,73305
Tajikistan,TJK,1998,36574
Tajikistan,TJK,1999,31970
Tajikistan,TJK,2000,76364
Tajikistan,TJK,2001,122639
Tajikistan,TJK,2002,124298
Tajikistan,TJK,2003,126901
Tajikistan,TJK,2004,131980
Tajikistan,TJK,2005,134167
Tajikistan,TJK,2006,132844
Tajikistan,TJK,2007,136913
Tajikistan,TJK,2008,143923
Tajikistan,TJK,2009,151830
Tajikistan,TJK,2010,161912
Tajikistan,TJK,2011,172644
Tajikistan,TJK,2012,189299
Tajikistan,TJK,2013,202646
Tajikistan,TJK,2014,208826
Tajikistan,TJK,2015,218280
Tajikistan,TJK,2016,221784
Tajikistan,TJK,2017,220319
Tajikistan,TJK,2018,221403
Tajikistan,TJK,2019,222625
Tajikistan,TJK,2020,219342
Tajikistan,TJK,2021,217600
Tajikistan,TJK,2022,215316
Tajikistan,TJK,2023,207579
Tanzania,TZA,1951,187821
Tanzania,TZA,1952,196110
Tanzania,TZA,1953,204034
Tanzania,TZA,1954,211675
Tanzania,TZA,1955,220064
Tanzania,TZA,1956,229924
Tanzania,TZA,1957,241012
Tanzania,TZA,1958,251804
Tanzania,TZA,1959,261673
Tanzania,TZA,1960,272153
Tanzania,TZA,1961,286467
Tanzania,TZA,1962,299867
Tanzania,TZA,1963,311774
Tanzania,TZA,1964,328297
Tanzania,TZA,1965,342899
Tanzania,TZA,1966,356736
Tanzania,TZA,1967,372652
Tanzania,TZA,1968,401963
Tanzania,TZA,1969,434624
Tanzania,TZA,1970,455973
Tanzania,TZA,1971,478779
Tanzania,TZA,1972,507858
Tanzania,TZA,1973,530788
Tanzania,TZA,1974,551534
Tanzania,TZA,1975,576731
Tanzania,TZA,1976,597852
Tanzania,TZA,1977,616720
Tanzania,TZA,1978,623633
Tanzania,TZA,1979,615476
Tanzania,TZA,1980,597724
Tanzania,TZA,1981,594944
Tanzania,TZA,1982,613861
Tanzania,TZA,1983,681303
Tanzania,TZA,1984,699187
Tanzania,TZA,1985,722632
Tanzania,TZA,1986,757263
Tanzania,TZA,1987,771417
Tanzania,TZA,1988,739314
Tanzania,TZA,1989,669069
Tanzania,TZA,1990,671451
Tanzania,TZA,1991,670230
Tanzania,TZA,1992,677159
Tanzania,TZA,1993,875092
Tanzania,TZA,1994,1109666
Tanzania,TZA,1995,941139
Tanzania,TZA,1996,562265
Tanzania,TZA,1997,632332
Tanzania,TZA,1998,842368
Tanzania,TZA,1999,879874
Tanzania,TZA,2000,959807
Tanzania,TZA,2001,938161
Tanzania,TZA,2002,922998
Tanzania,TZA,2003,968254
Tanzania,TZA,2004,1020111
Tanzania,TZA,2005,1072417
Tanzania,TZA,2006,1112817
Tanzania,TZA,2007,1140608
Tanzania,TZA,2008,1135220
Tanzania,TZA,2009,1063247
Tanzania,TZA,2010,1124516
Tanzania,TZA,2011,1270880
Tanzania,TZA,2012,1344890
Tanzania,TZA,2013,1449873
Tanzania,TZA,2014,1527372
Tanzania,TZA,2015,1669452
Tanzania,TZA,2016,1803054
Tanzania,TZA,2017,1828876
Tanzania,TZA,2018,1784246
Tanzania,TZA,2019,1737755
Tanzania,TZA,2020,1797914
Tanzania,TZA,2021,1857607
Tanzania,TZA,2022,1881412
Tanzania,TZA,2023,1905785
Thailand,THA,1951,536787
Thailand,THA,1952,562395
Thailand,THA,1953,581740
Thailand,THA,1954,604017
Thailand,THA,1955,629839
Thailand,THA,1956,654087
Thailand,THA,1957,677565
Thailand,THA,1958,692177
Thailand,THA,1959,721010
Thailand,THA,1960,763733
Thailand,THA,1961,798584
Thailand,THA,1962,830713
Thailand,THA,1963,861267
Thailand,THA,1964,889821
Thailand,THA,1965,917201
Thailand,THA,1966,936736
Thailand,THA,1967,951724
Thailand,THA,1968,964765
Thailand,THA,1969,971222
Thailand,THA,1970,980627
Thailand,THA,1971,982981
Thailand,THA,1972,996540
Thailand,THA,1973,1013859
Thailand,THA,1974,1005105
Thailand,THA,1975,987103
Thailand,THA,1976,956512
Thailand,THA,1977,947462
Thailand,THA,1978,945003
Thailand,THA,1979,929460
Thailand,THA,1980,931595
Thailand,THA,1981,925820
Thailand,THA,1982,918726
Thailand,THA,1983,928732
Thailand,THA,1984,928402
Thailand,THA,1985,919043
Thailand,THA,1986,907078
Thailand,THA,1987,896277
Thailand,THA,1988,895486
Thailand,THA,1989,879360
Thailand,THA,1990,889374
Thailand,THA,1991,899107
Thailand,THA,1992,891396
Thailand,THA,1993,879366
Thailand,THA,1994,852657
Thailand,THA,1995,837376
Thailand,THA,1996,821828
Thailand,THA,1997,804529
Thailand,THA,1998,798044
Thailand,THA,1999,776407
Thailand,THA,2000,708776
Thailand,THA,2001,643322
Thailand,THA,2002,615296
Thailand,THA,2003,601731
Thailand,THA,2004,583885
Thailand,THA,2005,565366
Thailand,THA,2006,550270
Thailand,THA,2007,534703
Thailand,THA,2008,517447
Thailand,THA,2009,501242
Thailand,THA,2010,458366
Thailand,THA,2011,427769
Thailand,THA,2012,428879
Thailand,THA,2013,409021
Thailand,THA,2014,371250
Thailand,THA,2015,324425
Thailand,THA,2016,319048
Thailand,THA,2017,300348
Thailand,THA,2018,215898
Thailand,THA,2019,146183
Thailand,THA,2020,119220
Thailand,THA,2021,85854
Thailand,THA,2022,7983
Thailand,THA,2023,-32885
Togo,TGO,1951,24800
Togo,TGO,1952,25526
Togo,TGO,1953,26147
Togo,TGO,1954,26692
Togo,TGO,1955,27187
Togo,TGO,1956,27685
Togo,TGO,1957,28238
Togo,TGO,1958,28759
Togo,TGO,1959,29123
Togo,TGO,1960,29357
Togo,TGO,1961,29603
Togo,TGO,1962,30243
Togo,TGO,1963,32104
Togo,TGO,1964,34347
Togo,TGO,1965,36180
Togo,TGO,1966,37903
Togo,TGO,1967,39278
Togo,TGO,1968,40755
Togo,TGO,1969,89894
Togo,TGO,1970,106063
Togo,TGO,1971,70348
Togo,TGO,1972,64029
Togo,TGO,1973,60654
Togo,TGO,1974,59779
Togo,TGO,1975,59502
Togo,TGO,1976,59691
Togo,TGO,1977,60501
Togo,TGO,1978,62521
Togo,TGO,1979,67851
Togo,TGO,1980,77053
Togo,TGO,1981,88030
Togo,TGO,1982,82212
Togo,TGO,1983,71430
Togo,TGO,1984,72663
Togo,TGO,1985,88800
Togo,TGO,1986,101797
Togo,TGO,1987,101273
Togo,TGO,1988,103930
Togo,TGO,1989,105367
Togo,TGO,1990,107112
Togo,TGO,1991,108614
Togo,TGO,1992,109944
Togo,TGO,1993,-44605
Togo,TGO,1994,16207
Togo,TGO,1995,206269
Togo,TGO,1996,180677
Togo,TGO,1997,147669
Togo,TGO,1998,112835
Togo,TGO,1999,114124
Togo,TGO,2000,117964
Togo,TGO,2001,120414
Togo,TGO,2002,122993
Togo,TGO,2003,126985
Togo,TGO,2004,127207
Togo,TGO,2005,131831
Togo,TGO,2006,156508
Togo,TGO,2007,178778
Togo,TGO,2008,187703
Togo,TGO,2009,194804
Togo,TGO,2010,194847
Togo,TGO,2011,174786
Togo,TGO,2012,153142
Togo,TGO,2013,145132
Togo,TGO,2014,138796
Togo,TGO,2015,133853
Togo,TGO,2016,129383
Togo,TGO,2017,123496
Togo,TGO,2018,133826
Togo,TGO,2019,161711
Togo,TGO,2020,168142
Togo,TGO,2021,148127
Togo,TGO,2022,132431
Togo,TGO,2023,155237
Tokelau,TKL,1951,-29
Tokelau,TKL,1952,3
Tokelau,TKL,1953,12
Tokelau,TKL,1954,8
Tokelau,TKL,1955,10
Tokelau,TKL,1956,9
Tokelau,TKL,1957,30
Tokelau,TKL,1958,48
Tokelau,TKL,1959,46
Tokelau,TKL,1960,56
Tokelau,TKL,1961,52
Tokelau,TKL,1962,30
Tokelau,TKL,1963,15
Tokelau,TKL,1964,8
Tokelau,TKL,1965,9
Tokelau,TKL,1966,-1
Tokelau,TKL,1967,-24
Tokelau,TKL,1968,-50
Tokelau,TKL,1969,-49
Tokelau,TKL,1970,-55
Tokelau,TKL,1971,-56
Tokelau,TKL,1972,-21
Tokelau,TKL,1973,1
Tokelau,TKL,1974,0
Tokelau,TKL,1975,-3
Tokelau,TKL,1976,-1
Tokelau,TKL,1977,11
Tokelau,TKL,1978,10
Tokelau,TKL,1979,4
Tokelau,TKL,1980,-6
Tokelau,TKL,1981,1
Tokelau,TKL,1982,6
Tokelau,TKL,1983,23
Tokelau,TKL,1984,39
Tokelau,TKL,1985,33
Tokelau,TKL,1986,22
Tokelau,TKL,1987,-5
Tokelau,TKL,1988,-11
Tokelau,TKL,1989,-5
Tokelau,TKL,1990,3
Tokelau,TKL,1991,7
Tokelau,TKL,1992,5
Tokelau,TKL,1993,-2
Tokelau,TKL,1994,-5
Tokelau,TKL,1995,2
Tokelau,TKL,1996,3
Tokelau,TKL,1997,8
Tokelau,TKL,1998,14
Tokelau,TKL,1999,27
Tokelau,TKL,2000,22
Tokelau,TKL,2001,21
Tokelau,TKL,2002,-23
Tokelau,TKL,2003,-71
Tokelau,TKL,2004,-67
Tokelau,TKL,2005,-74
Tokelau,TKL,2006,-59
Tokelau,TKL,2007,-20
Tokelau,TKL,2008,12
Tokelau,TKL,2009,12
Tokelau,TKL,2010,13
Tokelau,TKL,2011,15
Tokelau,TKL,2012,56
Tokelau,TKL,2013,68
Tokelau,TKL,2014,-1
Tokelau,TKL,2015,-29
Tokelau,TKL,2016,-16
Tokelau,TKL,2017,64
Tokelau,TKL,2018,135
Tokelau,TKL,2019,136
Tokelau,TKL,2020,114
Tokelau,TKL,2021,73
Tokelau,TKL,2022,87
Tokelau,TKL,2023,112
Tonga,TON,1951,1294
Tonga,TON,1952,1406
Tonga,TON,1953,1516
Tonga,TON,1954,1641
Tonga,TON,1955,1741
Tonga,TON,1956,1841
Tonga,TON,1957,1783
Tonga,TON,1958,1700
Tonga,TON,1959,1767
Tonga,TON,1960,1819
Tonga,TON,1961,1867
Tonga,TON,1962,1904
Tonga,TON,1963,1946
Tonga,TON,1964,1987
Tonga,TON,1965,2051
Tonga,TON,1966,2077
Tonga,TON,1967,1812
Tonga,TON,1968,1536
Tonga,TON,1969,1538
Tonga,TON,1970,1511
Tonga,TON,1971,1498
Tonga,TON,1972,1455
Tonga,TON,1973,1449
Tonga,TON,1974,1881
Tonga,TON,1975,2333
Tonga,TON,1976,2311
Tonga,TON,1977,1397
Tonga,TON,1978,482
Tonga,TON,1979,342
Tonga,TON,1980,221
Tonga,TON,1981,145
Tonga,TON,1982,70
Tonga,TON,1983,16
Tonga,TON,1984,-8
Tonga,TON,1985,-8
Tonga,TON,1986,25
Tonga,TON,1987,369
Tonga,TON,1988,591
Tonga,TON,1989,434
Tonga,TON,1990,298
Tonga,TON,1991,194
Tonga,TON,1992,134
Tonga,TON,1993,75
Tonga,TON,1994,67
Tonga,TON,1995,53
Tonga,TON,1996,54
Tonga,TON,1997,397
Tonga,TON,1998,715
Tonga,TON,1999,652
Tonga,TON,2000,637
Tonga,TON,2001,610
Tonga,TON,2002,583
Tonga,TON,2003,593
Tonga,TON,2004,607
Tonga,TON,2005,596
Tonga,TON,2006,582
Tonga,TON,2007,478
Tonga,TON,2008,292
Tonga,TON,2009,183
Tonga,TON,2010,196
Tonga,TON,2011,169
Tonga,TON,2012,-108
Tonga,TON,2013,-383
Tonga,TON,2014,-466
Tonga,TON,2015,-517
Tonga,TON,2016,-574
Tonga,TON,2017,-163
Tonga,TON,2018,217
Tonga,TON,2019,98
Tonga,TON,2020,33
Tonga,TON,2021,-217
Tonga,TON,2022,-451
Tonga,TON,2023,-440
Trinidad and Tobago,TTO,1951,16962
Trinidad and Tobago,TTO,1952,17702
Trinidad and Tobago,TTO,1953,18428
Trinidad and Tobago,TTO,1954,19290
Trinidad and Tobago,TTO,1955,20087
Trinidad and Tobago,TTO,1956,20445
Trinidad and Tobago,TTO,1957,20819
Trinidad and Tobago,TTO,1958,21331
Trinidad and Tobago,TTO,1959,21179
Trinidad and Tobago,TTO,1960,19931
Trinidad and Tobago,TTO,1961,18200
Trinidad and Tobago,TTO,1962,17053
Trinidad and Tobago,TTO,1963,16607
Trinidad and Tobago,TTO,1964,16160
Trinidad and Tobago,TTO,1965,15461
Trinidad and Tobago,TTO,1966,14514
Trinidad and Tobago,TTO,1967,13482
Trinidad and Tobago,TTO,1968,12577
Trinidad and Tobago,TTO,1969,11707
Trinidad and Tobago,TTO,1970,10767
Trinidad and Tobago,TTO,1971,11108
Trinidad and Tobago,TTO,1972,12339
Trinidad and Tobago,TTO,1973,12933
Trinidad and Tobago,TTO,1974,12908
Trinidad and Tobago,TTO,1975,12700
Trinidad and Tobago,TTO,1976,12846
Trinidad and Tobago,TTO,1977,13246
Trinidad and Tobago,TTO,1978,13833
Trinidad and Tobago,TTO,1979,14259
Trinidad and Tobago,TTO,1980,14098
Trinidad and Tobago,TTO,1981,13390
Trinidad and Tobago,TTO,1982,12792
Trinidad and Tobago,TTO,1983,12605
Trinidad and Tobago,TTO,1984,12448
Trinidad and Tobago,TTO,1985,14385
Trinidad and Tobago,TTO,1986,15762
Trinidad and Tobago,TTO,1987,14235
Trinidad and Tobago,TTO,1988,12704
Trinidad and Tobago,TTO,1989,11535
Trinidad and Tobago,TTO,1990,10609
Trinidad and Tobago,TTO,1991,9959
Trinidad and Tobago,TTO,1992,9507
Trinidad and Tobago,TTO,1993,8793
Trinidad and Tobago,TTO,1994,7879
Trinidad and Tobago,TTO,1995,6814
Trinidad and Tobago,TTO,1996,5770
Trinidad and Tobago,TTO,1997,4901
Trinidad and Tobago,TTO,1998,4388
Trinidad and Tobago,TTO,1999,4485
Trinidad and Tobago,TTO,2000,5070
Trinidad and Tobago,TTO,2001,5792
Trinidad and Tobago,TTO,2002,6444
Trinidad and Tobago,TTO,2003,6701
Trinidad and Tobago,TTO,2004,6668
Trinidad and Tobago,TTO,2005,6654
Trinidad and Tobago,TTO,2006,6666
Trinidad and Tobago,TTO,2007,6675
Trinidad and Tobago,TTO,2008,6709
Trinidad and Tobago,TTO,2009,6966
Trinidad and Tobago,TTO,2010,7601
Trinidad and Tobago,TTO,2011,8333
Trinidad and Tobago,TTO,2012,8824
Trinidad and Tobago,TTO,2013,8844
Trinidad and Tobago,TTO,2014,8477
Trinidad and Tobago,TTO,2015,8055
Trinidad and Tobago,TTO,2016,7841
Trinidad and Tobago,TTO,2017,8234
Trinidad and Tobago,TTO,2018,25257
Trinidad and Tobago,TTO,2019,14376
Trinidad and Tobago,TTO,2020,-3872
Trinidad and Tobago,TTO,2021,6689
Trinidad and Tobago,TTO,2022,8208
Trinidad and Tobago,TTO,2023,7015
Tunisia,TUN,1951,73105
Tunisia,TUN,1952,76087
Tunisia,TUN,1953,79215
Tunisia,TUN,1954,82122
Tunisia,TUN,1955,85609
Tunisia,TUN,1956,77473
Tunisia,TUN,1957,54001
Tunisia,TUN,1958,41108
Tunisia,TUN,1959,43190
Tunisia,TUN,1960,46392
Tunisia,TUN,1961,48982
Tunisia,TUN,1962,52858
Tunisia,TUN,1963,57992
Tunisia,TUN,1964,62744
Tunisia,TUN,1965,71515
Tunisia,TUN,1966,90904
Tunisia,TUN,1967,108681
Tunisia,TUN,1968,118934
Tunisia,TUN,1969,124785
Tunisia,TUN,1970,126700
Tunisia,TUN,1971,130266
Tunisia,TUN,1972,134904
Tunisia,TUN,1973,140680
Tunisia,TUN,1974,147442
Tunisia,TUN,1975,154580
Tunisia,TUN,1976,157727
Tunisia,TUN,1977,158934
Tunisia,TUN,1978,153466
Tunisia,TUN,1979,147025
Tunisia,TUN,1980,149776
Tunisia,TUN,1981,152097
Tunisia,TUN,1982,150358
Tunisia,TUN,1983,145148
Tunisia,TUN,1984,166253
Tunisia,TUN,1985,189857
Tunisia,TUN,1986,190393
Tunisia,TUN,1987,189690
Tunisia,TUN,1988,184457
Tunisia,TUN,1989,177218
Tunisia,TUN,1990,172844
Tunisia,TUN,1991,177317
Tunisia,TUN,1992,180683
Tunisia,TUN,1993,175407
Tunisia,TUN,1994,160531
Tunisia,TUN,1995,142816
Tunisia,TUN,1996,133170
Tunisia,TUN,1997,126840
Tunisia,TUN,1998,120396
Tunisia,TUN,1999,114297
Tunisia,TUN,2000,108974
Tunisia,TUN,2001,104739
Tunisia,TUN,2002,101842
Tunisia,TUN,2003,100117
Tunisia,TUN,2004,94532
Tunisia,TUN,2005,89304
Tunisia,TUN,2006,90934
Tunisia,TUN,2007,95297
Tunisia,TUN,2008,100932
Tunisia,TUN,2009,108045
Tunisia,TUN,2010,115302
Tunisia,TUN,2011,120057
Tunisia,TUN,2012,123608
Tunisia,TUN,2013,131716
Tunisia,TUN,2014,132930
Tunisia,TUN,2015,127975
Tunisia,TUN,2016,126406
Tunisia,TUN,2017,121828
Tunisia,TUN,2018,115011
Tunisia,TUN,2019,109569
Tunisia,TUN,2020,98974
Tunisia,TUN,2021,74567
Tunisia,TUN,2022,70713
Tunisia,TUN,2023,81096
Turkey,TUR,1951,622736
Turkey,TUR,1952,646215
Turkey,TUR,1953,668459
Turkey,TUR,1954,677558
Turkey,TUR,1955,674403
Turkey,TUR,1956,747090
Turkey,TUR,1957,823317
Turkey,TUR,1958,824046
Turkey,TUR,1959,821370
Turkey,TUR,1960,803559
Turkey,TUR,1961,789340
Turkey,TUR,1962,796914
Turkey,TUR,1963,810697
Turkey,TUR,1964,816228
Turkey,TUR,1965,802139
Turkey,TUR,1966,832466
Turkey,TUR,1967,872741
Turkey,TUR,1968,871261
Turkey,TUR,1969,866097
Turkey,TUR,1970,850680
Turkey,TUR,1971,880152
Turkey,TUR,1972,911605
Turkey,TUR,1973,899318
Turkey,TUR,1974,880701
Turkey,TUR,1975,842889
Turkey,TUR,1976,846867
Turkey,TUR,1977,873311
Turkey,TUR,1978,872005
Turkey,TUR,1979,865124
Turkey,TUR,1980,898388
Turkey,TUR,1981,912372
Turkey,TUR,1982,1000914
Turkey,TUR,1983,1125309
Turkey,TUR,1984,1126652
Turkey,TUR,1985,1113053
Turkey,TUR,1986,1090650
Turkey,TUR,1987,1065903
Turkey,TUR,1988,1065957
Turkey,TUR,1989,1067091
Turkey,TUR,1990,1038908
Turkey,TUR,1991,994265
Turkey,TUR,1992,980229
Turkey,TUR,1993,1009043
Turkey,TUR,1994,1034668
Turkey,TUR,1995,990669
Turkey,TUR,1996,926633
Turkey,TUR,1997,901834
Turkey,TUR,1998,881417
Turkey,TUR,1999,857531
Turkey,TUR,2000,834041
Turkey,TUR,2001,819168
Turkey,TUR,2002,803667
Turkey,TUR,2003,782943
Turkey,TUR,2004,760886
Turkey,TUR,2005,736936
Turkey,TUR,2006,715794
Turkey,TUR,2007,705242
Turkey,TUR,2008,811750
Turkey,TUR,2009,902503
Turkey,TUR,2010,881920
Turkey,TUR,2011,868437
Turkey,TUR,2012,981993
Turkey,TUR,2013,1205836
Turkey,TUR,2014,1633122
Turkey,TUR,2015,1978068
Turkey,TUR,2016,1637865
Turkey,TUR,2017,1431580
Turkey,TUR,2018,1332299
Turkey,TUR,2019,941704
Turkey,TUR,2020,734021
Turkey,TUR,2021,594563
Turkey,TUR,2022,372215
Turkey,TUR,2023,212033
Turkmenistan,TKM,1951,24897
Turkmenistan,TKM,1952,26461
Turkmenistan,TKM,1953,29139
Turkmenistan,TKM,1954,32684
Turkmenistan,TKM,1955,35809
Turkmenistan,TKM,1956,39038
Turkmenistan,TKM,1957,42350
Turkmenistan,TKM,1958,45620
Turkmenistan,TKM,1959,48244
Turkmenistan,TKM,1960,50036
Turkmenistan,TKM,1961,51945
Turkmenistan,TKM,1962,53817
Turkmenistan,TKM,1963,55043
Turkmenistan,TKM,1964,55734
Turkmenistan,TKM,1965,55918
Turkmenistan,TKM,1966,55827
Turkmenistan,TKM,1967,55656
Turkmenistan,TKM,1968,55673
Turkmenistan,TKM,1969,55956
Turkmenistan,TKM,1970,56586
Turkmenistan,TKM,1971,57506
Turkmenistan,TKM,1972,58308
Turkmenistan,TKM,1973,59487
Turkmenistan,TKM,1974,61114
Turkmenistan,TKM,1975,62541
Turkmenistan,TKM,1976,63952
Turkmenistan,TKM,1977,65421
Turkmenistan,TKM,1978,67149
Turkmenistan,TKM,1979,69266
Turkmenistan,TKM,1980,71840
Turkmenistan,TKM,1981,74992
Turkmenistan,TKM,1982,78373
Turkmenistan,TKM,1983,81969
Turkmenistan,TKM,1984,86545
Turkmenistan,TKM,1985,93461
Turkmenistan,TKM,1986,100272
Turkmenistan,TKM,1987,104923
Turkmenistan,TKM,1988,106628
Turkmenistan,TKM,1989,103100
Turkmenistan,TKM,1990,98097
Turkmenistan,TKM,1991,95341
Turkmenistan,TKM,1992,88787
Turkmenistan,TKM,1993,87726
Turkmenistan,TKM,1994,84247
Turkmenistan,TKM,1995,74545
Turkmenistan,TKM,1996,72611
Turkmenistan,TKM,1997,72914
Turkmenistan,TKM,1998,73779
Turkmenistan,TKM,1999,81663
Turkmenistan,TKM,2000,90501
Turkmenistan,TKM,2001,92741
Turkmenistan,TKM,2002,94057
Turkmenistan,TKM,2003,94398
Turkmenistan,TKM,2004,94220
Turkmenistan,TKM,2005,94169
Turkmenistan,TKM,2006,94843
Turkmenistan,TKM,2007,96944
Turkmenistan,TKM,2008,100986
Turkmenistan,TKM,2009,106564
Turkmenistan,TKM,2010,112759
Turkmenistan,TKM,2011,119057
Turkmenistan,TKM,2012,125135
Turkmenistan,TKM,2013,130800
Turkmenistan,TKM,2014,135938
Turkmenistan,TKM,2015,140487
Turkmenistan,TKM,2016,144268
Turkmenistan,TKM,2017,147024
Turkmenistan,TKM,2018,148458
Turkmenistan,TKM,2019,148420
Turkmenistan,TKM,2020,145972
Turkmenistan,TKM,2021,142127
Turkmenistan,TKM,2022,138155
Turkmenistan,TKM,2023,134240
Turks and Caicos Islands,TCA,1951,17
Turks and Caicos Islands,TCA,1952,-38
Turks and Caicos Islands,TCA,1953,-30
Turks and Caicos Islands,TCA,1954,41
Turks and Caicos Islands,TCA,1955,108
Turks and Caicos Islands,TCA,1956,114
Turks and Caicos Islands,TCA,1957,112
Turks and Caicos Islands,TCA,1958,85
Turks and Caicos Islands,TCA,1959,89
Turks and Caicos Islands,TCA,1960,63
Turks and Caicos Islands,TCA,1961,23
Turks and Caicos Islands,TCA,1962,14
Turks and Caicos Islands,TCA,1963,17
Turks and Caicos Islands,TCA,1964,7
Turks and Caicos Islands,TCA,1965,2
Turks and Caicos Islands,TCA,1966,-8
Turks and Caicos Islands,TCA,1967,9
Turks and Caicos Islands,TCA,1968,-5
Turks and Caicos Islands,TCA,1969,-5
Turks and Caicos Islands,TCA,1970,12
Turks and Caicos Islands,TCA,1971,87
Turks and Caicos Islands,TCA,1972,163
Turks and Caicos Islands,TCA,1973,176
Turks and Caicos Islands,TCA,1974,184
Turks and Caicos Islands,TCA,1975,190
Turks and Caicos Islands,TCA,1976,191
Turks and Caicos Islands,TCA,1977,208
Turks and Caicos Islands,TCA,1978,220
Turks and Caicos Islands,TCA,1979,222
Turks and Caicos Islands,TCA,1980,257
Turks and Caicos Islands,TCA,1981,343
Turks and Caicos Islands,TCA,1982,389
Turks and Caicos Islands,TCA,1983,406
Turks and Caicos Islands,TCA,1984,405
Turks and Caicos Islands,TCA,1985,418
Turks and Caicos Islands,TCA,1986,417
Turks and Caicos Islands,TCA,1987,422
Turks and Caicos Islands,TCA,1988,416
Turks and Caicos Islands,TCA,1989,413
Turks and Caicos Islands,TCA,1990,495
Turks and Caicos Islands,TCA,1991,620
Turks and Caicos Islands,TCA,1992,664
Turks and Caicos Islands,TCA,1993,678
Turks and Caicos Islands,TCA,1994,698
Turks and Caicos Islands,TCA,1995,706
Turks and Caicos Islands,TCA,1996,712
Turks and Caicos Islands,TCA,1997,719
Turks and Caicos Islands,TCA,1998,731
Turks and Caicos Islands,TCA,1999,745
Turks and Caicos Islands,TCA,2000,773
Turks and Caicos Islands,TCA,2001,849
Turks and Caicos Islands,TCA,2002,1016
Turks and Caicos Islands,TCA,2003,1130
Turks and Caicos Islands,TCA,2004,1132
Turks and Caicos Islands,TCA,2005,1130
Turks and Caicos Islands,TCA,2006,1135
Turks and Caicos Islands,TCA,2007,1144
Turks and Caicos Islands,TCA,2008,1162
Turks and Caicos Islands,TCA,2009,1158
Turks and Caicos Islands,TCA,2010,1153
Turks and Caicos Islands,TCA,2011,1107
Turks and Caicos Islands,TCA,2012,1282
Turks and Caicos Islands,TCA,2013,1523
Turks and Caicos Islands,TCA,2014,1402
Turks and Caicos Islands,TCA,2015,1555
Turks and Caicos Islands,TCA,2016,1710
Turks and Caicos Islands,TCA,2017,1589
Turks and Caicos Islands,TCA,2018,1649
Turks and Caicos Islands,TCA,2019,1611
Turks and Caicos Islands,TCA,2020,1214
Turks and Caicos Islands,TCA,2021,857
Turks and Caicos Islands,TCA,2022,607
Turks and Caicos Islands,TCA,2023,352
Tuvalu,TUV,1951,163
Tuvalu,TUV,1952,125
Tuvalu,TUV,1953,126
Tuvalu,TUV,1954,94
Tuvalu,TUV,1955,69
Tuvalu,TUV,1956,47
Tuvalu,TUV,1957,47
Tuvalu,TUV,1958,62
Tuvalu,TUV,1959,60
Tuvalu,TUV,1960,42
Tuvalu,TUV,1961,50
Tuvalu,TUV,1962,52
Tuvalu,TUV,1963,52
Tuvalu,TUV,1964,-2
Tuvalu,TUV,1965,-40
Tuvalu,TUV,1966,-26
Tuvalu,TUV,1967,-31
Tuvalu,TUV,1968,-30
Tuvalu,TUV,1969,9
Tuvalu,TUV,1970,31
Tuvalu,TUV,1971,20
Tuvalu,TUV,1972,8
Tuvalu,TUV,1973,-8
Tuvalu,TUV,1974,140
Tuvalu,TUV,1975,289
Tuvalu,TUV,1976,294
Tuvalu,TUV,1977,281
Tuvalu,TUV,1978,272
Tuvalu,TUV,1979,227
Tuvalu,TUV,1980,180
Tuvalu,TUV,1981,158
Tuvalu,TUV,1982,141
Tuvalu,TUV,1983,123
Tuvalu,TUV,1984,117
Tuvalu,TUV,1985,142
Tuvalu,TUV,1986,170
Tuvalu,TUV,1987,155
Tuvalu,TUV,1988,146
Tuvalu,TUV,1989,146
Tuvalu,TUV,1990,136
Tuvalu,TUV,1991,132
Tuvalu,TUV,1992,107
Tuvalu,TUV,1993,86
Tuvalu,TUV,1994,85
Tuvalu,TUV,1995,68
Tuvalu,TUV,1996,64
Tuvalu,TUV,1997,62
Tuvalu,TUV,1998,44
Tuvalu,TUV,1999,49
Tuvalu,TUV,2000,48
Tuvalu,TUV,2001,42
Tuvalu,TUV,2002,37
Tuvalu,TUV,2003,70
Tuvalu,TUV,2004,124
Tuvalu,TUV,2005,125
Tuvalu,TUV,2006,114
Tuvalu,TUV,2007,126
Tuvalu,TUV,2008,140
Tuvalu,TUV,2009,135
Tuvalu,TUV,2010,156
Tuvalu,TUV,2011,169
Tuvalu,TUV,2012,156
Tuvalu,TUV,2013,68
Tuvalu,TUV,2014,-21
Tuvalu,TUV,2015,-22
Tuvalu,TUV,2016,-34
Tuvalu,TUV,2017,-59
Tuvalu,TUV,2018,-117
Tuvalu,TUV,2019,-172
Tuvalu,TUV,2020,-180
Tuvalu,TUV,2021,-209
Tuvalu,TUV,2022,-202
Tuvalu,TUV,2023,-175
Uganda,UGA,1951,160256
Uganda,UGA,1952,165872
Uganda,UGA,1953,172397
Uganda,UGA,1954,178939
Uganda,UGA,1955,185395
Uganda,UGA,1956,191681
Uganda,UGA,1957,198431
Uganda,UGA,1958,205872
Uganda,UGA,1959,213672
Uganda,UGA,1960,217543
Uganda,UGA,1961,221246
Uganda,UGA,1962,230010
Uganda,UGA,1963,241429
Uganda,UGA,1964,252706
Uganda,UGA,1965,262843
Uganda,UGA,1966,273655
Uganda,UGA,1967,286058
Uganda,UGA,1968,299711
Uganda,UGA,1969,306230
Uganda,UGA,1970,306745
Uganda,UGA,1971,296599
Uganda,UGA,1972,267588
Uganda,UGA,1973,258442
Uganda,UGA,1974,280608
Uganda,UGA,1975,300395
Uganda,UGA,1976,312062
Uganda,UGA,1977,322369
Uganda,UGA,1978,332451
Uganda,UGA,1979,310045
Uganda,UGA,1980,273584
Uganda,UGA,1981,280706
Uganda,UGA,1982,317180
Uganda,UGA,1983,348254
Uganda,UGA,1984,385788
Uganda,UGA,1985,416000
Uganda,UGA,1986,443902
Uganda,UGA,1987,486584
Uganda,UGA,1988,516320
Uganda,UGA,1989,540219
Uganda,UGA,1990,559191
Uganda,UGA,1991,586006
Uganda,UGA,1992,629136
Uganda,UGA,1993,660124
Uganda,UGA,1994,663643
Uganda,UGA,1995,556869
Uganda,UGA,1996,565880
Uganda,UGA,1997,624491
Uganda,UGA,1998,659765
Uganda,UGA,1999,741470
Uganda,UGA,2000,742879
Uganda,UGA,2001,745520
Uganda,UGA,2002,787194
Uganda,UGA,2003,819252
Uganda,UGA,2004,802389
Uganda,UGA,2005,808774
Uganda,UGA,2006,830718
Uganda,UGA,2007,859432
Uganda,UGA,2008,886110
Uganda,UGA,2009,911600
Uganda,UGA,2010,939654
Uganda,UGA,2011,963740
Uganda,UGA,2012,982895
Uganda,UGA,2013,999614
Uganda,UGA,2014,1058492
Uganda,UGA,2015,1135902
Uganda,UGA,2016,1267709
Uganda,UGA,2017,1378231
Uganda,UGA,2018,1388455
Uganda,UGA,2019,1433797
Uganda,UGA,2020,1457512
Uganda,UGA,2021,1453783
Uganda,UGA,2022,1401787
Uganda,UGA,2023,1343888
Ukraine,UKR,1951,496867
Ukraine,UKR,1952,498959
Ukraine,UKR,1953,499374
Ukraine,UKR,1954,513937
Ukraine,UKR,1955,539692
Ukraine,UKR,1956,559431
Ukraine,UKR,1957,579624
Ukraine,UKR,1958,628297
Ukraine,UKR,1959,617202
Ukraine,UKR,1960,579828
Ukraine,UKR,1961,575670
Ukraine,UKR,1962,543906
Ukraine,UKR,1963,518695
Ukraine,UKR,1964,488787
Ukraine,UKR,1965,435739
Ukraine,UKR,1966,415627
Ukraine,UKR,1967,413466
Ukraine,UKR,1968,398344
Ukraine,UKR,1969,361918
Ukraine,UKR,1970,285058
Ukraine,UKR,1971,311982
Ukraine,UKR,1972,373602
Ukraine,UKR,1973,330227
Ukraine,UKR,1974,299453
Ukraine,UKR,1975,288657
Ukraine,UKR,1976,255612
Ukraine,UKR,1977,215643
Ukraine,UKR,1978,184758
Ukraine,UKR,1979,200141
Ukraine,UKR,1980,233763
Ukraine,UKR,1981,234133
Ukraine,UKR,1982,213444
Ukraine,UKR,1983,234302
Ukraine,UKR,1984,250574
Ukraine,UKR,1985,221171
Ukraine,UKR,1986,209967
Ukraine,UKR,1987,196989
Ukraine,UKR,1988,209127
Ukraine,UKR,1989,192971
Ukraine,UKR,1990,136271
Ukraine,UKR,1991,116871
Ukraine,UKR,1992,152708
Ukraine,UKR,1993,26447
Ukraine,UKR,1994,-274122
Ukraine,UKR,1995,-410465
Ukraine,UKR,1996,-439424
Ukraine,UKR,1997,-439230
Ukraine,UKR,1998,-407153
Ukraine,UKR,1999,-403283
Ukraine,UKR,2000,-419791
Ukraine,UKR,2001,-449800
Ukraine,UKR,2002,-429574
Ukraine,UKR,2003,-362147
Ukraine,UKR,2004,-335631
Ukraine,UKR,2005,-393944
Ukraine,UKR,2006,-306867
Ukraine,UKR,2007,-215889
Ukraine,UKR,2008,-243634
Ukraine,UKR,2009,-195437
Ukraine,UKR,2010,-167734
Ukraine,UKR,2011,-148143
Ukraine,UKR,2012,-97803
Ukraine,UKR,2013,-83291
Ukraine,UKR,2014,-154381
Ukraine,UKR,2015,-187475
Ukraine,UKR,2016,-168073
Ukraine,UKR,2017,-180794
Ukraine,UKR,2018,-227134
Ukraine,UKR,2019,-251452
Ukraine,UKR,2020,-277443
Ukraine,UKR,2021,-381366
Ukraine,UKR,2022,-3249874
Ukraine,UKR,2023,-3315935
United Arab Emirates,ARE,1951,5022
United Arab Emirates,ARE,1952,5226
United Arab Emirates,ARE,1953,5386
United Arab Emirates,ARE,1954,5504
United Arab Emirates,ARE,1955,5602
United Arab Emirates,ARE,1956,5704
United Arab Emirates,ARE,1957,5821
United Arab Emirates,ARE,1958,5979
United Arab Emirates,ARE,1959,6173
United Arab Emirates,ARE,1960,6399
United Arab Emirates,ARE,1961,6654
United Arab Emirates,ARE,1962,6961
United Arab Emirates,ARE,1963,7260
United Arab Emirates,ARE,1964,7479
United Arab Emirates,ARE,1965,7419
United Arab Emirates,ARE,1966,6867
United Arab Emirates,ARE,1967,5720
United Arab Emirates,ARE,1968,19724
United Arab Emirates,ARE,1969,40244
United Arab Emirates,ARE,1970,46877
United Arab Emirates,ARE,1971,48489
United Arab Emirates,ARE,1972,49983
United Arab Emirates,ARE,1973,51382
United Arab Emirates,ARE,1974,52691
United Arab Emirates,ARE,1975,53770
United Arab Emirates,ARE,1976,73003
United Arab Emirates,ARE,1977,94345
United Arab Emirates,ARE,1978,99069
United Arab Emirates,ARE,1979,102731
United Arab Emirates,ARE,1980,103695
United Arab Emirates,ARE,1981,84153
United Arab Emirates,ARE,1982,66519
United Arab Emirates,ARE,1983,68926
United Arab Emirates,ARE,1984,70696
United Arab Emirates,ARE,1985,71913
United Arab Emirates,ARE,1986,89468
United Arab Emirates,ARE,1987,106872
United Arab Emirates,ARE,1988,107539
United Arab Emirates,ARE,1989,108061
United Arab Emirates,ARE,1990,108362
United Arab Emirates,ARE,1991,108410
United Arab Emirates,ARE,1992,108108
United Arab Emirates,ARE,1993,107360
United Arab Emirates,ARE,1994,106093
United Arab Emirates,ARE,1995,106476
United Arab Emirates,ARE,1996,162903
United Arab Emirates,ARE,1997,219840
United Arab Emirates,ARE,1998,223022
United Arab Emirates,ARE,1999,225579
United Arab Emirates,ARE,2000,227572
United Arab Emirates,ARE,2001,230013
United Arab Emirates,ARE,2002,233233
United Arab Emirates,ARE,2003,235636
United Arab Emirates,ARE,2004,236499
United Arab Emirates,ARE,2005,235833
United Arab Emirates,ARE,2006,344309
United Arab Emirates,ARE,2007,615534
United Arab Emirates,ARE,2008,678029
United Arab Emirates,ARE,2009,404394
United Arab Emirates,ARE,2010,231309
United Arab Emirates,ARE,2011,261064
United Arab Emirates,ARE,2012,297686
United Arab Emirates,ARE,2013,334729
United Arab Emirates,ARE,2014,405029
United Arab Emirates,ARE,2015,437753
United Arab Emirates,ARE,2016,356240
United Arab Emirates,ARE,2017,203457
United Arab Emirates,ARE,2018,112540
United Arab Emirates,ARE,2019,30985
United Arab Emirates,ARE,2020,70674
United Arab Emirates,ARE,2021,340526
United Arab Emirates,ARE,2022,453030
United Arab Emirates,ARE,2023,400004
United Kingdom,GBR,1951,225801
United Kingdom,GBR,1952,149410
United Kingdom,GBR,1953,230804
United Kingdom,GBR,1954,231211
United Kingdom,GBR,1955,218503
United Kingdom,GBR,1956,223709
United Kingdom,GBR,1957,255453
United Kingdom,GBR,1958,279729
United Kingdom,GBR,1959,290826
United Kingdom,GBR,1960,312082
United Kingdom,GBR,1961,346404
United Kingdom,GBR,1962,387884
United Kingdom,GBR,1963,380103
United Kingdom,GBR,1964,356191
United Kingdom,GBR,1965,349892
United Kingdom,GBR,1966,317324
United Kingdom,GBR,1967,297315
United Kingdom,GBR,1968,266993
United Kingdom,GBR,1969,215554
United Kingdom,GBR,1970,207593
United Kingdom,GBR,1971,226571
United Kingdom,GBR,1972,188867
United Kingdom,GBR,1973,109548
United Kingdom,GBR,1974,35763
United Kingdom,GBR,1975,-4411
United Kingdom,GBR,1976,-18996
United Kingdom,GBR,1977,-25314
United Kingdom,GBR,1978,-276
United Kingdom,GBR,1979,43206
United Kingdom,GBR,1980,63343
United Kingdom,GBR,1981,22488
United Kingdom,GBR,1982,-11829
United Kingdom,GBR,1983,39299
United Kingdom,GBR,1984,119252
United Kingdom,GBR,1985,155104
United Kingdom,GBR,1986,145510
United Kingdom,GBR,1987,134095
United Kingdom,GBR,1988,140518
United Kingdom,GBR,1989,155598
United Kingdom,GBR,1990,185730
United Kingdom,GBR,1991,187332
United Kingdom,GBR,1992,164074
United Kingdom,GBR,1993,141764
United Kingdom,GBR,1994,142163
United Kingdom,GBR,1995,151432
United Kingdom,GBR,1996,143931
United Kingdom,GBR,1997,148528
United Kingdom,GBR,1998,179731
United Kingdom,GBR,1999,211841
United Kingdom,GBR,2000,218670
United Kingdom,GBR,2001,230762
United Kingdom,GBR,2002,252669
United Kingdom,GBR,2003,279621
United Kingdom,GBR,2004,349579
United Kingdom,GBR,2005,426143
United Kingdom,GBR,2006,454986
United Kingdom,GBR,2007,484766
United Kingdom,GBR,2008,491444
United Kingdom,GBR,2009,478919
United Kingdom,GBR,2010,500260
United Kingdom,GBR,2011,502803
United Kingdom,GBR,2012,451203
United Kingdom,GBR,2013,428898
United Kingdom,GBR,2014,476528
United Kingdom,GBR,2015,516193
United Kingdom,GBR,2016,511252
United Kingdom,GBR,2017,461114
United Kingdom,GBR,2018,398000
United Kingdom,GBR,2019,358485
United Kingdom,GBR,2020,240902
United Kingdom,GBR,2021,316928
United Kingdom,GBR,2022,510527
United Kingdom,GBR,2023,503650
United States,USA,1951,2278640
United States,USA,1952,2312900
United States,USA,1953,2374097
United States,USA,1954,2467983
United States,USA,1955,2563725
United States,USA,1956,2624934
United States,USA,1957,2674272
United States,USA,1958,2716071
United States,USA,1959,2930467
United States,USA,1960,3128784
United States,USA,1961,3214935
United States,USA,1962,3234784
United States,USA,1963,3100950
United States,USA,1964,2994232
United States,USA,1965,2834317
United States,USA,1966,2611626
United States,USA,1967,2434513
United States,USA,1968,2311107
United States,USA,1969,2289014
United States,USA,1970,2496304
United States,USA,1971,2630085
United States,USA,1972,2416148
United States,USA,1973,2163977
United States,USA,1974,2069927
United States,USA,1975,2052824
United States,USA,1976,2039456
United States,USA,1977,2090662
United States,USA,1978,2136680
United States,USA,1979,2178985
United States,USA,1980,2283574
United States,USA,1981,2342957
United States,USA,1982,2381542
United States,USA,1983,2403207
United States,USA,1984,2367605
United States,USA,1985,2336471
United States,USA,1986,2263369
United States,USA,1987,2207485
United States,USA,1988,2231944
United States,USA,1989,2281811
United States,USA,1990,2698340
United States,USA,1991,3098037
United States,USA,1992,3134597
United States,USA,1993,3027208
United States,USA,1994,2841582
United States,USA,1995,2730985
United States,USA,1996,2654899
United States,USA,1997,2607319
United States,USA,1998,2651309
United States,USA,1999,2666159
United States,USA,2000,2698644
United States,USA,2001,2795508
United States,USA,2002,2804701
United States,USA,2003,2823756
United States,USA,2004,2878157
United States,USA,2005,2930418
United States,USA,2006,3013542
United States,USA,2007,3114015
United States,USA,2008,3126102
United States,USA,2009,3053127
United States,USA,2010,3039333
United States,USA,2011,3042290
United States,USA,2012,3010274
United States,USA,2013,2995403
United States,USA,2014,3004625
United States,USA,2015,3011119
United States,USA,2016,3052927
United States,USA,2017,3025234
United States,USA,2018,2851835
United States,USA,2019,2733577
United States,USA,2020,1646087
United States,USA,2021,725282
United States,USA,2022,1372603
United States,USA,2023,1943289
United States Virgin Islands,VIR,1951,663
United States Virgin Islands,VIR,1952,452
United States Virgin Islands,VIR,1953,453
United States Virgin Islands,VIR,1954,512
United States Virgin Islands,VIR,1955,496
United States Virgin Islands,VIR,1956,477
United States Virgin Islands,VIR,1957,479
United States Virgin Islands,VIR,1958,514
United States Virgin Islands,VIR,1959,565
United States Virgin Islands,VIR,1960,1326
United States Virgin Islands,VIR,1961,2411
United States Virgin Islands,VIR,1962,2886
United States Virgin Islands,VIR,1963,3127
United States Virgin Islands,VIR,1964,3392
United States Virgin Islands,VIR,1965,3544
United States Virgin Islands,VIR,1966,3382
United States Virgin Islands,VIR,1967,3144
United States Virgin Islands,VIR,1968,2921
United States Virgin Islands,VIR,1969,2707
United States Virgin Islands,VIR,1970,3319
United States Virgin Islands,VIR,1971,4055
United States Virgin Islands,VIR,1972,4002
United States Virgin Islands,VIR,1973,3811
United States Virgin Islands,VIR,1974,3578
United States Virgin Islands,VIR,1975,3301
United States Virgin Islands,VIR,1976,3098
United States Virgin Islands,VIR,1977,3012
United States Virgin Islands,VIR,1978,2898
United States Virgin Islands,VIR,1979,2819
United States Virgin Islands,VIR,1980,2132
United States Virgin Islands,VIR,1981,1192
United States Virgin Islands,VIR,1982,881
United States Virgin Islands,VIR,1983,801
United States Virgin Islands,VIR,1984,724
United States Virgin Islands,VIR,1985,634
United States Virgin Islands,VIR,1986,535
United States Virgin Islands,VIR,1987,396
United States Virgin Islands,VIR,1988,214
United States Virgin Islands,VIR,1989,-20
United States Virgin Islands,VIR,1990,381
United States Virgin Islands,VIR,1991,1037
United States Virgin Islands,VIR,1992,1075
United States Virgin Islands,VIR,1993,966
United States Virgin Islands,VIR,1994,846
United States Virgin Islands,VIR,1995,743
United States Virgin Islands,VIR,1996,623
United States Virgin Islands,VIR,1997,489
United States Virgin Islands,VIR,1998,344
United States Virgin Islands,VIR,1999,147
United States Virgin Islands,VIR,2000,3
United States Virgin Islands,VIR,2001,-56
United States Virgin Islands,VIR,2002,-102
United States Virgin Islands,VIR,2003,-247
United States Virgin Islands,VIR,2004,-335
United States Virgin Islands,VIR,2005,-229
United States Virgin Islands,VIR,2006,-159
United States Virgin Islands,VIR,2007,-225
United States Virgin Islands,VIR,2008,-267
United States Virgin Islands,VIR,2009,-204
United States Virgin Islands,VIR,2010,-442
United States Virgin Islands,VIR,2011,-927
United States Virgin Islands,VIR,2012,-1091
United States Virgin Islands,VIR,2013,-1139
United States Virgin Islands,VIR,2014,-1156
United States Virgin Islands,VIR,2015,-1761
United States Virgin Islands,VIR,2016,-2456
United States Virgin Islands,VIR,2017,-2671
United States Virgin Islands,VIR,2018,-2807
United States Virgin Islands,VIR,2019,-2927
United States Virgin Islands,VIR,2020,-1666
United States Virgin Islands,VIR,2021,-486
United States Virgin Islands,VIR,2022,-717
United States Virgin Islands,VIR,2023,-809
Upper-middle-income countries,OWID_UMC,1951,18905852
Upper-middle-income countries,OWID_UMC,1952,20960978
Upper-middle-income countries,OWID_UMC,1953,22424290
Upper-middle-income countries,OWID_UMC,1954,23001535
Upper-middle-income countries,OWID_UMC,1955,24310935
Upper-middle-income countries,OWID_UMC,1956,24358971
Upper-middle-income countries,OWID_UMC,1957,25637683
Upper-middle-income countries,OWID_UMC,1958,26040707
Upper-middle-income countries,OWID_UMC,1959,20878903
Upper-middle-income countries,OWID_UMC,1960,14804462
Upper-middle-income countries,OWID_UMC,1961,14073453
Upper-middle-income countries,OWID_UMC,1962,22619552
Upper-middle-income countries,OWID_UMC,1963,32960640
Upper-middle-income countries,OWID_UMC,1964,33836727
Upper-middle-income countries,OWID_UMC,1965,31856875
Upper-middle-income countries,OWID_UMC,1966,32130572
Upper-middle-income countries,OWID_UMC,1967,32106162
Upper-middle-income countries,OWID_UMC,1968,33642086
Upper-middle-income countries,OWID_UMC,1969,34956826
Upper-middle-income countries,OWID_UMC,1970,34972095
Upper-middle-income countries,OWID_UMC,1971,34709990
Upper-middle-income countries,OWID_UMC,1972,33896888
Upper-middle-income countries,OWID_UMC,1973,33389836
Upper-middle-income countries,OWID_UMC,1974,32381321
Upper-middle-income countries,OWID_UMC,1975,30598994
Upper-middle-income countries,OWID_UMC,1976,29298881
Upper-middle-income countries,OWID_UMC,1977,28565109
Upper-middle-income countries,OWID_UMC,1978,28206432
Upper-middle-income countries,OWID_UMC,1979,28614173
Upper-middle-income countries,OWID_UMC,1980,29480965
Upper-middle-income countries,OWID_UMC,1981,30411480
Upper-middle-income countries,OWID_UMC,1982,31948923
Upper-middle-income countries,OWID_UMC,1983,32047237
Upper-middle-income countries,OWID_UMC,1984,31643611
Upper-middle-income countries,OWID_UMC,1985,32644511
Upper-middle-income countries,OWID_UMC,1986,34088271
Upper-middle-income countries,OWID_UMC,1987,35760651
Upper-middle-income countries,OWID_UMC,1988,35639756
Upper-middle-income countries,OWID_UMC,1989,34959571
Upper-middle-income countries,OWID_UMC,1990,34998204
Upper-middle-income countries,OWID_UMC,1991,31862233
Upper-middle-income countries,OWID_UMC,1992,27058823
Upper-middle-income countries,OWID_UMC,1993,25903740
Upper-middle-income countries,OWID_UMC,1994,25561056
Upper-middle-income countries,OWID_UMC,1995,24645666
Upper-middle-income countries,OWID_UMC,1996,24143648
Upper-middle-income countries,OWID_UMC,1997,23279480
Upper-middle-income countries,OWID_UMC,1998,22523424
Upper-middle-income countries,OWID_UMC,1999,21796924
Upper-middle-income countries,OWID_UMC,2000,21651999
Upper-middle-income countries,OWID_UMC,2001,21067266
Upper-middle-income countries,OWID_UMC,2002,20365767
Upper-middle-income countries,OWID_UMC,2003,19733328
Upper-middle-income countries,OWID_UMC,2004,18957941
Upper-middle-income countries,OWID_UMC,2005,19349924
Upper-middle-income countries,OWID_UMC,2006,18974106
Upper-middle-income countries,OWID_UMC,2007,18548744
Upper-middle-income countries,OWID_UMC,2008,19924237
Upper-middle-income countries,OWID_UMC,2009,21258774
Upper-middle-income countries,OWID_UMC,2010,21409037
Upper-middle-income countries,OWID_UMC,2011,21029529
Upper-middle-income countries,OWID_UMC,2012,22443879
Upper-middle-income countries,OWID_UMC,2013,23385316
Upper-middle-income countries,OWID_UMC,2014,22751592
Upper-middle-income countries,OWID_UMC,2015,22079155
Upper-middle-income countries,OWID_UMC,2016,20765867
Upper-middle-income countries,OWID_UMC,2017,20721012
Upper-middle-income countries,OWID_UMC,2018,19448563
Upper-middle-income countries,OWID_UMC,2019,16391315
Upper-middle-income countries,OWID_UMC,2020,12808761
Upper-middle-income countries,OWID_UMC,2021,8496898
Upper-middle-income countries,OWID_UMC,2022,7178464
Upper-middle-income countries,OWID_UMC,2023,6568640
Uruguay,URY,1951,22002
Uruguay,URY,1952,24694
Uruguay,URY,1953,26941
Uruguay,URY,1954,28824
Uruguay,URY,1955,30160
Uruguay,URY,1956,31335
Uruguay,URY,1957,32402
Uruguay,URY,1958,33096
Uruguay,URY,1959,33285
Uruguay,URY,1960,32811
Uruguay,URY,1961,32083
Uruguay,URY,1962,31247
Uruguay,URY,1963,30473
Uruguay,URY,1964,29415
Uruguay,URY,1965,27990
Uruguay,URY,1966,26483
Uruguay,URY,1967,24628
Uruguay,URY,1968,22322
Uruguay,URY,1969,19380
Uruguay,URY,1970,16826
Uruguay,URY,1971,15651
Uruguay,URY,1972,15186
Uruguay,URY,1973,15495
Uruguay,URY,1974,16804
Uruguay,URY,1975,18381
Uruguay,URY,1976,19067
Uruguay,URY,1977,18074
Uruguay,URY,1978,16245
Uruguay,URY,1979,14192
Uruguay,URY,1980,12050
Uruguay,URY,1981,11294
Uruguay,URY,1982,12240
Uruguay,URY,1983,13289
Uruguay,URY,1984,13716
Uruguay,URY,1985,14549
Uruguay,URY,1986,15802
Uruguay,URY,1987,17050
Uruguay,URY,1988,18061
Uruguay,URY,1989,18297
Uruguay,URY,1990,18150
Uruguay,URY,1991,17953
Uruguay,URY,1992,17347
Uruguay,URY,1993,16647
Uruguay,URY,1994,16488
Uruguay,URY,1995,16599
Uruguay,URY,1996,16891
Uruguay,URY,1997,17020
Uruguay,URY,1998,15937
Uruguay,URY,1999,14734
Uruguay,URY,2000,12192
Uruguay,URY,2001,8045
Uruguay,URY,2002,4611
Uruguay,URY,2003,2320
Uruguay,URY,2004,1969
Uruguay,URY,2005,2619
Uruguay,URY,2006,3732
Uruguay,URY,2007,5647
Uruguay,URY,2008,7029
Uruguay,URY,2009,7909
Uruguay,URY,2010,8488
Uruguay,URY,2011,8248
Uruguay,URY,2012,8577
Uruguay,URY,2013,9929
Uruguay,URY,2014,11008
Uruguay,URY,2015,11679
Uruguay,URY,2016,11257
Uruguay,URY,2017,9165
Uruguay,URY,2018,6094
Uruguay,URY,2019,2668
Uruguay,URY,2020,1760
Uruguay,URY,2021,-2273
Uruguay,URY,2022,-5780
Uruguay,URY,2023,-2830
Uzbekistan,UZB,1951,145104
Uzbekistan,UZB,1952,151512
Uzbekistan,UZB,1953,161596
Uzbekistan,UZB,1954,171693
Uzbekistan,UZB,1955,184227
Uzbekistan,UZB,1956,198008
Uzbekistan,UZB,1957,211020
Uzbekistan,UZB,1958,226094
Uzbekistan,UZB,1959,246315
Uzbekistan,UZB,1960,273650
Uzbekistan,UZB,1961,308597
Uzbekistan,UZB,1962,336646
Uzbekistan,UZB,1963,347875
Uzbekistan,UZB,1964,355367
Uzbekistan,UZB,1965,364071
Uzbekistan,UZB,1966,367618
Uzbekistan,UZB,1967,369882
Uzbekistan,UZB,1968,372973
Uzbekistan,UZB,1969,371003
Uzbekistan,UZB,1970,359486
Uzbekistan,UZB,1971,348869
Uzbekistan,UZB,1972,353596
Uzbekistan,UZB,1973,365938
Uzbekistan,UZB,1974,377967
Uzbekistan,UZB,1975,389508
Uzbekistan,UZB,1976,400099
Uzbekistan,UZB,1977,410195
Uzbekistan,UZB,1978,407535
Uzbekistan,UZB,1979,399238
Uzbekistan,UZB,1980,404347
Uzbekistan,UZB,1981,415096
Uzbekistan,UZB,1982,427711
Uzbekistan,UZB,1983,445660
Uzbekistan,UZB,1984,470453
Uzbekistan,UZB,1985,496482
Uzbekistan,UZB,1986,520284
Uzbekistan,UZB,1987,534447
Uzbekistan,UZB,1988,530566
Uzbekistan,UZB,1989,516558
Uzbekistan,UZB,1990,487771
Uzbekistan,UZB,1991,497945
Uzbekistan,UZB,1992,522187
Uzbekistan,UZB,1993,502865
Uzbekistan,UZB,1994,475335
Uzbekistan,UZB,1995,454293
Uzbekistan,UZB,1996,434393
Uzbekistan,UZB,1997,406980
Uzbekistan,UZB,1998,375969
Uzbekistan,UZB,1999,341083
Uzbekistan,UZB,2000,311039
Uzbekistan,UZB,2001,303237
Uzbekistan,UZB,2002,309698
Uzbekistan,UZB,2003,311274
Uzbekistan,UZB,2004,318089
Uzbekistan,UZB,2005,327627
Uzbekistan,UZB,2006,342069
Uzbekistan,UZB,2007,376967
Uzbekistan,UZB,2008,418767
Uzbekistan,UZB,2009,444553
Uzbekistan,UZB,2010,446176
Uzbekistan,UZB,2011,437685
Uzbekistan,UZB,2012,438714
Uzbekistan,UZB,2013,462157
Uzbekistan,UZB,2014,498929
Uzbekistan,UZB,2015,526355
Uzbekistan,UZB,2016,535216
Uzbekistan,UZB,2017,534607
Uzbekistan,UZB,2018,554317
Uzbekistan,UZB,2019,591211
Uzbekistan,UZB,2020,621673
Uzbekistan,UZB,2021,657323
Uzbekistan,UZB,2022,695257
Uzbekistan,UZB,2023,713358
Vanuatu,VUT,1951,821
Vanuatu,VUT,1952,907
Vanuatu,VUT,1953,1031
Vanuatu,VUT,1954,1119
Vanuatu,VUT,1955,1215
Vanuatu,VUT,1956,1291
Vanuatu,VUT,1957,1450
Vanuatu,VUT,1958,1608
Vanuatu,VUT,1959,1684
Vanuatu,VUT,1960,1763
Vanuatu,VUT,1961,1833
Vanuatu,VUT,1962,1909
Vanuatu,VUT,1963,1983
Vanuatu,VUT,1964,2061
Vanuatu,VUT,1965,2143
Vanuatu,VUT,1966,2230
Vanuatu,VUT,1967,2330
Vanuatu,VUT,1968,2399
Vanuatu,VUT,1969,2436
Vanuatu,VUT,1970,2513
Vanuatu,VUT,1971,2598
Vanuatu,VUT,1972,2697
Vanuatu,VUT,1973,2801
Vanuatu,VUT,1974,2894
Vanuatu,VUT,1975,3015
Vanuatu,VUT,1976,3114
Vanuatu,VUT,1977,3232
Vanuatu,VUT,1978,3346
Vanuatu,VUT,1979,3081
Vanuatu,VUT,1980,2622
Vanuatu,VUT,1981,2585
Vanuatu,VUT,1982,2783
Vanuatu,VUT,1983,2962
Vanuatu,VUT,1984,3112
Vanuatu,VUT,1985,3250
Vanuatu,VUT,1986,3362
Vanuatu,VUT,1987,3469
Vanuatu,VUT,1988,3563
Vanuatu,VUT,1989,3641
Vanuatu,VUT,1990,3663
Vanuatu,VUT,1991,3734
Vanuatu,VUT,1992,3812
Vanuatu,VUT,1993,3856
Vanuatu,VUT,1994,3853
Vanuatu,VUT,1995,3827
Vanuatu,VUT,1996,3771
Vanuatu,VUT,1997,3712
Vanuatu,VUT,1998,3684
Vanuatu,VUT,1999,3734
Vanuatu,VUT,2000,4234
Vanuatu,VUT,2001,4757
Vanuatu,VUT,2002,4824
Vanuatu,VUT,2003,4889
Vanuatu,VUT,2004,4960
Vanuatu,VUT,2005,5052
Vanuatu,VUT,2006,5167
Vanuatu,VUT,2007,5352
Vanuatu,VUT,2008,5617
Vanuatu,VUT,2009,5832
Vanuatu,VUT,2010,5516
Vanuatu,VUT,2011,5227
Vanuatu,VUT,2012,5411
Vanuatu,VUT,2013,5601
Vanuatu,VUT,2014,5752
Vanuatu,VUT,2015,5868
Vanuatu,VUT,2016,5982
Vanuatu,VUT,2017,6421
Vanuatu,VUT,2018,6755
Vanuatu,VUT,2019,6722
Vanuatu,VUT,2020,6872
Vanuatu,VUT,2021,7015
Vanuatu,VUT,2022,7179
Vanuatu,VUT,2023,7361
Vatican,VAT,1951,6
Vatican,VAT,1952,6
Vatican,VAT,1953,6
Vatican,VAT,1954,7
Vatican,VAT,1955,7
Vatican,VAT,1956,5
Vatican,VAT,1957,2
Vatican,VAT,1958,2
Vatican,VAT,1959,1
Vatican,VAT,1960,-2
Vatican,VAT,1961,-3
Vatican,VAT,1962,2
Vatican,VAT,1963,1
Vatican,VAT,1964,2
Vatican,VAT,1965,-30
Vatican,VAT,1966,-47
Vatican,VAT,1967,-38
Vatican,VAT,1968,-31
Vatican,VAT,1969,-16
Vatican,VAT,1970,-11
Vatican,VAT,1971,-8
Vatican,VAT,1972,-4
Vatican,VAT,1973,-1
Vatican,VAT,1974,-2
Vatican,VAT,1975,-1
Vatican,VAT,1976,4
Vatican,VAT,1977,3
Vatican,VAT,1978,3
Vatican,VAT,1979,3
Vatican,VAT,1980,-1
Vatican,VAT,1981,-1
Vatican,VAT,1982,-3
Vatican,VAT,1983,-3
Vatican,VAT,1984,-3
Vatican,VAT,1985,-3
Vatican,VAT,1986,-1
Vatican,VAT,1987,0
Vatican,VAT,1988,-3
Vatican,VAT,1989,0
Vatican,VAT,1990,-1
Vatican,VAT,1991,1
Vatican,VAT,1992,-1
Vatican,VAT,1993,-7
Vatican,VAT,1994,-9
Vatican,VAT,1995,-6
Vatican,VAT,1996,-5
Vatican,VAT,1997,-3
Vatican,VAT,1998,1
Vatican,VAT,1999,-1
Vatican,VAT,2000,-5
Vatican,VAT,2001,-10
Vatican,VAT,2002,-7
Vatican,VAT,2003,-10
Vatican,VAT,2004,-7
Vatican,VAT,2005,0
Vatican,VAT,2006,-3
Vatican,VAT,2007,-7
Vatican,VAT,2008,-9
Vatican,VAT,2009,-11
Vatican,VAT,2010,-8
Vatican,VAT,2011,-5
Vatican,VAT,2012,-12
Vatican,VAT,2013,-14
Vatican,VAT,2014,-11
Vatican,VAT,2015,-8
Vatican,VAT,2016,-8
Vatican,VAT,2017,-8
Vatican,VAT,2018,-11
Vatican,VAT,2019,-9
Vatican,VAT,2020,-7
Vatican,VAT,2021,-9
Vatican,VAT,2022,-14
Vatican,VAT,2023,-12
Venezuela,VEN,1951,243746
Venezuela,VEN,1952,248774
Venezuela,VEN,1953,253394
Venezuela,VEN,1954,258041
Venezuela,VEN,1955,263006
Venezuela,VEN,1956,268505
Venezuela,VEN,1957,275121
Venezuela,VEN,1958,282536
Venezuela,VEN,1959,287247
Venezuela,VEN,1960,290859
Venezuela,VEN,1961,295834
Venezuela,VEN,1962,300959
Venezuela,VEN,1963,307139
Venezuela,VEN,1964,313696
Venezuela,VEN,1965,320078
Venezuela,VEN,1966,327065
Venezuela,VEN,1967,333656
Venezuela,VEN,1968,339024
Venezuela,VEN,1969,342741
Venezuela,VEN,1970,347516
Venezuela,VEN,1971,353218
Venezuela,VEN,1972,358171
Venezuela,VEN,1973,364355
Venezuela,VEN,1974,371817
Venezuela,VEN,1975,380533
Venezuela,VEN,1976,390397
Venezuela,VEN,1977,400533
Venezuela,VEN,1978,409861
Venezuela,VEN,1979,417871
Venezuela,VEN,1980,423674
Venezuela,VEN,1981,429080
Venezuela,VEN,1982,434571
Venezuela,VEN,1983,440326
Venezuela,VEN,1984,446636
Venezuela,VEN,1985,452595
Venezuela,VEN,1986,462109
Venezuela,VEN,1987,471428
Venezuela,VEN,1988,476051
Venezuela,VEN,1989,477904
Venezuela,VEN,1990,478080
Venezuela,VEN,1991,477893
Venezuela,VEN,1992,476048
Venezuela,VEN,1993,473579
Venezuela,VEN,1994,470661
Venezuela,VEN,1995,468636
Venezuela,VEN,1996,468295
Venezuela,VEN,1997,469574
Venezuela,VEN,1998,469650
Venezuela,VEN,1999,465254
Venezuela,VEN,2000,460112
Venezuela,VEN,2001,453227
Venezuela,VEN,2002,455740
Venezuela,VEN,2003,457036
Venezuela,VEN,2004,448133
Venezuela,VEN,2005,444954
Venezuela,VEN,2006,438894
Venezuela,VEN,2007,424678
Venezuela,VEN,2008,404325
Venezuela,VEN,2009,384602
Venezuela,VEN,2010,374805
Venezuela,VEN,2011,372119
Venezuela,VEN,2012,368609
Venezuela,VEN,2013,358366
Venezuela,VEN,2014,341885
Venezuela,VEN,2015,319888
Venezuela,VEN,2016,191751
Venezuela,VEN,2017,-200388
Venezuela,VEN,2018,-757740
Venezuela,VEN,2019,-869495
Venezuela,VEN,2020,-494016
Venezuela,VEN,2021,-206250
Venezuela,VEN,2022,-24815
Venezuela,VEN,2023,87846
Vietnam,VNM,1951,499539
Vietnam,VNM,1952,543644
Vietnam,VNM,1953,614048
Vietnam,VNM,1954,669944
Vietnam,VNM,1955,738544
Vietnam,VNM,1956,755866
Vietnam,VNM,1957,832114
Vietnam,VNM,1958,904024
Vietnam,VNM,1959,927096
Vietnam,VNM,1960,946378
Vietnam,VNM,1961,877131
Vietnam,VNM,1962,879502
Vietnam,VNM,1963,960545
Vietnam,VNM,1964,952461
Vietnam,VNM,1965,928092
Vietnam,VNM,1966,895175
Vietnam,VNM,1967,870248
Vietnam,VNM,1968,839526
Vietnam,VNM,1969,847488
Vietnam,VNM,1970,893130
Vietnam,VNM,1971,974054
Vietnam,VNM,1972,979888
Vietnam,VNM,1973,980695
Vietnam,VNM,1974,1003674
Vietnam,VNM,1975,1069367
Vietnam,VNM,1976,1202022
Vietnam,VNM,1977,1269948
Vietnam,VNM,1978,1294676
Vietnam,VNM,1979,1128663
Vietnam,VNM,1980,1111884
Vietnam,VNM,1981,1248043
Vietnam,VNM,1982,1273151
Vietnam,VNM,1983,1326626
Vietnam,VNM,1984,1368153
Vietnam,VNM,1985,1354551
Vietnam,VNM,1986,1286422
Vietnam,VNM,1987,1237601
Vietnam,VNM,1988,1258589
Vietnam,VNM,1989,1304120
Vietnam,VNM,1990,1357197
Vietnam,VNM,1991,1387227
Vietnam,VNM,1992,1368558
Vietnam,VNM,1993,1326058
Vietnam,VNM,1994,1267999
Vietnam,VNM,1995,1195552
Vietnam,VNM,1996,1106511
Vietnam,VNM,1997,1070434
Vietnam,VNM,1998,1072775
Vietnam,VNM,1999,987789
Vietnam,VNM,2000,866562
Vietnam,VNM,2001,815341
Vietnam,VNM,2002,802870
Vietnam,VNM,2003,791551
Vietnam,VNM,2004,775199
Vietnam,VNM,2005,749332
Vietnam,VNM,2006,1079592
Vietnam,VNM,2007,1465473
Vietnam,VNM,2008,1542415
Vietnam,VNM,2009,1284234
Vietnam,VNM,2010,995125
Vietnam,VNM,2011,1013167
Vietnam,VNM,2012,1042040
Vietnam,VNM,2013,1062748
Vietnam,VNM,2014,1106479
Vietnam,VNM,2015,1143672
Vietnam,VNM,2016,1176861
Vietnam,VNM,2017,1176863
Vietnam,VNM,2018,1060341
Vietnam,VNM,2019,936459
Vietnam,VNM,2020,905418
Vietnam,VNM,2021,855905
Vietnam,VNM,2022,745555
Vietnam,VNM,2023,671533
Wallis and Futuna,WLF,1951,279
Wallis and Futuna,WLF,1952,365
Wallis and Futuna,WLF,1953,371
Wallis and Futuna,WLF,1954,167
Wallis and Futuna,WLF,1955,-74
Wallis and Futuna,WLF,1956,-127
Wallis and Futuna,WLF,1957,-179
Wallis and Futuna,WLF,1958,-204
Wallis and Futuna,WLF,1959,-234
Wallis and Futuna,WLF,1960,-275
Wallis and Futuna,WLF,1961,-320
Wallis and Futuna,WLF,1962,-153
Wallis and Futuna,WLF,1963,44
Wallis and Futuna,WLF,1964,60
Wallis and Futuna,WLF,1965,23
Wallis and Futuna,WLF,1966,24
Wallis and Futuna,WLF,1967,85
Wallis and Futuna,WLF,1968,112
Wallis and Futuna,WLF,1969,154
Wallis and Futuna,WLF,1970,182
Wallis and Futuna,WLF,1971,157
Wallis and Futuna,WLF,1972,146
Wallis and Futuna,WLF,1973,125
Wallis and Futuna,WLF,1974,98
Wallis and Futuna,WLF,1975,-26
Wallis and Futuna,WLF,1976,69
Wallis and Futuna,WLF,1977,344
Wallis and Futuna,WLF,1978,431
Wallis and Futuna,WLF,1979,459
Wallis and Futuna,WLF,1980,479
Wallis and Futuna,WLF,1981,503
Wallis and Futuna,WLF,1982,521
Wallis and Futuna,WLF,1983,362
Wallis and Futuna,WLF,1984,163
Wallis and Futuna,WLF,1985,134
Wallis and Futuna,WLF,1986,134
Wallis and Futuna,WLF,1987,129
Wallis and Futuna,WLF,1988,139
Wallis and Futuna,WLF,1989,140
Wallis and Futuna,WLF,1990,139
Wallis and Futuna,WLF,1991,151
Wallis and Futuna,WLF,1992,145
Wallis and Futuna,WLF,1993,150
Wallis and Futuna,WLF,1994,135
Wallis and Futuna,WLF,1995,138
Wallis and Futuna,WLF,1996,118
Wallis and Futuna,WLF,1997,98
Wallis and Futuna,WLF,1998,115
Wallis and Futuna,WLF,1999,122
Wallis and Futuna,WLF,2000,129
Wallis and Futuna,WLF,2001,127
Wallis and Futuna,WLF,2002,117
Wallis and Futuna,WLF,2003,23
Wallis and Futuna,WLF,2004,-155
Wallis and Futuna,WLF,2005,-281
Wallis and Futuna,WLF,2006,-302
Wallis and Futuna,WLF,2007,-313
Wallis and Futuna,WLF,2008,-314
Wallis and Futuna,WLF,2009,-270
Wallis and Futuna,WLF,2010,-247
Wallis and Futuna,WLF,2011,-247
Wallis and Futuna,WLF,2012,-233
Wallis and Futuna,WLF,2013,-209
Wallis and Futuna,WLF,2014,-172
Wallis and Futuna,WLF,2015,-143
Wallis and Futuna,WLF,2016,-128
Wallis and Futuna,WLF,2017,-112
Wallis and Futuna,WLF,2018,-118
Wallis and Futuna,WLF,2019,-116
Wallis and Futuna,WLF,2020,-71
Wallis and Futuna,WLF,2021,-50
Wallis and Futuna,WLF,2022,-89
Wallis and Futuna,WLF,2023,-107
Western Sahara,ESH,1951,1245
Western Sahara,ESH,1952,1333
Western Sahara,ESH,1953,1431
Western Sahara,ESH,1954,1563
Western Sahara,ESH,1955,1677
Western Sahara,ESH,1956,1794
Western Sahara,ESH,1957,1896
Western Sahara,ESH,1958,2017
Western Sahara,ESH,1959,2147
Western Sahara,ESH,1960,2260
Western Sahara,ESH,1961,2399
Western Sahara,ESH,1962,2527
Western Sahara,ESH,1963,2644
Western Sahara,ESH,1964,2765
Western Sahara,ESH,1965,2871
Western Sahara,ESH,1966,2993
Western Sahara,ESH,1967,4104
Western Sahara,ESH,1968,5355
Western Sahara,ESH,1969,5661
Western Sahara,ESH,1970,10082
Western Sahara,ESH,1971,6993
Western Sahara,ESH,1972,-469
Western Sahara,ESH,1973,-604
Western Sahara,ESH,1974,-1169
Western Sahara,ESH,1975,-9585
Western Sahara,ESH,1976,-2402
Western Sahara,ESH,1977,12898
Western Sahara,ESH,1978,13497
Western Sahara,ESH,1979,14095
Western Sahara,ESH,1980,12390
Western Sahara,ESH,1981,9517
Western Sahara,ESH,1982,7590
Western Sahara,ESH,1983,6104
Western Sahara,ESH,1984,5565
Western Sahara,ESH,1985,5607
Western Sahara,ESH,1986,5604
Western Sahara,ESH,1987,5516
Western Sahara,ESH,1988,5528
Western Sahara,ESH,1989,5517
Western Sahara,ESH,1990,5616
Western Sahara,ESH,1991,5759
Western Sahara,ESH,1992,5636
Western Sahara,ESH,1993,5536
Western Sahara,ESH,1994,5443
Western Sahara,ESH,1995,8014
Western Sahara,ESH,1996,11461
Western Sahara,ESH,1997,12384
Western Sahara,ESH,1998,12529
Western Sahara,ESH,1999,12664
Western Sahara,ESH,2000,12967
Western Sahara,ESH,2001,13251
Western Sahara,ESH,2002,13271
Western Sahara,ESH,2003,13323
Western Sahara,ESH,2004,13406
Western Sahara,ESH,2005,13507
Western Sahara,ESH,2006,13954
Western Sahara,ESH,2007,14216
Western Sahara,ESH,2008,13960
Western Sahara,ESH,2009,14125
Western Sahara,ESH,2010,14763
Western Sahara,ESH,2011,15371
Western Sahara,ESH,2012,15940
Western Sahara,ESH,2013,16403
Western Sahara,ESH,2014,15155
Western Sahara,ESH,2015,13641
Western Sahara,ESH,2016,13426
Western Sahara,ESH,2017,13193
Western Sahara,ESH,2018,12939
Western Sahara,ESH,2019,12660
Western Sahara,ESH,2020,10924
Western Sahara,ESH,2021,9251
Western Sahara,ESH,2022,10121
Western Sahara,ESH,2023,10988
World,OWID_WRL,1951,43834182
World,OWID_WRL,1952,47159306
World,OWID_WRL,1953,50019901
World,OWID_WRL,1954,51788616
World,OWID_WRL,1955,54318939
World,OWID_WRL,1956,55196195
World,OWID_WRL,1957,57208340
World,OWID_WRL,1958,58631340
World,OWID_WRL,1959,54700679
World,OWID_WRL,1960,49520539
World,OWID_WRL,1961,49398786
World,OWID_WRL,1962,58504637
World,OWID_WRL,1963,69433514
World,OWID_WRL,1964,71679517
World,OWID_WRL,1965,70046367
World,OWID_WRL,1966,69507421
World,OWID_WRL,1967,69371746
World,OWID_WRL,1968,71774369
World,OWID_WRL,1969,74304335
World,OWID_WRL,1970,75192213
World,OWID_WRL,1971,75164073
World,OWID_WRL,1972,75069817
World,OWID_WRL,1973,75887357
World,OWID_WRL,1974,75611059
World,OWID_WRL,1975,74319179
World,OWID_WRL,1976,73511103
World,OWID_WRL,1977,73617414
World,OWID_WRL,1978,74233703
World,OWID_WRL,1979,76442021
World,OWID_WRL,1980,79066720
World,OWID_WRL,1981,81171066
World,OWID_WRL,1982,83896109
World,OWID_WRL,1983,84654158
World,OWID_WRL,1984,84847945
World,OWID_WRL,1985,86767939
World,OWID_WRL,1986,89129382
World,OWID_WRL,1987,91673551
World,OWID_WRL,1988,92246150
World,OWID_WRL,1989,92439196
World,OWID_WRL,1990,93371370
World,OWID_WRL,1991,90932780
World,OWID_WRL,1992,87253929
World,OWID_WRL,1993,85554987
World,OWID_WRL,1994,84006456
World,OWID_WRL,1995,83327719
World,OWID_WRL,1996,83176753
World,OWID_WRL,1997,82732089
World,OWID_WRL,1998,82278872
World,OWID_WRL,1999,81939637
World,OWID_WRL,2000,82696664
World,OWID_WRL,2001,83233472
World,OWID_WRL,2002,82793879
World,OWID_WRL,2003,82631290
World,OWID_WRL,2004,83016141
World,OWID_WRL,2005,83592358
World,OWID_WRL,2006,84481887
World,OWID_WRL,2007,85856757
World,OWID_WRL,2008,87148883
World,OWID_WRL,2009,88308757
World,OWID_WRL,2010,88965727
World,OWID_WRL,2011,89191630
World,OWID_WRL,2012,90278705
World,OWID_WRL,2013,90591107
World,OWID_WRL,2014,89822654
World,OWID_WRL,2015,88875637
World,OWID_WRL,2016,88062651
World,OWID_WRL,2017,87063425
World,OWID_WRL,2018,84284827
World,OWID_WRL,2019,81390920
World,OWID_WRL,2020,75707590
World,OWID_WRL,2021,67447098
World,OWID_WRL,2022,66958809
World,OWID_WRL,2023,70327737
Yemen,YEM,1951,67369
Yemen,YEM,1952,74017
Yemen,YEM,1953,79129
Yemen,YEM,1954,83838
Yemen,YEM,1955,88534
Yemen,YEM,1956,93433
Yemen,YEM,1957,98512
Yemen,YEM,1958,104125
Yemen,YEM,1959,110178
Yemen,YEM,1960,116382
Yemen,YEM,1961,122938
Yemen,YEM,1962,126990
Yemen,YEM,1963,128914
Yemen,YEM,1964,136873
Yemen,YEM,1965,147583
Yemen,YEM,1966,155895
Yemen,YEM,1967,164957
Yemen,YEM,1968,174075
Yemen,YEM,1969,185335
Yemen,YEM,1970,189420
Yemen,YEM,1971,192189
Yemen,YEM,1972,202600
Yemen,YEM,1973,212730
Yemen,YEM,1974,223991
Yemen,YEM,1975,236813
Yemen,YEM,1976,250517
Yemen,YEM,1977,264104
Yemen,YEM,1978,278369
Yemen,YEM,1979,297606
Yemen,YEM,1980,319160
Yemen,YEM,1981,339010
Yemen,YEM,1982,358638
Yemen,YEM,1983,380492
Yemen,YEM,1984,404098
Yemen,YEM,1985,428229
Yemen,YEM,1986,447220
Yemen,YEM,1987,468869
Yemen,YEM,1988,489806
Yemen,YEM,1989,504460
Yemen,YEM,1990,523683
Yemen,YEM,1991,542342
Yemen,YEM,1992,559292
Yemen,YEM,1993,574422
Yemen,YEM,1994,585228
Yemen,YEM,1995,590910
Yemen,YEM,1996,573124
Yemen,YEM,1997,560762
Yemen,YEM,1998,572072
Yemen,YEM,1999,583406
Yemen,YEM,2000,594718
Yemen,YEM,2001,602007
Yemen,YEM,2002,608946
Yemen,YEM,2003,621287
Yemen,YEM,2004,638782
Yemen,YEM,2005,694921
Yemen,YEM,2006,753008
Yemen,YEM,2007,775000
Yemen,YEM,2008,793851
Yemen,YEM,2009,815782
Yemen,YEM,2010,826660
Yemen,YEM,2011,828519
Yemen,YEM,2012,850753
Yemen,YEM,2013,879300
Yemen,YEM,2014,913356
Yemen,YEM,2015,933067
Yemen,YEM,2016,949645
Yemen,YEM,2017,981900
Yemen,YEM,2018,994258
Yemen,YEM,2019,1026235
Yemen,YEM,2020,1023451
Yemen,YEM,2021,1005367
Yemen,YEM,2022,1082644
Yemen,YEM,2023,1167922
Zambia,ZMB,1951,71996
Zambia,ZMB,1952,73957
Zambia,ZMB,1953,76283
Zambia,ZMB,1954,78730
Zambia,ZMB,1955,81273
Zambia,ZMB,1956,83867
Zambia,ZMB,1957,86658
Zambia,ZMB,1958,89798
Zambia,ZMB,1959,93184
Zambia,ZMB,1960,96674
Zambia,ZMB,1961,100355
Zambia,ZMB,1962,104013
Zambia,ZMB,1963,107816
Zambia,ZMB,1964,111101
Zambia,ZMB,1965,115073
Zambia,ZMB,1966,119915
Zambia,ZMB,1967,124347
Zambia,ZMB,1968,129251
Zambia,ZMB,1969,131516
Zambia,ZMB,1970,124609
Zambia,ZMB,1971,120802
Zambia,ZMB,1972,126783
Zambia,ZMB,1973,133383
Zambia,ZMB,1974,140056
Zambia,ZMB,1975,147337
Zambia,ZMB,1976,153760
Zambia,ZMB,1977,158630
Zambia,ZMB,1978,162902
Zambia,ZMB,1979,166355
Zambia,ZMB,1980,171107
Zambia,ZMB,1981,180458
Zambia,ZMB,1982,195339
Zambia,ZMB,1983,202407
Zambia,ZMB,1984,199452
Zambia,ZMB,1985,200456
Zambia,ZMB,1986,205522
Zambia,ZMB,1987,204810
Zambia,ZMB,1988,200165
Zambia,ZMB,1989,197776
Zambia,ZMB,1990,196937
Zambia,ZMB,1991,195490
Zambia,ZMB,1992,195024
Zambia,ZMB,1993,197243
Zambia,ZMB,1994,202350
Zambia,ZMB,1995,209498
Zambia,ZMB,1996,218291
Zambia,ZMB,1997,233005
Zambia,ZMB,1998,245350
Zambia,ZMB,1999,257599
Zambia,ZMB,2000,277620
Zambia,ZMB,2001,307553
Zambia,ZMB,2002,322769
Zambia,ZMB,2003,335649
Zambia,ZMB,2004,354597
Zambia,ZMB,2005,380618
Zambia,ZMB,2006,410741
Zambia,ZMB,2007,435533
Zambia,ZMB,2008,456234
Zambia,ZMB,2009,469068
Zambia,ZMB,2010,475197
Zambia,ZMB,2011,472204
Zambia,ZMB,2012,475835
Zambia,ZMB,2013,485369
Zambia,ZMB,2014,496320
Zambia,ZMB,2015,503772
Zambia,ZMB,2016,515336
Zambia,ZMB,2017,526900
Zambia,ZMB,2018,532246
Zambia,ZMB,2019,540265
Zambia,ZMB,2020,545555
Zambia,ZMB,2021,544216
Zambia,ZMB,2022,549325
Zambia,ZMB,2023,571032
Zimbabwe,ZWE,1951,89993
Zimbabwe,ZWE,1952,92012
Zimbabwe,ZWE,1953,94259
Zimbabwe,ZWE,1954,96712
Zimbabwe,ZWE,1955,99337
Zimbabwe,ZWE,1956,102312
Zimbabwe,ZWE,1957,105625
Zimbabwe,ZWE,1958,109027
Zimbabwe,ZWE,1959,112625
Zimbabwe,ZWE,1960,116582
Zimbabwe,ZWE,1961,121010
Zimbabwe,ZWE,1962,125566
Zimbabwe,ZWE,1963,129907
Zimbabwe,ZWE,1964,134129
Zimbabwe,ZWE,1965,138453
Zimbabwe,ZWE,1966,142766
Zimbabwe,ZWE,1967,147086
Zimbabwe,ZWE,1968,152131
Zimbabwe,ZWE,1969,157745
Zimbabwe,ZWE,1970,157734
Zimbabwe,ZWE,1971,158800
Zimbabwe,ZWE,1972,167725
Zimbabwe,ZWE,1973,177969
Zimbabwe,ZWE,1974,187924
Zimbabwe,ZWE,1975,190316
Zimbabwe,ZWE,1976,188454
Zimbabwe,ZWE,1977,162410
Zimbabwe,ZWE,1978,94056
Zimbabwe,ZWE,1979,103984
Zimbabwe,ZWE,1980,393747
Zimbabwe,ZWE,1981,457337
Zimbabwe,ZWE,1982,297862
Zimbabwe,ZWE,1983,301905
Zimbabwe,ZWE,1984,293086
Zimbabwe,ZWE,1985,295321
Zimbabwe,ZWE,1986,295764
Zimbabwe,ZWE,1987,302070
Zimbabwe,ZWE,1988,298450
Zimbabwe,ZWE,1989,281698
Zimbabwe,ZWE,1990,272490
Zimbabwe,ZWE,1991,267533
Zimbabwe,ZWE,1992,297877
Zimbabwe,ZWE,1993,157588
Zimbabwe,ZWE,1994,12861
Zimbabwe,ZWE,1995,101461
Zimbabwe,ZWE,1996,183757
Zimbabwe,ZWE,1997,211469
Zimbabwe,ZWE,1998,224466
Zimbabwe,ZWE,1999,189155
Zimbabwe,ZWE,2000,108601
Zimbabwe,ZWE,2001,79849
Zimbabwe,ZWE,2002,115757
Zimbabwe,ZWE,2003,144663
Zimbabwe,ZWE,2004,133577
Zimbabwe,ZWE,2005,117532
Zimbabwe,ZWE,2006,153009
Zimbabwe,ZWE,2007,167620
Zimbabwe,ZWE,2008,155092
Zimbabwe,ZWE,2009,183637
Zimbabwe,ZWE,2010,213760
Zimbabwe,ZWE,2011,238870
Zimbabwe,ZWE,2012,222466
Zimbabwe,ZWE,2013,195924
Zimbabwe,ZWE,2014,193556
Zimbabwe,ZWE,2015,191641
Zimbabwe,ZWE,2016,201289
Zimbabwe,ZWE,2017,212187
Zimbabwe,ZWE,2018,221973
Zimbabwe,ZWE,2019,236920
Zimbabwe,ZWE,2020,255510
Zimbabwe,ZWE,2021,270333
Zimbabwe,ZWE,2022,271841
Zimbabwe,ZWE,2023,271768