Entity,Code,Year,Annual net migration rate
Afghanistan,AFG,1950,0.792
Afghanistan,AFG,1951,0.622
Afghanistan,AFG,1952,0.018
Afghanistan,AFG,1953,-1.095
Afghanistan,AFG,1954,-0.833
Afghanistan,AFG,1955,-0.872
Afghanistan,AFG,1956,-0.878
Afghanistan,AFG,1957,-1.031
Afghanistan,AFG,1958,-2.395
Afghanistan,AFG,1959,-0.376
Afghanistan,AFG,1960,0.288
Afghanistan,AFG,1961,0.663
Afghanistan,AFG,1962,0.746
Afghanistan,AFG,1963,0.696
Afghanistan,AFG,1964,0.721
Afghanistan,AFG,1965,1.066
Afghanistan,AFG,1966,0.347
Afghanistan,AFG,1967,0.65
Afghanistan,AFG,1968,0.31
Afghanistan,AFG,1969,0.184
Afghanistan,AFG,1970,0.395
Afghanistan,AFG,1971,-1.107
Afghanistan,AFG,1972,-0.342
Afghanistan,AFG,1973,-0.249
Afghanistan,AFG,1974,-1.605
Afghanistan,AFG,1975,-3.477
Afghanistan,AFG,1976,-6.541
Afghanistan,AFG,1977,-6.23
Afghanistan,AFG,1978,-8.609
Afghanistan,AFG,1979,-38.476
Afghanistan,AFG,1980,-89.165
Afghanistan,AFG,1981,-167.378
Afghanistan,AFG,1982,-45.581
Afghanistan,AFG,1983,-15.827
Afghanistan,AFG,1984,22.182
Afghanistan,AFG,1985,-18.263
Afghanistan,AFG,1986,-30.07
Afghanistan,AFG,1987,-30.343
Afghanistan,AFG,1988,-4.883
Afghanistan,AFG,1989,1.541
Afghanistan,AFG,1990,-38.083
Afghanistan,AFG,1991,2.679
Afghanistan,AFG,1992,90.167
Afghanistan,AFG,1993,76.937
Afghanistan,AFG,1994,19.396
Afghanistan,AFG,1995,3.077
Afghanistan,AFG,1996,0.229
Afghanistan,AFG,1997,-1.15
Afghanistan,AFG,1998,0.385
Afghanistan,AFG,1999,-1.629
Afghanistan,AFG,2000,-50.967
Afghanistan,AFG,2001,-10.494
Afghanistan,AFG,2002,40.244
Afghanistan,AFG,2003,10.879
Afghanistan,AFG,2004,-11.426
Afghanistan,AFG,2005,10.284
Afghanistan,AFG,2006,2.268
Afghanistan,AFG,2007,-32.856
Afghanistan,AFG,2008,8.147
Afghanistan,AFG,2009,-2.206
Afghanistan,AFG,2010,-5.921
Afghanistan,AFG,2011,13.101
Afghanistan,AFG,2012,2.246
Afghanistan,AFG,2013,0.573
Afghanistan,AFG,2014,7.133
Afghanistan,AFG,2015,-8.463
Afghanistan,AFG,2016,-4.122
Afghanistan,AFG,2017,-2.003
Afghanistan,AFG,2018,-1
Afghanistan,AFG,2019,0.242
Afghanistan,AFG,2020,3.676
Afghanistan,AFG,2021,-13.719
Afghanistan,AFG,2022,-15.954
Afghanistan,AFG,2023,-1.181
Africa (UN),UN_AFR,1950,-0.35
Africa (UN),UN_AFR,1951,-0.471
Africa (UN),UN_AFR,1952,-0.633
Africa (UN),UN_AFR,1953,-1.025
Africa (UN),UN_AFR,1954,-0.943
Africa (UN),UN_AFR,1955,-0.978
Africa (UN),UN_AFR,1956,-1.071
Africa (UN),UN_AFR,1957,-1.217
Africa (UN),UN_AFR,1958,-1.804
Africa (UN),UN_AFR,1959,-0.991
Africa (UN),UN_AFR,1960,-0.759
Africa (UN),UN_AFR,1961,-0.866
Africa (UN),UN_AFR,1962,-0.806
Africa (UN),UN_AFR,1963,-0.881
Africa (UN),UN_AFR,1964,-0.658
Africa (UN),UN_AFR,1965,-0.699
Africa (UN),UN_AFR,1966,-0.29
Africa (UN),UN_AFR,1967,-0.069
Africa (UN),UN_AFR,1968,-0.064
Africa (UN),UN_AFR,1969,-0.267
Africa (UN),UN_AFR,1970,-0.27
Africa (UN),UN_AFR,1971,-0.856
Africa (UN),UN_AFR,1972,-0.838
Africa (UN),UN_AFR,1973,0.083
Africa (UN),UN_AFR,1974,-0.119
Africa (UN),UN_AFR,1975,0.597
Africa (UN),UN_AFR,1976,-0.024
Africa (UN),UN_AFR,1977,-1.191
Africa (UN),UN_AFR,1978,1.162
Africa (UN),UN_AFR,1979,0.142
Africa (UN),UN_AFR,1980,-0.174
Africa (UN),UN_AFR,1981,1.146
Africa (UN),UN_AFR,1982,1
Africa (UN),UN_AFR,1983,-0.315
Africa (UN),UN_AFR,1984,0.618
Africa (UN),UN_AFR,1985,0.585
Africa (UN),UN_AFR,1986,0.116
Africa (UN),UN_AFR,1987,0.152
Africa (UN),UN_AFR,1988,-0.467
Africa (UN),UN_AFR,1989,-0.291
Africa (UN),UN_AFR,1990,-0.099
Africa (UN),UN_AFR,1991,-1.077
Africa (UN),UN_AFR,1992,-0.297
Africa (UN),UN_AFR,1993,-0.197
Africa (UN),UN_AFR,1994,-0.613
Africa (UN),UN_AFR,1995,-0.38
Africa (UN),UN_AFR,1996,-1.179
Africa (UN),UN_AFR,1997,-0.853
Africa (UN),UN_AFR,1998,-0.113
Africa (UN),UN_AFR,1999,-0.782
Africa (UN),UN_AFR,2000,-0.846
Africa (UN),UN_AFR,2001,-0.782
Africa (UN),UN_AFR,2002,-0.696
Africa (UN),UN_AFR,2003,-0.789
Africa (UN),UN_AFR,2004,-0.667
Africa (UN),UN_AFR,2005,-0.916
Africa (UN),UN_AFR,2006,-1.077
Africa (UN),UN_AFR,2007,-1.024
Africa (UN),UN_AFR,2008,-0.943
Africa (UN),UN_AFR,2009,-0.942
Africa (UN),UN_AFR,2010,-0.931
Africa (UN),UN_AFR,2011,-1.348
Africa (UN),UN_AFR,2012,-0.709
Africa (UN),UN_AFR,2013,-0.355
Africa (UN),UN_AFR,2014,-0.675
Africa (UN),UN_AFR,2015,-0.354
Africa (UN),UN_AFR,2016,-0.716
Africa (UN),UN_AFR,2017,0.073
Africa (UN),UN_AFR,2018,0.026
Africa (UN),UN_AFR,2019,-0.225
Africa (UN),UN_AFR,2020,0.18
Africa (UN),UN_AFR,2021,-0.015
Africa (UN),UN_AFR,2022,-0.245
Africa (UN),UN_AFR,2023,-0.295
Albania,ALB,1950,5.415
Albania,ALB,1951,6.758
Albania,ALB,1952,8.011
Albania,ALB,1953,8.159
Albania,ALB,1954,7.355
Albania,ALB,1955,4.817
Albania,ALB,1956,4.605
Albania,ALB,1957,6.518
Albania,ALB,1958,7.572
Albania,ALB,1959,8.769
Albania,ALB,1960,8.327
Albania,ALB,1961,0.488
Albania,ALB,1962,1.333
Albania,ALB,1963,2.284
Albania,ALB,1964,3.586
Albania,ALB,1965,5.077
Albania,ALB,1966,6.081
Albania,ALB,1967,6.1
Albania,ALB,1968,5.07
Albania,ALB,1969,1.253
Albania,ALB,1970,0.042
Albania,ALB,1971,-0.408
Albania,ALB,1972,-0.694
Albania,ALB,1973,-0.605
Albania,ALB,1974,-0.784
Albania,ALB,1975,-1.063
Albania,ALB,1976,-0.671
Albania,ALB,1977,-0.552
Albania,ALB,1978,1.231
Albania,ALB,1979,-0.698
Albania,ALB,1980,-0.22
Albania,ALB,1981,-0.134
Albania,ALB,1982,-0.079
Albania,ALB,1983,0.023
Albania,ALB,1984,0.022
Albania,ALB,1985,-0.06
Albania,ALB,1986,-0.748
Albania,ALB,1987,-1.032
Albania,ALB,1988,0.205
Albania,ALB,1989,-11.911
Albania,ALB,1990,-18.357
Albania,ALB,1991,-19.402
Albania,ALB,1992,-20.271
Albania,ALB,1993,-20.881
Albania,ALB,1994,-21.461
Albania,ALB,1995,-21.416
Albania,ALB,1996,-20.974
Albania,ALB,1997,-20.494
Albania,ALB,1998,-20.587
Albania,ALB,1999,-19.787
Albania,ALB,2000,-19.118
Albania,ALB,2001,-15.27
Albania,ALB,2002,-14.415
Albania,ALB,2003,-15.56
Albania,ALB,2004,-15.702
Albania,ALB,2005,-15.894
Albania,ALB,2006,-16.023
Albania,ALB,2007,-16.464
Albania,ALB,2008,-16.913
Albania,ALB,2009,-17.443
Albania,ALB,2010,-17.723
Albania,ALB,2011,-6.399
Albania,ALB,2012,-6.82
Albania,ALB,2013,-7.113
Albania,ALB,2014,-7.475
Albania,ALB,2015,-7.072
Albania,ALB,2016,-3.225
Albania,ALB,2017,-5.141
Albania,ALB,2018,-5.194
Albania,ALB,2019,-8.005
Albania,ALB,2020,-5.808
Albania,ALB,2021,-11.527
Albania,ALB,2022,-5.809
Albania,ALB,2023,-9.019
Algeria,DZA,1950,-0.134
Algeria,DZA,1951,-0.711
Algeria,DZA,1952,-1.258
Algeria,DZA,1953,-1.781
Algeria,DZA,1954,-2.28
Algeria,DZA,1955,-2.751
Algeria,DZA,1956,-3.199
Algeria,DZA,1957,-3.633
Algeria,DZA,1958,-4.054
Algeria,DZA,1959,-4.453
Algeria,DZA,1960,-4.833
Algeria,DZA,1961,-10.657
Algeria,DZA,1962,-9.548
Algeria,DZA,1963,-10.363
Algeria,DZA,1964,-8.933
Algeria,DZA,1965,-11.549
Algeria,DZA,1966,-2.369
Algeria,DZA,1967,-1.863
Algeria,DZA,1968,-1.812
Algeria,DZA,1969,-2.117
Algeria,DZA,1970,-2.689
Algeria,DZA,1971,-2.492
Algeria,DZA,1972,-2.276
Algeria,DZA,1973,-2.027
Algeria,DZA,1974,-1.824
Algeria,DZA,1975,19.165
Algeria,DZA,1976,18.445
Algeria,DZA,1977,0.315
Algeria,DZA,1978,1.103
Algeria,DZA,1979,1.348
Algeria,DZA,1980,1.767
Algeria,DZA,1981,2.031
Algeria,DZA,1982,2.449
Algeria,DZA,1983,2.981
Algeria,DZA,1984,3.233
Algeria,DZA,1985,3.441
Algeria,DZA,1986,2.831
Algeria,DZA,1987,1.064
Algeria,DZA,1988,1.011
Algeria,DZA,1989,-0.009
Algeria,DZA,1990,0.077
Algeria,DZA,1991,-0.267
Algeria,DZA,1992,1.656
Algeria,DZA,1993,0.524
Algeria,DZA,1994,0.015
Algeria,DZA,1995,1.328
Algeria,DZA,1996,2.45
Algeria,DZA,1997,2.961
Algeria,DZA,1998,-0.466
Algeria,DZA,1999,-0.186
Algeria,DZA,2000,-0.532
Algeria,DZA,2001,-0.847
Algeria,DZA,2002,-1.142
Algeria,DZA,2003,-1.225
Algeria,DZA,2004,-1.184
Algeria,DZA,2005,-1.551
Algeria,DZA,2006,-1.313
Algeria,DZA,2007,-0.733
Algeria,DZA,2008,-0.06
Algeria,DZA,2009,-0.126
Algeria,DZA,2010,-0.298
Algeria,DZA,2011,-0.545
Algeria,DZA,2012,-0.711
Algeria,DZA,2013,-0.782
Algeria,DZA,2014,-0.767
Algeria,DZA,2015,-0.691
Algeria,DZA,2016,-0.158
Algeria,DZA,2017,-0.345
Algeria,DZA,2018,-0.639
Algeria,DZA,2019,-0.642
Algeria,DZA,2020,-0.245
Algeria,DZA,2021,-0.241
Algeria,DZA,2022,-0.323
Algeria,DZA,2023,-0.562
American Samoa,ASM,1950,-1.575
American Samoa,ASM,1951,-27.49
American Samoa,ASM,1952,-28.589
American Samoa,ASM,1953,-29.238
American Samoa,ASM,1954,-29.606
American Samoa,ASM,1955,-28.552
American Samoa,ASM,1956,-30.547
American Samoa,ASM,1957,-35.424
American Samoa,ASM,1958,-36.126
American Samoa,ASM,1959,-36.165
American Samoa,ASM,1960,-12.765
American Samoa,ASM,1961,-4.5
American Samoa,ASM,1962,-4.414
American Samoa,ASM,1963,-4.416
American Samoa,ASM,1964,-4.411
American Samoa,ASM,1965,-3.973
American Samoa,ASM,1966,-0.912
American Samoa,ASM,1967,-4.424
American Samoa,ASM,1968,-2.655
American Samoa,ASM,1969,-3.147
American Samoa,ASM,1970,-10.916
American Samoa,ASM,1971,-13.874
American Samoa,ASM,1972,-13.609
American Samoa,ASM,1973,-14.348
American Samoa,ASM,1974,-13.61
American Samoa,ASM,1975,-9.255
American Samoa,ASM,1976,-9.713
American Samoa,ASM,1977,-10.485
American Samoa,ASM,1978,-11.424
American Samoa,ASM,1979,-12.337
American Samoa,ASM,1980,3.981
American Samoa,ASM,1981,10.243
American Samoa,ASM,1982,10.141
American Samoa,ASM,1983,10.063
American Samoa,ASM,1984,9.133
American Samoa,ASM,1985,8.158
American Samoa,ASM,1986,7.123
American Samoa,ASM,1987,6.251
American Samoa,ASM,1988,4.975
American Samoa,ASM,1989,3.364
American Samoa,ASM,1990,-4.696
American Samoa,ASM,1991,-8.772
American Samoa,ASM,1992,-10.013
American Samoa,ASM,1993,-11.324
American Samoa,ASM,1994,-10.205
American Samoa,ASM,1995,-8.582
American Samoa,ASM,1996,-7.628
American Samoa,ASM,1997,-7.579
American Samoa,ASM,1998,-8.295
American Samoa,ASM,1999,-9.529
American Samoa,ASM,2000,-18.785
American Samoa,ASM,2001,-23.347
American Samoa,ASM,2002,-24.745
American Samoa,ASM,2003,-26.119
American Samoa,ASM,2004,-27.174
American Samoa,ASM,2005,-27.006
American Samoa,ASM,2006,-25.898
American Samoa,ASM,2007,-24.736
American Samoa,ASM,2008,-24.038
American Samoa,ASM,2009,-23.069
American Samoa,ASM,2010,-22.832
American Samoa,ASM,2011,-23.645
American Samoa,ASM,2012,-24.445
American Samoa,ASM,2013,-25.071
American Samoa,ASM,2014,-25.568
American Samoa,ASM,2015,-25.833
American Samoa,ASM,2016,-25.821
American Samoa,ASM,2017,-25.298
American Samoa,ASM,2018,-24.672
American Samoa,ASM,2019,-24.139
American Samoa,ASM,2020,-13.123
American Samoa,ASM,2021,-27.08
American Samoa,ASM,2022,-26.995
American Samoa,ASM,2023,-24.389
Andorra,AND,1950,10.007
Andorra,AND,1951,-83.527
Andorra,AND,1952,-55.174
Andorra,AND,1953,-2.442
Andorra,AND,1954,93.36
Andorra,AND,1955,89.044
Andorra,AND,1956,84.559
Andorra,AND,1957,79.735
Andorra,AND,1958,75.116
Andorra,AND,1959,70.92
Andorra,AND,1960,67.192
Andorra,AND,1961,63.7
Andorra,AND,1962,59.986
Andorra,AND,1963,56.399
Andorra,AND,1964,52.102
Andorra,AND,1965,48.628
Andorra,AND,1966,59.688
Andorra,AND,1967,67.437
Andorra,AND,1968,63.694
Andorra,AND,1969,60.577
Andorra,AND,1970,57.317
Andorra,AND,1971,54.381
Andorra,AND,1972,51.27
Andorra,AND,1973,49.056
Andorra,AND,1974,46.767
Andorra,AND,1975,45.511
Andorra,AND,1976,43.689
Andorra,AND,1977,41.322
Andorra,AND,1978,38.094
Andorra,AND,1979,33.872
Andorra,AND,1980,28.227
Andorra,AND,1981,24.948
Andorra,AND,1982,36.657
Andorra,AND,1983,33.946
Andorra,AND,1984,30.54
Andorra,AND,1985,24.621
Andorra,AND,1986,43.84
Andorra,AND,1987,22.958
Andorra,AND,1988,34.341
Andorra,AND,1989,-0.751
Andorra,AND,1990,61.658
Andorra,AND,1991,72.722
Andorra,AND,1992,34.237
Andorra,AND,1993,49.58
Andorra,AND,1994,-21.705
Andorra,AND,1995,-14.954
Andorra,AND,1996,2.404
Andorra,AND,1997,5.299
Andorra,AND,1998,1.438
Andorra,AND,1999,-5.557
Andorra,AND,2000,-7.658
Andorra,AND,2001,2.359
Andorra,AND,2002,7.939
Andorra,AND,2003,70.864
Andorra,AND,2004,57.154
Andorra,AND,2005,17.011
Andorra,AND,2006,28.812
Andorra,AND,2007,19.126
Andorra,AND,2008,11.342
Andorra,AND,2009,-10.55
Andorra,AND,2010,-76.748
Andorra,AND,2011,-4.667
Andorra,AND,2012,-28.646
Andorra,AND,2013,-21.837
Andorra,AND,2014,-23.516
Andorra,AND,2015,-25.951
Andorra,AND,2016,19.603
Andorra,AND,2017,18.397
Andorra,AND,2018,15.207
Andorra,AND,2019,16.284
Andorra,AND,2020,7.394
Andorra,AND,2021,19.32
Andorra,AND,2022,13.826
Andorra,AND,2023,13.122
Angola,AGO,1950,-5.466
Angola,AGO,1951,-8.191
Angola,AGO,1952,-8.189
Angola,AGO,1953,-8.078
Angola,AGO,1954,-7.868
Angola,AGO,1955,-7.656
Angola,AGO,1956,-7.474
Angola,AGO,1957,-7.38
Angola,AGO,1958,-7.395
Angola,AGO,1959,-7.506
Angola,AGO,1960,-7.824
Angola,AGO,1961,-14.104
Angola,AGO,1962,-14.43
Angola,AGO,1963,-14.552
Angola,AGO,1964,-14.637
Angola,AGO,1965,-14.689
Angola,AGO,1966,-14.829
Angola,AGO,1967,-15.097
Angola,AGO,1968,-15.384
Angola,AGO,1969,-15.684
Angola,AGO,1970,-6.229
Angola,AGO,1971,0.732
Angola,AGO,1972,7.711
Angola,AGO,1973,8.554
Angola,AGO,1974,8.049
Angola,AGO,1975,7.696
Angola,AGO,1976,6.774
Angola,AGO,1977,8.351
Angola,AGO,1978,8.077
Angola,AGO,1979,8.176
Angola,AGO,1980,8.875
Angola,AGO,1981,8.406
Angola,AGO,1982,8.675
Angola,AGO,1983,9.133
Angola,AGO,1984,8.331
Angola,AGO,1985,7.643
Angola,AGO,1986,6.408
Angola,AGO,1987,5.984
Angola,AGO,1988,5.987
Angola,AGO,1989,5.658
Angola,AGO,1990,5.575
Angola,AGO,1991,3.838
Angola,AGO,1992,4.291
Angola,AGO,1993,4.122
Angola,AGO,1994,4.647
Angola,AGO,1995,4.056
Angola,AGO,1996,4.353
Angola,AGO,1997,4.635
Angola,AGO,1998,4.652
Angola,AGO,1999,4.487
Angola,AGO,2000,4.495
Angola,AGO,2001,4.625
Angola,AGO,2002,4.749
Angola,AGO,2003,4.505
Angola,AGO,2004,4.868
Angola,AGO,2005,4.512
Angola,AGO,2006,4.768
Angola,AGO,2007,4.84
Angola,AGO,2008,4.651
Angola,AGO,2009,4.688
Angola,AGO,2010,5.255
Angola,AGO,2011,5.318
Angola,AGO,2012,5.189
Angola,AGO,2013,4.757
Angola,AGO,2014,3.112
Angola,AGO,2015,2.634
Angola,AGO,2016,3.139
Angola,AGO,2017,2.571
Angola,AGO,2018,1.969
Angola,AGO,2019,1.822
Angola,AGO,2020,0.226
Angola,AGO,2021,0.843
Angola,AGO,2022,-0.028
Angola,AGO,2023,-0.027
Anguilla,AIA,1950,0.8
Anguilla,AIA,1951,0
Anguilla,AIA,1952,-5.96
Anguilla,AIA,1953,-11.812
Anguilla,AIA,1954,-15.592
Anguilla,AIA,1955,-27.521
Anguilla,AIA,1956,-30.62
Anguilla,AIA,1957,-32.091
Anguilla,AIA,1958,-32.445
Anguilla,AIA,1959,-32.716
Anguilla,AIA,1960,-20.929
Anguilla,AIA,1961,-18.205
Anguilla,AIA,1962,-19.404
Anguilla,AIA,1963,-19.921
Anguilla,AIA,1964,-19.767
Anguilla,AIA,1965,-18.779
Anguilla,AIA,1966,-18.117
Anguilla,AIA,1967,-16.966
Anguilla,AIA,1968,-16.173
Anguilla,AIA,1969,-15.069
Anguilla,AIA,1970,-13.813
Anguilla,AIA,1971,-13.218
Anguilla,AIA,1972,-12.806
Anguilla,AIA,1973,-12.719
Anguilla,AIA,1974,-13.12
Anguilla,AIA,1975,-13.541
Anguilla,AIA,1976,-13.649
Anguilla,AIA,1977,-13.451
Anguilla,AIA,1978,-14.175
Anguilla,AIA,1979,-13.989
Anguilla,AIA,1980,-13.509
Anguilla,AIA,1981,-12.72
Anguilla,AIA,1982,-12.071
Anguilla,AIA,1983,-11.735
Anguilla,AIA,1984,12.459
Anguilla,AIA,1985,23.582
Anguilla,AIA,1986,25.211
Anguilla,AIA,1987,26.816
Anguilla,AIA,1988,27.241
Anguilla,AIA,1989,24.969
Anguilla,AIA,1990,25.598
Anguilla,AIA,1991,24.706
Anguilla,AIA,1992,17.813
Anguilla,AIA,1993,15.496
Anguilla,AIA,1994,16.478
Anguilla,AIA,1995,16.471
Anguilla,AIA,1996,17.239
Anguilla,AIA,1997,17.555
Anguilla,AIA,1998,18.222
Anguilla,AIA,1999,19.279
Anguilla,AIA,2000,21.832
Anguilla,AIA,2001,11.071
Anguilla,AIA,2002,7.787
Anguilla,AIA,2003,8.59
Anguilla,AIA,2004,8.701
Anguilla,AIA,2005,9.375
Anguilla,AIA,2006,9.704
Anguilla,AIA,2007,9.309
Anguilla,AIA,2008,9.31
Anguilla,AIA,2009,9.532
Anguilla,AIA,2010,9.967
Anguilla,AIA,2011,9.064
Anguilla,AIA,2012,-52.171
Anguilla,AIA,2013,20.903
Anguilla,AIA,2014,39.99
Anguilla,AIA,2015,19.353
Anguilla,AIA,2016,-14.734
Anguilla,AIA,2017,19.203
Anguilla,AIA,2018,12.703
Anguilla,AIA,2019,-8.298
Anguilla,AIA,2020,1.886
Anguilla,AIA,2021,-61.211
Anguilla,AIA,2022,14.105
Anguilla,AIA,2023,13.879
Antigua and Barbuda,ATG,1950,-2.773
Antigua and Barbuda,ATG,1951,-3.598
Antigua and Barbuda,ATG,1952,-3.756
Antigua and Barbuda,ATG,1953,-4.526
Antigua and Barbuda,ATG,1954,-4.719
Antigua and Barbuda,ATG,1955,-5.261
Antigua and Barbuda,ATG,1956,-5.527
Antigua and Barbuda,ATG,1957,-5.648
Antigua and Barbuda,ATG,1958,-5.649
Antigua and Barbuda,ATG,1959,-6.071
Antigua and Barbuda,ATG,1960,-6.313
Antigua and Barbuda,ATG,1961,-12.115
Antigua and Barbuda,ATG,1962,-12.418
Antigua and Barbuda,ATG,1963,-12.694
Antigua and Barbuda,ATG,1964,-9.997
Antigua and Barbuda,ATG,1965,-10.022
Antigua and Barbuda,ATG,1966,-9.245
Antigua and Barbuda,ATG,1967,-7.778
Antigua and Barbuda,ATG,1968,-6.082
Antigua and Barbuda,ATG,1969,-4.246
Antigua and Barbuda,ATG,1970,-13.343
Antigua and Barbuda,ATG,1971,-18.585
Antigua and Barbuda,ATG,1972,-22.1
Antigua and Barbuda,ATG,1973,-22.318
Antigua and Barbuda,ATG,1974,-20.84
Antigua and Barbuda,ATG,1975,-18.844
Antigua and Barbuda,ATG,1976,-16.593
Antigua and Barbuda,ATG,1977,-14.75
Antigua and Barbuda,ATG,1978,-13.882
Antigua and Barbuda,ATG,1979,-13.287
Antigua and Barbuda,ATG,1980,-12.773
Antigua and Barbuda,ATG,1981,-12.526
Antigua and Barbuda,ATG,1982,-12.318
Antigua and Barbuda,ATG,1983,-11.72
Antigua and Barbuda,ATG,1984,-18.218
Antigua and Barbuda,ATG,1985,-19.523
Antigua and Barbuda,ATG,1986,-18.28
Antigua and Barbuda,ATG,1987,-18.359
Antigua and Barbuda,ATG,1988,-18.358
Antigua and Barbuda,ATG,1989,-17.75
Antigua and Barbuda,ATG,1990,-17.204
Antigua and Barbuda,ATG,1991,3.55
Antigua and Barbuda,ATG,1992,6.583
Antigua and Barbuda,ATG,1993,7.73
Antigua and Barbuda,ATG,1994,8.004
Antigua and Barbuda,ATG,1995,8.139
Antigua and Barbuda,ATG,1996,7.255
Antigua and Barbuda,ATG,1997,6.882
Antigua and Barbuda,ATG,1998,6.297
Antigua and Barbuda,ATG,1999,5.24
Antigua and Barbuda,ATG,2000,3.511
Antigua and Barbuda,ATG,2001,1.827
Antigua and Barbuda,ATG,2002,0.519
Antigua and Barbuda,ATG,2003,0.411
Antigua and Barbuda,ATG,2004,1.181
Antigua and Barbuda,ATG,2005,2.462
Antigua and Barbuda,ATG,2006,3.908
Antigua and Barbuda,ATG,2007,4.541
Antigua and Barbuda,ATG,2008,4.451
Antigua and Barbuda,ATG,2009,4.016
Antigua and Barbuda,ATG,2010,3.411
Antigua and Barbuda,ATG,2011,2.815
Antigua and Barbuda,ATG,2012,2.246
Antigua and Barbuda,ATG,2013,1.647
Antigua and Barbuda,ATG,2014,1.093
Antigua and Barbuda,ATG,2015,0.492
Antigua and Barbuda,ATG,2016,0
Antigua and Barbuda,ATG,2017,0
Antigua and Barbuda,ATG,2018,0
Antigua and Barbuda,ATG,2019,0
Antigua and Barbuda,ATG,2020,0
Antigua and Barbuda,ATG,2021,0
Antigua and Barbuda,ATG,2022,0
Antigua and Barbuda,ATG,2023,0
Argentina,ARG,1950,3.554
Argentina,ARG,1951,3.139
Argentina,ARG,1952,2.72
Argentina,ARG,1953,2.311
Argentina,ARG,1954,1.938
Argentina,ARG,1955,1.623
Argentina,ARG,1956,1.379
Argentina,ARG,1957,1.21
Argentina,ARG,1958,1.118
Argentina,ARG,1959,1.052
Argentina,ARG,1960,1
Argentina,ARG,1961,1.27
Argentina,ARG,1962,1.492
Argentina,ARG,1963,1.534
Argentina,ARG,1964,1.586
Argentina,ARG,1965,1.632
Argentina,ARG,1966,1.681
Argentina,ARG,1967,1.742
Argentina,ARG,1968,1.815
Argentina,ARG,1969,1.816
Argentina,ARG,1970,1.606
Argentina,ARG,1971,1.461
Argentina,ARG,1972,1.463
Argentina,ARG,1973,1.541
Argentina,ARG,1974,1.301
Argentina,ARG,1975,-0.205
Argentina,ARG,1976,-0.389
Argentina,ARG,1977,-0.55
Argentina,ARG,1978,-0.541
Argentina,ARG,1979,-0.37
Argentina,ARG,1980,0.069
Argentina,ARG,1981,0.582
Argentina,ARG,1982,1.024
Argentina,ARG,1983,1.58
Argentina,ARG,1984,1.596
Argentina,ARG,1985,1.546
Argentina,ARG,1986,1.252
Argentina,ARG,1987,1.306
Argentina,ARG,1988,1.183
Argentina,ARG,1989,0.823
Argentina,ARG,1990,0.48
Argentina,ARG,1991,-0.257
Argentina,ARG,1992,-0.392
Argentina,ARG,1993,-0.482
Argentina,ARG,1994,-0.541
Argentina,ARG,1995,-0.565
Argentina,ARG,1996,-0.577
Argentina,ARG,1997,-0.574
Argentina,ARG,1998,-0.559
Argentina,ARG,1999,-0.55
Argentina,ARG,2000,-0.612
Argentina,ARG,2001,-0.63
Argentina,ARG,2002,-0.596
Argentina,ARG,2003,-0.584
Argentina,ARG,2004,-0.577
Argentina,ARG,2005,-0.563
Argentina,ARG,2006,-0.508
Argentina,ARG,2007,-0.452
Argentina,ARG,2008,-0.31
Argentina,ARG,2009,-0.193
Argentina,ARG,2010,-0.121
Argentina,ARG,2011,-0.027
Argentina,ARG,2012,0.071
Argentina,ARG,2013,0.124
Argentina,ARG,2014,0.135
Argentina,ARG,2015,0.126
Argentina,ARG,2016,0.119
Argentina,ARG,2017,0.111
Argentina,ARG,2018,0.129
Argentina,ARG,2019,0.12
Argentina,ARG,2020,0.006
Argentina,ARG,2021,0.007
Argentina,ARG,2022,0.123
Argentina,ARG,2023,0.091
Armenia,ARM,1950,6.517
Armenia,ARM,1951,6.568
Armenia,ARM,1952,6.686
Armenia,ARM,1953,6.783
Armenia,ARM,1954,6.906
Armenia,ARM,1955,6.989
Armenia,ARM,1956,7.043
Armenia,ARM,1957,7.009
Armenia,ARM,1958,6.923
Armenia,ARM,1959,6.875
Armenia,ARM,1960,6.346
Armenia,ARM,1961,6.279
Armenia,ARM,1962,6.978
Armenia,ARM,1963,7.905
Armenia,ARM,1964,8.975
Armenia,ARM,1965,9.53
Armenia,ARM,1966,9.853
Armenia,ARM,1967,9.54
Armenia,ARM,1968,8.81
Armenia,ARM,1969,7.066
Armenia,ARM,1970,5.13
Armenia,ARM,1971,5.581
Armenia,ARM,1972,6.145
Armenia,ARM,1973,6.623
Armenia,ARM,1974,6.698
Armenia,ARM,1975,6.498
Armenia,ARM,1976,17.392
Armenia,ARM,1977,18.21
Armenia,ARM,1978,17.684
Armenia,ARM,1979,-7.36
Armenia,ARM,1980,-8.399
Armenia,ARM,1981,-9.086
Armenia,ARM,1982,-9.757
Armenia,ARM,1983,-10.024
Armenia,ARM,1984,-7.797
Armenia,ARM,1985,-8.499
Armenia,ARM,1986,-8.415
Armenia,ARM,1987,-8.075
Armenia,ARM,1988,-3.972
Armenia,ARM,1989,28.613
Armenia,ARM,1990,0.597
Armenia,ARM,1991,1.5
Armenia,ARM,1992,-54.949
Armenia,ARM,1993,-36.765
Armenia,ARM,1994,-33.457
Armenia,ARM,1995,-15.184
Armenia,ARM,1996,-15.562
Armenia,ARM,1997,-15.907
Armenia,ARM,1998,-17.196
Armenia,ARM,1999,-16.377
Armenia,ARM,2000,-16.886
Armenia,ARM,2001,-16.633
Armenia,ARM,2002,-9.095
Armenia,ARM,2003,-9.745
Armenia,ARM,2004,-9.96
Armenia,ARM,2005,-9.953
Armenia,ARM,2006,-10.006
Armenia,ARM,2007,-10.078
Armenia,ARM,2008,-10.045
Armenia,ARM,2009,-10.306
Armenia,ARM,2010,-10.238
Armenia,ARM,2011,-5.917
Armenia,ARM,2012,-5.742
Armenia,ARM,2013,-5.565
Armenia,ARM,2014,-5.388
Armenia,ARM,2015,-5.212
Armenia,ARM,2016,-5.035
Armenia,ARM,2017,-4.865
Armenia,ARM,2018,-4.512
Armenia,ARM,2019,-4.935
Armenia,ARM,2020,-4.513
Armenia,ARM,2021,-6.779
Armenia,ARM,2022,13.191
Armenia,ARM,2023,25.481
Aruba,ABW,1950,0
Aruba,ABW,1951,0
Aruba,ABW,1952,0
Aruba,ABW,1953,0
Aruba,ABW,1954,0
Aruba,ABW,1955,0
Aruba,ABW,1956,0
Aruba,ABW,1957,0
Aruba,ABW,1958,0
Aruba,ABW,1959,0
Aruba,ABW,1960,-14.348
Aruba,ABW,1961,-10.184
Aruba,ABW,1962,-10.671
Aruba,ABW,1963,-11.403
Aruba,ABW,1964,-11.836
Aruba,ABW,1965,-12.494
Aruba,ABW,1966,-12.982
Aruba,ABW,1967,-18.071
Aruba,ABW,1968,-19.096
Aruba,ABW,1969,-19.728
Aruba,ABW,1970,-20.169
Aruba,ABW,1971,-20.5
Aruba,ABW,1972,-9.305
Aruba,ABW,1973,-5.182
Aruba,ABW,1974,-3.992
Aruba,ABW,1975,-4.719
Aruba,ABW,1976,-11.441
Aruba,ABW,1977,-11.835
Aruba,ABW,1978,-12.071
Aruba,ABW,1979,-12.246
Aruba,ABW,1980,-12.186
Aruba,ABW,1981,-8.785
Aruba,ABW,1982,-6.592
Aruba,ABW,1983,-6.419
Aruba,ABW,1984,-8.429
Aruba,ABW,1985,-11.797
Aruba,ABW,1986,-14.995
Aruba,ABW,1987,-16.591
Aruba,ABW,1988,-14.319
Aruba,ABW,1989,-2.918
Aruba,ABW,1990,13.642
Aruba,ABW,1991,29.289
Aruba,ABW,1992,18.788
Aruba,ABW,1993,23.357
Aruba,ABW,1994,22.652
Aruba,ABW,1995,23.473
Aruba,ABW,1996,23.101
Aruba,ABW,1997,23.019
Aruba,ABW,1998,23.372
Aruba,ABW,1999,23.245
Aruba,ABW,2000,13.812
Aruba,ABW,2001,6.268
Aruba,ABW,2002,3.819
Aruba,ABW,2003,3.564
Aruba,ABW,2004,3.497
Aruba,ABW,2005,6.304
Aruba,ABW,2006,6.646
Aruba,ABW,2007,6.957
Aruba,ABW,2008,7.188
Aruba,ABW,2009,7.503
Aruba,ABW,2010,5.004
Aruba,ABW,2011,3.298
Aruba,ABW,2012,3.115
Aruba,ABW,2013,3.071
Aruba,ABW,2014,3.221
Aruba,ABW,2015,3.58
Aruba,ABW,2016,3.858
Aruba,ABW,2017,4.105
Aruba,ABW,2018,4.05
Aruba,ABW,2019,3.922
Aruba,ABW,2020,0
Aruba,ABW,2021,4.677
Aruba,ABW,2022,1.41
Aruba,ABW,2023,1.362
Asia (UN),UN_ASI,1950,0.325
Asia (UN),UN_ASI,1951,0.466
Asia (UN),UN_ASI,1952,0.488
Asia (UN),UN_ASI,1953,0.283
Asia (UN),UN_ASI,1954,0.406
Asia (UN),UN_ASI,1955,0.354
Asia (UN),UN_ASI,1956,0.472
Asia (UN),UN_ASI,1957,0.067
Asia (UN),UN_ASI,1958,0.338
Asia (UN),UN_ASI,1959,0.324
Asia (UN),UN_ASI,1960,0.169
Asia (UN),UN_ASI,1961,0.079
Asia (UN),UN_ASI,1962,-0.142
Asia (UN),UN_ASI,1963,-0.093
Asia (UN),UN_ASI,1964,-0.024
Asia (UN),UN_ASI,1965,-0.146
Asia (UN),UN_ASI,1966,-0.227
Asia (UN),UN_ASI,1967,0.008
Asia (UN),UN_ASI,1968,-0.26
Asia (UN),UN_ASI,1969,-0.272
Asia (UN),UN_ASI,1970,0.025
Asia (UN),UN_ASI,1971,-0.473
Asia (UN),UN_ASI,1972,-0.305
Asia (UN),UN_ASI,1973,-0.416
Asia (UN),UN_ASI,1974,-0.167
Asia (UN),UN_ASI,1975,-0.145
Asia (UN),UN_ASI,1976,-0.106
Asia (UN),UN_ASI,1977,0.126
Asia (UN),UN_ASI,1978,-0.277
Asia (UN),UN_ASI,1979,-0.163
Asia (UN),UN_ASI,1980,-0.315
Asia (UN),UN_ASI,1981,-0.278
Asia (UN),UN_ASI,1982,-0.17
Asia (UN),UN_ASI,1983,-0.027
Asia (UN),UN_ASI,1984,-0.18
Asia (UN),UN_ASI,1985,-0.263
Asia (UN),UN_ASI,1986,-0.139
Asia (UN),UN_ASI,1987,-0.15
Asia (UN),UN_ASI,1988,-0.191
Asia (UN),UN_ASI,1989,-0.178
Asia (UN),UN_ASI,1990,-0.518
Asia (UN),UN_ASI,1991,-0.246
Asia (UN),UN_ASI,1992,-0.066
Asia (UN),UN_ASI,1993,-0.382
Asia (UN),UN_ASI,1994,-0.552
Asia (UN),UN_ASI,1995,-0.278
Asia (UN),UN_ASI,1996,-0.176
Asia (UN),UN_ASI,1997,-0.145
Asia (UN),UN_ASI,1998,-0.108
Asia (UN),UN_ASI,1999,-0.232
Asia (UN),UN_ASI,2000,-0.291
Asia (UN),UN_ASI,2001,-0.297
Asia (UN),UN_ASI,2002,-0.782
Asia (UN),UN_ASI,2003,-0.472
Asia (UN),UN_ASI,2004,-0.451
Asia (UN),UN_ASI,2005,-0.329
Asia (UN),UN_ASI,2006,-0.227
Asia (UN),UN_ASI,2007,-0.49
Asia (UN),UN_ASI,2008,-0.399
Asia (UN),UN_ASI,2009,-0.268
Asia (UN),UN_ASI,2010,-0.296
Asia (UN),UN_ASI,2011,-0.198
Asia (UN),UN_ASI,2012,-0.31
Asia (UN),UN_ASI,2013,-0.461
Asia (UN),UN_ASI,2014,-0.386
Asia (UN),UN_ASI,2015,-0.691
Asia (UN),UN_ASI,2016,-0.615
Asia (UN),UN_ASI,2017,-0.785
Asia (UN),UN_ASI,2018,-0.776
Asia (UN),UN_ASI,2019,-0.666
Asia (UN),UN_ASI,2020,-0.377
Asia (UN),UN_ASI,2021,-0.441
Asia (UN),UN_ASI,2022,-0.25
Asia (UN),UN_ASI,2023,-0.545
Australia,AUS,1950,17.718
Australia,AUS,1951,13.943
Australia,AUS,1952,8.864
Australia,AUS,1953,5.983
Australia,AUS,1954,8.029
Australia,AUS,1955,10.319
Australia,AUS,1956,9.983
Australia,AUS,1957,7.82
Australia,AUS,1958,7.303
Australia,AUS,1959,8.006
Australia,AUS,1960,8.337
Australia,AUS,1961,6.142
Australia,AUS,1962,5.446
Australia,AUS,1963,6.711
Australia,AUS,1964,8.23
Australia,AUS,1965,10.468
Australia,AUS,1966,9.563
Australia,AUS,1967,6.85
Australia,AUS,1968,8.393
Australia,AUS,1969,8.863
Australia,AUS,1970,20.342
Australia,AUS,1971,17.233
Australia,AUS,1972,4.126
Australia,AUS,1973,4.655
Australia,AUS,1974,4.094
Australia,AUS,1975,1.824
Australia,AUS,1976,2.334
Australia,AUS,1977,3.164
Australia,AUS,1978,3.19
Australia,AUS,1979,3.588
Australia,AUS,1980,6.058
Australia,AUS,1981,8.156
Australia,AUS,1982,7.354
Australia,AUS,1983,4.752
Australia,AUS,1984,5.097
Australia,AUS,1985,6.209
Australia,AUS,1986,7.036
Australia,AUS,1987,8.358
Australia,AUS,1988,9.24
Australia,AUS,1989,8.539
Australia,AUS,1990,5.844
Australia,AUS,1991,3.967
Australia,AUS,1992,2.323
Australia,AUS,1993,1.345
Australia,AUS,1994,2.902
Australia,AUS,1995,4.446
Australia,AUS,1996,4.532
Australia,AUS,1997,3.656
Australia,AUS,1998,4.348
Australia,AUS,1999,4.913
Australia,AUS,2000,5.811
Australia,AUS,2001,6.07
Australia,AUS,2002,5.555
Australia,AUS,2003,5.269
Australia,AUS,2004,5.491
Australia,AUS,2005,6.473
Australia,AUS,2006,9.324
Australia,AUS,2007,11.925
Australia,AUS,2008,12.904
Australia,AUS,2009,10.817
Australia,AUS,2010,7.531
Australia,AUS,2011,8.793
Australia,AUS,2012,10.317
Australia,AUS,2013,9.288
Australia,AUS,2014,8.484
Australia,AUS,2015,8.867
Australia,AUS,2016,10.466
Australia,AUS,2017,10.312
Australia,AUS,2018,9.013
Australia,AUS,2019,8.129
Australia,AUS,2020,1.727
Australia,AUS,2021,4.499
Australia,AUS,2022,5.38
Australia,AUS,2023,5.302
Austria,AUT,1950,-3.525
Austria,AUT,1951,-3.537
Austria,AUT,1952,-2.499
Austria,AUT,1953,-1.81
Austria,AUT,1954,-1.451
Austria,AUT,1955,-2.587
Austria,AUT,1956,-3.093
Austria,AUT,1957,-1.109
Austria,AUT,1958,-1.634
Austria,AUT,1959,-0.657
Austria,AUT,1960,-0.246
Austria,AUT,1961,-0.389
Austria,AUT,1962,0.212
Austria,AUT,1963,0.665
Austria,AUT,1964,0.505
Austria,AUT,1965,1.474
Austria,AUT,1966,2.548
Austria,AUT,1967,2.886
Austria,AUT,1968,-0.928
Austria,AUT,1969,0.792
Austria,AUT,1970,1.42
Austria,AUT,1971,4.319
Austria,AUT,1972,4.866
Austria,AUT,1973,4.595
Austria,AUT,1974,-2.142
Austria,AUT,1975,-3.201
Austria,AUT,1976,1.102
Austria,AUT,1977,1.75
Austria,AUT,1978,-1.075
Austria,AUT,1979,-0.236
Austria,AUT,1980,1.3
Austria,AUT,1981,3.91
Austria,AUT,1982,-2.999
Austria,AUT,1983,-0.195
Austria,AUT,1984,0.384
Austria,AUT,1985,0.785
Austria,AUT,1986,0.876
Austria,AUT,1987,0.189
Austria,AUT,1988,1.82
Austria,AUT,1989,6.067
Austria,AUT,1990,7.796
Austria,AUT,1991,9.98
Austria,AUT,1992,9.11
Austria,AUT,1993,4.26
Austria,AUT,1994,0.392
Austria,AUT,1995,0.238
Austria,AUT,1996,0.512
Austria,AUT,1997,0.199
Austria,AUT,1998,1.091
Austria,AUT,1999,2.496
Austria,AUT,2000,2.2
Austria,AUT,2001,4.957
Austria,AUT,2002,4.641
Austria,AUT,2003,5.462
Austria,AUT,2004,6.73
Austria,AUT,2005,6.158
Austria,AUT,2006,3.118
Austria,AUT,2007,2.967
Austria,AUT,2008,3.052
Austria,AUT,2009,2.184
Austria,AUT,2010,2.698
Austria,AUT,2011,3.799
Austria,AUT,2012,5.339
Austria,AUT,2013,6.688
Austria,AUT,2014,8.701
Austria,AUT,2015,13.324
Austria,AUT,2016,7.551
Austria,AUT,2017,5.169
Austria,AUT,2018,3.992
Austria,AUT,2019,4.627
Austria,AUT,2020,4.439
Austria,AUT,2021,5.816
Austria,AUT,2022,17.36
Austria,AUT,2023,0.528
Azerbaijan,AZE,1950,-0.011
Azerbaijan,AZE,1951,-0.012
Azerbaijan,AZE,1952,-0.016
Azerbaijan,AZE,1953,-0.022
Azerbaijan,AZE,1954,-0.025
Azerbaijan,AZE,1955,-0.026
Azerbaijan,AZE,1956,-0.028
Azerbaijan,AZE,1957,-0.033
Azerbaijan,AZE,1958,-0.036
Azerbaijan,AZE,1959,-0.036
Azerbaijan,AZE,1960,-0.037
Azerbaijan,AZE,1961,-0.042
Azerbaijan,AZE,1962,-0.043
Azerbaijan,AZE,1963,-0.044
Azerbaijan,AZE,1964,-0.362
Azerbaijan,AZE,1965,-0.831
Azerbaijan,AZE,1966,-0.81
Azerbaijan,AZE,1967,-0.79
Azerbaijan,AZE,1968,-0.773
Azerbaijan,AZE,1969,-0.757
Azerbaijan,AZE,1970,-0.742
Azerbaijan,AZE,1971,-0.728
Azerbaijan,AZE,1972,-0.715
Azerbaijan,AZE,1973,-0.702
Azerbaijan,AZE,1974,-0.69
Azerbaijan,AZE,1975,-0.679
Azerbaijan,AZE,1976,6.949
Azerbaijan,AZE,1977,6.581
Azerbaijan,AZE,1978,2.442
Azerbaijan,AZE,1979,-3.882
Azerbaijan,AZE,1980,-4.42
Azerbaijan,AZE,1981,-4.428
Azerbaijan,AZE,1982,-4.385
Azerbaijan,AZE,1983,-4.328
Azerbaijan,AZE,1984,-7.558
Azerbaijan,AZE,1985,-8.419
Azerbaijan,AZE,1986,-8.829
Azerbaijan,AZE,1987,-9.897
Azerbaijan,AZE,1988,-3.571
Azerbaijan,AZE,1989,-14.229
Azerbaijan,AZE,1990,-8.757
Azerbaijan,AZE,1991,-6.81
Azerbaijan,AZE,1992,-3.239
Azerbaijan,AZE,1993,-1.629
Azerbaijan,AZE,1994,2.809
Azerbaijan,AZE,1995,4.163
Azerbaijan,AZE,1996,5.448
Azerbaijan,AZE,1997,3.084
Azerbaijan,AZE,1998,1.632
Azerbaijan,AZE,1999,0.654
Azerbaijan,AZE,2000,1.95
Azerbaijan,AZE,2001,1.97
Azerbaijan,AZE,2002,1.81
Azerbaijan,AZE,2003,1.566
Azerbaijan,AZE,2004,1.588
Azerbaijan,AZE,2005,1.911
Azerbaijan,AZE,2006,1.941
Azerbaijan,AZE,2007,1.938
Azerbaijan,AZE,2008,1.683
Azerbaijan,AZE,2009,0.098
Azerbaijan,AZE,2010,0.15
Azerbaijan,AZE,2011,0.182
Azerbaijan,AZE,2012,0.212
Azerbaijan,AZE,2013,0.241
Azerbaijan,AZE,2014,0.111
Azerbaijan,AZE,2015,0.11
Azerbaijan,AZE,2016,0.473
Azerbaijan,AZE,2017,-1.136
Azerbaijan,AZE,2018,-3.741
Azerbaijan,AZE,2019,0.038
Azerbaijan,AZE,2020,0.105
Azerbaijan,AZE,2021,0.105
Azerbaijan,AZE,2022,0.883
Azerbaijan,AZE,2023,-8.153
Bahamas,BHS,1950,-14.601
Bahamas,BHS,1951,-9.529
Bahamas,BHS,1952,-4.515
Bahamas,BHS,1953,0
Bahamas,BHS,1954,4.679
Bahamas,BHS,1955,8.411
Bahamas,BHS,1956,11.64
Bahamas,BHS,1957,14.192
Bahamas,BHS,1958,16.161
Bahamas,BHS,1959,18.086
Bahamas,BHS,1960,19.688
Bahamas,BHS,1961,20.843
Bahamas,BHS,1962,21.239
Bahamas,BHS,1963,20.831
Bahamas,BHS,1964,15.043
Bahamas,BHS,1965,16.816
Bahamas,BHS,1966,18.183
Bahamas,BHS,1967,19.246
Bahamas,BHS,1968,20.019
Bahamas,BHS,1969,17.238
Bahamas,BHS,1970,8.201
Bahamas,BHS,1971,4.323
Bahamas,BHS,1972,1.51
Bahamas,BHS,1973,0.623
Bahamas,BHS,1974,0.799
Bahamas,BHS,1975,1.539
Bahamas,BHS,1976,2.284
Bahamas,BHS,1977,2.674
Bahamas,BHS,1978,2.516
Bahamas,BHS,1979,2.121
Bahamas,BHS,1980,1.578
Bahamas,BHS,1981,0.528
Bahamas,BHS,1982,0.665
Bahamas,BHS,1983,0.993
Bahamas,BHS,1984,1.214
Bahamas,BHS,1985,1.853
Bahamas,BHS,1986,1.51
Bahamas,BHS,1987,1.245
Bahamas,BHS,1988,1.55
Bahamas,BHS,1989,1.929
Bahamas,BHS,1990,0.873
Bahamas,BHS,1991,1.468
Bahamas,BHS,1992,1.514
Bahamas,BHS,1993,1.527
Bahamas,BHS,1994,1.531
Bahamas,BHS,1995,1.526
Bahamas,BHS,1996,1.482
Bahamas,BHS,1997,1.431
Bahamas,BHS,1998,1.386
Bahamas,BHS,1999,1.308
Bahamas,BHS,2000,2.609
Bahamas,BHS,2001,0.885
Bahamas,BHS,2002,1.918
Bahamas,BHS,2003,2.828
Bahamas,BHS,2004,3.031
Bahamas,BHS,2005,2.338
Bahamas,BHS,2006,4.98
Bahamas,BHS,2007,4.888
Bahamas,BHS,2008,4.116
Bahamas,BHS,2009,4.446
Bahamas,BHS,2010,5.165
Bahamas,BHS,2011,3.715
Bahamas,BHS,2012,2.789
Bahamas,BHS,2013,2.644
Bahamas,BHS,2014,2.621
Bahamas,BHS,2015,2.6
Bahamas,BHS,2016,2.582
Bahamas,BHS,2017,2.566
Bahamas,BHS,2018,2.551
Bahamas,BHS,2019,2.539
Bahamas,BHS,2020,0
Bahamas,BHS,2021,1.214
Bahamas,BHS,2022,2.518
Bahamas,BHS,2023,2.506
Bahrain,BHR,1950,5.117
Bahrain,BHR,1951,5.35
Bahrain,BHR,1952,5.496
Bahrain,BHR,1953,5.71
Bahrain,BHR,1954,6.118
Bahrain,BHR,1955,6.69
Bahrain,BHR,1956,6.722
Bahrain,BHR,1957,7.265
Bahrain,BHR,1958,7.369
Bahrain,BHR,1959,7.488
Bahrain,BHR,1960,7.651
Bahrain,BHR,1961,6.243
Bahrain,BHR,1962,4.516
Bahrain,BHR,1963,3.828
Bahrain,BHR,1964,2.533
Bahrain,BHR,1965,-2.066
Bahrain,BHR,1966,-3.46
Bahrain,BHR,1967,-3.87
Bahrain,BHR,1968,-18.018
Bahrain,BHR,1969,-20.848
Bahrain,BHR,1970,-21.97
Bahrain,BHR,1971,13.691
Bahrain,BHR,1972,25.567
Bahrain,BHR,1973,25.262
Bahrain,BHR,1974,24.944
Bahrain,BHR,1975,24.361
Bahrain,BHR,1976,23.477
Bahrain,BHR,1977,22.431
Bahrain,BHR,1978,21.259
Bahrain,BHR,1979,20.113
Bahrain,BHR,1980,18.778
Bahrain,BHR,1981,12.109
Bahrain,BHR,1982,10.285
Bahrain,BHR,1983,10.611
Bahrain,BHR,1984,10.977
Bahrain,BHR,1985,10.821
Bahrain,BHR,1986,10.805
Bahrain,BHR,1987,11.131
Bahrain,BHR,1988,11.031
Bahrain,BHR,1989,10.496
Bahrain,BHR,1990,9.887
Bahrain,BHR,1991,8.577
Bahrain,BHR,1992,5.053
Bahrain,BHR,1993,5.064
Bahrain,BHR,1994,5.86
Bahrain,BHR,1995,6.476
Bahrain,BHR,1996,6.839
Bahrain,BHR,1997,6.468
Bahrain,BHR,1998,5.838
Bahrain,BHR,1999,4.781
Bahrain,BHR,2000,4.31
Bahrain,BHR,2001,49.105
Bahrain,BHR,2002,61.09
Bahrain,BHR,2003,56.172
Bahrain,BHR,2004,52.112
Bahrain,BHR,2005,48.983
Bahrain,BHR,2006,46.867
Bahrain,BHR,2007,44.921
Bahrain,BHR,2008,42.539
Bahrain,BHR,2009,39.259
Bahrain,BHR,2010,-15.932
Bahrain,BHR,2011,-21.635
Bahrain,BHR,2012,10.525
Bahrain,BHR,2013,28.296
Bahrain,BHR,2014,31.089
Bahrain,BHR,2015,26.875
Bahrain,BHR,2016,32.759
Bahrain,BHR,2017,14.817
Bahrain,BHR,2018,-17.346
Bahrain,BHR,2019,-21.517
Bahrain,BHR,2020,-3.404
Bahrain,BHR,2021,7.912
Bahrain,BHR,2022,12.374
Bahrain,BHR,2023,12.743
Bangladesh,BGD,1950,0.202
Bangladesh,BGD,1951,0.325
Bangladesh,BGD,1952,-0.068
Bangladesh,BGD,1953,-1.039
Bangladesh,BGD,1954,-0.683
Bangladesh,BGD,1955,-0.669
Bangladesh,BGD,1956,-0.652
Bangladesh,BGD,1957,-0.803
Bangladesh,BGD,1958,-2.202
Bangladesh,BGD,1959,-0.263
Bangladesh,BGD,1960,0.262
Bangladesh,BGD,1961,0.497
Bangladesh,BGD,1962,0.483
Bangladesh,BGD,1963,0.411
Bangladesh,BGD,1964,0.437
Bangladesh,BGD,1965,0.795
Bangladesh,BGD,1966,0.061
Bangladesh,BGD,1967,0.365
Bangladesh,BGD,1968,-0.122
Bangladesh,BGD,1969,-1.858
Bangladesh,BGD,1970,-1.067
Bangladesh,BGD,1971,3.193
Bangladesh,BGD,1972,-3.755
Bangladesh,BGD,1973,-1.049
Bangladesh,BGD,1974,-3.66
Bangladesh,BGD,1975,-5.012
Bangladesh,BGD,1976,-5.322
Bangladesh,BGD,1977,-5.6
Bangladesh,BGD,1978,-5.802
Bangladesh,BGD,1979,-5.904
Bangladesh,BGD,1980,-5.862
Bangladesh,BGD,1981,-2.047
Bangladesh,BGD,1982,-1.689
Bangladesh,BGD,1983,-2.118
Bangladesh,BGD,1984,-2.512
Bangladesh,BGD,1985,-2.871
Bangladesh,BGD,1986,-3.235
Bangladesh,BGD,1987,-3.501
Bangladesh,BGD,1988,-3.688
Bangladesh,BGD,1989,-3.718
Bangladesh,BGD,1990,-3.62
Bangladesh,BGD,1991,-2.029
Bangladesh,BGD,1992,-2.129
Bangladesh,BGD,1993,-2.3
Bangladesh,BGD,1994,-1.72
Bangladesh,BGD,1995,-1.887
Bangladesh,BGD,1996,-2.036
Bangladesh,BGD,1997,-2.15
Bangladesh,BGD,1998,-2.214
Bangladesh,BGD,1999,-2.167
Bangladesh,BGD,2000,-3.809
Bangladesh,BGD,2001,-5.393
Bangladesh,BGD,2002,-5.901
Bangladesh,BGD,2003,-6.358
Bangladesh,BGD,2004,-6.79
Bangladesh,BGD,2005,-7.163
Bangladesh,BGD,2006,-7.458
Bangladesh,BGD,2007,-7.66
Bangladesh,BGD,2008,-7.75
Bangladesh,BGD,2009,-7.624
Bangladesh,BGD,2010,-7.317
Bangladesh,BGD,2011,-5.527
Bangladesh,BGD,2012,-5.352
Bangladesh,BGD,2013,-5.513
Bangladesh,BGD,2014,-5.629
Bangladesh,BGD,2015,-5.705
Bangladesh,BGD,2016,-5.713
Bangladesh,BGD,2017,-6.395
Bangladesh,BGD,2018,-6.293
Bangladesh,BGD,2019,-6.166
Bangladesh,BGD,2020,-6.028
Bangladesh,BGD,2021,-5.933
Bangladesh,BGD,2022,-3.247
Bangladesh,BGD,2023,-3.207
Barbados,BRB,1950,-1.62
Barbados,BRB,1951,-4.639
Barbados,BRB,1952,-7.315
Barbados,BRB,1953,-9.69
Barbados,BRB,1954,-11.828
Barbados,BRB,1955,-15.557
Barbados,BRB,1956,-15.711
Barbados,BRB,1957,-15.572
Barbados,BRB,1958,-15.469
Barbados,BRB,1959,-15.552
Barbados,BRB,1960,-14.359
Barbados,BRB,1961,-14.253
Barbados,BRB,1962,-14.146
Barbados,BRB,1963,-13.906
Barbados,BRB,1964,-13.656
Barbados,BRB,1965,-13.412
Barbados,BRB,1966,-13.065
Barbados,BRB,1967,-13.905
Barbados,BRB,1968,-14.859
Barbados,BRB,1969,-16.98
Barbados,BRB,1970,-19.457
Barbados,BRB,1971,-17.644
Barbados,BRB,1972,-14.682
Barbados,BRB,1973,-14.012
Barbados,BRB,1974,-12.847
Barbados,BRB,1975,-11.7
Barbados,BRB,1976,-11.281
Barbados,BRB,1977,-11.042
Barbados,BRB,1978,-10.834
Barbados,BRB,1979,-10.711
Barbados,BRB,1980,-6.706
Barbados,BRB,1981,-7.219
Barbados,BRB,1982,-7.089
Barbados,BRB,1983,-6.823
Barbados,BRB,1984,-5.676
Barbados,BRB,1985,-5.813
Barbados,BRB,1986,-5.364
Barbados,BRB,1987,-4.907
Barbados,BRB,1988,-5.049
Barbados,BRB,1989,-5.426
Barbados,BRB,1990,-5.699
Barbados,BRB,1991,-4.273
Barbados,BRB,1992,-4.133
Barbados,BRB,1993,-4.138
Barbados,BRB,1994,-4.191
Barbados,BRB,1995,-4.355
Barbados,BRB,1996,-4.436
Barbados,BRB,1997,-4.274
Barbados,BRB,1998,-4.071
Barbados,BRB,1999,-4.628
Barbados,BRB,2000,-10.027
Barbados,BRB,2001,0.759
Barbados,BRB,2002,1.166
Barbados,BRB,2003,0.934
Barbados,BRB,2004,1.023
Barbados,BRB,2005,1.228
Barbados,BRB,2006,1.174
Barbados,BRB,2007,1.137
Barbados,BRB,2008,1.929
Barbados,BRB,2009,1.079
Barbados,BRB,2010,-0.131
Barbados,BRB,2011,-0.196
Barbados,BRB,2012,-0.231
Barbados,BRB,2013,-0.234
Barbados,BRB,2014,-0.233
Barbados,BRB,2015,-0.233
Barbados,BRB,2016,-0.232
Barbados,BRB,2017,-0.232
Barbados,BRB,2018,-0.232
Barbados,BRB,2019,-0.231
Barbados,BRB,2020,0
Barbados,BRB,2021,-0.099
Barbados,BRB,2022,-0.283
Barbados,BRB,2023,-0.283
Belarus,BLR,1950,0.161
Belarus,BLR,1951,0.369
Belarus,BLR,1952,0.991
Belarus,BLR,1953,1.139
Belarus,BLR,1954,2.094
Belarus,BLR,1955,2.386
Belarus,BLR,1956,2.515
Belarus,BLR,1957,1.824
Belarus,BLR,1958,1.272
Belarus,BLR,1959,0.401
Belarus,BLR,1960,-3.336
Belarus,BLR,1961,-3.219
Belarus,BLR,1962,-3.917
Belarus,BLR,1963,-3.364
Belarus,BLR,1964,-2.073
Belarus,BLR,1965,-2.071
Belarus,BLR,1966,-1.662
Belarus,BLR,1967,-1.52
Belarus,BLR,1968,-0.845
Belarus,BLR,1969,-1.433
Belarus,BLR,1970,-0.959
Belarus,BLR,1971,-0.641
Belarus,BLR,1972,-0.871
Belarus,BLR,1973,-0.799
Belarus,BLR,1974,-0.557
Belarus,BLR,1975,-0.676
Belarus,BLR,1976,-0.57
Belarus,BLR,1977,-0.522
Belarus,BLR,1978,-1.175
Belarus,BLR,1979,0.041
Belarus,BLR,1980,1.73
Belarus,BLR,1981,1.55
Belarus,BLR,1982,0.343
Belarus,BLR,1983,-0.299
Belarus,BLR,1984,-0.309
Belarus,BLR,1985,-0.079
Belarus,BLR,1986,-1.149
Belarus,BLR,1987,-1.239
Belarus,BLR,1988,-0.537
Belarus,BLR,1989,0.555
Belarus,BLR,1990,-2.601
Belarus,BLR,1991,-0.576
Belarus,BLR,1992,2.885
Belarus,BLR,1993,1.919
Belarus,BLR,1994,-1.229
Belarus,BLR,1995,0.047
Belarus,BLR,1996,0.512
Belarus,BLR,1997,-0.023
Belarus,BLR,1998,1.309
Belarus,BLR,1999,0.202
Belarus,BLR,2000,0.181
Belarus,BLR,2001,-0.45
Belarus,BLR,2002,-1.21
Belarus,BLR,2003,-1.101
Belarus,BLR,2004,-1.071
Belarus,BLR,2005,-1.598
Belarus,BLR,2006,-0.864
Belarus,BLR,2007,-0.42
Belarus,BLR,2008,-0.052
Belarus,BLR,2009,1.432
Belarus,BLR,2010,1.085
Belarus,BLR,2011,0.6
Belarus,BLR,2012,1.152
Belarus,BLR,2013,1.115
Belarus,BLR,2014,1.581
Belarus,BLR,2015,1.907
Belarus,BLR,2016,0.871
Belarus,BLR,2017,0.351
Belarus,BLR,2018,0.909
Belarus,BLR,2019,-3.599
Belarus,BLR,2020,-3.631
Belarus,BLR,2021,-3.67
Belarus,BLR,2022,-0.872
Belarus,BLR,2023,-0.333
Belgium,BEL,1950,0.545
Belgium,BEL,1951,0.533
Belgium,BEL,1952,0.643
Belgium,BEL,1953,0.594
Belgium,BEL,1954,0.684
Belgium,BEL,1955,0.728
Belgium,BEL,1956,0.735
Belgium,BEL,1957,0.837
Belgium,BEL,1958,0.925
Belgium,BEL,1959,1.04
Belgium,BEL,1960,1.087
Belgium,BEL,1961,1.154
Belgium,BEL,1962,1.609
Belgium,BEL,1963,1.763
Belgium,BEL,1964,1.894
Belgium,BEL,1965,1.941
Belgium,BEL,1966,2.008
Belgium,BEL,1967,2.051
Belgium,BEL,1968,2.074
Belgium,BEL,1969,2.093
Belgium,BEL,1970,2.014
Belgium,BEL,1971,0.827
Belgium,BEL,1972,0.865
Belgium,BEL,1973,0.894
Belgium,BEL,1974,0.917
Belgium,BEL,1975,0.99
Belgium,BEL,1976,1.062
Belgium,BEL,1977,1.07
Belgium,BEL,1978,1.106
Belgium,BEL,1979,1.149
Belgium,BEL,1980,1.168
Belgium,BEL,1981,0.287
Belgium,BEL,1982,0.112
Belgium,BEL,1983,0.127
Belgium,BEL,1984,0.172
Belgium,BEL,1985,0.219
Belgium,BEL,1986,0.3
Belgium,BEL,1987,0.356
Belgium,BEL,1988,0.396
Belgium,BEL,1989,0.735
Belgium,BEL,1990,0.833
Belgium,BEL,1991,2.704
Belgium,BEL,1992,2.582
Belgium,BEL,1993,1.839
Belgium,BEL,1994,1.743
Belgium,BEL,1995,0.191
Belgium,BEL,1996,1.544
Belgium,BEL,1997,1.008
Belgium,BEL,1998,1.227
Belgium,BEL,1999,1.648
Belgium,BEL,2000,1.361
Belgium,BEL,2001,3.395
Belgium,BEL,2002,3.813
Belgium,BEL,2003,3.322
Belgium,BEL,2004,3.372
Belgium,BEL,2005,4.826
Belgium,BEL,2006,5.079
Belgium,BEL,2007,5.638
Belgium,BEL,2008,6.207
Belgium,BEL,2009,8.987
Belgium,BEL,2010,9.622
Belgium,BEL,2011,4.753
Belgium,BEL,2012,4.051
Belgium,BEL,2013,2.515
Belgium,BEL,2014,3.343
Belgium,BEL,2015,5.635
Belgium,BEL,2016,2.479
Belgium,BEL,2017,3.339
Belgium,BEL,2018,4.428
Belgium,BEL,2019,5.088
Belgium,BEL,2020,3.793
Belgium,BEL,2021,2.076
Belgium,BEL,2022,10.189
Belgium,BEL,2023,3.558
Belize,BLZ,1950,-8.368
Belize,BLZ,1951,-2.559
Belize,BLZ,1952,-4.036
Belize,BLZ,1953,-4.754
Belize,BLZ,1954,-5.137
Belize,BLZ,1955,-5.059
Belize,BLZ,1956,-5.264
Belize,BLZ,1957,-4.932
Belize,BLZ,1958,-5.204
Belize,BLZ,1959,-5.675
Belize,BLZ,1960,-6.319
Belize,BLZ,1961,-3.706
Belize,BLZ,1962,-4.685
Belize,BLZ,1963,-1.722
Belize,BLZ,1964,-0.246
Belize,BLZ,1965,1.07
Belize,BLZ,1966,1.983
Belize,BLZ,1967,2.382
Belize,BLZ,1968,1.866
Belize,BLZ,1969,-1.254
Belize,BLZ,1970,-10.742
Belize,BLZ,1971,-13.786
Belize,BLZ,1972,-16.274
Belize,BLZ,1973,-17.612
Belize,BLZ,1974,-18.715
Belize,BLZ,1975,-12.455
Belize,BLZ,1976,-13.005
Belize,BLZ,1977,-13.563
Belize,BLZ,1978,-14.13
Belize,BLZ,1979,-13.015
Belize,BLZ,1980,-9.306
Belize,BLZ,1981,-9.1
Belize,BLZ,1982,-9.243
Belize,BLZ,1983,-9.047
Belize,BLZ,1984,-8.629
Belize,BLZ,1985,-8.559
Belize,BLZ,1986,-8.803
Belize,BLZ,1987,-8.912
Belize,BLZ,1988,-9.014
Belize,BLZ,1989,-9.235
Belize,BLZ,1990,-9.63
Belize,BLZ,1991,-9.084
Belize,BLZ,1992,-8.556
Belize,BLZ,1993,-7.804
Belize,BLZ,1994,-4.008
Belize,BLZ,1995,1.337
Belize,BLZ,1996,6.49
Belize,BLZ,1997,9.529
Belize,BLZ,1998,9.562
Belize,BLZ,1999,8.444
Belize,BLZ,2000,6.956
Belize,BLZ,2001,6.603
Belize,BLZ,2002,6.793
Belize,BLZ,2003,7.089
Belize,BLZ,2004,7.288
Belize,BLZ,2005,7.411
Belize,BLZ,2006,8.062
Belize,BLZ,2007,8.514
Belize,BLZ,2008,8.631
Belize,BLZ,2009,8.726
Belize,BLZ,2010,5.118
Belize,BLZ,2011,4.834
Belize,BLZ,2012,4.557
Belize,BLZ,2013,4.405
Belize,BLZ,2014,4.173
Belize,BLZ,2015,4.479
Belize,BLZ,2016,9.084
Belize,BLZ,2017,4.569
Belize,BLZ,2018,0.492
Belize,BLZ,2019,-1.571
Belize,BLZ,2020,0.164
Belize,BLZ,2021,-0.438
Belize,BLZ,2022,14.739
Belize,BLZ,2023,1.447
Benin,BEN,1950,-2.045
Benin,BEN,1951,-2.03
Benin,BEN,1952,-2.014
Benin,BEN,1953,-1.996
Benin,BEN,1954,-1.976
Benin,BEN,1955,-1.955
Benin,BEN,1956,-1.932
Benin,BEN,1957,-1.909
Benin,BEN,1958,-1.886
Benin,BEN,1959,-1.875
Benin,BEN,1960,-1.876
Benin,BEN,1961,-1.872
Benin,BEN,1962,-1.86
Benin,BEN,1963,-1.827
Benin,BEN,1964,-1.79
Benin,BEN,1965,-1.738
Benin,BEN,1966,-1.693
Benin,BEN,1967,-1.655
Benin,BEN,1968,-1.621
Benin,BEN,1969,-1.598
Benin,BEN,1970,-1.583
Benin,BEN,1971,-1.57
Benin,BEN,1972,-1.549
Benin,BEN,1973,-1.511
Benin,BEN,1974,-1.432
Benin,BEN,1975,-1.337
Benin,BEN,1976,-1.22
Benin,BEN,1977,-1.11
Benin,BEN,1978,-1.003
Benin,BEN,1979,-0.881
Benin,BEN,1980,-0.751
Benin,BEN,1981,-0.63
Benin,BEN,1982,-0.542
Benin,BEN,1983,-0.488
Benin,BEN,1984,-0.458
Benin,BEN,1985,-0.43
Benin,BEN,1986,-0.406
Benin,BEN,1987,-0.372
Benin,BEN,1988,-0.376
Benin,BEN,1989,-0.062
Benin,BEN,1990,-0.063
Benin,BEN,1991,0
Benin,BEN,1992,-0.025
Benin,BEN,1993,26.602
Benin,BEN,1994,-13.963
Benin,BEN,1995,-7.302
Benin,BEN,1996,-2.58
Benin,BEN,1997,-0.201
Benin,BEN,1998,0.302
Benin,BEN,1999,0.454
Benin,BEN,2000,0.462
Benin,BEN,2001,0.501
Benin,BEN,2002,0.465
Benin,BEN,2003,0.541
Benin,BEN,2004,0.511
Benin,BEN,2005,3.619
Benin,BEN,2006,-1.741
Benin,BEN,2007,0.027
Benin,BEN,2008,0.347
Benin,BEN,2009,0.45
Benin,BEN,2010,0.403
Benin,BEN,2011,0.424
Benin,BEN,2012,0.121
Benin,BEN,2013,-0.083
Benin,BEN,2014,0.332
Benin,BEN,2015,0.297
Benin,BEN,2016,0.328
Benin,BEN,2017,0.309
Benin,BEN,2018,0.272
Benin,BEN,2019,0.264
Benin,BEN,2020,0.132
Benin,BEN,2021,0.129
Benin,BEN,2022,-0.014
Benin,BEN,2023,-0.014
Bermuda,BMU,1950,-3.44
Bermuda,BMU,1951,-2.54
Bermuda,BMU,1952,-5.113
Bermuda,BMU,1953,-4.609
Bermuda,BMU,1954,-3.914
Bermuda,BMU,1955,-4.617
Bermuda,BMU,1956,-4.958
Bermuda,BMU,1957,-7.085
Bermuda,BMU,1958,-7.061
Bermuda,BMU,1959,-7.108
Bermuda,BMU,1960,-1.35
Bermuda,BMU,1961,9.09
Bermuda,BMU,1962,8.138
Bermuda,BMU,1963,7.609
Bermuda,BMU,1964,7.455
Bermuda,BMU,1965,8.386
Bermuda,BMU,1966,10.178
Bermuda,BMU,1967,6.826
Bermuda,BMU,1968,7.559
Bermuda,BMU,1969,7.582
Bermuda,BMU,1970,4.259
Bermuda,BMU,1971,-5.532
Bermuda,BMU,1972,-6.458
Bermuda,BMU,1973,-6.781
Bermuda,BMU,1974,-6.634
Bermuda,BMU,1975,-6.305
Bermuda,BMU,1976,-4.943
Bermuda,BMU,1977,-4.088
Bermuda,BMU,1978,-5.484
Bermuda,BMU,1979,-5.606
Bermuda,BMU,1980,-2.702
Bermuda,BMU,1981,0.759
Bermuda,BMU,1982,0.423
Bermuda,BMU,1983,-0.822
Bermuda,BMU,1984,0
Bermuda,BMU,1985,-0.594
Bermuda,BMU,1986,-0.895
Bermuda,BMU,1987,1.351
Bermuda,BMU,1988,0.635
Bermuda,BMU,1989,0.42
Bermuda,BMU,1990,0.591
Bermuda,BMU,1991,-0.397
Bermuda,BMU,1992,0.394
Bermuda,BMU,1993,0
Bermuda,BMU,1994,0
Bermuda,BMU,1995,-0.857
Bermuda,BMU,1996,-1.321
Bermuda,BMU,1997,1.961
Bermuda,BMU,1998,1.468
Bermuda,BMU,1999,1.652
Bermuda,BMU,2000,-0.812
Bermuda,BMU,2001,-2.231
Bermuda,BMU,2002,-1.834
Bermuda,BMU,2003,-1.827
Bermuda,BMU,2004,-2.909
Bermuda,BMU,2005,-1.1
Bermuda,BMU,2006,-2.721
Bermuda,BMU,2007,0.429
Bermuda,BMU,2008,0.506
Bermuda,BMU,2009,-0.031
Bermuda,BMU,2010,-3.154
Bermuda,BMU,2011,-3.075
Bermuda,BMU,2012,-3.724
Bermuda,BMU,2013,-1.966
Bermuda,BMU,2014,-1.558
Bermuda,BMU,2015,-1.844
Bermuda,BMU,2016,0
Bermuda,BMU,2017,3.476
Bermuda,BMU,2018,4.731
Bermuda,BMU,2019,4.461
Bermuda,BMU,2020,4.442
Bermuda,BMU,2021,4.424
Bermuda,BMU,2022,0
Bermuda,BMU,2023,0
Bhutan,BTN,1950,5.742
Bhutan,BTN,1951,6.151
Bhutan,BTN,1952,5.987
Bhutan,BTN,1953,6.401
Bhutan,BTN,1954,6.228
Bhutan,BTN,1955,6.603
Bhutan,BTN,1956,6.422
Bhutan,BTN,1957,6.722
Bhutan,BTN,1958,6.536
Bhutan,BTN,1959,6.799
Bhutan,BTN,1960,6.609
Bhutan,BTN,1961,6.878
Bhutan,BTN,1962,8.82
Bhutan,BTN,1963,8.55
Bhutan,BTN,1964,8.68
Bhutan,BTN,1965,8.832
Bhutan,BTN,1966,8.921
Bhutan,BTN,1967,8.94
Bhutan,BTN,1968,8.994
Bhutan,BTN,1969,9.054
Bhutan,BTN,1970,8.751
Bhutan,BTN,1971,8.458
Bhutan,BTN,1972,8.175
Bhutan,BTN,1973,7.902
Bhutan,BTN,1974,7.637
Bhutan,BTN,1975,7.381
Bhutan,BTN,1976,7.134
Bhutan,BTN,1977,6.894
Bhutan,BTN,1978,6.663
Bhutan,BTN,1979,5.947
Bhutan,BTN,1980,5.323
Bhutan,BTN,1981,4.68
Bhutan,BTN,1982,4.102
Bhutan,BTN,1983,3.973
Bhutan,BTN,1984,3.61
Bhutan,BTN,1985,3.332
Bhutan,BTN,1986,3.025
Bhutan,BTN,1987,2.74
Bhutan,BTN,1988,2.309
Bhutan,BTN,1989,2.057
Bhutan,BTN,1990,-1.697
Bhutan,BTN,1991,-15.876
Bhutan,BTN,1992,-114.058
Bhutan,BTN,1993,-17.668
Bhutan,BTN,1994,-32.456
Bhutan,BTN,1995,-39.236
Bhutan,BTN,1996,-3.641
Bhutan,BTN,1997,-3.569
Bhutan,BTN,1998,0.853
Bhutan,BTN,1999,6.08
Bhutan,BTN,2000,6.601
Bhutan,BTN,2001,6.343
Bhutan,BTN,2002,6.4
Bhutan,BTN,2003,6.149
Bhutan,BTN,2004,5.598
Bhutan,BTN,2005,1.281
Bhutan,BTN,2006,-1.913
Bhutan,BTN,2007,-2.288
Bhutan,BTN,2008,-2.241
Bhutan,BTN,2009,-1.88
Bhutan,BTN,2010,-1.314
Bhutan,BTN,2011,-0.654
Bhutan,BTN,2012,0.028
Bhutan,BTN,2013,0.426
Bhutan,BTN,2014,0.617
Bhutan,BTN,2015,0.608
Bhutan,BTN,2016,1.492
Bhutan,BTN,2017,0.38
Bhutan,BTN,2018,0.378
Bhutan,BTN,2019,0.375
Bhutan,BTN,2020,0.373
Bhutan,BTN,2021,0.37
Bhutan,BTN,2022,0.373
Bhutan,BTN,2023,0.37
Bolivia,BOL,1950,-2.394
Bolivia,BOL,1951,-1.997
Bolivia,BOL,1952,-1.642
Bolivia,BOL,1953,-1.34
Bolivia,BOL,1954,-1.086
Bolivia,BOL,1955,-0.891
Bolivia,BOL,1956,-0.703
Bolivia,BOL,1957,-0.682
Bolivia,BOL,1958,-0.673
Bolivia,BOL,1959,-0.741
Bolivia,BOL,1960,-0.849
Bolivia,BOL,1961,-0.964
Bolivia,BOL,1962,-1.044
Bolivia,BOL,1963,-1.075
Bolivia,BOL,1964,-1.082
Bolivia,BOL,1965,-1.081
Bolivia,BOL,1966,-1.073
Bolivia,BOL,1967,-1.068
Bolivia,BOL,1968,-1.066
Bolivia,BOL,1969,-1.066
Bolivia,BOL,1970,-1.071
Bolivia,BOL,1971,-1.077
Bolivia,BOL,1972,-1.088
Bolivia,BOL,1973,-1.111
Bolivia,BOL,1974,-1.169
Bolivia,BOL,1975,-1.25
Bolivia,BOL,1976,-1.344
Bolivia,BOL,1977,-1.434
Bolivia,BOL,1978,-1.537
Bolivia,BOL,1979,-1.762
Bolivia,BOL,1980,-2.042
Bolivia,BOL,1981,-2.289
Bolivia,BOL,1982,-2.423
Bolivia,BOL,1983,-2.51
Bolivia,BOL,1984,-2.647
Bolivia,BOL,1985,-2.737
Bolivia,BOL,1986,-2.792
Bolivia,BOL,1987,-2.831
Bolivia,BOL,1988,-2.863
Bolivia,BOL,1989,-2.968
Bolivia,BOL,1990,-3.074
Bolivia,BOL,1991,-3.294
Bolivia,BOL,1992,-3.365
Bolivia,BOL,1993,-3.543
Bolivia,BOL,1994,-3.574
Bolivia,BOL,1995,-3.582
Bolivia,BOL,1996,-3.576
Bolivia,BOL,1997,-3.497
Bolivia,BOL,1998,-3.414
Bolivia,BOL,1999,-3.319
Bolivia,BOL,2000,-3.13
Bolivia,BOL,2001,-2.788
Bolivia,BOL,2002,-2.493
Bolivia,BOL,2003,-2.168
Bolivia,BOL,2004,-1.889
Bolivia,BOL,2005,-1.666
Bolivia,BOL,2006,-1.482
Bolivia,BOL,2007,-1.411
Bolivia,BOL,2008,-1.362
Bolivia,BOL,2009,-1.303
Bolivia,BOL,2010,-1.236
Bolivia,BOL,2011,-1.17
Bolivia,BOL,2012,-1.112
Bolivia,BOL,2013,-1.064
Bolivia,BOL,2014,-1.011
Bolivia,BOL,2015,-0.956
Bolivia,BOL,2016,-0.901
Bolivia,BOL,2017,-0.852
Bolivia,BOL,2018,-0.812
Bolivia,BOL,2019,-0.769
Bolivia,BOL,2020,-0.395
Bolivia,BOL,2021,-0.391
Bolivia,BOL,2022,-0.249
Bolivia,BOL,2023,-0.246
Bonaire Sint Eustatius and Saba,BES,1950,-13.868
Bonaire Sint Eustatius and Saba,BES,1951,-4.979
Bonaire Sint Eustatius and Saba,BES,1952,-0.984
Bonaire Sint Eustatius and Saba,BES,1953,0.692
Bonaire Sint Eustatius and Saba,BES,1954,26.206
Bonaire Sint Eustatius and Saba,BES,1955,-12.76
Bonaire Sint Eustatius and Saba,BES,1956,-11.034
Bonaire Sint Eustatius and Saba,BES,1957,-9.038
Bonaire Sint Eustatius and Saba,BES,1958,-6.513
Bonaire Sint Eustatius and Saba,BES,1959,-4.006
Bonaire Sint Eustatius and Saba,BES,1960,1.659
Bonaire Sint Eustatius and Saba,BES,1961,1.884
Bonaire Sint Eustatius and Saba,BES,1962,2.468
Bonaire Sint Eustatius and Saba,BES,1963,3.509
Bonaire Sint Eustatius and Saba,BES,1964,5.443
Bonaire Sint Eustatius and Saba,BES,1965,7.51
Bonaire Sint Eustatius and Saba,BES,1966,9.129
Bonaire Sint Eustatius and Saba,BES,1967,11.42
Bonaire Sint Eustatius and Saba,BES,1968,13.903
Bonaire Sint Eustatius and Saba,BES,1969,13.95
Bonaire Sint Eustatius and Saba,BES,1970,13.785
Bonaire Sint Eustatius and Saba,BES,1971,13.237
Bonaire Sint Eustatius and Saba,BES,1972,7.917
Bonaire Sint Eustatius and Saba,BES,1973,1.898
Bonaire Sint Eustatius and Saba,BES,1974,2.993
Bonaire Sint Eustatius and Saba,BES,1975,3.316
Bonaire Sint Eustatius and Saba,BES,1976,3.808
Bonaire Sint Eustatius and Saba,BES,1977,4.1
Bonaire Sint Eustatius and Saba,BES,1978,4.119
Bonaire Sint Eustatius and Saba,BES,1979,3.622
Bonaire Sint Eustatius and Saba,BES,1980,3.565
Bonaire Sint Eustatius and Saba,BES,1981,-0.419
Bonaire Sint Eustatius and Saba,BES,1982,-4.066
Bonaire Sint Eustatius and Saba,BES,1983,-4.361
Bonaire Sint Eustatius and Saba,BES,1984,-4.323
Bonaire Sint Eustatius and Saba,BES,1985,-4.043
Bonaire Sint Eustatius and Saba,BES,1986,-3.608
Bonaire Sint Eustatius and Saba,BES,1987,-2.862
Bonaire Sint Eustatius and Saba,BES,1988,-2.601
Bonaire Sint Eustatius and Saba,BES,1989,-2.186
Bonaire Sint Eustatius and Saba,BES,1990,-1.47
Bonaire Sint Eustatius and Saba,BES,1991,-1.303
Bonaire Sint Eustatius and Saba,BES,1992,-1.443
Bonaire Sint Eustatius and Saba,BES,1993,-1.582
Bonaire Sint Eustatius and Saba,BES,1994,-1.42
Bonaire Sint Eustatius and Saba,BES,1995,-1.258
Bonaire Sint Eustatius and Saba,BES,1996,-0.366
Bonaire Sint Eustatius and Saba,BES,1997,0.58
Bonaire Sint Eustatius and Saba,BES,1998,0.933
Bonaire Sint Eustatius and Saba,BES,1999,2.415
Bonaire Sint Eustatius and Saba,BES,2000,4.216
Bonaire Sint Eustatius and Saba,BES,2001,20.411
Bonaire Sint Eustatius and Saba,BES,2002,36.588
Bonaire Sint Eustatius and Saba,BES,2003,36.694
Bonaire Sint Eustatius and Saba,BES,2004,36.679
Bonaire Sint Eustatius and Saba,BES,2005,35.629
Bonaire Sint Eustatius and Saba,BES,2006,35.135
Bonaire Sint Eustatius and Saba,BES,2007,33.943
Bonaire Sint Eustatius and Saba,BES,2008,32.725
Bonaire Sint Eustatius and Saba,BES,2009,32.033
Bonaire Sint Eustatius and Saba,BES,2010,31.131
Bonaire Sint Eustatius and Saba,BES,2011,61.178
Bonaire Sint Eustatius and Saba,BES,2012,41.121
Bonaire Sint Eustatius and Saba,BES,2013,37.849
Bonaire Sint Eustatius and Saba,BES,2014,9.769
Bonaire Sint Eustatius and Saba,BES,2015,-3.454
Bonaire Sint Eustatius and Saba,BES,2016,-7.375
Bonaire Sint Eustatius and Saba,BES,2017,22.423
Bonaire Sint Eustatius and Saba,BES,2018,1.714
Bonaire Sint Eustatius and Saba,BES,2019,31.259
Bonaire Sint Eustatius and Saba,BES,2020,28.87
Bonaire Sint Eustatius and Saba,BES,2021,31.88
Bonaire Sint Eustatius and Saba,BES,2022,57.856
Bonaire Sint Eustatius and Saba,BES,2023,27.426
Bosnia and Herzegovina,BIH,1950,-4.262
Bosnia and Herzegovina,BIH,1951,-4.055
Bosnia and Herzegovina,BIH,1952,-3.884
Bosnia and Herzegovina,BIH,1953,-1.307
Bosnia and Herzegovina,BIH,1954,-2.137
Bosnia and Herzegovina,BIH,1955,-1.802
Bosnia and Herzegovina,BIH,1956,-1.385
Bosnia and Herzegovina,BIH,1957,-0.821
Bosnia and Herzegovina,BIH,1958,-1.602
Bosnia and Herzegovina,BIH,1959,-2.085
Bosnia and Herzegovina,BIH,1960,-1.975
Bosnia and Herzegovina,BIH,1961,-4.377
Bosnia and Herzegovina,BIH,1962,-6.319
Bosnia and Herzegovina,BIH,1963,-6.531
Bosnia and Herzegovina,BIH,1964,-6.809
Bosnia and Herzegovina,BIH,1965,-6.829
Bosnia and Herzegovina,BIH,1966,-6.424
Bosnia and Herzegovina,BIH,1967,-5.797
Bosnia and Herzegovina,BIH,1968,-5.598
Bosnia and Herzegovina,BIH,1969,-5.68
Bosnia and Herzegovina,BIH,1970,-5.49
Bosnia and Herzegovina,BIH,1971,-4.155
Bosnia and Herzegovina,BIH,1972,-3.848
Bosnia and Herzegovina,BIH,1973,-3.612
Bosnia and Herzegovina,BIH,1974,-3.653
Bosnia and Herzegovina,BIH,1975,-3.618
Bosnia and Herzegovina,BIH,1976,-3.441
Bosnia and Herzegovina,BIH,1977,-2.928
Bosnia and Herzegovina,BIH,1978,-2.301
Bosnia and Herzegovina,BIH,1979,-1.812
Bosnia and Herzegovina,BIH,1980,-1.776
Bosnia and Herzegovina,BIH,1981,-2.243
Bosnia and Herzegovina,BIH,1982,-2.203
Bosnia and Herzegovina,BIH,1983,-2.254
Bosnia and Herzegovina,BIH,1984,-2.403
Bosnia and Herzegovina,BIH,1985,-2.639
Bosnia and Herzegovina,BIH,1986,-2.967
Bosnia and Herzegovina,BIH,1987,-3.383
Bosnia and Herzegovina,BIH,1988,-3.864
Bosnia and Herzegovina,BIH,1989,-4.428
Bosnia and Herzegovina,BIH,1990,-5.132
Bosnia and Herzegovina,BIH,1991,-5.94
Bosnia and Herzegovina,BIH,1992,-103.153
Bosnia and Herzegovina,BIH,1993,-45.695
Bosnia and Herzegovina,BIH,1994,-42.257
Bosnia and Herzegovina,BIH,1995,34.157
Bosnia and Herzegovina,BIH,1996,44.692
Bosnia and Herzegovina,BIH,1997,19.942
Bosnia and Herzegovina,BIH,1998,5.951
Bosnia and Herzegovina,BIH,1999,6.173
Bosnia and Herzegovina,BIH,2000,1.956
Bosnia and Herzegovina,BIH,2001,2.167
Bosnia and Herzegovina,BIH,2002,-3.179
Bosnia and Herzegovina,BIH,2003,-6.556
Bosnia and Herzegovina,BIH,2004,-16.423
Bosnia and Herzegovina,BIH,2005,-9.053
Bosnia and Herzegovina,BIH,2006,-9.505
Bosnia and Herzegovina,BIH,2007,-16.279
Bosnia and Herzegovina,BIH,2008,-17.261
Bosnia and Herzegovina,BIH,2009,-17.574
Bosnia and Herzegovina,BIH,2010,-17.638
Bosnia and Herzegovina,BIH,2011,-17.338
Bosnia and Herzegovina,BIH,2012,-18.086
Bosnia and Herzegovina,BIH,2013,-10.247
Bosnia and Herzegovina,BIH,2014,-10.01
Bosnia and Herzegovina,BIH,2015,-9.648
Bosnia and Herzegovina,BIH,2016,-9.264
Bosnia and Herzegovina,BIH,2017,-8.939
Bosnia and Herzegovina,BIH,2018,-8.605
Bosnia and Herzegovina,BIH,2019,-8.322
Bosnia and Herzegovina,BIH,2020,-8.135
Bosnia and Herzegovina,BIH,2021,-7.971
Bosnia and Herzegovina,BIH,2022,-0.151
Bosnia and Herzegovina,BIH,2023,-0.152
Botswana,BWA,1950,-2.613
Botswana,BWA,1951,-2.843
Botswana,BWA,1952,-3.078
Botswana,BWA,1953,-4.561
Botswana,BWA,1954,-6.321
Botswana,BWA,1955,-7.749
Botswana,BWA,1956,-8.732
Botswana,BWA,1957,-9.235
Botswana,BWA,1958,-9.211
Botswana,BWA,1959,-8.875
Botswana,BWA,1960,-8.391
Botswana,BWA,1961,-7.895
Botswana,BWA,1962,-7.457
Botswana,BWA,1963,-7.234
Botswana,BWA,1964,-7.286
Botswana,BWA,1965,-25.672
Botswana,BWA,1966,-26.2
Botswana,BWA,1967,-26.575
Botswana,BWA,1968,-26.853
Botswana,BWA,1969,-27.033
Botswana,BWA,1970,-27.195
Botswana,BWA,1971,-5.023
Botswana,BWA,1972,9.539
Botswana,BWA,1973,16.27
Botswana,BWA,1974,12.917
Botswana,BWA,1975,15.389
Botswana,BWA,1976,15.707
Botswana,BWA,1977,17.144
Botswana,BWA,1978,30.633
Botswana,BWA,1979,17.652
Botswana,BWA,1980,-11.572
Botswana,BWA,1981,7.845
Botswana,BWA,1982,1.735
Botswana,BWA,1983,1.893
Botswana,BWA,1984,2.208
Botswana,BWA,1985,2.391
Botswana,BWA,1986,2.204
Botswana,BWA,1987,2.188
Botswana,BWA,1988,-0.174
Botswana,BWA,1989,1.177
Botswana,BWA,1990,1.976
Botswana,BWA,1991,3.213
Botswana,BWA,1992,5.816
Botswana,BWA,1993,5.944
Botswana,BWA,1994,6.18
Botswana,BWA,1995,6.314
Botswana,BWA,1996,6.099
Botswana,BWA,1997,6.106
Botswana,BWA,1998,6.027
Botswana,BWA,1999,5.945
Botswana,BWA,2000,5.841
Botswana,BWA,2001,4.667
Botswana,BWA,2002,2.721
Botswana,BWA,2003,2.527
Botswana,BWA,2004,2.387
Botswana,BWA,2005,2.328
Botswana,BWA,2006,2.278
Botswana,BWA,2007,2.054
Botswana,BWA,2008,2.227
Botswana,BWA,2009,2.492
Botswana,BWA,2010,2.534
Botswana,BWA,2011,-0.491
Botswana,BWA,2012,-3.147
Botswana,BWA,2013,-3.661
Botswana,BWA,2014,-4.094
Botswana,BWA,2015,-4.357
Botswana,BWA,2016,-4.603
Botswana,BWA,2017,-4.816
Botswana,BWA,2018,-5.055
Botswana,BWA,2019,-5.047
Botswana,BWA,2020,-4.789
Botswana,BWA,2021,-1.7
Botswana,BWA,2022,-2.994
Botswana,BWA,2023,-2.615
Brazil,BRA,1950,0.182
Brazil,BRA,1951,0.18
Brazil,BRA,1952,0.162
Brazil,BRA,1953,0.157
Brazil,BRA,1954,0.153
Brazil,BRA,1955,0.201
Brazil,BRA,1956,0.225
Brazil,BRA,1957,0.22
Brazil,BRA,1958,0.207
Brazil,BRA,1959,0.209
Brazil,BRA,1960,0.056
Brazil,BRA,1961,0.001
Brazil,BRA,1962,-0.093
Brazil,BRA,1963,-0.103
Brazil,BRA,1964,-0.1
Brazil,BRA,1965,-0.105
Brazil,BRA,1966,-0.108
Brazil,BRA,1967,-0.113
Brazil,BRA,1968,-0.098
Brazil,BRA,1969,-0.083
Brazil,BRA,1970,-0.197
Brazil,BRA,1971,-0.24
Brazil,BRA,1972,-0.235
Brazil,BRA,1973,-0.235
Brazil,BRA,1974,-0.229
Brazil,BRA,1975,-0.237
Brazil,BRA,1976,-0.187
Brazil,BRA,1977,-0.173
Brazil,BRA,1978,-0.203
Brazil,BRA,1979,-0.275
Brazil,BRA,1980,-0.321
Brazil,BRA,1981,-0.532
Brazil,BRA,1982,-0.715
Brazil,BRA,1983,-0.588
Brazil,BRA,1984,-0.528
Brazil,BRA,1985,-0.449
Brazil,BRA,1986,-0.658
Brazil,BRA,1987,-0.551
Brazil,BRA,1988,-0.506
Brazil,BRA,1989,-0.41
Brazil,BRA,1990,-0.205
Brazil,BRA,1991,-0.439
Brazil,BRA,1992,0.093
Brazil,BRA,1993,-0.441
Brazil,BRA,1994,-0.433
Brazil,BRA,1995,-0.433
Brazil,BRA,1996,-0.438
Brazil,BRA,1997,-0.434
Brazil,BRA,1998,0.128
Brazil,BRA,1999,-0.137
Brazil,BRA,2000,-0.263
Brazil,BRA,2001,-0.293
Brazil,BRA,2002,-0.235
Brazil,BRA,2003,-0.306
Brazil,BRA,2004,-0.42
Brazil,BRA,2005,-0.481
Brazil,BRA,2006,-0.486
Brazil,BRA,2007,-0.57
Brazil,BRA,2008,-0.741
Brazil,BRA,2009,-1.146
Brazil,BRA,2010,-1.35
Brazil,BRA,2011,-1.208
Brazil,BRA,2012,-0.913
Brazil,BRA,2013,-0.792
Brazil,BRA,2014,-0.728
Brazil,BRA,2015,-0.861
Brazil,BRA,2016,-0.458
Brazil,BRA,2017,-0.764
Brazil,BRA,2018,-1.118
Brazil,BRA,2019,-0.623
Brazil,BRA,2020,-0.376
Brazil,BRA,2021,-0.995
Brazil,BRA,2022,-1.206
Brazil,BRA,2023,-1.137
British Virgin Islands,VGB,1950,-12.48
British Virgin Islands,VGB,1951,-13.526
British Virgin Islands,VGB,1952,-17.072
British Virgin Islands,VGB,1953,-13.801
British Virgin Islands,VGB,1954,-11.82
British Virgin Islands,VGB,1955,-16.012
British Virgin Islands,VGB,1956,-13.405
British Virgin Islands,VGB,1957,-11.066
British Virgin Islands,VGB,1958,-6.638
British Virgin Islands,VGB,1959,-3.072
British Virgin Islands,VGB,1960,-7.421
British Virgin Islands,VGB,1961,-18.047
British Virgin Islands,VGB,1962,-18.216
British Virgin Islands,VGB,1963,-17.502
British Virgin Islands,VGB,1964,-14.078
British Virgin Islands,VGB,1965,-8.599
British Virgin Islands,VGB,1966,0
British Virgin Islands,VGB,1967,8.558
British Virgin Islands,VGB,1968,23.111
British Virgin Islands,VGB,1969,40.701
British Virgin Islands,VGB,1970,-10.168
British Virgin Islands,VGB,1971,-10.996
British Virgin Islands,VGB,1972,-11.432
British Virgin Islands,VGB,1973,-11.671
British Virgin Islands,VGB,1974,-12.102
British Virgin Islands,VGB,1975,-12.163
British Virgin Islands,VGB,1976,-12.606
British Virgin Islands,VGB,1977,-12.778
British Virgin Islands,VGB,1978,-13.229
British Virgin Islands,VGB,1979,-12.768
British Virgin Islands,VGB,1980,5.211
British Virgin Islands,VGB,1981,24.829
British Virgin Islands,VGB,1982,23.824
British Virgin Islands,VGB,1983,23.445
British Virgin Islands,VGB,1984,22.855
British Virgin Islands,VGB,1985,22.383
British Virgin Islands,VGB,1986,22.731
British Virgin Islands,VGB,1987,22.544
British Virgin Islands,VGB,1988,22.14
British Virgin Islands,VGB,1989,22.003
British Virgin Islands,VGB,1990,22.35
British Virgin Islands,VGB,1991,14.147
British Virgin Islands,VGB,1992,10.727
British Virgin Islands,VGB,1993,11.949
British Virgin Islands,VGB,1994,13.961
British Virgin Islands,VGB,1995,13.734
British Virgin Islands,VGB,1996,13.343
British Virgin Islands,VGB,1997,13.01
British Virgin Islands,VGB,1998,17.361
British Virgin Islands,VGB,1999,15.61
British Virgin Islands,VGB,2000,15.463
British Virgin Islands,VGB,2001,21.35
British Virgin Islands,VGB,2002,26.459
British Virgin Islands,VGB,2003,26.521
British Virgin Islands,VGB,2004,25.742
British Virgin Islands,VGB,2005,27.636
British Virgin Islands,VGB,2006,28.743
British Virgin Islands,VGB,2007,28.779
British Virgin Islands,VGB,2008,30.166
British Virgin Islands,VGB,2009,27.776
British Virgin Islands,VGB,2010,-4.517
British Virgin Islands,VGB,2011,66.701
British Virgin Islands,VGB,2012,35.854
British Virgin Islands,VGB,2013,43.118
British Virgin Islands,VGB,2014,25.332
British Virgin Islands,VGB,2015,55.192
British Virgin Islands,VGB,2016,-101.335
British Virgin Islands,VGB,2017,27.249
British Virgin Islands,VGB,2018,84.052
British Virgin Islands,VGB,2019,11.513
British Virgin Islands,VGB,2020,23.913
British Virgin Islands,VGB,2021,8.622
British Virgin Islands,VGB,2022,14.353
British Virgin Islands,VGB,2023,15.057
Brunei,BRN,1950,28.469
Brunei,BRN,1951,24.204
Brunei,BRN,1952,25.243
Brunei,BRN,1953,26.234
Brunei,BRN,1954,27.659
Brunei,BRN,1955,28.216
Brunei,BRN,1956,28.355
Brunei,BRN,1957,27.358
Brunei,BRN,1958,25.021
Brunei,BRN,1959,21.576
Brunei,BRN,1960,11.115
Brunei,BRN,1961,10.96
Brunei,BRN,1962,11.249
Brunei,BRN,1963,14.522
Brunei,BRN,1964,15.058
Brunei,BRN,1965,14.932
Brunei,BRN,1966,14.645
Brunei,BRN,1967,14.072
Brunei,BRN,1968,13.286
Brunei,BRN,1969,12.233
Brunei,BRN,1970,-11.381
Brunei,BRN,1971,-3.451
Brunei,BRN,1972,7.406
Brunei,BRN,1973,6.833
Brunei,BRN,1974,6.623
Brunei,BRN,1975,6.624
Brunei,BRN,1976,6.601
Brunei,BRN,1977,6.835
Brunei,BRN,1978,4.523
Brunei,BRN,1979,4.983
Brunei,BRN,1980,5.346
Brunei,BRN,1981,5.855
Brunei,BRN,1982,7.443
Brunei,BRN,1983,7.825
Brunei,BRN,1984,8.136
Brunei,BRN,1985,8.259
Brunei,BRN,1986,8.375
Brunei,BRN,1987,4.25
Brunei,BRN,1988,3.993
Brunei,BRN,1989,4.039
Brunei,BRN,1990,3.886
Brunei,BRN,1991,4.139
Brunei,BRN,1992,3.591
Brunei,BRN,1993,3.907
Brunei,BRN,1994,4.245
Brunei,BRN,1995,4.629
Brunei,BRN,1996,4.908
Brunei,BRN,1997,5.021
Brunei,BRN,1998,5.013
Brunei,BRN,1999,5.131
Brunei,BRN,2000,5.085
Brunei,BRN,2001,4.707
Brunei,BRN,2002,4.408
Brunei,BRN,2003,3.99
Brunei,BRN,2004,3.573
Brunei,BRN,2005,3.24
Brunei,BRN,2006,2.825
Brunei,BRN,2007,6.177
Brunei,BRN,2008,6.377
Brunei,BRN,2009,6.466
Brunei,BRN,2010,6.319
Brunei,BRN,2011,3.503
Brunei,BRN,2012,0.853
Brunei,BRN,2013,0.693
Brunei,BRN,2014,0.727
Brunei,BRN,2015,0.843
Brunei,BRN,2016,0.971
Brunei,BRN,2017,1.017
Brunei,BRN,2018,1.028
Brunei,BRN,2019,1.03
Brunei,BRN,2020,1.033
Brunei,BRN,2021,0
Brunei,BRN,2022,0
Brunei,BRN,2023,0
Bulgaria,BGR,1950,-0.197
Bulgaria,BGR,1951,-3.901
Bulgaria,BGR,1952,-3.492
Bulgaria,BGR,1953,-3.227
Bulgaria,BGR,1954,-3.229
Bulgaria,BGR,1955,-3.558
Bulgaria,BGR,1956,-3.464
Bulgaria,BGR,1957,-0.063
Bulgaria,BGR,1958,-0.019
Bulgaria,BGR,1959,0.002
Bulgaria,BGR,1960,-0.141
Bulgaria,BGR,1961,0.048
Bulgaria,BGR,1962,0.062
Bulgaria,BGR,1963,0.062
Bulgaria,BGR,1964,0.062
Bulgaria,BGR,1965,-0.171
Bulgaria,BGR,1966,-0.017
Bulgaria,BGR,1967,-0.051
Bulgaria,BGR,1968,-0.016
Bulgaria,BGR,1969,-0.38
Bulgaria,BGR,1970,-1.333
Bulgaria,BGR,1971,-0.896
Bulgaria,BGR,1972,-1.317
Bulgaria,BGR,1973,-0.627
Bulgaria,BGR,1974,-0.161
Bulgaria,BGR,1975,-4.364
Bulgaria,BGR,1976,-0.288
Bulgaria,BGR,1977,-1.358
Bulgaria,BGR,1978,-7.122
Bulgaria,BGR,1979,-0.099
Bulgaria,BGR,1980,-0.231
Bulgaria,BGR,1981,-0.206
Bulgaria,BGR,1982,-0.209
Bulgaria,BGR,1983,-0.21
Bulgaria,BGR,1984,-0.115
Bulgaria,BGR,1985,-2.146
Bulgaria,BGR,1986,0.123
Bulgaria,BGR,1987,0.04
Bulgaria,BGR,1988,0.024
Bulgaria,BGR,1989,-12.836
Bulgaria,BGR,1990,-13.241
Bulgaria,BGR,1991,-13.726
Bulgaria,BGR,1992,-14.085
Bulgaria,BGR,1993,-2.359
Bulgaria,BGR,1994,-2.493
Bulgaria,BGR,1995,-2.635
Bulgaria,BGR,1996,-2.595
Bulgaria,BGR,1997,-2.795
Bulgaria,BGR,1998,-2.858
Bulgaria,BGR,1999,-2.956
Bulgaria,BGR,2000,-3.276
Bulgaria,BGR,2001,-3.875
Bulgaria,BGR,2002,-1.62
Bulgaria,BGR,2003,-1.689
Bulgaria,BGR,2004,-1.755
Bulgaria,BGR,2005,-1.876
Bulgaria,BGR,2006,-1.987
Bulgaria,BGR,2007,-2.157
Bulgaria,BGR,2008,-2.335
Bulgaria,BGR,2009,-2.545
Bulgaria,BGR,2010,-2.913
Bulgaria,BGR,2011,-3.165
Bulgaria,BGR,2012,-3.599
Bulgaria,BGR,2013,-0.182
Bulgaria,BGR,2014,-0.302
Bulgaria,BGR,2015,-0.589
Bulgaria,BGR,2016,-1.33
Bulgaria,BGR,2017,-0.863
Bulgaria,BGR,2018,-0.551
Bulgaria,BGR,2019,-0.309
Bulgaria,BGR,2020,4.351
Bulgaria,BGR,2021,1.709
Bulgaria,BGR,2022,3.882
Bulgaria,BGR,2023,0.761
Burkina Faso,BFA,1950,-4.282
Burkina Faso,BFA,1951,-4.308
Burkina Faso,BFA,1952,-4.561
Burkina Faso,BFA,1953,-5.075
Burkina Faso,BFA,1954,-4.89
Burkina Faso,BFA,1955,-4.861
Burkina Faso,BFA,1956,-4.803
Burkina Faso,BFA,1957,-4.829
Burkina Faso,BFA,1958,-5.519
Burkina Faso,BFA,1959,-4.763
Burkina Faso,BFA,1960,-4.859
Burkina Faso,BFA,1961,-5.092
Burkina Faso,BFA,1962,-5.293
Burkina Faso,BFA,1963,-5.283
Burkina Faso,BFA,1964,-5.188
Burkina Faso,BFA,1965,-4.929
Burkina Faso,BFA,1966,-5.212
Burkina Faso,BFA,1967,-4.965
Burkina Faso,BFA,1968,-5.068
Burkina Faso,BFA,1969,-5.152
Burkina Faso,BFA,1970,-5.139
Burkina Faso,BFA,1971,-6.048
Burkina Faso,BFA,1972,-5.799
Burkina Faso,BFA,1973,-5.828
Burkina Faso,BFA,1974,-5.079
Burkina Faso,BFA,1975,-4.959
Burkina Faso,BFA,1976,-4.106
Burkina Faso,BFA,1977,-2.942
Burkina Faso,BFA,1978,-2.924
Burkina Faso,BFA,1979,-2.744
Burkina Faso,BFA,1980,-2.209
Burkina Faso,BFA,1981,-2.493
Burkina Faso,BFA,1982,-2.163
Burkina Faso,BFA,1983,-1.539
Burkina Faso,BFA,1984,-1.601
Burkina Faso,BFA,1985,-2.078
Burkina Faso,BFA,1986,-3.044
Burkina Faso,BFA,1987,-3.439
Burkina Faso,BFA,1988,-3.461
Burkina Faso,BFA,1989,-3.569
Burkina Faso,BFA,1990,-3.6
Burkina Faso,BFA,1991,-5.37
Burkina Faso,BFA,1992,-4.674
Burkina Faso,BFA,1993,-4.435
Burkina Faso,BFA,1994,-3.71
Burkina Faso,BFA,1995,-3.749
Burkina Faso,BFA,1996,-4.159
Burkina Faso,BFA,1997,-3.402
Burkina Faso,BFA,1998,-0.477
Burkina Faso,BFA,1999,-0.166
Burkina Faso,BFA,2000,0.325
Burkina Faso,BFA,2001,0.867
Burkina Faso,BFA,2002,1.268
Burkina Faso,BFA,2003,1.174
Burkina Faso,BFA,2004,1.301
Burkina Faso,BFA,2005,0.703
Burkina Faso,BFA,2006,-0.293
Burkina Faso,BFA,2007,-1.903
Burkina Faso,BFA,2008,-2.669
Burkina Faso,BFA,2009,-2.556
Burkina Faso,BFA,2010,-2.6
Burkina Faso,BFA,2011,-2.004
Burkina Faso,BFA,2012,-1.219
Burkina Faso,BFA,2013,-1.877
Burkina Faso,BFA,2014,-0.987
Burkina Faso,BFA,2015,-1.05
Burkina Faso,BFA,2016,-0.393
Burkina Faso,BFA,2017,-0.743
Burkina Faso,BFA,2018,-1.171
Burkina Faso,BFA,2019,-1.204
Burkina Faso,BFA,2020,-0.264
Burkina Faso,BFA,2021,-0.595
Burkina Faso,BFA,2022,-1.109
Burkina Faso,BFA,2023,-1.084
Burundi,BDI,1950,-5.913
Burundi,BDI,1951,-5.726
Burundi,BDI,1952,-5.812
Burundi,BDI,1953,-6.207
Burundi,BDI,1954,-5.936
Burundi,BDI,1955,-5.842
Burundi,BDI,1956,-5.755
Burundi,BDI,1957,-5.753
Burundi,BDI,1958,-6.405
Burundi,BDI,1959,-5.459
Burundi,BDI,1960,-5.289
Burundi,BDI,1961,5.324
Burundi,BDI,1962,-5.288
Burundi,BDI,1963,-3.873
Burundi,BDI,1964,9.7
Burundi,BDI,1965,-4.44
Burundi,BDI,1966,1.635
Burundi,BDI,1967,-2.975
Burundi,BDI,1968,-1.75
Burundi,BDI,1969,-7.321
Burundi,BDI,1970,-1.797
Burundi,BDI,1971,-2.092
Burundi,BDI,1972,-32.749
Burundi,BDI,1973,0.787
Burundi,BDI,1974,2.718
Burundi,BDI,1975,-5.45
Burundi,BDI,1976,-3.309
Burundi,BDI,1977,0.473
Burundi,BDI,1978,2.011
Burundi,BDI,1979,-9.546
Burundi,BDI,1980,34.072
Burundi,BDI,1981,-12.861
Burundi,BDI,1982,-0.821
Burundi,BDI,1983,-8.684
Burundi,BDI,1984,-5.995
Burundi,BDI,1985,-13.225
Burundi,BDI,1986,-10.867
Burundi,BDI,1987,-4.036
Burundi,BDI,1988,-8.66
Burundi,BDI,1989,-7.961
Burundi,BDI,1990,-7.146
Burundi,BDI,1991,-6.879
Burundi,BDI,1992,6.106
Burundi,BDI,1993,-120.536
Burundi,BDI,1994,90.372
Burundi,BDI,1995,-13.962
Burundi,BDI,1996,-37.281
Burundi,BDI,1997,-13.859
Burundi,BDI,1998,2.237
Burundi,BDI,1999,-5.439
Burundi,BDI,2000,-6.187
Burundi,BDI,2001,1.502
Burundi,BDI,2002,-2.472
Burundi,BDI,2003,5.213
Burundi,BDI,2004,6.441
Burundi,BDI,2005,2.36
Burundi,BDI,2006,1.948
Burundi,BDI,2007,2.711
Burundi,BDI,2008,9.325
Burundi,BDI,2009,20.604
Burundi,BDI,2010,1.263
Burundi,BDI,2011,-2.008
Burundi,BDI,2012,2.246
Burundi,BDI,2013,-0.219
Burundi,BDI,2014,-0.635
Burundi,BDI,2015,-21.381
Burundi,BDI,2016,-9.724
Burundi,BDI,2017,-5.94
Burundi,BDI,2018,5.746
Burundi,BDI,2019,1.163
Burundi,BDI,2020,-0.808
Burundi,BDI,2021,-1.112
Burundi,BDI,2022,0.15
Burundi,BDI,2023,0.146
Cambodia,KHM,1950,0.424
Cambodia,KHM,1951,0.316
Cambodia,KHM,1952,0.021
Cambodia,KHM,1953,-1.022
Cambodia,KHM,1954,-0.933
Cambodia,KHM,1955,-1.011
Cambodia,KHM,1956,-1.082
Cambodia,KHM,1957,-1.254
Cambodia,KHM,1958,-2.087
Cambodia,KHM,1959,-1.175
Cambodia,KHM,1960,-0.98
Cambodia,KHM,1961,-0.855
Cambodia,KHM,1962,-0.628
Cambodia,KHM,1963,-2.736
Cambodia,KHM,1964,-2.778
Cambodia,KHM,1965,-2.788
Cambodia,KHM,1966,-2.776
Cambodia,KHM,1967,-2.682
Cambodia,KHM,1968,-2.744
Cambodia,KHM,1969,-2.676
Cambodia,KHM,1970,-29.071
Cambodia,KHM,1971,-12.118
Cambodia,KHM,1972,-6.108
Cambodia,KHM,1973,-6.24
Cambodia,KHM,1974,-6.667
Cambodia,KHM,1975,-7.25
Cambodia,KHM,1976,-8.597
Cambodia,KHM,1977,-9.792
Cambodia,KHM,1978,-16.251
Cambodia,KHM,1979,23.254
Cambodia,KHM,1980,-25.675
Cambodia,KHM,1981,-4.349
Cambodia,KHM,1982,-3.684
Cambodia,KHM,1983,8.237
Cambodia,KHM,1984,-4.986
Cambodia,KHM,1985,0.774
Cambodia,KHM,1986,6.898
Cambodia,KHM,1987,6.777
Cambodia,KHM,1988,-2.147
Cambodia,KHM,1989,7.793
Cambodia,KHM,1990,7.926
Cambodia,KHM,1991,7.58
Cambodia,KHM,1992,33.997
Cambodia,KHM,1993,21.805
Cambodia,KHM,1994,52.898
Cambodia,KHM,1995,50.211
Cambodia,KHM,1996,47.049
Cambodia,KHM,1997,43.621
Cambodia,KHM,1998,-2.802
Cambodia,KHM,1999,-3.881
Cambodia,KHM,2000,-4.089
Cambodia,KHM,2001,-4.251
Cambodia,KHM,2002,-4.297
Cambodia,KHM,2003,-4.37
Cambodia,KHM,2004,-4.453
Cambodia,KHM,2005,-4.5
Cambodia,KHM,2006,-4.422
Cambodia,KHM,2007,-4.96
Cambodia,KHM,2008,-3.615
Cambodia,KHM,2009,-3.457
Cambodia,KHM,2010,-3.433
Cambodia,KHM,2011,-3.46
Cambodia,KHM,2012,-3.538
Cambodia,KHM,2013,-3.596
Cambodia,KHM,2014,-3.672
Cambodia,KHM,2015,-3.719
Cambodia,KHM,2016,-3.238
Cambodia,KHM,2017,-4.626
Cambodia,KHM,2018,-5.327
Cambodia,KHM,2019,-3.475
Cambodia,KHM,2020,0
Cambodia,KHM,2021,-1.592
Cambodia,KHM,2022,-1.823
Cambodia,KHM,2023,-1.827
Cameroon,CMR,1950,0
Cameroon,CMR,1951,0
Cameroon,CMR,1952,0
Cameroon,CMR,1953,0
Cameroon,CMR,1954,0
Cameroon,CMR,1955,0
Cameroon,CMR,1956,0
Cameroon,CMR,1957,0
Cameroon,CMR,1958,0
Cameroon,CMR,1959,0
Cameroon,CMR,1960,0
Cameroon,CMR,1961,0
Cameroon,CMR,1962,0
Cameroon,CMR,1963,0
Cameroon,CMR,1964,0
Cameroon,CMR,1965,-0.007
Cameroon,CMR,1966,-0.016
Cameroon,CMR,1967,-0.025
Cameroon,CMR,1968,-0.033
Cameroon,CMR,1969,-0.046
Cameroon,CMR,1970,-0.057
Cameroon,CMR,1971,-0.066
Cameroon,CMR,1972,-0.069
Cameroon,CMR,1973,-0.067
Cameroon,CMR,1974,-0.052
Cameroon,CMR,1975,-0.032
Cameroon,CMR,1976,-2.631
Cameroon,CMR,1977,-2.645
Cameroon,CMR,1978,-0.16
Cameroon,CMR,1979,-1.469
Cameroon,CMR,1980,8.293
Cameroon,CMR,1981,3.158
Cameroon,CMR,1982,-15.503
Cameroon,CMR,1983,-4.053
Cameroon,CMR,1984,-0.371
Cameroon,CMR,1985,-0.369
Cameroon,CMR,1986,-0.365
Cameroon,CMR,1987,-0.369
Cameroon,CMR,1988,-1.499
Cameroon,CMR,1989,-1.022
Cameroon,CMR,1990,-0.72
Cameroon,CMR,1991,-1.245
Cameroon,CMR,1992,-1.141
Cameroon,CMR,1993,-0.777
Cameroon,CMR,1994,-0.947
Cameroon,CMR,1995,-0.97
Cameroon,CMR,1996,-0.95
Cameroon,CMR,1997,-1.005
Cameroon,CMR,1998,-0.88
Cameroon,CMR,1999,-1.198
Cameroon,CMR,2000,-1.423
Cameroon,CMR,2001,-1.254
Cameroon,CMR,2002,-0.685
Cameroon,CMR,2003,-1.149
Cameroon,CMR,2004,-1.171
Cameroon,CMR,2005,-1.627
Cameroon,CMR,2006,-1.625
Cameroon,CMR,2007,-0.599
Cameroon,CMR,2008,-0.577
Cameroon,CMR,2009,-0.534
Cameroon,CMR,2010,-0.476
Cameroon,CMR,2011,-0.626
Cameroon,CMR,2012,-0.362
Cameroon,CMR,2013,-0.322
Cameroon,CMR,2014,4.379
Cameroon,CMR,2015,1.845
Cameroon,CMR,2016,0.565
Cameroon,CMR,2017,-1.571
Cameroon,CMR,2018,-0.37
Cameroon,CMR,2019,-0.48
Cameroon,CMR,2020,-0.377
Cameroon,CMR,2021,-0.367
Cameroon,CMR,2022,-0.174
Cameroon,CMR,2023,-0.169
Canada,CAN,1950,4.387
Canada,CAN,1951,10.129
Canada,CAN,1952,10.245
Canada,CAN,1953,9.496
Canada,CAN,1954,8.348
Canada,CAN,1955,6.103
Canada,CAN,1956,10.263
Canada,CAN,1957,10.819
Canada,CAN,1958,6.417
Canada,CAN,1959,3.828
Canada,CAN,1960,2.776
Canada,CAN,1961,1.901
Canada,CAN,1962,1.9
Canada,CAN,1963,2.733
Canada,CAN,1964,3.52
Canada,CAN,1965,5.71
Canada,CAN,1966,7.213
Canada,CAN,1967,6.51
Canada,CAN,1968,5.25
Canada,CAN,1969,4.449
Canada,CAN,1970,14.208
Canada,CAN,1971,9.602
Canada,CAN,1972,4.043
Canada,CAN,1973,5.57
Canada,CAN,1974,6.817
Canada,CAN,1975,6.039
Canada,CAN,1976,4.557
Canada,CAN,1977,2.964
Canada,CAN,1978,2.201
Canada,CAN,1979,3.578
Canada,CAN,1980,5.003
Canada,CAN,1981,4.567
Canada,CAN,1982,3.562
Canada,CAN,1983,2.604
Canada,CAN,1984,2.181
Canada,CAN,1985,2.691
Canada,CAN,1986,4.652
Canada,CAN,1987,6.455
Canada,CAN,1988,8.839
Canada,CAN,1989,9.431
Canada,CAN,1990,6.53
Canada,CAN,1991,4.775
Canada,CAN,1992,4.846
Canada,CAN,1993,4.628
Canada,CAN,1994,4.627
Canada,CAN,1995,4.814
Canada,CAN,1996,5.192
Canada,CAN,1997,4.813
Canada,CAN,1998,4.693
Canada,CAN,1999,5.175
Canada,CAN,2000,6.53
Canada,CAN,2001,7.115
Canada,CAN,2002,6.598
Canada,CAN,2003,5.831
Canada,CAN,2004,6.056
Canada,CAN,2005,6.305
Canada,CAN,2006,6.172
Canada,CAN,2007,6.461
Canada,CAN,2008,7.118
Canada,CAN,2009,7.227
Canada,CAN,2010,6.59
Canada,CAN,2011,6.571
Canada,CAN,2012,6.98
Canada,CAN,2013,6.795
Canada,CAN,2014,5.413
Canada,CAN,2015,6.238
Canada,CAN,2016,9.063
Canada,CAN,2017,10.125
Canada,CAN,2018,11.268
Canada,CAN,2019,10.261
Canada,CAN,2020,6.722
Canada,CAN,2021,5.172
Canada,CAN,2022,11.849
Canada,CAN,2023,11.039
Cape Verde,CPV,1950,-14.516
Cape Verde,CPV,1951,-14.343
Cape Verde,CPV,1952,-15.383
Cape Verde,CPV,1953,-16.21
Cape Verde,CPV,1954,-16.724
Cape Verde,CPV,1955,-15.587
Cape Verde,CPV,1956,-15.669
Cape Verde,CPV,1957,-14.924
Cape Verde,CPV,1958,-13.457
Cape Verde,CPV,1959,-11.781
Cape Verde,CPV,1960,-10.794
Cape Verde,CPV,1961,0.228
Cape Verde,CPV,1962,4.074
Cape Verde,CPV,1963,4.12
Cape Verde,CPV,1964,4.245
Cape Verde,CPV,1965,4.464
Cape Verde,CPV,1966,4.862
Cape Verde,CPV,1967,5.264
Cape Verde,CPV,1968,5.63
Cape Verde,CPV,1969,5.758
Cape Verde,CPV,1970,0.597
Cape Verde,CPV,1971,-13.892
Cape Verde,CPV,1972,-21.238
Cape Verde,CPV,1973,-21.375
Cape Verde,CPV,1974,-21.522
Cape Verde,CPV,1975,-19.059
Cape Verde,CPV,1976,-20.646
Cape Verde,CPV,1977,-21.513
Cape Verde,CPV,1978,-21.613
Cape Verde,CPV,1979,-21.519
Cape Verde,CPV,1980,-18.497
Cape Verde,CPV,1981,-17.337
Cape Verde,CPV,1982,-16.918
Cape Verde,CPV,1983,-17.278
Cape Verde,CPV,1984,-17.62
Cape Verde,CPV,1985,-17.826
Cape Verde,CPV,1986,-17.922
Cape Verde,CPV,1987,-17.962
Cape Verde,CPV,1988,-17.868
Cape Verde,CPV,1989,-15.508
Cape Verde,CPV,1990,-6.387
Cape Verde,CPV,1991,-7.603
Cape Verde,CPV,1992,-8.213
Cape Verde,CPV,1993,-8.441
Cape Verde,CPV,1994,-8.042
Cape Verde,CPV,1995,-7.474
Cape Verde,CPV,1996,-7.747
Cape Verde,CPV,1997,-7.419
Cape Verde,CPV,1998,-7.576
Cape Verde,CPV,1999,-7.55
Cape Verde,CPV,2000,-6.115
Cape Verde,CPV,2001,-5.492
Cape Verde,CPV,2002,-5.89
Cape Verde,CPV,2003,-6.122
Cape Verde,CPV,2004,-6.244
Cape Verde,CPV,2005,-5.706
Cape Verde,CPV,2006,-4.907
Cape Verde,CPV,2007,-4.434
Cape Verde,CPV,2008,-4.667
Cape Verde,CPV,2009,-5.172
Cape Verde,CPV,2010,-9.943
Cape Verde,CPV,2011,-14.129
Cape Verde,CPV,2012,-13.241
Cape Verde,CPV,2013,-12.928
Cape Verde,CPV,2014,-12.839
Cape Verde,CPV,2015,-12.151
Cape Verde,CPV,2016,-11.714
Cape Verde,CPV,2017,-10.821
Cape Verde,CPV,2018,-9.113
Cape Verde,CPV,2019,-7.782
Cape Verde,CPV,2020,-6.532
Cape Verde,CPV,2021,0
Cape Verde,CPV,2022,-2.411
Cape Verde,CPV,2023,-2.347
Cayman Islands,CYM,1950,-0.428
Cayman Islands,CYM,1951,-0.981
Cayman Islands,CYM,1952,-1.929
Cayman Islands,CYM,1953,-2.7
Cayman Islands,CYM,1954,-2.78
Cayman Islands,CYM,1955,-2.21
Cayman Islands,CYM,1956,-1.786
Cayman Islands,CYM,1957,-2.378
Cayman Islands,CYM,1958,-2.829
Cayman Islands,CYM,1959,-2.661
Cayman Islands,CYM,1960,-2.848
Cayman Islands,CYM,1961,-0.814
Cayman Islands,CYM,1962,-0.683
Cayman Islands,CYM,1963,0.111
Cayman Islands,CYM,1964,1.745
Cayman Islands,CYM,1965,2.991
Cayman Islands,CYM,1966,3.87
Cayman Islands,CYM,1967,4.197
Cayman Islands,CYM,1968,3.911
Cayman Islands,CYM,1969,4.23
Cayman Islands,CYM,1970,27.955
Cayman Islands,CYM,1971,45.055
Cayman Islands,CYM,1972,31.878
Cayman Islands,CYM,1973,36.982
Cayman Islands,CYM,1974,37.593
Cayman Islands,CYM,1975,35.683
Cayman Islands,CYM,1976,33.487
Cayman Islands,CYM,1977,30.189
Cayman Islands,CYM,1978,26.26
Cayman Islands,CYM,1979,25.992
Cayman Islands,CYM,1980,34.428
Cayman Islands,CYM,1981,32.281
Cayman Islands,CYM,1982,33.548
Cayman Islands,CYM,1983,33.065
Cayman Islands,CYM,1984,31.729
Cayman Islands,CYM,1985,30.295
Cayman Islands,CYM,1986,29.239
Cayman Islands,CYM,1987,28.735
Cayman Islands,CYM,1988,26.972
Cayman Islands,CYM,1989,28.142
Cayman Islands,CYM,1990,38.386
Cayman Islands,CYM,1991,35.978
Cayman Islands,CYM,1992,35.638
Cayman Islands,CYM,1993,34.694
Cayman Islands,CYM,1994,33.236
Cayman Islands,CYM,1995,31.732
Cayman Islands,CYM,1996,30.05
Cayman Islands,CYM,1997,28.247
Cayman Islands,CYM,1998,26.38
Cayman Islands,CYM,1999,25.076
Cayman Islands,CYM,2000,25.735
Cayman Islands,CYM,2001,24.97
Cayman Islands,CYM,2002,23.969
Cayman Islands,CYM,2003,22.829
Cayman Islands,CYM,2004,22.138
Cayman Islands,CYM,2005,21.416
Cayman Islands,CYM,2006,20.671
Cayman Islands,CYM,2007,19.925
Cayman Islands,CYM,2008,19.061
Cayman Islands,CYM,2009,18.073
Cayman Islands,CYM,2010,18.078
Cayman Islands,CYM,2011,18.415
Cayman Islands,CYM,2012,18.552
Cayman Islands,CYM,2013,18.362
Cayman Islands,CYM,2014,18.368
Cayman Islands,CYM,2015,17.958
Cayman Islands,CYM,2016,17.337
Cayman Islands,CYM,2017,16.503
Cayman Islands,CYM,2018,15.332
Cayman Islands,CYM,2019,12.759
Cayman Islands,CYM,2020,11.793
Cayman Islands,CYM,2021,13.765
Cayman Islands,CYM,2022,13.158
Cayman Islands,CYM,2023,12.61
Central African Republic,CAF,1950,0
Central African Republic,CAF,1951,0
Central African Republic,CAF,1952,0
Central African Republic,CAF,1953,0
Central African Republic,CAF,1954,0
Central African Republic,CAF,1955,0
Central African Republic,CAF,1956,0
Central African Republic,CAF,1957,0
Central African Republic,CAF,1958,0.023
Central African Republic,CAF,1959,0.284
Central African Republic,CAF,1960,0.278
Central African Republic,CAF,1961,0.273
Central African Republic,CAF,1962,0.268
Central African Republic,CAF,1963,0.263
Central African Republic,CAF,1964,0.258
Central African Republic,CAF,1965,0.252
Central African Republic,CAF,1966,0.247
Central African Republic,CAF,1967,0.242
Central African Republic,CAF,1968,0.236
Central African Republic,CAF,1969,-0.039
Central African Republic,CAF,1970,-1.76
Central African Republic,CAF,1971,-3.39
Central African Republic,CAF,1972,-4.412
Central African Republic,CAF,1973,-4.403
Central African Republic,CAF,1974,-4.335
Central African Republic,CAF,1975,-4.276
Central African Republic,CAF,1976,-14.326
Central African Republic,CAF,1977,-15.079
Central African Republic,CAF,1978,-15.794
Central African Republic,CAF,1979,-16.441
Central African Republic,CAF,1980,-16.951
Central African Republic,CAF,1981,-17.298
Central African Republic,CAF,1982,-17.512
Central African Republic,CAF,1983,-17.648
Central African Republic,CAF,1984,-17.749
Central African Republic,CAF,1985,-17.85
Central African Republic,CAF,1986,-17.968
Central African Republic,CAF,1987,-17.769
Central African Republic,CAF,1988,-11.428
Central African Republic,CAF,1989,0.147
Central African Republic,CAF,1990,0.695
Central African Republic,CAF,1991,1.478
Central African Republic,CAF,1992,3.03
Central African Republic,CAF,1993,3.145
Central African Republic,CAF,1994,2.915
Central African Republic,CAF,1995,-3.879
Central African Republic,CAF,1996,0.785
Central African Republic,CAF,1997,0.576
Central African Republic,CAF,1998,1.234
Central African Republic,CAF,1999,1.685
Central African Republic,CAF,2000,2.108
Central African Republic,CAF,2001,-8.421
Central African Republic,CAF,2002,1.496
Central African Republic,CAF,2003,-4.411
Central African Republic,CAF,2004,-3.938
Central African Republic,CAF,2005,-3.172
Central African Republic,CAF,2006,-9.43
Central African Republic,CAF,2007,-6.801
Central African Republic,CAF,2008,-6.357
Central African Republic,CAF,2009,-6.381
Central African Republic,CAF,2010,-9.598
Central African Republic,CAF,2011,-18.9
Central African Republic,CAF,2012,-24.239
Central African Republic,CAF,2013,-24.208
Central African Republic,CAF,2014,-37.647
Central African Republic,CAF,2015,-13.619
Central African Republic,CAF,2016,-11.161
Central African Republic,CAF,2017,-12.221
Central African Republic,CAF,2018,-10.854
Central African Republic,CAF,2019,-7.452
Central African Republic,CAF,2020,-4.923
Central African Republic,CAF,2021,-16.753
Central African Republic,CAF,2022,-3.419
Central African Republic,CAF,2023,-2.849
Chad,TCD,1950,0.094
Chad,TCD,1951,0.051
Chad,TCD,1952,0.011
Chad,TCD,1953,-0.011
Chad,TCD,1954,-0.048
Chad,TCD,1955,-0.086
Chad,TCD,1956,-0.12
Chad,TCD,1957,-0.153
Chad,TCD,1958,-0.179
Chad,TCD,1959,-0.203
Chad,TCD,1960,-0.22
Chad,TCD,1961,-0.244
Chad,TCD,1962,-0.28
Chad,TCD,1963,-0.379
Chad,TCD,1964,-0.761
Chad,TCD,1965,-1.299
Chad,TCD,1966,-1.826
Chad,TCD,1967,-2.215
Chad,TCD,1968,-2.346
Chad,TCD,1969,-2.387
Chad,TCD,1970,-2.396
Chad,TCD,1971,-2.404
Chad,TCD,1972,-2.447
Chad,TCD,1973,-2.694
Chad,TCD,1974,-3.846
Chad,TCD,1975,-5.463
Chad,TCD,1976,-6.999
Chad,TCD,1977,-7.923
Chad,TCD,1978,-7.901
Chad,TCD,1979,-2.214
Chad,TCD,1980,-46.535
Chad,TCD,1981,-2.927
Chad,TCD,1982,45.846
Chad,TCD,1983,0.05
Chad,TCD,1984,-32.603
Chad,TCD,1985,-6.021
Chad,TCD,1986,8.016
Chad,TCD,1987,4.27
Chad,TCD,1988,2.859
Chad,TCD,1989,0.846
Chad,TCD,1990,-9.842
Chad,TCD,1991,18.127
Chad,TCD,1992,0.929
Chad,TCD,1993,-22.082
Chad,TCD,1994,0.145
Chad,TCD,1995,21.474
Chad,TCD,1996,0.17
Chad,TCD,1997,0.473
Chad,TCD,1998,0.281
Chad,TCD,1999,2.089
Chad,TCD,2000,-0.452
Chad,TCD,2001,0.396
Chad,TCD,2002,2.238
Chad,TCD,2003,11.082
Chad,TCD,2004,11.128
Chad,TCD,2005,1.867
Chad,TCD,2006,2.153
Chad,TCD,2007,-1.023
Chad,TCD,2008,3.176
Chad,TCD,2009,0.766
Chad,TCD,2010,0.847
Chad,TCD,2011,2.294
Chad,TCD,2012,0.72
Chad,TCD,2013,3.79
Chad,TCD,2014,1.469
Chad,TCD,2015,-3.34
Chad,TCD,2016,1.425
Chad,TCD,2017,1.083
Chad,TCD,2018,2.888
Chad,TCD,2019,-1.765
Chad,TCD,2020,2.125
Chad,TCD,2021,4.179
Chad,TCD,2022,1.987
Chad,TCD,2023,25.717
Chile,CHL,1950,-3.825
Chile,CHL,1951,-3.701
Chile,CHL,1952,-3.599
Chile,CHL,1953,-3.525
Chile,CHL,1954,-3.463
Chile,CHL,1955,-3.411
Chile,CHL,1956,-3.367
Chile,CHL,1957,-3.338
Chile,CHL,1958,-3.325
Chile,CHL,1959,-3.323
Chile,CHL,1960,-3.334
Chile,CHL,1961,-3.262
Chile,CHL,1962,-3.298
Chile,CHL,1963,-3.354
Chile,CHL,1964,-3.535
Chile,CHL,1965,-3.771
Chile,CHL,1966,-3.969
Chile,CHL,1967,-4.082
Chile,CHL,1968,-4.017
Chile,CHL,1969,-3.82
Chile,CHL,1970,-3.665
Chile,CHL,1971,-3.411
Chile,CHL,1972,-3.202
Chile,CHL,1973,-3.083
Chile,CHL,1974,-2.971
Chile,CHL,1975,-2.86
Chile,CHL,1976,-2.765
Chile,CHL,1977,-2.694
Chile,CHL,1978,-2.653
Chile,CHL,1979,-2.634
Chile,CHL,1980,-2.438
Chile,CHL,1981,-2.406
Chile,CHL,1982,-2.249
Chile,CHL,1983,-1.945
Chile,CHL,1984,-1.736
Chile,CHL,1985,-1.456
Chile,CHL,1986,-1.362
Chile,CHL,1987,-0.935
Chile,CHL,1988,-0.702
Chile,CHL,1989,-0.468
Chile,CHL,1990,-0.095
Chile,CHL,1991,-0.162
Chile,CHL,1992,0
Chile,CHL,1993,0.083
Chile,CHL,1994,0.135
Chile,CHL,1995,0.169
Chile,CHL,1996,0.2
Chile,CHL,1997,0.235
Chile,CHL,1998,0.726
Chile,CHL,1999,0.537
Chile,CHL,2000,0.456
Chile,CHL,2001,0.405
Chile,CHL,2002,0.493
Chile,CHL,2003,0.576
Chile,CHL,2004,0.71
Chile,CHL,2005,0.874
Chile,CHL,2006,1.047
Chile,CHL,2007,1.21
Chile,CHL,2008,1.335
Chile,CHL,2009,1.43
Chile,CHL,2010,1.516
Chile,CHL,2011,1.619
Chile,CHL,2012,1.762
Chile,CHL,2013,2.065
Chile,CHL,2014,2.95
Chile,CHL,2015,3.086
Chile,CHL,2016,7.438
Chile,CHL,2017,11.888
Chile,CHL,2018,12.587
Chile,CHL,2019,9.446
Chile,CHL,2020,1.344
Chile,CHL,2021,3.365
Chile,CHL,2022,3.037
Chile,CHL,2023,3.188
China,CHN,1950,-0.038
China,CHN,1951,-0.025
China,CHN,1952,-0.016
China,CHN,1953,-0.01
China,CHN,1954,-0.006
China,CHN,1955,-0.004
China,CHN,1956,-0.003
China,CHN,1957,-0.003
China,CHN,1958,-0.004
China,CHN,1959,-0.013
China,CHN,1960,-0.026
China,CHN,1961,-0.039
China,CHN,1962,-0.047
China,CHN,1963,-0.046
China,CHN,1964,-1.774
China,CHN,1965,-0.181
China,CHN,1966,0.006
China,CHN,1967,1.638
China,CHN,1968,-0.048
China,CHN,1969,-0.091
China,CHN,1970,-0.154
China,CHN,1971,-0.213
China,CHN,1972,-0.25
China,CHN,1973,-0.244
China,CHN,1974,-0.195
China,CHN,1975,-0.126
China,CHN,1976,-0.059
China,CHN,1977,-0.016
China,CHN,1978,-0.01
China,CHN,1979,-0.014
China,CHN,1980,-0.02
China,CHN,1981,-0.028
China,CHN,1982,-0.036
China,CHN,1983,-0.043
China,CHN,1984,-0.05
China,CHN,1985,-0.057
China,CHN,1986,-0.074
China,CHN,1987,-0.154
China,CHN,1988,-0.253
China,CHN,1989,-0.276
China,CHN,1990,-0.01
China,CHN,1991,-0.465
China,CHN,1992,-0.121
China,CHN,1993,-0.312
China,CHN,1994,-0.599
China,CHN,1995,-0.3
China,CHN,1996,-0.204
China,CHN,1997,-0.225
China,CHN,1998,-0.032
China,CHN,1999,-0.076
China,CHN,2000,-0.049
China,CHN,2001,-0.138
China,CHN,2002,-0.592
China,CHN,2003,-0.474
China,CHN,2004,-0.592
China,CHN,2005,-0.079
China,CHN,2006,-0.576
China,CHN,2007,-0.786
China,CHN,2008,-0.573
China,CHN,2009,-0.132
China,CHN,2010,-0.136
China,CHN,2011,-0.306
China,CHN,2012,-0.043
China,CHN,2013,-0.137
China,CHN,2014,-0.267
China,CHN,2015,-0.463
China,CHN,2016,-0.109
China,CHN,2017,-0.067
China,CHN,2018,-0.14
China,CHN,2019,-0.461
China,CHN,2020,-0.064
China,CHN,2021,-0.266
China,CHN,2022,-0.206
China,CHN,2023,-0.399
Colombia,COL,1950,-3.001
Colombia,COL,1951,-2.976
Colombia,COL,1952,-3.204
Colombia,COL,1953,-3.727
Colombia,COL,1954,-3.563
Colombia,COL,1955,-3.562
Colombia,COL,1956,-3.549
Colombia,COL,1957,-3.623
Colombia,COL,1958,-4.344
Colombia,COL,1959,-3.378
Colombia,COL,1960,-3.147
Colombia,COL,1961,-2.973
Colombia,COL,1962,-3.019
Colombia,COL,1963,-3.075
Colombia,COL,1964,-3.06
Colombia,COL,1965,-2.854
Colombia,COL,1966,-3.176
Colombia,COL,1967,-2.977
Colombia,COL,1968,-3.108
Colombia,COL,1969,-3.166
Colombia,COL,1970,-3.174
Colombia,COL,1971,-3.974
Colombia,COL,1972,-3.561
Colombia,COL,1973,-3.388
Colombia,COL,1974,-3.539
Colombia,COL,1975,-3.618
Colombia,COL,1976,-4.11
Colombia,COL,1977,-2.773
Colombia,COL,1978,-2.72
Colombia,COL,1979,-2.495
Colombia,COL,1980,-1.693
Colombia,COL,1981,-1.885
Colombia,COL,1982,-1.357
Colombia,COL,1983,-0.476
Colombia,COL,1984,-0.653
Colombia,COL,1985,-0.731
Colombia,COL,1986,-1.418
Colombia,COL,1987,-1.182
Colombia,COL,1988,-0.805
Colombia,COL,1989,-0.671
Colombia,COL,1990,-0.234
Colombia,COL,1991,-1.464
Colombia,COL,1992,-0.449
Colombia,COL,1993,-0.874
Colombia,COL,1994,-0.456
Colombia,COL,1995,-0.924
Colombia,COL,1996,-0.775
Colombia,COL,1997,-0.636
Colombia,COL,1998,-0.217
Colombia,COL,1999,-0.59
Colombia,COL,2000,-0.713
Colombia,COL,2001,-0.72
Colombia,COL,2002,-0.605
Colombia,COL,2003,-0.809
Colombia,COL,2004,-0.625
Colombia,COL,2005,-0.984
Colombia,COL,2006,-0.921
Colombia,COL,2007,-1.148
Colombia,COL,2008,-1.447
Colombia,COL,2009,-1.059
Colombia,COL,2010,-0.764
Colombia,COL,2011,-1.025
Colombia,COL,2012,-1.226
Colombia,COL,2013,-1.404
Colombia,COL,2014,-1.45
Colombia,COL,2015,-0.876
Colombia,COL,2016,2.2
Colombia,COL,2017,8.956
Colombia,COL,2018,10.108
Colombia,COL,2019,7.951
Colombia,COL,2020,4.486
Colombia,COL,2021,3.889
Colombia,COL,2022,3.541
Colombia,COL,2023,2.953
Comoros,COM,1950,5.045
Comoros,COM,1951,2.918
Comoros,COM,1952,0.817
Comoros,COM,1953,-0.782
Comoros,COM,1954,-2.492
Comoros,COM,1955,-3.909
Comoros,COM,1956,-5.11
Comoros,COM,1957,-2.873
Comoros,COM,1958,-2.529
Comoros,COM,1959,-7.211
Comoros,COM,1960,-7.112
Comoros,COM,1961,-7.545
Comoros,COM,1962,-8.144
Comoros,COM,1963,-8.473
Comoros,COM,1964,-9.091
Comoros,COM,1965,-10.518
Comoros,COM,1966,-6.439
Comoros,COM,1967,2.077
Comoros,COM,1968,2.571
Comoros,COM,1969,3.245
Comoros,COM,1970,3.956
Comoros,COM,1971,4.828
Comoros,COM,1972,5.618
Comoros,COM,1973,6.264
Comoros,COM,1974,6.617
Comoros,COM,1975,6.903
Comoros,COM,1976,5.327
Comoros,COM,1977,4.477
Comoros,COM,1978,2.861
Comoros,COM,1979,1.428
Comoros,COM,1980,-1.019
Comoros,COM,1981,-2.876
Comoros,COM,1982,-2.982
Comoros,COM,1983,-3.055
Comoros,COM,1984,-3.334
Comoros,COM,1985,-3.448
Comoros,COM,1986,-3.761
Comoros,COM,1987,-4.11
Comoros,COM,1988,-4.344
Comoros,COM,1989,-4.295
Comoros,COM,1990,-4.816
Comoros,COM,1991,-7.294
Comoros,COM,1992,-11.176
Comoros,COM,1993,-10.969
Comoros,COM,1994,-10.42
Comoros,COM,1995,-10.092
Comoros,COM,1996,-9.627
Comoros,COM,1997,-8.878
Comoros,COM,1998,-8.119
Comoros,COM,1999,-6.636
Comoros,COM,2000,-4.77
Comoros,COM,2001,-3.708
Comoros,COM,2002,-3.444
Comoros,COM,2003,-7.217
Comoros,COM,2004,-4.228
Comoros,COM,2005,-4.657
Comoros,COM,2006,-4.994
Comoros,COM,2007,-5.101
Comoros,COM,2008,-5.234
Comoros,COM,2009,-5.535
Comoros,COM,2010,-5.852
Comoros,COM,2011,-5.833
Comoros,COM,2012,-5.626
Comoros,COM,2013,-3.397
Comoros,COM,2014,-3.748
Comoros,COM,2015,-3.874
Comoros,COM,2016,-3.961
Comoros,COM,2017,-3.859
Comoros,COM,2018,-3.781
Comoros,COM,2019,-3.707
Comoros,COM,2020,-2.202
Comoros,COM,2021,-2.158
Comoros,COM,2022,-2.4
Comoros,COM,2023,-2.354
Congo,COG,1950,0
Congo,COG,1951,0
Congo,COG,1952,0
Congo,COG,1953,0
Congo,COG,1954,0
Congo,COG,1955,0
Congo,COG,1956,0
Congo,COG,1957,0
Congo,COG,1958,0
Congo,COG,1959,0
Congo,COG,1960,0
Congo,COG,1961,0
Congo,COG,1962,0
Congo,COG,1963,0
Congo,COG,1964,0
Congo,COG,1965,0
Congo,COG,1966,0
Congo,COG,1967,0
Congo,COG,1968,0
Congo,COG,1969,0
Congo,COG,1970,0
Congo,COG,1971,0
Congo,COG,1972,0
Congo,COG,1973,-0.014
Congo,COG,1974,-0.197
Congo,COG,1975,-6.726
Congo,COG,1976,-7.18
Congo,COG,1977,-7.422
Congo,COG,1978,-7.64
Congo,COG,1979,-8.039
Congo,COG,1980,-8.186
Congo,COG,1981,-8.359
Congo,COG,1982,-8.723
Congo,COG,1983,-9.598
Congo,COG,1984,0
Congo,COG,1985,0.088
Congo,COG,1986,0.173
Congo,COG,1987,0.24
Congo,COG,1988,0.01
Congo,COG,1989,0.525
Congo,COG,1990,-0.166
Congo,COG,1991,0.803
Congo,COG,1992,0
Congo,COG,1993,3.937
Congo,COG,1994,0.692
Congo,COG,1995,1.363
Congo,COG,1996,0.384
Congo,COG,1997,-7.169
Congo,COG,1998,3.557
Congo,COG,1999,0.814
Congo,COG,2000,25.316
Congo,COG,2001,-0.233
Congo,COG,2002,-4.817
Congo,COG,2003,7.627
Congo,COG,2004,7.127
Congo,COG,2005,10.371
Congo,COG,2006,9.245
Congo,COG,2007,7.848
Congo,COG,2008,0.431
Congo,COG,2009,20.091
Congo,COG,2010,2.76
Congo,COG,2011,1.142
Congo,COG,2012,-5.62
Congo,COG,2013,-5.066
Congo,COG,2014,-4.34
Congo,COG,2015,-3.572
Congo,COG,2016,-2.831
Congo,COG,2017,-2.168
Congo,COG,2018,-1.615
Congo,COG,2019,-1.116
Congo,COG,2020,-0.777
Congo,COG,2021,-0.76
Congo,COG,2022,-0.165
Congo,COG,2023,-0.161
Cook Islands,COK,1950,7.487
Cook Islands,COK,1951,-2.923
Cook Islands,COK,1952,-6.649
Cook Islands,COK,1953,-7.881
Cook Islands,COK,1954,-8.371
Cook Islands,COK,1955,-9.773
Cook Islands,COK,1956,-13.205
Cook Islands,COK,1957,-13.663
Cook Islands,COK,1958,-13.26
Cook Islands,COK,1959,-11.855
Cook Islands,COK,1960,-10.362
Cook Islands,COK,1961,-13.748
Cook Islands,COK,1962,-26.471
Cook Islands,COK,1963,-25.512
Cook Islands,COK,1964,-24.266
Cook Islands,COK,1965,-22.258
Cook Islands,COK,1966,-18.407
Cook Islands,COK,1967,-13.66
Cook Islands,COK,1968,-12.593
Cook Islands,COK,1969,-11.254
Cook Islands,COK,1970,-10.542
Cook Islands,COK,1971,-12.555
Cook Islands,COK,1972,-55.033
Cook Islands,COK,1973,-57.559
Cook Islands,COK,1974,-58.748
Cook Islands,COK,1975,-59.111
Cook Islands,COK,1976,-56.061
Cook Islands,COK,1977,-23.227
Cook Islands,COK,1978,-24.258
Cook Islands,COK,1979,-25.368
Cook Islands,COK,1980,-25.881
Cook Islands,COK,1981,-26.243
Cook Islands,COK,1982,-30.393
Cook Islands,COK,1983,-32.582
Cook Islands,COK,1984,-34.462
Cook Islands,COK,1985,-35.884
Cook Islands,COK,1986,-34.515
Cook Islands,COK,1987,-10.617
Cook Islands,COK,1988,-11.461
Cook Islands,COK,1989,-12.108
Cook Islands,COK,1990,-12.675
Cook Islands,COK,1991,-13.288
Cook Islands,COK,1992,-16.37
Cook Islands,COK,1993,-17.565
Cook Islands,COK,1994,-17.582
Cook Islands,COK,1995,-17.266
Cook Islands,COK,1996,-17.866
Cook Islands,COK,1997,-47.838
Cook Islands,COK,1998,-52.286
Cook Islands,COK,1999,-54.479
Cook Islands,COK,2000,-56.766
Cook Islands,COK,2001,-55.071
Cook Islands,COK,2002,-9.487
Cook Islands,COK,2003,-9.649
Cook Islands,COK,2004,-9.551
Cook Islands,COK,2005,-9.318
Cook Islands,COK,2006,-6.511
Cook Islands,COK,2007,19.426
Cook Islands,COK,2008,19.273
Cook Islands,COK,2009,19.181
Cook Islands,COK,2010,18.85
Cook Islands,COK,2011,16.099
Cook Islands,COK,2012,-12.797
Cook Islands,COK,2013,-13.121
Cook Islands,COK,2014,-13.29
Cook Islands,COK,2015,-13.757
Cook Islands,COK,2016,-15.347
Cook Islands,COK,2017,-33.554
Cook Islands,COK,2018,-35.068
Cook Islands,COK,2019,-36.208
Cook Islands,COK,2020,-37.268
Cook Islands,COK,2021,-33.591
Cook Islands,COK,2022,-37.967
Cook Islands,COK,2023,-39.235
Costa Rica,CRI,1950,0.421
Costa Rica,CRI,1951,0.485
Costa Rica,CRI,1952,0.542
Costa Rica,CRI,1953,0.584
Costa Rica,CRI,1954,0.637
Costa Rica,CRI,1955,0.665
Costa Rica,CRI,1956,0.688
Costa Rica,CRI,1957,0.694
Costa Rica,CRI,1958,0.691
Costa Rica,CRI,1959,0.687
Costa Rica,CRI,1960,0.686
Costa Rica,CRI,1961,0.671
Costa Rica,CRI,1962,0.653
Costa Rica,CRI,1963,0.633
Costa Rica,CRI,1964,0.609
Costa Rica,CRI,1965,0.588
Costa Rica,CRI,1966,0.568
Costa Rica,CRI,1967,0.548
Costa Rica,CRI,1968,0.54
Costa Rica,CRI,1969,0.568
Costa Rica,CRI,1970,0.618
Costa Rica,CRI,1971,0.686
Costa Rica,CRI,1972,0.705
Costa Rica,CRI,1973,0.738
Costa Rica,CRI,1974,0.902
Costa Rica,CRI,1975,0.952
Costa Rica,CRI,1976,0.991
Costa Rica,CRI,1977,1.01
Costa Rica,CRI,1978,1.014
Costa Rica,CRI,1979,1.01
Costa Rica,CRI,1980,0.998
Costa Rica,CRI,1981,0.99
Costa Rica,CRI,1982,0.972
Costa Rica,CRI,1983,0.944
Costa Rica,CRI,1984,0.9
Costa Rica,CRI,1985,0.86
Costa Rica,CRI,1986,0.817
Costa Rica,CRI,1987,0.784
Costa Rica,CRI,1988,0.813
Costa Rica,CRI,1989,1.235
Costa Rica,CRI,1990,2.546
Costa Rica,CRI,1991,3.359
Costa Rica,CRI,1992,3.979
Costa Rica,CRI,1993,4.285
Costa Rica,CRI,1994,4.517
Costa Rica,CRI,1995,4.698
Costa Rica,CRI,1996,4.806
Costa Rica,CRI,1997,4.58
Costa Rica,CRI,1998,4.112
Costa Rica,CRI,1999,3.432
Costa Rica,CRI,2000,2.241
Costa Rica,CRI,2001,1.776
Costa Rica,CRI,2002,1.426
Costa Rica,CRI,2003,1.26
Costa Rica,CRI,2004,1.156
Costa Rica,CRI,2005,1.072
Costa Rica,CRI,2006,1
Costa Rica,CRI,2007,0.931
Costa Rica,CRI,2008,0.854
Costa Rica,CRI,2009,0.763
Costa Rica,CRI,2010,0.517
Costa Rica,CRI,2011,0.368
Costa Rica,CRI,2012,0.34
Costa Rica,CRI,2013,0.335
Costa Rica,CRI,2014,0.333
Costa Rica,CRI,2015,0.336
Costa Rica,CRI,2016,0.339
Costa Rica,CRI,2017,0.34
Costa Rica,CRI,2018,0.337
Costa Rica,CRI,2019,0.331
Costa Rica,CRI,2020,0.204
Costa Rica,CRI,2021,0.201
Costa Rica,CRI,2022,0.198
Costa Rica,CRI,2023,0.195
Cote d'Ivoire,CIV,1950,6.044
Cote d'Ivoire,CIV,1951,5.261
Cote d'Ivoire,CIV,1952,4.839
Cote d'Ivoire,CIV,1953,4.707
Cote d'Ivoire,CIV,1954,4.792
Cote d'Ivoire,CIV,1955,5.036
Cote d'Ivoire,CIV,1956,5.373
Cote d'Ivoire,CIV,1957,5.758
Cote d'Ivoire,CIV,1958,6.239
Cote d'Ivoire,CIV,1959,7.275
Cote d'Ivoire,CIV,1960,8.522
Cote d'Ivoire,CIV,1961,9.556
Cote d'Ivoire,CIV,1962,10.025
Cote d'Ivoire,CIV,1963,9.758
Cote d'Ivoire,CIV,1964,9.388
Cote d'Ivoire,CIV,1965,9.032
Cote d'Ivoire,CIV,1966,8.69
Cote d'Ivoire,CIV,1967,8.36
Cote d'Ivoire,CIV,1968,8.256
Cote d'Ivoire,CIV,1969,9.282
Cote d'Ivoire,CIV,1970,10.881
Cote d'Ivoire,CIV,1971,12.339
Cote d'Ivoire,CIV,1972,13.065
Cote d'Ivoire,CIV,1973,12.767
Cote d'Ivoire,CIV,1974,12.271
Cote d'Ivoire,CIV,1975,11.771
Cote d'Ivoire,CIV,1976,1.804
Cote d'Ivoire,CIV,1977,3.066
Cote d'Ivoire,CIV,1978,4.185
Cote d'Ivoire,CIV,1979,5.107
Cote d'Ivoire,CIV,1980,5.721
Cote d'Ivoire,CIV,1981,6.002
Cote d'Ivoire,CIV,1982,5.993
Cote d'Ivoire,CIV,1983,5.785
Cote d'Ivoire,CIV,1984,5.45
Cote d'Ivoire,CIV,1985,5.067
Cote d'Ivoire,CIV,1986,4.62
Cote d'Ivoire,CIV,1987,4.149
Cote d'Ivoire,CIV,1988,4.717
Cote d'Ivoire,CIV,1989,5.744
Cote d'Ivoire,CIV,1990,6.561
Cote d'Ivoire,CIV,1991,7.271
Cote d'Ivoire,CIV,1992,7.879
Cote d'Ivoire,CIV,1993,8.242
Cote d'Ivoire,CIV,1994,8.416
Cote d'Ivoire,CIV,1995,8.381
Cote d'Ivoire,CIV,1996,8.131
Cote d'Ivoire,CIV,1997,7.755
Cote d'Ivoire,CIV,1998,6.599
Cote d'Ivoire,CIV,1999,-2.485
Cote d'Ivoire,CIV,2000,-3.607
Cote d'Ivoire,CIV,2001,-4.218
Cote d'Ivoire,CIV,2002,-4.851
Cote d'Ivoire,CIV,2003,-5.222
Cote d'Ivoire,CIV,2004,-5.556
Cote d'Ivoire,CIV,2005,-5.847
Cote d'Ivoire,CIV,2006,-6.067
Cote d'Ivoire,CIV,2007,-6.185
Cote d'Ivoire,CIV,2008,-6.974
Cote d'Ivoire,CIV,2009,-7.638
Cote d'Ivoire,CIV,2010,-8.124
Cote d'Ivoire,CIV,2011,-8.703
Cote d'Ivoire,CIV,2012,-9.917
Cote d'Ivoire,CIV,2013,-10.483
Cote d'Ivoire,CIV,2014,-0.938
Cote d'Ivoire,CIV,2015,0.021
Cote d'Ivoire,CIV,2016,0.714
Cote d'Ivoire,CIV,2017,-0.03
Cote d'Ivoire,CIV,2018,0.196
Cote d'Ivoire,CIV,2019,0.072
Cote d'Ivoire,CIV,2020,-0.428
Cote d'Ivoire,CIV,2021,0.045
Cote d'Ivoire,CIV,2022,0.881
Cote d'Ivoire,CIV,2023,0.193
Croatia,HRV,1950,0
Croatia,HRV,1951,0
Croatia,HRV,1952,0
Croatia,HRV,1953,0
Croatia,HRV,1954,-3.855
Croatia,HRV,1955,-4.638
Croatia,HRV,1956,-4.699
Croatia,HRV,1957,-4.374
Croatia,HRV,1958,-4.168
Croatia,HRV,1959,-4.77
Croatia,HRV,1960,-5.183
Croatia,HRV,1961,-1.555
Croatia,HRV,1962,-0.511
Croatia,HRV,1963,-0.301
Croatia,HRV,1964,-0.484
Croatia,HRV,1965,-1.209
Croatia,HRV,1966,-1.45
Croatia,HRV,1967,-0.799
Croatia,HRV,1968,-0.633
Croatia,HRV,1969,-0.629
Croatia,HRV,1970,-0.529
Croatia,HRV,1971,-1.252
Croatia,HRV,1972,-1.618
Croatia,HRV,1973,-1.846
Croatia,HRV,1974,-1.781
Croatia,HRV,1975,-1.618
Croatia,HRV,1976,-1.619
Croatia,HRV,1977,-1.599
Croatia,HRV,1978,-1.59
Croatia,HRV,1979,-1.241
Croatia,HRV,1980,-1.181
Croatia,HRV,1981,1.045
Croatia,HRV,1982,1.594
Croatia,HRV,1983,1.342
Croatia,HRV,1984,1.216
Croatia,HRV,1985,1.167
Croatia,HRV,1986,1.312
Croatia,HRV,1987,1.452
Croatia,HRV,1988,1.507
Croatia,HRV,1989,1.757
Croatia,HRV,1990,1.973
Croatia,HRV,1991,-6.625
Croatia,HRV,1992,-10.009
Croatia,HRV,1993,-10.49
Croatia,HRV,1994,-10.789
Croatia,HRV,1995,-11.231
Croatia,HRV,1996,-11.768
Croatia,HRV,1997,-11.743
Croatia,HRV,1998,-10.782
Croatia,HRV,1999,-10.812
Croatia,HRV,2000,-11.01
Croatia,HRV,2001,4.487
Croatia,HRV,2002,2.394
Croatia,HRV,2003,2.915
Croatia,HRV,2004,3.583
Croatia,HRV,2005,2.464
Croatia,HRV,2006,2.514
Croatia,HRV,2007,2.06
Croatia,HRV,2008,1.505
Croatia,HRV,2009,0.315
Croatia,HRV,2010,-0.929
Croatia,HRV,2011,-4.079
Croatia,HRV,2012,-1.126
Croatia,HRV,2013,-1.472
Croatia,HRV,2014,-3.111
Croatia,HRV,2015,-6.573
Croatia,HRV,2016,-7.771
Croatia,HRV,2017,-10.923
Croatia,HRV,2018,-6.215
Croatia,HRV,2019,-3.321
Croatia,HRV,2020,-2.163
Croatia,HRV,2021,-1.151
Croatia,HRV,2022,2.99
Croatia,HRV,2023,2.619
Cuba,CUB,1950,-1.028
Cuba,CUB,1951,-0.958
Cuba,CUB,1952,-0.949
Cuba,CUB,1953,-0.992
Cuba,CUB,1954,-1.077
Cuba,CUB,1955,-1.198
Cuba,CUB,1956,-1.345
Cuba,CUB,1957,-1.511
Cuba,CUB,1958,-1.773
Cuba,CUB,1959,-2.508
Cuba,CUB,1960,-3.509
Cuba,CUB,1961,-4.489
Cuba,CUB,1962,-5.187
Cuba,CUB,1963,-5.451
Cuba,CUB,1964,-5.645
Cuba,CUB,1965,-5.813
Cuba,CUB,1966,-5.92
Cuba,CUB,1967,-5.933
Cuba,CUB,1968,-5.804
Cuba,CUB,1969,-5.475
Cuba,CUB,1970,-5.039
Cuba,CUB,1971,-4.795
Cuba,CUB,1972,-5.484
Cuba,CUB,1973,-5.626
Cuba,CUB,1974,-5.622
Cuba,CUB,1975,-4.881
Cuba,CUB,1976,-4.288
Cuba,CUB,1977,-3.815
Cuba,CUB,1978,-3.072
Cuba,CUB,1979,-3.633
Cuba,CUB,1980,-3.785
Cuba,CUB,1981,-2.25
Cuba,CUB,1982,-2.124
Cuba,CUB,1983,-2.001
Cuba,CUB,1984,-1.886
Cuba,CUB,1985,-1.777
Cuba,CUB,1986,-1.674
Cuba,CUB,1987,-1.576
Cuba,CUB,1988,-1.483
Cuba,CUB,1989,-1.396
Cuba,CUB,1990,-1.452
Cuba,CUB,1991,-1.928
Cuba,CUB,1992,-2.027
Cuba,CUB,1993,-2.247
Cuba,CUB,1994,-2.526
Cuba,CUB,1995,-2.676
Cuba,CUB,1996,-2.381
Cuba,CUB,1997,-3.247
Cuba,CUB,1998,-3.069
Cuba,CUB,1999,-2.841
Cuba,CUB,2000,-2.249
Cuba,CUB,2001,-2.104
Cuba,CUB,2002,-2.285
Cuba,CUB,2003,-2.223
Cuba,CUB,2004,-1.493
Cuba,CUB,2005,-1.47
Cuba,CUB,2006,-1.119
Cuba,CUB,2007,-1.688
Cuba,CUB,2008,-2.606
Cuba,CUB,2009,-3.104
Cuba,CUB,2010,-3.02
Cuba,CUB,2011,-3.125
Cuba,CUB,2012,-3.194
Cuba,CUB,2013,-3.33
Cuba,CUB,2014,-3.493
Cuba,CUB,2015,-2.209
Cuba,CUB,2016,-2.143
Cuba,CUB,2017,-2.08
Cuba,CUB,2018,-2.118
Cuba,CUB,2019,-2.138
Cuba,CUB,2020,-1.072
Cuba,CUB,2021,-1.077
Cuba,CUB,2022,-2.093
Cuba,CUB,2023,-2.069
Curacao,CUW,1950,0
Curacao,CUW,1951,0
Curacao,CUW,1952,0
Curacao,CUW,1953,0
Curacao,CUW,1954,0
Curacao,CUW,1955,0
Curacao,CUW,1956,0
Curacao,CUW,1957,0
Curacao,CUW,1958,0
Curacao,CUW,1959,0
Curacao,CUW,1960,-11.575
Curacao,CUW,1961,-9.725
Curacao,CUW,1962,-10.12
Curacao,CUW,1963,-10.33
Curacao,CUW,1964,-10.347
Curacao,CUW,1965,-10.367
Curacao,CUW,1966,-10.117
Curacao,CUW,1967,-9.897
Curacao,CUW,1968,-9.506
Curacao,CUW,1969,-9.264
Curacao,CUW,1970,-9.227
Curacao,CUW,1971,-9.206
Curacao,CUW,1972,-10.132
Curacao,CUW,1973,-11.948
Curacao,CUW,1974,-12.09
Curacao,CUW,1975,-12.249
Curacao,CUW,1976,-12.389
Curacao,CUW,1977,-12.496
Curacao,CUW,1978,-12.621
Curacao,CUW,1979,-12.788
Curacao,CUW,1980,-12.932
Curacao,CUW,1981,-13.495
Curacao,CUW,1982,-14.333
Curacao,CUW,1983,-14.634
Curacao,CUW,1984,-14.842
Curacao,CUW,1985,-15.003
Curacao,CUW,1986,-15.097
Curacao,CUW,1987,-15.22
Curacao,CUW,1988,-15.302
Curacao,CUW,1989,-15.415
Curacao,CUW,1990,-15.532
Curacao,CUW,1991,-15.619
Curacao,CUW,1992,-16.597
Curacao,CUW,1993,-17.968
Curacao,CUW,1994,-18.41
Curacao,CUW,1995,-18.645
Curacao,CUW,1996,-18.948
Curacao,CUW,1997,-19.294
Curacao,CUW,1998,-19.689
Curacao,CUW,1999,-20.121
Curacao,CUW,2000,-20.58
Curacao,CUW,2001,-6.784
Curacao,CUW,2002,7.094
Curacao,CUW,2003,6.855
Curacao,CUW,2004,6.716
Curacao,CUW,2005,2.895
Curacao,CUW,2006,3.206
Curacao,CUW,2007,3.469
Curacao,CUW,2008,3.495
Curacao,CUW,2009,3.106
Curacao,CUW,2010,1.543
Curacao,CUW,2011,9.561
Curacao,CUW,2012,9.13
Curacao,CUW,2013,7.866
Curacao,CUW,2014,6.441
Curacao,CUW,2015,5.054
Curacao,CUW,2016,3.844
Curacao,CUW,2017,3.187
Curacao,CUW,2018,140.938
Curacao,CUW,2019,-50.622
Curacao,CUW,2020,5.362
Curacao,CUW,2021,2.714
Curacao,CUW,2022,2.795
Curacao,CUW,2023,2.794
Cyprus,CYP,1950,-0.82
Cyprus,CYP,1951,-0.271
Cyprus,CYP,1952,2.215
Cyprus,CYP,1953,2.404
Cyprus,CYP,1954,2.135
Cyprus,CYP,1955,2.946
Cyprus,CYP,1956,3.587
Cyprus,CYP,1957,4.22
Cyprus,CYP,1958,5.159
Cyprus,CYP,1959,6.206
Cyprus,CYP,1960,6.421
Cyprus,CYP,1961,-6.205
Cyprus,CYP,1962,-5.721
Cyprus,CYP,1963,-4.949
Cyprus,CYP,1964,-5.464
Cyprus,CYP,1965,-6.773
Cyprus,CYP,1966,-5.812
Cyprus,CYP,1967,-5.484
Cyprus,CYP,1968,-5.049
Cyprus,CYP,1969,-4.28
Cyprus,CYP,1970,-3.091
Cyprus,CYP,1971,-2.425
Cyprus,CYP,1972,-1.569
Cyprus,CYP,1973,-4.32
Cyprus,CYP,1974,-12.393
Cyprus,CYP,1975,-7.31
Cyprus,CYP,1976,-2.26
Cyprus,CYP,1977,-0.781
Cyprus,CYP,1978,-1.093
Cyprus,CYP,1979,-1.818
Cyprus,CYP,1980,-3.344
Cyprus,CYP,1981,-1.7
Cyprus,CYP,1982,-0.066
Cyprus,CYP,1983,4.099
Cyprus,CYP,1984,3.455
Cyprus,CYP,1985,3.62
Cyprus,CYP,1986,3.179
Cyprus,CYP,1987,3.266
Cyprus,CYP,1988,2.254
Cyprus,CYP,1989,2.448
Cyprus,CYP,1990,1.739
Cyprus,CYP,1991,1.62
Cyprus,CYP,1992,3.162
Cyprus,CYP,1993,12.736
Cyprus,CYP,1994,12.2
Cyprus,CYP,1995,12.228
Cyprus,CYP,1996,11.935
Cyprus,CYP,1997,11.917
Cyprus,CYP,1998,11.964
Cyprus,CYP,1999,11.837
Cyprus,CYP,2000,11.347
Cyprus,CYP,2001,11.703
Cyprus,CYP,2002,13.056
Cyprus,CYP,2003,12.791
Cyprus,CYP,2004,12.362
Cyprus,CYP,2005,12.176
Cyprus,CYP,2006,11.485
Cyprus,CYP,2007,11.496
Cyprus,CYP,2008,10.895
Cyprus,CYP,2009,10.416
Cyprus,CYP,2010,10.456
Cyprus,CYP,2011,10.96
Cyprus,CYP,2012,10.5
Cyprus,CYP,2013,10.063
Cyprus,CYP,2014,9.651
Cyprus,CYP,2015,9.247
Cyprus,CYP,2016,8.852
Cyprus,CYP,2017,8.477
Cyprus,CYP,2018,8.114
Cyprus,CYP,2019,7.759
Cyprus,CYP,2020,7.413
Cyprus,CYP,2021,7.091
Cyprus,CYP,2022,6.77
Cyprus,CYP,2023,6.466
Czechia,CZE,1950,-0.549
Czechia,CZE,1951,-0.415
Czechia,CZE,1952,-0.369
Czechia,CZE,1953,-0.293
Czechia,CZE,1954,-0.204
Czechia,CZE,1955,-0.171
Czechia,CZE,1956,-0.134
Czechia,CZE,1957,-0.048
Czechia,CZE,1958,0.009
Czechia,CZE,1959,0.108
Czechia,CZE,1960,0.288
Czechia,CZE,1961,-0.597
Czechia,CZE,1962,-0.717
Czechia,CZE,1963,-0.598
Czechia,CZE,1964,-0.633
Czechia,CZE,1965,-0.777
Czechia,CZE,1966,-0.891
Czechia,CZE,1967,-0.834
Czechia,CZE,1968,-0.83
Czechia,CZE,1969,-0.831
Czechia,CZE,1970,-0.954
Czechia,CZE,1971,-0.264
Czechia,CZE,1972,-0.279
Czechia,CZE,1973,-0.265
Czechia,CZE,1974,-0.293
Czechia,CZE,1975,-0.305
Czechia,CZE,1976,-0.27
Czechia,CZE,1977,-0.194
Czechia,CZE,1978,-0.078
Czechia,CZE,1979,-0.001
Czechia,CZE,1980,0.169
Czechia,CZE,1981,-0.036
Czechia,CZE,1982,-0.099
Czechia,CZE,1983,-0.191
Czechia,CZE,1984,-0.144
Czechia,CZE,1985,-0.114
Czechia,CZE,1986,-0.075
Czechia,CZE,1987,-0.147
Czechia,CZE,1988,-0.132
Czechia,CZE,1989,-0.211
Czechia,CZE,1990,-0.343
Czechia,CZE,1991,0.54
Czechia,CZE,1992,0.651
Czechia,CZE,1993,0.697
Czechia,CZE,1994,0.62
Czechia,CZE,1995,0.626
Czechia,CZE,1996,0.635
Czechia,CZE,1997,0.648
Czechia,CZE,1998,0.621
Czechia,CZE,1999,0.582
Czechia,CZE,2000,0.432
Czechia,CZE,2001,2.126
Czechia,CZE,2002,2.548
Czechia,CZE,2003,2.537
Czechia,CZE,2004,2.537
Czechia,CZE,2005,2.549
Czechia,CZE,2006,2.548
Czechia,CZE,2007,2.698
Czechia,CZE,2008,2.873
Czechia,CZE,2009,3.001
Czechia,CZE,2010,3.338
Czechia,CZE,2011,1.605
Czechia,CZE,2012,0.509
Czechia,CZE,2013,0.516
Czechia,CZE,2014,0.599
Czechia,CZE,2015,0.479
Czechia,CZE,2016,0.519
Czechia,CZE,2017,0.545
Czechia,CZE,2018,0.554
Czechia,CZE,2019,0.526
Czechia,CZE,2020,0.411
Czechia,CZE,2021,0.39
Czechia,CZE,2022,30.894
Czechia,CZE,2023,-1.354
Democratic Republic of Congo,COD,1950,0.335
Democratic Republic of Congo,COD,1951,0.472
Democratic Republic of Congo,COD,1952,0.209
Democratic Republic of Congo,COD,1953,-0.819
Democratic Republic of Congo,COD,1954,-0.424
Democratic Republic of Congo,COD,1955,-0.358
Democratic Republic of Congo,COD,1956,-0.271
Democratic Republic of Congo,COD,1957,-0.352
Democratic Republic of Congo,COD,1958,-1.715
Democratic Republic of Congo,COD,1959,0.443
Democratic Republic of Congo,COD,1960,1.813
Democratic Republic of Congo,COD,1961,2.276
Democratic Republic of Congo,COD,1962,2.453
Democratic Republic of Congo,COD,1963,2.542
Democratic Republic of Congo,COD,1964,2.843
Democratic Republic of Congo,COD,1965,3.523
Democratic Republic of Congo,COD,1966,3.036
Democratic Republic of Congo,COD,1967,3.483
Democratic Republic of Congo,COD,1968,3.012
Democratic Republic of Congo,COD,1969,2.39
Democratic Republic of Congo,COD,1970,1.942
Democratic Republic of Congo,COD,1971,-0.266
Democratic Republic of Congo,COD,1972,0.134
Democratic Republic of Congo,COD,1973,0.34
Democratic Republic of Congo,COD,1974,0.143
Democratic Republic of Congo,COD,1975,-0.042
Democratic Republic of Congo,COD,1976,-1.099
Democratic Republic of Congo,COD,1977,-1.088
Democratic Republic of Congo,COD,1978,10.762
Democratic Republic of Congo,COD,1979,6.993
Democratic Republic of Congo,COD,1980,1.935
Democratic Republic of Congo,COD,1981,1.987
Democratic Republic of Congo,COD,1982,3.44
Democratic Republic of Congo,COD,1983,4.995
Democratic Republic of Congo,COD,1984,6.284
Democratic Republic of Congo,COD,1985,3.8
Democratic Republic of Congo,COD,1986,2.2
Democratic Republic of Congo,COD,1987,3.34
Democratic Republic of Congo,COD,1988,2.947
Democratic Republic of Congo,COD,1989,2.379
Democratic Republic of Congo,COD,1990,5.977
Democratic Republic of Congo,COD,1991,2.287
Democratic Republic of Congo,COD,1992,6.441
Democratic Republic of Congo,COD,1993,5.907
Democratic Republic of Congo,COD,1994,28.904
Democratic Republic of Congo,COD,1995,-6.154
Democratic Republic of Congo,COD,1996,-17.172
Democratic Republic of Congo,COD,1997,-11.457
Democratic Republic of Congo,COD,1998,6.249
Democratic Republic of Congo,COD,1999,2.244
Democratic Republic of Congo,COD,2000,1.571
Democratic Republic of Congo,COD,2001,0.509
Democratic Republic of Congo,COD,2002,-0.323
Democratic Republic of Congo,COD,2003,-1.929
Democratic Republic of Congo,COD,2004,0.075
Democratic Republic of Congo,COD,2005,0.347
Democratic Republic of Congo,COD,2006,-0.49
Democratic Republic of Congo,COD,2007,-1.596
Democratic Republic of Congo,COD,2008,-1.279
Democratic Republic of Congo,COD,2009,-0.693
Democratic Republic of Congo,COD,2010,0.129
Democratic Republic of Congo,COD,2011,0.577
Democratic Republic of Congo,COD,2012,0.733
Democratic Republic of Congo,COD,2013,1.598
Democratic Republic of Congo,COD,2014,0.471
Democratic Republic of Congo,COD,2015,-0.219
Democratic Republic of Congo,COD,2016,5.25
Democratic Republic of Congo,COD,2017,2.024
Democratic Republic of Congo,COD,2018,-1.38
Democratic Republic of Congo,COD,2019,-1.559
Democratic Republic of Congo,COD,2020,-0.017
Democratic Republic of Congo,COD,2021,-0.652
Democratic Republic of Congo,COD,2022,-0.146
Democratic Republic of Congo,COD,2023,-0.142
Denmark,DNK,1950,-1.508
Denmark,DNK,1951,-2.112
Denmark,DNK,1952,-0.904
Denmark,DNK,1953,0.187
Denmark,DNK,1954,-0.451
Denmark,DNK,1955,-1.879
Denmark,DNK,1956,-2.783
Denmark,DNK,1957,-2.632
Denmark,DNK,1958,-0.3
Denmark,DNK,1959,0.551
Denmark,DNK,1960,-0.884
Denmark,DNK,1961,0.653
Denmark,DNK,1962,0.839
Denmark,DNK,1963,0.127
Denmark,DNK,1964,0.282
Denmark,DNK,1965,-0.441
Denmark,DNK,1966,0.419
Denmark,DNK,1967,0.336
Denmark,DNK,1968,-0.731
Denmark,DNK,1969,1.367
Denmark,DNK,1970,4.25
Denmark,DNK,1971,-0.234
Denmark,DNK,1972,1.413
Denmark,DNK,1973,1.415
Denmark,DNK,1974,-0.087
Denmark,DNK,1975,-2.109
Denmark,DNK,1976,0.627
Denmark,DNK,1977,1.09
Denmark,DNK,1978,1.112
Denmark,DNK,1979,1.135
Denmark,DNK,1980,0.157
Denmark,DNK,1981,-0.34
Denmark,DNK,1982,0.046
Denmark,DNK,1983,0.382
Denmark,DNK,1984,0.846
Denmark,DNK,1985,1.947
Denmark,DNK,1986,2.239
Denmark,DNK,1987,1.236
Denmark,DNK,1988,0.132
Denmark,DNK,1989,0.725
Denmark,DNK,1990,1.686
Denmark,DNK,1991,2.101
Denmark,DNK,1992,2.308
Denmark,DNK,1993,2.199
Denmark,DNK,1994,2.068
Denmark,DNK,1995,5.533
Denmark,DNK,1996,3.332
Denmark,DNK,1997,2.321
Denmark,DNK,1998,2.092
Denmark,DNK,1999,1.789
Denmark,DNK,2000,1.955
Denmark,DNK,2001,2.275
Denmark,DNK,2002,1.791
Denmark,DNK,2003,1.341
Denmark,DNK,2004,0.956
Denmark,DNK,2005,1.271
Denmark,DNK,2006,1.929
Denmark,DNK,2007,3.764
Denmark,DNK,2008,4.692
Denmark,DNK,2009,2.816
Denmark,DNK,2010,3.16
Denmark,DNK,2011,2.422
Denmark,DNK,2012,3.017
Denmark,DNK,2013,3.804
Denmark,DNK,2014,4.827
Denmark,DNK,2015,7.44
Denmark,DNK,2016,5.829
Denmark,DNK,2017,4.26
Denmark,DNK,2018,3.265
Denmark,DNK,2019,1.632
Denmark,DNK,2020,1.861
Denmark,DNK,2021,4.591
Denmark,DNK,2022,10.202
Denmark,DNK,2023,5.213
Djibouti,DJI,1950,8.551
Djibouti,DJI,1951,7.728
Djibouti,DJI,1952,7.43
Djibouti,DJI,1953,7.345
Djibouti,DJI,1954,7.086
Djibouti,DJI,1955,6.671
Djibouti,DJI,1956,6.844
Djibouti,DJI,1957,6.703
Djibouti,DJI,1958,6.129
Djibouti,DJI,1959,6.042
Djibouti,DJI,1960,10.299
Djibouti,DJI,1961,12.708
Djibouti,DJI,1962,18.17
Djibouti,DJI,1963,23.061
Djibouti,DJI,1964,27.578
Djibouti,DJI,1965,27.711
Djibouti,DJI,1966,26.147
Djibouti,DJI,1967,24.669
Djibouti,DJI,1968,23.4
Djibouti,DJI,1969,36.707
Djibouti,DJI,1970,34.469
Djibouti,DJI,1971,39.862
Djibouti,DJI,1972,40.239
Djibouti,DJI,1973,42.494
Djibouti,DJI,1974,51.45
Djibouti,DJI,1975,62.07
Djibouti,DJI,1976,69.464
Djibouti,DJI,1977,70.542
Djibouti,DJI,1978,63.521
Djibouti,DJI,1979,48.359
Djibouti,DJI,1980,31.064
Djibouti,DJI,1981,16.039
Djibouti,DJI,1982,6.865
Djibouti,DJI,1983,6.605
Djibouti,DJI,1984,14.196
Djibouti,DJI,1985,24.826
Djibouti,DJI,1986,34.111
Djibouti,DJI,1987,38.611
Djibouti,DJI,1988,35.585
Djibouti,DJI,1989,63.943
Djibouti,DJI,1990,86.224
Djibouti,DJI,1991,34.084
Djibouti,DJI,1992,-104.157
Djibouti,DJI,1993,14.483
Djibouti,DJI,1994,-25.141
Djibouti,DJI,1995,-4.996
Djibouti,DJI,1996,4.09
Djibouti,DJI,1997,20.281
Djibouti,DJI,1998,14.802
Djibouti,DJI,1999,9.729
Djibouti,DJI,2000,7.536
Djibouti,DJI,2001,9.891
Djibouti,DJI,2002,6.312
Djibouti,DJI,2003,-6.928
Djibouti,DJI,2004,-6.354
Djibouti,DJI,2005,-4.503
Djibouti,DJI,2006,3.177
Djibouti,DJI,2007,1.433
Djibouti,DJI,2008,2.406
Djibouti,DJI,2009,3.039
Djibouti,DJI,2010,2.289
Djibouti,DJI,2011,2.203
Djibouti,DJI,2012,2.176
Djibouti,DJI,2013,2.064
Djibouti,DJI,2014,1.895
Djibouti,DJI,2015,1.689
Djibouti,DJI,2016,1.564
Djibouti,DJI,2017,1.455
Djibouti,DJI,2018,1.339
Djibouti,DJI,2019,1.214
Djibouti,DJI,2020,1.176
Djibouti,DJI,2021,1.159
Djibouti,DJI,2022,0.44
Djibouti,DJI,2023,0.434
Dominica,DMA,1950,-8.367
Dominica,DMA,1951,-8.366
Dominica,DMA,1952,-7.868
Dominica,DMA,1953,-7.454
Dominica,DMA,1954,-6.874
Dominica,DMA,1955,-6.005
Dominica,DMA,1956,-4.946
Dominica,DMA,1957,-3.623
Dominica,DMA,1958,-2.156
Dominica,DMA,1959,-1.532
Dominica,DMA,1960,-12.784
Dominica,DMA,1961,-17.34
Dominica,DMA,1962,-16.867
Dominica,DMA,1963,-15.841
Dominica,DMA,1964,-14.556
Dominica,DMA,1965,-12.849
Dominica,DMA,1966,-11.084
Dominica,DMA,1967,-9.225
Dominica,DMA,1968,-7.313
Dominica,DMA,1969,-5.976
Dominica,DMA,1970,-12.292
Dominica,DMA,1971,-14.698
Dominica,DMA,1972,-13.86
Dominica,DMA,1973,-12.496
Dominica,DMA,1974,-10.831
Dominica,DMA,1975,-9.473
Dominica,DMA,1976,-8.706
Dominica,DMA,1977,-8.756
Dominica,DMA,1978,-9.694
Dominica,DMA,1979,-10.992
Dominica,DMA,1980,-14.162
Dominica,DMA,1981,-19.456
Dominica,DMA,1982,-21.847
Dominica,DMA,1983,-22.318
Dominica,DMA,1984,-22.399
Dominica,DMA,1985,-22.538
Dominica,DMA,1986,-22.995
Dominica,DMA,1987,-23.387
Dominica,DMA,1988,-23.411
Dominica,DMA,1989,-23.534
Dominica,DMA,1990,-24.732
Dominica,DMA,1991,-17.072
Dominica,DMA,1992,-13.978
Dominica,DMA,1993,-15.281
Dominica,DMA,1994,-14.163
Dominica,DMA,1995,-12.74
Dominica,DMA,1996,-12.073
Dominica,DMA,1997,-11.587
Dominica,DMA,1998,-11.646
Dominica,DMA,1999,-13.751
Dominica,DMA,2000,-14.202
Dominica,DMA,2001,-8.567
Dominica,DMA,2002,-3.627
Dominica,DMA,2003,-3.677
Dominica,DMA,2004,-3.7
Dominica,DMA,2005,-3.768
Dominica,DMA,2006,-4.593
Dominica,DMA,2007,-4.314
Dominica,DMA,2008,-3.834
Dominica,DMA,2009,-2.875
Dominica,DMA,2010,-2.992
Dominica,DMA,2011,4.446
Dominica,DMA,2012,-6.67
Dominica,DMA,2013,19.738
Dominica,DMA,2014,-6.125
Dominica,DMA,2015,1.307
Dominica,DMA,2016,-29.193
Dominica,DMA,2017,-3.416
Dominica,DMA,2018,-3.388
Dominica,DMA,2019,-3.359
Dominica,DMA,2020,-3.33
Dominica,DMA,2021,-3.333
Dominica,DMA,2022,-3.023
Dominica,DMA,2023,-2.992
Dominican Republic,DOM,1950,-2.635
Dominican Republic,DOM,1951,-2.645
Dominican Republic,DOM,1952,-2.484
Dominican Republic,DOM,1953,-2.488
Dominican Republic,DOM,1954,-2.529
Dominican Republic,DOM,1955,-2.665
Dominican Republic,DOM,1956,-2.867
Dominican Republic,DOM,1957,-3.135
Dominican Republic,DOM,1958,-3.463
Dominican Republic,DOM,1959,-3.79
Dominican Republic,DOM,1960,-4.083
Dominican Republic,DOM,1961,-4.302
Dominican Republic,DOM,1962,-4.422
Dominican Republic,DOM,1963,-4.428
Dominican Republic,DOM,1964,-4.342
Dominican Republic,DOM,1965,-4.195
Dominican Republic,DOM,1966,-4.003
Dominican Republic,DOM,1967,-3.794
Dominican Republic,DOM,1968,-3.584
Dominican Republic,DOM,1969,-3.397
Dominican Republic,DOM,1970,-3.24
Dominican Republic,DOM,1971,-3.129
Dominican Republic,DOM,1972,-3.066
Dominican Republic,DOM,1973,-3.052
Dominican Republic,DOM,1974,-3.134
Dominican Republic,DOM,1975,-3.255
Dominican Republic,DOM,1976,-3.256
Dominican Republic,DOM,1977,-3.213
Dominican Republic,DOM,1978,-3.101
Dominican Republic,DOM,1979,-2.915
Dominican Republic,DOM,1980,-3.052
Dominican Republic,DOM,1981,-3.376
Dominican Republic,DOM,1982,-3.477
Dominican Republic,DOM,1983,-3.511
Dominican Republic,DOM,1984,-3.536
Dominican Republic,DOM,1985,-3.637
Dominican Republic,DOM,1986,-3.77
Dominican Republic,DOM,1987,-3.851
Dominican Republic,DOM,1988,-3.873
Dominican Republic,DOM,1989,-3.854
Dominican Republic,DOM,1990,-3.831
Dominican Republic,DOM,1991,-4.021
Dominican Republic,DOM,1992,-4.063
Dominican Republic,DOM,1993,-4.045
Dominican Republic,DOM,1994,-3.825
Dominican Republic,DOM,1995,-3.787
Dominican Republic,DOM,1996,-3.737
Dominican Republic,DOM,1997,-3.674
Dominican Republic,DOM,1998,-3.623
Dominican Republic,DOM,1999,-3.579
Dominican Republic,DOM,2000,-3.874
Dominican Republic,DOM,2001,-4.179
Dominican Republic,DOM,2002,-4.132
Dominican Republic,DOM,2003,-4.082
Dominican Republic,DOM,2004,-4.047
Dominican Republic,DOM,2005,-4.018
Dominican Republic,DOM,2006,-3.979
Dominican Republic,DOM,2007,-3.921
Dominican Republic,DOM,2008,-3.836
Dominican Republic,DOM,2009,-3.771
Dominican Republic,DOM,2010,-3.726
Dominican Republic,DOM,2011,-3.689
Dominican Republic,DOM,2012,-3.648
Dominican Republic,DOM,2013,-3.598
Dominican Republic,DOM,2014,-3.543
Dominican Republic,DOM,2015,-3.486
Dominican Republic,DOM,2016,-3.433
Dominican Republic,DOM,2017,-3.381
Dominican Republic,DOM,2018,-3.333
Dominican Republic,DOM,2019,-3.286
Dominican Republic,DOM,2020,-1.631
Dominican Republic,DOM,2021,-1.614
Dominican Republic,DOM,2022,-3.13
Dominican Republic,DOM,2023,-3.081
East Timor,TLS,1950,0
East Timor,TLS,1951,0
East Timor,TLS,1952,0
East Timor,TLS,1953,0
East Timor,TLS,1954,0
East Timor,TLS,1955,0
East Timor,TLS,1956,0
East Timor,TLS,1957,0
East Timor,TLS,1958,0
East Timor,TLS,1959,0
East Timor,TLS,1960,0
East Timor,TLS,1961,0
East Timor,TLS,1962,0
East Timor,TLS,1963,0
East Timor,TLS,1964,0
East Timor,TLS,1965,0
East Timor,TLS,1966,0
East Timor,TLS,1967,0
East Timor,TLS,1968,0
East Timor,TLS,1969,0
East Timor,TLS,1970,0
East Timor,TLS,1971,0
East Timor,TLS,1972,0
East Timor,TLS,1973,-0.477
East Timor,TLS,1974,-3.761
East Timor,TLS,1975,15.952
East Timor,TLS,1976,15.901
East Timor,TLS,1977,17.236
East Timor,TLS,1978,17.442
East Timor,TLS,1979,13.972
East Timor,TLS,1980,8.397
East Timor,TLS,1981,-0.73
East Timor,TLS,1982,-1.681
East Timor,TLS,1983,-1.523
East Timor,TLS,1984,-2.091
East Timor,TLS,1985,-0.711
East Timor,TLS,1986,-0.447
East Timor,TLS,1987,-0.148
East Timor,TLS,1988,0.803
East Timor,TLS,1989,-3.015
East Timor,TLS,1990,-3.789
East Timor,TLS,1991,2.317
East Timor,TLS,1992,2.244
East Timor,TLS,1993,2.185
East Timor,TLS,1994,2.124
East Timor,TLS,1995,2.08
East Timor,TLS,1996,2.013
East Timor,TLS,1997,1.967
East Timor,TLS,1998,1.916
East Timor,TLS,1999,-315.012
East Timor,TLS,2000,54.05
East Timor,TLS,2001,60.522
East Timor,TLS,2002,40.874
East Timor,TLS,2003,-13.971
East Timor,TLS,2004,-17.703
East Timor,TLS,2005,1.855
East Timor,TLS,2006,2.236
East Timor,TLS,2007,2.093
East Timor,TLS,2008,0.977
East Timor,TLS,2009,0.111
East Timor,TLS,2010,0.433
East Timor,TLS,2011,-0.143
East Timor,TLS,2012,-0.537
East Timor,TLS,2013,-1.041
East Timor,TLS,2014,-0.811
East Timor,TLS,2015,-0.017
East Timor,TLS,2016,0.169
East Timor,TLS,2017,1.331
East Timor,TLS,2018,2.4
East Timor,TLS,2019,3.03
East Timor,TLS,2020,2.86
East Timor,TLS,2021,2.304
East Timor,TLS,2022,-4.031
East Timor,TLS,2023,-4.06
Ecuador,ECU,1950,0.124
Ecuador,ECU,1951,0.025
Ecuador,ECU,1952,-0.054
Ecuador,ECU,1953,-0.149
Ecuador,ECU,1954,-0.229
Ecuador,ECU,1955,-0.293
Ecuador,ECU,1956,-0.335
Ecuador,ECU,1957,-0.364
Ecuador,ECU,1958,-0.377
Ecuador,ECU,1959,-0.383
Ecuador,ECU,1960,-0.38
Ecuador,ECU,1961,-0.279
Ecuador,ECU,1962,-0.271
Ecuador,ECU,1963,-0.251
Ecuador,ECU,1964,-0.219
Ecuador,ECU,1965,-0.18
Ecuador,ECU,1966,-0.13
Ecuador,ECU,1967,-0.111
Ecuador,ECU,1968,-0.1
Ecuador,ECU,1969,-0.087
Ecuador,ECU,1970,-0.177
Ecuador,ECU,1971,-0.173
Ecuador,ECU,1972,-0.165
Ecuador,ECU,1973,-0.162
Ecuador,ECU,1974,-0.164
Ecuador,ECU,1975,-0.167
Ecuador,ECU,1976,-0.173
Ecuador,ECU,1977,-0.183
Ecuador,ECU,1978,-0.196
Ecuador,ECU,1979,-0.22
Ecuador,ECU,1980,-0.063
Ecuador,ECU,1981,-0.191
Ecuador,ECU,1982,-0.149
Ecuador,ECU,1983,0.065
Ecuador,ECU,1984,0.027
Ecuador,ECU,1985,-0.053
Ecuador,ECU,1986,-0.35
Ecuador,ECU,1987,-0.5
Ecuador,ECU,1988,-1.097
Ecuador,ECU,1989,-1.586
Ecuador,ECU,1990,-2.021
Ecuador,ECU,1991,-2.996
Ecuador,ECU,1992,-2.741
Ecuador,ECU,1993,-3.753
Ecuador,ECU,1994,-3.904
Ecuador,ECU,1995,-3.9
Ecuador,ECU,1996,-3.902
Ecuador,ECU,1997,-3.93
Ecuador,ECU,1998,-3.473
Ecuador,ECU,1999,-3.513
Ecuador,ECU,2000,-3.22
Ecuador,ECU,2001,-2.732
Ecuador,ECU,2002,-2.138
Ecuador,ECU,2003,-1.693
Ecuador,ECU,2004,-1.539
Ecuador,ECU,2005,-1.217
Ecuador,ECU,2006,-0.9
Ecuador,ECU,2007,-0.673
Ecuador,ECU,2008,-0.604
Ecuador,ECU,2009,-0.573
Ecuador,ECU,2010,-0.552
Ecuador,ECU,2011,-0.533
Ecuador,ECU,2012,-0.506
Ecuador,ECU,2013,-0.391
Ecuador,ECU,2014,0.142
Ecuador,ECU,2015,0.905
Ecuador,ECU,2016,2.148
Ecuador,ECU,2017,3.205
Ecuador,ECU,2018,5.6
Ecuador,ECU,2019,3.167
Ecuador,ECU,2020,-0.588
Ecuador,ECU,2021,-1.612
Ecuador,ECU,2022,-1.295
Ecuador,ECU,2023,-1.221
Egypt,EGY,1950,-1.343
Egypt,EGY,1951,-1.389
Egypt,EGY,1952,-0.887
Egypt,EGY,1953,-0.665
Egypt,EGY,1954,-0.688
Egypt,EGY,1955,-1.211
Egypt,EGY,1956,-1.202
Egypt,EGY,1957,-1.133
Egypt,EGY,1958,-2.297
Egypt,EGY,1959,-0.459
Egypt,EGY,1960,-0.11
Egypt,EGY,1961,0.84
Egypt,EGY,1962,0.907
Egypt,EGY,1963,0.863
Egypt,EGY,1964,0.69
Egypt,EGY,1965,0.575
Egypt,EGY,1966,0.321
Egypt,EGY,1967,0.195
Egypt,EGY,1968,-0.023
Egypt,EGY,1969,-0.198
Egypt,EGY,1970,-1.013
Egypt,EGY,1971,-1.595
Egypt,EGY,1972,-1.525
Egypt,EGY,1973,-1.501
Egypt,EGY,1974,-1.585
Egypt,EGY,1975,-1.604
Egypt,EGY,1976,-2.903
Egypt,EGY,1977,-1.809
Egypt,EGY,1978,-1.764
Egypt,EGY,1979,-1.512
Egypt,EGY,1980,0.017
Egypt,EGY,1981,0.092
Egypt,EGY,1982,1.104
Egypt,EGY,1983,2.705
Egypt,EGY,1984,2.493
Egypt,EGY,1985,2.216
Egypt,EGY,1986,0.6
Egypt,EGY,1987,1.093
Egypt,EGY,1988,1.199
Egypt,EGY,1989,0.928
Egypt,EGY,1990,6.969
Egypt,EGY,1991,-0.566
Egypt,EGY,1992,1.219
Egypt,EGY,1993,-0.567
Egypt,EGY,1994,-0.571
Egypt,EGY,1995,-0.593
Egypt,EGY,1996,-0.66
Egypt,EGY,1997,-0.666
Egypt,EGY,1998,1.127
Egypt,EGY,1999,0.308
Egypt,EGY,2000,0.381
Egypt,EGY,2001,0.007
Egypt,EGY,2002,0.147
Egypt,EGY,2003,0.127
Egypt,EGY,2004,-0.038
Egypt,EGY,2005,-0.458
Egypt,EGY,2006,-1.428
Egypt,EGY,2007,-2.053
Egypt,EGY,2008,-2.238
Egypt,EGY,2009,-2.002
Egypt,EGY,2010,-2.176
Egypt,EGY,2011,1.385
Egypt,EGY,2012,-0.028
Egypt,EGY,2013,1.367
Egypt,EGY,2014,-0.952
Egypt,EGY,2015,-1.941
Egypt,EGY,2016,-0.704
Egypt,EGY,2017,-0.771
Egypt,EGY,2018,0.197
Egypt,EGY,2019,0.066
Egypt,EGY,2020,0.055
Egypt,EGY,2021,0.056
Egypt,EGY,2022,0.122
Egypt,EGY,2023,2.663
El Salvador,SLV,1950,-2.073
El Salvador,SLV,1951,-2.531
El Salvador,SLV,1952,-3.019
El Salvador,SLV,1953,-3.583
El Salvador,SLV,1954,-3.357
El Salvador,SLV,1955,-3.258
El Salvador,SLV,1956,-3.156
El Salvador,SLV,1957,-3.172
El Salvador,SLV,1958,-3.849
El Salvador,SLV,1959,-2.843
El Salvador,SLV,1960,-1.75
El Salvador,SLV,1961,-1.449
El Salvador,SLV,1962,-3.495
El Salvador,SLV,1963,-3.227
El Salvador,SLV,1964,-2.551
El Salvador,SLV,1965,-1.738
El Salvador,SLV,1966,-1.199
El Salvador,SLV,1967,-0.943
El Salvador,SLV,1968,-0.839
El Salvador,SLV,1969,-1.218
El Salvador,SLV,1970,-3.098
El Salvador,SLV,1971,-4.362
El Salvador,SLV,1972,-4.502
El Salvador,SLV,1973,-4.913
El Salvador,SLV,1974,-5.669
El Salvador,SLV,1975,-6.358
El Salvador,SLV,1976,-7.438
El Salvador,SLV,1977,-6.682
El Salvador,SLV,1978,-7.16
El Salvador,SLV,1979,-9.888
El Salvador,SLV,1980,-15.707
El Salvador,SLV,1981,-21.302
El Salvador,SLV,1982,-8.039
El Salvador,SLV,1983,-7.583
El Salvador,SLV,1984,-6.204
El Salvador,SLV,1985,-5.947
El Salvador,SLV,1986,-6.446
El Salvador,SLV,1987,-6.344
El Salvador,SLV,1988,-5.929
El Salvador,SLV,1989,-7.211
El Salvador,SLV,1990,-7.35
El Salvador,SLV,1991,-9.212
El Salvador,SLV,1992,-8.635
El Salvador,SLV,1993,-14.264
El Salvador,SLV,1994,-15.281
El Salvador,SLV,1995,-16.125
El Salvador,SLV,1996,-16.533
El Salvador,SLV,1997,-16.566
El Salvador,SLV,1998,-16.884
El Salvador,SLV,1999,-16.482
El Salvador,SLV,2000,-15.961
El Salvador,SLV,2001,-15.481
El Salvador,SLV,2002,-15.185
El Salvador,SLV,2003,-14.861
El Salvador,SLV,2004,-14.566
El Salvador,SLV,2005,-14.403
El Salvador,SLV,2006,-14.293
El Salvador,SLV,2007,-9.461
El Salvador,SLV,2008,-9.302
El Salvador,SLV,2009,-9.253
El Salvador,SLV,2010,-9.012
El Salvador,SLV,2011,-8.774
El Salvador,SLV,2012,-8.267
El Salvador,SLV,2013,-7.996
El Salvador,SLV,2014,-7.971
El Salvador,SLV,2015,-8.292
El Salvador,SLV,2016,-7.659
El Salvador,SLV,2017,-8.145
El Salvador,SLV,2018,-8.708
El Salvador,SLV,2019,-8.862
El Salvador,SLV,2020,-4.044
El Salvador,SLV,2021,-4.371
El Salvador,SLV,2022,-3.703
El Salvador,SLV,2023,-3.685
Equatorial Guinea,GNQ,1950,0
Equatorial Guinea,GNQ,1951,0
Equatorial Guinea,GNQ,1952,0
Equatorial Guinea,GNQ,1953,0
Equatorial Guinea,GNQ,1954,0
Equatorial Guinea,GNQ,1955,0
Equatorial Guinea,GNQ,1956,0
Equatorial Guinea,GNQ,1957,0
Equatorial Guinea,GNQ,1958,0
Equatorial Guinea,GNQ,1959,0.257
Equatorial Guinea,GNQ,1960,0.778
Equatorial Guinea,GNQ,1961,1.397
Equatorial Guinea,GNQ,1962,1.884
Equatorial Guinea,GNQ,1963,2.21
Equatorial Guinea,GNQ,1964,2.518
Equatorial Guinea,GNQ,1965,2.806
Equatorial Guinea,GNQ,1966,3.001
Equatorial Guinea,GNQ,1967,3.124
Equatorial Guinea,GNQ,1968,1.772
Equatorial Guinea,GNQ,1969,-6.936
Equatorial Guinea,GNQ,1970,-20.258
Equatorial Guinea,GNQ,1971,-34.057
Equatorial Guinea,GNQ,1972,-43.869
Equatorial Guinea,GNQ,1973,-45.901
Equatorial Guinea,GNQ,1974,-44.017
Equatorial Guinea,GNQ,1975,-39.59
Equatorial Guinea,GNQ,1976,-33.366
Equatorial Guinea,GNQ,1977,-25.764
Equatorial Guinea,GNQ,1978,-16.465
Equatorial Guinea,GNQ,1979,-0.84
Equatorial Guinea,GNQ,1980,16.986
Equatorial Guinea,GNQ,1981,31.673
Equatorial Guinea,GNQ,1982,39.005
Equatorial Guinea,GNQ,1983,37.173
Equatorial Guinea,GNQ,1984,30.751
Equatorial Guinea,GNQ,1985,22.866
Equatorial Guinea,GNQ,1986,15.608
Equatorial Guinea,GNQ,1987,10.608
Equatorial Guinea,GNQ,1988,8.591
Equatorial Guinea,GNQ,1989,7.76
Equatorial Guinea,GNQ,1990,7.403
Equatorial Guinea,GNQ,1991,7.399
Equatorial Guinea,GNQ,1992,7.571
Equatorial Guinea,GNQ,1993,7.877
Equatorial Guinea,GNQ,1994,8.478
Equatorial Guinea,GNQ,1995,9.278
Equatorial Guinea,GNQ,1996,10.115
Equatorial Guinea,GNQ,1997,10.854
Equatorial Guinea,GNQ,1998,11.391
Equatorial Guinea,GNQ,1999,11.759
Equatorial Guinea,GNQ,2000,37.958
Equatorial Guinea,GNQ,2001,35.9
Equatorial Guinea,GNQ,2002,34.085
Equatorial Guinea,GNQ,2003,32.666
Equatorial Guinea,GNQ,2004,31.756
Equatorial Guinea,GNQ,2005,16.412
Equatorial Guinea,GNQ,2006,17.054
Equatorial Guinea,GNQ,2007,17.792
Equatorial Guinea,GNQ,2008,18.372
Equatorial Guinea,GNQ,2009,18.698
Equatorial Guinea,GNQ,2010,18.524
Equatorial Guinea,GNQ,2011,14.176
Equatorial Guinea,GNQ,2012,13.808
Equatorial Guinea,GNQ,2013,13.45
Equatorial Guinea,GNQ,2014,12.9
Equatorial Guinea,GNQ,2015,12.172
Equatorial Guinea,GNQ,2016,11.343
Equatorial Guinea,GNQ,2017,10.496
Equatorial Guinea,GNQ,2018,9.639
Equatorial Guinea,GNQ,2019,8.798
Equatorial Guinea,GNQ,2020,0
Equatorial Guinea,GNQ,2021,3.692
Equatorial Guinea,GNQ,2022,2.216
Equatorial Guinea,GNQ,2023,2.163
Eritrea,ERI,1950,0.182
Eritrea,ERI,1951,0.168
Eritrea,ERI,1952,0.19
Eritrea,ERI,1953,0.234
Eritrea,ERI,1954,0.305
Eritrea,ERI,1955,0.386
Eritrea,ERI,1956,0.484
Eritrea,ERI,1957,0.571
Eritrea,ERI,1958,0.689
Eritrea,ERI,1959,0.877
Eritrea,ERI,1960,1.074
Eritrea,ERI,1961,1.24
Eritrea,ERI,1962,1.338
Eritrea,ERI,1963,1.309
Eritrea,ERI,1964,1.213
Eritrea,ERI,1965,1.082
Eritrea,ERI,1966,0.945
Eritrea,ERI,1967,0.871
Eritrea,ERI,1968,0.857
Eritrea,ERI,1969,0.989
Eritrea,ERI,1970,1.19
Eritrea,ERI,1971,1.378
Eritrea,ERI,1972,1.492
Eritrea,ERI,1973,1.478
Eritrea,ERI,1974,1.443
Eritrea,ERI,1975,1.41
Eritrea,ERI,1976,1.375
Eritrea,ERI,1977,1.339
Eritrea,ERI,1978,1.304
Eritrea,ERI,1979,1.27
Eritrea,ERI,1980,1.236
Eritrea,ERI,1981,1.203
Eritrea,ERI,1982,1.171
Eritrea,ERI,1983,1.067
Eritrea,ERI,1984,0.436
Eritrea,ERI,1985,-0.594
Eritrea,ERI,1986,-0.582
Eritrea,ERI,1987,-1.913
Eritrea,ERI,1988,-1.863
Eritrea,ERI,1989,-3.689
Eritrea,ERI,1990,-6.112
Eritrea,ERI,1991,-171.156
Eritrea,ERI,1992,-12.393
Eritrea,ERI,1993,18.151
Eritrea,ERI,1994,-13.502
Eritrea,ERI,1995,67.203
Eritrea,ERI,1996,-24.629
Eritrea,ERI,1997,-14.296
Eritrea,ERI,1998,-14.654
Eritrea,ERI,1999,-1.703
Eritrea,ERI,2000,-14.745
Eritrea,ERI,2001,18.062
Eritrea,ERI,2002,-2.747
Eritrea,ERI,2003,30.756
Eritrea,ERI,2004,-2.453
Eritrea,ERI,2005,-4.823
Eritrea,ERI,2006,-18.494
Eritrea,ERI,2007,-6.609
Eritrea,ERI,2008,6.34
Eritrea,ERI,2009,-8.431
Eritrea,ERI,2010,-4.536
Eritrea,ERI,2011,-10.989
Eritrea,ERI,2012,-14.247
Eritrea,ERI,2013,-11.051
Eritrea,ERI,2014,-24.456
Eritrea,ERI,2015,-17.055
Eritrea,ERI,2016,-17.74
Eritrea,ERI,2017,-12.246
Eritrea,ERI,2018,-6.704
Eritrea,ERI,2019,-9.202
Eritrea,ERI,2020,-4.547
Eritrea,ERI,2021,-4.467
Eritrea,ERI,2022,-5.025
Eritrea,ERI,2023,-4.404
Estonia,EST,1950,7.194
Estonia,EST,1951,6.111
Estonia,EST,1952,5.237
Estonia,EST,1953,4.577
Estonia,EST,1954,4.084
Estonia,EST,1955,3.738
Estonia,EST,1956,3.518
Estonia,EST,1957,3.401
Estonia,EST,1958,5.199
Estonia,EST,1959,-0.019
Estonia,EST,1960,6.36
Estonia,EST,1961,6.469
Estonia,EST,1962,6.601
Estonia,EST,1963,6.654
Estonia,EST,1964,6.832
Estonia,EST,1965,6.847
Estonia,EST,1966,6.887
Estonia,EST,1967,6.905
Estonia,EST,1968,7.047
Estonia,EST,1969,6.414
Estonia,EST,1970,4.522
Estonia,EST,1971,4.65
Estonia,EST,1972,4.637
Estonia,EST,1973,4.637
Estonia,EST,1974,4.672
Estonia,EST,1975,4.732
Estonia,EST,1976,4.838
Estonia,EST,1977,4.97
Estonia,EST,1978,4.961
Estonia,EST,1979,3.08
Estonia,EST,1980,3.128
Estonia,EST,1981,3.224
Estonia,EST,1982,3.232
Estonia,EST,1983,3.312
Estonia,EST,1984,3.303
Estonia,EST,1985,3.342
Estonia,EST,1986,3.426
Estonia,EST,1987,3.483
Estonia,EST,1988,3.371
Estonia,EST,1989,-0.235
Estonia,EST,1990,-1.694
Estonia,EST,1991,-6.204
Estonia,EST,1992,-24.926
Estonia,EST,1993,-16.951
Estonia,EST,1994,-12.187
Estonia,EST,1995,-8.711
Estonia,EST,1996,-7.347
Estonia,EST,1997,-2.86
Estonia,EST,1998,-2.335
Estonia,EST,1999,1.011
Estonia,EST,2000,-2.207
Estonia,EST,2001,-2.363
Estonia,EST,2002,-2.094
Estonia,EST,2003,-2.703
Estonia,EST,2004,-2.701
Estonia,EST,2005,-3.844
Estonia,EST,2006,-3.973
Estonia,EST,2007,-2.193
Estonia,EST,2008,-1.521
Estonia,EST,2009,-1.565
Estonia,EST,2010,-2.84
Estonia,EST,2011,-2.969
Estonia,EST,2012,-2.778
Estonia,EST,2013,-2.039
Estonia,EST,2014,-0.513
Estonia,EST,2015,3.241
Estonia,EST,2016,0.822
Estonia,EST,2017,3.948
Estonia,EST,2018,5.362
Estonia,EST,2019,4.059
Estonia,EST,2020,2.778
Estonia,EST,2021,5.289
Estonia,EST,2022,29.445
Estonia,EST,2023,4.182
Eswatini,SWZ,1950,-3.792
Eswatini,SWZ,1951,-3.78
Eswatini,SWZ,1952,-3.886
Eswatini,SWZ,1953,-3.99
Eswatini,SWZ,1954,-4.178
Eswatini,SWZ,1955,-4.362
Eswatini,SWZ,1956,-4.606
Eswatini,SWZ,1957,-4.799
Eswatini,SWZ,1958,-5.089
Eswatini,SWZ,1959,-5.538
Eswatini,SWZ,1960,-6.029
Eswatini,SWZ,1961,-6.426
Eswatini,SWZ,1962,-6.614
Eswatini,SWZ,1963,-6.377
Eswatini,SWZ,1964,-5.411
Eswatini,SWZ,1965,-4.063
Eswatini,SWZ,1966,-3.905
Eswatini,SWZ,1967,-7.246
Eswatini,SWZ,1968,-7.227
Eswatini,SWZ,1969,-7.274
Eswatini,SWZ,1970,-7.321
Eswatini,SWZ,1971,-7.337
Eswatini,SWZ,1972,-7.375
Eswatini,SWZ,1973,-7.421
Eswatini,SWZ,1974,-7.434
Eswatini,SWZ,1975,-7.473
Eswatini,SWZ,1976,-6.629
Eswatini,SWZ,1977,-5.252
Eswatini,SWZ,1978,-5.444
Eswatini,SWZ,1979,-5.561
Eswatini,SWZ,1980,-5.615
Eswatini,SWZ,1981,-5.616
Eswatini,SWZ,1982,-5.605
Eswatini,SWZ,1983,-5.204
Eswatini,SWZ,1984,-5.801
Eswatini,SWZ,1985,2.538
Eswatini,SWZ,1986,1.841
Eswatini,SWZ,1987,3.164
Eswatini,SWZ,1988,18.603
Eswatini,SWZ,1989,6.537
Eswatini,SWZ,1990,8.217
Eswatini,SWZ,1991,8.254
Eswatini,SWZ,1992,6.372
Eswatini,SWZ,1993,-6.89
Eswatini,SWZ,1994,-49.689
Eswatini,SWZ,1995,-3.115
Eswatini,SWZ,1996,-3.08
Eswatini,SWZ,1997,-5.872
Eswatini,SWZ,1998,-8.341
Eswatini,SWZ,1999,-8.17
Eswatini,SWZ,2000,-8.222
Eswatini,SWZ,2001,-8.361
Eswatini,SWZ,2002,-8.692
Eswatini,SWZ,2003,-8.995
Eswatini,SWZ,2004,-9.191
Eswatini,SWZ,2005,-9.573
Eswatini,SWZ,2006,-10.073
Eswatini,SWZ,2007,-8.5
Eswatini,SWZ,2008,-8.945
Eswatini,SWZ,2009,-9.943
Eswatini,SWZ,2010,-10.196
Eswatini,SWZ,2011,-10.374
Eswatini,SWZ,2012,-10.939
Eswatini,SWZ,2013,-11.207
Eswatini,SWZ,2014,-11.198
Eswatini,SWZ,2015,-11.01
Eswatini,SWZ,2016,-10.858
Eswatini,SWZ,2017,-7.475
Eswatini,SWZ,2018,-7.311
Eswatini,SWZ,2019,-7.152
Eswatini,SWZ,2020,-3.557
Eswatini,SWZ,2021,-3.516
Eswatini,SWZ,2022,-7.014
Eswatini,SWZ,2023,-6.948
Ethiopia,ETH,1950,0.311
Ethiopia,ETH,1951,0.228
Ethiopia,ETH,1952,-0.08
Ethiopia,ETH,1953,-0.654
Ethiopia,ETH,1954,-0.517
Ethiopia,ETH,1955,-0.535
Ethiopia,ETH,1956,-0.536
Ethiopia,ETH,1957,-0.615
Ethiopia,ETH,1958,-1.324
Ethiopia,ETH,1959,-0.27
Ethiopia,ETH,1960,0.079
Ethiopia,ETH,1961,0.317
Ethiopia,ETH,1962,0.399
Ethiopia,ETH,1963,0.409
Ethiopia,ETH,1964,0.454
Ethiopia,ETH,1965,0.672
Ethiopia,ETH,1966,0.367
Ethiopia,ETH,1967,0.563
Ethiopia,ETH,1968,0.379
Ethiopia,ETH,1969,0.268
Ethiopia,ETH,1970,0.309
Ethiopia,ETH,1971,-0.507
Ethiopia,ETH,1972,-0.115
Ethiopia,ETH,1973,0.012
Ethiopia,ETH,1974,-0.137
Ethiopia,ETH,1975,-1.341
Ethiopia,ETH,1976,-1.11
Ethiopia,ETH,1977,-15.893
Ethiopia,ETH,1978,-6.254
Ethiopia,ETH,1979,-20.779
Ethiopia,ETH,1980,-26.244
Ethiopia,ETH,1981,17.792
Ethiopia,ETH,1982,1.817
Ethiopia,ETH,1983,1.802
Ethiopia,ETH,1984,3.553
Ethiopia,ETH,1985,3.952
Ethiopia,ETH,1986,4.538
Ethiopia,ETH,1987,5.921
Ethiopia,ETH,1988,8.606
Ethiopia,ETH,1989,5.288
Ethiopia,ETH,1990,6.218
Ethiopia,ETH,1991,17.293
Ethiopia,ETH,1992,3.088
Ethiopia,ETH,1993,2.635
Ethiopia,ETH,1994,2.53
Ethiopia,ETH,1995,1.594
Ethiopia,ETH,1996,0.697
Ethiopia,ETH,1997,-0.149
Ethiopia,ETH,1998,-0.048
Ethiopia,ETH,1999,0.446
Ethiopia,ETH,2000,-0.74
Ethiopia,ETH,2001,-0.274
Ethiopia,ETH,2002,-0.18
Ethiopia,ETH,2003,-0.186
Ethiopia,ETH,2004,-0.334
Ethiopia,ETH,2005,-0.567
Ethiopia,ETH,2006,-0.378
Ethiopia,ETH,2007,-0.005
Ethiopia,ETH,2008,-0.243
Ethiopia,ETH,2009,0.185
Ethiopia,ETH,2010,0.886
Ethiopia,ETH,2011,1.254
Ethiopia,ETH,2012,1.248
Ethiopia,ETH,2013,0.822
Ethiopia,ETH,2014,1.02
Ethiopia,ETH,2015,0.604
Ethiopia,ETH,2016,1.085
Ethiopia,ETH,2017,0.654
Ethiopia,ETH,2018,0.083
Ethiopia,ETH,2019,-0.093
Ethiopia,ETH,2020,0.327
Ethiopia,ETH,2021,-0.011
Ethiopia,ETH,2022,-0.096
Ethiopia,ETH,2023,-0.093
Europe (UN),UN_EUR,1950,-0.984
Europe (UN),UN_EUR,1951,-1.235
Europe (UN),UN_EUR,1952,-1.07
Europe (UN),UN_EUR,1953,-0.304
Europe (UN),UN_EUR,1954,-0.555
Europe (UN),UN_EUR,1955,-0.498
Europe (UN),UN_EUR,1956,-0.812
Europe (UN),UN_EUR,1957,0.336
Europe (UN),UN_EUR,1958,0.082
Europe (UN),UN_EUR,1959,-0.845
Europe (UN),UN_EUR,1960,-0.536
Europe (UN),UN_EUR,1961,-0.46
Europe (UN),UN_EUR,1962,0.13
Europe (UN),UN_EUR,1963,0.005
Europe (UN),UN_EUR,1964,-0.276
Europe (UN),UN_EUR,1965,-0.015
Europe (UN),UN_EUR,1966,0.044
Europe (UN),UN_EUR,1967,-0.583
Europe (UN),UN_EUR,1968,0.3
Europe (UN),UN_EUR,1969,0.616
Europe (UN),UN_EUR,1970,-1.153
Europe (UN),UN_EUR,1971,0.981
Europe (UN),UN_EUR,1972,0.903
Europe (UN),UN_EUR,1973,0.786
Europe (UN),UN_EUR,1974,0.198
Europe (UN),UN_EUR,1975,-0.064
Europe (UN),UN_EUR,1976,0.352
Europe (UN),UN_EUR,1977,0.366
Europe (UN),UN_EUR,1978,0.374
Europe (UN),UN_EUR,1979,0.677
Europe (UN),UN_EUR,1980,1.226
Europe (UN),UN_EUR,1981,0.349
Europe (UN),UN_EUR,1982,-0.041
Europe (UN),UN_EUR,1983,0.283
Europe (UN),UN_EUR,1984,0.287
Europe (UN),UN_EUR,1985,0.689
Europe (UN),UN_EUR,1986,0.764
Europe (UN),UN_EUR,1987,0.623
Europe (UN),UN_EUR,1988,1.179
Europe (UN),UN_EUR,1989,1.066
Europe (UN),UN_EUR,1990,1.356
Europe (UN),UN_EUR,1991,1.262
Europe (UN),UN_EUR,1992,-0.512
Europe (UN),UN_EUR,1993,1.25
Europe (UN),UN_EUR,1994,2.469
Europe (UN),UN_EUR,1995,0.956
Europe (UN),UN_EUR,1996,1.335
Europe (UN),UN_EUR,1997,0.961
Europe (UN),UN_EUR,1998,-0.35
Europe (UN),UN_EUR,1999,1.266
Europe (UN),UN_EUR,2000,1.665
Europe (UN),UN_EUR,2001,1.609
Europe (UN),UN_EUR,2002,4.07
Europe (UN),UN_EUR,2003,2.682
Europe (UN),UN_EUR,2004,2.482
Europe (UN),UN_EUR,2005,2.09
Europe (UN),UN_EUR,2006,1.637
Europe (UN),UN_EUR,2007,2.783
Europe (UN),UN_EUR,2008,2.094
Europe (UN),UN_EUR,2009,1.511
Europe (UN),UN_EUR,2010,1.516
Europe (UN),UN_EUR,2011,1.477
Europe (UN),UN_EUR,2012,1.138
Europe (UN),UN_EUR,2013,1.41
Europe (UN),UN_EUR,2014,1.608
Europe (UN),UN_EUR,2015,2.843
Europe (UN),UN_EUR,2016,2.305
Europe (UN),UN_EUR,2017,2.286
Europe (UN),UN_EUR,2018,2.46
Europe (UN),UN_EUR,2019,2.461
Europe (UN),UN_EUR,2020,1.947
Europe (UN),UN_EUR,2021,2.256
Europe (UN),UN_EUR,2022,0.017
Europe (UN),UN_EUR,2023,2.026
Falkland Islands,FLK,1950,-1.826
Falkland Islands,FLK,1951,1.362
Falkland Islands,FLK,1952,1.809
Falkland Islands,FLK,1953,-4.991
Falkland Islands,FLK,1954,0.457
Falkland Islands,FLK,1955,0.916
Falkland Islands,FLK,1956,1.37
Falkland Islands,FLK,1957,1.819
Falkland Islands,FLK,1958,2.255
Falkland Islands,FLK,1959,2.68
Falkland Islands,FLK,1960,2.21
Falkland Islands,FLK,1961,3.497
Falkland Islands,FLK,1962,0
Falkland Islands,FLK,1963,-6.941
Falkland Islands,FLK,1964,-7.382
Falkland Islands,FLK,1965,-7.396
Falkland Islands,FLK,1966,-7.407
Falkland Islands,FLK,1967,-7.86
Falkland Islands,FLK,1968,-7.018
Falkland Islands,FLK,1969,-6.15
Falkland Islands,FLK,1970,-5.714
Falkland Islands,FLK,1971,-5.281
Falkland Islands,FLK,1972,-0.878
Falkland Islands,FLK,1973,-2.629
Falkland Islands,FLK,1974,-2.186
Falkland Islands,FLK,1975,-1.744
Falkland Islands,FLK,1976,-1.74
Falkland Islands,FLK,1977,-1.744
Falkland Islands,FLK,1978,-2.193
Falkland Islands,FLK,1979,-3.09
Falkland Islands,FLK,1980,0
Falkland Islands,FLK,1981,4.451
Falkland Islands,FLK,1982,4.45
Falkland Islands,FLK,1983,5.782
Falkland Islands,FLK,1984,6.233
Falkland Islands,FLK,1985,7.14
Falkland Islands,FLK,1986,8.478
Falkland Islands,FLK,1987,18.154
Falkland Islands,FLK,1988,18.345
Falkland Islands,FLK,1989,18.107
Falkland Islands,FLK,1990,17.477
Falkland Islands,FLK,1991,35.908
Falkland Islands,FLK,1992,39.5
Falkland Islands,FLK,1993,39.231
Falkland Islands,FLK,1994,37.835
Falkland Islands,FLK,1995,35.05
Falkland Islands,FLK,1996,22.823
Falkland Islands,FLK,1997,18.891
Falkland Islands,FLK,1998,18.484
Falkland Islands,FLK,1999,16.79
Falkland Islands,FLK,2000,15.176
Falkland Islands,FLK,2001,3.817
Falkland Islands,FLK,2002,0.631
Falkland Islands,FLK,2003,0
Falkland Islands,FLK,2004,-0.624
Falkland Islands,FLK,2005,-1.554
Falkland Islands,FLK,2006,-3.409
Falkland Islands,FLK,2007,-8.358
Falkland Islands,FLK,2008,-8.996
Falkland Islands,FLK,2009,-9.03
Falkland Islands,FLK,2010,-9.695
Falkland Islands,FLK,2011,-10.682
Falkland Islands,FLK,2012,9.061
Falkland Islands,FLK,2013,17.767
Falkland Islands,FLK,2014,17.67
Falkland Islands,FLK,2015,17.315
Falkland Islands,FLK,2016,14.374
Falkland Islands,FLK,2017,-3.98
Falkland Islands,FLK,2018,-5.396
Falkland Islands,FLK,2019,-7.678
Falkland Islands,FLK,2020,-8.843
Falkland Islands,FLK,2021,-4.86
Falkland Islands,FLK,2022,-6.017
Falkland Islands,FLK,2023,-6.041
Faroe Islands,FRO,1950,-4.958
Faroe Islands,FRO,1951,-9.842
Faroe Islands,FRO,1952,-12.338
Faroe Islands,FRO,1953,-12.358
Faroe Islands,FRO,1954,-12.193
Faroe Islands,FRO,1955,-11.709
Faroe Islands,FRO,1956,-1.949
Faroe Islands,FRO,1957,-1.742
Faroe Islands,FRO,1958,-1.718
Faroe Islands,FRO,1959,-1.516
Faroe Islands,FRO,1960,-1.846
Faroe Islands,FRO,1961,-3.444
Faroe Islands,FRO,1962,-3.69
Faroe Islands,FRO,1963,-3.843
Faroe Islands,FRO,1964,-3.71
Faroe Islands,FRO,1965,-3.191
Faroe Islands,FRO,1966,-6.302
Faroe Islands,FRO,1967,-7.661
Faroe Islands,FRO,1968,-7.295
Faroe Islands,FRO,1969,-6.384
Faroe Islands,FRO,1970,-4.05
Faroe Islands,FRO,1971,-1.059
Faroe Islands,FRO,1972,-1.889
Faroe Islands,FRO,1973,-2.17
Faroe Islands,FRO,1974,-1.571
Faroe Islands,FRO,1975,-0.937
Faroe Islands,FRO,1976,-0.317
Faroe Islands,FRO,1977,-0.072
Faroe Islands,FRO,1978,2.526
Faroe Islands,FRO,1979,1.881
Faroe Islands,FRO,1980,2.763
Faroe Islands,FRO,1981,2.957
Faroe Islands,FRO,1982,2.943
Faroe Islands,FRO,1983,2.776
Faroe Islands,FRO,1984,2.614
Faroe Islands,FRO,1985,0.329
Faroe Islands,FRO,1986,0.348
Faroe Islands,FRO,1987,0.667
Faroe Islands,FRO,1988,0.469
Faroe Islands,FRO,1989,0.589
Faroe Islands,FRO,1990,-25.328
Faroe Islands,FRO,1991,-26.828
Faroe Islands,FRO,1992,-27.812
Faroe Islands,FRO,1993,-29.268
Faroe Islands,FRO,1994,-29.658
Faroe Islands,FRO,1995,1.391
Faroe Islands,FRO,1996,1.154
Faroe Islands,FRO,1997,1.819
Faroe Islands,FRO,1998,2.428
Faroe Islands,FRO,1999,1.548
Faroe Islands,FRO,2000,6.592
Faroe Islands,FRO,2001,7.396
Faroe Islands,FRO,2002,6.983
Faroe Islands,FRO,2003,6.853
Faroe Islands,FRO,2004,6.643
Faroe Islands,FRO,2005,-3.887
Faroe Islands,FRO,2006,-3.696
Faroe Islands,FRO,2007,-3.899
Faroe Islands,FRO,2008,-4.248
Faroe Islands,FRO,2009,-3.851
Faroe Islands,FRO,2010,-16.193
Faroe Islands,FRO,2011,0.668
Faroe Islands,FRO,2012,0.166
Faroe Islands,FRO,2013,0.994
Faroe Islands,FRO,2014,1.753
Faroe Islands,FRO,2015,10.206
Faroe Islands,FRO,2016,10.926
Faroe Islands,FRO,2017,12.619
Faroe Islands,FRO,2018,13.246
Faroe Islands,FRO,2019,12.93
Faroe Islands,FRO,2020,10.421
Faroe Islands,FRO,2021,12.426
Faroe Islands,FRO,2022,11.368
Faroe Islands,FRO,2023,10.948
Fiji,FJI,1950,-3.247
Fiji,FJI,1951,-2.961
Fiji,FJI,1952,-2.69
Fiji,FJI,1953,-2.458
Fiji,FJI,1954,-2.216
Fiji,FJI,1955,-1.971
Fiji,FJI,1956,-1.784
Fiji,FJI,1957,-2.671
Fiji,FJI,1958,-2.679
Fiji,FJI,1959,-2.533
Fiji,FJI,1960,-2.423
Fiji,FJI,1961,-2.259
Fiji,FJI,1962,-2.065
Fiji,FJI,1963,-1.886
Fiji,FJI,1964,-1.772
Fiji,FJI,1965,-1.761
Fiji,FJI,1966,-3.336
Fiji,FJI,1967,-7.168
Fiji,FJI,1968,-7.563
Fiji,FJI,1969,-7.777
Fiji,FJI,1970,-8.229
Fiji,FJI,1971,-8.545
Fiji,FJI,1972,-8.807
Fiji,FJI,1973,-8.921
Fiji,FJI,1974,-9.54
Fiji,FJI,1975,-9.684
Fiji,FJI,1976,-7.463
Fiji,FJI,1977,-2.593
Fiji,FJI,1978,-2.629
Fiji,FJI,1979,-2.396
Fiji,FJI,1980,-2.542
Fiji,FJI,1981,-2.37
Fiji,FJI,1982,-2.241
Fiji,FJI,1983,-2.269
Fiji,FJI,1984,-2.011
Fiji,FJI,1985,-2.006
Fiji,FJI,1986,-5.333
Fiji,FJI,1987,-12.793
Fiji,FJI,1988,-13.362
Fiji,FJI,1989,-13.943
Fiji,FJI,1990,-14.329
Fiji,FJI,1991,-14.882
Fiji,FJI,1992,-15.028
Fiji,FJI,1993,-15.273
Fiji,FJI,1994,-15.476
Fiji,FJI,1995,-15.584
Fiji,FJI,1996,-12.319
Fiji,FJI,1997,-6.548
Fiji,FJI,1998,-6.876
Fiji,FJI,1999,-7.083
Fiji,FJI,2000,-7.027
Fiji,FJI,2001,-7.259
Fiji,FJI,2002,-7.116
Fiji,FJI,2003,-7.401
Fiji,FJI,2004,-7.416
Fiji,FJI,2005,-7.393
Fiji,FJI,2006,-7.37
Fiji,FJI,2007,-8.249
Fiji,FJI,2008,-10.861
Fiji,FJI,2009,-11.08
Fiji,FJI,2010,-11.373
Fiji,FJI,2011,-11.387
Fiji,FJI,2012,-11.055
Fiji,FJI,2013,-11.68
Fiji,FJI,2014,-11.435
Fiji,FJI,2015,-11.323
Fiji,FJI,2016,-11.359
Fiji,FJI,2017,-12.633
Fiji,FJI,2018,-12.798
Fiji,FJI,2019,-12.977
Fiji,FJI,2020,-6.566
Fiji,FJI,2021,-6.554
Fiji,FJI,2022,-3.869
Fiji,FJI,2023,-3.559
Finland,FIN,1950,-3.064
Finland,FIN,1951,-4.498
Finland,FIN,1952,-0.887
Finland,FIN,1953,-1.16
Finland,FIN,1954,-0.788
Finland,FIN,1955,-0.647
Finland,FIN,1956,-0.926
Finland,FIN,1957,-1.825
Finland,FIN,1958,-2.225
Finland,FIN,1959,-1.713
Finland,FIN,1960,-2.142
Finland,FIN,1961,-2.651
Finland,FIN,1962,-1.525
Finland,FIN,1963,-1.685
Finland,FIN,1964,-4.487
Finland,FIN,1965,-4.761
Finland,FIN,1966,-2.632
Finland,FIN,1967,-1.162
Finland,FIN,1968,-3.363
Finland,FIN,1969,-9.128
Finland,FIN,1970,-7.941
Finland,FIN,1971,2.664
Finland,FIN,1972,2.719
Finland,FIN,1973,2.477
Finland,FIN,1974,1.256
Finland,FIN,1975,-0.808
Finland,FIN,1976,-2.506
Finland,FIN,1977,-1.202
Finland,FIN,1978,-1.967
Finland,FIN,1979,-1.388
Finland,FIN,1980,-0.463
Finland,FIN,1981,1.101
Finland,FIN,1982,1.473
Finland,FIN,1983,1.426
Finland,FIN,1984,0.814
Finland,FIN,1985,0.493
Finland,FIN,1986,0.303
Finland,FIN,1987,0.168
Finland,FIN,1988,0.357
Finland,FIN,1989,1.163
Finland,FIN,1990,1.789
Finland,FIN,1991,2.895
Finland,FIN,1992,1.856
Finland,FIN,1993,1.783
Finland,FIN,1994,0.753
Finland,FIN,1995,0.847
Finland,FIN,1996,0.733
Finland,FIN,1997,0.958
Finland,FIN,1998,0.857
Finland,FIN,1999,0.698
Finland,FIN,2000,0.482
Finland,FIN,2001,1.203
Finland,FIN,2002,1.01
Finland,FIN,2003,1.137
Finland,FIN,2004,1.33
Finland,FIN,2005,1.763
Finland,FIN,2006,2.055
Finland,FIN,2007,2.652
Finland,FIN,2008,2.941
Finland,FIN,2009,2.787
Finland,FIN,2010,2.625
Finland,FIN,2011,3.118
Finland,FIN,2012,3.305
Finland,FIN,2013,3.34
Finland,FIN,2014,2.914
Finland,FIN,2015,2.309
Finland,FIN,2016,3.152
Finland,FIN,2017,2.425
Finland,FIN,2018,2.143
Finland,FIN,2019,2.838
Finland,FIN,2020,3.166
Finland,FIN,2021,4.058
Finland,FIN,2022,10.837
Finland,FIN,2023,6.812
France,FRA,1950,3.117
France,FRA,1951,4.053
France,FRA,1952,3.536
France,FRA,1953,4.248
France,FRA,1954,3.569
France,FRA,1955,3.766
France,FRA,1956,3.775
France,FRA,1957,3.394
France,FRA,1958,3.072
France,FRA,1959,3.22
France,FRA,1960,3.081
France,FRA,1961,2.743
France,FRA,1962,2.991
France,FRA,1963,3.993
France,FRA,1964,3.374
France,FRA,1965,1.699
France,FRA,1966,1.954
France,FRA,1967,1.271
France,FRA,1968,2.265
France,FRA,1969,3.185
France,FRA,1970,3.6
France,FRA,1971,2.814
France,FRA,1972,1.956
France,FRA,1973,1.992
France,FRA,1974,0.499
France,FRA,1975,0.306
France,FRA,1976,1.124
France,FRA,1977,0.844
France,FRA,1978,0.35
France,FRA,1979,0.639
France,FRA,1980,1.014
France,FRA,1981,1.279
France,FRA,1982,1.486
France,FRA,1983,1.606
France,FRA,1984,1.381
France,FRA,1985,1.193
France,FRA,1986,0.926
France,FRA,1987,1.069
France,FRA,1988,1.241
France,FRA,1989,1.448
France,FRA,1990,0.76
France,FRA,1991,0.615
France,FRA,1992,1.077
France,FRA,1993,0.292
France,FRA,1994,-0.073
France,FRA,1995,-0.294
France,FRA,1996,-0.368
France,FRA,1997,-0.26
France,FRA,1998,0.344
France,FRA,1999,2.868
France,FRA,2000,2.885
France,FRA,2001,2.996
France,FRA,2002,3.172
France,FRA,2003,3.22
France,FRA,2004,3.28
France,FRA,2005,3.106
France,FRA,2006,2.136
France,FRA,2007,1.473
France,FRA,2008,1.267
France,FRA,2009,0.92
France,FRA,2010,0.83
France,FRA,2011,1.101
France,FRA,2012,1.612
France,FRA,2013,1.806
France,FRA,2014,0.809
France,FRA,2015,-0.005
France,FRA,2016,0.239
France,FRA,2017,1.577
France,FRA,2018,2.029
France,FRA,2019,1.095
France,FRA,2020,2.209
France,FRA,2021,1.989
France,FRA,2022,2.706
France,FRA,2023,1.383
French Guiana,GUF,1950,0.256
French Guiana,GUF,1951,0
French Guiana,GUF,1952,0
French Guiana,GUF,1953,0.288
French Guiana,GUF,1954,2.791
French Guiana,GUF,1955,23.43
French Guiana,GUF,1956,23.356
French Guiana,GUF,1957,23.42
French Guiana,GUF,1958,23.052
French Guiana,GUF,1959,22.679
French Guiana,GUF,1960,22.07
French Guiana,GUF,1961,22.24
French Guiana,GUF,1962,25.283
French Guiana,GUF,1963,25.316
French Guiana,GUF,1964,25.36
French Guiana,GUF,1965,25.31
French Guiana,GUF,1966,24.927
French Guiana,GUF,1967,20.29
French Guiana,GUF,1968,7.074
French Guiana,GUF,1969,7.879
French Guiana,GUF,1970,8.557
French Guiana,GUF,1971,8.76
French Guiana,GUF,1972,8.838
French Guiana,GUF,1973,8.791
French Guiana,GUF,1974,15.455
French Guiana,GUF,1975,21.831
French Guiana,GUF,1976,21.17
French Guiana,GUF,1977,20.36
French Guiana,GUF,1978,19.51
French Guiana,GUF,1979,18.735
French Guiana,GUF,1980,18.116
French Guiana,GUF,1981,17.507
French Guiana,GUF,1982,34.495
French Guiana,GUF,1983,37.849
French Guiana,GUF,1984,36.94
French Guiana,GUF,1985,35.783
French Guiana,GUF,1986,34.578
French Guiana,GUF,1987,33.088
French Guiana,GUF,1988,31.59
French Guiana,GUF,1989,30.075
French Guiana,GUF,1990,13.728
French Guiana,GUF,1991,9.728
French Guiana,GUF,1992,9.617
French Guiana,GUF,1993,9.368
French Guiana,GUF,1994,9.061
French Guiana,GUF,1995,8.668
French Guiana,GUF,1996,8.184
French Guiana,GUF,1997,7.814
French Guiana,GUF,1998,7.407
French Guiana,GUF,1999,14.265
French Guiana,GUF,2000,22.413
French Guiana,GUF,2001,23.034
French Guiana,GUF,2002,22.817
French Guiana,GUF,2003,21.195
French Guiana,GUF,2004,22.448
French Guiana,GUF,2005,19.566
French Guiana,GUF,2006,13.338
French Guiana,GUF,2007,12.578
French Guiana,GUF,2008,2.57
French Guiana,GUF,2009,-7.737
French Guiana,GUF,2010,-3.521
French Guiana,GUF,2011,1.186
French Guiana,GUF,2012,5.212
French Guiana,GUF,2013,10.137
French Guiana,GUF,2014,3.765
French Guiana,GUF,2015,-3.094
French Guiana,GUF,2016,-5.154
French Guiana,GUF,2017,-6.544
French Guiana,GUF,2018,-7.414
French Guiana,GUF,2019,-7.347
French Guiana,GUF,2020,-15.115
French Guiana,GUF,2021,-2.839
French Guiana,GUF,2022,-3.758
French Guiana,GUF,2023,-3.596
French Polynesia,PYF,1950,-1.102
French Polynesia,PYF,1951,-1.36
French Polynesia,PYF,1952,-1.169
French Polynesia,PYF,1953,-0.718
French Polynesia,PYF,1954,0.053
French Polynesia,PYF,1955,1.215
French Polynesia,PYF,1956,1.536
French Polynesia,PYF,1957,-10.931
French Polynesia,PYF,1958,-11.113
French Polynesia,PYF,1959,-11.285
French Polynesia,PYF,1960,-11.441
French Polynesia,PYF,1961,-12.294
French Polynesia,PYF,1962,-10.8
French Polynesia,PYF,1963,1.739
French Polynesia,PYF,1964,1.412
French Polynesia,PYF,1965,1.185
French Polynesia,PYF,1966,1.418
French Polynesia,PYF,1967,1.938
French Polynesia,PYF,1968,2.738
French Polynesia,PYF,1969,3.697
French Polynesia,PYF,1970,4.753
French Polynesia,PYF,1971,4.064
French Polynesia,PYF,1972,4.198
French Polynesia,PYF,1973,4.321
French Polynesia,PYF,1974,4.198
French Polynesia,PYF,1975,3.925
French Polynesia,PYF,1976,3.435
French Polynesia,PYF,1977,5.023
French Polynesia,PYF,1978,7.738
French Polynesia,PYF,1979,7.874
French Polynesia,PYF,1980,7.081
French Polynesia,PYF,1981,6.175
French Polynesia,PYF,1982,6.15
French Polynesia,PYF,1983,3.981
French Polynesia,PYF,1984,-1.421
French Polynesia,PYF,1985,-1.703
French Polynesia,PYF,1986,-1.121
French Polynesia,PYF,1987,-1.016
French Polynesia,PYF,1988,-3.553
French Polynesia,PYF,1989,-4.453
French Polynesia,PYF,1990,-5.424
French Polynesia,PYF,1991,-5.275
French Polynesia,PYF,1992,-5.545
French Polynesia,PYF,1993,-6.06
French Polynesia,PYF,1994,-5.81
French Polynesia,PYF,1995,-5.33
French Polynesia,PYF,1996,-4.407
French Polynesia,PYF,1997,-1.984
French Polynesia,PYF,1998,-1.848
French Polynesia,PYF,1999,-3.102
French Polynesia,PYF,2000,-3.002
French Polynesia,PYF,2001,-2.915
French Polynesia,PYF,2002,-2.773
French Polynesia,PYF,2003,0.311
French Polynesia,PYF,2004,-0.022
French Polynesia,PYF,2005,-0.654
French Polynesia,PYF,2006,-1.454
French Polynesia,PYF,2007,-4.166
French Polynesia,PYF,2008,-10.953
French Polynesia,PYF,2009,-10.71
French Polynesia,PYF,2010,-10.78
French Polynesia,PYF,2011,-9.573
French Polynesia,PYF,2012,-7.989
French Polynesia,PYF,2013,-6.349
French Polynesia,PYF,2014,-7.066
French Polynesia,PYF,2015,-6.834
French Polynesia,PYF,2016,-6.454
French Polynesia,PYF,2017,-7.793
French Polynesia,PYF,2018,-13.588
French Polynesia,PYF,2019,-10.092
French Polynesia,PYF,2020,-5.167
French Polynesia,PYF,2021,-4.817
French Polynesia,PYF,2022,-4.807
French Polynesia,PYF,2023,-4.794
Gabon,GAB,1950,0
Gabon,GAB,1951,0
Gabon,GAB,1952,0
Gabon,GAB,1953,0
Gabon,GAB,1954,0
Gabon,GAB,1955,0
Gabon,GAB,1956,0
Gabon,GAB,1957,0
Gabon,GAB,1958,0
Gabon,GAB,1959,0
Gabon,GAB,1960,0
Gabon,GAB,1961,0
Gabon,GAB,1962,0
Gabon,GAB,1963,0
Gabon,GAB,1964,0
Gabon,GAB,1965,0
Gabon,GAB,1966,0
Gabon,GAB,1967,0
Gabon,GAB,1968,0
Gabon,GAB,1969,4.543
Gabon,GAB,1970,3.159
Gabon,GAB,1971,1.857
Gabon,GAB,1972,1.029
Gabon,GAB,1973,0.959
Gabon,GAB,1974,1.05
Gabon,GAB,1975,1.196
Gabon,GAB,1976,1.327
Gabon,GAB,1977,1.401
Gabon,GAB,1978,1.392
Gabon,GAB,1979,1.357
Gabon,GAB,1980,1.323
Gabon,GAB,1981,1.288
Gabon,GAB,1982,1.254
Gabon,GAB,1983,1.221
Gabon,GAB,1984,1.188
Gabon,GAB,1985,1.156
Gabon,GAB,1986,1.124
Gabon,GAB,1987,1.093
Gabon,GAB,1988,1.063
Gabon,GAB,1989,1.034
Gabon,GAB,1990,1.006
Gabon,GAB,1991,0.979
Gabon,GAB,1992,0.953
Gabon,GAB,1993,0.946
Gabon,GAB,1994,1.014
Gabon,GAB,1995,1.17
Gabon,GAB,1996,1.35
Gabon,GAB,1997,1.512
Gabon,GAB,1998,1.696
Gabon,GAB,1999,1.995
Gabon,GAB,2000,2.419
Gabon,GAB,2001,2.902
Gabon,GAB,2002,3.406
Gabon,GAB,2003,3.931
Gabon,GAB,2004,4.804
Gabon,GAB,2005,5.846
Gabon,GAB,2006,6.883
Gabon,GAB,2007,7.74
Gabon,GAB,2008,8.363
Gabon,GAB,2009,9.194
Gabon,GAB,2010,10.044
Gabon,GAB,2011,10.644
Gabon,GAB,2012,10.814
Gabon,GAB,2013,10.239
Gabon,GAB,2014,8.373
Gabon,GAB,2015,5.9
Gabon,GAB,2016,3.522
Gabon,GAB,2017,1.861
Gabon,GAB,2018,1.305
Gabon,GAB,2019,0.985
Gabon,GAB,2020,0.648
Gabon,GAB,2021,0.632
Gabon,GAB,2022,0.406
Gabon,GAB,2023,0.397
Gambia,GMB,1950,7.407
Gambia,GMB,1951,7.224
Gambia,GMB,1952,7.042
Gambia,GMB,1953,6.862
Gambia,GMB,1954,6.686
Gambia,GMB,1955,6.514
Gambia,GMB,1956,6.346
Gambia,GMB,1957,6.182
Gambia,GMB,1958,6.021
Gambia,GMB,1959,5.863
Gambia,GMB,1960,5.708
Gambia,GMB,1961,5.556
Gambia,GMB,1962,5.407
Gambia,GMB,1963,5.262
Gambia,GMB,1964,5.121
Gambia,GMB,1965,4.983
Gambia,GMB,1966,4.849
Gambia,GMB,1967,5.434
Gambia,GMB,1968,5.462
Gambia,GMB,1969,5.412
Gambia,GMB,1970,5.299
Gambia,GMB,1971,5.223
Gambia,GMB,1972,5.152
Gambia,GMB,1973,5.082
Gambia,GMB,1974,4.431
Gambia,GMB,1975,4.909
Gambia,GMB,1976,5.492
Gambia,GMB,1977,6.146
Gambia,GMB,1978,6.735
Gambia,GMB,1979,7.101
Gambia,GMB,1980,7.379
Gambia,GMB,1981,7.357
Gambia,GMB,1982,7.518
Gambia,GMB,1983,8.449
Gambia,GMB,1984,9.366
Gambia,GMB,1985,9.749
Gambia,GMB,1986,9.993
Gambia,GMB,1987,10.271
Gambia,GMB,1988,10.5
Gambia,GMB,1989,10.644
Gambia,GMB,1990,10.659
Gambia,GMB,1991,10.482
Gambia,GMB,1992,8.015
Gambia,GMB,1993,2.635
Gambia,GMB,1994,-1.292
Gambia,GMB,1995,-2.212
Gambia,GMB,1996,-2.265
Gambia,GMB,1997,-2.314
Gambia,GMB,1998,-2.39
Gambia,GMB,1999,-2.467
Gambia,GMB,2000,-2.522
Gambia,GMB,2001,-2.597
Gambia,GMB,2002,-2.649
Gambia,GMB,2003,-2.354
Gambia,GMB,2004,-2.243
Gambia,GMB,2005,-1.925
Gambia,GMB,2006,-1.554
Gambia,GMB,2007,-1.314
Gambia,GMB,2008,-1.212
Gambia,GMB,2009,-1.207
Gambia,GMB,2010,-1.275
Gambia,GMB,2011,-1.19
Gambia,GMB,2012,-1.141
Gambia,GMB,2013,-1.177
Gambia,GMB,2014,-1.29
Gambia,GMB,2015,-1.449
Gambia,GMB,2016,-1.526
Gambia,GMB,2017,-1.578
Gambia,GMB,2018,-1.643
Gambia,GMB,2019,-1.704
Gambia,GMB,2020,-0.775
Gambia,GMB,2021,-0.757
Gambia,GMB,2022,-1.138
Gambia,GMB,2023,-1.112
Georgia,GEO,1950,2.98
Georgia,GEO,1951,3.263
Georgia,GEO,1952,3.222
Georgia,GEO,1953,3.18
Georgia,GEO,1954,2.814
Georgia,GEO,1955,3.026
Georgia,GEO,1956,3.233
Georgia,GEO,1957,3.426
Georgia,GEO,1958,3.611
Georgia,GEO,1959,3.865
Georgia,GEO,1960,4.129
Georgia,GEO,1961,4.363
Georgia,GEO,1962,4.513
Georgia,GEO,1963,4.531
Georgia,GEO,1964,4.446
Georgia,GEO,1965,4.285
Georgia,GEO,1966,7.299
Georgia,GEO,1967,7.579
Georgia,GEO,1968,7.94
Georgia,GEO,1969,7.232
Georgia,GEO,1970,-0.273
Georgia,GEO,1971,-2.271
Georgia,GEO,1972,-2.275
Georgia,GEO,1973,-2.192
Georgia,GEO,1974,-2.075
Georgia,GEO,1975,-1.929
Georgia,GEO,1976,-1.785
Georgia,GEO,1977,-1.625
Georgia,GEO,1978,-1.916
Georgia,GEO,1979,-2.785
Georgia,GEO,1980,-2.438
Georgia,GEO,1981,-2.463
Georgia,GEO,1982,-2.356
Georgia,GEO,1983,-2.062
Georgia,GEO,1984,-2.422
Georgia,GEO,1985,-2.828
Georgia,GEO,1986,-2.606
Georgia,GEO,1987,-2.008
Georgia,GEO,1988,-2.216
Georgia,GEO,1989,-15.581
Georgia,GEO,1990,-19.998
Georgia,GEO,1991,-20.812
Georgia,GEO,1992,-22.977
Georgia,GEO,1993,-29.889
Georgia,GEO,1994,-29.24
Georgia,GEO,1995,-26.433
Georgia,GEO,1996,-27.842
Georgia,GEO,1997,-28.379
Georgia,GEO,1998,-27.961
Georgia,GEO,1999,-29.574
Georgia,GEO,2000,-31.2
Georgia,GEO,2001,-26.361
Georgia,GEO,2002,-14.18
Georgia,GEO,2003,-7.606
Georgia,GEO,2004,-7.548
Georgia,GEO,2005,-7.753
Georgia,GEO,2006,-7.939
Georgia,GEO,2007,-8.101
Georgia,GEO,2008,-8.237
Georgia,GEO,2009,-8.359
Georgia,GEO,2010,-9.396
Georgia,GEO,2011,-9.783
Georgia,GEO,2012,-10.234
Georgia,GEO,2013,-10.532
Georgia,GEO,2014,-4.231
Georgia,GEO,2015,-3.513
Georgia,GEO,2016,-2.792
Georgia,GEO,2017,-2.08
Georgia,GEO,2018,-1.364
Georgia,GEO,2019,-1.425
Georgia,GEO,2020,-0.721
Georgia,GEO,2021,-0.723
Georgia,GEO,2022,7.115
Georgia,GEO,2023,0.526
Germany,DEU,1950,-8.997
Germany,DEU,1951,-6.146
Germany,DEU,1952,-4.416
Germany,DEU,1953,-3.221
Germany,DEU,1954,-2.065
Germany,DEU,1955,-1.188
Germany,DEU,1956,-0.602
Germany,DEU,1957,4.102
Germany,DEU,1958,2.828
Germany,DEU,1959,1.469
Germany,DEU,1960,2.921
Germany,DEU,1961,0.375
Germany,DEU,1962,3.737
Germany,DEU,1963,2.757
Germany,DEU,1964,0.927
Germany,DEU,1965,4.453
Germany,DEU,1966,1.75
Germany,DEU,1967,-2.263
Germany,DEU,1968,3.793
Germany,DEU,1969,7.493
Germany,DEU,1970,-3.497
Germany,DEU,1971,5.748
Germany,DEU,1972,4.268
Germany,DEU,1973,4.899
Germany,DEU,1974,-0.191
Germany,DEU,1975,-2.64
Germany,DEU,1976,-1.018
Germany,DEU,1977,0.433
Germany,DEU,1978,1.5
Germany,DEU,1979,3.042
Germany,DEU,1980,4.14
Germany,DEU,1981,1.666
Germany,DEU,1982,-0.741
Germany,DEU,1983,-1.04
Germany,DEU,1984,-1.933
Germany,DEU,1985,1.33
Germany,DEU,1986,2.731
Germany,DEU,1987,2.232
Germany,DEU,1988,6.582
Germany,DEU,1989,9.632
Germany,DEU,1990,8.527
Germany,DEU,1991,7.505
Germany,DEU,1992,10.028
Germany,DEU,1993,5.671
Germany,DEU,1994,3.859
Germany,DEU,1995,4.853
Germany,DEU,1996,3.419
Germany,DEU,1997,1.132
Germany,DEU,1998,-9.2
Germany,DEU,1999,2.685
Germany,DEU,2000,2.134
Germany,DEU,2001,3.33
Germany,DEU,2002,2.666
Germany,DEU,2003,1.729
Germany,DEU,2004,0.996
Germany,DEU,2005,0.992
Germany,DEU,2006,-5.986
Germany,DEU,2007,-0.305
Germany,DEU,2008,-0.288
Germany,DEU,2009,0.575
Germany,DEU,2010,1.61
Germany,DEU,2011,3.652
Germany,DEU,2012,2.461
Germany,DEU,2013,5.706
Germany,DEU,2014,7.279
Germany,DEU,2015,14.319
Germany,DEU,2016,6.253
Germany,DEU,2017,5.451
Germany,DEU,2018,4.845
Germany,DEU,2019,3.819
Germany,DEU,2020,2.433
Germany,DEU,2021,3.707
Germany,DEU,2022,11.673
Germany,DEU,2023,7.21
Ghana,GHA,1950,2.807
Ghana,GHA,1951,2.65
Ghana,GHA,1952,2.273
Ghana,GHA,1953,1.635
Ghana,GHA,1954,1.704
Ghana,GHA,1955,1.619
Ghana,GHA,1956,1.552
Ghana,GHA,1957,1.41
Ghana,GHA,1958,0.575
Ghana,GHA,1959,1.555
Ghana,GHA,1960,1.75
Ghana,GHA,1961,-6.81
Ghana,GHA,1962,-6.544
Ghana,GHA,1963,-6.19
Ghana,GHA,1964,-5.65
Ghana,GHA,1965,-4.887
Ghana,GHA,1966,-4.724
Ghana,GHA,1967,-4.312
Ghana,GHA,1968,-4.328
Ghana,GHA,1969,-3.308
Ghana,GHA,1970,-1.146
Ghana,GHA,1971,-1.334
Ghana,GHA,1972,-0.486
Ghana,GHA,1973,-0.12
Ghana,GHA,1974,-0.12
Ghana,GHA,1975,-0.028
Ghana,GHA,1976,-0.239
Ghana,GHA,1977,1.397
Ghana,GHA,1978,1.604
Ghana,GHA,1979,1.75
Ghana,GHA,1980,-1.136
Ghana,GHA,1981,-1.001
Ghana,GHA,1982,0.622
Ghana,GHA,1983,1.172
Ghana,GHA,1984,-7.902
Ghana,GHA,1985,-7.822
Ghana,GHA,1986,-7.025
Ghana,GHA,1987,-5.924
Ghana,GHA,1988,-4.428
Ghana,GHA,1989,-3.485
Ghana,GHA,1990,-3.039
Ghana,GHA,1991,-3.666
Ghana,GHA,1992,-2.949
Ghana,GHA,1993,-3.001
Ghana,GHA,1994,-2.773
Ghana,GHA,1995,-2.446
Ghana,GHA,1996,-2.084
Ghana,GHA,1997,-0.845
Ghana,GHA,1998,-0.94
Ghana,GHA,1999,-0.904
Ghana,GHA,2000,-0.214
Ghana,GHA,2001,1.788
Ghana,GHA,2002,1.957
Ghana,GHA,2003,1.351
Ghana,GHA,2004,1.575
Ghana,GHA,2005,0.948
Ghana,GHA,2006,1.239
Ghana,GHA,2007,1.388
Ghana,GHA,2008,1.258
Ghana,GHA,2009,0.902
Ghana,GHA,2010,-0.146
Ghana,GHA,2011,-0.028
Ghana,GHA,2012,0.038
Ghana,GHA,2013,-0.087
Ghana,GHA,2014,-0.225
Ghana,GHA,2015,-0.464
Ghana,GHA,2016,0.239
Ghana,GHA,2017,-0.164
Ghana,GHA,2018,-0.632
Ghana,GHA,2019,-0.699
Ghana,GHA,2020,-0.009
Ghana,GHA,2021,-0.346
Ghana,GHA,2022,-0.302
Ghana,GHA,2023,-0.296
Gibraltar,GIB,1950,-26.875
Gibraltar,GIB,1951,-20.408
Gibraltar,GIB,1952,-7.871
Gibraltar,GIB,1953,-8.706
Gibraltar,GIB,1954,-8.71
Gibraltar,GIB,1955,-9.318
Gibraltar,GIB,1956,-10.803
Gibraltar,GIB,1957,-12.613
Gibraltar,GIB,1958,-14.21
Gibraltar,GIB,1959,-15.044
Gibraltar,GIB,1960,-15.477
Gibraltar,GIB,1961,-9.922
Gibraltar,GIB,1962,9.866
Gibraltar,GIB,1963,6.504
Gibraltar,GIB,1964,5.104
Gibraltar,GIB,1965,6.24
Gibraltar,GIB,1966,7.037
Gibraltar,GIB,1967,8.635
Gibraltar,GIB,1968,7.937
Gibraltar,GIB,1969,6.968
Gibraltar,GIB,1970,4.055
Gibraltar,GIB,1971,-3.775
Gibraltar,GIB,1972,-3.445
Gibraltar,GIB,1973,-3.486
Gibraltar,GIB,1974,-3.675
Gibraltar,GIB,1975,-4.329
Gibraltar,GIB,1976,-4.016
Gibraltar,GIB,1977,-5.124
Gibraltar,GIB,1978,-6.363
Gibraltar,GIB,1979,-7.454
Gibraltar,GIB,1980,-9.032
Gibraltar,GIB,1981,-10.369
Gibraltar,GIB,1982,-12.446
Gibraltar,GIB,1983,-13.504
Gibraltar,GIB,1984,-14.663
Gibraltar,GIB,1985,-15.818
Gibraltar,GIB,1986,-17.297
Gibraltar,GIB,1987,-18.366
Gibraltar,GIB,1988,-19.11
Gibraltar,GIB,1989,-21.058
Gibraltar,GIB,1990,-22.831
Gibraltar,GIB,1991,-18.737
Gibraltar,GIB,1992,-2.046
Gibraltar,GIB,1993,-2.955
Gibraltar,GIB,1994,-3.304
Gibraltar,GIB,1995,-4.201
Gibraltar,GIB,1996,-4.184
Gibraltar,GIB,1997,-4.749
Gibraltar,GIB,1998,-5.787
Gibraltar,GIB,1999,-6.356
Gibraltar,GIB,2000,-7.362
Gibraltar,GIB,2001,-10.196
Gibraltar,GIB,2002,12.288
Gibraltar,GIB,2003,12.131
Gibraltar,GIB,2004,11.771
Gibraltar,GIB,2005,11.247
Gibraltar,GIB,2006,9.732
Gibraltar,GIB,2007,9.098
Gibraltar,GIB,2008,8.418
Gibraltar,GIB,2009,8.046
Gibraltar,GIB,2010,8.161
Gibraltar,GIB,2011,6.728
Gibraltar,GIB,2012,4.839
Gibraltar,GIB,2013,6.449
Gibraltar,GIB,2014,5.76
Gibraltar,GIB,2015,5.152
Gibraltar,GIB,2016,11.914
Gibraltar,GIB,2017,12.294
Gibraltar,GIB,2018,12.681
Gibraltar,GIB,2019,13.383
Gibraltar,GIB,2020,14.209
Gibraltar,GIB,2021,15.22
Gibraltar,GIB,2022,16.299
Gibraltar,GIB,2023,17.91
Greece,GRC,1950,-2.902
Greece,GRC,1951,-2.879
Greece,GRC,1952,-2.848
Greece,GRC,1953,-2.456
Greece,GRC,1954,-2.714
Greece,GRC,1955,-2.761
Greece,GRC,1956,-2.376
Greece,GRC,1957,-2.276
Greece,GRC,1958,-2.525
Greece,GRC,1959,-1.994
Greece,GRC,1960,-1.908
Greece,GRC,1961,-7.234
Greece,GRC,1962,-8.848
Greece,GRC,1963,-9.112
Greece,GRC,1964,-9.017
Greece,GRC,1965,-9.573
Greece,GRC,1966,2.472
Greece,GRC,1967,-6.453
Greece,GRC,1968,-0.049
Greece,GRC,1969,-13.552
Greece,GRC,1970,-6.192
Greece,GRC,1971,-1.451
Greece,GRC,1972,-0.406
Greece,GRC,1973,-4.766
Greece,GRC,1974,-2.53
Greece,GRC,1975,6.794
Greece,GRC,1976,9.782
Greece,GRC,1977,2.068
Greece,GRC,1978,6.472
Greece,GRC,1979,7.578
Greece,GRC,1980,4.916
Greece,GRC,1981,2.569
Greece,GRC,1982,2
Greece,GRC,1983,1.882
Greece,GRC,1984,1.981
Greece,GRC,1985,1.603
Greece,GRC,1986,1.89
Greece,GRC,1987,1.875
Greece,GRC,1988,2.02
Greece,GRC,1989,1.846
Greece,GRC,1990,2.563
Greece,GRC,1991,3.679
Greece,GRC,1992,3.958
Greece,GRC,1993,3.825
Greece,GRC,1994,4.099
Greece,GRC,1995,4.057
Greece,GRC,1996,4.11
Greece,GRC,1997,4.3
Greece,GRC,1998,4.483
Greece,GRC,1999,4.654
Greece,GRC,2000,5.069
Greece,GRC,2001,5.569
Greece,GRC,2002,2.359
Greece,GRC,2003,2.319
Greece,GRC,2004,2.653
Greece,GRC,2005,3.032
Greece,GRC,2006,2.507
Greece,GRC,2007,2.3
Greece,GRC,2008,2.445
Greece,GRC,2009,1.637
Greece,GRC,2010,0.18
Greece,GRC,2011,-2.861
Greece,GRC,2012,-5.916
Greece,GRC,2013,-5.409
Greece,GRC,2014,-4.285
Greece,GRC,2015,-4.016
Greece,GRC,2016,0.973
Greece,GRC,2017,0.975
Greece,GRC,2018,1.672
Greece,GRC,2019,3.43
Greece,GRC,2020,0.594
Greece,GRC,2021,-15.15
Greece,GRC,2022,-5.186
Greece,GRC,2023,-15.565
Greenland,GRL,1950,2.197
Greenland,GRL,1951,-3.93
Greenland,GRL,1952,1.241
Greenland,GRL,1953,0.766
Greenland,GRL,1954,0.667
Greenland,GRL,1955,-0.173
Greenland,GRL,1956,6.438
Greenland,GRL,1957,6.617
Greenland,GRL,1958,7.405
Greenland,GRL,1959,7.811
Greenland,GRL,1960,7.289
Greenland,GRL,1961,-0.718
Greenland,GRL,1962,-0.953
Greenland,GRL,1963,-0.195
Greenland,GRL,1964,0.806
Greenland,GRL,1965,1.634
Greenland,GRL,1966,5.304
Greenland,GRL,1967,4.807
Greenland,GRL,1968,6.171
Greenland,GRL,1969,8.972
Greenland,GRL,1970,11.402
Greenland,GRL,1971,1.161
Greenland,GRL,1972,1.777
Greenland,GRL,1973,2.168
Greenland,GRL,1974,2.242
Greenland,GRL,1975,0.447
Greenland,GRL,1976,-2.561
Greenland,GRL,1977,-10.532
Greenland,GRL,1978,-9.849
Greenland,GRL,1979,-9.337
Greenland,GRL,1980,0.08
Greenland,GRL,1981,-0.355
Greenland,GRL,1982,-0.136
Greenland,GRL,1983,0.75
Greenland,GRL,1984,0.418
Greenland,GRL,1985,-2.951
Greenland,GRL,1986,-2.14
Greenland,GRL,1987,-2.322
Greenland,GRL,1988,-3.741
Greenland,GRL,1989,-4.519
Greenland,GRL,1990,-11.648
Greenland,GRL,1991,-12.419
Greenland,GRL,1992,-13.416
Greenland,GRL,1993,-13.146
Greenland,GRL,1994,-12.483
Greenland,GRL,1995,-7.754
Greenland,GRL,1996,-8.268
Greenland,GRL,1997,-9.287
Greenland,GRL,1998,-8.655
Greenland,GRL,1999,-9.134
Greenland,GRL,2000,-4.074
Greenland,GRL,2001,-4.999
Greenland,GRL,2002,-5.531
Greenland,GRL,2003,-5.197
Greenland,GRL,2004,-5.465
Greenland,GRL,2005,-8.358
Greenland,GRL,2006,-8.438
Greenland,GRL,2007,-8.894
Greenland,GRL,2008,-9.213
Greenland,GRL,2009,-9.949
Greenland,GRL,2010,-0.813
Greenland,GRL,2011,-4.293
Greenland,GRL,2012,-9.734
Greenland,GRL,2013,-11.555
Greenland,GRL,2014,-12.497
Greenland,GRL,2015,-5.623
Greenland,GRL,2016,-6.1
Greenland,GRL,2017,-6.242
Greenland,GRL,2018,-5.885
Greenland,GRL,2019,-5.492
Greenland,GRL,2020,-5.849
Greenland,GRL,2021,-5.781
Greenland,GRL,2022,-5.769
Greenland,GRL,2023,-5.686
Grenada,GRD,1950,-13.144
Grenada,GRD,1951,-11.122
Grenada,GRD,1952,-10.946
Grenada,GRD,1953,-10.484
Grenada,GRD,1954,-9.865
Grenada,GRD,1955,-8.944
Grenada,GRD,1956,-8.03
Grenada,GRD,1957,-10.063
Grenada,GRD,1958,-14.196
Grenada,GRD,1959,-18.882
Grenada,GRD,1960,-23.975
Grenada,GRD,1961,-26.902
Grenada,GRD,1962,-28.378
Grenada,GRD,1963,-29.898
Grenada,GRD,1964,-31.415
Grenada,GRD,1965,-32.846
Grenada,GRD,1966,-34.139
Grenada,GRD,1967,-32.643
Grenada,GRD,1968,-30.308
Grenada,GRD,1969,-28.098
Grenada,GRD,1970,-26.075
Grenada,GRD,1971,-24.968
Grenada,GRD,1972,-25.937
Grenada,GRD,1973,-26.492
Grenada,GRD,1974,-26.948
Grenada,GRD,1975,-27.016
Grenada,GRD,1976,-27.092
Grenada,GRD,1977,-27.232
Grenada,GRD,1978,-27.486
Grenada,GRD,1979,-28.726
Grenada,GRD,1980,-30.295
Grenada,GRD,1981,-16.704
Grenada,GRD,1982,-12.725
Grenada,GRD,1983,-13.418
Grenada,GRD,1984,-14.828
Grenada,GRD,1985,-16.179
Grenada,GRD,1986,-16.696
Grenada,GRD,1987,-16.273
Grenada,GRD,1988,-12.644
Grenada,GRD,1989,-12.651
Grenada,GRD,1990,-10.885
Grenada,GRD,1991,-11.211
Grenada,GRD,1992,-9.99
Grenada,GRD,1993,-8.576
Grenada,GRD,1994,-8.271
Grenada,GRD,1995,-8.241
Grenada,GRD,1996,-8.08
Grenada,GRD,1997,-7.332
Grenada,GRD,1998,-4.622
Grenada,GRD,1999,-3.504
Grenada,GRD,2000,-3.499
Grenada,GRD,2001,-6.825
Grenada,GRD,2002,-5.415
Grenada,GRD,2003,-5.556
Grenada,GRD,2004,-5.68
Grenada,GRD,2005,-6.124
Grenada,GRD,2006,-6.102
Grenada,GRD,2007,-6.162
Grenada,GRD,2008,-6.159
Grenada,GRD,2009,-6.067
Grenada,GRD,2010,-5.96
Grenada,GRD,2011,-2.543
Grenada,GRD,2012,-1.747
Grenada,GRD,2013,-1.595
Grenada,GRD,2014,-1.586
Grenada,GRD,2015,-1.578
Grenada,GRD,2016,-1.572
Grenada,GRD,2017,-1.568
Grenada,GRD,2018,-1.565
Grenada,GRD,2019,-1.561
Grenada,GRD,2020,0
Grenada,GRD,2021,-0.591
Grenada,GRD,2022,-1.625
Grenada,GRD,2023,-1.623
Guadeloupe,GLP,1950,-12.639
Guadeloupe,GLP,1951,3.516
Guadeloupe,GLP,1952,3.803
Guadeloupe,GLP,1953,3.1
Guadeloupe,GLP,1954,1.246
Guadeloupe,GLP,1955,-0.519
Guadeloupe,GLP,1956,-0.008
Guadeloupe,GLP,1957,0.539
Guadeloupe,GLP,1958,0.321
Guadeloupe,GLP,1959,0.415
Guadeloupe,GLP,1960,-0.329
Guadeloupe,GLP,1961,-4.124
Guadeloupe,GLP,1962,-11.479
Guadeloupe,GLP,1963,-12.589
Guadeloupe,GLP,1964,-12.76
Guadeloupe,GLP,1965,-13.045
Guadeloupe,GLP,1966,-13.144
Guadeloupe,GLP,1967,-14.282
Guadeloupe,GLP,1968,-17.555
Guadeloupe,GLP,1969,-18.551
Guadeloupe,GLP,1970,-19.075
Guadeloupe,GLP,1971,-19.553
Guadeloupe,GLP,1972,-19.864
Guadeloupe,GLP,1973,-19.828
Guadeloupe,GLP,1974,-16.942
Guadeloupe,GLP,1975,-9.834
Guadeloupe,GLP,1976,-8.042
Guadeloupe,GLP,1977,-8.456
Guadeloupe,GLP,1978,-8.922
Guadeloupe,GLP,1979,-9.322
Guadeloupe,GLP,1980,-10.501
Guadeloupe,GLP,1981,-7.022
Guadeloupe,GLP,1982,1.164
Guadeloupe,GLP,1983,5.492
Guadeloupe,GLP,1984,6.198
Guadeloupe,GLP,1985,6.165
Guadeloupe,GLP,1986,6.098
Guadeloupe,GLP,1987,5.955
Guadeloupe,GLP,1988,5.843
Guadeloupe,GLP,1989,4.321
Guadeloupe,GLP,1990,1.088
Guadeloupe,GLP,1991,-1.354
Guadeloupe,GLP,1992,-1.906
Guadeloupe,GLP,1993,-2.041
Guadeloupe,GLP,1994,-2.181
Guadeloupe,GLP,1995,-2.384
Guadeloupe,GLP,1996,-2.546
Guadeloupe,GLP,1997,-2.639
Guadeloupe,GLP,1998,-6.143
Guadeloupe,GLP,1999,-14.024
Guadeloupe,GLP,2000,-14.698
Guadeloupe,GLP,2001,-15.262
Guadeloupe,GLP,2002,-15.483
Guadeloupe,GLP,2003,-15.735
Guadeloupe,GLP,2004,-15.84
Guadeloupe,GLP,2005,-16.083
Guadeloupe,GLP,2006,-5.432
Guadeloupe,GLP,2007,-5.484
Guadeloupe,GLP,2008,-6.458
Guadeloupe,GLP,2009,-7.514
Guadeloupe,GLP,2010,-6.455
Guadeloupe,GLP,2011,-5.136
Guadeloupe,GLP,2012,-6.953
Guadeloupe,GLP,2013,-8.931
Guadeloupe,GLP,2014,-10.783
Guadeloupe,GLP,2015,-12.846
Guadeloupe,GLP,2016,7.016
Guadeloupe,GLP,2017,24.037
Guadeloupe,GLP,2018,-19.789
Guadeloupe,GLP,2019,-11.466
Guadeloupe,GLP,2020,-8.611
Guadeloupe,GLP,2021,-35.563
Guadeloupe,GLP,2022,-40.187
Guadeloupe,GLP,2023,-5.822
Guam,GUM,1950,-14.147
Guam,GUM,1951,-13.785
Guam,GUM,1952,-14.556
Guam,GUM,1953,-14.659
Guam,GUM,1954,-14.69
Guam,GUM,1955,-15.84
Guam,GUM,1956,-15.381
Guam,GUM,1957,-16.108
Guam,GUM,1958,-13.641
Guam,GUM,1959,-13.011
Guam,GUM,1960,-4.93
Guam,GUM,1961,-2.393
Guam,GUM,1962,-2.391
Guam,GUM,1963,-1.217
Guam,GUM,1964,-1.053
Guam,GUM,1965,-0.91
Guam,GUM,1966,-2.219
Guam,GUM,1967,-1.54
Guam,GUM,1968,-1.795
Guam,GUM,1969,-3.324
Guam,GUM,1970,-1.692
Guam,GUM,1971,-1.2
Guam,GUM,1972,-1.092
Guam,GUM,1973,-1.633
Guam,GUM,1974,-2.286
Guam,GUM,1975,-3.597
Guam,GUM,1976,-3.216
Guam,GUM,1977,-3.474
Guam,GUM,1978,-2.182
Guam,GUM,1979,-0.991
Guam,GUM,1980,2.045
Guam,GUM,1981,3.012
Guam,GUM,1982,2.902
Guam,GUM,1983,1.075
Guam,GUM,1984,2.191
Guam,GUM,1985,1.325
Guam,GUM,1986,0.939
Guam,GUM,1987,0.542
Guam,GUM,1988,0.434
Guam,GUM,1989,0.531
Guam,GUM,1990,-3.157
Guam,GUM,1991,-4.921
Guam,GUM,1992,-5.381
Guam,GUM,1993,-5.924
Guam,GUM,1994,-6.056
Guam,GUM,1995,-6.122
Guam,GUM,1996,-6.686
Guam,GUM,1997,-6.716
Guam,GUM,1998,-6.717
Guam,GUM,1999,-5.881
Guam,GUM,2000,-9.377
Guam,GUM,2001,-10.76
Guam,GUM,2002,-9.74
Guam,GUM,2003,-11.036
Guam,GUM,2004,-12.424
Guam,GUM,2005,-11.814
Guam,GUM,2006,-13.118
Guam,GUM,2007,-13.635
Guam,GUM,2008,-13.139
Guam,GUM,2009,-12.276
Guam,GUM,2010,-14.712
Guam,GUM,2011,-15.635
Guam,GUM,2012,-18.012
Guam,GUM,2013,-16.924
Guam,GUM,2014,-17.702
Guam,GUM,2015,-17.809
Guam,GUM,2016,-19.559
Guam,GUM,2017,-19.092
Guam,GUM,2018,-18.567
Guam,GUM,2019,-18.335
Guam,GUM,2020,-1.505
Guam,GUM,2021,-1.49
Guam,GUM,2022,-3.027
Guam,GUM,2023,-3.003
Guatemala,GTM,1950,0.319
Guatemala,GTM,1951,0.262
Guatemala,GTM,1952,-0.03
Guatemala,GTM,1953,-0.612
Guatemala,GTM,1954,-0.487
Guatemala,GTM,1955,-0.516
Guatemala,GTM,1956,-0.527
Guatemala,GTM,1957,-0.624
Guatemala,GTM,1958,-1.357
Guatemala,GTM,1959,-0.348
Guatemala,GTM,1960,-0.046
Guatemala,GTM,1961,0.19
Guatemala,GTM,1962,0.165
Guatemala,GTM,1963,0.054
Guatemala,GTM,1964,-0.096
Guatemala,GTM,1965,-0.145
Guatemala,GTM,1966,-0.79
Guatemala,GTM,1967,-0.947
Guatemala,GTM,1968,-1.483
Guatemala,GTM,1969,-2.08
Guatemala,GTM,1970,-2.734
Guatemala,GTM,1971,-4.245
Guatemala,GTM,1972,-4.541
Guatemala,GTM,1973,-5.083
Guatemala,GTM,1974,-6.034
Guatemala,GTM,1975,-6.907
Guatemala,GTM,1976,-8.103
Guatemala,GTM,1977,-7.225
Guatemala,GTM,1978,-7.362
Guatemala,GTM,1979,-7.027
Guatemala,GTM,1980,-6.253
Guatemala,GTM,1981,-6.429
Guatemala,GTM,1982,-6.377
Guatemala,GTM,1983,-4.431
Guatemala,GTM,1984,-3.278
Guatemala,GTM,1985,-3.184
Guatemala,GTM,1986,-3.919
Guatemala,GTM,1987,-3.802
Guatemala,GTM,1988,-3.569
Guatemala,GTM,1989,-3.517
Guatemala,GTM,1990,-3.073
Guatemala,GTM,1991,-4.407
Guatemala,GTM,1992,-3.37
Guatemala,GTM,1993,-3.768
Guatemala,GTM,1994,-3.332
Guatemala,GTM,1995,-3.871
Guatemala,GTM,1996,-4.11
Guatemala,GTM,1997,-3.995
Guatemala,GTM,1998,-3.511
Guatemala,GTM,1999,-4.143
Guatemala,GTM,2000,-5.574
Guatemala,GTM,2001,-4.974
Guatemala,GTM,2002,-4.511
Guatemala,GTM,2003,-4.367
Guatemala,GTM,2004,-3.702
Guatemala,GTM,2005,-3.793
Guatemala,GTM,2006,-3.151
Guatemala,GTM,2007,-2.976
Guatemala,GTM,2008,-3.059
Guatemala,GTM,2009,-3.028
Guatemala,GTM,2010,-2.488
Guatemala,GTM,2011,-2.247
Guatemala,GTM,2012,-2.162
Guatemala,GTM,2013,-2.32
Guatemala,GTM,2014,-2.577
Guatemala,GTM,2015,-3.017
Guatemala,GTM,2016,-1.904
Guatemala,GTM,2017,-2.582
Guatemala,GTM,2018,-3.353
Guatemala,GTM,2019,-3.376
Guatemala,GTM,2020,-1.379
Guatemala,GTM,2021,-1.699
Guatemala,GTM,2022,-0.474
Guatemala,GTM,2023,-0.493
Guernsey,GGY,1950,23.784
Guernsey,GGY,1951,4.692
Guernsey,GGY,1952,-2.321
Guernsey,GGY,1953,-1.407
Guernsey,GGY,1954,-1.749
Guernsey,GGY,1955,-0.97
Guernsey,GGY,1956,-2.301
Guernsey,GGY,1957,0.772
Guernsey,GGY,1958,-0.192
Guernsey,GGY,1959,0.043
Guernsey,GGY,1960,0.233
Guernsey,GGY,1961,6.76
Guernsey,GGY,1962,8.689
Guernsey,GGY,1963,8.989
Guernsey,GGY,1964,10.489
Guernsey,GGY,1965,11.447
Guernsey,GGY,1966,11.293
Guernsey,GGY,1967,12.187
Guernsey,GGY,1968,12.589
Guernsey,GGY,1969,12.278
Guernsey,GGY,1970,12.734
Guernsey,GGY,1971,2.899
Guernsey,GGY,1972,-1.271
Guernsey,GGY,1973,-1.528
Guernsey,GGY,1974,-1.638
Guernsey,GGY,1975,-2.93
Guernsey,GGY,1976,-2.196
Guernsey,GGY,1977,-1.902
Guernsey,GGY,1978,-1.941
Guernsey,GGY,1979,-2.148
Guernsey,GGY,1980,-2.281
Guernsey,GGY,1981,5.145
Guernsey,GGY,1982,9.604
Guernsey,GGY,1983,6.356
Guernsey,GGY,1984,8.549
Guernsey,GGY,1985,7.899
Guernsey,GGY,1986,9.477
Guernsey,GGY,1987,9.886
Guernsey,GGY,1988,10.07
Guernsey,GGY,1989,9.882
Guernsey,GGY,1990,10.339
Guernsey,GGY,1991,1.819
Guernsey,GGY,1992,-1.882
Guernsey,GGY,1993,-1.126
Guernsey,GGY,1994,-1.749
Guernsey,GGY,1995,-2.391
Guernsey,GGY,1996,1.044
Guernsey,GGY,1997,1.713
Guernsey,GGY,1998,1.69
Guernsey,GGY,1999,1.549
Guernsey,GGY,2000,2.406
Guernsey,GGY,2001,1.025
Guernsey,GGY,2002,0.545
Guernsey,GGY,2003,0.626
Guernsey,GGY,2004,0.263
Guernsey,GGY,2005,0.23
Guernsey,GGY,2006,0.344
Guernsey,GGY,2007,0.409
Guernsey,GGY,2008,0.588
Guernsey,GGY,2009,0.929
Guernsey,GGY,2010,0.715
Guernsey,GGY,2011,1.394
Guernsey,GGY,2012,1.794
Guernsey,GGY,2013,1.241
Guernsey,GGY,2014,1.078
Guernsey,GGY,2015,0.498
Guernsey,GGY,2016,-2.116
Guernsey,GGY,2017,3.216
Guernsey,GGY,2018,6.214
Guernsey,GGY,2019,6.706
Guernsey,GGY,2020,5.096
Guernsey,GGY,2021,7.364
Guernsey,GGY,2022,5.445
Guernsey,GGY,2023,5.936
Guinea,GIN,1950,0
Guinea,GIN,1951,0
Guinea,GIN,1952,0
Guinea,GIN,1953,0
Guinea,GIN,1954,0
Guinea,GIN,1955,0
Guinea,GIN,1956,0
Guinea,GIN,1957,0
Guinea,GIN,1958,0
Guinea,GIN,1959,0
Guinea,GIN,1960,0
Guinea,GIN,1961,0
Guinea,GIN,1962,0
Guinea,GIN,1963,0
Guinea,GIN,1964,0
Guinea,GIN,1965,0
Guinea,GIN,1966,0
Guinea,GIN,1967,0
Guinea,GIN,1968,-0.084
Guinea,GIN,1969,-0.677
Guinea,GIN,1970,-1.614
Guinea,GIN,1971,-2.65
Guinea,GIN,1972,-3.562
Guinea,GIN,1973,-4.231
Guinea,GIN,1974,-4.942
Guinea,GIN,1975,-5.634
Guinea,GIN,1976,-6.181
Guinea,GIN,1977,-6.458
Guinea,GIN,1978,-6.342
Guinea,GIN,1979,-5.801
Guinea,GIN,1980,-5.01
Guinea,GIN,1981,-4.154
Guinea,GIN,1982,-3.415
Guinea,GIN,1983,-2.848
Guinea,GIN,1984,-2.087
Guinea,GIN,1985,-1.241
Guinea,GIN,1986,-0.504
Guinea,GIN,1987,-0.059
Guinea,GIN,1988,-0.105
Guinea,GIN,1989,-0.829
Guinea,GIN,1990,16.729
Guinea,GIN,1991,9.962
Guinea,GIN,1992,-0.475
Guinea,GIN,1993,6.399
Guinea,GIN,1994,-1.202
Guinea,GIN,1995,2.386
Guinea,GIN,1996,-0.64
Guinea,GIN,1997,-13.568
Guinea,GIN,1998,-3.824
Guinea,GIN,1999,-5.588
Guinea,GIN,2000,-9.189
Guinea,GIN,2001,-18.152
Guinea,GIN,2002,-3.856
Guinea,GIN,2003,-4.164
Guinea,GIN,2004,-6.183
Guinea,GIN,2005,-7.681
Guinea,GIN,2006,-5.092
Guinea,GIN,2007,-3.551
Guinea,GIN,2008,-3.326
Guinea,GIN,2009,-3.353
Guinea,GIN,2010,-3.013
Guinea,GIN,2011,-2.728
Guinea,GIN,2012,-3.004
Guinea,GIN,2013,-2.603
Guinea,GIN,2014,-1.982
Guinea,GIN,2015,-1.285
Guinea,GIN,2016,-1.175
Guinea,GIN,2017,-1.108
Guinea,GIN,2018,-0.723
Guinea,GIN,2019,-0.249
Guinea,GIN,2020,-0.326
Guinea,GIN,2021,-0.319
Guinea,GIN,2022,-0.284
Guinea,GIN,2023,-0.277
Guinea-Bissau,GNB,1950,-3.951
Guinea-Bissau,GNB,1951,-10.045
Guinea-Bissau,GNB,1952,-10.942
Guinea-Bissau,GNB,1953,-11.687
Guinea-Bissau,GNB,1954,-12.255
Guinea-Bissau,GNB,1955,-12.676
Guinea-Bissau,GNB,1956,-13.024
Guinea-Bissau,GNB,1957,-13.285
Guinea-Bissau,GNB,1958,-13.532
Guinea-Bissau,GNB,1959,-13.745
Guinea-Bissau,GNB,1960,-13.862
Guinea-Bissau,GNB,1961,-6.137
Guinea-Bissau,GNB,1962,-6.718
Guinea-Bissau,GNB,1963,-10.083
Guinea-Bissau,GNB,1964,-40.671
Guinea-Bissau,GNB,1965,-34.658
Guinea-Bissau,GNB,1966,-19.413
Guinea-Bissau,GNB,1967,2.664
Guinea-Bissau,GNB,1968,4.789
Guinea-Bissau,GNB,1969,-18.969
Guinea-Bissau,GNB,1970,1.922
Guinea-Bissau,GNB,1971,-22.691
Guinea-Bissau,GNB,1972,-3.384
Guinea-Bissau,GNB,1973,-3.348
Guinea-Bissau,GNB,1974,39.603
Guinea-Bissau,GNB,1975,44.004
Guinea-Bissau,GNB,1976,46.26
Guinea-Bissau,GNB,1977,45.73
Guinea-Bissau,GNB,1978,41.602
Guinea-Bissau,GNB,1979,-16.833
Guinea-Bissau,GNB,1980,-9.75
Guinea-Bissau,GNB,1981,-9.842
Guinea-Bissau,GNB,1982,-9.977
Guinea-Bissau,GNB,1983,-10.038
Guinea-Bissau,GNB,1984,-9.974
Guinea-Bissau,GNB,1985,-9.816
Guinea-Bissau,GNB,1986,-9.591
Guinea-Bissau,GNB,1987,-9.302
Guinea-Bissau,GNB,1988,-8.994
Guinea-Bissau,GNB,1989,-8.662
Guinea-Bissau,GNB,1990,-8.371
Guinea-Bissau,GNB,1991,1.63
Guinea-Bissau,GNB,1992,7.352
Guinea-Bissau,GNB,1993,8.087
Guinea-Bissau,GNB,1994,2.906
Guinea-Bissau,GNB,1995,-3.907
Guinea-Bissau,GNB,1996,-6.444
Guinea-Bissau,GNB,1997,-7.015
Guinea-Bissau,GNB,1998,-6.874
Guinea-Bissau,GNB,1999,-6.351
Guinea-Bissau,GNB,2000,-5.646
Guinea-Bissau,GNB,2001,-4.947
Guinea-Bissau,GNB,2002,-4.43
Guinea-Bissau,GNB,2003,-4.161
Guinea-Bissau,GNB,2004,-3.812
Guinea-Bissau,GNB,2005,-3.374
Guinea-Bissau,GNB,2006,-2.927
Guinea-Bissau,GNB,2007,-2.533
Guinea-Bissau,GNB,2008,-2.226
Guinea-Bissau,GNB,2009,-1.848
Guinea-Bissau,GNB,2010,-1.441
Guinea-Bissau,GNB,2011,-1.094
Guinea-Bissau,GNB,2012,-0.873
Guinea-Bissau,GNB,2013,-0.823
Guinea-Bissau,GNB,2014,-0.8
Guinea-Bissau,GNB,2015,-0.78
Guinea-Bissau,GNB,2016,-0.76
Guinea-Bissau,GNB,2017,-0.745
Guinea-Bissau,GNB,2018,-0.726
Guinea-Bissau,GNB,2019,-0.709
Guinea-Bissau,GNB,2020,-0.692
Guinea-Bissau,GNB,2021,-0.678
Guinea-Bissau,GNB,2022,-0.665
Guinea-Bissau,GNB,2023,-0.65
Guyana,GUY,1950,0.49
Guyana,GUY,1951,0.643
Guyana,GUY,1952,1.31
Guyana,GUY,1953,1.892
Guyana,GUY,1954,2.375
Guyana,GUY,1955,2.616
Guyana,GUY,1956,2.449
Guyana,GUY,1957,2.141
Guyana,GUY,1958,2.301
Guyana,GUY,1959,1.622
Guyana,GUY,1960,-6.742
Guyana,GUY,1961,-9.041
Guyana,GUY,1962,-9.033
Guyana,GUY,1963,-8.93
Guyana,GUY,1964,-8.744
Guyana,GUY,1965,-8.419
Guyana,GUY,1966,-8.135
Guyana,GUY,1967,-7.839
Guyana,GUY,1968,-7.5
Guyana,GUY,1969,-7.199
Guyana,GUY,1970,-12.009
Guyana,GUY,1971,-14.231
Guyana,GUY,1972,-14.479
Guyana,GUY,1973,-14.697
Guyana,GUY,1974,-14.92
Guyana,GUY,1975,-15.067
Guyana,GUY,1976,-15.214
Guyana,GUY,1977,-15.338
Guyana,GUY,1978,-15.487
Guyana,GUY,1979,-15.762
Guyana,GUY,1980,-18.017
Guyana,GUY,1981,-21.441
Guyana,GUY,1982,-23.122
Guyana,GUY,1983,-24.585
Guyana,GUY,1984,-25.451
Guyana,GUY,1985,-26.361
Guyana,GUY,1986,-26.881
Guyana,GUY,1987,-27.284
Guyana,GUY,1988,-27.46
Guyana,GUY,1989,-27.647
Guyana,GUY,1990,-27.911
Guyana,GUY,1991,-19.989
Guyana,GUY,1992,-17.127
Guyana,GUY,1993,-17.447
Guyana,GUY,1994,-17.763
Guyana,GUY,1995,-17.951
Guyana,GUY,1996,-18.239
Guyana,GUY,1997,-18.392
Guyana,GUY,1998,-18.538
Guyana,GUY,1999,-18.463
Guyana,GUY,2000,-18.422
Guyana,GUY,2001,-18.379
Guyana,GUY,2002,-17.175
Guyana,GUY,2003,-15.137
Guyana,GUY,2004,-15.658
Guyana,GUY,2005,-16.152
Guyana,GUY,2006,-16.569
Guyana,GUY,2007,-17.052
Guyana,GUY,2008,-17.417
Guyana,GUY,2009,-17.85
Guyana,GUY,2010,-18.225
Guyana,GUY,2011,-18.656
Guyana,GUY,2012,-9.583
Guyana,GUY,2013,-9.209
Guyana,GUY,2014,-8.897
Guyana,GUY,2015,-8.602
Guyana,GUY,2016,-8.263
Guyana,GUY,2017,-7.947
Guyana,GUY,2018,38.169
Guyana,GUY,2019,-25.509
Guyana,GUY,2020,-2.159
Guyana,GUY,2021,-0.845
Guyana,GUY,2022,-7.498
Guyana,GUY,2023,-7.456
Haiti,HTI,1950,-4.508
Haiti,HTI,1951,-4.538
Haiti,HTI,1952,-4.613
Haiti,HTI,1953,-4.514
Haiti,HTI,1954,-4.504
Haiti,HTI,1955,-4.419
Haiti,HTI,1956,-4.404
Haiti,HTI,1957,-4.3
Haiti,HTI,1958,-4.235
Haiti,HTI,1959,-4.156
Haiti,HTI,1960,-4.111
Haiti,HTI,1961,-4.047
Haiti,HTI,1962,-4.062
Haiti,HTI,1963,-4.136
Haiti,HTI,1964,-4.143
Haiti,HTI,1965,-4.121
Haiti,HTI,1966,-4.111
Haiti,HTI,1967,-4.067
Haiti,HTI,1968,-4.05
Haiti,HTI,1969,-4.031
Haiti,HTI,1970,-3.975
Haiti,HTI,1971,-3.919
Haiti,HTI,1972,-3.929
Haiti,HTI,1973,-3.929
Haiti,HTI,1974,-3.957
Haiti,HTI,1975,-3.937
Haiti,HTI,1976,-4.015
Haiti,HTI,1977,-4.038
Haiti,HTI,1978,-4.037
Haiti,HTI,1979,-4.045
Haiti,HTI,1980,-4.079
Haiti,HTI,1981,-4.037
Haiti,HTI,1982,-4.005
Haiti,HTI,1983,-4.023
Haiti,HTI,1984,-4.025
Haiti,HTI,1985,-4.02
Haiti,HTI,1986,-3.999
Haiti,HTI,1987,-3.959
Haiti,HTI,1988,-3.901
Haiti,HTI,1989,-3.851
Haiti,HTI,1990,-3.804
Haiti,HTI,1991,-3.895
Haiti,HTI,1992,-3.842
Haiti,HTI,1993,-3.79
Haiti,HTI,1994,-3.739
Haiti,HTI,1995,-3.68
Haiti,HTI,1996,-3.548
Haiti,HTI,1997,-3.5
Haiti,HTI,1998,-3.434
Haiti,HTI,1999,-3.351
Haiti,HTI,2000,-3.261
Haiti,HTI,2001,-3.171
Haiti,HTI,2002,-3.093
Haiti,HTI,2003,-3.027
Haiti,HTI,2004,-2.963
Haiti,HTI,2005,-2.9
Haiti,HTI,2006,-2.889
Haiti,HTI,2007,-2.88
Haiti,HTI,2008,-2.899
Haiti,HTI,2009,-2.882
Haiti,HTI,2010,-2.899
Haiti,HTI,2011,-2.928
Haiti,HTI,2012,-2.945
Haiti,HTI,2013,-2.966
Haiti,HTI,2014,-3.026
Haiti,HTI,2015,-3.105
Haiti,HTI,2016,-3.175
Haiti,HTI,2017,-3.212
Haiti,HTI,2018,-3.191
Haiti,HTI,2019,-3.117
Haiti,HTI,2020,-3.01
Haiti,HTI,2021,-2.897
Haiti,HTI,2022,-2.801
Haiti,HTI,2023,-2.731
High-income countries,OWID_HIC,1950,-0.239
High-income countries,OWID_HIC,1951,-0.42
High-income countries,OWID_HIC,1952,-0.314
High-income countries,OWID_HIC,1953,0.318
High-income countries,OWID_HIC,1954,-0.147
High-income countries,OWID_HIC,1955,0.021
High-income countries,OWID_HIC,1956,-0.126
High-income countries,OWID_HIC,1957,0.59
High-income countries,OWID_HIC,1958,0.205
High-income countries,OWID_HIC,1959,0.431
High-income countries,OWID_HIC,1960,0.502
High-income countries,OWID_HIC,1961,0.341
High-income countries,OWID_HIC,1962,0.778
High-income countries,OWID_HIC,1963,0.666
High-income countries,OWID_HIC,1964,2.186
High-income countries,OWID_HIC,1965,1.176
High-income countries,OWID_HIC,1966,1.22
High-income countries,OWID_HIC,1967,-0.905
High-income countries,OWID_HIC,1968,1.561
High-income countries,OWID_HIC,1969,1.78
High-income countries,OWID_HIC,1970,1.443
High-income countries,OWID_HIC,1971,2.385
High-income countries,OWID_HIC,1972,2.025
High-income countries,OWID_HIC,1973,1.913
High-income countries,OWID_HIC,1974,1.403
High-income countries,OWID_HIC,1975,0.886
High-income countries,OWID_HIC,1976,1.091
High-income countries,OWID_HIC,1977,1.025
High-income countries,OWID_HIC,1978,1.062
High-income countries,OWID_HIC,1979,1.201
High-income countries,OWID_HIC,1980,1.682
High-income countries,OWID_HIC,1981,1.031
High-income countries,OWID_HIC,1982,0.736
High-income countries,OWID_HIC,1983,0.922
High-income countries,OWID_HIC,1984,0.801
High-income countries,OWID_HIC,1985,1.188
High-income countries,OWID_HIC,1986,1.504
High-income countries,OWID_HIC,1987,1.521
High-income countries,OWID_HIC,1988,1.864
High-income countries,OWID_HIC,1989,2.127
High-income countries,OWID_HIC,1990,1.702
High-income countries,OWID_HIC,1991,3.154
High-income countries,OWID_HIC,1992,2.899
High-income countries,OWID_HIC,1993,2.305
High-income countries,OWID_HIC,1994,2.545
High-income countries,OWID_HIC,1995,1.727
High-income countries,OWID_HIC,1996,2.22
High-income countries,OWID_HIC,1997,2.023
High-income countries,OWID_HIC,1998,1.505
High-income countries,OWID_HIC,1999,2.534
High-income countries,OWID_HIC,2000,2.864
High-income countries,OWID_HIC,2001,3.293
High-income countries,OWID_HIC,2002,3.822
High-income countries,OWID_HIC,2003,3.811
High-income countries,OWID_HIC,2004,3.768
High-income countries,OWID_HIC,2005,3.834
High-income countries,OWID_HIC,2006,3.74
High-income countries,OWID_HIC,2007,4.965
High-income countries,OWID_HIC,2008,4.355
High-income countries,OWID_HIC,2009,3.499
High-income countries,OWID_HIC,2010,3.567
High-income countries,OWID_HIC,2011,4.158
High-income countries,OWID_HIC,2012,3.824
High-income countries,OWID_HIC,2013,3.903
High-income countries,OWID_HIC,2014,4.177
High-income countries,OWID_HIC,2015,4.947
High-income countries,OWID_HIC,2016,4.187
High-income countries,OWID_HIC,2017,3.133
High-income countries,OWID_HIC,2018,3.295
High-income countries,OWID_HIC,2019,3.785
High-income countries,OWID_HIC,2020,1.265
High-income countries,OWID_HIC,2021,2.184
High-income countries,OWID_HIC,2022,7.542
High-income countries,OWID_HIC,2023,3.973
Honduras,HND,1950,-0.053
Honduras,HND,1951,-0.114
Honduras,HND,1952,-0.166
Honduras,HND,1953,-0.317
Honduras,HND,1954,-0.504
Honduras,HND,1955,-0.697
Honduras,HND,1956,-0.913
Honduras,HND,1957,-1.143
Honduras,HND,1958,-1.372
Honduras,HND,1959,-1.665
Honduras,HND,1960,-1.981
Honduras,HND,1961,-2.281
Honduras,HND,1962,-2.529
Honduras,HND,1963,-2.701
Honduras,HND,1964,-2.866
Honduras,HND,1965,-3.012
Honduras,HND,1966,-3.126
Honduras,HND,1967,-3.199
Honduras,HND,1968,-3.214
Honduras,HND,1969,-3.2
Honduras,HND,1970,-3.181
Honduras,HND,1971,-3.146
Honduras,HND,1972,-3.218
Honduras,HND,1973,-3.321
Honduras,HND,1974,-3.531
Honduras,HND,1975,-3.713
Honduras,HND,1976,-3.921
Honduras,HND,1977,-4.054
Honduras,HND,1978,-4.147
Honduras,HND,1979,-4.144
Honduras,HND,1980,-4.144
Honduras,HND,1981,-4.161
Honduras,HND,1982,-4.176
Honduras,HND,1983,-4.122
Honduras,HND,1984,-4.114
Honduras,HND,1985,-4.112
Honduras,HND,1986,-4.004
Honduras,HND,1987,-3.807
Honduras,HND,1988,-3.594
Honduras,HND,1989,-3.335
Honduras,HND,1990,-3.082
Honduras,HND,1991,-3.027
Honduras,HND,1992,-2.956
Honduras,HND,1993,-2.869
Honduras,HND,1994,-2.733
Honduras,HND,1995,-2.562
Honduras,HND,1996,-2.38
Honduras,HND,1997,-2.198
Honduras,HND,1998,-2.027
Honduras,HND,1999,-1.836
Honduras,HND,2000,-1.635
Honduras,HND,2001,-1.442
Honduras,HND,2002,-1.271
Honduras,HND,2003,-1.121
Honduras,HND,2004,-0.97
Honduras,HND,2005,-0.828
Honduras,HND,2006,-0.712
Honduras,HND,2007,-0.643
Honduras,HND,2008,-0.629
Honduras,HND,2009,-0.634
Honduras,HND,2010,-0.648
Honduras,HND,2011,-0.663
Honduras,HND,2012,-0.676
Honduras,HND,2013,-0.685
Honduras,HND,2014,-0.694
Honduras,HND,2015,-0.705
Honduras,HND,2016,-0.71
Honduras,HND,2017,-0.707
Honduras,HND,2018,-0.693
Honduras,HND,2019,-0.658
Honduras,HND,2020,-0.613
Honduras,HND,2021,-0.561
Honduras,HND,2022,-0.514
Honduras,HND,2023,-0.474
Hong Kong,HKG,1950,15.786
Hong Kong,HKG,1951,14.918
Hong Kong,HKG,1952,14.629
Hong Kong,HKG,1953,14.516
Hong Kong,HKG,1954,14.75
Hong Kong,HKG,1955,14.776
Hong Kong,HKG,1956,15.673
Hong Kong,HKG,1957,15.862
Hong Kong,HKG,1958,15.512
Hong Kong,HKG,1959,12.684
Hong Kong,HKG,1960,6.724
Hong Kong,HKG,1961,-79.313
Hong Kong,HKG,1962,-106.493
Hong Kong,HKG,1963,-110.767
Hong Kong,HKG,1964,357.14
Hong Kong,HKG,1965,34.031
Hong Kong,HKG,1966,-18.527
Hong Kong,HKG,1967,-359.282
Hong Kong,HKG,1968,93.542
Hong Kong,HKG,1969,88.591
Hong Kong,HKG,1970,80.874
Hong Kong,HKG,1971,23.588
Hong Kong,HKG,1972,11.435
Hong Kong,HKG,1973,10.993
Hong Kong,HKG,1974,10.807
Hong Kong,HKG,1975,11.264
Hong Kong,HKG,1976,11.137
Hong Kong,HKG,1977,10.309
Hong Kong,HKG,1978,9.643
Hong Kong,HKG,1979,9.655
Hong Kong,HKG,1980,9.09
Hong Kong,HKG,1981,6.273
Hong Kong,HKG,1982,5.119
Hong Kong,HKG,1983,4.866
Hong Kong,HKG,1984,4.8
Hong Kong,HKG,1985,4.562
Hong Kong,HKG,1986,-1.26
Hong Kong,HKG,1987,-2.987
Hong Kong,HKG,1988,-3.926
Hong Kong,HKG,1989,-3.752
Hong Kong,HKG,1990,-4.69
Hong Kong,HKG,1991,13.444
Hong Kong,HKG,1992,17.052
Hong Kong,HKG,1993,16.193
Hong Kong,HKG,1994,15.07
Hong Kong,HKG,1995,14.303
Hong Kong,HKG,1996,12.996
Hong Kong,HKG,1997,12.046
Hong Kong,HKG,1998,11.28
Hong Kong,HKG,1999,9.966
Hong Kong,HKG,2000,8.763
Hong Kong,HKG,2001,4.629
Hong Kong,HKG,2002,3.063
Hong Kong,HKG,2003,2.588
Hong Kong,HKG,2004,1.186
Hong Kong,HKG,2005,-0.215
Hong Kong,HKG,2006,1.449
Hong Kong,HKG,2007,4.381
Hong Kong,HKG,2008,3.626
Hong Kong,HKG,2009,2.701
Hong Kong,HKG,2010,1.17
Hong Kong,HKG,2011,3.032
Hong Kong,HKG,2012,4.938
Hong Kong,HKG,2013,3.28
Hong Kong,HKG,2014,2.794
Hong Kong,HKG,2015,1.432
Hong Kong,HKG,2016,1.385
Hong Kong,HKG,2017,1.07
Hong Kong,HKG,2018,-0.164
Hong Kong,HKG,2019,-0.958
Hong Kong,HKG,2020,-0.24
Hong Kong,HKG,2021,-0.458
Hong Kong,HKG,2022,-0.459
Hong Kong,HKG,2023,-0.46
Hungary,HUN,1950,0.13
Hungary,HUN,1951,-0.228
Hungary,HUN,1952,0.256
Hungary,HUN,1953,0.481
Hungary,HUN,1954,0.541
Hungary,HUN,1955,0.305
Hungary,HUN,1956,-14.721
Hungary,HUN,1957,-4.251
Hungary,HUN,1958,0.268
Hungary,HUN,1959,0.27
Hungary,HUN,1960,-0.111
Hungary,HUN,1961,-0.117
Hungary,HUN,1962,-0.173
Hungary,HUN,1963,-0.082
Hungary,HUN,1964,-0.073
Hungary,HUN,1965,-0.053
Hungary,HUN,1966,-0.071
Hungary,HUN,1967,-0.041
Hungary,HUN,1968,-0.032
Hungary,HUN,1969,-0.032
Hungary,HUN,1970,-0.009
Hungary,HUN,1971,-0.001
Hungary,HUN,1972,-0.001
Hungary,HUN,1973,-0.145
Hungary,HUN,1974,0.013
Hungary,HUN,1975,-0.032
Hungary,HUN,1976,-0.045
Hungary,HUN,1977,-0.005
Hungary,HUN,1978,0.027
Hungary,HUN,1979,0.34
Hungary,HUN,1980,-1.664
Hungary,HUN,1981,-1.58
Hungary,HUN,1982,-1.551
Hungary,HUN,1983,-1.511
Hungary,HUN,1984,-1.532
Hungary,HUN,1985,-1.507
Hungary,HUN,1986,-1.554
Hungary,HUN,1987,-1.544
Hungary,HUN,1988,-1.537
Hungary,HUN,1989,-1.633
Hungary,HUN,1990,1.637
Hungary,HUN,1991,1.626
Hungary,HUN,1992,1.566
Hungary,HUN,1993,1.5
Hungary,HUN,1994,1.466
Hungary,HUN,1995,1.446
Hungary,HUN,1996,1.418
Hungary,HUN,1997,1.38
Hungary,HUN,1998,1.323
Hungary,HUN,1999,1.254
Hungary,HUN,2000,1.316
Hungary,HUN,2001,1.022
Hungary,HUN,2002,0.278
Hungary,HUN,2003,1.373
Hungary,HUN,2004,1.65
Hungary,HUN,2005,1.681
Hungary,HUN,2006,1.979
Hungary,HUN,2007,1.365
Hungary,HUN,2008,1.614
Hungary,HUN,2009,1.728
Hungary,HUN,2010,1.061
Hungary,HUN,2011,0.187
Hungary,HUN,2012,1.541
Hungary,HUN,2013,0.57
Hungary,HUN,2014,1.174
Hungary,HUN,2015,1.408
Hungary,HUN,2016,0.007
Hungary,HUN,2017,2.064
Hungary,HUN,2018,3.498
Hungary,HUN,2019,3.515
Hungary,HUN,2020,0.938
Hungary,HUN,2021,2.099
Hungary,HUN,2022,4.324
Hungary,HUN,2023,5.081
Iceland,ISL,1950,1.942
Iceland,ISL,1951,-4.415
Iceland,ISL,1952,-3.925
Iceland,ISL,1953,2.488
Iceland,ISL,1954,1.912
Iceland,ISL,1955,0.456
Iceland,ISL,1956,-1.242
Iceland,ISL,1957,3.885
Iceland,ISL,1958,-0.659
Iceland,ISL,1959,1.017
Iceland,ISL,1960,-1.532
Iceland,ISL,1961,0.916
Iceland,ISL,1962,-1.25
Iceland,ISL,1963,-0.609
Iceland,ISL,1964,-0.354
Iceland,ISL,1965,-1.009
Iceland,ISL,1966,0.199
Iceland,ISL,1967,0.236
Iceland,ISL,1968,-2.223
Iceland,ISL,1969,-6.953
Iceland,ISL,1970,-8.578
Iceland,ISL,1971,-1.12
Iceland,ISL,1972,1.73
Iceland,ISL,1973,-1.46
Iceland,ISL,1974,0.971
Iceland,ISL,1975,-1.78
Iceland,ISL,1976,-5.364
Iceland,ISL,1977,-4.864
Iceland,ISL,1978,-3.493
Iceland,ISL,1979,-2.534
Iceland,ISL,1980,-2.757
Iceland,ISL,1981,0.68
Iceland,ISL,1982,2.634
Iceland,ISL,1983,0.717
Iceland,ISL,1984,-1.37
Iceland,ISL,1985,-2.601
Iceland,ISL,1986,-1.378
Iceland,ISL,1987,3.84
Iceland,ISL,1988,6.295
Iceland,ISL,1989,-3.931
Iceland,ISL,1990,-3.81
Iceland,ISL,1991,4.441
Iceland,ISL,1992,-0.862
Iceland,ISL,1993,-0.736
Iceland,ISL,1994,-3.022
Iceland,ISL,1995,-5.061
Iceland,ISL,1996,-1.9
Iceland,ISL,1997,0.83
Iceland,ISL,1998,3.699
Iceland,ISL,1999,4.199
Iceland,ISL,2000,6.673
Iceland,ISL,2001,3.042
Iceland,ISL,2002,-1.158
Iceland,ISL,2003,-0.704
Iceland,ISL,2004,2.088
Iceland,ISL,2005,13.223
Iceland,ISL,2006,17.441
Iceland,ISL,2007,16.859
Iceland,ISL,2008,3.584
Iceland,ISL,2009,-15.018
Iceland,ISL,2010,-6.459
Iceland,ISL,2011,-4.365
Iceland,ISL,2012,-0.863
Iceland,ISL,2013,5.144
Iceland,ISL,2014,3.478
Iceland,ISL,2015,4.529
Iceland,ISL,2016,12.301
Iceland,ISL,2017,24.301
Iceland,ISL,2018,18.812
Iceland,ISL,2019,13.945
Iceland,ISL,2020,6.814
Iceland,ISL,2021,13.179
Iceland,ISL,2022,17.181
Iceland,ISL,2023,11.947
India,IND,1950,-0.181
India,IND,1951,0.336
India,IND,1952,0.46
India,IND,1953,-0.196
India,IND,1954,0.33
India,IND,1955,0.182
India,IND,1956,0.405
India,IND,1957,-1.05
India,IND,1958,0.704
India,IND,1959,0.257
India,IND,1960,0.337
India,IND,1961,0.661
India,IND,1962,-0.154
India,IND,1963,0.046
India,IND,1964,-0.296
India,IND,1965,-0.507
India,IND,1966,-1.132
India,IND,1967,-0.137
India,IND,1968,-1.904
India,IND,1969,-1.596
India,IND,1970,0.428
India,IND,1971,-1.746
India,IND,1972,-0.145
India,IND,1973,-0.694
India,IND,1974,0.583
India,IND,1975,0.71
India,IND,1976,0.441
India,IND,1977,0.922
India,IND,1978,-0.321
India,IND,1979,1.153
India,IND,1980,0.307
India,IND,1981,0.047
India,IND,1982,-0.015
India,IND,1983,0.162
India,IND,1984,-0.043
India,IND,1985,-0.116
India,IND,1986,-0.316
India,IND,1987,-0.271
India,IND,1988,-0.188
India,IND,1989,-0.003
India,IND,1990,0.145
India,IND,1991,-0.179
India,IND,1992,0.039
India,IND,1993,0.003
India,IND,1994,-0.399
India,IND,1995,-0.06
India,IND,1996,-0.027
India,IND,1997,0.001
India,IND,1998,-0.001
India,IND,1999,-0.092
India,IND,2000,-0.136
India,IND,2001,-0.065
India,IND,2002,-0.667
India,IND,2003,-0.543
India,IND,2004,-0.182
India,IND,2005,-0.805
India,IND,2006,-0.292
India,IND,2007,-0.871
India,IND,2008,-0.844
India,IND,2009,-0.255
India,IND,2010,-0.041
India,IND,2011,-0.196
India,IND,2012,-0.156
India,IND,2013,-0.117
India,IND,2014,-0.173
India,IND,2015,-0.493
India,IND,2016,0.06
India,IND,2017,-0.185
India,IND,2018,-0.429
India,IND,2019,-0.705
India,IND,2020,-0.053
India,IND,2021,-0.247
India,IND,2022,-0.95
India,IND,2023,-0.681
Indonesia,IDN,1950,1.288
Indonesia,IDN,1951,1.278
Indonesia,IDN,1952,1.26
Indonesia,IDN,1953,1.239
Indonesia,IDN,1954,1.216
Indonesia,IDN,1955,1.196
Indonesia,IDN,1956,1.181
Indonesia,IDN,1957,1.172
Indonesia,IDN,1958,1.171
Indonesia,IDN,1959,1.163
Indonesia,IDN,1960,1.151
Indonesia,IDN,1961,1.141
Indonesia,IDN,1962,1.138
Indonesia,IDN,1963,1.147
Indonesia,IDN,1964,1.465
Indonesia,IDN,1965,-0.603
Indonesia,IDN,1966,-0.748
Indonesia,IDN,1967,-0.752
Indonesia,IDN,1968,0.509
Indonesia,IDN,1969,0.737
Indonesia,IDN,1970,0.704
Indonesia,IDN,1971,0.667
Indonesia,IDN,1972,0.59
Indonesia,IDN,1973,0.519
Indonesia,IDN,1974,0.476
Indonesia,IDN,1975,0.428
Indonesia,IDN,1976,0.355
Indonesia,IDN,1977,0.329
Indonesia,IDN,1978,0.323
Indonesia,IDN,1979,0.302
Indonesia,IDN,1980,0.284
Indonesia,IDN,1981,0.293
Indonesia,IDN,1982,0.3
Indonesia,IDN,1983,0.297
Indonesia,IDN,1984,0.268
Indonesia,IDN,1985,0.225
Indonesia,IDN,1986,0.182
Indonesia,IDN,1987,0.154
Indonesia,IDN,1988,0.144
Indonesia,IDN,1989,0.11
Indonesia,IDN,1990,0.063
Indonesia,IDN,1991,0.017
Indonesia,IDN,1992,-0.014
Indonesia,IDN,1993,-0.018
Indonesia,IDN,1994,-0.013
Indonesia,IDN,1995,-0.008
Indonesia,IDN,1996,-0.009
Indonesia,IDN,1997,-0.021
Indonesia,IDN,1998,-0.054
Indonesia,IDN,1999,-0.135
Indonesia,IDN,2000,-0.198
Indonesia,IDN,2001,-0.293
Indonesia,IDN,2002,-0.378
Indonesia,IDN,2003,-0.434
Indonesia,IDN,2004,-0.338
Indonesia,IDN,2005,-0.333
Indonesia,IDN,2006,-0.324
Indonesia,IDN,2007,-0.326
Indonesia,IDN,2008,-0.339
Indonesia,IDN,2009,-0.303
Indonesia,IDN,2010,-0.234
Indonesia,IDN,2011,-0.163
Indonesia,IDN,2012,-0.114
Indonesia,IDN,2013,-0.108
Indonesia,IDN,2014,-0.108
Indonesia,IDN,2015,-0.109
Indonesia,IDN,2016,-0.11
Indonesia,IDN,2017,-0.11
Indonesia,IDN,2018,-0.111
Indonesia,IDN,2019,-0.112
Indonesia,IDN,2020,-0.068
Indonesia,IDN,2021,-0.041
Indonesia,IDN,2022,-0.134
Indonesia,IDN,2023,-0.133
Iran,IRN,1950,2.365
Iran,IRN,1951,2.231
Iran,IRN,1952,1.873
Iran,IRN,1953,1.243
Iran,IRN,1954,1.334
Iran,IRN,1955,1.275
Iran,IRN,1956,1.236
Iran,IRN,1957,0.54
Iran,IRN,1958,0.08
Iran,IRN,1959,1.566
Iran,IRN,1960,2.517
Iran,IRN,1961,3.517
Iran,IRN,1962,4.224
Iran,IRN,1963,4.685
Iran,IRN,1964,5.021
Iran,IRN,1965,5.105
Iran,IRN,1966,3.822
Iran,IRN,1967,2.903
Iran,IRN,1968,2.527
Iran,IRN,1969,2.766
Iran,IRN,1970,3.08
Iran,IRN,1971,2.588
Iran,IRN,1972,3.125
Iran,IRN,1973,3.291
Iran,IRN,1974,3.148
Iran,IRN,1975,3.163
Iran,IRN,1976,0.54
Iran,IRN,1977,1.895
Iran,IRN,1978,1.888
Iran,IRN,1979,1.964
Iran,IRN,1980,2.602
Iran,IRN,1981,34.584
Iran,IRN,1982,5.023
Iran,IRN,1983,4.444
Iran,IRN,1984,2.045
Iran,IRN,1985,3.308
Iran,IRN,1986,4.712
Iran,IRN,1987,4.004
Iran,IRN,1988,0.557
Iran,IRN,1989,0.167
Iran,IRN,1990,3.438
Iran,IRN,1991,-0.218
Iran,IRN,1992,-7.387
Iran,IRN,1993,-27.622
Iran,IRN,1994,-4.836
Iran,IRN,1995,-3.541
Iran,IRN,1996,-1.47
Iran,IRN,1997,1.54
Iran,IRN,1998,3.381
Iran,IRN,1999,2.934
Iran,IRN,2000,4.519
Iran,IRN,2001,4.324
Iran,IRN,2002,-9.836
Iran,IRN,2003,10.182
Iran,IRN,2004,10.533
Iran,IRN,2005,10.663
Iran,IRN,2006,8.733
Iran,IRN,2007,-0.334
Iran,IRN,2008,-0.161
Iran,IRN,2009,0.003
Iran,IRN,2010,-0.166
Iran,IRN,2011,-0.841
Iran,IRN,2012,-0.729
Iran,IRN,2013,-0.588
Iran,IRN,2014,-0.688
Iran,IRN,2015,-0.56
Iran,IRN,2016,0.795
Iran,IRN,2017,0.41
Iran,IRN,2018,-0.325
Iran,IRN,2019,-0.377
Iran,IRN,2020,-2.06
Iran,IRN,2021,3.787
Iran,IRN,2022,4.504
Iran,IRN,2023,2.892
Iraq,IRQ,1950,0.524
Iraq,IRQ,1951,0.435
Iraq,IRQ,1952,0.121
Iraq,IRQ,1953,-0.456
Iraq,IRQ,1954,-0.326
Iraq,IRQ,1955,-0.351
Iraq,IRQ,1956,-0.359
Iraq,IRQ,1957,-0.444
Iraq,IRQ,1958,-1.155
Iraq,IRQ,1959,-0.116
Iraq,IRQ,1960,0.224
Iraq,IRQ,1961,0.414
Iraq,IRQ,1962,0.451
Iraq,IRQ,1963,0.417
Iraq,IRQ,1964,0.407
Iraq,IRQ,1965,0.555
Iraq,IRQ,1966,0.153
Iraq,IRQ,1967,0.288
Iraq,IRQ,1968,0.102
Iraq,IRQ,1969,0.033
Iraq,IRQ,1970,0.141
Iraq,IRQ,1971,-0.643
Iraq,IRQ,1972,-0.249
Iraq,IRQ,1973,-0.14
Iraq,IRQ,1974,-0.366
Iraq,IRQ,1975,-0.54
Iraq,IRQ,1976,-1.167
Iraq,IRQ,1977,0.665
Iraq,IRQ,1978,0.583
Iraq,IRQ,1979,-1.565
Iraq,IRQ,1980,1.159
Iraq,IRQ,1981,-1.688
Iraq,IRQ,1982,-1.548
Iraq,IRQ,1983,1.558
Iraq,IRQ,1984,1.418
Iraq,IRQ,1985,-12.721
Iraq,IRQ,1986,2.435
Iraq,IRQ,1987,-6.563
Iraq,IRQ,1988,-4.824
Iraq,IRQ,1989,1.117
Iraq,IRQ,1990,-34.211
Iraq,IRQ,1991,-5.356
Iraq,IRQ,1992,1.109
Iraq,IRQ,1993,30.301
Iraq,IRQ,1994,2.699
Iraq,IRQ,1995,1.941
Iraq,IRQ,1996,0.681
Iraq,IRQ,1997,0.696
Iraq,IRQ,1998,2.117
Iraq,IRQ,1999,2.94
Iraq,IRQ,2000,3.588
Iraq,IRQ,2001,0.574
Iraq,IRQ,2002,5.146
Iraq,IRQ,2003,-1.016
Iraq,IRQ,2004,2.536
Iraq,IRQ,2005,1.796
Iraq,IRQ,2006,-42.173
Iraq,IRQ,2007,-29.038
Iraq,IRQ,2008,13.696
Iraq,IRQ,2009,3.995
Iraq,IRQ,2010,2.988
Iraq,IRQ,2011,8.143
Iraq,IRQ,2012,22.401
Iraq,IRQ,2013,13.445
Iraq,IRQ,2014,-0.138
Iraq,IRQ,2015,-0.595
Iraq,IRQ,2016,-2.963
Iraq,IRQ,2017,-0.559
Iraq,IRQ,2018,0.392
Iraq,IRQ,2019,-1.066
Iraq,IRQ,2020,0.709
Iraq,IRQ,2021,0.406
Iraq,IRQ,2022,1.743
Iraq,IRQ,2023,-0.127
Ireland,IRL,1950,-0.464
Ireland,IRL,1951,-1.637
Ireland,IRL,1952,-15.149
Ireland,IRL,1953,-15.64
Ireland,IRL,1954,-15.1
Ireland,IRL,1955,-14.629
Ireland,IRL,1956,-14.749
Ireland,IRL,1957,-14.785
Ireland,IRL,1958,-14.715
Ireland,IRL,1959,-14.449
Ireland,IRL,1960,-13.613
Ireland,IRL,1961,-7.872
Ireland,IRL,1962,-6.159
Ireland,IRL,1963,-5.844
Ireland,IRL,1964,-5.474
Ireland,IRL,1965,-4.878
Ireland,IRL,1966,-4.105
Ireland,IRL,1967,-4.03
Ireland,IRL,1968,-3.809
Ireland,IRL,1969,-3.486
Ireland,IRL,1970,-3.003
Ireland,IRL,1971,1.955
Ireland,IRL,1972,4.234
Ireland,IRL,1973,4.268
Ireland,IRL,1974,4.304
Ireland,IRL,1975,4.348
Ireland,IRL,1976,4.398
Ireland,IRL,1977,4.425
Ireland,IRL,1978,4.669
Ireland,IRL,1979,0.44
Ireland,IRL,1980,-0.842
Ireland,IRL,1981,-3.141
Ireland,IRL,1982,-4.162
Ireland,IRL,1983,-4.301
Ireland,IRL,1984,-4.422
Ireland,IRL,1985,-4.581
Ireland,IRL,1986,-5.968
Ireland,IRL,1987,-10.854
Ireland,IRL,1988,-12.488
Ireland,IRL,1989,-8.189
Ireland,IRL,1990,-2.334
Ireland,IRL,1991,1.399
Ireland,IRL,1992,0.375
Ireland,IRL,1993,-1.052
Ireland,IRL,1994,-0.868
Ireland,IRL,1995,2.775
Ireland,IRL,1996,2.737
Ireland,IRL,1997,4.745
Ireland,IRL,1998,4.477
Ireland,IRL,1999,6.286
Ireland,IRL,2000,8.231
Ireland,IRL,2001,10.153
Ireland,IRL,2002,8.728
Ireland,IRL,2003,8.069
Ireland,IRL,2004,12.076
Ireland,IRL,2005,15.398
Ireland,IRL,2006,22.141
Ireland,IRL,2007,17.404
Ireland,IRL,2008,4.231
Ireland,IRL,2009,-4.086
Ireland,IRL,2010,-5.917
Ireland,IRL,2011,-5.793
Ireland,IRL,2012,-4.872
Ireland,IRL,2013,-2.662
Ireland,IRL,2014,0.096
Ireland,IRL,2015,2.844
Ireland,IRL,2016,3.99
Ireland,IRL,2017,6.004
Ireland,IRL,2018,6.852
Ireland,IRL,2019,6.013
Ireland,IRL,2020,3.16
Ireland,IRL,2021,5.453
Ireland,IRL,2022,18.304
Ireland,IRL,2023,8.443
Isle of Man,IMN,1950,3.449
Isle of Man,IMN,1951,-6.538
Isle of Man,IMN,1952,-9.974
Isle of Man,IMN,1953,-10.061
Isle of Man,IMN,1954,-10.029
Isle of Man,IMN,1955,-10.061
Isle of Man,IMN,1956,-11.161
Isle of Man,IMN,1957,-11.831
Isle of Man,IMN,1958,-12.924
Isle of Man,IMN,1959,-13.417
Isle of Man,IMN,1960,-14.938
Isle of Man,IMN,1961,4.025
Isle of Man,IMN,1962,13.268
Isle of Man,IMN,1963,13.774
Isle of Man,IMN,1964,13.864
Isle of Man,IMN,1965,13.735
Isle of Man,IMN,1966,21.912
Isle of Man,IMN,1967,26.343
Isle of Man,IMN,1968,26.489
Isle of Man,IMN,1969,26.057
Isle of Man,IMN,1970,26.04
Isle of Man,IMN,1971,21.036
Isle of Man,IMN,1972,18.809
Isle of Man,IMN,1973,18.934
Isle of Man,IMN,1974,18.431
Isle of Man,IMN,1975,16.962
Isle of Man,IMN,1976,17.58
Isle of Man,IMN,1977,17.834
Isle of Man,IMN,1978,17.741
Isle of Man,IMN,1979,17.584
Isle of Man,IMN,1980,17.011
Isle of Man,IMN,1981,7.168
Isle of Man,IMN,1982,3.478
Isle of Man,IMN,1983,2.862
Isle of Man,IMN,1984,2.418
Isle of Man,IMN,1985,2.127
Isle of Man,IMN,1986,15.395
Isle of Man,IMN,1987,19.94
Isle of Man,IMN,1988,19.526
Isle of Man,IMN,1989,19.044
Isle of Man,IMN,1990,18.256
Isle of Man,IMN,1991,10.686
Isle of Man,IMN,1992,7.05
Isle of Man,IMN,1993,6.683
Isle of Man,IMN,1994,6.464
Isle of Man,IMN,1995,5.146
Isle of Man,IMN,1996,11.34
Isle of Man,IMN,1997,13.702
Isle of Man,IMN,1998,13.349
Isle of Man,IMN,1999,12.822
Isle of Man,IMN,2000,11.116
Isle of Man,IMN,2001,10.461
Isle of Man,IMN,2002,10.016
Isle of Man,IMN,2003,9.468
Isle of Man,IMN,2004,8.935
Isle of Man,IMN,2005,8.25
Isle of Man,IMN,2006,9.341
Isle of Man,IMN,2007,9.28
Isle of Man,IMN,2008,9.472
Isle of Man,IMN,2009,9.284
Isle of Man,IMN,2010,9.276
Isle of Man,IMN,2011,-0.723
Isle of Man,IMN,2012,-3.285
Isle of Man,IMN,2013,-3.458
Isle of Man,IMN,2014,-3.743
Isle of Man,IMN,2015,-3.768
Isle of Man,IMN,2016,1.354
Isle of Man,IMN,2017,3.397
Isle of Man,IMN,2018,3.174
Isle of Man,IMN,2019,2.823
Isle of Man,IMN,2020,2.605
Isle of Man,IMN,2021,2.283
Isle of Man,IMN,2022,2.365
Isle of Man,IMN,2023,2.329
Israel,ISR,1950,17.412
Israel,ISR,1951,16.371
Israel,ISR,1952,14.602
Israel,ISR,1953,13.954
Israel,ISR,1954,15.416
Israel,ISR,1955,13.428
Israel,ISR,1956,12.464
Israel,ISR,1957,11.162
Israel,ISR,1958,9.492
Israel,ISR,1959,7.906
Israel,ISR,1960,5.809
Israel,ISR,1961,17.621
Israel,ISR,1962,25.632
Israel,ISR,1963,25.235
Israel,ISR,1964,24.218
Israel,ISR,1965,23.459
Israel,ISR,1966,23.562
Israel,ISR,1967,23.431
Israel,ISR,1968,22.984
Israel,ISR,1969,21.759
Israel,ISR,1970,19.608
Israel,ISR,1971,17.678
Israel,ISR,1972,8.903
Israel,ISR,1973,4.524
Israel,ISR,1974,3.682
Israel,ISR,1975,3.534
Israel,ISR,1976,3.078
Israel,ISR,1977,3.663
Israel,ISR,1978,4.369
Israel,ISR,1979,4.282
Israel,ISR,1980,4.375
Israel,ISR,1981,4.214
Israel,ISR,1982,4.265
Israel,ISR,1983,0.174
Israel,ISR,1984,2.71
Israel,ISR,1985,-0.898
Israel,ISR,1986,-0.863
Israel,ISR,1987,1.773
Israel,ISR,1988,0.389
Israel,ISR,1989,3.239
Israel,ISR,1990,39.325
Israel,ISR,1991,32.039
Israel,ISR,1992,11.604
Israel,ISR,1993,9.702
Israel,ISR,1994,10.979
Israel,ISR,1995,11.541
Israel,ISR,1996,12.148
Israel,ISR,1997,10.679
Israel,ISR,1998,9.104
Israel,ISR,1999,13.189
Israel,ISR,2000,10.376
Israel,ISR,2001,6.173
Israel,ISR,2002,2.727
Israel,ISR,2003,1.028
Israel,ISR,2004,1.284
Israel,ISR,2005,1.631
Israel,ISR,2006,1.672
Israel,ISR,2007,1.387
Israel,ISR,2008,1.126
Israel,ISR,2009,1.009
Israel,ISR,2010,1.759
Israel,ISR,2011,1.401
Israel,ISR,2012,2.175
Israel,ISR,2013,2.203
Israel,ISR,2014,3.204
Israel,ISR,2015,3.692
Israel,ISR,2016,2.961
Israel,ISR,2017,1.736
Israel,ISR,2018,1.835
Israel,ISR,2019,1.864
Israel,ISR,2020,1.883
Israel,ISR,2021,1.885
Israel,ISR,2022,5.493
Israel,ISR,2023,1.08
Italy,ITA,1950,-0.594
Italy,ITA,1951,-2.113
Italy,ITA,1952,-2.764
Italy,ITA,1953,3.592
Italy,ITA,1954,-2.776
Italy,ITA,1955,-2.849
Italy,ITA,1956,-2.875
Italy,ITA,1957,-2.889
Italy,ITA,1958,-3.004
Italy,ITA,1959,-2.95
Italy,ITA,1960,-2.843
Italy,ITA,1961,-2.605
Italy,ITA,1962,-0.515
Italy,ITA,1963,-0.558
Italy,ITA,1964,-0.536
Italy,ITA,1965,-0.704
Italy,ITA,1966,-0.681
Italy,ITA,1967,-0.726
Italy,ITA,1968,-0.951
Italy,ITA,1969,-0.855
Italy,ITA,1970,-1.165
Italy,ITA,1971,-1.092
Italy,ITA,1972,0.799
Italy,ITA,1973,0.765
Italy,ITA,1974,0.775
Italy,ITA,1975,0.78
Italy,ITA,1976,0.737
Italy,ITA,1977,0.758
Italy,ITA,1978,0.785
Italy,ITA,1979,0.76
Italy,ITA,1980,5.241
Italy,ITA,1981,0.127
Italy,ITA,1982,-0.427
Italy,ITA,1983,-0.066
Italy,ITA,1984,0.004
Italy,ITA,1985,0.122
Italy,ITA,1986,-0.109
Italy,ITA,1987,0.138
Italy,ITA,1988,0.326
Italy,ITA,1989,0.343
Italy,ITA,1990,0.619
Italy,ITA,1991,0.346
Italy,ITA,1992,0.906
Italy,ITA,1993,0.425
Italy,ITA,1994,8.756
Italy,ITA,1995,-8.018
Italy,ITA,1996,0.935
Italy,ITA,1997,0.884
Italy,ITA,1998,1.188
Italy,ITA,1999,0.95
Italy,ITA,2000,0.979
Italy,ITA,2001,0.853
Italy,ITA,2002,3.899
Italy,ITA,2003,8.289
Italy,ITA,2004,7.184
Italy,ITA,2005,4.421
Italy,ITA,2006,3.676
Italy,ITA,2007,8.376
Italy,ITA,2008,7.094
Italy,ITA,2009,4.736
Italy,ITA,2010,4.561
Italy,ITA,2011,3.289
Italy,ITA,2012,4.172
Italy,ITA,2013,2.606
Italy,ITA,2014,0.868
Italy,ITA,2015,0.65
Italy,ITA,2016,1.398
Italy,ITA,2017,1.576
Italy,ITA,2018,1.388
Italy,ITA,2019,0.776
Italy,ITA,2020,1.423
Italy,ITA,2021,2.634
Italy,ITA,2022,3.878
Italy,ITA,2023,2.524
Jamaica,JAM,1950,9.596
Jamaica,JAM,1951,3.055
Jamaica,JAM,1952,-1.97
Jamaica,JAM,1953,-6.892
Jamaica,JAM,1954,-10.976
Jamaica,JAM,1955,-14.186
Jamaica,JAM,1956,-16.492
Jamaica,JAM,1957,-17.747
Jamaica,JAM,1958,-18.07
Jamaica,JAM,1959,-17.895
Jamaica,JAM,1960,-17.547
Jamaica,JAM,1961,-16.982
Jamaica,JAM,1962,-16.463
Jamaica,JAM,1963,-16.127
Jamaica,JAM,1964,-16.078
Jamaica,JAM,1965,-16.172
Jamaica,JAM,1966,-16.224
Jamaica,JAM,1967,-16.078
Jamaica,JAM,1968,-15.5
Jamaica,JAM,1969,-14.179
Jamaica,JAM,1970,-12.443
Jamaica,JAM,1971,-10.675
Jamaica,JAM,1972,-9.285
Jamaica,JAM,1973,-8.577
Jamaica,JAM,1974,-8.423
Jamaica,JAM,1975,-8.588
Jamaica,JAM,1976,-8.841
Jamaica,JAM,1977,-8.997
Jamaica,JAM,1978,-8.823
Jamaica,JAM,1979,-8.088
Jamaica,JAM,1980,-7.12
Jamaica,JAM,1981,-6.265
Jamaica,JAM,1982,-5.877
Jamaica,JAM,1983,-6.294
Jamaica,JAM,1984,-7.6
Jamaica,JAM,1985,-9.33
Jamaica,JAM,1986,-10.959
Jamaica,JAM,1987,-12
Jamaica,JAM,1988,-12.042
Jamaica,JAM,1989,-11.452
Jamaica,JAM,1990,-10.54
Jamaica,JAM,1991,-9.586
Jamaica,JAM,1992,-8.837
Jamaica,JAM,1993,-8.462
Jamaica,JAM,1994,-8.064
Jamaica,JAM,1995,-7.636
Jamaica,JAM,1996,-7.243
Jamaica,JAM,1997,-6.969
Jamaica,JAM,1998,-6.858
Jamaica,JAM,1999,-6.774
Jamaica,JAM,2000,-6.71
Jamaica,JAM,2001,-6.655
Jamaica,JAM,2002,-6.6
Jamaica,JAM,2003,-6.542
Jamaica,JAM,2004,-6.457
Jamaica,JAM,2005,-6.353
Jamaica,JAM,2006,-6.235
Jamaica,JAM,2007,-6.113
Jamaica,JAM,2008,-5.94
Jamaica,JAM,2009,-5.459
Jamaica,JAM,2010,-4.82
Jamaica,JAM,2011,-4.194
Jamaica,JAM,2012,-3.787
Jamaica,JAM,2013,-3.713
Jamaica,JAM,2014,-3.699
Jamaica,JAM,2015,-3.688
Jamaica,JAM,2016,-3.678
Jamaica,JAM,2017,-3.67
Jamaica,JAM,2018,-3.665
Jamaica,JAM,2019,-3.661
Jamaica,JAM,2020,0
Jamaica,JAM,2021,-1.644
Jamaica,JAM,2022,-3.523
Jamaica,JAM,2023,-3.522
Japan,JPN,1950,-0.289
Japan,JPN,1951,-0.621
Japan,JPN,1952,-0.647
Japan,JPN,1953,-0.313
Japan,JPN,1954,-0.753
Japan,JPN,1955,-1.038
Japan,JPN,1956,-1.633
Japan,JPN,1957,-1.72
Japan,JPN,1958,-2.42
Japan,JPN,1959,-2.119
Japan,JPN,1960,-1.56
Japan,JPN,1961,-0.606
Japan,JPN,1962,-0.582
Japan,JPN,1963,-1.018
Japan,JPN,1964,-1.008
Japan,JPN,1965,-0.502
Japan,JPN,1966,0.677
Japan,JPN,1967,0.288
Japan,JPN,1968,0.418
Japan,JPN,1969,0.469
Japan,JPN,1970,0.316
Japan,JPN,1971,-0.998
Japan,JPN,1972,-0.677
Japan,JPN,1973,-0.313
Japan,JPN,1974,-0.091
Japan,JPN,1975,0.001
Japan,JPN,1976,-0.305
Japan,JPN,1977,-0.425
Japan,JPN,1978,-0.412
Japan,JPN,1979,-0.491
Japan,JPN,1980,-0.78
Japan,JPN,1981,-2.341
Japan,JPN,1982,-2.415
Japan,JPN,1983,-2.249
Japan,JPN,1984,-2.273
Japan,JPN,1985,-1.17
Japan,JPN,1986,0.231
Japan,JPN,1987,0.23
Japan,JPN,1988,0.418
Japan,JPN,1989,0.254
Japan,JPN,1990,1.01
Japan,JPN,1991,1.302
Japan,JPN,1992,1.374
Japan,JPN,1993,1.352
Japan,JPN,1994,1.231
Japan,JPN,1995,0.698
Japan,JPN,1996,0.199
Japan,JPN,1997,0.343
Japan,JPN,1998,0.363
Japan,JPN,1999,0.449
Japan,JPN,2000,0.185
Japan,JPN,2001,0.468
Japan,JPN,2002,0.477
Japan,JPN,2003,0.586
Japan,JPN,2004,0.54
Japan,JPN,2005,0.884
Japan,JPN,2006,1.016
Japan,JPN,2007,1.078
Japan,JPN,2008,1.113
Japan,JPN,2009,0.979
Japan,JPN,2010,1.029
Japan,JPN,2011,0.763
Japan,JPN,2012,0.531
Japan,JPN,2013,0.52
Japan,JPN,2014,0.456
Japan,JPN,2015,1.327
Japan,JPN,2016,2.475
Japan,JPN,2017,2.539
Japan,JPN,2018,2.526
Japan,JPN,2019,2.511
Japan,JPN,2020,0.333
Japan,JPN,2021,-0.278
Japan,JPN,2022,1.4
Japan,JPN,2023,1.407
Jersey,JEY,1950,15.304
Jersey,JEY,1951,9.894
Jersey,JEY,1952,8.567
Jersey,JEY,1953,8.793
Jersey,JEY,1954,8.717
Jersey,JEY,1955,8.366
Jersey,JEY,1956,7.748
Jersey,JEY,1957,7.723
Jersey,JEY,1958,7.535
Jersey,JEY,1959,6.682
Jersey,JEY,1960,5.876
Jersey,JEY,1961,5.661
Jersey,JEY,1962,4.495
Jersey,JEY,1963,3.749
Jersey,JEY,1964,3.274
Jersey,JEY,1965,3.303
Jersey,JEY,1966,3.983
Jersey,JEY,1967,4.432
Jersey,JEY,1968,4.047
Jersey,JEY,1969,4.264
Jersey,JEY,1970,5.039
Jersey,JEY,1971,13.011
Jersey,JEY,1972,15.893
Jersey,JEY,1973,14.731
Jersey,JEY,1974,13.864
Jersey,JEY,1975,13.006
Jersey,JEY,1976,7.647
Jersey,JEY,1977,4.723
Jersey,JEY,1978,4.664
Jersey,JEY,1979,4.685
Jersey,JEY,1980,4.861
Jersey,JEY,1981,9.526
Jersey,JEY,1982,10.73
Jersey,JEY,1983,10.513
Jersey,JEY,1984,9.96
Jersey,JEY,1985,10.016
Jersey,JEY,1986,8.032
Jersey,JEY,1987,6.765
Jersey,JEY,1988,6.078
Jersey,JEY,1989,6.253
Jersey,JEY,1990,9.301
Jersey,JEY,1991,2.391
Jersey,JEY,1992,0.035
Jersey,JEY,1993,0.328
Jersey,JEY,1994,-0.933
Jersey,JEY,1995,-1.735
Jersey,JEY,1996,2.019
Jersey,JEY,1997,2.239
Jersey,JEY,1998,1.905
Jersey,JEY,1999,1.302
Jersey,JEY,2000,0.273
Jersey,JEY,2001,6.981
Jersey,JEY,2002,8.612
Jersey,JEY,2003,8.152
Jersey,JEY,2004,8.24
Jersey,JEY,2005,8.629
Jersey,JEY,2006,8.409
Jersey,JEY,2007,7.855
Jersey,JEY,2008,7.449
Jersey,JEY,2009,7.353
Jersey,JEY,2010,7.188
Jersey,JEY,2011,6.314
Jersey,JEY,2012,6.369
Jersey,JEY,2013,6.205
Jersey,JEY,2014,6.503
Jersey,JEY,2015,3.962
Jersey,JEY,2016,4.317
Jersey,JEY,2017,4.563
Jersey,JEY,2018,4.897
Jersey,JEY,2019,4.657
Jersey,JEY,2020,5.197
Jersey,JEY,2021,4.51
Jersey,JEY,2022,4.57
Jersey,JEY,2023,4.63
Jordan,JOR,1950,48.14
Jordan,JOR,1951,48.965
Jordan,JOR,1952,47.881
Jordan,JOR,1953,45.398
Jordan,JOR,1954,42.898
Jordan,JOR,1955,39.871
Jordan,JOR,1956,36.743
Jordan,JOR,1957,33.597
Jordan,JOR,1958,29.502
Jordan,JOR,1959,24.636
Jordan,JOR,1960,18.172
Jordan,JOR,1961,12.363
Jordan,JOR,1962,8.61
Jordan,JOR,1963,8.899
Jordan,JOR,1964,16.432
Jordan,JOR,1965,27.047
Jordan,JOR,1966,35.543
Jordan,JOR,1967,39.646
Jordan,JOR,1968,36.457
Jordan,JOR,1969,27.48
Jordan,JOR,1970,16.544
Jordan,JOR,1971,5.456
Jordan,JOR,1972,-1.529
Jordan,JOR,1973,-4.54
Jordan,JOR,1974,-6.538
Jordan,JOR,1975,-7.805
Jordan,JOR,1976,-8.839
Jordan,JOR,1977,-7.495
Jordan,JOR,1978,-6.576
Jordan,JOR,1979,-3.578
Jordan,JOR,1980,0.777
Jordan,JOR,1981,4.153
Jordan,JOR,1982,6.982
Jordan,JOR,1983,8.468
Jordan,JOR,1984,9.16
Jordan,JOR,1985,10.091
Jordan,JOR,1986,10.572
Jordan,JOR,1987,11.368
Jordan,JOR,1988,12.487
Jordan,JOR,1989,15.208
Jordan,JOR,1990,73.47
Jordan,JOR,1991,19.367
Jordan,JOR,1992,20.684
Jordan,JOR,1993,18.762
Jordan,JOR,1994,13.49
Jordan,JOR,1995,5.89
Jordan,JOR,1996,-0.54
Jordan,JOR,1997,-4.562
Jordan,JOR,1998,-5.235
Jordan,JOR,1999,-5.218
Jordan,JOR,2000,-4.841
Jordan,JOR,2001,-4.164
Jordan,JOR,2002,-3.288
Jordan,JOR,2003,-2.038
Jordan,JOR,2004,1.356
Jordan,JOR,2005,0.58
Jordan,JOR,2006,78.198
Jordan,JOR,2007,-2.652
Jordan,JOR,2008,0.11
Jordan,JOR,2009,-6.957
Jordan,JOR,2010,0.668
Jordan,JOR,2011,0.943
Jordan,JOR,2012,-19.267
Jordan,JOR,2013,76.282
Jordan,JOR,2014,72.287
Jordan,JOR,2015,51.426
Jordan,JOR,2016,3.103
Jordan,JOR,2017,1.258
Jordan,JOR,2018,3.065
Jordan,JOR,2019,-2.17
Jordan,JOR,2020,0.621
Jordan,JOR,2021,0.594
Jordan,JOR,2022,-1.55
Jordan,JOR,2023,-1.525
Kazakhstan,KAZ,1950,13.744
Kazakhstan,KAZ,1951,13.153
Kazakhstan,KAZ,1952,12.372
Kazakhstan,KAZ,1953,11.352
Kazakhstan,KAZ,1954,11.052
Kazakhstan,KAZ,1955,10.62
Kazakhstan,KAZ,1956,10.219
Kazakhstan,KAZ,1957,9.743
Kazakhstan,KAZ,1958,8.661
Kazakhstan,KAZ,1959,9.31
Kazakhstan,KAZ,1960,8.857
Kazakhstan,KAZ,1961,8.826
Kazakhstan,KAZ,1962,9.031
Kazakhstan,KAZ,1963,9.148
Kazakhstan,KAZ,1964,9.238
Kazakhstan,KAZ,1965,9.426
Kazakhstan,KAZ,1966,9.035
Kazakhstan,KAZ,1967,9.136
Kazakhstan,KAZ,1968,8.914
Kazakhstan,KAZ,1969,6.4
Kazakhstan,KAZ,1970,5.798
Kazakhstan,KAZ,1971,5.147
Kazakhstan,KAZ,1972,4.163
Kazakhstan,KAZ,1973,2.307
Kazakhstan,KAZ,1974,2.141
Kazakhstan,KAZ,1975,1.922
Kazakhstan,KAZ,1976,9.125
Kazakhstan,KAZ,1977,9.409
Kazakhstan,KAZ,1978,8.921
Kazakhstan,KAZ,1979,-4.019
Kazakhstan,KAZ,1980,-4.47
Kazakhstan,KAZ,1981,-4.87
Kazakhstan,KAZ,1982,-4.969
Kazakhstan,KAZ,1983,-5.398
Kazakhstan,KAZ,1984,-6.076
Kazakhstan,KAZ,1985,-6.432
Kazakhstan,KAZ,1986,-1.433
Kazakhstan,KAZ,1987,-1.98
Kazakhstan,KAZ,1988,-1.543
Kazakhstan,KAZ,1989,-4.242
Kazakhstan,KAZ,1990,-6.024
Kazakhstan,KAZ,1991,-6.035
Kazakhstan,KAZ,1992,-12.347
Kazakhstan,KAZ,1993,-16.943
Kazakhstan,KAZ,1994,-30.511
Kazakhstan,KAZ,1995,-24.672
Kazakhstan,KAZ,1996,-28.59
Kazakhstan,KAZ,1997,-30.005
Kazakhstan,KAZ,1998,-31.191
Kazakhstan,KAZ,1999,-3.949
Kazakhstan,KAZ,2000,-0.565
Kazakhstan,KAZ,2001,-0.471
Kazakhstan,KAZ,2002,-0.528
Kazakhstan,KAZ,2003,-1.018
Kazakhstan,KAZ,2004,-1.441
Kazakhstan,KAZ,2005,-1.263
Kazakhstan,KAZ,2006,-1.349
Kazakhstan,KAZ,2007,-1.614
Kazakhstan,KAZ,2008,-2.301
Kazakhstan,KAZ,2009,-0.467
Kazakhstan,KAZ,2010,-0.406
Kazakhstan,KAZ,2011,-0.185
Kazakhstan,KAZ,2012,-0.261
Kazakhstan,KAZ,2013,-0.224
Kazakhstan,KAZ,2014,-0.571
Kazakhstan,KAZ,2015,-0.111
Kazakhstan,KAZ,2016,0.516
Kazakhstan,KAZ,2017,1.139
Kazakhstan,KAZ,2018,-0.351
Kazakhstan,KAZ,2019,0.135
Kazakhstan,KAZ,2020,-0.447
Kazakhstan,KAZ,2021,-0.497
Kazakhstan,KAZ,2022,2.284
Kazakhstan,KAZ,2023,-0.237
Kenya,KEN,1950,1.09
Kenya,KEN,1951,0.913
Kenya,KEN,1952,0.279
Kenya,KEN,1953,-0.889
Kenya,KEN,1954,-0.62
Kenya,KEN,1955,-0.664
Kenya,KEN,1956,-0.675
Kenya,KEN,1957,-0.841
Kenya,KEN,1958,-2.296
Kenya,KEN,1959,-0.274
Kenya,KEN,1960,0.277
Kenya,KEN,1961,0.538
Kenya,KEN,1962,0.545
Kenya,KEN,1963,0.492
Kenya,KEN,1964,0.534
Kenya,KEN,1965,0.913
Kenya,KEN,1966,0.166
Kenya,KEN,1967,0.5
Kenya,KEN,1968,0.153
Kenya,KEN,1969,0.034
Kenya,KEN,1970,-1.149
Kenya,KEN,1971,-4.213
Kenya,KEN,1972,-3.971
Kenya,KEN,1973,-4.124
Kenya,KEN,1974,-4.818
Kenya,KEN,1975,-5.286
Kenya,KEN,1976,-6.519
Kenya,KEN,1977,-3.985
Kenya,KEN,1978,-4.066
Kenya,KEN,1979,-3.64
Kenya,KEN,1980,-2.492
Kenya,KEN,1981,-3.178
Kenya,KEN,1982,-2.521
Kenya,KEN,1983,-1.339
Kenya,KEN,1984,-1.796
Kenya,KEN,1985,-1.844
Kenya,KEN,1986,-2.672
Kenya,KEN,1987,-2.359
Kenya,KEN,1988,-1.493
Kenya,KEN,1989,-1.128
Kenya,KEN,1990,-0.495
Kenya,KEN,1991,-2.541
Kenya,KEN,1992,-1.767
Kenya,KEN,1993,-2.431
Kenya,KEN,1994,-1.561
Kenya,KEN,1995,-2.838
Kenya,KEN,1996,-2.899
Kenya,KEN,1997,-2.863
Kenya,KEN,1998,-2.424
Kenya,KEN,1999,-0.446
Kenya,KEN,2000,0.176
Kenya,KEN,2001,1.741
Kenya,KEN,2002,0.32
Kenya,KEN,2003,0.718
Kenya,KEN,2004,0.908
Kenya,KEN,2005,0.154
Kenya,KEN,2006,0.427
Kenya,KEN,2007,-0.302
Kenya,KEN,2008,0.755
Kenya,KEN,2009,0.176
Kenya,KEN,2010,-0.506
Kenya,KEN,2011,-1.048
Kenya,KEN,2012,-0.978
Kenya,KEN,2013,-1.281
Kenya,KEN,2014,-1.572
Kenya,KEN,2015,-2.038
Kenya,KEN,2016,-0.618
Kenya,KEN,2017,-1.396
Kenya,KEN,2018,-2.299
Kenya,KEN,2019,-1.21
Kenya,KEN,2020,-0.328
Kenya,KEN,2021,-0.987
Kenya,KEN,2022,-0.184
Kenya,KEN,2023,-0.181
Kiribati,KIR,1950,0
Kiribati,KIR,1951,0
Kiribati,KIR,1952,0
Kiribati,KIR,1953,0
Kiribati,KIR,1954,0
Kiribati,KIR,1955,0
Kiribati,KIR,1956,0
Kiribati,KIR,1957,0
Kiribati,KIR,1958,0
Kiribati,KIR,1959,0
Kiribati,KIR,1960,0
Kiribati,KIR,1961,0
Kiribati,KIR,1962,0
Kiribati,KIR,1963,0
Kiribati,KIR,1964,0
Kiribati,KIR,1965,0
Kiribati,KIR,1966,-15.434
Kiribati,KIR,1967,-15.874
Kiribati,KIR,1968,-15.776
Kiribati,KIR,1969,-3.939
Kiribati,KIR,1970,-4.051
Kiribati,KIR,1971,-4.518
Kiribati,KIR,1972,-4.851
Kiribati,KIR,1973,-7.234
Kiribati,KIR,1974,-26.217
Kiribati,KIR,1975,-27.973
Kiribati,KIR,1976,-29.59
Kiribati,KIR,1977,-30.763
Kiribati,KIR,1978,-31.037
Kiribati,KIR,1979,-8.575
Kiribati,KIR,1980,-9.976
Kiribati,KIR,1981,-10.383
Kiribati,KIR,1982,-10.676
Kiribati,KIR,1983,-10.94
Kiribati,KIR,1984,-11.192
Kiribati,KIR,1985,-6.301
Kiribati,KIR,1986,-4.011
Kiribati,KIR,1987,-4.273
Kiribati,KIR,1988,-4.494
Kiribati,KIR,1989,-4.621
Kiribati,KIR,1990,-5.891
Kiribati,KIR,1991,-11.052
Kiribati,KIR,1992,-12.249
Kiribati,KIR,1993,-12.367
Kiribati,KIR,1994,-12.447
Kiribati,KIR,1995,-11.424
Kiribati,KIR,1996,-8.484
Kiribati,KIR,1997,-8.236
Kiribati,KIR,1998,-8.359
Kiribati,KIR,1999,-8.413
Kiribati,KIR,2000,-7.098
Kiribati,KIR,2001,-2.225
Kiribati,KIR,2002,-1.485
Kiribati,KIR,2003,-1.667
Kiribati,KIR,2004,-1.884
Kiribati,KIR,2005,-2.305
Kiribati,KIR,2006,-2.899
Kiribati,KIR,2007,-2.841
Kiribati,KIR,2008,-2.773
Kiribati,KIR,2009,-2.714
Kiribati,KIR,2010,-4.195
Kiribati,KIR,2011,-9.209
Kiribati,KIR,2012,-9.734
Kiribati,KIR,2013,-9.672
Kiribati,KIR,2014,-9.781
Kiribati,KIR,2015,-8.749
Kiribati,KIR,2016,-6.381
Kiribati,KIR,2017,-6.236
Kiribati,KIR,2018,-6.07
Kiribati,KIR,2019,-5.689
Kiribati,KIR,2020,0
Kiribati,KIR,2021,-2.711
Kiribati,KIR,2022,-3.028
Kiribati,KIR,2023,-3.66
Kosovo,OWID_KOS,1950,0
Kosovo,OWID_KOS,1951,0
Kosovo,OWID_KOS,1952,0
Kosovo,OWID_KOS,1953,0
Kosovo,OWID_KOS,1954,0
Kosovo,OWID_KOS,1955,-0.032
Kosovo,OWID_KOS,1956,0.389
Kosovo,OWID_KOS,1957,1.181
Kosovo,OWID_KOS,1958,1.612
Kosovo,OWID_KOS,1959,2.567
Kosovo,OWID_KOS,1960,3.281
Kosovo,OWID_KOS,1961,0.435
Kosovo,OWID_KOS,1962,0.269
Kosovo,OWID_KOS,1963,-0.036
Kosovo,OWID_KOS,1964,1.08
Kosovo,OWID_KOS,1965,2.145
Kosovo,OWID_KOS,1966,3.563
Kosovo,OWID_KOS,1967,4.825
Kosovo,OWID_KOS,1968,-12.538
Kosovo,OWID_KOS,1969,-10.458
Kosovo,OWID_KOS,1970,-9.424
Kosovo,OWID_KOS,1971,-1.287
Kosovo,OWID_KOS,1972,-2.177
Kosovo,OWID_KOS,1973,-1.387
Kosovo,OWID_KOS,1974,-0.277
Kosovo,OWID_KOS,1975,0.85
Kosovo,OWID_KOS,1976,2.171
Kosovo,OWID_KOS,1977,3.306
Kosovo,OWID_KOS,1978,4.518
Kosovo,OWID_KOS,1979,4.85
Kosovo,OWID_KOS,1980,4.521
Kosovo,OWID_KOS,1981,-0.711
Kosovo,OWID_KOS,1982,-2.58
Kosovo,OWID_KOS,1983,-2.84
Kosovo,OWID_KOS,1984,-2.129
Kosovo,OWID_KOS,1985,-0.61
Kosovo,OWID_KOS,1986,-0.244
Kosovo,OWID_KOS,1987,0.15
Kosovo,OWID_KOS,1988,-8.275
Kosovo,OWID_KOS,1989,-7.466
Kosovo,OWID_KOS,1990,-8.003
Kosovo,OWID_KOS,1991,-1.738
Kosovo,OWID_KOS,1992,0.406
Kosovo,OWID_KOS,1993,0.318
Kosovo,OWID_KOS,1994,0.21
Kosovo,OWID_KOS,1995,-0.357
Kosovo,OWID_KOS,1996,-1.93
Kosovo,OWID_KOS,1997,-2.119
Kosovo,OWID_KOS,1998,-141.796
Kosovo,OWID_KOS,1999,-90.025
Kosovo,OWID_KOS,2000,-5.076
Kosovo,OWID_KOS,2001,-1.093
Kosovo,OWID_KOS,2002,-14.916
Kosovo,OWID_KOS,2003,-15.052
Kosovo,OWID_KOS,2004,-16.147
Kosovo,OWID_KOS,2005,-17.124
Kosovo,OWID_KOS,2006,-17.209
Kosovo,OWID_KOS,2007,-17.485
Kosovo,OWID_KOS,2008,-17.799
Kosovo,OWID_KOS,2009,-17.583
Kosovo,OWID_KOS,2010,-16.455
Kosovo,OWID_KOS,2011,-5.058
Kosovo,OWID_KOS,2012,-1.884
Kosovo,OWID_KOS,2013,-9.007
Kosovo,OWID_KOS,2014,-21.883
Kosovo,OWID_KOS,2015,-31.21
Kosovo,OWID_KOS,2016,-5.073
Kosovo,OWID_KOS,2017,-3.07
Kosovo,OWID_KOS,2018,-12.098
Kosovo,OWID_KOS,2019,-16.426
Kosovo,OWID_KOS,2020,1.607
Kosovo,OWID_KOS,2021,-22.156
Kosovo,OWID_KOS,2022,-16.641
Kosovo,OWID_KOS,2023,-16.914
Kuwait,KWT,1950,0
Kuwait,KWT,1951,0
Kuwait,KWT,1952,0
Kuwait,KWT,1953,0
Kuwait,KWT,1954,0
Kuwait,KWT,1955,80.579
Kuwait,KWT,1956,72.374
Kuwait,KWT,1957,44.045
Kuwait,KWT,1958,78.244
Kuwait,KWT,1959,72.831
Kuwait,KWT,1960,69.983
Kuwait,KWT,1961,71.162
Kuwait,KWT,1962,71.214
Kuwait,KWT,1963,67.546
Kuwait,KWT,1964,62.431
Kuwait,KWT,1965,58.675
Kuwait,KWT,1966,56.555
Kuwait,KWT,1967,54.414
Kuwait,KWT,1968,51.473
Kuwait,KWT,1969,44.223
Kuwait,KWT,1970,32.893
Kuwait,KWT,1971,25.642
Kuwait,KWT,1972,23.887
Kuwait,KWT,1973,23.352
Kuwait,KWT,1974,24.46
Kuwait,KWT,1975,27.975
Kuwait,KWT,1976,30.584
Kuwait,KWT,1977,30.385
Kuwait,KWT,1978,29.216
Kuwait,KWT,1979,26.261
Kuwait,KWT,1980,21.587
Kuwait,KWT,1981,18.694
Kuwait,KWT,1982,18.308
Kuwait,KWT,1983,18.207
Kuwait,KWT,1984,9.348
Kuwait,KWT,1985,13.608
Kuwait,KWT,1986,13.783
Kuwait,KWT,1987,15.218
Kuwait,KWT,1988,14.735
Kuwait,KWT,1989,15.623
Kuwait,KWT,1990,-709.899
Kuwait,KWT,1991,340.853
Kuwait,KWT,1992,32.184
Kuwait,KWT,1993,-26.015
Kuwait,KWT,1994,-25.152
Kuwait,KWT,1995,0.26
Kuwait,KWT,1996,10.353
Kuwait,KWT,1997,9.765
Kuwait,KWT,1998,9.151
Kuwait,KWT,1999,8.375
Kuwait,KWT,2000,7.314
Kuwait,KWT,2001,6.003
Kuwait,KWT,2002,4.532
Kuwait,KWT,2003,2.794
Kuwait,KWT,2004,0.794
Kuwait,KWT,2005,30.239
Kuwait,KWT,2006,41.056
Kuwait,KWT,2007,38.584
Kuwait,KWT,2008,36.308
Kuwait,KWT,2009,34.156
Kuwait,KWT,2010,34.507
Kuwait,KWT,2011,56.413
Kuwait,KWT,2012,38.291
Kuwait,KWT,2013,30.738
Kuwait,KWT,2014,27.522
Kuwait,KWT,2015,33.824
Kuwait,KWT,2016,26.428
Kuwait,KWT,2017,22.316
Kuwait,KWT,2018,33.764
Kuwait,KWT,2019,0.041
Kuwait,KWT,2020,-38.267
Kuwait,KWT,2021,4.513
Kuwait,KWT,2022,80.305
Kuwait,KWT,2023,10.335
Kyrgyzstan,KGZ,1950,3.272
Kyrgyzstan,KGZ,1951,2.707
Kyrgyzstan,KGZ,1952,2.116
Kyrgyzstan,KGZ,1953,1.434
Kyrgyzstan,KGZ,1954,1.599
Kyrgyzstan,KGZ,1955,1.729
Kyrgyzstan,KGZ,1956,1.956
Kyrgyzstan,KGZ,1957,2.164
Kyrgyzstan,KGZ,1958,1.941
Kyrgyzstan,KGZ,1959,4.265
Kyrgyzstan,KGZ,1960,6.295
Kyrgyzstan,KGZ,1961,8.02
Kyrgyzstan,KGZ,1962,8.963
Kyrgyzstan,KGZ,1963,8.969
Kyrgyzstan,KGZ,1964,8.799
Kyrgyzstan,KGZ,1965,8.746
Kyrgyzstan,KGZ,1966,8.106
Kyrgyzstan,KGZ,1967,7.971
Kyrgyzstan,KGZ,1968,7.307
Kyrgyzstan,KGZ,1969,5.726
Kyrgyzstan,KGZ,1970,3.734
Kyrgyzstan,KGZ,1971,0.853
Kyrgyzstan,KGZ,1972,-0.366
Kyrgyzstan,KGZ,1973,-1.039
Kyrgyzstan,KGZ,1974,-1.756
Kyrgyzstan,KGZ,1975,-2.259
Kyrgyzstan,KGZ,1976,-3.046
Kyrgyzstan,KGZ,1977,-1.913
Kyrgyzstan,KGZ,1978,-1.949
Kyrgyzstan,KGZ,1979,-1.825
Kyrgyzstan,KGZ,1980,-1.365
Kyrgyzstan,KGZ,1981,-1.768
Kyrgyzstan,KGZ,1982,-1.645
Kyrgyzstan,KGZ,1983,-1.393
Kyrgyzstan,KGZ,1984,-8.479
Kyrgyzstan,KGZ,1985,-9.394
Kyrgyzstan,KGZ,1986,-9.61
Kyrgyzstan,KGZ,1987,-9.361
Kyrgyzstan,KGZ,1988,-9.476
Kyrgyzstan,KGZ,1989,-5.87
Kyrgyzstan,KGZ,1990,-6.259
Kyrgyzstan,KGZ,1991,-7.122
Kyrgyzstan,KGZ,1992,-7.175
Kyrgyzstan,KGZ,1993,-22.412
Kyrgyzstan,KGZ,1994,-4.768
Kyrgyzstan,KGZ,1995,-2.284
Kyrgyzstan,KGZ,1996,-2.284
Kyrgyzstan,KGZ,1997,-2.422
Kyrgyzstan,KGZ,1998,-3.604
Kyrgyzstan,KGZ,1999,-2.072
Kyrgyzstan,KGZ,2000,-4.63
Kyrgyzstan,KGZ,2001,-5.066
Kyrgyzstan,KGZ,2002,-5.531
Kyrgyzstan,KGZ,2003,-5.948
Kyrgyzstan,KGZ,2004,-6.167
Kyrgyzstan,KGZ,2005,-6.917
Kyrgyzstan,KGZ,2006,-10.122
Kyrgyzstan,KGZ,2007,-10.219
Kyrgyzstan,KGZ,2008,-12.055
Kyrgyzstan,KGZ,2009,-2.654
Kyrgyzstan,KGZ,2010,-1.187
Kyrgyzstan,KGZ,2011,-1.818
Kyrgyzstan,KGZ,2012,-2.195
Kyrgyzstan,KGZ,2013,-1.668
Kyrgyzstan,KGZ,2014,-1.601
Kyrgyzstan,KGZ,2015,-0.845
Kyrgyzstan,KGZ,2016,0.194
Kyrgyzstan,KGZ,2017,1.214
Kyrgyzstan,KGZ,2018,0.551
Kyrgyzstan,KGZ,2019,7.284
Kyrgyzstan,KGZ,2020,8.209
Kyrgyzstan,KGZ,2021,6.775
Kyrgyzstan,KGZ,2022,1.811
Kyrgyzstan,KGZ,2023,0.792
Laos,LAO,1950,0
Laos,LAO,1951,0
Laos,LAO,1952,0
Laos,LAO,1953,0
Laos,LAO,1954,0
Laos,LAO,1955,0
Laos,LAO,1956,0
Laos,LAO,1957,0
Laos,LAO,1958,0
Laos,LAO,1959,0
Laos,LAO,1960,0
Laos,LAO,1961,0
Laos,LAO,1962,0
Laos,LAO,1963,0
Laos,LAO,1964,0
Laos,LAO,1965,0
Laos,LAO,1966,0
Laos,LAO,1967,0
Laos,LAO,1968,0
Laos,LAO,1969,0
Laos,LAO,1970,0
Laos,LAO,1971,0
Laos,LAO,1972,0
Laos,LAO,1973,-0.27
Laos,LAO,1974,-2.041
Laos,LAO,1975,-4.611
Laos,LAO,1976,-7.092
Laos,LAO,1977,-8.627
Laos,LAO,1978,-8.578
Laos,LAO,1979,-7.223
Laos,LAO,1980,-5.266
Laos,LAO,1981,-3.285
Laos,LAO,1982,-1.792
Laos,LAO,1983,-1.16
Laos,LAO,1984,-0.742
Laos,LAO,1985,-0.368
Laos,LAO,1986,-0.123
Laos,LAO,1987,0
Laos,LAO,1988,-0.02
Laos,LAO,1989,-0.304
Laos,LAO,1990,-0.719
Laos,LAO,1991,-1.215
Laos,LAO,1992,-1.645
Laos,LAO,1993,-2.004
Laos,LAO,1994,-2.45
Laos,LAO,1995,-2.897
Laos,LAO,1996,-3.285
Laos,LAO,1997,-6.267
Laos,LAO,1998,-6.478
Laos,LAO,1999,-6.859
Laos,LAO,2000,-6.254
Laos,LAO,2001,-6.077
Laos,LAO,2002,-5.987
Laos,LAO,2003,-6.419
Laos,LAO,2004,-6.939
Laos,LAO,2005,-4.112
Laos,LAO,2006,-4.24
Laos,LAO,2007,-4.497
Laos,LAO,2008,-4.605
Laos,LAO,2009,-4.734
Laos,LAO,2010,-4.743
Laos,LAO,2011,-4.752
Laos,LAO,2012,-4.429
Laos,LAO,2013,-4.158
Laos,LAO,2014,-4.01
Laos,LAO,2015,-1.91
Laos,LAO,2016,-1.65
Laos,LAO,2017,-1.482
Laos,LAO,2018,-1.446
Laos,LAO,2019,-1.424
Laos,LAO,2020,-1.403
Laos,LAO,2021,-1.383
Laos,LAO,2022,-1.323
Laos,LAO,2023,-1.305
Latin America and the Caribbean (UN),UN_LAC,1950,-0.476
Latin America and the Caribbean (UN),UN_LAC,1951,-0.573
Latin America and the Caribbean (UN),UN_LAC,1952,-0.739
Latin America and the Caribbean (UN),UN_LAC,1953,-0.942
Latin America and the Caribbean (UN),UN_LAC,1954,-1.038
Latin America and the Caribbean (UN),UN_LAC,1955,-1.129
Latin America and the Caribbean (UN),UN_LAC,1956,-1.204
Latin America and the Caribbean (UN),UN_LAC,1957,-1.281
Latin America and the Caribbean (UN),UN_LAC,1958,-1.408
Latin America and the Caribbean (UN),UN_LAC,1959,-1.361
Latin America and the Caribbean (UN),UN_LAC,1960,-1.373
Latin America and the Caribbean (UN),UN_LAC,1961,-1.229
Latin America and the Caribbean (UN),UN_LAC,1962,-1.321
Latin America and the Caribbean (UN),UN_LAC,1963,-1.36
Latin America and the Caribbean (UN),UN_LAC,1964,-1.399
Latin America and the Caribbean (UN),UN_LAC,1965,-1.406
Latin America and the Caribbean (UN),UN_LAC,1966,-1.44
Latin America and the Caribbean (UN),UN_LAC,1967,-1.451
Latin America and the Caribbean (UN),UN_LAC,1968,-1.497
Latin America and the Caribbean (UN),UN_LAC,1969,-1.556
Latin America and the Caribbean (UN),UN_LAC,1970,-1.686
Latin America and the Caribbean (UN),UN_LAC,1971,-1.844
Latin America and the Caribbean (UN),UN_LAC,1972,-1.873
Latin America and the Caribbean (UN),UN_LAC,1973,-1.869
Latin America and the Caribbean (UN),UN_LAC,1974,-1.934
Latin America and the Caribbean (UN),UN_LAC,1975,-2.055
Latin America and the Caribbean (UN),UN_LAC,1976,-2.131
Latin America and the Caribbean (UN),UN_LAC,1977,-1.989
Latin America and the Caribbean (UN),UN_LAC,1978,-1.958
Latin America and the Caribbean (UN),UN_LAC,1979,-1.962
Latin America and the Caribbean (UN),UN_LAC,1980,-1.93
Latin America and the Caribbean (UN),UN_LAC,1981,-2.296
Latin America and the Caribbean (UN),UN_LAC,1982,-2.113
Latin America and the Caribbean (UN),UN_LAC,1983,-1.918
Latin America and the Caribbean (UN),UN_LAC,1984,-1.906
Latin America and the Caribbean (UN),UN_LAC,1985,-1.924
Latin America and the Caribbean (UN),UN_LAC,1986,-2.149
Latin America and the Caribbean (UN),UN_LAC,1987,-1.97
Latin America and the Caribbean (UN),UN_LAC,1988,-1.79
Latin America and the Caribbean (UN),UN_LAC,1989,-1.802
Latin America and the Caribbean (UN),UN_LAC,1990,-1.522
Latin America and the Caribbean (UN),UN_LAC,1991,-1.867
Latin America and the Caribbean (UN),UN_LAC,1992,-1.55
Latin America and the Caribbean (UN),UN_LAC,1993,-1.912
Latin America and the Caribbean (UN),UN_LAC,1994,-1.825
Latin America and the Caribbean (UN),UN_LAC,1995,-1.838
Latin America and the Caribbean (UN),UN_LAC,1996,-1.816
Latin America and the Caribbean (UN),UN_LAC,1997,-1.786
Latin America and the Caribbean (UN),UN_LAC,1998,-1.457
Latin America and the Caribbean (UN),UN_LAC,1999,-1.664
Latin America and the Caribbean (UN),UN_LAC,2000,-1.898
Latin America and the Caribbean (UN),UN_LAC,2001,-2.007
Latin America and the Caribbean (UN),UN_LAC,2002,-1.996
Latin America and the Caribbean (UN),UN_LAC,2003,-2.014
Latin America and the Caribbean (UN),UN_LAC,2004,-1.97
Latin America and the Caribbean (UN),UN_LAC,2005,-1.963
Latin America and the Caribbean (UN),UN_LAC,2006,-1.798
Latin America and the Caribbean (UN),UN_LAC,2007,-1.54
Latin America and the Caribbean (UN),UN_LAC,2008,-1.519
Latin America and the Caribbean (UN),UN_LAC,2009,-1.547
Latin America and the Caribbean (UN),UN_LAC,2010,-1.508
Latin America and the Caribbean (UN),UN_LAC,2011,-1.385
Latin America and the Caribbean (UN),UN_LAC,2012,-1.366
Latin America and the Caribbean (UN),UN_LAC,2013,-1.262
Latin America and the Caribbean (UN),UN_LAC,2014,-1.321
Latin America and the Caribbean (UN),UN_LAC,2015,-1.319
Latin America and the Caribbean (UN),UN_LAC,2016,-0.944
Latin America and the Caribbean (UN),UN_LAC,2017,-1.224
Latin America and the Caribbean (UN),UN_LAC,2018,-1.195
Latin America and the Caribbean (UN),UN_LAC,2019,-1.358
Latin America and the Caribbean (UN),UN_LAC,2020,-0.94
Latin America and the Caribbean (UN),UN_LAC,2021,-0.851
Latin America and the Caribbean (UN),UN_LAC,2022,-0.605
Latin America and the Caribbean (UN),UN_LAC,2023,-0.565
Latvia,LVA,1950,3.094
Latvia,LVA,1951,3.463
Latvia,LVA,1952,3.821
Latvia,LVA,1953,4.153
Latvia,LVA,1954,4.497
Latvia,LVA,1955,4.843
Latvia,LVA,1956,5.208
Latvia,LVA,1957,5.601
Latvia,LVA,1958,6.028
Latvia,LVA,1959,14.192
Latvia,LVA,1960,5.359
Latvia,LVA,1961,5.732
Latvia,LVA,1962,5.656
Latvia,LVA,1963,5.58
Latvia,LVA,1964,5.835
Latvia,LVA,1965,5.867
Latvia,LVA,1966,5.92
Latvia,LVA,1967,6.175
Latvia,LVA,1968,5.811
Latvia,LVA,1969,5.868
Latvia,LVA,1970,5.3
Latvia,LVA,1971,4.563
Latvia,LVA,1972,4.623
Latvia,LVA,1973,6.622
Latvia,LVA,1974,5.917
Latvia,LVA,1975,4.954
Latvia,LVA,1976,3.59
Latvia,LVA,1977,4.827
Latvia,LVA,1978,2.963
Latvia,LVA,1979,1.461
Latvia,LVA,1980,1.234
Latvia,LVA,1981,2.594
Latvia,LVA,1982,3.205
Latvia,LVA,1983,3.186
Latvia,LVA,1984,3.452
Latvia,LVA,1985,4.667
Latvia,LVA,1986,5.374
Latvia,LVA,1987,7.33
Latvia,LVA,1988,5.951
Latvia,LVA,1989,-1.861
Latvia,LVA,1990,-4.961
Latvia,LVA,1991,-4.538
Latvia,LVA,1992,-19.955
Latvia,LVA,1993,-12.838
Latvia,LVA,1994,-8.506
Latvia,LVA,1995,-5.345
Latvia,LVA,1996,-4.023
Latvia,LVA,1997,-3.774
Latvia,LVA,1998,-2.284
Latvia,LVA,1999,-1.351
Latvia,LVA,2000,-6.62
Latvia,LVA,2001,-7.969
Latvia,LVA,2002,-3.963
Latvia,LVA,2003,-4.99
Latvia,LVA,2004,-6.685
Latvia,LVA,2005,-4.971
Latvia,LVA,2006,-4.151
Latvia,LVA,2007,-3.647
Latvia,LVA,2008,-10.307
Latvia,LVA,2009,-16.249
Latvia,LVA,2010,-17.222
Latvia,LVA,2011,-9.807
Latvia,LVA,2012,-5.856
Latvia,LVA,2013,-7.147
Latvia,LVA,2014,-4.412
Latvia,LVA,2015,-5.474
Latvia,LVA,2016,-6.29
Latvia,LVA,2017,-4.05
Latvia,LVA,2018,-2.579
Latvia,LVA,2019,-1.784
Latvia,LVA,2020,-1.655
Latvia,LVA,2021,-0.148
Latvia,LVA,2022,11.71
Latvia,LVA,2023,4.232
Least developed countries,,1950,-0.5
Least developed countries,,1951,-0.571
Least developed countries,,1952,-0.822
Least developed countries,,1953,-1.352
Least developed countries,,1954,-1.203
Least developed countries,,1955,-1.206
Least developed countries,,1956,-1.197
Least developed countries,,1957,-1.252
Least developed countries,,1958,-1.929
Least developed countries,,1959,-0.978
Least developed countries,,1960,-0.677
Least developed countries,,1961,-0.457
Least developed countries,,1962,-0.563
Least developed countries,,1963,-0.574
Least developed countries,,1964,-0.353
Least developed countries,,1965,-0.217
Least developed countries,,1966,-0.322
Least developed countries,,1967,-0.092
Least developed countries,,1968,-0.168
Least developed countries,,1969,-0.789
Least developed countries,,1970,-1.081
Least developed countries,,1971,-0.137
Least developed countries,,1972,-1.594
Least developed countries,,1973,-0.267
Least developed countries,,1974,-1.303
Least developed countries,,1975,-1.726
Least developed countries,,1976,-2.253
Least developed countries,,1977,-3.252
Least developed countries,,1978,-0.477
Least developed countries,,1979,-2.646
Least developed countries,,1980,-7.293
Least developed countries,,1981,-5.357
Least developed countries,,1982,-1.221
Least developed countries,,1983,-0.727
Least developed countries,,1984,-0.564
Least developed countries,,1985,-1.349
Least developed countries,,1986,-1.786
Least developed countries,,1987,-1.908
Least developed countries,,1988,-2.391
Least developed countries,,1989,-1.978
Least developed countries,,1990,-3.283
Least developed countries,,1991,-1.487
Least developed countries,,1992,1.44
Least developed countries,,1993,1.476
Least developed countries,,1994,0.838
Least developed countries,,1995,-0.044
Least developed countries,,1996,-1.149
Least developed countries,,1997,-1.039
Least developed countries,,1998,-1.178
Least developed countries,,1999,-2.011
Least developed countries,,2000,-3.519
Least developed countries,,2001,-2.644
Least developed countries,,2002,-1.275
Least developed countries,,2003,-2.429
Least developed countries,,2004,-3.052
Least developed countries,,2005,-2.345
Least developed countries,,2006,-2.892
Least developed countries,,2007,-3.893
Least developed countries,,2008,-2.435
Least developed countries,,2009,-2.761
Least developed countries,,2010,-2.68
Least developed countries,,2011,-1.931
Least developed countries,,2012,-2.042
Least developed countries,,2013,-1.764
Least developed countries,,2014,-1.908
Least developed countries,,2015,-2.082
Least developed countries,,2016,-1.414
Least developed countries,,2017,-1.6
Least developed countries,,2018,-1.412
Least developed countries,,2019,-1.163
Least developed countries,,2020,-0.762
Least developed countries,,2021,-1.629
Least developed countries,,2022,-1.843
Least developed countries,,2023,-1.586
Lebanon,LBN,1950,0
Lebanon,LBN,1951,0
Lebanon,LBN,1952,0
Lebanon,LBN,1953,0
Lebanon,LBN,1954,0
Lebanon,LBN,1955,0
Lebanon,LBN,1956,0
Lebanon,LBN,1957,0
Lebanon,LBN,1958,0
Lebanon,LBN,1959,0
Lebanon,LBN,1960,0
Lebanon,LBN,1961,2.618
Lebanon,LBN,1962,2.393
Lebanon,LBN,1963,2.167
Lebanon,LBN,1964,0.646
Lebanon,LBN,1965,-0.355
Lebanon,LBN,1966,1.333
Lebanon,LBN,1967,-1.556
Lebanon,LBN,1968,1.988
Lebanon,LBN,1969,0
Lebanon,LBN,1970,-1.889
Lebanon,LBN,1971,1.244
Lebanon,LBN,1972,0.117
Lebanon,LBN,1973,0.187
Lebanon,LBN,1974,-1.454
Lebanon,LBN,1975,0
Lebanon,LBN,1976,0
Lebanon,LBN,1977,0
Lebanon,LBN,1978,0
Lebanon,LBN,1979,-0.73
Lebanon,LBN,1980,0.714
Lebanon,LBN,1981,-0.598
Lebanon,LBN,1982,-4.249
Lebanon,LBN,1983,-4.704
Lebanon,LBN,1984,-0.883
Lebanon,LBN,1985,-0.344
Lebanon,LBN,1986,10.165
Lebanon,LBN,1987,0.179
Lebanon,LBN,1988,-0.555
Lebanon,LBN,1989,-0.518
Lebanon,LBN,1990,-1.834
Lebanon,LBN,1991,0.316
Lebanon,LBN,1992,-0.259
Lebanon,LBN,1993,-1.36
Lebanon,LBN,1994,-1.247
Lebanon,LBN,1995,0.665
Lebanon,LBN,1996,0.784
Lebanon,LBN,1997,0.32
Lebanon,LBN,1998,0.254
Lebanon,LBN,1999,0.608
Lebanon,LBN,2000,0.105
Lebanon,LBN,2001,-0.249
Lebanon,LBN,2002,-4.826
Lebanon,LBN,2003,0.37
Lebanon,LBN,2004,1.081
Lebanon,LBN,2005,0.262
Lebanon,LBN,2006,5.288
Lebanon,LBN,2007,5.769
Lebanon,LBN,2008,0.087
Lebanon,LBN,2009,-0.541
Lebanon,LBN,2010,-8.116
Lebanon,LBN,2011,0.441
Lebanon,LBN,2012,23.765
Lebanon,LBN,2013,127.711
Lebanon,LBN,2014,47.442
Lebanon,LBN,2015,-37.054
Lebanon,LBN,2016,-39.209
Lebanon,LBN,2017,-41.178
Lebanon,LBN,2018,-43.398
Lebanon,LBN,2019,-46.076
Lebanon,LBN,2020,-8.38
Lebanon,LBN,2021,-4.773
Lebanon,LBN,2022,-4.788
Lebanon,LBN,2023,-5.922
Lesotho,LSO,1950,-1.701
Lesotho,LSO,1951,-1.814
Lesotho,LSO,1952,-1.915
Lesotho,LSO,1953,-1.998
Lesotho,LSO,1954,-2.088
Lesotho,LSO,1955,-2.149
Lesotho,LSO,1956,-2.185
Lesotho,LSO,1957,1.914
Lesotho,LSO,1958,2.165
Lesotho,LSO,1959,2.529
Lesotho,LSO,1960,2.701
Lesotho,LSO,1961,2.767
Lesotho,LSO,1962,2.778
Lesotho,LSO,1963,2.756
Lesotho,LSO,1964,2.65
Lesotho,LSO,1965,2.622
Lesotho,LSO,1966,8.219
Lesotho,LSO,1967,10.65
Lesotho,LSO,1968,10.661
Lesotho,LSO,1969,10.644
Lesotho,LSO,1970,10.404
Lesotho,LSO,1971,10.001
Lesotho,LSO,1972,9.493
Lesotho,LSO,1973,8.99
Lesotho,LSO,1974,8.505
Lesotho,LSO,1975,8.011
Lesotho,LSO,1976,2.383
Lesotho,LSO,1977,0.578
Lesotho,LSO,1978,0.789
Lesotho,LSO,1979,0.941
Lesotho,LSO,1980,0.968
Lesotho,LSO,1981,0.903
Lesotho,LSO,1982,0.859
Lesotho,LSO,1983,0.817
Lesotho,LSO,1984,0.759
Lesotho,LSO,1985,0.752
Lesotho,LSO,1986,-4.502
Lesotho,LSO,1987,-6.426
Lesotho,LSO,1988,-6.339
Lesotho,LSO,1989,-6.312
Lesotho,LSO,1990,-6.409
Lesotho,LSO,1991,-6.575
Lesotho,LSO,1992,-6.783
Lesotho,LSO,1993,-7.018
Lesotho,LSO,1994,-7.238
Lesotho,LSO,1995,-7.476
Lesotho,LSO,1996,-8.64
Lesotho,LSO,1997,-11.265
Lesotho,LSO,1998,-11.661
Lesotho,LSO,1999,-12.285
Lesotho,LSO,2000,-13.084
Lesotho,LSO,2001,-13.931
Lesotho,LSO,2002,-15.002
Lesotho,LSO,2003,-15.981
Lesotho,LSO,2004,-17.011
Lesotho,LSO,2005,-18.268
Lesotho,LSO,2006,-5.869
Lesotho,LSO,2007,-2.651
Lesotho,LSO,2008,-2.742
Lesotho,LSO,2009,-2.827
Lesotho,LSO,2010,-2.949
Lesotho,LSO,2011,-3.038
Lesotho,LSO,2012,-3.158
Lesotho,LSO,2013,-3.238
Lesotho,LSO,2014,-3.306
Lesotho,LSO,2015,-3.367
Lesotho,LSO,2016,-3.176
Lesotho,LSO,2017,-3.176
Lesotho,LSO,2018,-3.156
Lesotho,LSO,2019,-3.121
Lesotho,LSO,2020,-1.543
Lesotho,LSO,2021,-1.525
Lesotho,LSO,2022,-2.635
Lesotho,LSO,2023,-2.236
Less developed regions,,1950,0.179
Less developed regions,,1951,0.285
Less developed regions,,1952,0.265
Less developed regions,,1953,0.008
Less developed regions,,1954,0.131
Less developed regions,,1955,0.088
Less developed regions,,1956,0.192
Less developed regions,,1957,-0.161
Less developed regions,,1958,-0.003
Less developed regions,,1959,0.083
Less developed regions,,1960,-0.041
Less developed regions,,1961,-0.164
Less developed regions,,1962,-0.345
Less developed regions,,1963,-0.301
Less developed regions,,1964,-0.223
Less developed regions,,1965,-0.349
Less developed regions,,1966,-0.411
Less developed regions,,1967,-0.181
Less developed regions,,1968,-0.404
Less developed regions,,1969,-0.448
Less developed regions,,1970,-0.219
Less developed regions,,1971,-0.66
Less developed regions,,1972,-0.54
Less developed regions,,1973,-0.517
Less developed regions,,1974,-0.362
Less developed regions,,1975,-0.262
Less developed regions,,1976,-0.314
Less developed regions,,1977,-0.276
Less developed regions,,1978,-0.259
Less developed regions,,1979,-0.311
Less developed regions,,1980,-0.461
Less developed regions,,1981,-0.226
Less developed regions,,1982,-0.14
Less developed regions,,1983,-0.207
Less developed regions,,1984,-0.187
Less developed regions,,1985,-0.293
Less developed regions,,1986,-0.336
Less developed regions,,1987,-0.32
Less developed regions,,1988,-0.433
Less developed regions,,1989,-0.39
Less developed regions,,1990,-0.609
Less developed regions,,1991,-0.59
Less developed regions,,1992,-0.296
Less developed regions,,1993,-0.56
Less developed regions,,1994,-0.741
Less developed regions,,1995,-0.481
Less developed regions,,1996,-0.515
Less developed regions,,1997,-0.44
Less developed regions,,1998,-0.257
Less developed regions,,1999,-0.485
Less developed regions,,2000,-0.56
Less developed regions,,2001,-0.573
Less developed regions,,2002,-0.92
Less developed regions,,2003,-0.709
Less developed regions,,2004,-0.666
Less developed regions,,2005,-0.626
Less developed regions,,2006,-0.566
Less developed regions,,2007,-0.726
Less developed regions,,2008,-0.644
Less developed regions,,2009,-0.547
Less developed regions,,2010,-0.561
Less developed regions,,2011,-0.552
Less developed regions,,2012,-0.507
Less developed regions,,2013,-0.539
Less developed regions,,2014,-0.551
Less developed regions,,2015,-0.727
Less developed regions,,2016,-0.729
Less developed regions,,2017,-0.721
Less developed regions,,2018,-0.718
Less developed regions,,2019,-0.705
Less developed regions,,2020,-0.329
Less developed regions,,2021,-0.394
Less developed regions,,2022,-0.316
Less developed regions,,2023,-0.529
"Less developed regions, excluding China",,1950,0.264
"Less developed regions, excluding China",,1951,0.418
"Less developed regions, excluding China",,1952,0.379
"Less developed regions, excluding China",,1953,-0.007
"Less developed regions, excluding China",,1954,0.169
"Less developed regions, excluding China",,1955,0.093
"Less developed regions, excluding China",,1956,0.229
"Less developed regions, excluding China",,1957,-0.307
"Less developed regions, excluding China",,1958,-0.071
"Less developed regions, excluding China",,1959,0.064
"Less developed regions, excluding China",,1960,-0.1
"Less developed regions, excluding China",,1961,-0.098
"Less developed regions, excluding China",,1962,-0.319
"Less developed regions, excluding China",,1963,-0.272
"Less developed regions, excluding China",,1964,-0.336
"Less developed regions, excluding China",,1965,-0.547
"Less developed regions, excluding China",,1966,-0.597
"Less developed regions, excluding China",,1967,-0.255
"Less developed regions, excluding China",,1968,-0.721
"Less developed regions, excluding China",,1969,-0.77
"Less developed regions, excluding China",,1970,-0.396
"Less developed regions, excluding China",,1971,-0.93
"Less developed regions, excluding China",,1972,-0.721
"Less developed regions, excluding China",,1973,-0.644
"Less developed regions, excluding China",,1974,-0.463
"Less developed regions, excluding China",,1975,-0.324
"Less developed regions, excluding China",,1976,-0.456
"Less developed regions, excluding China",,1977,-0.423
"Less developed regions, excluding China",,1978,-0.398
"Less developed regions, excluding China",,1979,-0.469
"Less developed regions, excluding China",,1980,-0.666
"Less developed regions, excluding China",,1981,-0.314
"Less developed regions, excluding China",,1982,-0.187
"Less developed regions, excluding China",,1983,-0.282
"Less developed regions, excluding China",,1984,-0.251
"Less developed regions, excluding China",,1985,-0.398
"Less developed regions, excluding China",,1986,-0.437
"Less developed regions, excluding China",,1987,-0.375
"Less developed regions, excluding China",,1988,-0.491
"Less developed regions, excluding China",,1989,-0.415
"Less developed regions, excluding China",,1990,-0.817
"Less developed regions, excluding China",,1991,-0.661
"Less developed regions, excluding China",,1992,-0.391
"Less developed regions, excluding China",,1993,-0.677
"Less developed regions, excluding China",,1994,-0.818
"Less developed regions, excluding China",,1995,-0.568
"Less developed regions, excluding China",,1996,-0.647
"Less developed regions, excluding China",,1997,-0.537
"Less developed regions, excluding China",,1998,-0.357
"Less developed regions, excluding China",,1999,-0.652
"Less developed regions, excluding China",,2000,-0.746
"Less developed regions, excluding China",,2001,-0.736
"Less developed regions, excluding China",,2002,-1.047
"Less developed regions, excluding China",,2003,-0.796
"Less developed regions, excluding China",,2004,-0.701
"Less developed regions, excluding China",,2005,-0.815
"Less developed regions, excluding China",,2006,-0.581
"Less developed regions, excluding China",,2007,-0.728
"Less developed regions, excluding China",,2008,-0.686
"Less developed regions, excluding China",,2009,-0.696
"Less developed regions, excluding China",,2010,-0.704
"Less developed regions, excluding China",,2011,-0.641
"Less developed regions, excluding China",,2012,-0.665
"Less developed regions, excluding China",,2013,-0.671
"Less developed regions, excluding China",,2014,-0.647
"Less developed regions, excluding China",,2015,-0.815
"Less developed regions, excluding China",,2016,-0.922
"Less developed regions, excluding China",,2017,-0.919
"Less developed regions, excluding China",,2018,-0.89
"Less developed regions, excluding China",,2019,-0.781
"Less developed regions, excluding China",,2020,-0.402
"Less developed regions, excluding China",,2021,-0.405
"Less developed regions, excluding China",,2022,-0.344
"Less developed regions, excluding China",,2023,-0.562
"Less developed regions, excluding least developed countries",,1950,0.271
"Less developed regions, excluding least developed countries",,1951,0.4
"Less developed regions, excluding least developed countries",,1952,0.41
"Less developed regions, excluding least developed countries",,1953,0.19
"Less developed regions, excluding least developed countries",,1954,0.308
"Less developed regions, excluding least developed countries",,1955,0.26
"Less developed regions, excluding least developed countries",,1956,0.375
"Less developed regions, excluding least developed countries",,1957,-0.018
"Less developed regions, excluding least developed countries",,1958,0.25
"Less developed regions, excluding least developed countries",,1959,0.222
"Less developed regions, excluding least developed countries",,1960,0.042
"Less developed regions, excluding least developed countries",,1961,-0.125
"Less developed regions, excluding least developed countries",,1962,-0.316
"Less developed regions, excluding least developed countries",,1963,-0.265
"Less developed regions, excluding least developed countries",,1964,-0.205
"Less developed regions, excluding least developed countries",,1965,-0.366
"Less developed regions, excluding least developed countries",,1966,-0.423
"Less developed regions, excluding least developed countries",,1967,-0.193
"Less developed regions, excluding least developed countries",,1968,-0.435
"Less developed regions, excluding least developed countries",,1969,-0.403
"Less developed regions, excluding least developed countries",,1970,-0.104
"Less developed regions, excluding least developed countries",,1971,-0.729
"Less developed regions, excluding least developed countries",,1972,-0.4
"Less developed regions, excluding least developed countries",,1973,-0.55
"Less developed regions, excluding least developed countries",,1974,-0.236
"Less developed regions, excluding least developed countries",,1975,-0.065
"Less developed regions, excluding least developed countries",,1976,-0.054
"Less developed regions, excluding least developed countries",,1977,0.125
"Less developed regions, excluding least developed countries",,1978,-0.23
"Less developed regions, excluding least developed countries",,1979,0.006
"Less developed regions, excluding least developed countries",,1980,0.469
"Less developed regions, excluding least developed countries",,1981,0.473
"Less developed regions, excluding least developed countries",,1982,0.008
"Less developed regions, excluding least developed countries",,1983,-0.135
"Less developed regions, excluding least developed countries",,1984,-0.135
"Less developed regions, excluding least developed countries",,1985,-0.147
"Less developed regions, excluding least developed countries",,1986,-0.134
"Less developed regions, excluding least developed countries",,1987,-0.097
"Less developed regions, excluding least developed countries",,1988,-0.157
"Less developed regions, excluding least developed countries",,1989,-0.165
"Less developed regions, excluding least developed countries",,1990,-0.229
"Less developed regions, excluding least developed countries",,1991,-0.462
"Less developed regions, excluding least developed countries",,1992,-0.546
"Less developed regions, excluding least developed countries",,1993,-0.856
"Less developed regions, excluding least developed countries",,1994,-0.974
"Less developed regions, excluding least developed countries",,1995,-0.546
"Less developed regions, excluding least developed countries",,1996,-0.42
"Less developed regions, excluding least developed countries",,1997,-0.349
"Less developed regions, excluding least developed countries",,1998,-0.115
"Less developed regions, excluding least developed countries",,1999,-0.249
"Less developed regions, excluding least developed countries",,2000,-0.097
"Less developed regions, excluding least developed countries",,2001,-0.246
"Less developed regions, excluding least developed countries",,2002,-0.864
"Less developed regions, excluding least developed countries",,2003,-0.431
"Less developed regions, excluding least developed countries",,2004,-0.276
"Less developed regions, excluding least developed countries",,2005,-0.343
"Less developed regions, excluding least developed countries",,2006,-0.178
"Less developed regions, excluding least developed countries",,2007,-0.193
"Less developed regions, excluding least developed countries",,2008,-0.34
"Less developed regions, excluding least developed countries",,2009,-0.167
"Less developed regions, excluding least developed countries",,2010,-0.193
"Less developed regions, excluding least developed countries",,2011,-0.31
"Less developed regions, excluding least developed countries",,2012,-0.235
"Less developed regions, excluding least developed countries",,2013,-0.32
"Less developed regions, excluding least developed countries",,2014,-0.305
"Less developed regions, excluding least developed countries",,2015,-0.478
"Less developed regions, excluding least developed countries",,2016,-0.601
"Less developed regions, excluding least developed countries",,2017,-0.555
"Less developed regions, excluding least developed countries",,2018,-0.586
"Less developed regions, excluding least developed countries",,2019,-0.616
"Less developed regions, excluding least developed countries",,2020,-0.244
"Less developed regions, excluding least developed countries",,2021,-0.148
"Less developed regions, excluding least developed countries",,2022,-0.007
"Less developed regions, excluding least developed countries",,2023,-0.312
Liberia,LBR,1950,-0.669
Liberia,LBR,1951,-0.292
Liberia,LBR,1952,-0.089
Liberia,LBR,1953,-0.192
Liberia,LBR,1954,0.381
Liberia,LBR,1955,0.727
Liberia,LBR,1956,0.987
Liberia,LBR,1957,1.044
Liberia,LBR,1958,0.356
Liberia,LBR,1959,1.342
Liberia,LBR,1960,1.655
Liberia,LBR,1961,1.811
Liberia,LBR,1962,1.829
Liberia,LBR,1963,1.764
Liberia,LBR,1964,1.739
Liberia,LBR,1965,1.883
Liberia,LBR,1966,1.475
Liberia,LBR,1967,1.603
Liberia,LBR,1968,1.409
Liberia,LBR,1969,1.386
Liberia,LBR,1970,1.558
Liberia,LBR,1971,0.86
Liberia,LBR,1972,1.308
Liberia,LBR,1973,1.435
Liberia,LBR,1974,1.283
Liberia,LBR,1975,1.219
Liberia,LBR,1976,0.726
Liberia,LBR,1977,2.013
Liberia,LBR,1978,1.925
Liberia,LBR,1979,1.869
Liberia,LBR,1980,2.082
Liberia,LBR,1981,1.388
Liberia,LBR,1982,1.237
Liberia,LBR,1983,3.731
Liberia,LBR,1984,3.457
Liberia,LBR,1985,3.342
Liberia,LBR,1986,2.83
Liberia,LBR,1987,2.877
Liberia,LBR,1988,3.161
Liberia,LBR,1989,3.239
Liberia,LBR,1990,-320.437
Liberia,LBR,1991,39.893
Liberia,LBR,1992,27.122
Liberia,LBR,1993,3.387
Liberia,LBR,1994,-56.47
Liberia,LBR,1995,25.066
Liberia,LBR,1996,-16.988
Liberia,LBR,1997,116.652
Liberia,LBR,1998,37.153
Liberia,LBR,1999,19.011
Liberia,LBR,2000,-0.704
Liberia,LBR,2001,2.369
Liberia,LBR,2002,-7.467
Liberia,LBR,2003,-33.199
Liberia,LBR,2004,-0.317
Liberia,LBR,2005,30.602
Liberia,LBR,2006,22.329
Liberia,LBR,2007,17.799
Liberia,LBR,2008,4.555
Liberia,LBR,2009,0.301
Liberia,LBR,2010,0.702
Liberia,LBR,2011,21.79
Liberia,LBR,2012,-5.879
Liberia,LBR,2013,-4.924
Liberia,LBR,2014,-5.847
Liberia,LBR,2015,-3.258
Liberia,LBR,2016,-5.635
Liberia,LBR,2017,-5.116
Liberia,LBR,2018,-4.692
Liberia,LBR,2019,-3.901
Liberia,LBR,2020,-1.963
Liberia,LBR,2021,-2.253
Liberia,LBR,2022,-0.931
Liberia,LBR,2023,-0.911
Libya,LBY,1950,-5.606
Libya,LBY,1951,-3.502
Libya,LBY,1952,-1.169
Libya,LBY,1953,1.148
Libya,LBY,1954,3.319
Libya,LBY,1955,11.941
Libya,LBY,1956,13.341
Libya,LBY,1957,14.429
Libya,LBY,1958,15.138
Libya,LBY,1959,15.383
Libya,LBY,1960,15.111
Libya,LBY,1961,14.466
Libya,LBY,1962,13.31
Libya,LBY,1963,11.086
Libya,LBY,1964,1.188
Libya,LBY,1965,-8.764
Libya,LBY,1966,-7.365
Libya,LBY,1967,-5.47
Libya,LBY,1968,-3.238
Libya,LBY,1969,-0.704
Libya,LBY,1970,0.358
Libya,LBY,1971,-1.98
Libya,LBY,1972,-1.535
Libya,LBY,1973,8.858
Libya,LBY,1974,18.479
Libya,LBY,1975,19.266
Libya,LBY,1976,19.775
Libya,LBY,1977,20.082
Libya,LBY,1978,20.208
Libya,LBY,1979,20.045
Libya,LBY,1980,19.489
Libya,LBY,1981,19.111
Libya,LBY,1982,-33.935
Libya,LBY,1983,-37.888
Libya,LBY,1984,4.78
Libya,LBY,1985,3.068
Libya,LBY,1986,1.455
Libya,LBY,1987,0.421
Libya,LBY,1988,0.248
Libya,LBY,1989,0.226
Libya,LBY,1990,0.213
Libya,LBY,1991,0.198
Libya,LBY,1992,0.182
Libya,LBY,1993,0.09
Libya,LBY,1994,-0.364
Libya,LBY,1995,-1.033
Libya,LBY,1996,-1.693
Libya,LBY,1997,-2.154
Libya,LBY,1998,-2.233
Libya,LBY,1999,-1.956
Libya,LBY,2000,1.062
Libya,LBY,2001,1.558
Libya,LBY,2002,1.843
Libya,LBY,2003,2.148
Libya,LBY,2004,2.305
Libya,LBY,2005,1.882
Libya,LBY,2006,0.56
Libya,LBY,2007,2.071
Libya,LBY,2008,2.447
Libya,LBY,2009,1.833
Libya,LBY,2010,1.479
Libya,LBY,2011,-88.729
Libya,LBY,2012,0.843
Libya,LBY,2013,4.085
Libya,LBY,2014,-0.267
Libya,LBY,2015,-1.173
Libya,LBY,2016,-0.766
Libya,LBY,2017,1.366
Libya,LBY,2018,0.853
Libya,LBY,2019,-0.195
Libya,LBY,2020,-0.099
Libya,LBY,2021,-0.097
Libya,LBY,2022,-0.277
Libya,LBY,2023,-0.274
Liechtenstein,LIE,1950,5.522
Liechtenstein,LIE,1951,5.143
Liechtenstein,LIE,1952,5.693
Liechtenstein,LIE,1953,6.221
Liechtenstein,LIE,1954,6.185
Liechtenstein,LIE,1955,6.747
Liechtenstein,LIE,1956,7.413
Liechtenstein,LIE,1957,9.203
Liechtenstein,LIE,1958,8.641
Liechtenstein,LIE,1959,7.73
Liechtenstein,LIE,1960,7.459
Liechtenstein,LIE,1961,11.863
Liechtenstein,LIE,1962,11.637
Liechtenstein,LIE,1963,11.864
Liechtenstein,LIE,1964,11.298
Liechtenstein,LIE,1965,10.375
Liechtenstein,LIE,1966,10.909
Liechtenstein,LIE,1967,14.319
Liechtenstein,LIE,1968,16.683
Liechtenstein,LIE,1969,15.323
Liechtenstein,LIE,1970,13.337
Liechtenstein,LIE,1971,8.289
Liechtenstein,LIE,1972,8.321
Liechtenstein,LIE,1973,8.662
Liechtenstein,LIE,1974,7.85
Liechtenstein,LIE,1975,7.156
Liechtenstein,LIE,1976,6.826
Liechtenstein,LIE,1977,5.84
Liechtenstein,LIE,1978,5.134
Liechtenstein,LIE,1979,7.16
Liechtenstein,LIE,1980,5.939
Liechtenstein,LIE,1981,6.991
Liechtenstein,LIE,1982,7.506
Liechtenstein,LIE,1983,7.508
Liechtenstein,LIE,1984,7.586
Liechtenstein,LIE,1985,7.368
Liechtenstein,LIE,1986,6.318
Liechtenstein,LIE,1987,6.412
Liechtenstein,LIE,1988,6.928
Liechtenstein,LIE,1989,5.327
Liechtenstein,LIE,1990,4.167
Liechtenstein,LIE,1991,7.48
Liechtenstein,LIE,1992,7.502
Liechtenstein,LIE,1993,7.955
Liechtenstein,LIE,1994,7.549
Liechtenstein,LIE,1995,8.507
Liechtenstein,LIE,1996,7.403
Liechtenstein,LIE,1997,7.273
Liechtenstein,LIE,1998,6.127
Liechtenstein,LIE,1999,6.05
Liechtenstein,LIE,2000,5.051
Liechtenstein,LIE,2001,3.379
Liechtenstein,LIE,2002,3.586
Liechtenstein,LIE,2003,5.55
Liechtenstein,LIE,2004,4.827
Liechtenstein,LIE,2005,3.373
Liechtenstein,LIE,2006,3.917
Liechtenstein,LIE,2007,2.536
Liechtenstein,LIE,2008,2.455
Liechtenstein,LIE,2009,4.2
Liechtenstein,LIE,2010,3.445
Liechtenstein,LIE,2011,3.832
Liechtenstein,LIE,2012,6.324
Liechtenstein,LIE,2013,4.877
Liechtenstein,LIE,2014,2.772
Liechtenstein,LIE,2015,4.359
Liechtenstein,LIE,2016,1.675
Liechtenstein,LIE,2017,5.442
Liechtenstein,LIE,2018,4.055
Liechtenstein,LIE,2019,7.047
Liechtenstein,LIE,2020,6.947
Liechtenstein,LIE,2021,4.789
Liechtenstein,LIE,2022,5.392
Liechtenstein,LIE,2023,5.404
Lithuania,LTU,1950,0
Lithuania,LTU,1951,0
Lithuania,LTU,1952,0
Lithuania,LTU,1953,0
Lithuania,LTU,1954,0
Lithuania,LTU,1955,0
Lithuania,LTU,1956,0
Lithuania,LTU,1957,0
Lithuania,LTU,1958,0
Lithuania,LTU,1959,3.609
Lithuania,LTU,1960,0.841
Lithuania,LTU,1961,0.907
Lithuania,LTU,1962,1.016
Lithuania,LTU,1963,1.186
Lithuania,LTU,1964,1.304
Lithuania,LTU,1965,1.415
Lithuania,LTU,1966,1.599
Lithuania,LTU,1967,1.73
Lithuania,LTU,1968,2.124
Lithuania,LTU,1969,1.347
Lithuania,LTU,1970,2.082
Lithuania,LTU,1971,2.249
Lithuania,LTU,1972,2.242
Lithuania,LTU,1973,2.264
Lithuania,LTU,1974,2.375
Lithuania,LTU,1975,2.479
Lithuania,LTU,1976,2.581
Lithuania,LTU,1977,2.673
Lithuania,LTU,1978,2.168
Lithuania,LTU,1979,2.036
Lithuania,LTU,1980,2.162
Lithuania,LTU,1981,2.245
Lithuania,LTU,1982,2.347
Lithuania,LTU,1983,2.449
Lithuania,LTU,1984,2.5
Lithuania,LTU,1985,2.643
Lithuania,LTU,1986,2.832
Lithuania,LTU,1987,2.983
Lithuania,LTU,1988,10.523
Lithuania,LTU,1989,-7.301
Lithuania,LTU,1990,-2.392
Lithuania,LTU,1991,-2.903
Lithuania,LTU,1992,-6.809
Lithuania,LTU,1993,-6.508
Lithuania,LTU,1994,-6.595
Lithuania,LTU,1995,-6.482
Lithuania,LTU,1996,-6.455
Lithuania,LTU,1997,-6.247
Lithuania,LTU,1998,-6.202
Lithuania,LTU,1999,-5.828
Lithuania,LTU,2000,-4.593
Lithuania,LTU,2001,-7.122
Lithuania,LTU,2002,-3.666
Lithuania,LTU,2003,-6.647
Lithuania,LTU,2004,-9.569
Lithuania,LTU,2005,-15.458
Lithuania,LTU,2006,-7.563
Lithuania,LTU,2007,-6.751
Lithuania,LTU,2008,-5.153
Lithuania,LTU,2009,-10.175
Lithuania,LTU,2010,-25.466
Lithuania,LTU,2011,-12.718
Lithuania,LTU,2012,-7.157
Lithuania,LTU,2013,-5.668
Lithuania,LTU,2014,-4.223
Lithuania,LTU,2015,-7.764
Lithuania,LTU,2016,-10.67
Lithuania,LTU,2017,-9.906
Lithuania,LTU,2018,-1.234
Lithuania,LTU,2019,3.816
Lithuania,LTU,2020,7.112
Lithuania,LTU,2021,7.034
Lithuania,LTU,2022,25.595
Lithuania,LTU,2023,15.744
Low-income countries,OWID_LIC,1950,-2.407
Low-income countries,OWID_LIC,1951,-2.159
Low-income countries,OWID_LIC,1952,-2.082
Low-income countries,OWID_LIC,1953,-2.229
Low-income countries,OWID_LIC,1954,-1.831
Low-income countries,OWID_LIC,1955,-1.596
Low-income countries,OWID_LIC,1956,-1.409
Low-income countries,OWID_LIC,1957,-1.367
Low-income countries,OWID_LIC,1958,-1.909
Low-income countries,OWID_LIC,1959,-1.128
Low-income countries,OWID_LIC,1960,-0.844
Low-income countries,OWID_LIC,1961,-0.48
Low-income countries,OWID_LIC,1962,-0.662
Low-income countries,OWID_LIC,1963,-0.59
Low-income countries,OWID_LIC,1964,-0.271
Low-income countries,OWID_LIC,1965,-0.205
Low-income countries,OWID_LIC,1966,-0.125
Low-income countries,OWID_LIC,1967,0.089
Low-income countries,OWID_LIC,1968,-0.023
Low-income countries,OWID_LIC,1969,-0.44
Low-income countries,OWID_LIC,1970,-0.477
Low-income countries,OWID_LIC,1971,-1.177
Low-income countries,OWID_LIC,1972,-1.655
Low-income countries,OWID_LIC,1973,0.071
Low-income countries,OWID_LIC,1974,-0.695
Low-income countries,OWID_LIC,1975,-0.88
Low-income countries,OWID_LIC,1976,-1.467
Low-income countries,OWID_LIC,1977,-3.254
Low-income countries,OWID_LIC,1978,1.99
Low-income countries,OWID_LIC,1979,-2.615
Low-income countries,OWID_LIC,1980,-9.73
Low-income countries,OWID_LIC,1981,-8.177
Low-income countries,OWID_LIC,1982,-0.886
Low-income countries,OWID_LIC,1983,-1.002
Low-income countries,OWID_LIC,1984,0.238
Low-income countries,OWID_LIC,1985,-1.6
Low-income countries,OWID_LIC,1986,-2.034
Low-income countries,OWID_LIC,1987,-2.266
Low-income countries,OWID_LIC,1988,-2.257
Low-income countries,OWID_LIC,1989,-1.762
Low-income countries,OWID_LIC,1990,-4.662
Low-income countries,OWID_LIC,1991,-1.665
Low-income countries,OWID_LIC,1992,2.998
Low-income countries,OWID_LIC,1993,1.846
Low-income countries,OWID_LIC,1994,0.335
Low-income countries,OWID_LIC,1995,0.237
Low-income countries,OWID_LIC,1996,-0.647
Low-income countries,OWID_LIC,1997,-1.533
Low-income countries,OWID_LIC,1998,-0.187
Low-income countries,OWID_LIC,1999,-1.119
Low-income countries,OWID_LIC,2000,-3.79
Low-income countries,OWID_LIC,2001,-1.284
Low-income countries,OWID_LIC,2002,1.012
Low-income countries,OWID_LIC,2003,-0.595
Low-income countries,OWID_LIC,2004,-1.312
Low-income countries,OWID_LIC,2005,-0.126
Low-income countries,OWID_LIC,2006,0.48
Low-income countries,OWID_LIC,2007,-1.063
Low-income countries,OWID_LIC,2008,-1.072
Low-income countries,OWID_LIC,2009,-0.78
Low-income countries,OWID_LIC,2010,-1.279
Low-income countries,OWID_LIC,2011,-1.026
Low-income countries,OWID_LIC,2012,-2.68
Low-income countries,OWID_LIC,2013,-4.313
Low-income countries,OWID_LIC,2014,-3.384
Low-income countries,OWID_LIC,2015,-3.061
Low-income countries,OWID_LIC,2016,-0.588
Low-income countries,OWID_LIC,2017,-0.819
Low-income countries,OWID_LIC,2018,0.894
Low-income countries,OWID_LIC,2019,0.4
Low-income countries,OWID_LIC,2020,0.536
Low-income countries,OWID_LIC,2021,-0.969
Low-income countries,OWID_LIC,2022,-0.384
Low-income countries,OWID_LIC,2023,0.049
Lower-middle-income countries,OWID_LMC,1950,0.365
Lower-middle-income countries,OWID_LMC,1951,0.569
Lower-middle-income countries,OWID_LMC,1952,0.551
Lower-middle-income countries,OWID_LMC,1953,0.072
Lower-middle-income countries,OWID_LMC,1954,0.398
Lower-middle-income countries,OWID_LMC,1955,0.295
Lower-middle-income countries,OWID_LMC,1956,0.372
Lower-middle-income countries,OWID_LMC,1957,-0.42
Lower-middle-income countries,OWID_LMC,1958,0.251
Lower-middle-income countries,OWID_LMC,1959,0.184
Lower-middle-income countries,OWID_LMC,1960,-0.007
Lower-middle-income countries,OWID_LMC,1961,0.027
Lower-middle-income countries,OWID_LMC,1962,-0.321
Lower-middle-income countries,OWID_LMC,1963,-0.25
Lower-middle-income countries,OWID_LMC,1964,-0.343
Lower-middle-income countries,OWID_LMC,1965,-0.393
Lower-middle-income countries,OWID_LMC,1966,-0.621
Lower-middle-income countries,OWID_LMC,1967,-0.1
Lower-middle-income countries,OWID_LMC,1968,-0.951
Lower-middle-income countries,OWID_LMC,1969,-0.989
Lower-middle-income countries,OWID_LMC,1970,-0.375
Lower-middle-income countries,OWID_LMC,1971,-1.025
Lower-middle-income countries,OWID_LMC,1972,-0.641
Lower-middle-income countries,OWID_LMC,1973,-0.82
Lower-middle-income countries,OWID_LMC,1974,-0.359
Lower-middle-income countries,OWID_LMC,1975,0.016
Lower-middle-income countries,OWID_LMC,1976,-0.281
Lower-middle-income countries,OWID_LMC,1977,-0.09
Lower-middle-income countries,OWID_LMC,1978,-0.84
Lower-middle-income countries,OWID_LMC,1979,0.108
Lower-middle-income countries,OWID_LMC,1980,0.635
Lower-middle-income countries,OWID_LMC,1981,0.97
Lower-middle-income countries,OWID_LMC,1982,-0.094
Lower-middle-income countries,OWID_LMC,1983,-0.347
Lower-middle-income countries,OWID_LMC,1984,-0.537
Lower-middle-income countries,OWID_LMC,1985,-0.264
Lower-middle-income countries,OWID_LMC,1986,-0.453
Lower-middle-income countries,OWID_LMC,1987,-0.327
Lower-middle-income countries,OWID_LMC,1988,-0.515
Lower-middle-income countries,OWID_LMC,1989,-0.53
Lower-middle-income countries,OWID_LMC,1990,0.285
Lower-middle-income countries,OWID_LMC,1991,-0.571
Lower-middle-income countries,OWID_LMC,1992,-0.495
Lower-middle-income countries,OWID_LMC,1993,-1.211
Lower-middle-income countries,OWID_LMC,1994,-0.73
Lower-middle-income countries,OWID_LMC,1995,-0.465
Lower-middle-income countries,OWID_LMC,1996,-0.494
Lower-middle-income countries,OWID_LMC,1997,-0.178
Lower-middle-income countries,OWID_LMC,1998,-0.175
Lower-middle-income countries,OWID_LMC,1999,-0.603
Lower-middle-income countries,OWID_LMC,2000,-0.437
Lower-middle-income countries,OWID_LMC,2001,-0.88
Lower-middle-income countries,OWID_LMC,2002,-1.866
Lower-middle-income countries,OWID_LMC,2003,-1.088
Lower-middle-income countries,OWID_LMC,2004,-0.889
Lower-middle-income countries,OWID_LMC,2005,-1.355
Lower-middle-income countries,OWID_LMC,2006,-0.696
Lower-middle-income countries,OWID_LMC,2007,-1.061
Lower-middle-income countries,OWID_LMC,2008,-1.425
Lower-middle-income countries,OWID_LMC,2009,-1.187
Lower-middle-income countries,OWID_LMC,2010,-1.083
Lower-middle-income countries,OWID_LMC,2011,-1.19
Lower-middle-income countries,OWID_LMC,2012,-1.353
Lower-middle-income countries,OWID_LMC,2013,-0.989
Lower-middle-income countries,OWID_LMC,2014,-1.214
Lower-middle-income countries,OWID_LMC,2015,-1.652
Lower-middle-income countries,OWID_LMC,2016,-1.337
Lower-middle-income countries,OWID_LMC,2017,-1.323
Lower-middle-income countries,OWID_LMC,2018,-1.405
Lower-middle-income countries,OWID_LMC,2019,-1.272
Lower-middle-income countries,OWID_LMC,2020,-0.653
Lower-middle-income countries,OWID_LMC,2021,-0.605
Lower-middle-income countries,OWID_LMC,2022,-3.008
Lower-middle-income countries,OWID_LMC,2023,-1.256
Luxembourg,LUX,1950,2.765
Luxembourg,LUX,1951,2.334
Luxembourg,LUX,1952,2.014
Luxembourg,LUX,1953,1.724
Luxembourg,LUX,1954,1.522
Luxembourg,LUX,1955,1.421
Luxembourg,LUX,1956,1.313
Luxembourg,LUX,1957,1.294
Luxembourg,LUX,1958,1.342
Luxembourg,LUX,1959,2.894
Luxembourg,LUX,1960,0.194
Luxembourg,LUX,1961,6.224
Luxembourg,LUX,1962,6.301
Luxembourg,LUX,1963,6.443
Luxembourg,LUX,1964,6.676
Luxembourg,LUX,1965,6.682
Luxembourg,LUX,1966,6.671
Luxembourg,LUX,1967,2.241
Luxembourg,LUX,1968,2.522
Luxembourg,LUX,1969,2.463
Luxembourg,LUX,1970,2.514
Luxembourg,LUX,1971,12.499
Luxembourg,LUX,1972,11.971
Luxembourg,LUX,1973,7.655
Luxembourg,LUX,1974,7.763
Luxembourg,LUX,1975,7.9
Luxembourg,LUX,1976,7.874
Luxembourg,LUX,1977,7.9
Luxembourg,LUX,1978,8.738
Luxembourg,LUX,1979,1.846
Luxembourg,LUX,1980,2.31
Luxembourg,LUX,1981,1.215
Luxembourg,LUX,1982,0.915
Luxembourg,LUX,1983,1.029
Luxembourg,LUX,1984,0.946
Luxembourg,LUX,1985,2.91
Luxembourg,LUX,1986,5.757
Luxembourg,LUX,1987,5.933
Luxembourg,LUX,1988,7.783
Luxembourg,LUX,1989,7.947
Luxembourg,LUX,1990,10.458
Luxembourg,LUX,1991,10.514
Luxembourg,LUX,1992,10.463
Luxembourg,LUX,1993,10.209
Luxembourg,LUX,1994,9.687
Luxembourg,LUX,1995,10.742
Luxembourg,LUX,1996,8.708
Luxembourg,LUX,1997,8.857
Luxembourg,LUX,1998,9.133
Luxembourg,LUX,1999,10.854
Luxembourg,LUX,2000,10.355
Luxembourg,LUX,2001,7.758
Luxembourg,LUX,2002,6.181
Luxembourg,LUX,2003,12.352
Luxembourg,LUX,2004,9.963
Luxembourg,LUX,2005,13.559
Luxembourg,LUX,2006,11.752
Luxembourg,LUX,2007,13.001
Luxembourg,LUX,2008,16.297
Luxembourg,LUX,2009,13.76
Luxembourg,LUX,2010,15.587
Luxembourg,LUX,2011,21.053
Luxembourg,LUX,2012,19.348
Luxembourg,LUX,2013,19.389
Luxembourg,LUX,2014,20.164
Luxembourg,LUX,2015,19.976
Luxembourg,LUX,2016,21.868
Luxembourg,LUX,2017,16.166
Luxembourg,LUX,2018,16.683
Luxembourg,LUX,2019,16.936
Luxembourg,LUX,2020,11.048
Luxembourg,LUX,2021,13.625
Luxembourg,LUX,2022,20.196
Luxembourg,LUX,2023,8.878
Macao,MAC,1950,-5.853
Macao,MAC,1951,-30.858
Macao,MAC,1952,-35.234
Macao,MAC,1953,-39.041
Macao,MAC,1954,-41.957
Macao,MAC,1955,-43.967
Macao,MAC,1956,-48.205
Macao,MAC,1957,-49.865
Macao,MAC,1958,-52.644
Macao,MAC,1959,-56.405
Macao,MAC,1960,-50.353
Macao,MAC,1961,5.989
Macao,MAC,1962,6.406
Macao,MAC,1963,6.66
Macao,MAC,1964,354.537
Macao,MAC,1965,-20.419
Macao,MAC,1966,-18.685
Macao,MAC,1967,-17.46
Macao,MAC,1968,-16.237
Macao,MAC,1969,-16.149
Macao,MAC,1970,22.273
Macao,MAC,1971,15.19
Macao,MAC,1972,46.15
Macao,MAC,1973,-249.173
Macao,MAC,1974,17.202
Macao,MAC,1975,19.773
Macao,MAC,1976,21.405
Macao,MAC,1977,22.244
Macao,MAC,1978,21.213
Macao,MAC,1979,18.204
Macao,MAC,1980,13.368
Macao,MAC,1981,21.033
Macao,MAC,1982,21.658
Macao,MAC,1983,20.281
Macao,MAC,1984,19.971
Macao,MAC,1985,19.229
Macao,MAC,1986,19.906
Macao,MAC,1987,20.921
Macao,MAC,1988,21.853
Macao,MAC,1989,20.184
Macao,MAC,1990,17.803
Macao,MAC,1991,15.558
Macao,MAC,1992,11.401
Macao,MAC,1993,11.177
Macao,MAC,1994,10.917
Macao,MAC,1995,11.026
Macao,MAC,1996,11.343
Macao,MAC,1997,11.097
Macao,MAC,1998,11.175
Macao,MAC,1999,11.261
Macao,MAC,2000,10.919
Macao,MAC,2001,16.112
Macao,MAC,2002,25.201
Macao,MAC,2003,24.92
Macao,MAC,2004,24.338
Macao,MAC,2005,23.302
Macao,MAC,2006,22.467
Macao,MAC,2007,21.713
Macao,MAC,2008,20.943
Macao,MAC,2009,19.547
Macao,MAC,2010,17.908
Macao,MAC,2011,15.046
Macao,MAC,2012,11.61
Macao,MAC,2013,11.942
Macao,MAC,2014,11.203
Macao,MAC,2015,12.107
Macao,MAC,2016,12.101
Macao,MAC,2017,13.034
Macao,MAC,2018,13.536
Macao,MAC,2019,13.364
Macao,MAC,2020,12.945
Macao,MAC,2021,12.344
Macao,MAC,2022,12.42
Macao,MAC,2023,12.336
Madagascar,MDG,1950,0
Madagascar,MDG,1951,0
Madagascar,MDG,1952,0
Madagascar,MDG,1953,0
Madagascar,MDG,1954,0
Madagascar,MDG,1955,0
Madagascar,MDG,1956,0
Madagascar,MDG,1957,0
Madagascar,MDG,1958,0
Madagascar,MDG,1959,0
Madagascar,MDG,1960,0
Madagascar,MDG,1961,0
Madagascar,MDG,1962,0
Madagascar,MDG,1963,0
Madagascar,MDG,1964,-0.036
Madagascar,MDG,1965,-0.095
Madagascar,MDG,1966,-0.161
Madagascar,MDG,1967,-0.225
Madagascar,MDG,1968,-0.28
Madagascar,MDG,1969,-0.342
Madagascar,MDG,1970,-0.398
Madagascar,MDG,1971,-0.454
Madagascar,MDG,1972,-0.506
Madagascar,MDG,1973,-0.554
Madagascar,MDG,1974,-0.613
Madagascar,MDG,1975,-0.668
Madagascar,MDG,1976,-0.709
Madagascar,MDG,1977,-0.724
Madagascar,MDG,1978,-0.693
Madagascar,MDG,1979,-0.587
Madagascar,MDG,1980,-0.445
Madagascar,MDG,1981,-0.309
Madagascar,MDG,1982,-0.219
Madagascar,MDG,1983,-0.201
Madagascar,MDG,1984,-0.194
Madagascar,MDG,1985,-0.187
Madagascar,MDG,1986,-0.178
Madagascar,MDG,1987,-0.172
Madagascar,MDG,1988,-0.166
Madagascar,MDG,1989,-0.158
Madagascar,MDG,1990,-0.147
Madagascar,MDG,1991,-0.188
Madagascar,MDG,1992,-0.173
Madagascar,MDG,1993,-0.156
Madagascar,MDG,1994,-0.14
Madagascar,MDG,1995,-0.119
Madagascar,MDG,1996,-0.08
Madagascar,MDG,1997,-0.066
Madagascar,MDG,1998,-0.079
Madagascar,MDG,1999,-0.118
Madagascar,MDG,2000,-0.26
Madagascar,MDG,2001,-0.764
Madagascar,MDG,2002,-1.038
Madagascar,MDG,2003,-1.015
Madagascar,MDG,2004,-0.72
Madagascar,MDG,2005,-0.254
Madagascar,MDG,2006,-0.118
Madagascar,MDG,2007,-0.077
Madagascar,MDG,2008,-0.06
Madagascar,MDG,2009,-0.066
Madagascar,MDG,2010,-0.089
Madagascar,MDG,2011,-0.097
Madagascar,MDG,2012,-0.099
Madagascar,MDG,2013,-0.101
Madagascar,MDG,2014,-0.102
Madagascar,MDG,2015,-0.102
Madagascar,MDG,2016,-0.103
Madagascar,MDG,2017,-0.104
Madagascar,MDG,2018,-0.105
Madagascar,MDG,2019,-0.105
Madagascar,MDG,2020,-0.051
Madagascar,MDG,2021,-0.05
Madagascar,MDG,2022,-0.049
Madagascar,MDG,2023,-0.048
Malawi,MWI,1950,0
Malawi,MWI,1951,0
Malawi,MWI,1952,0
Malawi,MWI,1953,0
Malawi,MWI,1954,0
Malawi,MWI,1955,0
Malawi,MWI,1956,0
Malawi,MWI,1957,0
Malawi,MWI,1958,0
Malawi,MWI,1959,0
Malawi,MWI,1960,0
Malawi,MWI,1961,0
Malawi,MWI,1962,0
Malawi,MWI,1963,0
Malawi,MWI,1964,0
Malawi,MWI,1965,0
Malawi,MWI,1966,0
Malawi,MWI,1967,0
Malawi,MWI,1968,-0.209
Malawi,MWI,1969,-0.501
Malawi,MWI,1970,-0.463
Malawi,MWI,1971,-0.149
Malawi,MWI,1972,0.01
Malawi,MWI,1973,0.324
Malawi,MWI,1974,0.746
Malawi,MWI,1975,0.976
Malawi,MWI,1976,1.508
Malawi,MWI,1977,3.498
Malawi,MWI,1978,6.235
Malawi,MWI,1979,7.694
Malawi,MWI,1980,8.346
Malawi,MWI,1981,8.805
Malawi,MWI,1982,9.244
Malawi,MWI,1983,9.671
Malawi,MWI,1984,9.878
Malawi,MWI,1985,9.793
Malawi,MWI,1986,7.919
Malawi,MWI,1987,32.761
Malawi,MWI,1988,22.964
Malawi,MWI,1989,19.619
Malawi,MWI,1990,7.449
Malawi,MWI,1991,1.553
Malawi,MWI,1992,3.665
Malawi,MWI,1993,-27.7
Malawi,MWI,1994,-49.717
Malawi,MWI,1995,-6.538
Malawi,MWI,1996,-6.396
Malawi,MWI,1997,-5.837
Malawi,MWI,1998,-3.659
Malawi,MWI,1999,-2.868
Malawi,MWI,2000,-2.483
Malawi,MWI,2001,-2.496
Malawi,MWI,2002,-2.526
Malawi,MWI,2003,-2.605
Malawi,MWI,2004,-2.578
Malawi,MWI,2005,-2.45
Malawi,MWI,2006,-2.231
Malawi,MWI,2007,-1.671
Malawi,MWI,2008,-0.663
Malawi,MWI,2009,-0.597
Malawi,MWI,2010,-0.629
Malawi,MWI,2011,-0.797
Malawi,MWI,2012,-0.863
Malawi,MWI,2013,-0.8
Malawi,MWI,2014,-0.621
Malawi,MWI,2015,-0.379
Malawi,MWI,2016,0.2
Malawi,MWI,2017,0.054
Malawi,MWI,2018,-0.176
Malawi,MWI,2019,-0.097
Malawi,MWI,2020,-0.136
Malawi,MWI,2021,-0.133
Malawi,MWI,2022,-0.254
Malawi,MWI,2023,-0.275
Malaysia,MYS,1950,1.204
Malaysia,MYS,1951,0.593
Malaysia,MYS,1952,-0.182
Malaysia,MYS,1953,-1.21
Malaysia,MYS,1954,-1.427
Malaysia,MYS,1955,-1.748
Malaysia,MYS,1956,-1.957
Malaysia,MYS,1957,-2.15
Malaysia,MYS,1958,-6.194
Malaysia,MYS,1959,-6.1
Malaysia,MYS,1960,-5.901
Malaysia,MYS,1961,-5.501
Malaysia,MYS,1962,-5.135
Malaysia,MYS,1963,-4.761
Malaysia,MYS,1964,-4.393
Malaysia,MYS,1965,-4.025
Malaysia,MYS,1966,-3.661
Malaysia,MYS,1967,-4.429
Malaysia,MYS,1968,-4.215
Malaysia,MYS,1969,-3.963
Malaysia,MYS,1970,-3.128
Malaysia,MYS,1971,-1.97
Malaysia,MYS,1972,-1.995
Malaysia,MYS,1973,-2.011
Malaysia,MYS,1974,-1.957
Malaysia,MYS,1975,-1.785
Malaysia,MYS,1976,-1.559
Malaysia,MYS,1977,-1.379
Malaysia,MYS,1978,-1.222
Malaysia,MYS,1979,-1.107
Malaysia,MYS,1980,6.209
Malaysia,MYS,1981,6.28
Malaysia,MYS,1982,6.502
Malaysia,MYS,1983,6.85
Malaysia,MYS,1984,7.199
Malaysia,MYS,1985,7.882
Malaysia,MYS,1986,8.063
Malaysia,MYS,1987,8.464
Malaysia,MYS,1988,7.947
Malaysia,MYS,1989,8.29
Malaysia,MYS,1990,7.571
Malaysia,MYS,1991,5.294
Malaysia,MYS,1992,3.519
Malaysia,MYS,1993,3.161
Malaysia,MYS,1994,3.364
Malaysia,MYS,1995,3.561
Malaysia,MYS,1996,3.503
Malaysia,MYS,1997,3.708
Malaysia,MYS,1998,4.548
Malaysia,MYS,1999,3.982
Malaysia,MYS,2000,5.464
Malaysia,MYS,2001,7.379
Malaysia,MYS,2002,8.141
Malaysia,MYS,2003,8.084
Malaysia,MYS,2004,8.405
Malaysia,MYS,2005,8.742
Malaysia,MYS,2006,8.819
Malaysia,MYS,2007,8.511
Malaysia,MYS,2008,7.344
Malaysia,MYS,2009,6.344
Malaysia,MYS,2010,5.485
Malaysia,MYS,2011,4.193
Malaysia,MYS,2012,4.55
Malaysia,MYS,2013,4.959
Malaysia,MYS,2014,5.206
Malaysia,MYS,2015,6.009
Malaysia,MYS,2016,6.988
Malaysia,MYS,2017,7.037
Malaysia,MYS,2018,6.744
Malaysia,MYS,2019,6.079
Malaysia,MYS,2020,3.007
Malaysia,MYS,2021,5.499
Malaysia,MYS,2022,5.423
Malaysia,MYS,2023,5.155
Maldives,MDV,1950,0
Maldives,MDV,1951,0
Maldives,MDV,1952,0
Maldives,MDV,1953,0
Maldives,MDV,1954,0
Maldives,MDV,1955,0
Maldives,MDV,1956,0
Maldives,MDV,1957,0
Maldives,MDV,1958,0
Maldives,MDV,1959,-0.191
Maldives,MDV,1960,-0.351
Maldives,MDV,1961,-0.471
Maldives,MDV,1962,-0.835
Maldives,MDV,1963,-1.273
Maldives,MDV,1964,-2.255
Maldives,MDV,1965,16.417
Maldives,MDV,1966,13.925
Maldives,MDV,1967,5.972
Maldives,MDV,1968,2.197
Maldives,MDV,1969,2.618
Maldives,MDV,1970,2.678
Maldives,MDV,1971,2.684
Maldives,MDV,1972,2.054
Maldives,MDV,1973,0.445
Maldives,MDV,1974,-0.561
Maldives,MDV,1975,-0.098
Maldives,MDV,1976,-0.685
Maldives,MDV,1977,-2.718
Maldives,MDV,1978,-4.585
Maldives,MDV,1979,-5.974
Maldives,MDV,1980,-5.478
Maldives,MDV,1981,-5.981
Maldives,MDV,1982,-6.998
Maldives,MDV,1983,-8.977
Maldives,MDV,1984,-7.058
Maldives,MDV,1985,-2.009
Maldives,MDV,1986,-0.889
Maldives,MDV,1987,-1.299
Maldives,MDV,1988,-2.674
Maldives,MDV,1989,-2.802
Maldives,MDV,1990,-1.206
Maldives,MDV,1991,-1.631
Maldives,MDV,1992,-2.188
Maldives,MDV,1993,-3.059
Maldives,MDV,1994,-3.062
Maldives,MDV,1995,-1.177
Maldives,MDV,1996,-0.698
Maldives,MDV,1997,-0.224
Maldives,MDV,1998,-0.345
Maldives,MDV,1999,-0.223
Maldives,MDV,2000,1.064
Maldives,MDV,2001,1.953
Maldives,MDV,2002,2.082
Maldives,MDV,2003,1.949
Maldives,MDV,2004,2.216
Maldives,MDV,2005,1.886
Maldives,MDV,2006,15.95
Maldives,MDV,2007,18.984
Maldives,MDV,2008,17.952
Maldives,MDV,2009,17.495
Maldives,MDV,2010,17.653
Maldives,MDV,2011,17.692
Maldives,MDV,2012,17.579
Maldives,MDV,2013,17.404
Maldives,MDV,2014,18.616
Maldives,MDV,2015,21.777
Maldives,MDV,2016,21.252
Maldives,MDV,2017,20.849
Maldives,MDV,2018,20.37
Maldives,MDV,2019,19.781
Maldives,MDV,2020,19.203
Maldives,MDV,2021,18.235
Maldives,MDV,2022,-5.102
Maldives,MDV,2023,-5.469
Mali,MLI,1950,-0.782
Mali,MLI,1951,-0.906
Mali,MLI,1952,-1.265
Mali,MLI,1953,-1.894
Mali,MLI,1954,-1.839
Mali,MLI,1955,-1.949
Mali,MLI,1956,-2.047
Mali,MLI,1957,-2.223
Mali,MLI,1958,-3.016
Mali,MLI,1959,-2.116
Mali,MLI,1960,-1.909
Mali,MLI,1961,-1.849
Mali,MLI,1962,-1.945
Mali,MLI,1963,-2.116
Mali,MLI,1964,-2.308
Mali,MLI,1965,-2.349
Mali,MLI,1966,-2.886
Mali,MLI,1967,-2.821
Mali,MLI,1968,-2.962
Mali,MLI,1969,-2.963
Mali,MLI,1970,-2.785
Mali,MLI,1971,-3.469
Mali,MLI,1972,-3.022
Mali,MLI,1973,-2.901
Mali,MLI,1974,-3.343
Mali,MLI,1975,-3.886
Mali,MLI,1976,-4.884
Mali,MLI,1977,-4.069
Mali,MLI,1978,-4.36
Mali,MLI,1979,-4.387
Mali,MLI,1980,-4.005
Mali,MLI,1981,-4.437
Mali,MLI,1982,-4.343
Mali,MLI,1983,-4.248
Mali,MLI,1984,-5.766
Mali,MLI,1985,-7.564
Mali,MLI,1986,-9.608
Mali,MLI,1987,-10.476
Mali,MLI,1988,-9.956
Mali,MLI,1989,-8.419
Mali,MLI,1990,-7.481
Mali,MLI,1991,-8.242
Mali,MLI,1992,-7.41
Mali,MLI,1993,-7.055
Mali,MLI,1994,-6.374
Mali,MLI,1995,-6.653
Mali,MLI,1996,-6.531
Mali,MLI,1997,-5.258
Mali,MLI,1998,-2.771
Mali,MLI,1999,-1.933
Mali,MLI,2000,-1.505
Mali,MLI,2001,-1.05
Mali,MLI,2002,-0.725
Mali,MLI,2003,-0.928
Mali,MLI,2004,-0.824
Mali,MLI,2005,-1.286
Mali,MLI,2006,-1.304
Mali,MLI,2007,-1.38
Mali,MLI,2008,-1.64
Mali,MLI,2009,-2.228
Mali,MLI,2010,-2.163
Mali,MLI,2011,-2.621
Mali,MLI,2012,-8.286
Mali,MLI,2013,-2.345
Mali,MLI,2014,-2.778
Mali,MLI,2015,-2.629
Mali,MLI,2016,-1.576
Mali,MLI,2017,-1.713
Mali,MLI,2018,-1.991
Mali,MLI,2019,-2.106
Mali,MLI,2020,-0.689
Mali,MLI,2021,-0.992
Mali,MLI,2022,-1.732
Mali,MLI,2023,-1.681
Malta,MLT,1950,7.54
Malta,MLT,1951,-2.606
Malta,MLT,1952,-2.962
Malta,MLT,1953,-3.381
Malta,MLT,1954,-4.287
Malta,MLT,1955,-4.869
Malta,MLT,1956,-6.004
Malta,MLT,1957,-4.353
Malta,MLT,1958,-13.382
Malta,MLT,1959,-15.238
Malta,MLT,1960,-16.746
Malta,MLT,1961,-15.412
Malta,MLT,1962,-16.218
Malta,MLT,1963,-14.472
Malta,MLT,1964,-14.502
Malta,MLT,1965,-13.222
Malta,MLT,1966,-13.259
Malta,MLT,1967,-12.578
Malta,MLT,1968,-2.328
Malta,MLT,1969,-2.547
Malta,MLT,1970,-3.445
Malta,MLT,1971,-4.054
Malta,MLT,1972,-4.005
Malta,MLT,1973,-4.693
Malta,MLT,1974,-4.815
Malta,MLT,1975,-5.224
Malta,MLT,1976,-4.894
Malta,MLT,1977,-4.74
Malta,MLT,1978,-3.84
Malta,MLT,1979,-3.845
Malta,MLT,1980,-2.584
Malta,MLT,1981,-1.59
Malta,MLT,1982,-3.055
Malta,MLT,1983,-2.123
Malta,MLT,1984,-1.592
Malta,MLT,1985,-1.214
Malta,MLT,1986,1.307
Malta,MLT,1987,0.824
Malta,MLT,1988,0.454
Malta,MLT,1989,0.68
Malta,MLT,1990,1.544
Malta,MLT,1991,2.055
Malta,MLT,1992,1.966
Malta,MLT,1993,2.66
Malta,MLT,1994,2.978
Malta,MLT,1995,3.396
Malta,MLT,1996,2.946
Malta,MLT,1997,2.567
Malta,MLT,1998,3.2
Malta,MLT,1999,3.686
Malta,MLT,2000,3.979
Malta,MLT,2001,4.166
Malta,MLT,2002,4.49
Malta,MLT,2003,3.983
Malta,MLT,2004,4.046
Malta,MLT,2005,3.934
Malta,MLT,2006,2.4
Malta,MLT,2007,2.22
Malta,MLT,2008,2.074
Malta,MLT,2009,1.987
Malta,MLT,2010,1.753
Malta,MLT,2011,2.353
Malta,MLT,2012,2.135
Malta,MLT,2013,2.01
Malta,MLT,2014,21.156
Malta,MLT,2015,21.547
Malta,MLT,2016,18.943
Malta,MLT,2017,30.716
Malta,MLT,2018,35.003
Malta,MLT,2019,40.281
Malta,MLT,2020,13.323
Malta,MLT,2021,8.845
Malta,MLT,2022,4.695
Malta,MLT,2023,12.368
Marshall Islands,MHL,1950,-18.775
Marshall Islands,MHL,1951,-20.059
Marshall Islands,MHL,1952,-21.339
Marshall Islands,MHL,1953,-22.615
Marshall Islands,MHL,1954,-23.224
Marshall Islands,MHL,1955,-23.438
Marshall Islands,MHL,1956,-24.392
Marshall Islands,MHL,1957,-26.03
Marshall Islands,MHL,1958,-11.59
Marshall Islands,MHL,1959,4.508
Marshall Islands,MHL,1960,4.285
Marshall Islands,MHL,1961,3.68
Marshall Islands,MHL,1962,3.427
Marshall Islands,MHL,1963,2.576
Marshall Islands,MHL,1964,0.949
Marshall Islands,MHL,1965,-1.264
Marshall Islands,MHL,1966,-4.965
Marshall Islands,MHL,1967,16.51
Marshall Islands,MHL,1968,38.717
Marshall Islands,MHL,1969,32.388
Marshall Islands,MHL,1970,8.921
Marshall Islands,MHL,1971,-9.929
Marshall Islands,MHL,1972,-12.754
Marshall Islands,MHL,1973,-15.581
Marshall Islands,MHL,1974,-5.732
Marshall Islands,MHL,1975,-7.38
Marshall Islands,MHL,1976,-8.623
Marshall Islands,MHL,1977,-9.461
Marshall Islands,MHL,1978,-9.927
Marshall Islands,MHL,1979,-10.626
Marshall Islands,MHL,1980,-5.037
Marshall Islands,MHL,1981,0.968
Marshall Islands,MHL,1982,0.689
Marshall Islands,MHL,1983,0.345
Marshall Islands,MHL,1984,0.165
Marshall Islands,MHL,1985,-0.026
Marshall Islands,MHL,1986,-0.204
Marshall Islands,MHL,1987,-0.392
Marshall Islands,MHL,1988,-3.308
Marshall Islands,MHL,1989,-10.99
Marshall Islands,MHL,1990,-12.593
Marshall Islands,MHL,1991,-14.506
Marshall Islands,MHL,1992,-16.578
Marshall Islands,MHL,1993,-18.453
Marshall Islands,MHL,1994,-19.744
Marshall Islands,MHL,1995,-20.532
Marshall Islands,MHL,1996,-21.527
Marshall Islands,MHL,1997,-22.27
Marshall Islands,MHL,1998,-22.608
Marshall Islands,MHL,1999,-21.274
Marshall Islands,MHL,2000,-21.891
Marshall Islands,MHL,2001,-24.197
Marshall Islands,MHL,2002,-26.155
Marshall Islands,MHL,2003,-27.634
Marshall Islands,MHL,2004,-28.306
Marshall Islands,MHL,2005,-28.552
Marshall Islands,MHL,2006,-28.677
Marshall Islands,MHL,2007,-28.654
Marshall Islands,MHL,2008,-28.195
Marshall Islands,MHL,2009,-26.164
Marshall Islands,MHL,2010,-23.461
Marshall Islands,MHL,2011,-29.129
Marshall Islands,MHL,2012,-34.209
Marshall Islands,MHL,2013,-36.01
Marshall Islands,MHL,2014,-38.276
Marshall Islands,MHL,2015,-40.245
Marshall Islands,MHL,2016,-41.984
Marshall Islands,MHL,2017,-43.844
Marshall Islands,MHL,2018,-45.446
Marshall Islands,MHL,2019,-46.13
Marshall Islands,MHL,2020,-46.925
Marshall Islands,MHL,2021,-48.734
Marshall Islands,MHL,2022,-45.637
Marshall Islands,MHL,2023,-47.184
Martinique,MTQ,1950,0
Martinique,MTQ,1951,0
Martinique,MTQ,1952,0
Martinique,MTQ,1953,0
Martinique,MTQ,1954,0
Martinique,MTQ,1955,-7.493
Martinique,MTQ,1956,-7.223
Martinique,MTQ,1957,-6.942
Martinique,MTQ,1958,-6.67
Martinique,MTQ,1959,-6.674
Martinique,MTQ,1960,-6.545
Martinique,MTQ,1961,-8.076
Martinique,MTQ,1962,-10.672
Martinique,MTQ,1963,-11.343
Martinique,MTQ,1964,-11.234
Martinique,MTQ,1965,-11.175
Martinique,MTQ,1966,-11.218
Martinique,MTQ,1967,-13.053
Martinique,MTQ,1968,-17.294
Martinique,MTQ,1969,-18.138
Martinique,MTQ,1970,-18.131
Martinique,MTQ,1971,-18.436
Martinique,MTQ,1972,-18.202
Martinique,MTQ,1973,-17.885
Martinique,MTQ,1974,-14.817
Martinique,MTQ,1975,-8.319
Martinique,MTQ,1976,-7.286
Martinique,MTQ,1977,-7.733
Martinique,MTQ,1978,-8.132
Martinique,MTQ,1979,-8.415
Martinique,MTQ,1980,-8.625
Martinique,MTQ,1981,-7.688
Martinique,MTQ,1982,-1.373
Martinique,MTQ,1983,0.803
Martinique,MTQ,1984,1.024
Martinique,MTQ,1985,1.103
Martinique,MTQ,1986,1.163
Martinique,MTQ,1987,1.23
Martinique,MTQ,1988,1.275
Martinique,MTQ,1989,1.617
Martinique,MTQ,1990,4.852
Martinique,MTQ,1991,6.981
Martinique,MTQ,1992,7.189
Martinique,MTQ,1993,7.203
Martinique,MTQ,1994,7.213
Martinique,MTQ,1995,7.177
Martinique,MTQ,1996,7.152
Martinique,MTQ,1997,7.124
Martinique,MTQ,1998,4.877
Martinique,MTQ,1999,-9.804
Martinique,MTQ,2000,-16.529
Martinique,MTQ,2001,-17.514
Martinique,MTQ,2002,-18.001
Martinique,MTQ,2003,-14.356
Martinique,MTQ,2004,-14.234
Martinique,MTQ,2005,-14.331
Martinique,MTQ,2006,-5.439
Martinique,MTQ,2007,-5.222
Martinique,MTQ,2008,-7.709
Martinique,MTQ,2009,-10.58
Martinique,MTQ,2010,-11.581
Martinique,MTQ,2011,-12.885
Martinique,MTQ,2012,-10.765
Martinique,MTQ,2013,-8.93
Martinique,MTQ,2014,-10.607
Martinique,MTQ,2015,-12.204
Martinique,MTQ,2016,-17.72
Martinique,MTQ,2017,-25.128
Martinique,MTQ,2018,-17.823
Martinique,MTQ,2019,-8.868
Martinique,MTQ,2020,-8.183
Martinique,MTQ,2021,-6.179
Martinique,MTQ,2022,-11.509
Martinique,MTQ,2023,-8.896
Mauritania,MRT,1950,-0.345
Mauritania,MRT,1951,-0.34
Mauritania,MRT,1952,-0.346
Mauritania,MRT,1953,-0.359
Mauritania,MRT,1954,-0.376
Mauritania,MRT,1955,-0.391
Mauritania,MRT,1956,-0.397
Mauritania,MRT,1957,-0.408
Mauritania,MRT,1958,-0.398
Mauritania,MRT,1959,-0.391
Mauritania,MRT,1960,-0.386
Mauritania,MRT,1961,-0.392
Mauritania,MRT,1962,-0.393
Mauritania,MRT,1963,-0.405
Mauritania,MRT,1964,-0.424
Mauritania,MRT,1965,-0.459
Mauritania,MRT,1966,-0.478
Mauritania,MRT,1967,-0.512
Mauritania,MRT,1968,-0.546
Mauritania,MRT,1969,-0.645
Mauritania,MRT,1970,-0.777
Mauritania,MRT,1971,-0.894
Mauritania,MRT,1972,-0.975
Mauritania,MRT,1973,-0.998
Mauritania,MRT,1974,-1.065
Mauritania,MRT,1975,-1.152
Mauritania,MRT,1976,-1.251
Mauritania,MRT,1977,-2.215
Mauritania,MRT,1978,-2.153
Mauritania,MRT,1979,-2.092
Mauritania,MRT,1980,-2.033
Mauritania,MRT,1981,-1.976
Mauritania,MRT,1982,-1.92
Mauritania,MRT,1983,-1.866
Mauritania,MRT,1984,-1.813
Mauritania,MRT,1985,-1.762
Mauritania,MRT,1986,-1.711
Mauritania,MRT,1987,-1.663
Mauritania,MRT,1988,-1.615
Mauritania,MRT,1989,-9.427
Mauritania,MRT,1990,-1.537
Mauritania,MRT,1991,-1.491
Mauritania,MRT,1992,16.524
Mauritania,MRT,1993,2.859
Mauritania,MRT,1994,2.358
Mauritania,MRT,1995,-9.947
Mauritania,MRT,1996,-12.23
Mauritania,MRT,1997,-3.395
Mauritania,MRT,1998,-3.436
Mauritania,MRT,1999,-1.18
Mauritania,MRT,2000,-1.147
Mauritania,MRT,2001,-7.865
Mauritania,MRT,2002,-6.902
Mauritania,MRT,2003,-6.818
Mauritania,MRT,2004,-6.638
Mauritania,MRT,2005,-6.36
Mauritania,MRT,2006,-5.984
Mauritania,MRT,2007,-5.512
Mauritania,MRT,2008,-1.213
Mauritania,MRT,2009,-0.451
Mauritania,MRT,2010,0.333
Mauritania,MRT,2011,0.934
Mauritania,MRT,2012,1.248
Mauritania,MRT,2013,-0.8
Mauritania,MRT,2014,-0.774
Mauritania,MRT,2015,-0.761
Mauritania,MRT,2016,-0.736
Mauritania,MRT,2017,-0.713
Mauritania,MRT,2018,-0.689
Mauritania,MRT,2019,-0.676
Mauritania,MRT,2020,-0.322
Mauritania,MRT,2021,-0.313
Mauritania,MRT,2022,0.615
Mauritania,MRT,2023,0.597
Mauritius,MUS,1950,1.516
Mauritius,MUS,1951,1.794
Mauritius,MUS,1952,2.089
Mauritius,MUS,1953,-2.084
Mauritius,MUS,1954,-2.172
Mauritius,MUS,1955,-2.122
Mauritius,MUS,1956,-1.876
Mauritius,MUS,1957,-1.464
Mauritius,MUS,1958,-1.214
Mauritius,MUS,1959,-1.112
Mauritius,MUS,1960,-10.411
Mauritius,MUS,1961,-12.973
Mauritius,MUS,1962,-8.659
Mauritius,MUS,1963,-7.269
Mauritius,MUS,1964,-6.585
Mauritius,MUS,1965,-4.779
Mauritius,MUS,1966,-5.364
Mauritius,MUS,1967,-1.603
Mauritius,MUS,1968,-3.059
Mauritius,MUS,1969,-0.828
Mauritius,MUS,1970,-1.548
Mauritius,MUS,1971,-1.141
Mauritius,MUS,1972,-2.821
Mauritius,MUS,1973,-2.478
Mauritius,MUS,1974,-5.6
Mauritius,MUS,1975,-4.357
Mauritius,MUS,1976,-4.231
Mauritius,MUS,1977,-4.11
Mauritius,MUS,1978,-3.382
Mauritius,MUS,1979,-2.515
Mauritius,MUS,1980,-1.822
Mauritius,MUS,1981,-1.609
Mauritius,MUS,1982,-2.263
Mauritius,MUS,1983,-1.761
Mauritius,MUS,1984,-0.255
Mauritius,MUS,1985,0.6
Mauritius,MUS,1986,0.821
Mauritius,MUS,1987,-0.285
Mauritius,MUS,1988,-1.315
Mauritius,MUS,1989,-2.289
Mauritius,MUS,1990,-1.779
Mauritius,MUS,1991,-1.208
Mauritius,MUS,1992,-1.122
Mauritius,MUS,1993,-1.05
Mauritius,MUS,1994,-0.97
Mauritius,MUS,1995,-0.986
Mauritius,MUS,1996,-0.931
Mauritius,MUS,1997,-1.012
Mauritius,MUS,1998,-1.081
Mauritius,MUS,1999,-1.213
Mauritius,MUS,2000,-1.911
Mauritius,MUS,2001,-2.631
Mauritius,MUS,2002,-2.552
Mauritius,MUS,2003,-2.528
Mauritius,MUS,2004,-2.402
Mauritius,MUS,2005,-2.259
Mauritius,MUS,2006,-2.181
Mauritius,MUS,2007,-2.081
Mauritius,MUS,2008,-2.031
Mauritius,MUS,2009,-1.929
Mauritius,MUS,2010,-2.046
Mauritius,MUS,2011,-1.917
Mauritius,MUS,2012,-2.841
Mauritius,MUS,2013,-2.802
Mauritius,MUS,2014,-2.857
Mauritius,MUS,2015,-2.821
Mauritius,MUS,2016,-3.47
Mauritius,MUS,2017,-4.123
Mauritius,MUS,2018,-3.945
Mauritius,MUS,2019,-4.044
Mauritius,MUS,2020,-4.594
Mauritius,MUS,2021,-3.379
Mauritius,MUS,2022,-2.213
Mauritius,MUS,2023,-2.217
Mayotte,MYT,1950,-5.846
Mayotte,MYT,1951,-5.448
Mayotte,MYT,1952,-5.248
Mayotte,MYT,1953,-5.139
Mayotte,MYT,1954,-4.889
Mayotte,MYT,1955,-4.6
Mayotte,MYT,1956,-4.319
Mayotte,MYT,1957,-4.169
Mayotte,MYT,1958,-4.062
Mayotte,MYT,1959,-3.994
Mayotte,MYT,1960,-3.77
Mayotte,MYT,1961,-3.516
Mayotte,MYT,1962,-3.199
Mayotte,MYT,1963,-2.611
Mayotte,MYT,1964,-1.916
Mayotte,MYT,1965,-1.491
Mayotte,MYT,1966,-1.41
Mayotte,MYT,1967,-2.727
Mayotte,MYT,1968,-10.288
Mayotte,MYT,1969,-10.864
Mayotte,MYT,1970,-10.457
Mayotte,MYT,1971,-9.637
Mayotte,MYT,1972,-8.733
Mayotte,MYT,1973,-8.178
Mayotte,MYT,1974,-7.919
Mayotte,MYT,1975,-8.202
Mayotte,MYT,1976,-8.291
Mayotte,MYT,1977,-8.433
Mayotte,MYT,1978,0
Mayotte,MYT,1979,9.793
Mayotte,MYT,1980,11.227
Mayotte,MYT,1981,11.903
Mayotte,MYT,1982,11.431
Mayotte,MYT,1983,10.069
Mayotte,MYT,1984,8.444
Mayotte,MYT,1985,12.579
Mayotte,MYT,1986,21.531
Mayotte,MYT,1987,21.652
Mayotte,MYT,1988,21.223
Mayotte,MYT,1989,20.15
Mayotte,MYT,1990,18.227
Mayotte,MYT,1991,17.771
Mayotte,MYT,1992,23.895
Mayotte,MYT,1993,24.248
Mayotte,MYT,1994,23.512
Mayotte,MYT,1995,21.815
Mayotte,MYT,1996,19.184
Mayotte,MYT,1997,11.577
Mayotte,MYT,1998,5.383
Mayotte,MYT,1999,5.765
Mayotte,MYT,2000,5.412
Mayotte,MYT,2001,4.419
Mayotte,MYT,2002,-4.664
Mayotte,MYT,2003,-15.813
Mayotte,MYT,2004,-5.959
Mayotte,MYT,2005,-3.313
Mayotte,MYT,2006,-2.26
Mayotte,MYT,2007,-4.346
Mayotte,MYT,2008,-7.749
Mayotte,MYT,2009,-7.925
Mayotte,MYT,2010,-7.743
Mayotte,MYT,2011,-7.456
Mayotte,MYT,2012,-3.133
Mayotte,MYT,2013,6.085
Mayotte,MYT,2014,6.913
Mayotte,MYT,2015,6.861
Mayotte,MYT,2016,6.699
Mayotte,MYT,2017,-3.153
Mayotte,MYT,2018,-30.387
Mayotte,MYT,2019,2.143
Mayotte,MYT,2020,4.311
Mayotte,MYT,2021,4.14
Mayotte,MYT,2022,3.374
Mayotte,MYT,2023,0.434
Mexico,MEX,1950,-1.775
Mexico,MEX,1951,-1.8
Mexico,MEX,1952,-1.852
Mexico,MEX,1953,-1.934
Mexico,MEX,1954,-1.948
Mexico,MEX,1955,-1.971
Mexico,MEX,1956,-2.053
Mexico,MEX,1957,-2.143
Mexico,MEX,1958,-2.215
Mexico,MEX,1959,-2.278
Mexico,MEX,1960,-2.331
Mexico,MEX,1961,-1.483
Mexico,MEX,1962,-1.529
Mexico,MEX,1963,-1.645
Mexico,MEX,1964,-1.738
Mexico,MEX,1965,-1.813
Mexico,MEX,1966,-1.95
Mexico,MEX,1967,-2.139
Mexico,MEX,1968,-2.441
Mexico,MEX,1969,-2.784
Mexico,MEX,1970,-3.229
Mexico,MEX,1971,-3.531
Mexico,MEX,1972,-3.59
Mexico,MEX,1973,-3.605
Mexico,MEX,1974,-3.629
Mexico,MEX,1975,-3.672
Mexico,MEX,1976,-3.783
Mexico,MEX,1977,-3.844
Mexico,MEX,1978,-3.809
Mexico,MEX,1979,-3.748
Mexico,MEX,1980,-3.747
Mexico,MEX,1981,-5.252
Mexico,MEX,1982,-5.424
Mexico,MEX,1983,-5.599
Mexico,MEX,1984,-5.788
Mexico,MEX,1985,-5.936
Mexico,MEX,1986,-5.899
Mexico,MEX,1987,-5.318
Mexico,MEX,1988,-4.7
Mexico,MEX,1989,-4.757
Mexico,MEX,1990,-3.885
Mexico,MEX,1991,-3.869
Mexico,MEX,1992,-4.002
Mexico,MEX,1993,-4.085
Mexico,MEX,1994,-3.972
Mexico,MEX,1995,-3.743
Mexico,MEX,1996,-3.714
Mexico,MEX,1997,-3.622
Mexico,MEX,1998,-3.363
Mexico,MEX,1999,-3.385
Mexico,MEX,2000,-3.614
Mexico,MEX,2001,-3.78
Mexico,MEX,2002,-3.74
Mexico,MEX,2003,-3.585
Mexico,MEX,2004,-3.323
Mexico,MEX,2005,-2.932
Mexico,MEX,2006,-2.276
Mexico,MEX,2007,-0.97
Mexico,MEX,2008,-0.456
Mexico,MEX,2009,-0.275
Mexico,MEX,2010,-0.359
Mexico,MEX,2011,-0.328
Mexico,MEX,2012,-1.1
Mexico,MEX,2013,-1.014
Mexico,MEX,2014,-1.91
Mexico,MEX,2015,-2.404
Mexico,MEX,2016,-2.491
Mexico,MEX,2017,-1.844
Mexico,MEX,2018,-1.408
Mexico,MEX,2019,-1.349
Mexico,MEX,2020,-1.163
Mexico,MEX,2021,-0.962
Mexico,MEX,2022,-0.843
Mexico,MEX,2023,-0.779
Micronesia (country),FSM,1950,0
Micronesia (country),FSM,1951,0
Micronesia (country),FSM,1952,0
Micronesia (country),FSM,1953,0
Micronesia (country),FSM,1954,0
Micronesia (country),FSM,1955,0
Micronesia (country),FSM,1956,0
Micronesia (country),FSM,1957,0
Micronesia (country),FSM,1958,0
Micronesia (country),FSM,1959,0
Micronesia (country),FSM,1960,4.482
Micronesia (country),FSM,1961,4.326
Micronesia (country),FSM,1962,4.176
Micronesia (country),FSM,1963,-1.843
Micronesia (country),FSM,1964,-1.789
Micronesia (country),FSM,1965,-1.736
Micronesia (country),FSM,1966,-1.684
Micronesia (country),FSM,1967,-3.565
Micronesia (country),FSM,1968,-3.461
Micronesia (country),FSM,1969,-3.358
Micronesia (country),FSM,1970,-3.257
Micronesia (country),FSM,1971,-7.991
Micronesia (country),FSM,1972,-7.779
Micronesia (country),FSM,1973,-7.571
Micronesia (country),FSM,1974,-7.367
Micronesia (country),FSM,1975,-11.167
Micronesia (country),FSM,1976,-10.905
Micronesia (country),FSM,1977,-10.642
Micronesia (country),FSM,1978,-3.997
Micronesia (country),FSM,1979,-3.873
Micronesia (country),FSM,1980,-3.755
Micronesia (country),FSM,1981,-3.643
Micronesia (country),FSM,1982,-3.535
Micronesia (country),FSM,1983,-3.432
Micronesia (country),FSM,1984,-3.334
Micronesia (country),FSM,1985,-3.24
Micronesia (country),FSM,1986,-3.15
Micronesia (country),FSM,1987,-3.065
Micronesia (country),FSM,1988,-10.234
Micronesia (country),FSM,1989,-10.036
Micronesia (country),FSM,1990,-9.847
Micronesia (country),FSM,1991,-9.669
Micronesia (country),FSM,1992,-5.623
Micronesia (country),FSM,1993,-5.153
Micronesia (country),FSM,1994,-9.227
Micronesia (country),FSM,1995,-19.884
Micronesia (country),FSM,1996,-21.27
Micronesia (country),FSM,1997,-22.218
Micronesia (country),FSM,1998,-22.489
Micronesia (country),FSM,1999,-22.651
Micronesia (country),FSM,2000,-21.436
Micronesia (country),FSM,2001,-22.799
Micronesia (country),FSM,2002,-23.807
Micronesia (country),FSM,2003,-25.211
Micronesia (country),FSM,2004,-26.084
Micronesia (country),FSM,2005,-26.64
Micronesia (country),FSM,2006,-27.814
Micronesia (country),FSM,2007,-28.297
Micronesia (country),FSM,2008,-28.183
Micronesia (country),FSM,2009,-27.758
Micronesia (country),FSM,2010,-16.718
Micronesia (country),FSM,2011,-15.944
Micronesia (country),FSM,2012,-15.116
Micronesia (country),FSM,2013,-14.417
Micronesia (country),FSM,2014,-13.652
Micronesia (country),FSM,2015,-12.996
Micronesia (country),FSM,2016,-12.34
Micronesia (country),FSM,2017,-11.701
Micronesia (country),FSM,2018,-11.656
Micronesia (country),FSM,2019,-12.334
Micronesia (country),FSM,2020,-6.133
Micronesia (country),FSM,2021,-10.659
Micronesia (country),FSM,2022,-10.334
Micronesia (country),FSM,2023,-10.069
Moldova,MDA,1950,0.509
Moldova,MDA,1951,0.349
Moldova,MDA,1952,0.524
Moldova,MDA,1953,0.708
Moldova,MDA,1954,0.901
Moldova,MDA,1955,1.105
Moldova,MDA,1956,1.22
Moldova,MDA,1957,1.121
Moldova,MDA,1958,0.527
Moldova,MDA,1959,4.881
Moldova,MDA,1960,4.453
Moldova,MDA,1961,4.713
Moldova,MDA,1962,4.949
Moldova,MDA,1963,5.14
Moldova,MDA,1964,5.258
Moldova,MDA,1965,5.336
Moldova,MDA,1966,5.406
Moldova,MDA,1967,5.488
Moldova,MDA,1968,5.591
Moldova,MDA,1969,5.711
Moldova,MDA,1970,0.166
Moldova,MDA,1971,-0.017
Moldova,MDA,1972,0.13
Moldova,MDA,1973,0.308
Moldova,MDA,1974,0.47
Moldova,MDA,1975,0.614
Moldova,MDA,1976,0.743
Moldova,MDA,1977,0.827
Moldova,MDA,1978,0.877
Moldova,MDA,1979,-1.724
Moldova,MDA,1980,-0.912
Moldova,MDA,1981,-1.578
Moldova,MDA,1982,-2.037
Moldova,MDA,1983,-2.527
Moldova,MDA,1984,-3.02
Moldova,MDA,1985,-2.494
Moldova,MDA,1986,-2.035
Moldova,MDA,1987,-2.477
Moldova,MDA,1988,-1.132
Moldova,MDA,1989,-6.602
Moldova,MDA,1990,-6.752
Moldova,MDA,1991,-6.553
Moldova,MDA,1992,-6.763
Moldova,MDA,1993,-7.087
Moldova,MDA,1994,-7.13
Moldova,MDA,1995,-7.244
Moldova,MDA,1996,-7.605
Moldova,MDA,1997,-9.584
Moldova,MDA,1998,-9.719
Moldova,MDA,1999,-10.077
Moldova,MDA,2000,-10.355
Moldova,MDA,2001,-10.751
Moldova,MDA,2002,-11.063
Moldova,MDA,2003,-11.463
Moldova,MDA,2004,-12.971
Moldova,MDA,2005,-17.219
Moldova,MDA,2006,-18.377
Moldova,MDA,2007,-19.664
Moldova,MDA,2008,-21.059
Moldova,MDA,2009,-22.542
Moldova,MDA,2010,-23.139
Moldova,MDA,2011,-23.128
Moldova,MDA,2012,-23.32
Moldova,MDA,2013,-22.757
Moldova,MDA,2014,-20.096
Moldova,MDA,2015,-18.07
Moldova,MDA,2016,-15.95
Moldova,MDA,2017,-13.738
Moldova,MDA,2018,-11.442
Moldova,MDA,2019,-13.247
Moldova,MDA,2020,-10.884
Moldova,MDA,2021,-11.047
Moldova,MDA,2022,29.327
Moldova,MDA,2023,-6.055
Monaco,MCO,1950,49.478
Monaco,MCO,1951,8.257
Monaco,MCO,1952,2.919
Monaco,MCO,1953,-1.742
Monaco,MCO,1954,-6.727
Monaco,MCO,1955,-8.627
Monaco,MCO,1956,17.181
Monaco,MCO,1957,14.318
Monaco,MCO,1958,11.213
Monaco,MCO,1959,7.992
Monaco,MCO,1960,4.723
Monaco,MCO,1961,2.387
Monaco,MCO,1962,12.818
Monaco,MCO,1963,14.876
Monaco,MCO,1964,12.651
Monaco,MCO,1965,10.593
Monaco,MCO,1966,7.004
Monaco,MCO,1967,2.876
Monaco,MCO,1968,16.555
Monaco,MCO,1969,18.883
Monaco,MCO,1970,16.757
Monaco,MCO,1971,14.567
Monaco,MCO,1972,11.825
Monaco,MCO,1973,8.695
Monaco,MCO,1974,7.849
Monaco,MCO,1975,17.96
Monaco,MCO,1976,17.726
Monaco,MCO,1977,15.491
Monaco,MCO,1978,13.343
Monaco,MCO,1979,11.379
Monaco,MCO,1980,9.439
Monaco,MCO,1981,7.365
Monaco,MCO,1982,16.218
Monaco,MCO,1983,16.309
Monaco,MCO,1984,14.53
Monaco,MCO,1985,13.017
Monaco,MCO,1986,11.687
Monaco,MCO,1987,10.698
Monaco,MCO,1988,10.208
Monaco,MCO,1989,9.474
Monaco,MCO,1990,9.52
Monaco,MCO,1991,9.763
Monaco,MCO,1992,9.486
Monaco,MCO,1993,8.864
Monaco,MCO,1994,8.35
Monaco,MCO,1995,7.783
Monaco,MCO,1996,7.193
Monaco,MCO,1997,6.612
Monaco,MCO,1998,5.361
Monaco,MCO,1999,1.975
Monaco,MCO,2000,-1.017
Monaco,MCO,2001,-2.127
Monaco,MCO,2002,-1.851
Monaco,MCO,2003,-2.1
Monaco,MCO,2004,-3.467
Monaco,MCO,2005,-4.564
Monaco,MCO,2006,-6.52
Monaco,MCO,2007,-8.606
Monaco,MCO,2008,6.471
Monaco,MCO,2009,24.256
Monaco,MCO,2010,24.364
Monaco,MCO,2011,25.511
Monaco,MCO,2012,26.101
Monaco,MCO,2013,26.124
Monaco,MCO,2014,25.354
Monaco,MCO,2015,25.546
Monaco,MCO,2016,21.408
Monaco,MCO,2017,21.179
Monaco,MCO,2018,26.183
Monaco,MCO,2019,-5.196
Monaco,MCO,2020,26.255
Monaco,MCO,2021,25.93
Monaco,MCO,2022,25.558
Monaco,MCO,2023,2.259
Mongolia,MNG,1950,0
Mongolia,MNG,1951,0
Mongolia,MNG,1952,0
Mongolia,MNG,1953,0
Mongolia,MNG,1954,0
Mongolia,MNG,1955,0
Mongolia,MNG,1956,8.967
Mongolia,MNG,1957,10.048
Mongolia,MNG,1958,9.165
Mongolia,MNG,1959,10.213
Mongolia,MNG,1960,10.571
Mongolia,MNG,1961,10.344
Mongolia,MNG,1962,8.689
Mongolia,MNG,1963,3.441
Mongolia,MNG,1964,4.18
Mongolia,MNG,1965,4.959
Mongolia,MNG,1966,5.016
Mongolia,MNG,1967,4.293
Mongolia,MNG,1968,2.874
Mongolia,MNG,1969,1.874
Mongolia,MNG,1970,2.519
Mongolia,MNG,1971,3.186
Mongolia,MNG,1972,3.657
Mongolia,MNG,1973,4.018
Mongolia,MNG,1974,4.255
Mongolia,MNG,1975,4.405
Mongolia,MNG,1976,4.293
Mongolia,MNG,1977,3.397
Mongolia,MNG,1978,1.132
Mongolia,MNG,1979,-0.78
Mongolia,MNG,1980,-0.745
Mongolia,MNG,1981,-0.927
Mongolia,MNG,1982,-1.194
Mongolia,MNG,1983,-1.379
Mongolia,MNG,1984,-1.308
Mongolia,MNG,1985,-0.895
Mongolia,MNG,1986,0.18
Mongolia,MNG,1987,0.917
Mongolia,MNG,1988,1.184
Mongolia,MNG,1989,-4.593
Mongolia,MNG,1990,-5.489
Mongolia,MNG,1991,-5.188
Mongolia,MNG,1992,-3.753
Mongolia,MNG,1993,-2.388
Mongolia,MNG,1994,-2.363
Mongolia,MNG,1995,-3.145
Mongolia,MNG,1996,-3.65
Mongolia,MNG,1997,-3.822
Mongolia,MNG,1998,-4.275
Mongolia,MNG,1999,-5.539
Mongolia,MNG,2000,-4.578
Mongolia,MNG,2001,-4.134
Mongolia,MNG,2002,-3.573
Mongolia,MNG,2003,-3.167
Mongolia,MNG,2004,-3.204
Mongolia,MNG,2005,-3.481
Mongolia,MNG,2006,-4.617
Mongolia,MNG,2007,-5.836
Mongolia,MNG,2008,-6.558
Mongolia,MNG,2009,-5.63
Mongolia,MNG,2010,-2.385
Mongolia,MNG,2011,-0.184
Mongolia,MNG,2012,0.126
Mongolia,MNG,2013,0.528
Mongolia,MNG,2014,1.003
Mongolia,MNG,2015,1.447
Mongolia,MNG,2016,1.852
Mongolia,MNG,2017,2.2
Mongolia,MNG,2018,2.466
Mongolia,MNG,2019,2.679
Mongolia,MNG,2020,0
Mongolia,MNG,2021,0
Mongolia,MNG,2022,0
Mongolia,MNG,2023,0
Montenegro,MNE,1950,1.622
Montenegro,MNE,1951,1.37
Montenegro,MNE,1952,3.679
Montenegro,MNE,1953,-2.98
Montenegro,MNE,1954,-7.063
Montenegro,MNE,1955,-6.146
Montenegro,MNE,1956,-6.651
Montenegro,MNE,1957,-7.057
Montenegro,MNE,1958,-6.776
Montenegro,MNE,1959,-5.339
Montenegro,MNE,1960,-5.236
Montenegro,MNE,1961,-4.717
Montenegro,MNE,1962,-5.379
Montenegro,MNE,1963,-5.705
Montenegro,MNE,1964,-5.502
Montenegro,MNE,1965,-5.454
Montenegro,MNE,1966,-5.409
Montenegro,MNE,1967,-4.9
Montenegro,MNE,1968,-4.629
Montenegro,MNE,1969,-4.683
Montenegro,MNE,1970,-3.8
Montenegro,MNE,1971,-3.468
Montenegro,MNE,1972,-3.555
Montenegro,MNE,1973,-3.255
Montenegro,MNE,1974,-3.025
Montenegro,MNE,1975,-2.85
Montenegro,MNE,1976,-2.572
Montenegro,MNE,1977,-2.401
Montenegro,MNE,1978,-1.923
Montenegro,MNE,1979,-1.24
Montenegro,MNE,1980,-0.769
Montenegro,MNE,1981,-3.877
Montenegro,MNE,1982,-5.308
Montenegro,MNE,1983,-5.344
Montenegro,MNE,1984,-5.121
Montenegro,MNE,1985,-4.993
Montenegro,MNE,1986,-4.527
Montenegro,MNE,1987,-4.21
Montenegro,MNE,1988,-3.528
Montenegro,MNE,1989,-2.804
Montenegro,MNE,1990,-2.748
Montenegro,MNE,1991,-4.218
Montenegro,MNE,1992,-4.7
Montenegro,MNE,1993,-4.514
Montenegro,MNE,1994,-4.587
Montenegro,MNE,1995,-4.881
Montenegro,MNE,1996,-4.823
Montenegro,MNE,1997,-4.857
Montenegro,MNE,1998,-5.245
Montenegro,MNE,1999,-5.498
Montenegro,MNE,2000,-5.888
Montenegro,MNE,2001,-5.538
Montenegro,MNE,2002,-5.297
Montenegro,MNE,2003,-5.016
Montenegro,MNE,2004,-3.151
Montenegro,MNE,2005,-3.544
Montenegro,MNE,2006,-4.315
Montenegro,MNE,2007,-4.825
Montenegro,MNE,2008,-5.256
Montenegro,MNE,2009,-5.465
Montenegro,MNE,2010,-3.601
Montenegro,MNE,2011,0
Montenegro,MNE,2012,-2.499
Montenegro,MNE,2013,-3.913
Montenegro,MNE,2014,-6.901
Montenegro,MNE,2015,-7.742
Montenegro,MNE,2016,-8.449
Montenegro,MNE,2017,-7.979
Montenegro,MNE,2018,-8.214
Montenegro,MNE,2019,-6.675
Montenegro,MNE,2020,-5.445
Montenegro,MNE,2021,-3.882
Montenegro,MNE,2022,42.841
Montenegro,MNE,2023,18.941
Montserrat,MSR,1950,-21.864
Montserrat,MSR,1951,-22.965
Montserrat,MSR,1952,-23.363
Montserrat,MSR,1953,-24.1
Montserrat,MSR,1954,-23.645
Montserrat,MSR,1955,-23.315
Montserrat,MSR,1956,-23.245
Montserrat,MSR,1957,-23.335
Montserrat,MSR,1958,-24.987
Montserrat,MSR,1959,-23.119
Montserrat,MSR,1960,-21.771
Montserrat,MSR,1961,-23.49
Montserrat,MSR,1962,-24.151
Montserrat,MSR,1963,-24.483
Montserrat,MSR,1964,-24.052
Montserrat,MSR,1965,-23.184
Montserrat,MSR,1966,-21.69
Montserrat,MSR,1967,-20.692
Montserrat,MSR,1968,-19.32
Montserrat,MSR,1969,-18.203
Montserrat,MSR,1970,-11.648
Montserrat,MSR,1971,-9.702
Montserrat,MSR,1972,-9.78
Montserrat,MSR,1973,-9.766
Montserrat,MSR,1974,-9.22
Montserrat,MSR,1975,-8.765
Montserrat,MSR,1976,-8.405
Montserrat,MSR,1977,-8.396
Montserrat,MSR,1978,-8.132
Montserrat,MSR,1979,-10.167
Montserrat,MSR,1980,-13.757
Montserrat,MSR,1981,-12.974
Montserrat,MSR,1982,-15.383
Montserrat,MSR,1983,-15.198
Montserrat,MSR,1984,-14.201
Montserrat,MSR,1985,-13.097
Montserrat,MSR,1986,-12.153
Montserrat,MSR,1987,-12.024
Montserrat,MSR,1988,-12.355
Montserrat,MSR,1989,-13.176
Montserrat,MSR,1990,-16.952
Montserrat,MSR,1991,-40.914
Montserrat,MSR,1992,-60.278
Montserrat,MSR,1993,-66.797
Montserrat,MSR,1994,-72.483
Montserrat,MSR,1995,-78.329
Montserrat,MSR,1996,-83.514
Montserrat,MSR,1997,-86.807
Montserrat,MSR,1998,-100.928
Montserrat,MSR,1999,-105.152
Montserrat,MSR,2000,-118.127
Montserrat,MSR,2001,-44.222
Montserrat,MSR,2002,8.714
Montserrat,MSR,2003,8.685
Montserrat,MSR,2004,9.967
Montserrat,MSR,2005,10.558
Montserrat,MSR,2006,11.35
Montserrat,MSR,2007,12.33
Montserrat,MSR,2008,13.684
Montserrat,MSR,2009,14.361
Montserrat,MSR,2010,15.227
Montserrat,MSR,2011,1.037
Montserrat,MSR,2012,-6.672
Montserrat,MSR,2013,-6.312
Montserrat,MSR,2014,-6.156
Montserrat,MSR,2015,-6.421
Montserrat,MSR,2016,-5.822
Montserrat,MSR,2017,-6.735
Montserrat,MSR,2018,-6.347
Montserrat,MSR,2019,-6.609
Montserrat,MSR,2020,-6.656
Montserrat,MSR,2021,-3.572
Montserrat,MSR,2022,-3.369
Montserrat,MSR,2023,-2.715
More developed regions,,1950,-0.37
More developed regions,,1951,-0.593
More developed regions,,1952,-0.557
More developed regions,,1953,-0.017
More developed regions,,1954,-0.282
More developed regions,,1955,-0.193
More developed regions,,1956,-0.424
More developed regions,,1957,0.361
More developed regions,,1958,0.007
More developed regions,,1959,-0.19
More developed regions,,1960,0.096
More developed regions,,1961,0.379
More developed regions,,1962,0.808
More developed regions,,1963,0.717
More developed regions,,1964,0.538
More developed regions,,1965,0.856
More developed regions,,1966,1.027
More developed regions,,1967,0.46
More developed regions,,1968,1.04
More developed regions,,1969,1.174
More developed regions,,1970,0.582
More developed regions,,1971,1.785
More developed regions,,1972,1.484
More developed regions,,1973,1.441
More developed regions,,1974,1.026
More developed regions,,1975,0.752
More developed regions,,1976,0.918
More developed regions,,1977,0.818
More developed regions,,1978,0.779
More developed regions,,1979,0.951
More developed regions,,1980,1.43
More developed regions,,1981,0.71
More developed regions,,1982,0.448
More developed regions,,1983,0.673
More developed regions,,1984,0.618
More developed regions,,1985,0.986
More developed regions,,1986,1.149
More developed regions,,1987,1.111
More developed regions,,1988,1.525
More developed regions,,1989,1.395
More developed regions,,1990,2.212
More developed regions,,1991,2.175
More developed regions,,1992,1.109
More developed regions,,1993,2.125
More developed regions,,1994,2.854
More developed regions,,1995,1.879
More developed regions,,1996,2.04
More developed regions,,1997,1.765
More developed regions,,1998,1.045
More developed regions,,1999,2.003
More developed regions,,2000,2.343
More developed regions,,2001,2.429
More developed regions,,2002,3.945
More developed regions,,2003,3.072
More developed regions,,2004,2.918
More developed regions,,2005,2.776
More developed regions,,2006,2.535
More developed regions,,2007,3.287
More developed regions,,2008,2.947
More developed regions,,2009,2.529
More developed regions,,2010,2.62
More developed regions,,2011,2.603
More developed regions,,2012,2.421
More developed regions,,2013,2.601
More developed regions,,2014,2.685
More developed regions,,2015,3.576
More developed regions,,2016,3.615
More developed regions,,2017,3.606
More developed regions,,2018,3.625
More developed regions,,2019,3.589
More developed regions,,2020,1.693
More developed regions,,2021,2.048
More developed regions,,2022,1.658
More developed regions,,2023,2.805
Morocco,MAR,1950,0.605
Morocco,MAR,1951,0.498
Morocco,MAR,1952,0.159
Morocco,MAR,1953,-0.457
Morocco,MAR,1954,-0.374
Morocco,MAR,1955,-0.442
Morocco,MAR,1956,-0.489
Morocco,MAR,1957,-0.621
Morocco,MAR,1958,-1.469
Morocco,MAR,1959,-1.072
Morocco,MAR,1960,-1.672
Morocco,MAR,1961,-3.387
Morocco,MAR,1962,-2.291
Morocco,MAR,1963,-4.469
Morocco,MAR,1964,-3.574
Morocco,MAR,1965,-2.503
Morocco,MAR,1966,-1.982
Morocco,MAR,1967,-1.669
Morocco,MAR,1968,-1.761
Morocco,MAR,1969,-1.655
Morocco,MAR,1970,-1.73
Morocco,MAR,1971,-2.536
Morocco,MAR,1972,-2.966
Morocco,MAR,1973,-3.171
Morocco,MAR,1974,-3.163
Morocco,MAR,1975,-3.03
Morocco,MAR,1976,-3.301
Morocco,MAR,1977,-1.785
Morocco,MAR,1978,-1.656
Morocco,MAR,1979,-1.444
Morocco,MAR,1980,-0.714
Morocco,MAR,1981,-1.128
Morocco,MAR,1982,-1.241
Morocco,MAR,1983,-1.186
Morocco,MAR,1984,-1.821
Morocco,MAR,1985,-2.05
Morocco,MAR,1986,-4.42
Morocco,MAR,1987,-4.512
Morocco,MAR,1988,-4.361
Morocco,MAR,1989,-4.366
Morocco,MAR,1990,-4.009
Morocco,MAR,1991,-5.271
Morocco,MAR,1992,-4.28
Morocco,MAR,1993,-4.734
Morocco,MAR,1994,-4.438
Morocco,MAR,1995,-3.234
Morocco,MAR,1996,-3.556
Morocco,MAR,1997,-3.546
Morocco,MAR,1998,-2.907
Morocco,MAR,1999,-2.653
Morocco,MAR,2000,-2.377
Morocco,MAR,2001,-2.22
Morocco,MAR,2002,-2.322
Morocco,MAR,2003,-2.856
Morocco,MAR,2004,-2.228
Morocco,MAR,2005,-1.944
Morocco,MAR,2006,-2.352
Morocco,MAR,2007,-2.365
Morocco,MAR,2008,-2.497
Morocco,MAR,2009,-2.566
Morocco,MAR,2010,-2.172
Morocco,MAR,2011,-2.049
Morocco,MAR,2012,-1.956
Morocco,MAR,2013,-1.986
Morocco,MAR,2014,-2.107
Morocco,MAR,2015,-2.348
Morocco,MAR,2016,-1.122
Morocco,MAR,2017,-1.706
Morocco,MAR,2018,-2.46
Morocco,MAR,2019,-2.519
Morocco,MAR,2020,-0.97
Morocco,MAR,2021,-1.296
Morocco,MAR,2022,-1.034
Morocco,MAR,2023,-1.051
Mozambique,MOZ,1950,-9.47
Mozambique,MOZ,1951,-8.706
Mozambique,MOZ,1952,-9.169
Mozambique,MOZ,1953,-9.853
Mozambique,MOZ,1954,-9.734
Mozambique,MOZ,1955,-9.764
Mozambique,MOZ,1956,-9.776
Mozambique,MOZ,1957,-9.952
Mozambique,MOZ,1958,-10.755
Mozambique,MOZ,1959,-9.753
Mozambique,MOZ,1960,-8.096
Mozambique,MOZ,1961,-5.879
Mozambique,MOZ,1962,-5.525
Mozambique,MOZ,1963,-5.308
Mozambique,MOZ,1964,-4.825
Mozambique,MOZ,1965,-4.123
Mozambique,MOZ,1966,-4.16
Mozambique,MOZ,1967,-3.582
Mozambique,MOZ,1968,-3.405
Mozambique,MOZ,1969,-3.006
Mozambique,MOZ,1970,-2.206
Mozambique,MOZ,1971,1.336
Mozambique,MOZ,1972,4.029
Mozambique,MOZ,1973,5.02
Mozambique,MOZ,1974,5.548
Mozambique,MOZ,1975,6.243
Mozambique,MOZ,1976,6.215
Mozambique,MOZ,1977,8.908
Mozambique,MOZ,1978,9.028
Mozambique,MOZ,1979,7.589
Mozambique,MOZ,1980,-13.201
Mozambique,MOZ,1981,-5.044
Mozambique,MOZ,1982,-6.161
Mozambique,MOZ,1983,-6.121
Mozambique,MOZ,1984,-5.727
Mozambique,MOZ,1985,-6.028
Mozambique,MOZ,1986,-9.502
Mozambique,MOZ,1987,-34.448
Mozambique,MOZ,1988,-22.362
Mozambique,MOZ,1989,-15.458
Mozambique,MOZ,1990,-9.715
Mozambique,MOZ,1991,-5.141
Mozambique,MOZ,1992,-9.473
Mozambique,MOZ,1993,19.417
Mozambique,MOZ,1994,62.403
Mozambique,MOZ,1995,6.814
Mozambique,MOZ,1996,5.516
Mozambique,MOZ,1997,-4.704
Mozambique,MOZ,1998,-4.322
Mozambique,MOZ,1999,-5.82
Mozambique,MOZ,2000,-5.763
Mozambique,MOZ,2001,-5.671
Mozambique,MOZ,2002,-5.438
Mozambique,MOZ,2003,-5.13
Mozambique,MOZ,2004,-5.082
Mozambique,MOZ,2005,-4.717
Mozambique,MOZ,2006,-4.586
Mozambique,MOZ,2007,-4.721
Mozambique,MOZ,2008,-4.699
Mozambique,MOZ,2009,-4.494
Mozambique,MOZ,2010,-4.221
Mozambique,MOZ,2011,-2.691
Mozambique,MOZ,2012,-2.594
Mozambique,MOZ,2013,-2.278
Mozambique,MOZ,2014,-2.079
Mozambique,MOZ,2015,-1.973
Mozambique,MOZ,2016,-1.588
Mozambique,MOZ,2017,-0.889
Mozambique,MOZ,2018,-1.731
Mozambique,MOZ,2019,-1.642
Mozambique,MOZ,2020,-0.84
Mozambique,MOZ,2021,-0.729
Mozambique,MOZ,2022,-1.07
Mozambique,MOZ,2023,-1.079
Myanmar,MMR,1950,0.293
Myanmar,MMR,1951,0.277
Myanmar,MMR,1952,0.149
Myanmar,MMR,1953,-0.109
Myanmar,MMR,1954,-0.019
Myanmar,MMR,1955,-0.007
Myanmar,MMR,1956,0.012
Myanmar,MMR,1957,-0.006
Myanmar,MMR,1958,-0.333
Myanmar,MMR,1959,0.197
Myanmar,MMR,1960,0.405
Myanmar,MMR,1961,0.539
Myanmar,MMR,1962,0.597
Myanmar,MMR,1963,0.618
Myanmar,MMR,1964,0.657
Myanmar,MMR,1965,0.776
Myanmar,MMR,1966,0.622
Myanmar,MMR,1967,0.727
Myanmar,MMR,1968,0.665
Myanmar,MMR,1969,0.658
Myanmar,MMR,1970,0.662
Myanmar,MMR,1971,0.227
Myanmar,MMR,1972,0.378
Myanmar,MMR,1973,-1.918
Myanmar,MMR,1974,-1.82
Myanmar,MMR,1975,-1.748
Myanmar,MMR,1976,-1.969
Myanmar,MMR,1977,-1.208
Myanmar,MMR,1978,-1.128
Myanmar,MMR,1979,-1.355
Myanmar,MMR,1980,-1.134
Myanmar,MMR,1981,-1.561
Myanmar,MMR,1982,-2.316
Myanmar,MMR,1983,0.524
Myanmar,MMR,1984,0.318
Myanmar,MMR,1985,0.166
Myanmar,MMR,1986,-0.197
Myanmar,MMR,1987,-0.307
Myanmar,MMR,1988,-0.338
Myanmar,MMR,1989,-0.678
Myanmar,MMR,1990,-1.026
Myanmar,MMR,1991,-1.957
Myanmar,MMR,1992,-1.97
Myanmar,MMR,1993,-2.005
Myanmar,MMR,1994,-1.697
Myanmar,MMR,1995,-1.763
Myanmar,MMR,1996,-1.524
Myanmar,MMR,1997,-1.349
Myanmar,MMR,1998,-1.407
Myanmar,MMR,1999,-1.828
Myanmar,MMR,2000,-2.357
Myanmar,MMR,2001,-2.865
Myanmar,MMR,2002,-3.249
Myanmar,MMR,2003,-3.552
Myanmar,MMR,2004,-3.606
Myanmar,MMR,2005,-3.9
Myanmar,MMR,2006,-3.894
Myanmar,MMR,2007,-3.844
Myanmar,MMR,2008,-3.731
Myanmar,MMR,2009,-3.258
Myanmar,MMR,2010,-2.376
Myanmar,MMR,2011,-1.674
Myanmar,MMR,2012,-1.235
Myanmar,MMR,2013,-1.251
Myanmar,MMR,2014,-1.478
Myanmar,MMR,2015,-1.842
Myanmar,MMR,2016,-1.707
Myanmar,MMR,2017,-2.031
Myanmar,MMR,2018,-2.192
Myanmar,MMR,2019,-1.915
Myanmar,MMR,2020,-1.249
Myanmar,MMR,2021,-0.663
Myanmar,MMR,2022,-0.651
Myanmar,MMR,2023,-0.646
Namibia,NAM,1950,-7.95
Namibia,NAM,1951,-7.99
Namibia,NAM,1952,-7.65
Namibia,NAM,1953,-8.038
Namibia,NAM,1954,-8.246
Namibia,NAM,1955,-8.275
Namibia,NAM,1956,-8.055
Namibia,NAM,1957,-7.645
Namibia,NAM,1958,-7.075
Namibia,NAM,1959,-6.354
Namibia,NAM,1960,-5.456
Namibia,NAM,1961,-4.655
Namibia,NAM,1962,-3.903
Namibia,NAM,1963,-3.202
Namibia,NAM,1964,-2.576
Namibia,NAM,1965,-2.009
Namibia,NAM,1966,-1.51
Namibia,NAM,1967,-0.487
Namibia,NAM,1968,-0.889
Namibia,NAM,1969,-0.077
Namibia,NAM,1970,-0.322
Namibia,NAM,1971,-0.266
Namibia,NAM,1972,-0.293
Namibia,NAM,1973,-1.286
Namibia,NAM,1974,-0.871
Namibia,NAM,1975,-0.628
Namibia,NAM,1976,-5.568
Namibia,NAM,1977,-4.196
Namibia,NAM,1978,-24.098
Namibia,NAM,1979,-5.004
Namibia,NAM,1980,-15.326
Namibia,NAM,1981,-19.044
Namibia,NAM,1982,-0.88
Namibia,NAM,1983,-0.464
Namibia,NAM,1984,-0.25
Namibia,NAM,1985,1.905
Namibia,NAM,1986,3.495
Namibia,NAM,1987,3.904
Namibia,NAM,1988,9.024
Namibia,NAM,1989,58.243
Namibia,NAM,1990,2.899
Namibia,NAM,1991,0.218
Namibia,NAM,1992,1.702
Namibia,NAM,1993,3.622
Namibia,NAM,1994,3.584
Namibia,NAM,1995,3.565
Namibia,NAM,1996,3.564
Namibia,NAM,1997,3.565
Namibia,NAM,1998,3.567
Namibia,NAM,1999,3.565
Namibia,NAM,2000,3.139
Namibia,NAM,2001,1.545
Namibia,NAM,2002,-1.012
Namibia,NAM,2003,-3.209
Namibia,NAM,2004,-3.703
Namibia,NAM,2005,-4.167
Namibia,NAM,2006,-4.414
Namibia,NAM,2007,-4.411
Namibia,NAM,2008,-4.287
Namibia,NAM,2009,-4.152
Namibia,NAM,2010,-4.037
Namibia,NAM,2011,-1.895
Namibia,NAM,2012,4.993
Namibia,NAM,2013,4.772
Namibia,NAM,2014,4.816
Namibia,NAM,2015,5.372
Namibia,NAM,2016,5.74
Namibia,NAM,2017,6.414
Namibia,NAM,2018,6.953
Namibia,NAM,2019,7.424
Namibia,NAM,2020,9.915
Namibia,NAM,2021,11.146
Namibia,NAM,2022,7.687
Namibia,NAM,2023,3.94
Nauru,NRU,1950,12.915
Nauru,NRU,1951,11.964
Nauru,NRU,1952,13.028
Nauru,NRU,1953,13.534
Nauru,NRU,1954,13.758
Nauru,NRU,1955,14.159
Nauru,NRU,1956,15.916
Nauru,NRU,1957,17.076
Nauru,NRU,1958,17.221
Nauru,NRU,1959,17.29
Nauru,NRU,1960,16.495
Nauru,NRU,1961,25.139
Nauru,NRU,1962,31.736
Nauru,NRU,1963,34.631
Nauru,NRU,1964,36.812
Nauru,NRU,1965,37.383
Nauru,NRU,1966,-5.295
Nauru,NRU,1967,-4.564
Nauru,NRU,1968,28.38
Nauru,NRU,1969,19.997
Nauru,NRU,1970,0
Nauru,NRU,1971,0
Nauru,NRU,1972,0
Nauru,NRU,1973,0
Nauru,NRU,1974,0
Nauru,NRU,1975,0
Nauru,NRU,1976,0
Nauru,NRU,1977,4.467
Nauru,NRU,1978,5.481
Nauru,NRU,1979,6.428
Nauru,NRU,1980,5.753
Nauru,NRU,1981,5.613
Nauru,NRU,1982,3.732
Nauru,NRU,1983,-0.609
Nauru,NRU,1984,-0.239
Nauru,NRU,1985,0.936
Nauru,NRU,1986,2.402
Nauru,NRU,1987,3.018
Nauru,NRU,1988,3.164
Nauru,NRU,1989,2.556
Nauru,NRU,1990,2.079
Nauru,NRU,1991,0.044
Nauru,NRU,1992,-12.033
Nauru,NRU,1993,-19.204
Nauru,NRU,1994,-19.334
Nauru,NRU,1995,-19.775
Nauru,NRU,1996,-20.033
Nauru,NRU,1997,-20.496
Nauru,NRU,1998,-21.279
Nauru,NRU,1999,-22.283
Nauru,NRU,2000,-23.211
Nauru,NRU,2001,-24.875
Nauru,NRU,2002,-24.466
Nauru,NRU,2003,-19.783
Nauru,NRU,2004,-20.875
Nauru,NRU,2005,-21.594
Nauru,NRU,2006,-22.325
Nauru,NRU,2007,-23.453
Nauru,NRU,2008,-24.277
Nauru,NRU,2009,-24.86
Nauru,NRU,2010,-24.495
Nauru,NRU,2011,-20.356
Nauru,NRU,2012,-3.701
Nauru,NRU,2013,-5.039
Nauru,NRU,2014,-6.423
Nauru,NRU,2015,-7.851
Nauru,NRU,2016,-9.417
Nauru,NRU,2017,-10.155
Nauru,NRU,2018,-11.414
Nauru,NRU,2019,-14.729
Nauru,NRU,2020,-18.347
Nauru,NRU,2021,-11.701
Nauru,NRU,2022,-12.202
Nauru,NRU,2023,-12.463
Nepal,NPL,1950,0.46
Nepal,NPL,1951,0
Nepal,NPL,1952,-0.637
Nepal,NPL,1953,-1.486
Nepal,NPL,1954,-1.58
Nepal,NPL,1955,-1.778
Nepal,NPL,1956,-1.904
Nepal,NPL,1957,-2.053
Nepal,NPL,1958,-2.771
Nepal,NPL,1959,-1.706
Nepal,NPL,1960,-1.306
Nepal,NPL,1961,-1.027
Nepal,NPL,1962,-0.879
Nepal,NPL,1963,-0.774
Nepal,NPL,1964,-0.556
Nepal,NPL,1965,-0.139
Nepal,NPL,1966,-0.29
Nepal,NPL,1967,0.03
Nepal,NPL,1968,-0.063
Nepal,NPL,1969,-0.043
Nepal,NPL,1970,0.149
Nepal,NPL,1971,-0.573
Nepal,NPL,1972,-0.162
Nepal,NPL,1973,-0.081
Nepal,NPL,1974,-0.321
Nepal,NPL,1975,-0.482
Nepal,NPL,1976,-1.066
Nepal,NPL,1977,0.145
Nepal,NPL,1978,0.023
Nepal,NPL,1979,0.006
Nepal,NPL,1980,0.327
Nepal,NPL,1981,-0.305
Nepal,NPL,1982,-0.239
Nepal,NPL,1983,0.078
Nepal,NPL,1984,-1.13
Nepal,NPL,1985,-1.725
Nepal,NPL,1986,-2.631
Nepal,NPL,1987,-3.969
Nepal,NPL,1988,-3.447
Nepal,NPL,1989,-2.089
Nepal,NPL,1990,-0.033
Nepal,NPL,1991,0.851
Nepal,NPL,1992,4.081
Nepal,NPL,1993,-1.784
Nepal,NPL,1994,-1.262
Nepal,NPL,1995,-3.876
Nepal,NPL,1996,-4.059
Nepal,NPL,1997,-4.24
Nepal,NPL,1998,-4.578
Nepal,NPL,1999,-5.08
Nepal,NPL,2000,-5.996
Nepal,NPL,2001,-5.972
Nepal,NPL,2002,-6.069
Nepal,NPL,2003,-6.552
Nepal,NPL,2004,-7.585
Nepal,NPL,2005,-8.021
Nepal,NPL,2006,-9.089
Nepal,NPL,2007,-9.427
Nepal,NPL,2008,-9.69
Nepal,NPL,2009,-9.794
Nepal,NPL,2010,-9.874
Nepal,NPL,2011,-12.655
Nepal,NPL,2012,-13.499
Nepal,NPL,2013,-13.522
Nepal,NPL,2014,-11.208
Nepal,NPL,2015,-7.945
Nepal,NPL,2016,-12.225
Nepal,NPL,2017,-13.166
Nepal,NPL,2018,-10.511
Nepal,NPL,2019,6.412
Nepal,NPL,2020,5.597
Nepal,NPL,2021,4.411
Nepal,NPL,2022,-12.765
Nepal,NPL,2023,-13.8
Netherlands,NLD,1950,1.908
Netherlands,NLD,1951,-2.354
Netherlands,NLD,1952,-4.763
Netherlands,NLD,1953,-3.147
Netherlands,NLD,1954,-1.844
Netherlands,NLD,1955,-0.564
Netherlands,NLD,1956,-1.055
Netherlands,NLD,1957,-1.095
Netherlands,NLD,1958,2.689
Netherlands,NLD,1959,-1.466
Netherlands,NLD,1960,-1.152
Netherlands,NLD,1961,0.71
Netherlands,NLD,1962,1.526
Netherlands,NLD,1963,-0.002
Netherlands,NLD,1964,1.238
Netherlands,NLD,1965,1.581
Netherlands,NLD,1966,1.664
Netherlands,NLD,1967,-0.847
Netherlands,NLD,1968,0.568
Netherlands,NLD,1969,1.695
Netherlands,NLD,1970,2.485
Netherlands,NLD,1971,2.48
Netherlands,NLD,1972,1.309
Netherlands,NLD,1973,1.39
Netherlands,NLD,1974,2.334
Netherlands,NLD,1975,5.012
Netherlands,NLD,1976,1.362
Netherlands,NLD,1977,1.428
Netherlands,NLD,1978,1.909
Netherlands,NLD,1979,3.044
Netherlands,NLD,1980,3.814
Netherlands,NLD,1981,1.237
Netherlands,NLD,1982,0.533
Netherlands,NLD,1983,0.765
Netherlands,NLD,1984,0.892
Netherlands,NLD,1985,1.882
Netherlands,NLD,1986,2.077
Netherlands,NLD,1987,2.687
Netherlands,NLD,1988,2.093
Netherlands,NLD,1989,2.089
Netherlands,NLD,1990,3.564
Netherlands,NLD,1991,3.409
Netherlands,NLD,1992,3.283
Netherlands,NLD,1993,2.892
Netherlands,NLD,1994,1.304
Netherlands,NLD,1995,0.967
Netherlands,NLD,1996,1.393
Netherlands,NLD,1997,1.991
Netherlands,NLD,1998,3.289
Netherlands,NLD,1999,2.96
Netherlands,NLD,2000,3.693
Netherlands,NLD,2001,3.466
Netherlands,NLD,2002,1.77
Netherlands,NLD,2003,0.485
Netherlands,NLD,2004,-0.562
Netherlands,NLD,2005,-1.366
Netherlands,NLD,2006,-1.54
Netherlands,NLD,2007,-0.018
Netherlands,NLD,2008,1.952
Netherlands,NLD,2009,2.387
Netherlands,NLD,2010,2.01
Netherlands,NLD,2011,1.853
Netherlands,NLD,2012,0.879
Netherlands,NLD,2013,1.177
Netherlands,NLD,2014,2.149
Netherlands,NLD,2015,3.249
Netherlands,NLD,2016,5.158
Netherlands,NLD,2017,4.986
Netherlands,NLD,2018,5.005
Netherlands,NLD,2019,6.215
Netherlands,NLD,2020,3.833
Netherlands,NLD,2021,6.002
Netherlands,NLD,2022,12.537
Netherlands,NLD,2023,7.99
New Caledonia,NCL,1950,0
New Caledonia,NCL,1951,0
New Caledonia,NCL,1952,0
New Caledonia,NCL,1953,0
New Caledonia,NCL,1954,0
New Caledonia,NCL,1955,0
New Caledonia,NCL,1956,4.277
New Caledonia,NCL,1957,10.392
New Caledonia,NCL,1958,10.369
New Caledonia,NCL,1959,10.368
New Caledonia,NCL,1960,10.323
New Caledonia,NCL,1961,10.264
New Caledonia,NCL,1962,10.137
New Caledonia,NCL,1963,5.838
New Caledonia,NCL,1964,4.282
New Caledonia,NCL,1965,4.38
New Caledonia,NCL,1966,4.571
New Caledonia,NCL,1967,4.514
New Caledonia,NCL,1968,4.308
New Caledonia,NCL,1969,13.019
New Caledonia,NCL,1970,20.734
New Caledonia,NCL,1971,20.478
New Caledonia,NCL,1972,20.137
New Caledonia,NCL,1973,20.321
New Caledonia,NCL,1974,20.837
New Caledonia,NCL,1975,20.646
New Caledonia,NCL,1976,-0.063
New Caledonia,NCL,1977,-9.336
New Caledonia,NCL,1978,-9.113
New Caledonia,NCL,1979,-9.161
New Caledonia,NCL,1980,-9.445
New Caledonia,NCL,1981,-9.826
New Caledonia,NCL,1982,-10.078
New Caledonia,NCL,1983,-3.426
New Caledonia,NCL,1984,-1.225
New Caledonia,NCL,1985,-1.435
New Caledonia,NCL,1986,-1.59
New Caledonia,NCL,1987,-1.648
New Caledonia,NCL,1988,-1.668
New Caledonia,NCL,1989,5.182
New Caledonia,NCL,1990,7.367
New Caledonia,NCL,1991,7.212
New Caledonia,NCL,1992,7.137
New Caledonia,NCL,1993,7.058
New Caledonia,NCL,1994,7.065
New Caledonia,NCL,1995,7.077
New Caledonia,NCL,1996,5.204
New Caledonia,NCL,1997,4.486
New Caledonia,NCL,1998,4.583
New Caledonia,NCL,1999,4.704
New Caledonia,NCL,2000,4.796
New Caledonia,NCL,2001,4.866
New Caledonia,NCL,2002,4.909
New Caledonia,NCL,2003,4.956
New Caledonia,NCL,2004,3.226
New Caledonia,NCL,2005,-0.18
New Caledonia,NCL,2006,0.214
New Caledonia,NCL,2007,0.191
New Caledonia,NCL,2008,0.162
New Caledonia,NCL,2009,3.192
New Caledonia,NCL,2010,7.478
New Caledonia,NCL,2011,7.552
New Caledonia,NCL,2012,7.632
New Caledonia,NCL,2013,7.94
New Caledonia,NCL,2014,2.244
New Caledonia,NCL,2015,-8.935
New Caledonia,NCL,2016,-9.191
New Caledonia,NCL,2017,-9.219
New Caledonia,NCL,2018,-9.346
New Caledonia,NCL,2019,-8.233
New Caledonia,NCL,2020,-4.156
New Caledonia,NCL,2021,-4.141
New Caledonia,NCL,2022,1.689
New Caledonia,NCL,2023,1.673
New Zealand,NZL,1950,3.191
New Zealand,NZL,1951,5.92
New Zealand,NZL,1952,8.996
New Zealand,NZL,1953,7.997
New Zealand,NZL,1954,4.893
New Zealand,NZL,1955,3.63
New Zealand,NZL,1956,4.198
New Zealand,NZL,1957,6.298
New Zealand,NZL,1958,5.091
New Zealand,NZL,1959,2.167
New Zealand,NZL,1960,1.616
New Zealand,NZL,1961,4.399
New Zealand,NZL,1962,5.111
New Zealand,NZL,1963,4.029
New Zealand,NZL,1964,3.788
New Zealand,NZL,1965,3.507
New Zealand,NZL,1966,3.415
New Zealand,NZL,1967,-0.84
New Zealand,NZL,1968,-4.303
New Zealand,NZL,1969,-1.872
New Zealand,NZL,1970,1.598
New Zealand,NZL,1971,2.632
New Zealand,NZL,1972,6.09
New Zealand,NZL,1973,9.487
New Zealand,NZL,1974,9.069
New Zealand,NZL,1975,4.265
New Zealand,NZL,1976,-2.923
New Zealand,NZL,1977,-7.228
New Zealand,NZL,1978,-9.16
New Zealand,NZL,1979,-8.497
New Zealand,NZL,1980,-4.902
New Zealand,NZL,1981,-2.407
New Zealand,NZL,1982,2.506
New Zealand,NZL,1983,3.561
New Zealand,NZL,1984,-0.277
New Zealand,NZL,1985,-4.119
New Zealand,NZL,1986,-3.119
New Zealand,NZL,1987,-2.313
New Zealand,NZL,1988,-5.128
New Zealand,NZL,1989,-2.645
New Zealand,NZL,1990,20.734
New Zealand,NZL,1991,8.95
New Zealand,NZL,1992,1.829
New Zealand,NZL,1993,3.536
New Zealand,NZL,1994,5.639
New Zealand,NZL,1995,7.278
New Zealand,NZL,1996,6.749
New Zealand,NZL,1997,3.188
New Zealand,NZL,1998,-0.364
New Zealand,NZL,1999,-1.99
New Zealand,NZL,2000,-1.712
New Zealand,NZL,2001,4.572
New Zealand,NZL,2002,12.198
New Zealand,NZL,2003,10.554
New Zealand,NZL,2004,6.004
New Zealand,NZL,2005,4.646
New Zealand,NZL,2006,3.477
New Zealand,NZL,2007,0.723
New Zealand,NZL,2008,1.127
New Zealand,NZL,2009,2.951
New Zealand,NZL,2010,1.546
New Zealand,NZL,2011,-0.501
New Zealand,NZL,2012,-0.23
New Zealand,NZL,2013,5.924
New Zealand,NZL,2014,12.818
New Zealand,NZL,2015,15.36
New Zealand,NZL,2016,16.016
New Zealand,NZL,2017,14.202
New Zealand,NZL,2018,12.067
New Zealand,NZL,2019,13.984
New Zealand,NZL,2020,8.309
New Zealand,NZL,2021,-2.926
New Zealand,NZL,2022,4.171
New Zealand,NZL,2023,4.138
Nicaragua,NIC,1950,-1.649
Nicaragua,NIC,1951,-1.594
Nicaragua,NIC,1952,-1.544
Nicaragua,NIC,1953,-1.5
Nicaragua,NIC,1954,-1.463
Nicaragua,NIC,1955,-1.428
Nicaragua,NIC,1956,-1.391
Nicaragua,NIC,1957,-1.354
Nicaragua,NIC,1958,-1.325
Nicaragua,NIC,1959,-1.326
Nicaragua,NIC,1960,-1.357
Nicaragua,NIC,1961,-1.404
Nicaragua,NIC,1962,-1.441
Nicaragua,NIC,1963,-1.477
Nicaragua,NIC,1964,-1.514
Nicaragua,NIC,1965,-1.559
Nicaragua,NIC,1966,-1.611
Nicaragua,NIC,1967,-1.662
Nicaragua,NIC,1968,-1.748
Nicaragua,NIC,1969,-1.955
Nicaragua,NIC,1970,-2.238
Nicaragua,NIC,1971,-2.531
Nicaragua,NIC,1972,-2.805
Nicaragua,NIC,1973,-3
Nicaragua,NIC,1974,-3.162
Nicaragua,NIC,1975,-3.319
Nicaragua,NIC,1976,-3.497
Nicaragua,NIC,1977,-3.703
Nicaragua,NIC,1978,-3.984
Nicaragua,NIC,1979,-4.472
Nicaragua,NIC,1980,-4.652
Nicaragua,NIC,1981,-5.187
Nicaragua,NIC,1982,-5.64
Nicaragua,NIC,1983,-5.841
Nicaragua,NIC,1984,-6.215
Nicaragua,NIC,1985,-6.432
Nicaragua,NIC,1986,-6.538
Nicaragua,NIC,1987,-6.472
Nicaragua,NIC,1988,-6.231
Nicaragua,NIC,1989,-5.991
Nicaragua,NIC,1990,-5.833
Nicaragua,NIC,1991,-5.641
Nicaragua,NIC,1992,-5.548
Nicaragua,NIC,1993,-5.409
Nicaragua,NIC,1994,-5.445
Nicaragua,NIC,1995,-5.576
Nicaragua,NIC,1996,-7.444
Nicaragua,NIC,1997,-7.662
Nicaragua,NIC,1998,-7.834
Nicaragua,NIC,1999,-8.093
Nicaragua,NIC,2000,-8.379
Nicaragua,NIC,2001,-8.616
Nicaragua,NIC,2002,-8.72
Nicaragua,NIC,2003,-8.622
Nicaragua,NIC,2004,-8.387
Nicaragua,NIC,2005,-6.23
Nicaragua,NIC,2006,-5.956
Nicaragua,NIC,2007,-5.704
Nicaragua,NIC,2008,-5.501
Nicaragua,NIC,2009,-5.288
Nicaragua,NIC,2010,-5.069
Nicaragua,NIC,2011,-4.85
Nicaragua,NIC,2012,-4.641
Nicaragua,NIC,2013,-4.443
Nicaragua,NIC,2014,-4.215
Nicaragua,NIC,2015,-3.96
Nicaragua,NIC,2016,-3.702
Nicaragua,NIC,2017,-3.459
Nicaragua,NIC,2018,-3.241
Nicaragua,NIC,2019,-3.043
Nicaragua,NIC,2020,-1.582
Nicaragua,NIC,2021,-1.563
Nicaragua,NIC,2022,-1.188
Nicaragua,NIC,2023,-1.172
Niger,NER,1950,2.564
Niger,NER,1951,1.611
Niger,NER,1952,0.739
Niger,NER,1953,0
Niger,NER,1954,-0.621
Niger,NER,1955,-1.089
Niger,NER,1956,-1.396
Niger,NER,1957,-1.533
Niger,NER,1958,-1.487
Niger,NER,1959,-1.296
Niger,NER,1960,-1.039
Niger,NER,1961,-0.802
Niger,NER,1962,-0.638
Niger,NER,1963,-0.599
Niger,NER,1964,-0.582
Niger,NER,1965,-0.565
Niger,NER,1966,-0.55
Niger,NER,1967,-0.534
Niger,NER,1968,-0.517
Niger,NER,1969,-0.496
Niger,NER,1970,-0.478
Niger,NER,1971,-0.477
Niger,NER,1972,-0.515
Niger,NER,1973,-0.584
Niger,NER,1974,-0.614
Niger,NER,1975,-0.612
Niger,NER,1976,-0.605
Niger,NER,1977,-0.619
Niger,NER,1978,-0.604
Niger,NER,1979,-0.587
Niger,NER,1980,-0.907
Niger,NER,1981,-1.196
Niger,NER,1982,-1.372
Niger,NER,1983,-1.373
Niger,NER,1984,-1.333
Niger,NER,1985,-0.861
Niger,NER,1986,-0.372
Niger,NER,1987,-0.309
Niger,NER,1988,-0.146
Niger,NER,1989,0.076
Niger,NER,1990,0.009
Niger,NER,1991,-0.176
Niger,NER,1992,-0.256
Niger,NER,1993,-0.249
Niger,NER,1994,-0.102
Niger,NER,1995,0.396
Niger,NER,1996,-0.802
Niger,NER,1997,-1.317
Niger,NER,1998,-0.679
Niger,NER,1999,-1.083
Niger,NER,2000,-0.74
Niger,NER,2001,-0.726
Niger,NER,2002,-0.773
Niger,NER,2003,-0.691
Niger,NER,2004,-0.684
Niger,NER,2005,-0.705
Niger,NER,2006,-0.705
Niger,NER,2007,-0.68
Niger,NER,2008,-0.641
Niger,NER,2009,-0.565
Niger,NER,2010,-0.485
Niger,NER,2011,-0.404
Niger,NER,2012,1.049
Niger,NER,2013,-0.137
Niger,NER,2014,0.202
Niger,NER,2015,0.855
Niger,NER,2016,0.717
Niger,NER,2017,-0.319
Niger,NER,2018,-0.173
Niger,NER,2019,-0.688
Niger,NER,2020,-0.186
Niger,NER,2021,-0.18
Niger,NER,2022,0.039
Niger,NER,2023,0.038
Nigeria,NGA,1950,0.55
Nigeria,NGA,1951,0.464
Nigeria,NGA,1952,0.158
Nigeria,NGA,1953,-0.417
Nigeria,NGA,1954,-0.289
Nigeria,NGA,1955,-0.308
Nigeria,NGA,1956,-0.307
Nigeria,NGA,1957,-0.389
Nigeria,NGA,1958,-1.096
Nigeria,NGA,1959,-0.068
Nigeria,NGA,1960,0.269
Nigeria,NGA,1961,0.555
Nigeria,NGA,1962,0.594
Nigeria,NGA,1963,0.565
Nigeria,NGA,1964,0.539
Nigeria,NGA,1965,0.659
Nigeria,NGA,1966,0.244
Nigeria,NGA,1967,0.357
Nigeria,NGA,1968,0.18
Nigeria,NGA,1969,0.127
Nigeria,NGA,1970,0.142
Nigeria,NGA,1971,-0.623
Nigeria,NGA,1972,-0.221
Nigeria,NGA,1973,-0.01
Nigeria,NGA,1974,0.718
Nigeria,NGA,1975,1.192
Nigeria,NGA,1976,1.117
Nigeria,NGA,1977,1.92
Nigeria,NGA,1978,1.605
Nigeria,NGA,1979,1.926
Nigeria,NGA,1980,2.693
Nigeria,NGA,1981,1.403
Nigeria,NGA,1982,1.29
Nigeria,NGA,1983,-6.31
Nigeria,NGA,1984,1.378
Nigeria,NGA,1985,0.725
Nigeria,NGA,1986,0.34
Nigeria,NGA,1987,0.719
Nigeria,NGA,1988,1.016
Nigeria,NGA,1989,1.053
Nigeria,NGA,1990,1.4
Nigeria,NGA,1991,0.429
Nigeria,NGA,1992,1.352
Nigeria,NGA,1993,0.858
Nigeria,NGA,1994,1.187
Nigeria,NGA,1995,0.661
Nigeria,NGA,1996,0.742
Nigeria,NGA,1997,0.83
Nigeria,NGA,1998,1.215
Nigeria,NGA,1999,0.79
Nigeria,NGA,2000,0.59
Nigeria,NGA,2001,0.494
Nigeria,NGA,2002,0.521
Nigeria,NGA,2003,0.247
Nigeria,NGA,2004,0.329
Nigeria,NGA,2005,-0.118
Nigeria,NGA,2006,-0.081
Nigeria,NGA,2007,-0.06
Nigeria,NGA,2008,-0.087
Nigeria,NGA,2009,-0.114
Nigeria,NGA,2010,0.288
Nigeria,NGA,2011,0.396
Nigeria,NGA,2012,0.404
Nigeria,NGA,2013,0.222
Nigeria,NGA,2014,-0.104
Nigeria,NGA,2015,-0.609
Nigeria,NGA,2016,0.385
Nigeria,NGA,2017,0.393
Nigeria,NGA,2018,-0.374
Nigeria,NGA,2019,-0.476
Nigeria,NGA,2020,-0.068
Nigeria,NGA,2021,-0.394
Nigeria,NGA,2022,-0.232
Nigeria,NGA,2023,-0.254
Niue,NIU,1950,-17.567
Niue,NIU,1951,-28.842
Niue,NIU,1952,-21.939
Niue,NIU,1953,-25.997
Niue,NIU,1954,-28.295
Niue,NIU,1955,-30.679
Niue,NIU,1956,-26.981
Niue,NIU,1957,-26.288
Niue,NIU,1958,-27.705
Niue,NIU,1959,-28.922
Niue,NIU,1960,-30.67
Niue,NIU,1961,-25.157
Niue,NIU,1962,-11.571
Niue,NIU,1963,-13.716
Niue,NIU,1964,-17.558
Niue,NIU,1965,-24.418
Niue,NIU,1966,-33.219
Niue,NIU,1967,-36.843
Niue,NIU,1968,-39.724
Niue,NIU,1969,-40.686
Niue,NIU,1970,-40.708
Niue,NIU,1971,-47.241
Niue,NIU,1972,-65.182
Niue,NIU,1973,-70.957
Niue,NIU,1974,-78.041
Niue,NIU,1975,-84.407
Niue,NIU,1976,-77.347
Niue,NIU,1977,-41.596
Niue,NIU,1978,-46.58
Niue,NIU,1979,-52.293
Niue,NIU,1980,-60.006
Niue,NIU,1981,-65.125
Niue,NIU,1982,-65.211
Niue,NIU,1983,-70.774
Niue,NIU,1984,-75.28
Niue,NIU,1985,-80.503
Niue,NIU,1986,-67.198
Niue,NIU,1987,-21.884
Niue,NIU,1988,-24.03
Niue,NIU,1989,-25.865
Niue,NIU,1990,-26.978
Niue,NIU,1991,-27.33
Niue,NIU,1992,-27.755
Niue,NIU,1993,-27.363
Niue,NIU,1994,-26.929
Niue,NIU,1995,-26.487
Niue,NIU,1996,-26.043
Niue,NIU,1997,-26.997
Niue,NIU,1998,-36.866
Niue,NIU,1999,-38.38
Niue,NIU,2000,-39.57
Niue,NIU,2001,-35.22
Niue,NIU,2002,-24.196
Niue,NIU,2003,-25.157
Niue,NIU,2004,-26.217
Niue,NIU,2005,-26.82
Niue,NIU,2006,-21.14
Niue,NIU,2007,-8.969
Niue,NIU,2008,-8.991
Niue,NIU,2009,-9.004
Niue,NIU,2010,-8.215
Niue,NIU,2011,-8.54
Niue,NIU,2012,2.846
Niue,NIU,2013,2.27
Niue,NIU,2014,2.261
Niue,NIU,2015,2.811
Niue,NIU,2016,0.561
Niue,NIU,2017,-2.809
Niue,NIU,2018,3.359
Niue,NIU,2019,3.346
Niue,NIU,2020,3.892
Niue,NIU,2021,7.168
Niue,NIU,2022,0
Niue,NIU,2023,0
North Korea,PRK,1950,-17.209
North Korea,PRK,1951,-15.347
North Korea,PRK,1952,-12.666
North Korea,PRK,1953,-9.438
North Korea,PRK,1954,-6.213
North Korea,PRK,1955,-3.394
North Korea,PRK,1956,-1.296
North Korea,PRK,1957,-0.15
North Korea,PRK,1958,0
North Korea,PRK,1959,0
North Korea,PRK,1960,0
North Korea,PRK,1961,0
North Korea,PRK,1962,0
North Korea,PRK,1963,0
North Korea,PRK,1964,0
North Korea,PRK,1965,0
North Korea,PRK,1966,0
North Korea,PRK,1967,0
North Korea,PRK,1968,0
North Korea,PRK,1969,0
North Korea,PRK,1970,0
North Korea,PRK,1971,0
North Korea,PRK,1972,0
North Korea,PRK,1973,0
North Korea,PRK,1974,0
North Korea,PRK,1975,0
North Korea,PRK,1976,0
North Korea,PRK,1977,0
North Korea,PRK,1978,0
North Korea,PRK,1979,0
North Korea,PRK,1980,0
North Korea,PRK,1981,0
North Korea,PRK,1982,0
North Korea,PRK,1983,0
North Korea,PRK,1984,0
North Korea,PRK,1985,0
North Korea,PRK,1986,0
North Korea,PRK,1987,0
North Korea,PRK,1988,0
North Korea,PRK,1989,0
North Korea,PRK,1990,0
North Korea,PRK,1991,0
North Korea,PRK,1992,0
North Korea,PRK,1993,0
North Korea,PRK,1994,-0.023
North Korea,PRK,1995,-0.136
North Korea,PRK,1996,-0.153
North Korea,PRK,1997,-0.162
North Korea,PRK,1998,-0.159
North Korea,PRK,1999,-0.147
North Korea,PRK,2000,-0.133
North Korea,PRK,2001,-0.121
North Korea,PRK,2002,-0.115
North Korea,PRK,2003,-0.113
North Korea,PRK,2004,-0.114
North Korea,PRK,2005,-0.117
North Korea,PRK,2006,-0.12
North Korea,PRK,2007,-0.123
North Korea,PRK,2008,-0.123
North Korea,PRK,2009,-0.123
North Korea,PRK,2010,-0.122
North Korea,PRK,2011,-0.118
North Korea,PRK,2012,-0.116
North Korea,PRK,2013,-0.116
North Korea,PRK,2014,-0.12
North Korea,PRK,2015,-0.125
North Korea,PRK,2016,-0.125
North Korea,PRK,2017,-0.125
North Korea,PRK,2018,-0.124
North Korea,PRK,2019,-0.121
North Korea,PRK,2020,-0.061
North Korea,PRK,2021,-0.06
North Korea,PRK,2022,-0.076
North Korea,PRK,2023,-0.076
North Macedonia,MKD,1950,0
North Macedonia,MKD,1951,0
North Macedonia,MKD,1952,0
North Macedonia,MKD,1953,0
North Macedonia,MKD,1954,-8.5
North Macedonia,MKD,1955,-8.321
North Macedonia,MKD,1956,-8.348
North Macedonia,MKD,1957,-8.372
North Macedonia,MKD,1958,-8.287
North Macedonia,MKD,1959,-8.085
North Macedonia,MKD,1960,-7.056
North Macedonia,MKD,1961,-4.336
North Macedonia,MKD,1962,-9.31
North Macedonia,MKD,1963,-3.868
North Macedonia,MKD,1964,-3.93
North Macedonia,MKD,1965,-3.512
North Macedonia,MKD,1966,-2.681
North Macedonia,MKD,1967,-1.704
North Macedonia,MKD,1968,-0.746
North Macedonia,MKD,1969,0.111
North Macedonia,MKD,1970,0.036
North Macedonia,MKD,1971,-1.22
North Macedonia,MKD,1972,-1.068
North Macedonia,MKD,1973,-0.918
North Macedonia,MKD,1974,-0.777
North Macedonia,MKD,1975,-0.638
North Macedonia,MKD,1976,-0.499
North Macedonia,MKD,1977,-0.369
North Macedonia,MKD,1978,-0.246
North Macedonia,MKD,1979,-0.223
North Macedonia,MKD,1980,-0.098
North Macedonia,MKD,1981,0
North Macedonia,MKD,1982,-5.92
North Macedonia,MKD,1983,-6.468
North Macedonia,MKD,1984,-6.614
North Macedonia,MKD,1985,-6.698
North Macedonia,MKD,1986,-6.712
North Macedonia,MKD,1987,-6.7
North Macedonia,MKD,1988,-6.658
North Macedonia,MKD,1989,-6.581
North Macedonia,MKD,1990,-7.837
North Macedonia,MKD,1991,-22.123
North Macedonia,MKD,1992,-22.882
North Macedonia,MKD,1993,-23.556
North Macedonia,MKD,1994,-10.542
North Macedonia,MKD,1995,-1.803
North Macedonia,MKD,1996,-0.197
North Macedonia,MKD,1997,-0.235
North Macedonia,MKD,1998,-0.289
North Macedonia,MKD,1999,-0.616
North Macedonia,MKD,2000,-1.373
North Macedonia,MKD,2001,-0.446
North Macedonia,MKD,2002,-1.378
North Macedonia,MKD,2003,-1.384
North Macedonia,MKD,2004,-1.265
North Macedonia,MKD,2005,-1.074
North Macedonia,MKD,2006,-4.61
North Macedonia,MKD,2007,-7.543
North Macedonia,MKD,2008,-8.521
North Macedonia,MKD,2009,-7.5
North Macedonia,MKD,2010,-8.125
North Macedonia,MKD,2011,-8.758
North Macedonia,MKD,2012,-9.413
North Macedonia,MKD,2013,-10.082
North Macedonia,MKD,2014,-11.078
North Macedonia,MKD,2015,-11.619
North Macedonia,MKD,2016,-12.31
North Macedonia,MKD,2017,-12.482
North Macedonia,MKD,2018,-12.959
North Macedonia,MKD,2019,-12.755
North Macedonia,MKD,2020,-12.531
North Macedonia,MKD,2021,-2.962
North Macedonia,MKD,2022,-2.878
North Macedonia,MKD,2023,-3.055
Northern America (UN),UN_NAM,1950,0.67
Northern America (UN),UN_NAM,1951,0.71
Northern America (UN),UN_NAM,1952,0.56
Northern America (UN),UN_NAM,1953,0.66
Northern America (UN),UN_NAM,1954,0.348
Northern America (UN),UN_NAM,1955,0.626
Northern America (UN),UN_NAM,1956,0.821
Northern America (UN),UN_NAM,1957,1.027
Northern America (UN),UN_NAM,1958,0.539
Northern America (UN),UN_NAM,1959,2.324
Northern America (UN),UN_NAM,1960,2.383
Northern America (UN),UN_NAM,1961,3.048
Northern America (UN),UN_NAM,1962,3.219
Northern America (UN),UN_NAM,1963,3.311
Northern America (UN),UN_NAM,1964,3.237
Northern America (UN),UN_NAM,1965,3.517
Northern America (UN),UN_NAM,1966,3.585
Northern America (UN),UN_NAM,1967,3.249
Northern America (UN),UN_NAM,1968,3.145
Northern America (UN),UN_NAM,1969,2.73
Northern America (UN),UN_NAM,1970,4.58
Northern America (UN),UN_NAM,1971,4.49
Northern America (UN),UN_NAM,1972,3.925
Northern America (UN),UN_NAM,1973,3.823
Northern America (UN),UN_NAM,1974,3.593
Northern America (UN),UN_NAM,1975,3.278
Northern America (UN),UN_NAM,1976,3.032
Northern America (UN),UN_NAM,1977,2.617
Northern America (UN),UN_NAM,1978,2.439
Northern America (UN),UN_NAM,1979,2.34
Northern America (UN),UN_NAM,1980,2.823
Northern America (UN),UN_NAM,1981,2.708
Northern America (UN),UN_NAM,1982,2.654
Northern America (UN),UN_NAM,1983,2.777
Northern America (UN),UN_NAM,1984,2.56
Northern America (UN),UN_NAM,1985,2.496
Northern America (UN),UN_NAM,1986,2.275
Northern America (UN),UN_NAM,1987,2.39
Northern America (UN),UN_NAM,1988,2.536
Northern America (UN),UN_NAM,1989,2.368
Northern America (UN),UN_NAM,1990,4.499
Northern America (UN),UN_NAM,1991,4.692
Northern America (UN),UN_NAM,1992,5.004
Northern America (UN),UN_NAM,1993,4.668
Northern America (UN),UN_NAM,1994,4.456
Northern America (UN),UN_NAM,1995,4.414
Northern America (UN),UN_NAM,1996,4.308
Northern America (UN),UN_NAM,1997,4.153
Northern America (UN),UN_NAM,1998,4.459
Northern America (UN),UN_NAM,1999,4.246
Northern America (UN),UN_NAM,2000,4.639
Northern America (UN),UN_NAM,2001,4.861
Northern America (UN),UN_NAM,2002,4.844
Northern America (UN),UN_NAM,2003,4.712
Northern America (UN),UN_NAM,2004,4.638
Northern America (UN),UN_NAM,2005,4.792
Northern America (UN),UN_NAM,2006,4.672
Northern America (UN),UN_NAM,2007,4.729
Northern America (UN),UN_NAM,2008,4.887
Northern America (UN),UN_NAM,2009,4.77
Northern America (UN),UN_NAM,2010,5.268
Northern America (UN),UN_NAM,2011,5.306
Northern America (UN),UN_NAM,2012,5.324
Northern America (UN),UN_NAM,2013,5.352
Northern America (UN),UN_NAM,2014,5.196
Northern America (UN),UN_NAM,2015,5.373
Northern America (UN),UN_NAM,2016,6.066
Northern America (UN),UN_NAM,2017,6.061
Northern America (UN),UN_NAM,2018,5.867
Northern America (UN),UN_NAM,2019,5.755
Northern America (UN),UN_NAM,2020,1.552
Northern America (UN),UN_NAM,2021,2.307
Northern America (UN),UN_NAM,2022,4.675
Northern America (UN),UN_NAM,2023,4.587
Northern Mariana Islands,MNP,1950,-17.58
Northern Mariana Islands,MNP,1951,-17.972
Northern Mariana Islands,MNP,1952,-17.739
Northern Mariana Islands,MNP,1953,-16.664
Northern Mariana Islands,MNP,1954,-14.53
Northern Mariana Islands,MNP,1955,-11.388
Northern Mariana Islands,MNP,1956,-7.983
Northern Mariana Islands,MNP,1957,-4.089
Northern Mariana Islands,MNP,1958,-1.449
Northern Mariana Islands,MNP,1959,-0.706
Northern Mariana Islands,MNP,1960,1.946
Northern Mariana Islands,MNP,1961,4.113
Northern Mariana Islands,MNP,1962,5.819
Northern Mariana Islands,MNP,1963,7.295
Northern Mariana Islands,MNP,1964,8.06
Northern Mariana Islands,MNP,1965,8.379
Northern Mariana Islands,MNP,1966,7.727
Northern Mariana Islands,MNP,1967,-34.144
Northern Mariana Islands,MNP,1968,-86.836
Northern Mariana Islands,MNP,1969,-87.2
Northern Mariana Islands,MNP,1970,47.198
Northern Mariana Islands,MNP,1971,85.533
Northern Mariana Islands,MNP,1972,75.337
Northern Mariana Islands,MNP,1973,45.964
Northern Mariana Islands,MNP,1974,-5.254
Northern Mariana Islands,MNP,1975,-8.165
Northern Mariana Islands,MNP,1976,-9.522
Northern Mariana Islands,MNP,1977,-9.185
Northern Mariana Islands,MNP,1978,-7.378
Northern Mariana Islands,MNP,1979,-4.124
Northern Mariana Islands,MNP,1980,84.934
Northern Mariana Islands,MNP,1981,104.361
Northern Mariana Islands,MNP,1982,94.183
Northern Mariana Islands,MNP,1983,85.661
Northern Mariana Islands,MNP,1984,78.261
Northern Mariana Islands,MNP,1985,71.453
Northern Mariana Islands,MNP,1986,63.705
Northern Mariana Islands,MNP,1987,55.098
Northern Mariana Islands,MNP,1988,51.196
Northern Mariana Islands,MNP,1989,47.865
Northern Mariana Islands,MNP,1990,6.137
Northern Mariana Islands,MNP,1991,-11.083
Northern Mariana Islands,MNP,1992,-13.435
Northern Mariana Islands,MNP,1993,-14.385
Northern Mariana Islands,MNP,1994,-10.443
Northern Mariana Islands,MNP,1995,16.855
Northern Mariana Islands,MNP,1996,73.511
Northern Mariana Islands,MNP,1997,63.432
Northern Mariana Islands,MNP,1998,59.393
Northern Mariana Islands,MNP,1999,51.186
Northern Mariana Islands,MNP,2000,-13.898
Northern Mariana Islands,MNP,2001,-36.994
Northern Mariana Islands,MNP,2002,-37.812
Northern Mariana Islands,MNP,2003,-41.791
Northern Mariana Islands,MNP,2004,-44.433
Northern Mariana Islands,MNP,2005,-46.717
Northern Mariana Islands,MNP,2006,-50.229
Northern Mariana Islands,MNP,2007,-51.747
Northern Mariana Islands,MNP,2008,-51.829
Northern Mariana Islands,MNP,2009,-50.989
Northern Mariana Islands,MNP,2010,-29.339
Northern Mariana Islands,MNP,2011,-24.418
Northern Mariana Islands,MNP,2012,-26.6
Northern Mariana Islands,MNP,2013,-29.323
Northern Mariana Islands,MNP,2014,-29.706
Northern Mariana Islands,MNP,2015,-29.701
Northern Mariana Islands,MNP,2016,-29.878
Northern Mariana Islands,MNP,2017,-30.365
Northern Mariana Islands,MNP,2018,-31.114
Northern Mariana Islands,MNP,2019,-32.226
Northern Mariana Islands,MNP,2020,-15.885
Northern Mariana Islands,MNP,2021,-29.226
Northern Mariana Islands,MNP,2022,-29.255
Northern Mariana Islands,MNP,2023,-29.263
Norway,NOR,1950,-0.888
Norway,NOR,1951,-0.583
Norway,NOR,1952,-0.441
Norway,NOR,1953,-0.169
Norway,NOR,1954,-0.082
Norway,NOR,1955,0.382
Norway,NOR,1956,-1.258
Norway,NOR,1957,0.062
Norway,NOR,1958,-0.308
Norway,NOR,1959,-0.237
Norway,NOR,1960,-0.398
Norway,NOR,1961,0.398
Norway,NOR,1962,0.18
Norway,NOR,1963,0.289
Norway,NOR,1964,-0.425
Norway,NOR,1965,-0.41
Norway,NOR,1966,-0.237
Norway,NOR,1967,0.65
Norway,NOR,1968,0.461
Norway,NOR,1969,0.58
Norway,NOR,1970,-0.267
Norway,NOR,1971,0.777
Norway,NOR,1972,1.425
Norway,NOR,1973,0.862
Norway,NOR,1974,1.11
Norway,NOR,1975,0.826
Norway,NOR,1976,1.187
Norway,NOR,1977,1.198
Norway,NOR,1978,0.942
Norway,NOR,1979,0.697
Norway,NOR,1980,0.921
Norway,NOR,1981,1.466
Norway,NOR,1982,1.397
Norway,NOR,1983,0.998
Norway,NOR,1984,0.931
Norway,NOR,1985,1.62
Norway,NOR,1986,1.828
Norway,NOR,1987,3.322
Norway,NOR,1988,2.466
Norway,NOR,1989,-0.409
Norway,NOR,1990,0.429
Norway,NOR,1991,1.865
Norway,NOR,1992,2.384
Norway,NOR,1993,2.915
Norway,NOR,1994,1.748
Norway,NOR,1995,1.455
Norway,NOR,1996,1.294
Norway,NOR,1997,2.212
Norway,NOR,1998,3.051
Norway,NOR,1999,4.291
Norway,NOR,2000,2.183
Norway,NOR,2001,1.752
Norway,NOR,2002,3.808
Norway,NOR,2003,2.495
Norway,NOR,2004,2.921
Norway,NOR,2005,4.021
Norway,NOR,2006,5.161
Norway,NOR,2007,8.518
Norway,NOR,2008,9.228
Norway,NOR,2009,8.142
Norway,NOR,2010,8.767
Norway,NOR,2011,9.581
Norway,NOR,2012,9.541
Norway,NOR,2013,8.01
Norway,NOR,2014,7.498
Norway,NOR,2015,5.827
Norway,NOR,2016,5.045
Norway,NOR,2017,4.104
Norway,NOR,2018,3.478
Norway,NOR,2019,4.807
Norway,NOR,2020,2.096
Norway,NOR,2021,3.662
Norway,NOR,2022,10.636
Norway,NOR,2023,9.749
Oceania (UN),UN_OCE,1950,11.325
Oceania (UN),UN_OCE,1951,9.369
Oceania (UN),UN_OCE,1952,6.581
Oceania (UN),UN_OCE,1953,4.62
Oceania (UN),UN_OCE,1954,5.507
Oceania (UN),UN_OCE,1955,6.861
Oceania (UN),UN_OCE,1956,6.802
Oceania (UN),UN_OCE,1957,5.621
Oceania (UN),UN_OCE,1958,5.102
Oceania (UN),UN_OCE,1959,5.094
Oceania (UN),UN_OCE,1960,5.209
Oceania (UN),UN_OCE,1961,3.703
Oceania (UN),UN_OCE,1962,3.293
Oceania (UN),UN_OCE,1963,3.817
Oceania (UN),UN_OCE,1964,4.623
Oceania (UN),UN_OCE,1965,5.978
Oceania (UN),UN_OCE,1966,5.357
Oceania (UN),UN_OCE,1967,2.674
Oceania (UN),UN_OCE,1968,3.207
Oceania (UN),UN_OCE,1969,3.982
Oceania (UN),UN_OCE,1970,12.024
Oceania (UN),UN_OCE,1971,10.198
Oceania (UN),UN_OCE,1972,2.1
Oceania (UN),UN_OCE,1973,2.848
Oceania (UN),UN_OCE,1974,2.455
Oceania (UN),UN_OCE,1975,0.266
Oceania (UN),UN_OCE,1976,-0.502
Oceania (UN),UN_OCE,1977,-0.628
Oceania (UN),UN_OCE,1978,-0.851
Oceania (UN),UN_OCE,1979,-0.471
Oceania (UN),UN_OCE,1980,1.728
Oceania (UN),UN_OCE,1981,3.489
Oceania (UN),UN_OCE,1982,3.613
Oceania (UN),UN_OCE,1983,2.081
Oceania (UN),UN_OCE,1984,1.777
Oceania (UN),UN_OCE,1985,2.006
Oceania (UN),UN_OCE,1986,2.603
Oceania (UN),UN_OCE,1987,3.412
Oceania (UN),UN_OCE,1988,3.533
Oceania (UN),UN_OCE,1989,3.662
Oceania (UN),UN_OCE,1990,5.622
Oceania (UN),UN_OCE,1991,3.761
Oceania (UN),UN_OCE,1992,2.168
Oceania (UN),UN_OCE,1993,1.769
Oceania (UN),UN_OCE,1994,3.023
Oceania (UN),UN_OCE,1995,4.225
Oceania (UN),UN_OCE,1996,4.41
Oceania (UN),UN_OCE,1997,3.576
Oceania (UN),UN_OCE,1998,3.517
Oceania (UN),UN_OCE,1999,3.582
Oceania (UN),UN_OCE,2000,3.897
Oceania (UN),UN_OCE,2001,4.738
Oceania (UN),UN_OCE,2002,5.353
Oceania (UN),UN_OCE,2003,4.968
Oceania (UN),UN_OCE,2004,4.513
Oceania (UN),UN_OCE,2005,4.902
Oceania (UN),UN_OCE,2006,6.451
Oceania (UN),UN_OCE,2007,7.653
Oceania (UN),UN_OCE,2008,8.178
Oceania (UN),UN_OCE,2009,7.221
Oceania (UN),UN_OCE,2010,5.4
Oceania (UN),UN_OCE,2011,5.637
Oceania (UN),UN_OCE,2012,6.477
Oceania (UN),UN_OCE,2013,6.496
Oceania (UN),UN_OCE,2014,6.68
Oceania (UN),UN_OCE,2015,7.062
Oceania (UN),UN_OCE,2016,8.032
Oceania (UN),UN_OCE,2017,7.701
Oceania (UN),UN_OCE,2018,6.608
Oceania (UN),UN_OCE,2019,6.094
Oceania (UN),UN_OCE,2020,1.824
Oceania (UN),UN_OCE,2021,2.079
Oceania (UN),UN_OCE,2022,3.242
Oceania (UN),UN_OCE,2023,3.201
Oman,OMN,1950,-4.398
Oman,OMN,1951,-4.344
Oman,OMN,1952,-4.287
Oman,OMN,1953,-4.23
Oman,OMN,1954,-4.172
Oman,OMN,1955,-4.112
Oman,OMN,1956,-4.051
Oman,OMN,1957,-3.988
Oman,OMN,1958,-3.923
Oman,OMN,1959,-3.856
Oman,OMN,1960,-5.648
Oman,OMN,1961,-5.55
Oman,OMN,1962,-5.448
Oman,OMN,1963,-5.342
Oman,OMN,1964,-5.232
Oman,OMN,1965,-5.119
Oman,OMN,1966,-5.003
Oman,OMN,1967,-4.885
Oman,OMN,1968,-4.765
Oman,OMN,1969,-4.643
Oman,OMN,1970,-4.521
Oman,OMN,1971,-4.399
Oman,OMN,1972,-4.276
Oman,OMN,1973,-4.154
Oman,OMN,1974,6.533
Oman,OMN,1975,7.231
Oman,OMN,1976,10.187
Oman,OMN,1977,12.339
Oman,OMN,1978,13.269
Oman,OMN,1979,13.182
Oman,OMN,1980,12.61
Oman,OMN,1981,13.467
Oman,OMN,1982,13.742
Oman,OMN,1983,13.218
Oman,OMN,1984,12.016
Oman,OMN,1985,25.399
Oman,OMN,1986,22.845
Oman,OMN,1987,21.058
Oman,OMN,1988,19.801
Oman,OMN,1989,18.809
Oman,OMN,1990,17.983
Oman,OMN,1991,17.244
Oman,OMN,1992,16.384
Oman,OMN,1993,13.456
Oman,OMN,1994,-6.084
Oman,OMN,1995,-6.328
Oman,OMN,1996,-7.087
Oman,OMN,1997,-7.759
Oman,OMN,1998,-7.931
Oman,OMN,1999,-8.094
Oman,OMN,2000,-8.145
Oman,OMN,2001,-8.269
Oman,OMN,2002,-8.599
Oman,OMN,2003,-8.15
Oman,OMN,2004,3.906
Oman,OMN,2005,4.159
Oman,OMN,2006,4.415
Oman,OMN,2007,4.466
Oman,OMN,2008,3.76
Oman,OMN,2009,2.692
Oman,OMN,2010,10.414
Oman,OMN,2011,160.106
Oman,OMN,2012,91.007
Oman,OMN,2013,29.561
Oman,OMN,2014,18.878
Oman,OMN,2015,31.982
Oman,OMN,2016,26.769
Oman,OMN,2017,2.59
Oman,OMN,2018,-11.447
Oman,OMN,2019,-25.588
Oman,OMN,2020,-37.951
Oman,OMN,2021,-3.717
Oman,OMN,2022,71.68
Oman,OMN,2023,30.952
Pakistan,PAK,1950,1.395
Pakistan,PAK,1951,1.367
Pakistan,PAK,1952,1.338
Pakistan,PAK,1953,1.308
Pakistan,PAK,1954,1.278
Pakistan,PAK,1955,1.247
Pakistan,PAK,1956,1.216
Pakistan,PAK,1957,1.185
Pakistan,PAK,1958,1.155
Pakistan,PAK,1959,1.124
Pakistan,PAK,1960,0
Pakistan,PAK,1961,-1.428
Pakistan,PAK,1962,-1.366
Pakistan,PAK,1963,-1.305
Pakistan,PAK,1964,-1.246
Pakistan,PAK,1965,-1.189
Pakistan,PAK,1966,-1.137
Pakistan,PAK,1967,-1.085
Pakistan,PAK,1968,-1.034
Pakistan,PAK,1969,-0.982
Pakistan,PAK,1970,-0.969
Pakistan,PAK,1971,-1.105
Pakistan,PAK,1972,-1.088
Pakistan,PAK,1973,-0.886
Pakistan,PAK,1974,-0.516
Pakistan,PAK,1975,-0.025
Pakistan,PAK,1976,0.674
Pakistan,PAK,1977,1.154
Pakistan,PAK,1978,1.46
Pakistan,PAK,1979,5.696
Pakistan,PAK,1980,13.103
Pakistan,PAK,1981,6.469
Pakistan,PAK,1982,3.303
Pakistan,PAK,1983,-0.052
Pakistan,PAK,1984,-3.355
Pakistan,PAK,1985,0.701
Pakistan,PAK,1986,1.093
Pakistan,PAK,1987,1.392
Pakistan,PAK,1988,0.351
Pakistan,PAK,1989,-0.153
Pakistan,PAK,1990,2.37
Pakistan,PAK,1991,-0.164
Pakistan,PAK,1992,-5.815
Pakistan,PAK,1993,-1.098
Pakistan,PAK,1994,-2.119
Pakistan,PAK,1995,0.086
Pakistan,PAK,1996,-0.439
Pakistan,PAK,1997,-0.39
Pakistan,PAK,1998,-0.766
Pakistan,PAK,1999,-0.893
Pakistan,PAK,2000,1.633
Pakistan,PAK,2001,-0.344
Pakistan,PAK,2002,-4.005
Pakistan,PAK,2003,-1.311
Pakistan,PAK,2004,-0.378
Pakistan,PAK,2005,-1.082
Pakistan,PAK,2006,-1.024
Pakistan,PAK,2007,3.124
Pakistan,PAK,2008,-0.743
Pakistan,PAK,2009,-0.094
Pakistan,PAK,2010,-2.168
Pakistan,PAK,2011,-4.371
Pakistan,PAK,2012,-7.936
Pakistan,PAK,2013,-9.032
Pakistan,PAK,2014,-9.511
Pakistan,PAK,2015,-9.997
Pakistan,PAK,2016,-10.404
Pakistan,PAK,2017,-7.052
Pakistan,PAK,2018,-5.771
Pakistan,PAK,2019,-5.101
Pakistan,PAK,2020,-2.38
Pakistan,PAK,2021,-2.362
Pakistan,PAK,2022,-5.427
Pakistan,PAK,2023,-6.544
Palau,PLW,1950,-3.345
Palau,PLW,1951,-3.006
Palau,PLW,1952,-2.815
Palau,PLW,1953,-2.999
Palau,PLW,1954,-3.532
Palau,PLW,1955,-5.347
Palau,PLW,1956,-9.077
Palau,PLW,1957,-14.862
Palau,PLW,1958,-12.581
Palau,PLW,1959,-7.032
Palau,PLW,1960,-7.505
Palau,PLW,1961,-6.803
Palau,PLW,1962,-5.514
Palau,PLW,1963,-4.085
Palau,PLW,1964,-2.623
Palau,PLW,1965,-1.517
Palau,PLW,1966,-1.666
Palau,PLW,1967,-13.651
Palau,PLW,1968,-17.509
Palau,PLW,1969,-18.729
Palau,PLW,1970,4.75
Palau,PLW,1971,13.266
Palau,PLW,1972,12.055
Palau,PLW,1973,1.753
Palau,PLW,1974,-22.228
Palau,PLW,1975,-23.39
Palau,PLW,1976,-23.495
Palau,PLW,1977,-23.312
Palau,PLW,1978,-22.911
Palau,PLW,1979,-23.588
Palau,PLW,1980,-14.587
Palau,PLW,1981,9.676
Palau,PLW,1982,10.398
Palau,PLW,1983,11.072
Palau,PLW,1984,11.772
Palau,PLW,1985,13.077
Palau,PLW,1986,9.627
Palau,PLW,1987,8.721
Palau,PLW,1988,8.604
Palau,PLW,1989,7.561
Palau,PLW,1990,10.223
Palau,PLW,1991,12.36
Palau,PLW,1992,12.071
Palau,PLW,1993,11.788
Palau,PLW,1994,12.582
Palau,PLW,1995,15.004
Palau,PLW,1996,17.673
Palau,PLW,1997,16.402
Palau,PLW,1998,15.115
Palau,PLW,1999,12.856
Palau,PLW,2000,6.257
Palau,PLW,2001,3.359
Palau,PLW,2002,3.435
Palau,PLW,2003,3.612
Palau,PLW,2004,3.986
Palau,PLW,2005,-12.614
Palau,PLW,2006,-18.629
Palau,PLW,2007,-19.273
Palau,PLW,2008,-19.886
Palau,PLW,2009,-20.417
Palau,PLW,2010,-21.308
Palau,PLW,2011,-22.404
Palau,PLW,2012,-21.784
Palau,PLW,2013,-1.587
Palau,PLW,2014,-0.395
Palau,PLW,2015,-0.619
Palau,PLW,2016,-1.967
Palau,PLW,2017,-1.853
Palau,PLW,2018,-1.965
Palau,PLW,2019,-2.585
Palau,PLW,2020,0
Palau,PLW,2021,-1.181
Palau,PLW,2022,-1.126
Palau,PLW,2023,-1.072
Palestine,PSE,1950,-18.929
Palestine,PSE,1951,-18.425
Palestine,PSE,1952,-17.987
Palestine,PSE,1953,-17.599
Palestine,PSE,1954,-17.273
Palestine,PSE,1955,-16.991
Palestine,PSE,1956,-16.762
Palestine,PSE,1957,-16.558
Palestine,PSE,1958,-16.396
Palestine,PSE,1959,-16.363
Palestine,PSE,1960,-16.459
Palestine,PSE,1961,-16.705
Palestine,PSE,1962,-17.101
Palestine,PSE,1963,-18.821
Palestine,PSE,1964,-27.287
Palestine,PSE,1965,-31.743
Palestine,PSE,1966,-41.678
Palestine,PSE,1967,-48.656
Palestine,PSE,1968,-48.998
Palestine,PSE,1969,-40.955
Palestine,PSE,1970,-28.134
Palestine,PSE,1971,-15.197
Palestine,PSE,1972,-6.738
Palestine,PSE,1973,-5.603
Palestine,PSE,1974,-6.986
Palestine,PSE,1975,-9.064
Palestine,PSE,1976,-11.026
Palestine,PSE,1977,-12.156
Palestine,PSE,1978,-11.986
Palestine,PSE,1979,-11.244
Palestine,PSE,1980,-10.256
Palestine,PSE,1981,-9.184
Palestine,PSE,1982,-6.277
Palestine,PSE,1983,0.423
Palestine,PSE,1984,5.394
Palestine,PSE,1985,-18.129
Palestine,PSE,1986,-11.776
Palestine,PSE,1987,27.016
Palestine,PSE,1988,-1.521
Palestine,PSE,1989,-1.472
Palestine,PSE,1990,-0.223
Palestine,PSE,1991,0.949
Palestine,PSE,1992,1.897
Palestine,PSE,1993,2.464
Palestine,PSE,1994,2.939
Palestine,PSE,1995,3.324
Palestine,PSE,1996,3.571
Palestine,PSE,1997,3.643
Palestine,PSE,1998,-4.437
Palestine,PSE,1999,-4.535
Palestine,PSE,2000,-3.647
Palestine,PSE,2001,-7.912
Palestine,PSE,2002,-10.546
Palestine,PSE,2003,-10.585
Palestine,PSE,2004,-9.454
Palestine,PSE,2005,-7.916
Palestine,PSE,2006,-6.432
Palestine,PSE,2007,-5.443
Palestine,PSE,2008,-6.264
Palestine,PSE,2009,-6.607
Palestine,PSE,2010,-6.56
Palestine,PSE,2011,-6.478
Palestine,PSE,2012,-6.385
Palestine,PSE,2013,-6.252
Palestine,PSE,2014,-6.132
Palestine,PSE,2015,-5.065
Palestine,PSE,2016,-4.916
Palestine,PSE,2017,-5.367
Palestine,PSE,2018,-5.183
Palestine,PSE,2019,-4.989
Palestine,PSE,2020,-2.44
Palestine,PSE,2021,-2.385
Palestine,PSE,2022,-0.944
Palestine,PSE,2023,-4.621
Panama,PAN,1950,-3.648
Panama,PAN,1951,-3.401
Panama,PAN,1952,-3.179
Panama,PAN,1953,-2.97
Panama,PAN,1954,-2.789
Panama,PAN,1955,-2.629
Panama,PAN,1956,-2.489
Panama,PAN,1957,-2.375
Panama,PAN,1958,-2.291
Panama,PAN,1959,-2.212
Panama,PAN,1960,-2.139
Panama,PAN,1961,-2.064
Panama,PAN,1962,-1.989
Panama,PAN,1963,-1.932
Panama,PAN,1964,-1.904
Panama,PAN,1965,-1.875
Panama,PAN,1966,-1.854
Panama,PAN,1967,-1.821
Panama,PAN,1968,-1.769
Panama,PAN,1969,-1.706
Panama,PAN,1970,-1.636
Panama,PAN,1971,-1.577
Panama,PAN,1972,-1.53
Panama,PAN,1973,-1.499
Panama,PAN,1974,-1.499
Panama,PAN,1975,-1.521
Panama,PAN,1976,-1.535
Panama,PAN,1977,-1.533
Panama,PAN,1978,-1.506
Panama,PAN,1979,-1.45
Panama,PAN,1980,-1.38
Panama,PAN,1981,-1.307
Panama,PAN,1982,-1.244
Panama,PAN,1983,-1.198
Panama,PAN,1984,-1.132
Panama,PAN,1985,-1.044
Panama,PAN,1986,-0.949
Panama,PAN,1987,-0.848
Panama,PAN,1988,-0.744
Panama,PAN,1989,-0.569
Panama,PAN,1990,-0.348
Panama,PAN,1991,-0.122
Panama,PAN,1992,0.071
Panama,PAN,1993,0.214
Panama,PAN,1994,0.337
Panama,PAN,1995,0.448
Panama,PAN,1996,0.551
Panama,PAN,1997,0.642
Panama,PAN,1998,0.72
Panama,PAN,1999,0.793
Panama,PAN,2000,0.864
Panama,PAN,2001,0.93
Panama,PAN,2002,0.99
Panama,PAN,2003,1.051
Panama,PAN,2004,1.106
Panama,PAN,2005,1.16
Panama,PAN,2006,1.211
Panama,PAN,2007,1.26
Panama,PAN,2008,1.305
Panama,PAN,2009,1.337
Panama,PAN,2010,1.365
Panama,PAN,2011,1.399
Panama,PAN,2012,1.449
Panama,PAN,2013,1.549
Panama,PAN,2014,1.825
Panama,PAN,2015,2.184
Panama,PAN,2016,2.509
Panama,PAN,2017,2.698
Panama,PAN,2018,2.67
Panama,PAN,2019,2.509
Panama,PAN,2020,1.275
Panama,PAN,2021,1.259
Panama,PAN,2022,1.81
Panama,PAN,2023,1.629
Papua New Guinea,PNG,1950,-3.139
Papua New Guinea,PNG,1951,-2.444
Papua New Guinea,PNG,1952,-1.807
Papua New Guinea,PNG,1953,-1.239
Papua New Guinea,PNG,1954,-0.764
Papua New Guinea,PNG,1955,-0.348
Papua New Guinea,PNG,1956,0
Papua New Guinea,PNG,1957,-0.248
Papua New Guinea,PNG,1958,-0.411
Papua New Guinea,PNG,1959,-0.741
Papua New Guinea,PNG,1960,-1.019
Papua New Guinea,PNG,1961,-5.087
Papua New Guinea,PNG,1962,-5.798
Papua New Guinea,PNG,1963,-7.093
Papua New Guinea,PNG,1964,-8.102
Papua New Guinea,PNG,1965,-8.289
Papua New Guinea,PNG,1966,-7.636
Papua New Guinea,PNG,1967,-8.456
Papua New Guinea,PNG,1968,-8.026
Papua New Guinea,PNG,1969,-7.762
Papua New Guinea,PNG,1970,-7.492
Papua New Guinea,PNG,1971,-7.382
Papua New Guinea,PNG,1972,-7.724
Papua New Guinea,PNG,1973,-8.103
Papua New Guinea,PNG,1974,-8.272
Papua New Guinea,PNG,1975,-8.371
Papua New Guinea,PNG,1976,-8.41
Papua New Guinea,PNG,1977,-8.408
Papua New Guinea,PNG,1978,-8.392
Papua New Guinea,PNG,1979,-8.352
Papua New Guinea,PNG,1980,-8.187
Papua New Guinea,PNG,1981,-7.94
Papua New Guinea,PNG,1982,-7.767
Papua New Guinea,PNG,1983,-7.639
Papua New Guinea,PNG,1984,-7.485
Papua New Guinea,PNG,1985,-7.321
Papua New Guinea,PNG,1986,-7.172
Papua New Guinea,PNG,1987,-7.08
Papua New Guinea,PNG,1988,-7.067
Papua New Guinea,PNG,1989,-5.222
Papua New Guinea,PNG,1990,0.615
Papua New Guinea,PNG,1991,6.671
Papua New Guinea,PNG,1992,8.789
Papua New Guinea,PNG,1993,8.845
Papua New Guinea,PNG,1994,8.854
Papua New Guinea,PNG,1995,8.82
Papua New Guinea,PNG,1996,8.724
Papua New Guinea,PNG,1997,8.578
Papua New Guinea,PNG,1998,8.341
Papua New Guinea,PNG,1999,7.948
Papua New Guinea,PNG,2000,7.559
Papua New Guinea,PNG,2001,7.325
Papua New Guinea,PNG,2002,7.201
Papua New Guinea,PNG,2003,7.126
Papua New Guinea,PNG,2004,7.081
Papua New Guinea,PNG,2005,7.04
Papua New Guinea,PNG,2006,6.994
Papua New Guinea,PNG,2007,6.922
Papua New Guinea,PNG,2008,6.82
Papua New Guinea,PNG,2009,6.703
Papua New Guinea,PNG,2010,6.564
Papua New Guinea,PNG,2011,5.177
Papua New Guinea,PNG,2012,4.689
Papua New Guinea,PNG,2013,4.249
Papua New Guinea,PNG,2014,3.853
Papua New Guinea,PNG,2015,3.498
Papua New Guinea,PNG,2016,3.177
Papua New Guinea,PNG,2017,2.889
Papua New Guinea,PNG,2018,2.627
Papua New Guinea,PNG,2019,2.391
Papua New Guinea,PNG,2020,1.09
Papua New Guinea,PNG,2021,1.069
Papua New Guinea,PNG,2022,-0.077
Papua New Guinea,PNG,2023,-0.076
Paraguay,PRY,1950,-10.839
Paraguay,PRY,1951,-10.493
Paraguay,PRY,1952,-10.152
Paraguay,PRY,1953,-9.815
Paraguay,PRY,1954,-9.65
Paraguay,PRY,1955,-9.604
Paraguay,PRY,1956,-9.479
Paraguay,PRY,1957,-9.317
Paraguay,PRY,1958,-9.161
Paraguay,PRY,1959,-9.047
Paraguay,PRY,1960,-8.925
Paraguay,PRY,1961,-8.806
Paraguay,PRY,1962,-8.198
Paraguay,PRY,1963,-6.967
Paraguay,PRY,1964,-6.712
Paraguay,PRY,1965,-6.454
Paraguay,PRY,1966,-6.217
Paraguay,PRY,1967,-5.985
Paraguay,PRY,1968,-5.754
Paraguay,PRY,1969,-5.507
Paraguay,PRY,1970,-5.268
Paraguay,PRY,1971,-4.277
Paraguay,PRY,1972,-3.057
Paraguay,PRY,1973,-1.697
Paraguay,PRY,1974,-1.325
Paraguay,PRY,1975,-1.414
Paraguay,PRY,1976,-1.474
Paraguay,PRY,1977,-1.486
Paraguay,PRY,1978,-1.402
Paraguay,PRY,1979,-1.2
Paraguay,PRY,1980,-0.92
Paraguay,PRY,1981,-0.789
Paraguay,PRY,1982,-0.845
Paraguay,PRY,1983,-0.857
Paraguay,PRY,1984,-1.104
Paraguay,PRY,1985,-1.015
Paraguay,PRY,1986,-0.958
Paraguay,PRY,1987,-0.927
Paraguay,PRY,1988,-0.931
Paraguay,PRY,1989,-1.021
Paraguay,PRY,1990,-1.161
Paraguay,PRY,1991,-1.308
Paraguay,PRY,1992,-1.419
Paraguay,PRY,1993,-1.474
Paraguay,PRY,1994,-1.565
Paraguay,PRY,1995,-1.671
Paraguay,PRY,1996,-1.765
Paraguay,PRY,1997,-1.815
Paraguay,PRY,1998,-1.893
Paraguay,PRY,1999,-2.271
Paraguay,PRY,2000,-3.114
Paraguay,PRY,2001,-5.335
Paraguay,PRY,2002,-7.017
Paraguay,PRY,2003,-7.499
Paraguay,PRY,2004,-7.592
Paraguay,PRY,2005,-7.741
Paraguay,PRY,2006,-8.096
Paraguay,PRY,2007,-8.259
Paraguay,PRY,2008,-7.959
Paraguay,PRY,2009,-7.073
Paraguay,PRY,2010,-4.561
Paraguay,PRY,2011,-3.513
Paraguay,PRY,2012,-3.012
Paraguay,PRY,2013,-2.88
Paraguay,PRY,2014,-2.799
Paraguay,PRY,2015,-2.733
Paraguay,PRY,2016,-2.678
Paraguay,PRY,2017,-2.624
Paraguay,PRY,2018,-2.563
Paraguay,PRY,2019,-2.496
Paraguay,PRY,2020,-1.246
Paraguay,PRY,2021,-1.231
Paraguay,PRY,2022,-1.849
Paraguay,PRY,2023,-1.826
Peru,PER,1950,-0.013
Peru,PER,1951,-0.057
Peru,PER,1952,-0.237
Peru,PER,1953,-0.693
Peru,PER,1954,-0.686
Peru,PER,1955,-0.711
Peru,PER,1956,-0.719
Peru,PER,1957,-0.81
Peru,PER,1958,-0.805
Peru,PER,1959,-0.76
Peru,PER,1960,-0.711
Peru,PER,1961,-0.674
Peru,PER,1962,-0.839
Peru,PER,1963,-0.904
Peru,PER,1964,-1.061
Peru,PER,1965,-1.06
Peru,PER,1966,-1.088
Peru,PER,1967,-1.111
Peru,PER,1968,-1.046
Peru,PER,1969,-0.97
Peru,PER,1970,-1.159
Peru,PER,1971,-1.46
Peru,PER,1972,-1.696
Peru,PER,1973,-1.933
Peru,PER,1974,-2.239
Peru,PER,1975,-2.242
Peru,PER,1976,-2.202
Peru,PER,1977,-1.559
Peru,PER,1978,-1.207
Peru,PER,1979,-1.013
Peru,PER,1980,-0.659
Peru,PER,1981,-0.625
Peru,PER,1982,-0.425
Peru,PER,1983,-0.227
Peru,PER,1984,-0.313
Peru,PER,1985,-0.707
Peru,PER,1986,-1.685
Peru,PER,1987,-1.684
Peru,PER,1988,-1.484
Peru,PER,1989,-1.559
Peru,PER,1990,-1.337
Peru,PER,1991,-2.742
Peru,PER,1992,-1.817
Peru,PER,1993,-2.211
Peru,PER,1994,-1.646
Peru,PER,1995,-1.91
Peru,PER,1996,-1.562
Peru,PER,1997,-1.287
Peru,PER,1998,-0.948
Peru,PER,1999,-2.113
Peru,PER,2000,-3.472
Peru,PER,2001,-4.802
Peru,PER,2002,-5.759
Peru,PER,2003,-6.573
Peru,PER,2004,-6.971
Peru,PER,2005,-7.888
Peru,PER,2006,-8.186
Peru,PER,2007,-8.298
Peru,PER,2008,-8.193
Peru,PER,2009,-7.59
Peru,PER,2010,-6.233
Peru,PER,2011,-5.062
Peru,PER,2012,-4.022
Peru,PER,2013,-3.193
Peru,PER,2014,-1.673
Peru,PER,2015,0.079
Peru,PER,2016,3.134
Peru,PER,2017,3.652
Peru,PER,2018,10.63
Peru,PER,2019,2.289
Peru,PER,2020,1.686
Peru,PER,2021,1.263
Peru,PER,2022,1.015
Peru,PER,2023,0.732
Philippines,PHL,1950,4.335
Philippines,PHL,1951,4.569
Philippines,PHL,1952,4.68
Philippines,PHL,1953,4.648
Philippines,PHL,1954,4.893
Philippines,PHL,1955,4.93
Philippines,PHL,1956,4.885
Philippines,PHL,1957,4.636
Philippines,PHL,1958,3.927
Philippines,PHL,1959,3.707
Philippines,PHL,1960,-5.57
Philippines,PHL,1961,-4.987
Philippines,PHL,1962,-5.077
Philippines,PHL,1963,-5.062
Philippines,PHL,1964,-4.941
Philippines,PHL,1965,-4.806
Philippines,PHL,1966,-4.823
Philippines,PHL,1967,-4.414
Philippines,PHL,1968,-4.266
Philippines,PHL,1969,-4.406
Philippines,PHL,1970,-7.999
Philippines,PHL,1971,-8.187
Philippines,PHL,1972,-8.158
Philippines,PHL,1973,-7.944
Philippines,PHL,1974,-8.371
Philippines,PHL,1975,-5.23
Philippines,PHL,1976,-2.679
Philippines,PHL,1977,-2.786
Philippines,PHL,1978,-3.08
Philippines,PHL,1979,-3.305
Philippines,PHL,1980,-3.743
Philippines,PHL,1981,-2.727
Philippines,PHL,1982,-0.393
Philippines,PHL,1983,-0.196
Philippines,PHL,1984,-0.907
Philippines,PHL,1985,-3.107
Philippines,PHL,1986,-3.704
Philippines,PHL,1987,-1.172
Philippines,PHL,1988,-2.469
Philippines,PHL,1989,-3.85
Philippines,PHL,1990,-1.007
Philippines,PHL,1991,-6.419
Philippines,PHL,1992,-0.764
Philippines,PHL,1993,-4.418
Philippines,PHL,1994,-4.731
Philippines,PHL,1995,-3.974
Philippines,PHL,1996,-1.777
Philippines,PHL,1997,-1.966
Philippines,PHL,1998,2.352
Philippines,PHL,1999,-0.236
Philippines,PHL,2000,-0.425
Philippines,PHL,2001,-3.04
Philippines,PHL,2002,-3.232
Philippines,PHL,2003,-2.928
Philippines,PHL,2004,-3.169
Philippines,PHL,2005,-3.705
Philippines,PHL,2006,-6.331
Philippines,PHL,2007,-2.481
Philippines,PHL,2008,-5.377
Philippines,PHL,2009,-1.742
Philippines,PHL,2010,0.141
Philippines,PHL,2011,-2.443
Philippines,PHL,2012,0.955
Philippines,PHL,2013,-2.14
Philippines,PHL,2014,-1.894
Philippines,PHL,2015,-3.71
Philippines,PHL,2016,-2.897
Philippines,PHL,2017,-2.438
Philippines,PHL,2018,-1.495
Philippines,PHL,2019,-0.056
Philippines,PHL,2020,-0.419
Philippines,PHL,2021,-0.753
Philippines,PHL,2022,-1.946
Philippines,PHL,2023,-1.43
Poland,POL,1950,-0.747
Poland,POL,1951,-0.79
Poland,POL,1952,-0.87
Poland,POL,1953,-0.995
Poland,POL,1954,-1.005
Poland,POL,1955,-1.041
Poland,POL,1956,-1.076
Poland,POL,1957,3.48
Poland,POL,1958,0.632
Poland,POL,1959,-0.831
Poland,POL,1960,-0.213
Poland,POL,1961,-0.669
Poland,POL,1962,-1.023
Poland,POL,1963,-0.449
Poland,POL,1964,-0.751
Poland,POL,1965,-0.692
Poland,POL,1966,-0.544
Poland,POL,1967,-0.801
Poland,POL,1968,-0.371
Poland,POL,1969,-0.827
Poland,POL,1970,-2.055
Poland,POL,1971,-0.969
Poland,POL,1972,-0.454
Poland,POL,1973,-0.88
Poland,POL,1974,-0.543
Poland,POL,1975,-0.923
Poland,POL,1976,-0.75
Poland,POL,1977,-0.967
Poland,POL,1978,-1.802
Poland,POL,1979,-0.629
Poland,POL,1980,-1.192
Poland,POL,1981,-0.45
Poland,POL,1982,-0.965
Poland,POL,1983,-0.731
Poland,POL,1984,-0.499
Poland,POL,1985,-0.733
Poland,POL,1986,-0.601
Poland,POL,1987,-0.858
Poland,POL,1988,-2.688
Poland,POL,1989,-1.297
Poland,POL,1990,-1.323
Poland,POL,1991,-1.451
Poland,POL,1992,-1.226
Poland,POL,1993,-1.274
Poland,POL,1994,-1.091
Poland,POL,1995,-1.381
Poland,POL,1996,-1.182
Poland,POL,1997,-1.153
Poland,POL,1998,-1.031
Poland,POL,1999,-1.385
Poland,POL,2000,-0.416
Poland,POL,2001,-0.435
Poland,POL,2002,-0.431
Poland,POL,2003,-0.498
Poland,POL,2004,-1.001
Poland,POL,2005,-1.1
Poland,POL,2006,-1.809
Poland,POL,2007,-1.348
Poland,POL,2008,-1.113
Poland,POL,2009,-0.218
Poland,POL,2010,3.14
Poland,POL,2011,1.203
Poland,POL,2012,0.121
Poland,POL,2013,0.324
Poland,POL,2014,0.144
Poland,POL,2015,0.102
Poland,POL,2016,-0.148
Poland,POL,2017,-0.563
Poland,POL,2018,-0.006
Poland,POL,2019,0.201
Poland,POL,2020,0.103
Poland,POL,2021,0.059
Poland,POL,2022,25.211
Poland,POL,2023,-0.202
Portugal,PRT,1950,-4.32
Portugal,PRT,1951,-6.789
Portugal,PRT,1952,-6.843
Portugal,PRT,1953,-6.985
Portugal,PRT,1954,-7.07
Portugal,PRT,1955,-7.105
Portugal,PRT,1956,-7.44
Portugal,PRT,1957,-7.49
Portugal,PRT,1958,-7.804
Portugal,PRT,1959,-8.507
Portugal,PRT,1960,-10.806
Portugal,PRT,1961,-12.687
Portugal,PRT,1962,-12.809
Portugal,PRT,1963,-13.134
Portugal,PRT,1964,-13.351
Portugal,PRT,1965,-13.933
Portugal,PRT,1966,-14.566
Portugal,PRT,1967,-15.401
Portugal,PRT,1968,-16.482
Portugal,PRT,1969,-18.404
Portugal,PRT,1970,-22.131
Portugal,PRT,1971,5.635
Portugal,PRT,1972,4.431
Portugal,PRT,1973,4.446
Portugal,PRT,1974,4.554
Portugal,PRT,1975,4.603
Portugal,PRT,1976,4.349
Portugal,PRT,1977,4.003
Portugal,PRT,1978,3.594
Portugal,PRT,1979,3.356
Portugal,PRT,1980,3.06
Portugal,PRT,1981,-0.807
Portugal,PRT,1982,-1.518
Portugal,PRT,1983,-1.669
Portugal,PRT,1984,-1.673
Portugal,PRT,1985,-1.922
Portugal,PRT,1986,-2.001
Portugal,PRT,1987,-2.314
Portugal,PRT,1988,-2.658
Portugal,PRT,1989,-3.061
Portugal,PRT,1990,-3.489
Portugal,PRT,1991,-3.803
Portugal,PRT,1992,-1.189
Portugal,PRT,1993,0.858
Portugal,PRT,1994,2.076
Portugal,PRT,1995,2.689
Portugal,PRT,1996,3.242
Portugal,PRT,1997,3.652
Portugal,PRT,1998,4.029
Portugal,PRT,1999,4.853
Portugal,PRT,2000,5.892
Portugal,PRT,2001,5.366
Portugal,PRT,2002,4.05
Portugal,PRT,2003,2.367
Portugal,PRT,2004,1.329
Portugal,PRT,2005,1.479
Portugal,PRT,2006,1.592
Portugal,PRT,2007,1.997
Portugal,PRT,2008,0.897
Portugal,PRT,2009,1.374
Portugal,PRT,2010,-0.532
Portugal,PRT,2011,-2.985
Portugal,PRT,2012,-3.527
Portugal,PRT,2013,-3.475
Portugal,PRT,2014,-2.541
Portugal,PRT,2015,-0.309
Portugal,PRT,2016,-0.075
Portugal,PRT,2017,1.353
Portugal,PRT,2018,2.179
Portugal,PRT,2019,6.094
Portugal,PRT,2020,5.214
Portugal,PRT,2021,6.699
Portugal,PRT,2022,6.595
Portugal,PRT,2023,2.79
Puerto Rico,PRI,1950,-20.181
Puerto Rico,PRI,1951,-19.919
Puerto Rico,PRI,1952,-20.284
Puerto Rico,PRI,1953,-20.841
Puerto Rico,PRI,1954,-21.55
Puerto Rico,PRI,1955,-21.919
Puerto Rico,PRI,1956,-22.349
Puerto Rico,PRI,1957,-22.348
Puerto Rico,PRI,1958,-22.581
Puerto Rico,PRI,1959,-21.444
Puerto Rico,PRI,1960,-11.137
Puerto Rico,PRI,1961,-7.608
Puerto Rico,PRI,1962,-8.266
Puerto Rico,PRI,1963,-8.538
Puerto Rico,PRI,1964,-8.801
Puerto Rico,PRI,1965,-9.41
Puerto Rico,PRI,1966,-7.434
Puerto Rico,PRI,1967,-6.758
Puerto Rico,PRI,1968,-6.064
Puerto Rico,PRI,1969,-6.693
Puerto Rico,PRI,1970,-2.355
Puerto Rico,PRI,1971,-1.77
Puerto Rico,PRI,1972,-0.511
Puerto Rico,PRI,1973,-0.319
Puerto Rico,PRI,1974,-0.512
Puerto Rico,PRI,1975,-0.246
Puerto Rico,PRI,1976,-0.824
Puerto Rico,PRI,1977,-1.281
Puerto Rico,PRI,1978,-1.072
Puerto Rico,PRI,1979,0.215
Puerto Rico,PRI,1980,-1.585
Puerto Rico,PRI,1981,-2.27
Puerto Rico,PRI,1982,-2.24
Puerto Rico,PRI,1983,-2.175
Puerto Rico,PRI,1984,-1.803
Puerto Rico,PRI,1985,-2.395
Puerto Rico,PRI,1986,-3.495
Puerto Rico,PRI,1987,-3.235
Puerto Rico,PRI,1988,-3.045
Puerto Rico,PRI,1989,-3.54
Puerto Rico,PRI,1990,-1.939
Puerto Rico,PRI,1991,-1.359
Puerto Rico,PRI,1992,-1.164
Puerto Rico,PRI,1993,-1.707
Puerto Rico,PRI,1994,-1.742
Puerto Rico,PRI,1995,-1.605
Puerto Rico,PRI,1996,-1.763
Puerto Rico,PRI,1997,-2.154
Puerto Rico,PRI,1998,-1.222
Puerto Rico,PRI,1999,-1.214
Puerto Rico,PRI,2000,-5.09
Puerto Rico,PRI,2001,-6.532
Puerto Rico,PRI,2002,-6.631
Puerto Rico,PRI,2003,-6.555
Puerto Rico,PRI,2004,-7.027
Puerto Rico,PRI,2005,-7.164
Puerto Rico,PRI,2006,-7.282
Puerto Rico,PRI,2007,-6.58
Puerto Rico,PRI,2008,-5.797
Puerto Rico,PRI,2009,-5.047
Puerto Rico,PRI,2010,-8.334
Puerto Rico,PRI,2011,-10.464
Puerto Rico,PRI,2012,-11.274
Puerto Rico,PRI,2013,-11.822
Puerto Rico,PRI,2014,-11.761
Puerto Rico,PRI,2015,-12.185
Puerto Rico,PRI,2016,-11.863
Puerto Rico,PRI,2017,-44.485
Puerto Rico,PRI,2018,3.132
Puerto Rico,PRI,2019,3.231
Puerto Rico,PRI,2020,-2.262
Puerto Rico,PRI,2021,-2.278
Puerto Rico,PRI,2022,5.154
Puerto Rico,PRI,2023,6.117
Qatar,QAT,1950,0
Qatar,QAT,1951,0
Qatar,QAT,1952,0
Qatar,QAT,1953,0
Qatar,QAT,1954,0
Qatar,QAT,1955,0.911
Qatar,QAT,1956,2.337
Qatar,QAT,1957,5.875
Qatar,QAT,1958,12.262
Qatar,QAT,1959,23.295
Qatar,QAT,1960,44.043
Qatar,QAT,1961,80.292
Qatar,QAT,1962,84.539
Qatar,QAT,1963,85.013
Qatar,QAT,1964,82.402
Qatar,QAT,1965,79.341
Qatar,QAT,1966,81.449
Qatar,QAT,1967,81.496
Qatar,QAT,1968,79.194
Qatar,QAT,1969,75.612
Qatar,QAT,1970,90.924
Qatar,QAT,1971,81.038
Qatar,QAT,1972,72.782
Qatar,QAT,1973,65.75
Qatar,QAT,1974,59.782
Qatar,QAT,1975,54.633
Qatar,QAT,1976,50.198
Qatar,QAT,1977,46.363
Qatar,QAT,1978,43.15
Qatar,QAT,1979,40.461
Qatar,QAT,1980,38.2
Qatar,QAT,1981,36.259
Qatar,QAT,1982,34.134
Qatar,QAT,1983,31.731
Qatar,QAT,1984,29.071
Qatar,QAT,1985,26.772
Qatar,QAT,1986,17.028
Qatar,QAT,1987,13.614
Qatar,QAT,1988,12.445
Qatar,QAT,1989,11.853
Qatar,QAT,1990,11.85
Qatar,QAT,1991,12.228
Qatar,QAT,1992,12.073
Qatar,QAT,1993,11.702
Qatar,QAT,1994,11.332
Qatar,QAT,1995,10.954
Qatar,QAT,1996,10.429
Qatar,QAT,1997,35.508
Qatar,QAT,1998,38.96
Qatar,QAT,1999,37.249
Qatar,QAT,2000,35.301
Qatar,QAT,2001,33.125
Qatar,QAT,2002,31.434
Qatar,QAT,2003,29.857
Qatar,QAT,2004,16.204
Qatar,QAT,2005,83.587
Qatar,QAT,2006,209.94
Qatar,QAT,2007,203.296
Qatar,QAT,2008,116.033
Qatar,QAT,2009,77.688
Qatar,QAT,2010,53.018
Qatar,QAT,2011,42.645
Qatar,QAT,2012,40.423
Qatar,QAT,2013,65.688
Qatar,QAT,2014,87.772
Qatar,QAT,2015,73.112
Qatar,QAT,2016,46.059
Qatar,QAT,2017,17.26
Qatar,QAT,2018,4.514
Qatar,QAT,2019,3.773
Qatar,QAT,2020,-17.99
Qatar,QAT,2021,8.704
Qatar,QAT,2022,27.66
Qatar,QAT,2023,13.425
Reunion,REU,1950,6.942
Reunion,REU,1951,4.592
Reunion,REU,1952,6.436
Reunion,REU,1953,4.28
Reunion,REU,1954,8.622
Reunion,REU,1955,4.446
Reunion,REU,1956,5.139
Reunion,REU,1957,6.397
Reunion,REU,1958,6.569
Reunion,REU,1959,6.715
Reunion,REU,1960,6.275
Reunion,REU,1961,3.488
Reunion,REU,1962,-0.905
Reunion,REU,1963,-1.273
Reunion,REU,1964,-0.778
Reunion,REU,1965,-3.964
Reunion,REU,1966,-4.206
Reunion,REU,1967,-5.271
Reunion,REU,1968,-5.622
Reunion,REU,1969,-5.38
Reunion,REU,1970,-3.757
Reunion,REU,1971,-3.762
Reunion,REU,1972,-4.103
Reunion,REU,1973,-4.603
Reunion,REU,1974,-5.27
Reunion,REU,1975,-5.055
Reunion,REU,1976,-4.882
Reunion,REU,1977,-4.816
Reunion,REU,1978,-4.741
Reunion,REU,1979,-4.61
Reunion,REU,1980,-4.453
Reunion,REU,1981,-3.831
Reunion,REU,1982,-0.535
Reunion,REU,1983,0.87
Reunion,REU,1984,1.208
Reunion,REU,1985,1.4
Reunion,REU,1986,1.471
Reunion,REU,1987,1.461
Reunion,REU,1988,1.367
Reunion,REU,1989,1.479
Reunion,REU,1990,2.489
Reunion,REU,1991,2.987
Reunion,REU,1992,3.121
Reunion,REU,1993,3.197
Reunion,REU,1994,3.208
Reunion,REU,1995,3.185
Reunion,REU,1996,3.105
Reunion,REU,1997,3.014
Reunion,REU,1998,2.4
Reunion,REU,1999,-1.076
Reunion,REU,2000,-2.294
Reunion,REU,2001,-2.326
Reunion,REU,2002,-2.236
Reunion,REU,2003,-2.134
Reunion,REU,2004,-10.007
Reunion,REU,2005,-10.859
Reunion,REU,2006,-1.69
Reunion,REU,2007,3.445
Reunion,REU,2008,-2.715
Reunion,REU,2009,-5.277
Reunion,REU,2010,-5.408
Reunion,REU,2011,-12.611
Reunion,REU,2012,-15.097
Reunion,REU,2013,-2.334
Reunion,REU,2014,5.569
Reunion,REU,2015,-12.625
Reunion,REU,2016,-13.466
Reunion,REU,2017,-16.561
Reunion,REU,2018,-6.567
Reunion,REU,2019,-9.811
Reunion,REU,2020,2.637
Reunion,REU,2021,-3.365
Reunion,REU,2022,-3.942
Reunion,REU,2023,-4.143
Romania,ROU,1950,0.504
Romania,ROU,1951,-0.124
Romania,ROU,1952,-1.051
Romania,ROU,1953,-1.748
Romania,ROU,1954,-2.058
Romania,ROU,1955,-2.352
Romania,ROU,1956,-0.681
Romania,ROU,1957,-2.949
Romania,ROU,1958,-2.993
Romania,ROU,1959,-3.006
Romania,ROU,1960,-3.025
Romania,ROU,1961,-2.966
Romania,ROU,1962,-3.033
Romania,ROU,1963,-3.124
Romania,ROU,1964,-3.189
Romania,ROU,1965,-3.229
Romania,ROU,1966,-1.356
Romania,ROU,1967,1.962
Romania,ROU,1968,1.736
Romania,ROU,1969,3.799
Romania,ROU,1970,3.594
Romania,ROU,1971,3.67
Romania,ROU,1972,3.012
Romania,ROU,1973,2.82
Romania,ROU,1974,0.32
Romania,ROU,1975,0.429
Romania,ROU,1976,0.872
Romania,ROU,1977,-1.297
Romania,ROU,1978,-1.437
Romania,ROU,1979,-1.344
Romania,ROU,1980,-0.752
Romania,ROU,1981,-0.937
Romania,ROU,1982,-0.211
Romania,ROU,1983,0.138
Romania,ROU,1984,-1.093
Romania,ROU,1985,-1.243
Romania,ROU,1986,-2.225
Romania,ROU,1987,-1.885
Romania,ROU,1988,-2.144
Romania,ROU,1989,-1.48
Romania,ROU,1990,-1.663
Romania,ROU,1991,-1.605
Romania,ROU,1992,-2.758
Romania,ROU,1993,-3.217
Romania,ROU,1994,-3.351
Romania,ROU,1995,-3.256
Romania,ROU,1996,-3.141
Romania,ROU,1997,-3.959
Romania,ROU,1998,-3.651
Romania,ROU,1999,-3.726
Romania,ROU,2000,-4.194
Romania,ROU,2001,-4.159
Romania,ROU,2002,-4.896
Romania,ROU,2003,-4.962
Romania,ROU,2004,-5.487
Romania,ROU,2005,-6.184
Romania,ROU,2006,-6.312
Romania,ROU,2007,-6.377
Romania,ROU,2008,-6.968
Romania,ROU,2009,-6.704
Romania,ROU,2010,-5.989
Romania,ROU,2011,-5.067
Romania,ROU,2012,-1.865
Romania,ROU,2013,-1.74
Romania,ROU,2014,-1.775
Romania,ROU,2015,-1.799
Romania,ROU,2016,-1.672
Romania,ROU,2017,-1.68
Romania,ROU,2018,-1.685
Romania,ROU,2019,-1.431
Romania,ROU,2020,-0.681
Romania,ROU,2021,-0.921
Romania,ROU,2022,4.647
Romania,ROU,2023,-1.453
Russia,RUS,1950,-0.675
Russia,RUS,1951,-0.808
Russia,RUS,1952,-1.205
Russia,RUS,1953,-1.267
Russia,RUS,1954,-0.587
Russia,RUS,1955,-0.863
Russia,RUS,1956,-1.634
Russia,RUS,1957,-0.587
Russia,RUS,1958,-1.27
Russia,RUS,1959,-3.408
Russia,RUS,1960,-1.959
Russia,RUS,1961,-1.68
Russia,RUS,1962,-1.441
Russia,RUS,1963,-1.355
Russia,RUS,1964,-1.183
Russia,RUS,1965,-1.09
Russia,RUS,1966,-0.873
Russia,RUS,1967,-0.904
Russia,RUS,1968,-0.645
Russia,RUS,1969,-0.498
Russia,RUS,1970,-2.029
Russia,RUS,1971,-1.03
Russia,RUS,1972,-0.844
Russia,RUS,1973,-0.812
Russia,RUS,1974,-0.388
Russia,RUS,1975,0.597
Russia,RUS,1976,0.843
Russia,RUS,1977,0.899
Russia,RUS,1978,0.795
Russia,RUS,1979,-0.042
Russia,RUS,1980,0.075
Russia,RUS,1981,0.263
Russia,RUS,1982,0.767
Russia,RUS,1983,1.416
Russia,RUS,1984,1.734
Russia,RUS,1985,1.955
Russia,RUS,1986,1.958
Russia,RUS,1987,1.886
Russia,RUS,1988,1.831
Russia,RUS,1989,0.603
Russia,RUS,1990,2.013
Russia,RUS,1991,0.84
Russia,RUS,1992,-7.585
Russia,RUS,1993,3.424
Russia,RUS,1994,8.579
Russia,RUS,1995,4.881
Russia,RUS,1996,3.965
Russia,RUS,1997,3.662
Russia,RUS,1998,3.577
Russia,RUS,1999,2.55
Russia,RUS,2000,3.751
Russia,RUS,2001,1.777
Russia,RUS,2002,9.312
Russia,RUS,2003,1.761
Russia,RUS,2004,1.801
Russia,RUS,2005,1.823
Russia,RUS,2006,2.14
Russia,RUS,2007,2.542
Russia,RUS,2008,2.509
Russia,RUS,2009,2.434
Russia,RUS,2010,2.137
Russia,RUS,2011,2.148
Russia,RUS,2012,1.982
Russia,RUS,2013,2.005
Russia,RUS,2014,1.826
Russia,RUS,2015,2.648
Russia,RUS,2016,3.071
Russia,RUS,2017,2.713
Russia,RUS,2018,2.322
Russia,RUS,2019,2.296
Russia,RUS,2020,2.283
Russia,RUS,2021,2.154
Russia,RUS,2022,5.259
Russia,RUS,2023,0.191
Rwanda,RWA,1950,0.535
Rwanda,RWA,1951,0.445
Rwanda,RWA,1952,0.136
Rwanda,RWA,1953,-0.425
Rwanda,RWA,1954,-0.3
Rwanda,RWA,1955,-0.317
Rwanda,RWA,1956,-0.321
Rwanda,RWA,1957,-0.401
Rwanda,RWA,1958,-1.372
Rwanda,RWA,1959,-2.135
Rwanda,RWA,1960,-4.367
Rwanda,RWA,1961,-6.601
Rwanda,RWA,1962,-8.033
Rwanda,RWA,1963,-7.832
Rwanda,RWA,1964,-5.835
Rwanda,RWA,1965,-2.855
Rwanda,RWA,1966,-0.548
Rwanda,RWA,1967,1.283
Rwanda,RWA,1968,1.263
Rwanda,RWA,1969,0.773
Rwanda,RWA,1970,0.289
Rwanda,RWA,1971,-1.032
Rwanda,RWA,1972,-0.985
Rwanda,RWA,1973,-0.889
Rwanda,RWA,1974,-1.014
Rwanda,RWA,1975,-1.04
Rwanda,RWA,1976,-1.481
Rwanda,RWA,1977,-2.267
Rwanda,RWA,1978,-2.748
Rwanda,RWA,1979,-3.019
Rwanda,RWA,1980,-3.056
Rwanda,RWA,1981,-2.977
Rwanda,RWA,1982,-2.77
Rwanda,RWA,1983,-2.466
Rwanda,RWA,1984,-2.112
Rwanda,RWA,1985,-1.746
Rwanda,RWA,1986,-1.375
Rwanda,RWA,1987,-1.046
Rwanda,RWA,1988,-0.758
Rwanda,RWA,1989,-0.393
Rwanda,RWA,1990,-5.625
Rwanda,RWA,1991,-7.907
Rwanda,RWA,1992,-1.605
Rwanda,RWA,1993,29.584
Rwanda,RWA,1994,-305.949
Rwanda,RWA,1995,77.544
Rwanda,RWA,1996,203.868
Rwanda,RWA,1997,52.881
Rwanda,RWA,1998,-15.973
Rwanda,RWA,1999,-17.939
Rwanda,RWA,2000,-18.698
Rwanda,RWA,2001,-18.366
Rwanda,RWA,2002,-10.895
Rwanda,RWA,2003,-2.953
Rwanda,RWA,2004,-3.54
Rwanda,RWA,2005,-3.736
Rwanda,RWA,2006,-3.657
Rwanda,RWA,2007,-3.407
Rwanda,RWA,2008,-3.255
Rwanda,RWA,2009,-2.995
Rwanda,RWA,2010,-2.859
Rwanda,RWA,2011,-2.64
Rwanda,RWA,2012,-2.332
Rwanda,RWA,2013,-1.513
Rwanda,RWA,2014,-1.716
Rwanda,RWA,2015,-1.878
Rwanda,RWA,2016,-2.053
Rwanda,RWA,2017,-2.101
Rwanda,RWA,2018,-2.028
Rwanda,RWA,2019,-1.917
Rwanda,RWA,2020,-1.703
Rwanda,RWA,2021,-1.609
Rwanda,RWA,2022,-0.659
Rwanda,RWA,2023,-0.645
Saint Barthelemy,BLM,1950,11.466
Saint Barthelemy,BLM,1951,6.813
Saint Barthelemy,BLM,1952,0
Saint Barthelemy,BLM,1953,0
Saint Barthelemy,BLM,1954,-5.198
Saint Barthelemy,BLM,1955,-5.646
Saint Barthelemy,BLM,1956,-4.711
Saint Barthelemy,BLM,1957,-3.767
Saint Barthelemy,BLM,1958,-1.868
Saint Barthelemy,BLM,1959,-0.925
Saint Barthelemy,BLM,1960,1.371
Saint Barthelemy,BLM,1961,0.905
Saint Barthelemy,BLM,1962,1.344
Saint Barthelemy,BLM,1963,1.325
Saint Barthelemy,BLM,1964,0
Saint Barthelemy,BLM,1965,-2.112
Saint Barthelemy,BLM,1966,0
Saint Barthelemy,BLM,1967,-9.642
Saint Barthelemy,BLM,1968,-9.615
Saint Barthelemy,BLM,1969,-9.17
Saint Barthelemy,BLM,1970,-5.82
Saint Barthelemy,BLM,1971,0
Saint Barthelemy,BLM,1972,0
Saint Barthelemy,BLM,1973,0
Saint Barthelemy,BLM,1974,9.169
Saint Barthelemy,BLM,1975,16.761
Saint Barthelemy,BLM,1976,21.273
Saint Barthelemy,BLM,1977,28.34
Saint Barthelemy,BLM,1978,26.311
Saint Barthelemy,BLM,1979,17.244
Saint Barthelemy,BLM,1980,8.765
Saint Barthelemy,BLM,1981,4.643
Saint Barthelemy,BLM,1982,83.438
Saint Barthelemy,BLM,1983,72.586
Saint Barthelemy,BLM,1984,61.979
Saint Barthelemy,BLM,1985,52.554
Saint Barthelemy,BLM,1986,46.307
Saint Barthelemy,BLM,1987,41.266
Saint Barthelemy,BLM,1988,32.345
Saint Barthelemy,BLM,1989,28.94
Saint Barthelemy,BLM,1990,21.524
Saint Barthelemy,BLM,1991,21.877
Saint Barthelemy,BLM,1992,21.685
Saint Barthelemy,BLM,1993,21.326
Saint Barthelemy,BLM,1994,20.998
Saint Barthelemy,BLM,1995,20.387
Saint Barthelemy,BLM,1996,19.965
Saint Barthelemy,BLM,1997,19.407
Saint Barthelemy,BLM,1998,18.75
Saint Barthelemy,BLM,1999,18.705
Saint Barthelemy,BLM,2000,19.767
Saint Barthelemy,BLM,2001,19.388
Saint Barthelemy,BLM,2002,19.018
Saint Barthelemy,BLM,2003,18.282
Saint Barthelemy,BLM,2004,17.461
Saint Barthelemy,BLM,2005,17.184
Saint Barthelemy,BLM,2006,17.032
Saint Barthelemy,BLM,2007,16.762
Saint Barthelemy,BLM,2008,17.088
Saint Barthelemy,BLM,2009,17.054
Saint Barthelemy,BLM,2010,12.158
Saint Barthelemy,BLM,2011,6.492
Saint Barthelemy,BLM,2012,8.155
Saint Barthelemy,BLM,2013,10.088
Saint Barthelemy,BLM,2014,11.539
Saint Barthelemy,BLM,2015,12.304
Saint Barthelemy,BLM,2016,14.462
Saint Barthelemy,BLM,2017,17.022
Saint Barthelemy,BLM,2018,16.028
Saint Barthelemy,BLM,2019,18.838
Saint Barthelemy,BLM,2020,26.653
Saint Barthelemy,BLM,2021,16.722
Saint Barthelemy,BLM,2022,14.966
Saint Barthelemy,BLM,2023,18.042
Saint Helena,SHN,1950,-16.462
Saint Helena,SHN,1951,-19.338
Saint Helena,SHN,1952,-21.317
Saint Helena,SHN,1953,-22.392
Saint Helena,SHN,1954,-22.937
Saint Helena,SHN,1955,-23.738
Saint Helena,SHN,1956,-22.281
Saint Helena,SHN,1957,-14.89
Saint Helena,SHN,1958,-15.59
Saint Helena,SHN,1959,-16.106
Saint Helena,SHN,1960,-16.598
Saint Helena,SHN,1961,-17.257
Saint Helena,SHN,1962,-17.733
Saint Helena,SHN,1963,-17.834
Saint Helena,SHN,1964,-17.764
Saint Helena,SHN,1965,-18.446
Saint Helena,SHN,1966,-14.726
Saint Helena,SHN,1967,-6.845
Saint Helena,SHN,1968,-7.649
Saint Helena,SHN,1969,-7.9
Saint Helena,SHN,1970,-6.579
Saint Helena,SHN,1971,-4.78
Saint Helena,SHN,1972,-3.708
Saint Helena,SHN,1973,-3.665
Saint Helena,SHN,1974,-4.615
Saint Helena,SHN,1975,-6.527
Saint Helena,SHN,1976,-8.262
Saint Helena,SHN,1977,-3.053
Saint Helena,SHN,1978,-3.818
Saint Helena,SHN,1979,-4.575
Saint Helena,SHN,1980,-5.164
Saint Helena,SHN,1981,-4.189
Saint Helena,SHN,1982,-3.379
Saint Helena,SHN,1983,-4.868
Saint Helena,SHN,1984,-5.586
Saint Helena,SHN,1985,-7.815
Saint Helena,SHN,1986,-5.686
Saint Helena,SHN,1987,-11.344
Saint Helena,SHN,1988,-14.508
Saint Helena,SHN,1989,-14.726
Saint Helena,SHN,1990,-16.322
Saint Helena,SHN,1991,-16.128
Saint Helena,SHN,1992,-16.401
Saint Helena,SHN,1993,-16.53
Saint Helena,SHN,1994,-16.998
Saint Helena,SHN,1995,-16.067
Saint Helena,SHN,1996,-14.951
Saint Helena,SHN,1997,-15.203
Saint Helena,SHN,1998,-15.263
Saint Helena,SHN,1999,-16.092
Saint Helena,SHN,2000,-16.787
Saint Helena,SHN,2001,-18.02
Saint Helena,SHN,2002,-18.803
Saint Helena,SHN,2003,-19.122
Saint Helena,SHN,2004,-19.996
Saint Helena,SHN,2005,-19.304
Saint Helena,SHN,2006,-19.328
Saint Helena,SHN,2007,-19.54
Saint Helena,SHN,2008,6.259
Saint Helena,SHN,2009,9.819
Saint Helena,SHN,2010,9.57
Saint Helena,SHN,2011,9.535
Saint Helena,SHN,2012,9.679
Saint Helena,SHN,2013,9.645
Saint Helena,SHN,2014,11.99
Saint Helena,SHN,2015,12.716
Saint Helena,SHN,2016,1.631
Saint Helena,SHN,2017,2
Saint Helena,SHN,2018,0.73
Saint Helena,SHN,2019,1.832
Saint Helena,SHN,2020,2.026
Saint Helena,SHN,2021,0
Saint Helena,SHN,2022,0
Saint Helena,SHN,2023,0
Saint Kitts and Nevis,KNA,1950,-11.708
Saint Kitts and Nevis,KNA,1951,-10.474
Saint Kitts and Nevis,KNA,1952,-10.893
Saint Kitts and Nevis,KNA,1953,-11.141
Saint Kitts and Nevis,KNA,1954,-17.081
Saint Kitts and Nevis,KNA,1955,-14.904
Saint Kitts and Nevis,KNA,1956,-15.045
Saint Kitts and Nevis,KNA,1957,-15.849
Saint Kitts and Nevis,KNA,1958,-17.019
Saint Kitts and Nevis,KNA,1959,-14.711
Saint Kitts and Nevis,KNA,1960,-30.908
Saint Kitts and Nevis,KNA,1961,-40.771
Saint Kitts and Nevis,KNA,1962,-42.802
Saint Kitts and Nevis,KNA,1963,-45.564
Saint Kitts and Nevis,KNA,1964,-47.109
Saint Kitts and Nevis,KNA,1965,-47.85
Saint Kitts and Nevis,KNA,1966,-47.416
Saint Kitts and Nevis,KNA,1967,-46.703
Saint Kitts and Nevis,KNA,1968,-46.736
Saint Kitts and Nevis,KNA,1969,-51.169
Saint Kitts and Nevis,KNA,1970,-27.507
Saint Kitts and Nevis,KNA,1971,-18.029
Saint Kitts and Nevis,KNA,1972,-17.759
Saint Kitts and Nevis,KNA,1973,-18.095
Saint Kitts and Nevis,KNA,1974,-18.519
Saint Kitts and Nevis,KNA,1975,-18.644
Saint Kitts and Nevis,KNA,1976,-18.927
Saint Kitts and Nevis,KNA,1977,-18.913
Saint Kitts and Nevis,KNA,1978,-18.905
Saint Kitts and Nevis,KNA,1979,-19.892
Saint Kitts and Nevis,KNA,1980,-18.623
Saint Kitts and Nevis,KNA,1981,-19.486
Saint Kitts and Nevis,KNA,1982,-20.173
Saint Kitts and Nevis,KNA,1983,-20.787
Saint Kitts and Nevis,KNA,1984,-19.661
Saint Kitts and Nevis,KNA,1985,-19.606
Saint Kitts and Nevis,KNA,1986,-18.814
Saint Kitts and Nevis,KNA,1987,-18.55
Saint Kitts and Nevis,KNA,1988,-18.655
Saint Kitts and Nevis,KNA,1989,-19.334
Saint Kitts and Nevis,KNA,1990,-20.083
Saint Kitts and Nevis,KNA,1991,-5.377
Saint Kitts and Nevis,KNA,1992,3.881
Saint Kitts and Nevis,KNA,1993,3.88
Saint Kitts and Nevis,KNA,1994,4.069
Saint Kitts and Nevis,KNA,1995,3.827
Saint Kitts and Nevis,KNA,1996,3.918
Saint Kitts and Nevis,KNA,1997,3.615
Saint Kitts and Nevis,KNA,1998,3.864
Saint Kitts and Nevis,KNA,1999,4.776
Saint Kitts and Nevis,KNA,2000,6.431
Saint Kitts and Nevis,KNA,2001,-0.153
Saint Kitts and Nevis,KNA,2002,-4.563
Saint Kitts and Nevis,KNA,2003,-4.851
Saint Kitts and Nevis,KNA,2004,-5.117
Saint Kitts and Nevis,KNA,2005,-5.039
Saint Kitts and Nevis,KNA,2006,-4.746
Saint Kitts and Nevis,KNA,2007,-4.282
Saint Kitts and Nevis,KNA,2008,-4.206
Saint Kitts and Nevis,KNA,2009,-5.606
Saint Kitts and Nevis,KNA,2010,-9.584
Saint Kitts and Nevis,KNA,2011,0
Saint Kitts and Nevis,KNA,2012,-4.295
Saint Kitts and Nevis,KNA,2013,-4.292
Saint Kitts and Nevis,KNA,2014,-4.29
Saint Kitts and Nevis,KNA,2015,-4.29
Saint Kitts and Nevis,KNA,2016,-4.291
Saint Kitts and Nevis,KNA,2017,-4.293
Saint Kitts and Nevis,KNA,2018,-4.297
Saint Kitts and Nevis,KNA,2019,-4.302
Saint Kitts and Nevis,KNA,2020,-4.31
Saint Kitts and Nevis,KNA,2021,-1.967
Saint Kitts and Nevis,KNA,2022,0
Saint Kitts and Nevis,KNA,2023,0
Saint Lucia,LCA,1950,-16.915
Saint Lucia,LCA,1951,-19.336
Saint Lucia,LCA,1952,-30.493
Saint Lucia,LCA,1953,-30.161
Saint Lucia,LCA,1954,-32.633
Saint Lucia,LCA,1955,-34.892
Saint Lucia,LCA,1956,-36.297
Saint Lucia,LCA,1957,-37.3
Saint Lucia,LCA,1958,-38.074
Saint Lucia,LCA,1959,-38.722
Saint Lucia,LCA,1960,-25.555
Saint Lucia,LCA,1961,-23.414
Saint Lucia,LCA,1962,-22.031
Saint Lucia,LCA,1963,-21.566
Saint Lucia,LCA,1964,-21.543
Saint Lucia,LCA,1965,-21.202
Saint Lucia,LCA,1966,-20.972
Saint Lucia,LCA,1967,-20.069
Saint Lucia,LCA,1968,-19.24
Saint Lucia,LCA,1969,-19.18
Saint Lucia,LCA,1970,-16.566
Saint Lucia,LCA,1971,-15.541
Saint Lucia,LCA,1972,-14.773
Saint Lucia,LCA,1973,-14.075
Saint Lucia,LCA,1974,-13.495
Saint Lucia,LCA,1975,-13.132
Saint Lucia,LCA,1976,-12.844
Saint Lucia,LCA,1977,-13.519
Saint Lucia,LCA,1978,-14.115
Saint Lucia,LCA,1979,-13.826
Saint Lucia,LCA,1980,-11.921
Saint Lucia,LCA,1981,-11.579
Saint Lucia,LCA,1982,-11.561
Saint Lucia,LCA,1983,-11.692
Saint Lucia,LCA,1984,-11.553
Saint Lucia,LCA,1985,-11.343
Saint Lucia,LCA,1986,-11.071
Saint Lucia,LCA,1987,-10.681
Saint Lucia,LCA,1988,-11.896
Saint Lucia,LCA,1989,-12.702
Saint Lucia,LCA,1990,-12.985
Saint Lucia,LCA,1991,-6.902
Saint Lucia,LCA,1992,-5.889
Saint Lucia,LCA,1993,-5.733
Saint Lucia,LCA,1994,-4.942
Saint Lucia,LCA,1995,-4.305
Saint Lucia,LCA,1996,-3.796
Saint Lucia,LCA,1997,-3.402
Saint Lucia,LCA,1998,-1.733
Saint Lucia,LCA,1999,-2.304
Saint Lucia,LCA,2000,-1.11
Saint Lucia,LCA,2001,-2.596
Saint Lucia,LCA,2002,-2.53
Saint Lucia,LCA,2003,-2.436
Saint Lucia,LCA,2004,-2.302
Saint Lucia,LCA,2005,-2.164
Saint Lucia,LCA,2006,-2.034
Saint Lucia,LCA,2007,-2.098
Saint Lucia,LCA,2008,-1.961
Saint Lucia,LCA,2009,-1.625
Saint Lucia,LCA,2010,-0.995
Saint Lucia,LCA,2011,-0.873
Saint Lucia,LCA,2012,-0.782
Saint Lucia,LCA,2013,-0.658
Saint Lucia,LCA,2014,-0.517
Saint Lucia,LCA,2015,-0.395
Saint Lucia,LCA,2016,-0.325
Saint Lucia,LCA,2017,-0.215
Saint Lucia,LCA,2018,-0.102
Saint Lucia,LCA,2019,0
Saint Lucia,LCA,2020,0
Saint Lucia,LCA,2021,0
Saint Lucia,LCA,2022,0
Saint Lucia,LCA,2023,0
Saint Martin (French part),MAF,1950,0
Saint Martin (French part),MAF,1951,0
Saint Martin (French part),MAF,1952,0
Saint Martin (French part),MAF,1953,0
Saint Martin (French part),MAF,1954,0
Saint Martin (French part),MAF,1955,0
Saint Martin (French part),MAF,1956,0
Saint Martin (French part),MAF,1957,0
Saint Martin (French part),MAF,1958,0
Saint Martin (French part),MAF,1959,0
Saint Martin (French part),MAF,1960,0
Saint Martin (French part),MAF,1961,0
Saint Martin (French part),MAF,1962,0
Saint Martin (French part),MAF,1963,0
Saint Martin (French part),MAF,1964,0
Saint Martin (French part),MAF,1965,5.604
Saint Martin (French part),MAF,1966,14.005
Saint Martin (French part),MAF,1967,17.909
Saint Martin (French part),MAF,1968,-4.918
Saint Martin (French part),MAF,1969,-4.772
Saint Martin (French part),MAF,1970,-4.134
Saint Martin (French part),MAF,1971,-3.854
Saint Martin (French part),MAF,1972,-3.277
Saint Martin (French part),MAF,1973,-3.184
Saint Martin (French part),MAF,1974,0
Saint Martin (French part),MAF,1975,8.525
Saint Martin (French part),MAF,1976,6.025
Saint Martin (French part),MAF,1977,3.435
Saint Martin (French part),MAF,1978,1.406
Saint Martin (French part),MAF,1979,-0.496
Saint Martin (French part),MAF,1980,-2.051
Saint Martin (French part),MAF,1981,-3.177
Saint Martin (French part),MAF,1982,164.525
Saint Martin (French part),MAF,1983,167.436
Saint Martin (French part),MAF,1984,141.994
Saint Martin (French part),MAF,1985,122.647
Saint Martin (French part),MAF,1986,107.121
Saint Martin (French part),MAF,1987,94.279
Saint Martin (French part),MAF,1988,83.372
Saint Martin (French part),MAF,1989,73.867
Saint Martin (French part),MAF,1990,-0.283
Saint Martin (French part),MAF,1991,-16.84
Saint Martin (French part),MAF,1992,-18.087
Saint Martin (French part),MAF,1993,-19.398
Saint Martin (French part),MAF,1994,-21.045
Saint Martin (French part),MAF,1995,-23.21
Saint Martin (French part),MAF,1996,-25.609
Saint Martin (French part),MAF,1997,-28.441
Saint Martin (French part),MAF,1998,-32.089
Saint Martin (French part),MAF,1999,-1.776
Saint Martin (French part),MAF,2000,4.767
Saint Martin (French part),MAF,2001,4.058
Saint Martin (French part),MAF,2002,3.575
Saint Martin (French part),MAF,2003,3.118
Saint Martin (French part),MAF,2004,2.743
Saint Martin (French part),MAF,2005,2.328
Saint Martin (French part),MAF,2006,1.673
Saint Martin (French part),MAF,2007,0.707
Saint Martin (French part),MAF,2008,-0.473
Saint Martin (French part),MAF,2009,-2.246
Saint Martin (French part),MAF,2010,-9.686
Saint Martin (French part),MAF,2011,-9.685
Saint Martin (French part),MAF,2012,-12.609
Saint Martin (French part),MAF,2013,-14.561
Saint Martin (French part),MAF,2014,-17.65
Saint Martin (French part),MAF,2015,-19.562
Saint Martin (French part),MAF,2016,-22.192
Saint Martin (French part),MAF,2017,-25.813
Saint Martin (French part),MAF,2018,-48.983
Saint Martin (French part),MAF,2019,-78.269
Saint Martin (French part),MAF,2020,-89.756
Saint Martin (French part),MAF,2021,-40.352
Saint Martin (French part),MAF,2022,-51.086
Saint Martin (French part),MAF,2023,-61.677
Saint Pierre and Miquelon,SPM,1950,-11.362
Saint Pierre and Miquelon,SPM,1951,-4.192
Saint Pierre and Miquelon,SPM,1952,-2.183
Saint Pierre and Miquelon,SPM,1953,-4.526
Saint Pierre and Miquelon,SPM,1954,-7.445
Saint Pierre and Miquelon,SPM,1955,-11.958
Saint Pierre and Miquelon,SPM,1956,-19.319
Saint Pierre and Miquelon,SPM,1957,-24.974
Saint Pierre and Miquelon,SPM,1958,-10.817
Saint Pierre and Miquelon,SPM,1959,-7.251
Saint Pierre and Miquelon,SPM,1960,-20.234
Saint Pierre and Miquelon,SPM,1961,-27.906
Saint Pierre and Miquelon,SPM,1962,-8.807
Saint Pierre and Miquelon,SPM,1963,2.368
Saint Pierre and Miquelon,SPM,1964,0.388
Saint Pierre and Miquelon,SPM,1965,-7.83
Saint Pierre and Miquelon,SPM,1966,-7.152
Saint Pierre and Miquelon,SPM,1967,-0.556
Saint Pierre and Miquelon,SPM,1968,0.732
Saint Pierre and Miquelon,SPM,1969,0.721
Saint Pierre and Miquelon,SPM,1970,0.532
Saint Pierre and Miquelon,SPM,1971,1.572
Saint Pierre and Miquelon,SPM,1972,2.925
Saint Pierre and Miquelon,SPM,1973,4.406
Saint Pierre and Miquelon,SPM,1974,-1.505
Saint Pierre and Miquelon,SPM,1975,-2.653
Saint Pierre and Miquelon,SPM,1976,-1.319
Saint Pierre and Miquelon,SPM,1977,-1.474
Saint Pierre and Miquelon,SPM,1978,-2.932
Saint Pierre and Miquelon,SPM,1979,-5.031
Saint Pierre and Miquelon,SPM,1980,-6.643
Saint Pierre and Miquelon,SPM,1981,-17.567
Saint Pierre and Miquelon,SPM,1982,-2.931
Saint Pierre and Miquelon,SPM,1983,-0.97
Saint Pierre and Miquelon,SPM,1984,-1.925
Saint Pierre and Miquelon,SPM,1985,-3.345
Saint Pierre and Miquelon,SPM,1986,-4.434
Saint Pierre and Miquelon,SPM,1987,-6.147
Saint Pierre and Miquelon,SPM,1988,-8.02
Saint Pierre and Miquelon,SPM,1989,-14.537
Saint Pierre and Miquelon,SPM,1990,-5.667
Saint Pierre and Miquelon,SPM,1991,-5.016
Saint Pierre and Miquelon,SPM,1992,-5.466
Saint Pierre and Miquelon,SPM,1993,-6.232
Saint Pierre and Miquelon,SPM,1994,-6.843
Saint Pierre and Miquelon,SPM,1995,-6.992
Saint Pierre and Miquelon,SPM,1996,-7.935
Saint Pierre and Miquelon,SPM,1997,-8.888
Saint Pierre and Miquelon,SPM,1998,-17.12
Saint Pierre and Miquelon,SPM,1999,-8.394
Saint Pierre and Miquelon,SPM,2000,-5.88
Saint Pierre and Miquelon,SPM,2001,-6.535
Saint Pierre and Miquelon,SPM,2002,-7.363
Saint Pierre and Miquelon,SPM,2003,-8.856
Saint Pierre and Miquelon,SPM,2004,-10.218
Saint Pierre and Miquelon,SPM,2005,-11.423
Saint Pierre and Miquelon,SPM,2006,-5.602
Saint Pierre and Miquelon,SPM,2007,-2.149
Saint Pierre and Miquelon,SPM,2008,-2.485
Saint Pierre and Miquelon,SPM,2009,-2.322
Saint Pierre and Miquelon,SPM,2010,-1.328
Saint Pierre and Miquelon,SPM,2011,-0.832
Saint Pierre and Miquelon,SPM,2012,-1.835
Saint Pierre and Miquelon,SPM,2013,-0.335
Saint Pierre and Miquelon,SPM,2014,0.839
Saint Pierre and Miquelon,SPM,2015,3.531
Saint Pierre and Miquelon,SPM,2016,2.53
Saint Pierre and Miquelon,SPM,2017,5.575
Saint Pierre and Miquelon,SPM,2018,1.523
Saint Pierre and Miquelon,SPM,2019,-2.212
Saint Pierre and Miquelon,SPM,2020,0
Saint Pierre and Miquelon,SPM,2021,0
Saint Pierre and Miquelon,SPM,2022,0
Saint Pierre and Miquelon,SPM,2023,0
Saint Vincent and the Grenadines,VCT,1950,0
Saint Vincent and the Grenadines,VCT,1951,0
Saint Vincent and the Grenadines,VCT,1952,0
Saint Vincent and the Grenadines,VCT,1953,0
Saint Vincent and the Grenadines,VCT,1954,0
Saint Vincent and the Grenadines,VCT,1955,0
Saint Vincent and the Grenadines,VCT,1956,0
Saint Vincent and the Grenadines,VCT,1957,0
Saint Vincent and the Grenadines,VCT,1958,0
Saint Vincent and the Grenadines,VCT,1959,0
Saint Vincent and the Grenadines,VCT,1960,-17.491
Saint Vincent and the Grenadines,VCT,1961,-19.18
Saint Vincent and the Grenadines,VCT,1962,-20.049
Saint Vincent and the Grenadines,VCT,1963,-20.706
Saint Vincent and the Grenadines,VCT,1964,-21.515
Saint Vincent and the Grenadines,VCT,1965,-22.095
Saint Vincent and the Grenadines,VCT,1966,-22.705
Saint Vincent and the Grenadines,VCT,1967,-23.388
Saint Vincent and the Grenadines,VCT,1968,-23.99
Saint Vincent and the Grenadines,VCT,1969,-24.111
Saint Vincent and the Grenadines,VCT,1970,-23.55
Saint Vincent and the Grenadines,VCT,1971,-22.535
Saint Vincent and the Grenadines,VCT,1972,-21.638
Saint Vincent and the Grenadines,VCT,1973,-20.954
Saint Vincent and the Grenadines,VCT,1974,-20.22
Saint Vincent and the Grenadines,VCT,1975,-19.505
Saint Vincent and the Grenadines,VCT,1976,-18.686
Saint Vincent and the Grenadines,VCT,1977,-17.853
Saint Vincent and the Grenadines,VCT,1978,-17.825
Saint Vincent and the Grenadines,VCT,1979,-18.603
Saint Vincent and the Grenadines,VCT,1980,-14.825
Saint Vincent and the Grenadines,VCT,1981,-14.523
Saint Vincent and the Grenadines,VCT,1982,-15.071
Saint Vincent and the Grenadines,VCT,1983,-14.499
Saint Vincent and the Grenadines,VCT,1984,-13.047
Saint Vincent and the Grenadines,VCT,1985,-12.202
Saint Vincent and the Grenadines,VCT,1986,-11.704
Saint Vincent and the Grenadines,VCT,1987,-11.373
Saint Vincent and the Grenadines,VCT,1988,-11.233
Saint Vincent and the Grenadines,VCT,1989,-11.18
Saint Vincent and the Grenadines,VCT,1990,-12.074
Saint Vincent and the Grenadines,VCT,1991,-13.206
Saint Vincent and the Grenadines,VCT,1992,-14.239
Saint Vincent and the Grenadines,VCT,1993,-14.45
Saint Vincent and the Grenadines,VCT,1994,-14.444
Saint Vincent and the Grenadines,VCT,1995,-14.224
Saint Vincent and the Grenadines,VCT,1996,-13.923
Saint Vincent and the Grenadines,VCT,1997,-13.143
Saint Vincent and the Grenadines,VCT,1998,-11.557
Saint Vincent and the Grenadines,VCT,1999,-8.989
Saint Vincent and the Grenadines,VCT,2000,-10.683
Saint Vincent and the Grenadines,VCT,2001,-12.114
Saint Vincent and the Grenadines,VCT,2002,-11.76
Saint Vincent and the Grenadines,VCT,2003,-11.623
Saint Vincent and the Grenadines,VCT,2004,-11.956
Saint Vincent and the Grenadines,VCT,2005,-12.139
Saint Vincent and the Grenadines,VCT,2006,-12.016
Saint Vincent and the Grenadines,VCT,2007,-12.221
Saint Vincent and the Grenadines,VCT,2008,-12.735
Saint Vincent and the Grenadines,VCT,2009,-12.732
Saint Vincent and the Grenadines,VCT,2010,-12.468
Saint Vincent and the Grenadines,VCT,2011,-12.062
Saint Vincent and the Grenadines,VCT,2012,-11.229
Saint Vincent and the Grenadines,VCT,2013,-11.005
Saint Vincent and the Grenadines,VCT,2014,-10.796
Saint Vincent and the Grenadines,VCT,2015,-10.509
Saint Vincent and the Grenadines,VCT,2016,-10.24
Saint Vincent and the Grenadines,VCT,2017,-10.004
Saint Vincent and the Grenadines,VCT,2018,-9.778
Saint Vincent and the Grenadines,VCT,2019,-9.427
Saint Vincent and the Grenadines,VCT,2020,-4.762
Saint Vincent and the Grenadines,VCT,2021,-8.275
Saint Vincent and the Grenadines,VCT,2022,-8.094
Saint Vincent and the Grenadines,VCT,2023,-7.738
Samoa,WSM,1950,-12.834
Samoa,WSM,1951,-11.656
Samoa,WSM,1952,-15.383
Samoa,WSM,1953,-15.827
Samoa,WSM,1954,-16.03
Samoa,WSM,1955,-15.984
Samoa,WSM,1956,-14.667
Samoa,WSM,1957,-11.483
Samoa,WSM,1958,-11.743
Samoa,WSM,1959,-11.856
Samoa,WSM,1960,-11.85
Samoa,WSM,1961,-11.68
Samoa,WSM,1962,-11.307
Samoa,WSM,1963,-11.21
Samoa,WSM,1964,-10.025
Samoa,WSM,1965,-11.814
Samoa,WSM,1966,-11.467
Samoa,WSM,1967,-17.441
Samoa,WSM,1968,-17.424
Samoa,WSM,1969,-17.355
Samoa,WSM,1970,-17.301
Samoa,WSM,1971,-17.284
Samoa,WSM,1972,-17.179
Samoa,WSM,1973,-17.07
Samoa,WSM,1974,-3.52
Samoa,WSM,1975,-3.404
Samoa,WSM,1976,-5.913
Samoa,WSM,1977,-17.94
Samoa,WSM,1978,-18.727
Samoa,WSM,1979,-19.505
Samoa,WSM,1980,-19.717
Samoa,WSM,1981,-20.763
Samoa,WSM,1982,-26.903
Samoa,WSM,1983,-28.726
Samoa,WSM,1984,-29.641
Samoa,WSM,1985,-29.488
Samoa,WSM,1986,-27.756
Samoa,WSM,1987,-24.192
Samoa,WSM,1988,-25.935
Samoa,WSM,1989,-26.824
Samoa,WSM,1990,-26.816
Samoa,WSM,1991,-24.957
Samoa,WSM,1992,-18.558
Samoa,WSM,1993,-19.636
Samoa,WSM,1994,-20.242
Samoa,WSM,1995,-20.233
Samoa,WSM,1996,-19.742
Samoa,WSM,1997,-20.603
Samoa,WSM,1998,-20.693
Samoa,WSM,1999,-19.509
Samoa,WSM,2000,-19.005
Samoa,WSM,2001,-17.46
Samoa,WSM,2002,-19.645
Samoa,WSM,2003,-20.212
Samoa,WSM,2004,-20.381
Samoa,WSM,2005,-20.35
Samoa,WSM,2006,-19.786
Samoa,WSM,2007,-16.699
Samoa,WSM,2008,-16.801
Samoa,WSM,2009,-16.15
Samoa,WSM,2010,-16.563
Samoa,WSM,2011,-15.695
Samoa,WSM,2012,-15.72
Samoa,WSM,2013,-15.671
Samoa,WSM,2014,-15.402
Samoa,WSM,2015,-15.234
Samoa,WSM,2016,-14.781
Samoa,WSM,2017,-12.36
Samoa,WSM,2018,-11.682
Samoa,WSM,2019,-11.026
Samoa,WSM,2020,-10.847
Samoa,WSM,2021,-13.378
Samoa,WSM,2022,-13.179
Samoa,WSM,2023,-12.969
San Marino,SMR,1950,3.398
San Marino,SMR,1951,2.896
San Marino,SMR,1952,2.937
San Marino,SMR,1953,3.795
San Marino,SMR,1954,5.143
San Marino,SMR,1955,5.293
San Marino,SMR,1956,15.232
San Marino,SMR,1957,15.156
San Marino,SMR,1958,15.211
San Marino,SMR,1959,15.126
San Marino,SMR,1960,14.843
San Marino,SMR,1961,13.039
San Marino,SMR,1962,14.707
San Marino,SMR,1963,14.596
San Marino,SMR,1964,13.724
San Marino,SMR,1965,5.721
San Marino,SMR,1966,-0.514
San Marino,SMR,1967,-0.17
San Marino,SMR,1968,0.448
San Marino,SMR,1969,-1.609
San Marino,SMR,1970,-2.147
San Marino,SMR,1971,10.913
San Marino,SMR,1972,10.167
San Marino,SMR,1973,-6.529
San Marino,SMR,1974,-6.884
San Marino,SMR,1975,-6.983
San Marino,SMR,1976,0
San Marino,SMR,1977,78.781
San Marino,SMR,1978,9.465
San Marino,SMR,1979,7.692
San Marino,SMR,1980,7.83
San Marino,SMR,1981,7.738
San Marino,SMR,1982,5.305
San Marino,SMR,1983,5.174
San Marino,SMR,1984,1.432
San Marino,SMR,1985,7.383
San Marino,SMR,1986,1.944
San Marino,SMR,1987,-0.882
San Marino,SMR,1988,11.733
San Marino,SMR,1989,12.309
San Marino,SMR,1990,12.311
San Marino,SMR,1991,11.682
San Marino,SMR,1992,11.816
San Marino,SMR,1993,13.28
San Marino,SMR,1994,12.104
San Marino,SMR,1995,10.414
San Marino,SMR,1996,10.086
San Marino,SMR,1997,9.884
San Marino,SMR,1998,9.837
San Marino,SMR,1999,9.675
San Marino,SMR,2000,8.694
San Marino,SMR,2001,7.921
San Marino,SMR,2002,8.767
San Marino,SMR,2003,9.948
San Marino,SMR,2004,10.105
San Marino,SMR,2005,10.99
San Marino,SMR,2006,10.711
San Marino,SMR,2007,10.711
San Marino,SMR,2008,9.023
San Marino,SMR,2009,10.336
San Marino,SMR,2010,19.332
San Marino,SMR,2011,72.275
San Marino,SMR,2012,4.273
San Marino,SMR,2013,1.695
San Marino,SMR,2014,2.183
San Marino,SMR,2015,8.053
San Marino,SMR,2016,8.518
San Marino,SMR,2017,6.807
San Marino,SMR,2018,4.983
San Marino,SMR,2019,5.396
San Marino,SMR,2020,7.104
San Marino,SMR,2021,-10.644
San Marino,SMR,2022,-11.822
San Marino,SMR,2023,-5.633
Sao Tome and Principe,STP,1950,-5.027
Sao Tome and Principe,STP,1951,-3.886
Sao Tome and Principe,STP,1952,-4.921
Sao Tome and Principe,STP,1953,-5.874
Sao Tome and Principe,STP,1954,-6.767
Sao Tome and Principe,STP,1955,-7.492
Sao Tome and Principe,STP,1956,-7.896
Sao Tome and Principe,STP,1957,-8.501
Sao Tome and Principe,STP,1958,-9.03
Sao Tome and Principe,STP,1959,-10.12
Sao Tome and Principe,STP,1960,-12.645
Sao Tome and Principe,STP,1961,-13.972
Sao Tome and Principe,STP,1962,-13.357
Sao Tome and Principe,STP,1963,-12.637
Sao Tome and Principe,STP,1964,-11.557
Sao Tome and Principe,STP,1965,-10.672
Sao Tome and Principe,STP,1966,-9.48
Sao Tome and Principe,STP,1967,-8.234
Sao Tome and Principe,STP,1968,-6.955
Sao Tome and Principe,STP,1969,-6.164
Sao Tome and Principe,STP,1970,-3.594
Sao Tome and Principe,STP,1971,-5.42
Sao Tome and Principe,STP,1972,-6.379
Sao Tome and Principe,STP,1973,-6.341
Sao Tome and Principe,STP,1974,-5.598
Sao Tome and Principe,STP,1975,-4.521
Sao Tome and Principe,STP,1976,-3.396
Sao Tome and Principe,STP,1977,-2.793
Sao Tome and Principe,STP,1978,-2.975
Sao Tome and Principe,STP,1979,-5.101
Sao Tome and Principe,STP,1980,-7.814
Sao Tome and Principe,STP,1981,-10.605
Sao Tome and Principe,STP,1982,-11.736
Sao Tome and Principe,STP,1983,-11.525
Sao Tome and Principe,STP,1984,-9.784
Sao Tome and Principe,STP,1985,-7.62
Sao Tome and Principe,STP,1986,-5.524
Sao Tome and Principe,STP,1987,-4.126
Sao Tome and Principe,STP,1988,-3.976
Sao Tome and Principe,STP,1989,-4.759
Sao Tome and Principe,STP,1990,-5.912
Sao Tome and Principe,STP,1991,-10.836
Sao Tome and Principe,STP,1992,-11.178
Sao Tome and Principe,STP,1993,-11.704
Sao Tome and Principe,STP,1994,-12.386
Sao Tome and Principe,STP,1995,-13.559
Sao Tome and Principe,STP,1996,-14.413
Sao Tome and Principe,STP,1997,-15.498
Sao Tome and Principe,STP,1998,-16.796
Sao Tome and Principe,STP,1999,-18.211
Sao Tome and Principe,STP,2000,-19.428
Sao Tome and Principe,STP,2001,-8.806
Sao Tome and Principe,STP,2002,-4.602
Sao Tome and Principe,STP,2003,-5.305
Sao Tome and Principe,STP,2004,-5.669
Sao Tome and Principe,STP,2005,-5.822
Sao Tome and Principe,STP,2006,-6.224
Sao Tome and Principe,STP,2007,-6.641
Sao Tome and Principe,STP,2008,-6.922
Sao Tome and Principe,STP,2009,-7.467
Sao Tome and Principe,STP,2010,-8.41
Sao Tome and Principe,STP,2011,-8.705
Sao Tome and Principe,STP,2012,-9.18
Sao Tome and Principe,STP,2013,-9.252
Sao Tome and Principe,STP,2014,-9.153
Sao Tome and Principe,STP,2015,-9.032
Sao Tome and Principe,STP,2016,-8.803
Sao Tome and Principe,STP,2017,-8.595
Sao Tome and Principe,STP,2018,-8.359
Sao Tome and Principe,STP,2019,-8.042
Sao Tome and Principe,STP,2020,0
Sao Tome and Principe,STP,2021,-3.523
Sao Tome and Principe,STP,2022,-2.616
Sao Tome and Principe,STP,2023,-2.564
Saudi Arabia,SAU,1950,8.807
Saudi Arabia,SAU,1951,8.505
Saudi Arabia,SAU,1952,8.212
Saudi Arabia,SAU,1953,7.927
Saudi Arabia,SAU,1954,7.651
Saudi Arabia,SAU,1955,7.382
Saudi Arabia,SAU,1956,7.122
Saudi Arabia,SAU,1957,6.87
Saudi Arabia,SAU,1958,6.625
Saudi Arabia,SAU,1959,6.388
Saudi Arabia,SAU,1960,6.159
Saudi Arabia,SAU,1961,5.937
Saudi Arabia,SAU,1962,5.723
Saudi Arabia,SAU,1963,5.516
Saudi Arabia,SAU,1964,5.315
Saudi Arabia,SAU,1965,5.122
Saudi Arabia,SAU,1966,4.952
Saudi Arabia,SAU,1967,5.684
Saudi Arabia,SAU,1968,6.509
Saudi Arabia,SAU,1969,7.408
Saudi Arabia,SAU,1970,8.729
Saudi Arabia,SAU,1971,11.812
Saudi Arabia,SAU,1972,14.194
Saudi Arabia,SAU,1973,15.584
Saudi Arabia,SAU,1974,16.11
Saudi Arabia,SAU,1975,16.233
Saudi Arabia,SAU,1976,17.696
Saudi Arabia,SAU,1977,18.889
Saudi Arabia,SAU,1978,19.559
Saudi Arabia,SAU,1979,19.781
Saudi Arabia,SAU,1980,20.043
Saudi Arabia,SAU,1981,21.86
Saudi Arabia,SAU,1982,22.497
Saudi Arabia,SAU,1983,21.775
Saudi Arabia,SAU,1984,19.95
Saudi Arabia,SAU,1985,18.181
Saudi Arabia,SAU,1986,20.004
Saudi Arabia,SAU,1987,19.175
Saudi Arabia,SAU,1988,15.258
Saudi Arabia,SAU,1989,15.725
Saudi Arabia,SAU,1990,15.076
Saudi Arabia,SAU,1991,14.592
Saudi Arabia,SAU,1992,13.768
Saudi Arabia,SAU,1993,12.94
Saudi Arabia,SAU,1994,12.573
Saudi Arabia,SAU,1995,12.078
Saudi Arabia,SAU,1996,11.607
Saudi Arabia,SAU,1997,11.135
Saudi Arabia,SAU,1998,10.715
Saudi Arabia,SAU,1999,10.358
Saudi Arabia,SAU,2000,28.96
Saudi Arabia,SAU,2001,28.416
Saudi Arabia,SAU,2002,27.944
Saudi Arabia,SAU,2003,27.392
Saudi Arabia,SAU,2004,26.613
Saudi Arabia,SAU,2005,25.222
Saudi Arabia,SAU,2006,23.517
Saudi Arabia,SAU,2007,21.867
Saudi Arabia,SAU,2008,21.098
Saudi Arabia,SAU,2009,20.49
Saudi Arabia,SAU,2010,20.072
Saudi Arabia,SAU,2011,18.818
Saudi Arabia,SAU,2012,17.707
Saudi Arabia,SAU,2013,17.333
Saudi Arabia,SAU,2014,16.178
Saudi Arabia,SAU,2015,15.523
Saudi Arabia,SAU,2016,-0.879
Saudi Arabia,SAU,2017,-29.914
Saudi Arabia,SAU,2018,-32.562
Saudi Arabia,SAU,2019,6.287
Saudi Arabia,SAU,2020,-2.411
Saudi Arabia,SAU,2021,-3.393
Saudi Arabia,SAU,2022,30.367
Saudi Arabia,SAU,2023,9.791
Senegal,SEN,1950,2.025
Senegal,SEN,1951,2.205
Senegal,SEN,1952,2.36
Senegal,SEN,1953,2.493
Senegal,SEN,1954,2.611
Senegal,SEN,1955,2.704
Senegal,SEN,1956,2.775
Senegal,SEN,1957,2.814
Senegal,SEN,1958,2.833
Senegal,SEN,1959,2.818
Senegal,SEN,1960,2.795
Senegal,SEN,1961,2.779
Senegal,SEN,1962,2.775
Senegal,SEN,1963,2.852
Senegal,SEN,1964,3.179
Senegal,SEN,1965,3.614
Senegal,SEN,1966,3.998
Senegal,SEN,1967,4.189
Senegal,SEN,1968,4.103
Senegal,SEN,1969,3.896
Senegal,SEN,1970,3.62
Senegal,SEN,1971,3.288
Senegal,SEN,1972,2.921
Senegal,SEN,1973,2.33
Senegal,SEN,1974,0.665
Senegal,SEN,1975,-1.522
Senegal,SEN,1976,-3.526
Senegal,SEN,1977,-6.569
Senegal,SEN,1978,-6.566
Senegal,SEN,1979,-6.141
Senegal,SEN,1980,-5.579
Senegal,SEN,1981,-4.995
Senegal,SEN,1982,-4.494
Senegal,SEN,1983,-4.146
Senegal,SEN,1984,-3.825
Senegal,SEN,1985,-2.79
Senegal,SEN,1986,-1.84
Senegal,SEN,1987,-1.707
Senegal,SEN,1988,-1.651
Senegal,SEN,1989,-1.648
Senegal,SEN,1990,-1.679
Senegal,SEN,1991,-1.735
Senegal,SEN,1992,-1.811
Senegal,SEN,1993,-1.983
Senegal,SEN,1994,-2.624
Senegal,SEN,1995,-3.504
Senegal,SEN,1996,-4.319
Senegal,SEN,1997,-4.794
Senegal,SEN,1998,-4.755
Senegal,SEN,1999,-4.551
Senegal,SEN,2000,-4.299
Senegal,SEN,2001,-4.056
Senegal,SEN,2002,-3.875
Senegal,SEN,2003,-5.336
Senegal,SEN,2004,-5.456
Senegal,SEN,2005,-5.499
Senegal,SEN,2006,-5.587
Senegal,SEN,2007,-5.657
Senegal,SEN,2008,-5.628
Senegal,SEN,2009,-5.612
Senegal,SEN,2010,-5.531
Senegal,SEN,2011,-3.345
Senegal,SEN,2012,-3.229
Senegal,SEN,2013,2.544
Senegal,SEN,2014,2.546
Senegal,SEN,2015,2.356
Senegal,SEN,2016,1.962
Senegal,SEN,2017,1.913
Senegal,SEN,2018,2.109
Senegal,SEN,2019,2.347
Senegal,SEN,2020,2.016
Senegal,SEN,2021,1.482
Senegal,SEN,2022,0.931
Senegal,SEN,2023,-0.553
Serbia,SRB,1950,-0.937
Serbia,SRB,1951,-0.928
Serbia,SRB,1952,-0.919
Serbia,SRB,1953,-0.909
Serbia,SRB,1954,1.171
Serbia,SRB,1955,1.01
Serbia,SRB,1956,0.937
Serbia,SRB,1957,0.524
Serbia,SRB,1958,0.15
Serbia,SRB,1959,0.019
Serbia,SRB,1960,0.653
Serbia,SRB,1961,0.948
Serbia,SRB,1962,0.887
Serbia,SRB,1963,1.199
Serbia,SRB,1964,1.155
Serbia,SRB,1965,1.132
Serbia,SRB,1966,0.992
Serbia,SRB,1967,0.855
Serbia,SRB,1968,0.753
Serbia,SRB,1969,0.566
Serbia,SRB,1970,0.254
Serbia,SRB,1971,0.224
Serbia,SRB,1972,-0.047
Serbia,SRB,1973,-0.321
Serbia,SRB,1974,-0.469
Serbia,SRB,1975,-0.461
Serbia,SRB,1976,-0.36
Serbia,SRB,1977,-0.255
Serbia,SRB,1978,-0.192
Serbia,SRB,1979,-0.124
Serbia,SRB,1980,0.037
Serbia,SRB,1981,-1.09
Serbia,SRB,1982,-1.726
Serbia,SRB,1983,-1.946
Serbia,SRB,1984,-1.977
Serbia,SRB,1985,-2.239
Serbia,SRB,1986,-2.282
Serbia,SRB,1987,-2.116
Serbia,SRB,1988,-1.993
Serbia,SRB,1989,-2.076
Serbia,SRB,1990,-2.065
Serbia,SRB,1991,-1.078
Serbia,SRB,1992,-0.562
Serbia,SRB,1993,-0.761
Serbia,SRB,1994,-0.757
Serbia,SRB,1995,-0.769
Serbia,SRB,1996,-0.717
Serbia,SRB,1997,-0.747
Serbia,SRB,1998,-0.729
Serbia,SRB,1999,-0.527
Serbia,SRB,2000,-1.867
Serbia,SRB,2001,-1.569
Serbia,SRB,2002,0.205
Serbia,SRB,2003,0.903
Serbia,SRB,2004,0.965
Serbia,SRB,2005,1.054
Serbia,SRB,2006,1.067
Serbia,SRB,2007,0.941
Serbia,SRB,2008,0.948
Serbia,SRB,2009,0.814
Serbia,SRB,2010,0.491
Serbia,SRB,2011,0.083
Serbia,SRB,2012,-2.528
Serbia,SRB,2013,-2.455
Serbia,SRB,2014,-2.608
Serbia,SRB,2015,-2.618
Serbia,SRB,2016,-2.571
Serbia,SRB,2017,-2.637
Serbia,SRB,2018,-2.69
Serbia,SRB,2019,-2.712
Serbia,SRB,2020,-1.479
Serbia,SRB,2021,-1.313
Serbia,SRB,2022,5.907
Serbia,SRB,2023,0.642
Seychelles,SYC,1950,0
Seychelles,SYC,1951,-6.204
Seychelles,SYC,1952,-6.72
Seychelles,SYC,1953,-7.275
Seychelles,SYC,1954,-7.51
Seychelles,SYC,1955,-7.082
Seychelles,SYC,1956,-6.404
Seychelles,SYC,1957,-6.023
Seychelles,SYC,1958,-6.675
Seychelles,SYC,1959,-6.076
Seychelles,SYC,1960,-4.164
Seychelles,SYC,1961,-3.469
Seychelles,SYC,1962,-2.84
Seychelles,SYC,1963,-2.322
Seychelles,SYC,1964,-1.57
Seychelles,SYC,1965,-0.414
Seychelles,SYC,1966,-1.901
Seychelles,SYC,1967,-0.296
Seychelles,SYC,1968,1.041
Seychelles,SYC,1969,0.81
Seychelles,SYC,1970,1.272
Seychelles,SYC,1971,1.837
Seychelles,SYC,1972,4.676
Seychelles,SYC,1973,5.609
Seychelles,SYC,1974,2.913
Seychelles,SYC,1975,4.231
Seychelles,SYC,1976,7.523
Seychelles,SYC,1977,2.184
Seychelles,SYC,1978,-9.033
Seychelles,SYC,1979,-7.759
Seychelles,SYC,1980,-8.859
Seychelles,SYC,1981,-8.439
Seychelles,SYC,1982,-5.277
Seychelles,SYC,1983,-6.422
Seychelles,SYC,1984,-7.136
Seychelles,SYC,1985,-6.559
Seychelles,SYC,1986,-6.901
Seychelles,SYC,1987,-5.088
Seychelles,SYC,1988,-2.714
Seychelles,SYC,1989,-2.817
Seychelles,SYC,1990,-3.082
Seychelles,SYC,1991,-4.571
Seychelles,SYC,1992,-3.822
Seychelles,SYC,1993,-4.136
Seychelles,SYC,1994,-2.99
Seychelles,SYC,1995,-2.189
Seychelles,SYC,1996,-3.372
Seychelles,SYC,1997,-0.138
Seychelles,SYC,1998,6.343
Seychelles,SYC,1999,5.986
Seychelles,SYC,2000,5.533
Seychelles,SYC,2001,6.016
Seychelles,SYC,2002,4.95
Seychelles,SYC,2003,3.631
Seychelles,SYC,2004,3.596
Seychelles,SYC,2005,2.397
Seychelles,SYC,2006,2.921
Seychelles,SYC,2007,1.891
Seychelles,SYC,2008,1.135
Seychelles,SYC,2009,1.121
Seychelles,SYC,2010,7.792
Seychelles,SYC,2011,15.986
Seychelles,SYC,2012,15.451
Seychelles,SYC,2013,16.818
Seychelles,SYC,2014,16.645
Seychelles,SYC,2015,16.031
Seychelles,SYC,2016,15.316
Seychelles,SYC,2017,15.059
Seychelles,SYC,2018,15.064
Seychelles,SYC,2019,15.045
Seychelles,SYC,2020,14.349
Seychelles,SYC,2021,16.961
Seychelles,SYC,2022,14.244
Seychelles,SYC,2023,14.138
Sierra Leone,SLE,1950,-1.645
Sierra Leone,SLE,1951,-1.763
Sierra Leone,SLE,1952,-2.09
Sierra Leone,SLE,1953,-2.659
Sierra Leone,SLE,1954,-2.499
Sierra Leone,SLE,1955,-2.469
Sierra Leone,SLE,1956,-2.415
Sierra Leone,SLE,1957,-2.432
Sierra Leone,SLE,1958,-3.084
Sierra Leone,SLE,1959,-1.975
Sierra Leone,SLE,1960,-1.555
Sierra Leone,SLE,1961,-1.279
Sierra Leone,SLE,1962,-1.135
Sierra Leone,SLE,1963,-1.041
Sierra Leone,SLE,1964,-0.952
Sierra Leone,SLE,1965,-0.75
Sierra Leone,SLE,1966,-1.158
Sierra Leone,SLE,1967,-1.1
Sierra Leone,SLE,1968,-1.433
Sierra Leone,SLE,1969,-1.685
Sierra Leone,SLE,1970,-1.828
Sierra Leone,SLE,1971,-2.954
Sierra Leone,SLE,1972,-2.937
Sierra Leone,SLE,1973,-3.252
Sierra Leone,SLE,1974,-3.928
Sierra Leone,SLE,1975,-4.39
Sierra Leone,SLE,1976,-5.179
Sierra Leone,SLE,1977,-4.019
Sierra Leone,SLE,1978,-4.156
Sierra Leone,SLE,1979,-4.083
Sierra Leone,SLE,1980,-3.558
Sierra Leone,SLE,1981,-3.803
Sierra Leone,SLE,1982,-3.339
Sierra Leone,SLE,1983,-2.523
Sierra Leone,SLE,1984,-2.447
Sierra Leone,SLE,1985,-2.164
Sierra Leone,SLE,1986,2.144
Sierra Leone,SLE,1987,2.496
Sierra Leone,SLE,1988,2.407
Sierra Leone,SLE,1989,-1.259
Sierra Leone,SLE,1990,31.354
Sierra Leone,SLE,1991,-56.276
Sierra Leone,SLE,1992,-31.098
Sierra Leone,SLE,1993,-22.967
Sierra Leone,SLE,1994,-18.54
Sierra Leone,SLE,1995,-27.005
Sierra Leone,SLE,1996,-12.409
Sierra Leone,SLE,1997,-11.387
Sierra Leone,SLE,1998,-17.87
Sierra Leone,SLE,1999,-19.668
Sierra Leone,SLE,2000,18.766
Sierra Leone,SLE,2001,48.541
Sierra Leone,SLE,2002,17.415
Sierra Leone,SLE,2003,13.362
Sierra Leone,SLE,2004,4.462
Sierra Leone,SLE,2005,-0.328
Sierra Leone,SLE,2006,-6.054
Sierra Leone,SLE,2007,-1.051
Sierra Leone,SLE,2008,0.201
Sierra Leone,SLE,2009,2.996
Sierra Leone,SLE,2010,1.283
Sierra Leone,SLE,2011,1.079
Sierra Leone,SLE,2012,0.151
Sierra Leone,SLE,2013,0.413
Sierra Leone,SLE,2014,0.071
Sierra Leone,SLE,2015,-0.051
Sierra Leone,SLE,2016,0.646
Sierra Leone,SLE,2017,0.167
Sierra Leone,SLE,2018,-0.363
Sierra Leone,SLE,2019,-0.289
Sierra Leone,SLE,2020,0.163
Sierra Leone,SLE,2021,-0.191
Sierra Leone,SLE,2022,-0.483
Sierra Leone,SLE,2023,-0.473
Singapore,SGP,1950,20.398
Singapore,SGP,1951,20.767
Singapore,SGP,1952,20.952
Singapore,SGP,1953,20.734
Singapore,SGP,1954,20.048
Singapore,SGP,1955,18.975
Singapore,SGP,1956,17.461
Singapore,SGP,1957,8.692
Singapore,SGP,1958,0.612
Singapore,SGP,1959,0.269
Singapore,SGP,1960,1.24
Singapore,SGP,1961,2.089
Singapore,SGP,1962,2.158
Singapore,SGP,1963,1.506
Singapore,SGP,1964,1.671
Singapore,SGP,1965,2.244
Singapore,SGP,1966,1.827
Singapore,SGP,1967,3.055
Singapore,SGP,1968,3.379
Singapore,SGP,1969,3.296
Singapore,SGP,1970,1.924
Singapore,SGP,1971,0.269
Singapore,SGP,1972,-0.754
Singapore,SGP,1973,-0.225
Singapore,SGP,1974,1.229
Singapore,SGP,1975,1.809
Singapore,SGP,1976,0.412
Singapore,SGP,1977,1.182
Singapore,SGP,1978,0.185
Singapore,SGP,1979,-0.998
Singapore,SGP,1980,17.408
Singapore,SGP,1981,33.916
Singapore,SGP,1982,15.821
Singapore,SGP,1983,4.356
Singapore,SGP,1984,-1.616
Singapore,SGP,1985,-11.348
Singapore,SGP,1986,-2.863
Singapore,SGP,1987,9.135
Singapore,SGP,1988,14.382
Singapore,SGP,1989,23.15
Singapore,SGP,1990,22.026
Singapore,SGP,1991,18.436
Singapore,SGP,1992,16.848
Singapore,SGP,1993,17.728
Singapore,SGP,1994,20.823
Singapore,SGP,1995,26.021
Singapore,SGP,1996,27.839
Singapore,SGP,1997,25.086
Singapore,SGP,1998,13.304
Singapore,SGP,1999,4.962
Singapore,SGP,2000,13.684
Singapore,SGP,2001,10.939
Singapore,SGP,2002,-9.651
Singapore,SGP,2003,-7.252
Singapore,SGP,2004,12.099
Singapore,SGP,2005,21.559
Singapore,SGP,2006,30.774
Singapore,SGP,2007,41.834
Singapore,SGP,2008,36.653
Singapore,SGP,2009,19.289
Singapore,SGP,2010,14.294
Singapore,SGP,2011,17.339
Singapore,SGP,2012,14.83
Singapore,SGP,2013,9.688
Singapore,SGP,2014,7.357
Singapore,SGP,2015,7.575
Singapore,SGP,2016,2.463
Singapore,SGP,2017,-1.585
Singapore,SGP,2018,3.873
Singapore,SGP,2019,0.153
Singapore,SGP,2020,-25.899
Singapore,SGP,2021,-7.939
Singapore,SGP,2022,38.026
Singapore,SGP,2023,4.663
Sint Maarten (Dutch part),SXM,1950,41.379
Sint Maarten (Dutch part),SXM,1951,36.703
Sint Maarten (Dutch part),SXM,1952,33.384
Sint Maarten (Dutch part),SXM,1953,31.646
Sint Maarten (Dutch part),SXM,1954,29.981
Sint Maarten (Dutch part),SXM,1955,44.137
Sint Maarten (Dutch part),SXM,1956,43.332
Sint Maarten (Dutch part),SXM,1957,43.773
Sint Maarten (Dutch part),SXM,1958,44.801
Sint Maarten (Dutch part),SXM,1959,44.039
Sint Maarten (Dutch part),SXM,1960,66.311
Sint Maarten (Dutch part),SXM,1961,78.801
Sint Maarten (Dutch part),SXM,1962,76.9
Sint Maarten (Dutch part),SXM,1963,73.661
Sint Maarten (Dutch part),SXM,1964,70.873
Sint Maarten (Dutch part),SXM,1965,67.951
Sint Maarten (Dutch part),SXM,1966,64.537
Sint Maarten (Dutch part),SXM,1967,60.941
Sint Maarten (Dutch part),SXM,1968,57.086
Sint Maarten (Dutch part),SXM,1969,53.463
Sint Maarten (Dutch part),SXM,1970,50.047
Sint Maarten (Dutch part),SXM,1971,46.458
Sint Maarten (Dutch part),SXM,1972,47.016
Sint Maarten (Dutch part),SXM,1973,48.254
Sint Maarten (Dutch part),SXM,1974,46.512
Sint Maarten (Dutch part),SXM,1975,44.537
Sint Maarten (Dutch part),SXM,1976,42.098
Sint Maarten (Dutch part),SXM,1977,39.944
Sint Maarten (Dutch part),SXM,1978,37.867
Sint Maarten (Dutch part),SXM,1979,35.486
Sint Maarten (Dutch part),SXM,1980,32.957
Sint Maarten (Dutch part),SXM,1981,59.615
Sint Maarten (Dutch part),SXM,1982,81.608
Sint Maarten (Dutch part),SXM,1983,74.072
Sint Maarten (Dutch part),SXM,1984,68.215
Sint Maarten (Dutch part),SXM,1985,63.346
Sint Maarten (Dutch part),SXM,1986,59.244
Sint Maarten (Dutch part),SXM,1987,56.063
Sint Maarten (Dutch part),SXM,1988,53.908
Sint Maarten (Dutch part),SXM,1989,52.543
Sint Maarten (Dutch part),SXM,1990,51.78
Sint Maarten (Dutch part),SXM,1991,50.856
Sint Maarten (Dutch part),SXM,1992,15.015
Sint Maarten (Dutch part),SXM,1993,-20.047
Sint Maarten (Dutch part),SXM,1994,-21.556
Sint Maarten (Dutch part),SXM,1995,-22.945
Sint Maarten (Dutch part),SXM,1996,-23.578
Sint Maarten (Dutch part),SXM,1997,-23.564
Sint Maarten (Dutch part),SXM,1998,-23.082
Sint Maarten (Dutch part),SXM,1999,-21.758
Sint Maarten (Dutch part),SXM,2000,-20.082
Sint Maarten (Dutch part),SXM,2001,-9.406
Sint Maarten (Dutch part),SXM,2002,0.42
Sint Maarten (Dutch part),SXM,2003,1.309
Sint Maarten (Dutch part),SXM,2004,1.893
Sint Maarten (Dutch part),SXM,2005,2.152
Sint Maarten (Dutch part),SXM,2006,1.881
Sint Maarten (Dutch part),SXM,2007,3.141
Sint Maarten (Dutch part),SXM,2008,2.142
Sint Maarten (Dutch part),SXM,2009,1.911
Sint Maarten (Dutch part),SXM,2010,-0.71
Sint Maarten (Dutch part),SXM,2011,10.301
Sint Maarten (Dutch part),SXM,2012,15.076
Sint Maarten (Dutch part),SXM,2013,14.782
Sint Maarten (Dutch part),SXM,2014,14.453
Sint Maarten (Dutch part),SXM,2015,14.304
Sint Maarten (Dutch part),SXM,2016,14.249
Sint Maarten (Dutch part),SXM,2017,13.976
Sint Maarten (Dutch part),SXM,2018,13.472
Sint Maarten (Dutch part),SXM,2019,13.025
Sint Maarten (Dutch part),SXM,2020,12.656
Sint Maarten (Dutch part),SXM,2021,11.98
Sint Maarten (Dutch part),SXM,2022,13.384
Sint Maarten (Dutch part),SXM,2023,13.263
Slovakia,SVK,1950,-1.599
Slovakia,SVK,1951,1.132
Slovakia,SVK,1952,1.16
Slovakia,SVK,1953,1.181
Slovakia,SVK,1954,1.203
Slovakia,SVK,1955,1.127
Slovakia,SVK,1956,1.141
Slovakia,SVK,1957,1.123
Slovakia,SVK,1958,1.18
Slovakia,SVK,1959,1.11
Slovakia,SVK,1960,1.053
Slovakia,SVK,1961,1.15
Slovakia,SVK,1962,-2.129
Slovakia,SVK,1963,-1.998
Slovakia,SVK,1964,-1.991
Slovakia,SVK,1965,-1.995
Slovakia,SVK,1966,-2.003
Slovakia,SVK,1967,-2.001
Slovakia,SVK,1968,-1.988
Slovakia,SVK,1969,-2.002
Slovakia,SVK,1970,-1.087
Slovakia,SVK,1971,-0.766
Slovakia,SVK,1972,-0.764
Slovakia,SVK,1973,-0.83
Slovakia,SVK,1974,-0.893
Slovakia,SVK,1975,-0.982
Slovakia,SVK,1976,-0.926
Slovakia,SVK,1977,-0.955
Slovakia,SVK,1978,-0.96
Slovakia,SVK,1979,-0.955
Slovakia,SVK,1980,-1.11
Slovakia,SVK,1981,-1.161
Slovakia,SVK,1982,-1.205
Slovakia,SVK,1983,-1.251
Slovakia,SVK,1984,-1.226
Slovakia,SVK,1985,-1.178
Slovakia,SVK,1986,-1.186
Slovakia,SVK,1987,-1.23
Slovakia,SVK,1988,-1.243
Slovakia,SVK,1989,-1.382
Slovakia,SVK,1990,-1.785
Slovakia,SVK,1991,0.033
Slovakia,SVK,1992,-0.038
Slovakia,SVK,1993,0.014
Slovakia,SVK,1994,-0.02
Slovakia,SVK,1995,-0.006
Slovakia,SVK,1996,0.046
Slovakia,SVK,1997,0.046
Slovakia,SVK,1998,-0.002
Slovakia,SVK,1999,-0.022
Slovakia,SVK,2000,-0.154
Slovakia,SVK,2001,-0.16
Slovakia,SVK,2002,-0.108
Slovakia,SVK,2003,-0.12
Slovakia,SVK,2004,-0.097
Slovakia,SVK,2005,-0.104
Slovakia,SVK,2006,-0.102
Slovakia,SVK,2007,-0.106
Slovakia,SVK,2008,-0.092
Slovakia,SVK,2009,-0.101
Slovakia,SVK,2010,-0.336
Slovakia,SVK,2011,-0.443
Slovakia,SVK,2012,0.161
Slovakia,SVK,2013,-0.218
Slovakia,SVK,2014,-0.214
Slovakia,SVK,2015,0.47
Slovakia,SVK,2016,0.642
Slovakia,SVK,2017,0.603
Slovakia,SVK,2018,0.633
Slovakia,SVK,2019,0.574
Slovakia,SVK,2020,0.797
Slovakia,SVK,2021,-1.501
Slovakia,SVK,2022,16.867
Slovakia,SVK,2023,0.894
Slovenia,SVN,1950,-0.292
Slovenia,SVN,1951,0.346
Slovenia,SVN,1952,0.222
Slovenia,SVN,1953,-0.042
Slovenia,SVN,1954,0.142
Slovenia,SVN,1955,-0.419
Slovenia,SVN,1956,-0.509
Slovenia,SVN,1957,-0.251
Slovenia,SVN,1958,-0.016
Slovenia,SVN,1959,-0.452
Slovenia,SVN,1960,-0.579
Slovenia,SVN,1961,-0.189
Slovenia,SVN,1962,0.091
Slovenia,SVN,1963,-0.109
Slovenia,SVN,1964,-0.21
Slovenia,SVN,1965,-0.848
Slovenia,SVN,1966,-0.747
Slovenia,SVN,1967,-0.113
Slovenia,SVN,1968,0.255
Slovenia,SVN,1969,0.396
Slovenia,SVN,1970,0.149
Slovenia,SVN,1971,1.304
Slovenia,SVN,1972,1.654
Slovenia,SVN,1973,1.219
Slovenia,SVN,1974,1.746
Slovenia,SVN,1975,1.332
Slovenia,SVN,1976,1.214
Slovenia,SVN,1977,1.396
Slovenia,SVN,1978,1.131
Slovenia,SVN,1979,1.117
Slovenia,SVN,1980,1.644
Slovenia,SVN,1981,-2.62
Slovenia,SVN,1982,-4.533
Slovenia,SVN,1983,1.878
Slovenia,SVN,1984,1.697
Slovenia,SVN,1985,1.753
Slovenia,SVN,1986,16.643
Slovenia,SVN,1987,1.495
Slovenia,SVN,1988,-1.516
Slovenia,SVN,1989,-1.362
Slovenia,SVN,1990,0.309
Slovenia,SVN,1991,-1.663
Slovenia,SVN,1992,-2.779
Slovenia,SVN,1993,-2.331
Slovenia,SVN,1994,-0.077
Slovenia,SVN,1995,0.179
Slovenia,SVN,1996,-1.236
Slovenia,SVN,1997,-0.654
Slovenia,SVN,1998,-2.667
Slovenia,SVN,1999,5.194
Slovenia,SVN,2000,1.572
Slovenia,SVN,2001,2.275
Slovenia,SVN,2002,0.992
Slovenia,SVN,2003,1.615
Slovenia,SVN,2004,0.882
Slovenia,SVN,2005,3.163
Slovenia,SVN,2006,3.036
Slovenia,SVN,2007,7.046
Slovenia,SVN,2008,1.467
Slovenia,SVN,2009,5.696
Slovenia,SVN,2010,-0.201
Slovenia,SVN,2011,1.069
Slovenia,SVN,2012,0.544
Slovenia,SVN,2013,0.311
Slovenia,SVN,2014,-0.034
Slovenia,SVN,2015,0.346
Slovenia,SVN,2016,0.58
Slovenia,SVN,2017,0.659
Slovenia,SVN,2018,7.074
Slovenia,SVN,2019,7.849
Slovenia,SVN,2020,13.562
Slovenia,SVN,2021,1.172
Slovenia,SVN,2022,4.262
Slovenia,SVN,2023,2.52
Solomon Islands,SLB,1950,0
Solomon Islands,SLB,1951,0
Solomon Islands,SLB,1952,0
Solomon Islands,SLB,1953,0
Solomon Islands,SLB,1954,0
Solomon Islands,SLB,1955,0
Solomon Islands,SLB,1956,0
Solomon Islands,SLB,1957,0
Solomon Islands,SLB,1958,0
Solomon Islands,SLB,1959,0
Solomon Islands,SLB,1960,-6.566
Solomon Islands,SLB,1961,-7.111
Solomon Islands,SLB,1962,-7.34
Solomon Islands,SLB,1963,-7.549
Solomon Islands,SLB,1964,-7.838
Solomon Islands,SLB,1965,-7.896
Solomon Islands,SLB,1966,-7.829
Solomon Islands,SLB,1967,-7.385
Solomon Islands,SLB,1968,-6.855
Solomon Islands,SLB,1969,-6.884
Solomon Islands,SLB,1970,-9.245
Solomon Islands,SLB,1971,-9.112
Solomon Islands,SLB,1972,-8.217
Solomon Islands,SLB,1973,-7.003
Solomon Islands,SLB,1974,-5.56
Solomon Islands,SLB,1975,-3.785
Solomon Islands,SLB,1976,-0.23
Solomon Islands,SLB,1977,0.74
Solomon Islands,SLB,1978,0.782
Solomon Islands,SLB,1979,0.817
Solomon Islands,SLB,1980,0.632
Solomon Islands,SLB,1981,0.401
Solomon Islands,SLB,1982,0.157
Solomon Islands,SLB,1983,-0.113
Solomon Islands,SLB,1984,-0.372
Solomon Islands,SLB,1985,-0.529
Solomon Islands,SLB,1986,-0.923
Solomon Islands,SLB,1987,-0.593
Solomon Islands,SLB,1988,-0.634
Solomon Islands,SLB,1989,-0.842
Solomon Islands,SLB,1990,-1.012
Solomon Islands,SLB,1991,-1.2
Solomon Islands,SLB,1992,-1.368
Solomon Islands,SLB,1993,-1.833
Solomon Islands,SLB,1994,-2.216
Solomon Islands,SLB,1995,-2.475
Solomon Islands,SLB,1996,-2.392
Solomon Islands,SLB,1997,-2.284
Solomon Islands,SLB,1998,-2.431
Solomon Islands,SLB,1999,-3.688
Solomon Islands,SLB,2000,-9.578
Solomon Islands,SLB,2001,-9.961
Solomon Islands,SLB,2002,-10.249
Solomon Islands,SLB,2003,-10.47
Solomon Islands,SLB,2004,-10.504
Solomon Islands,SLB,2005,-10.521
Solomon Islands,SLB,2006,-10.704
Solomon Islands,SLB,2007,-10.764
Solomon Islands,SLB,2008,-10.885
Solomon Islands,SLB,2009,-8.415
Solomon Islands,SLB,2010,9.457
Solomon Islands,SLB,2011,9.439
Solomon Islands,SLB,2012,9.448
Solomon Islands,SLB,2013,9.464
Solomon Islands,SLB,2014,9.074
Solomon Islands,SLB,2015,9.154
Solomon Islands,SLB,2016,9.278
Solomon Islands,SLB,2017,9.499
Solomon Islands,SLB,2018,9.383
Solomon Islands,SLB,2019,-2.733
Solomon Islands,SLB,2020,2.09
Solomon Islands,SLB,2021,1.966
Solomon Islands,SLB,2022,2.006
Solomon Islands,SLB,2023,2.045
Somalia,SOM,1950,0.538
Somalia,SOM,1951,0.451
Somalia,SOM,1952,0.138
Somalia,SOM,1953,-0.438
Somalia,SOM,1954,-0.302
Somalia,SOM,1955,-0.326
Somalia,SOM,1956,-0.331
Somalia,SOM,1957,-0.41
Somalia,SOM,1958,-1.113
Somalia,SOM,1959,-0.079
Somalia,SOM,1960,0.261
Somalia,SOM,1961,0.453
Somalia,SOM,1962,0.494
Somalia,SOM,1963,0.466
Somalia,SOM,1964,0.475
Somalia,SOM,1965,0.653
Somalia,SOM,1966,0.28
Somalia,SOM,1967,0.434
Somalia,SOM,1968,0.255
Somalia,SOM,1969,0.19
Somalia,SOM,1970,0.295
Somalia,SOM,1971,-0.482
Somalia,SOM,1972,-0.089
Somalia,SOM,1973,0.035
Somalia,SOM,1974,-0.119
Somalia,SOM,1975,-0.454
Somalia,SOM,1976,-0.878
Somalia,SOM,1977,0.484
Somalia,SOM,1978,83.492
Somalia,SOM,1979,106.943
Somalia,SOM,1980,11.037
Somalia,SOM,1981,-55.513
Somalia,SOM,1982,1.019
Somalia,SOM,1983,1.533
Somalia,SOM,1984,9.432
Somalia,SOM,1985,9.29
Somalia,SOM,1986,10.67
Somalia,SOM,1987,-2.406
Somalia,SOM,1988,-57.448
Somalia,SOM,1989,-37.426
Somalia,SOM,1990,-35.036
Somalia,SOM,1991,-83.385
Somalia,SOM,1992,-27.663
Somalia,SOM,1993,39.186
Somalia,SOM,1994,-7.247
Somalia,SOM,1995,9.044
Somalia,SOM,1996,-6.128
Somalia,SOM,1997,6.351
Somalia,SOM,1998,6.796
Somalia,SOM,1999,4.422
Somalia,SOM,2000,6.062
Somalia,SOM,2001,4.378
Somalia,SOM,2002,1.32
Somalia,SOM,2003,3.348
Somalia,SOM,2004,1.688
Somalia,SOM,2005,-0.559
Somalia,SOM,2006,-6.123
Somalia,SOM,2007,0.749
Somalia,SOM,2008,-8.749
Somalia,SOM,2009,-8.51
Somalia,SOM,2010,-7.213
Somalia,SOM,2011,-26.415
Somalia,SOM,2012,-4.16
Somalia,SOM,2013,1.61
Somalia,SOM,2014,0.455
Somalia,SOM,2015,-1.244
Somalia,SOM,2016,8.643
Somalia,SOM,2017,2.552
Somalia,SOM,2018,2.643
Somalia,SOM,2019,3.314
Somalia,SOM,2020,4.64
Somalia,SOM,2021,2.056
Somalia,SOM,2022,-5.192
Somalia,SOM,2023,2.517
South Africa,ZAF,1950,0.671
South Africa,ZAF,1951,0.595
South Africa,ZAF,1952,0.294
South Africa,ZAF,1953,-0.4
South Africa,ZAF,1954,-0.218
South Africa,ZAF,1955,-0.189
South Africa,ZAF,1956,-0.144
South Africa,ZAF,1957,-0.196
South Africa,ZAF,1958,-0.904
South Africa,ZAF,1959,0.286
South Africa,ZAF,1960,1.149
South Africa,ZAF,1961,3.414
South Africa,ZAF,1962,4.006
South Africa,ZAF,1963,4.057
South Africa,ZAF,1964,4.122
South Africa,ZAF,1965,4.323
South Africa,ZAF,1966,3.932
South Africa,ZAF,1967,4.033
South Africa,ZAF,1968,3.766
South Africa,ZAF,1969,3.388
South Africa,ZAF,1970,2.761
South Africa,ZAF,1971,1.437
South Africa,ZAF,1972,1.616
South Africa,ZAF,1973,1.693
South Africa,ZAF,1974,1.541
South Africa,ZAF,1975,1.511
South Africa,ZAF,1976,1.036
South Africa,ZAF,1977,2.35
South Africa,ZAF,1978,2.229
South Africa,ZAF,1979,1.967
South Africa,ZAF,1980,8.744
South Africa,ZAF,1981,9.167
South Africa,ZAF,1982,9.274
South Africa,ZAF,1983,9.474
South Africa,ZAF,1984,8.58
South Africa,ZAF,1985,6.99
South Africa,ZAF,1986,6.478
South Africa,ZAF,1987,6.189
South Africa,ZAF,1988,6.403
South Africa,ZAF,1989,6.45
South Africa,ZAF,1990,6.374
South Africa,ZAF,1991,-0.939
South Africa,ZAF,1992,-1.681
South Africa,ZAF,1993,4.503
South Africa,ZAF,1994,-6.11
South Africa,ZAF,1995,-2.209
South Africa,ZAF,1996,-4.277
South Africa,ZAF,1997,-2.15
South Africa,ZAF,1998,-1.79
South Africa,ZAF,1999,-2.697
South Africa,ZAF,2000,-2.901
South Africa,ZAF,2001,-1.278
South Africa,ZAF,2002,1.048
South Africa,ZAF,2003,1.353
South Africa,ZAF,2004,1.203
South Africa,ZAF,2005,0.632
South Africa,ZAF,2006,0.663
South Africa,ZAF,2007,0.719
South Africa,ZAF,2008,0.721
South Africa,ZAF,2009,0.803
South Africa,ZAF,2010,1.31
South Africa,ZAF,2011,1.23
South Africa,ZAF,2012,4.91
South Africa,ZAF,2013,4.247
South Africa,ZAF,2014,4.905
South Africa,ZAF,2015,11.303
South Africa,ZAF,2016,-15.355
South Africa,ZAF,2017,5.954
South Africa,ZAF,2018,5.43
South Africa,ZAF,2019,5.557
South Africa,ZAF,2020,6.108
South Africa,ZAF,2021,7.451
South Africa,ZAF,2022,3.74
South Africa,ZAF,2023,3.61
South Korea,KOR,1950,7.425
South Korea,KOR,1951,8.351
South Korea,KOR,1952,8.559
South Korea,KOR,1953,8.243
South Korea,KOR,1954,7.611
South Korea,KOR,1955,6.83
South Korea,KOR,1956,6.054
South Korea,KOR,1957,5.404
South Korea,KOR,1958,4.808
South Korea,KOR,1959,3.492
South Korea,KOR,1960,1.809
South Korea,KOR,1961,-3.47
South Korea,KOR,1962,-3.439
South Korea,KOR,1963,-2.85
South Korea,KOR,1964,-3.558
South Korea,KOR,1965,-4.999
South Korea,KOR,1966,-0.559
South Korea,KOR,1967,-0.541
South Korea,KOR,1968,-0.541
South Korea,KOR,1969,-0.665
South Korea,KOR,1970,-0.86
South Korea,KOR,1971,-0.19
South Korea,KOR,1972,0.748
South Korea,KOR,1973,1.033
South Korea,KOR,1974,0.765
South Korea,KOR,1975,-1.459
South Korea,KOR,1976,-2.537
South Korea,KOR,1977,-2.463
South Korea,KOR,1978,-2.299
South Korea,KOR,1979,-3.701
South Korea,KOR,1980,-3.889
South Korea,KOR,1981,0.477
South Korea,KOR,1982,1.236
South Korea,KOR,1983,2.554
South Korea,KOR,1984,2.497
South Korea,KOR,1985,2.38
South Korea,KOR,1986,4.549
South Korea,KOR,1987,4.68
South Korea,KOR,1988,4.486
South Korea,KOR,1989,4.276
South Korea,KOR,1990,1.799
South Korea,KOR,1991,-6.093
South Korea,KOR,1992,-5.954
South Korea,KOR,1993,-4.964
South Korea,KOR,1994,-4.616
South Korea,KOR,1995,-4.596
South Korea,KOR,1996,-2.535
South Korea,KOR,1997,-2.375
South Korea,KOR,1998,-2.121
South Korea,KOR,1999,-2.311
South Korea,KOR,2000,-1.817
South Korea,KOR,2001,-0.595
South Korea,KOR,2002,-0.383
South Korea,KOR,2003,-0.673
South Korea,KOR,2004,-0.892
South Korea,KOR,2005,-0.999
South Korea,KOR,2006,-0.592
South Korea,KOR,2007,-0.878
South Korea,KOR,2008,-0.406
South Korea,KOR,2009,0.109
South Korea,KOR,2010,1.067
South Korea,KOR,2011,5.495
South Korea,KOR,2012,5.683
South Korea,KOR,2013,6.03
South Korea,KOR,2014,6.095
South Korea,KOR,2015,5.422
South Korea,KOR,2016,1.785
South Korea,KOR,2017,2.021
South Korea,KOR,2018,2.289
South Korea,KOR,2019,2.485
South Korea,KOR,2020,2.172
South Korea,KOR,2021,-0.324
South Korea,KOR,2022,1.696
South Korea,KOR,2023,1.697
South Sudan,SSD,1950,-0.399
South Sudan,SSD,1951,-0.311
South Sudan,SSD,1952,-0.229
South Sudan,SSD,1953,-0.151
South Sudan,SSD,1954,-0.072
South Sudan,SSD,1955,0
South Sudan,SSD,1956,0.07
South Sudan,SSD,1957,0.141
South Sudan,SSD,1958,0.206
South Sudan,SSD,1959,0.272
South Sudan,SSD,1960,0.339
South Sudan,SSD,1961,0.401
South Sudan,SSD,1962,0.458
South Sudan,SSD,1963,0.518
South Sudan,SSD,1964,0.57
South Sudan,SSD,1965,0.499
South Sudan,SSD,1966,0.428
South Sudan,SSD,1967,0.364
South Sudan,SSD,1968,0.3
South Sudan,SSD,1969,0.234
South Sudan,SSD,1970,0.172
South Sudan,SSD,1971,0.114
South Sudan,SSD,1972,0.054
South Sudan,SSD,1973,0
South Sudan,SSD,1974,-0.052
South Sudan,SSD,1975,-0.103
South Sudan,SSD,1976,-0.254
South Sudan,SSD,1977,-0.496
South Sudan,SSD,1978,-0.726
South Sudan,SSD,1979,-0.944
South Sudan,SSD,1980,-1.152
South Sudan,SSD,1981,-1.348
South Sudan,SSD,1982,-1.532
South Sudan,SSD,1983,-1.713
South Sudan,SSD,1984,-1.891
South Sudan,SSD,1985,-2.066
South Sudan,SSD,1986,-2.23
South Sudan,SSD,1987,-2.413
South Sudan,SSD,1988,-20.022
South Sudan,SSD,1989,-27.756
South Sudan,SSD,1990,2.741
South Sudan,SSD,1991,2.962
South Sudan,SSD,1992,3.071
South Sudan,SSD,1993,3.182
South Sudan,SSD,1994,3.235
South Sudan,SSD,1995,3.268
South Sudan,SSD,1996,3.351
South Sudan,SSD,1997,8.764
South Sudan,SSD,1998,11.438
South Sudan,SSD,1999,12.175
South Sudan,SSD,2000,12.305
South Sudan,SSD,2001,12.342
South Sudan,SSD,2002,12.559
South Sudan,SSD,2003,13.32
South Sudan,SSD,2004,15.233
South Sudan,SSD,2005,17.505
South Sudan,SSD,2006,19.297
South Sudan,SSD,2007,19.949
South Sudan,SSD,2008,18.776
South Sudan,SSD,2009,15.051
South Sudan,SSD,2010,30.721
South Sudan,SSD,2011,18.888
South Sudan,SSD,2012,11.693
South Sudan,SSD,2013,5.851
South Sudan,SSD,2014,-41.969
South Sudan,SSD,2015,-14.389
South Sudan,SSD,2016,-60.408
South Sudan,SSD,2017,-65.354
South Sudan,SSD,2018,15.55
South Sudan,SSD,2019,6.255
South Sudan,SSD,2020,5.883
South Sudan,SSD,2021,-14.206
South Sudan,SSD,2022,3.653
South Sudan,SSD,2023,39.622
Spain,ESP,1950,-4.615
Spain,ESP,1951,-3.029
Spain,ESP,1952,-2.987
Spain,ESP,1953,-3.011
Spain,ESP,1954,-3.051
Spain,ESP,1955,-2.985
Spain,ESP,1956,-3.074
Spain,ESP,1957,-3.073
Spain,ESP,1958,-3.318
Spain,ESP,1959,-3.514
Spain,ESP,1960,-5.094
Spain,ESP,1961,-1.515
Spain,ESP,1962,-1.457
Spain,ESP,1963,-1.416
Spain,ESP,1964,-1.306
Spain,ESP,1965,-1.323
Spain,ESP,1966,-1.277
Spain,ESP,1967,-1.29
Spain,ESP,1968,-1.389
Spain,ESP,1969,-1.491
Spain,ESP,1970,-1.792
Spain,ESP,1971,0.216
Spain,ESP,1972,0.23
Spain,ESP,1973,0.247
Spain,ESP,1974,2.993
Spain,ESP,1975,-0.006
Spain,ESP,1976,0.078
Spain,ESP,1977,-0.036
Spain,ESP,1978,-0.068
Spain,ESP,1979,-0.159
Spain,ESP,1980,0.537
Spain,ESP,1981,0.068
Spain,ESP,1982,-0.194
Spain,ESP,1983,0.032
Spain,ESP,1984,0.072
Spain,ESP,1985,-0.015
Spain,ESP,1986,-0.35
Spain,ESP,1987,-0.326
Spain,ESP,1988,-0.453
Spain,ESP,1989,-0.663
Spain,ESP,1990,-0.785
Spain,ESP,1991,3.134
Spain,ESP,1992,4.504
Spain,ESP,1993,4.058
Spain,ESP,1994,4.024
Spain,ESP,1995,4.056
Spain,ESP,1996,4.044
Spain,ESP,1997,4.09
Spain,ESP,1998,4.504
Spain,ESP,1999,4.375
Spain,ESP,2000,4.297
Spain,ESP,2001,4.396
Spain,ESP,2002,17.671
Spain,ESP,2003,15.49
Spain,ESP,2004,15.292
Spain,ESP,2005,14.327
Spain,ESP,2006,14.76
Spain,ESP,2007,16.968
Spain,ESP,2008,9.39
Spain,ESP,2009,2.778
Spain,ESP,2010,1.482
Spain,ESP,2011,1.293
Spain,ESP,2012,-3.264
Spain,ESP,2013,-5.351
Spain,ESP,2014,-2.095
Spain,ESP,2015,-0.042
Spain,ESP,2016,2.278
Spain,ESP,2017,4.291
Spain,ESP,2018,7.166
Spain,ESP,2019,9.798
Spain,ESP,2020,4.968
Spain,ESP,2021,3.025
Spain,ESP,2022,6.268
Spain,ESP,2023,2.486
Sri Lanka,LKA,1950,0.997
Sri Lanka,LKA,1951,0.405
Sri Lanka,LKA,1952,-0.144
Sri Lanka,LKA,1953,-0.641
Sri Lanka,LKA,1954,-1.046
Sri Lanka,LKA,1955,-1.357
Sri Lanka,LKA,1956,-1.56
Sri Lanka,LKA,1957,-1.648
Sri Lanka,LKA,1958,-1.618
Sri Lanka,LKA,1959,-1.487
Sri Lanka,LKA,1960,-1.305
Sri Lanka,LKA,1961,-1.025
Sri Lanka,LKA,1962,-0.878
Sri Lanka,LKA,1963,-0.781
Sri Lanka,LKA,1964,-0.715
Sri Lanka,LKA,1965,-0.664
Sri Lanka,LKA,1966,-0.607
Sri Lanka,LKA,1967,-0.584
Sri Lanka,LKA,1968,-0.61
Sri Lanka,LKA,1969,-0.845
Sri Lanka,LKA,1970,-1.326
Sri Lanka,LKA,1971,-1.754
Sri Lanka,LKA,1972,-2.113
Sri Lanka,LKA,1973,-2.341
Sri Lanka,LKA,1974,-2.554
Sri Lanka,LKA,1975,-2.766
Sri Lanka,LKA,1976,-2.99
Sri Lanka,LKA,1977,-3.23
Sri Lanka,LKA,1978,-3.507
Sri Lanka,LKA,1979,-3.956
Sri Lanka,LKA,1980,-4.279
Sri Lanka,LKA,1981,-5.949
Sri Lanka,LKA,1982,-10.728
Sri Lanka,LKA,1983,-13.605
Sri Lanka,LKA,1984,-14.6
Sri Lanka,LKA,1985,-5.208
Sri Lanka,LKA,1986,-1.682
Sri Lanka,LKA,1987,-3.965
Sri Lanka,LKA,1988,-3.633
Sri Lanka,LKA,1989,-2.05
Sri Lanka,LKA,1990,-11.97
Sri Lanka,LKA,1991,-0.064
Sri Lanka,LKA,1992,5.289
Sri Lanka,LKA,1993,2.128
Sri Lanka,LKA,1994,0.482
Sri Lanka,LKA,1995,6.685
Sri Lanka,LKA,1996,7.106
Sri Lanka,LKA,1997,7.433
Sri Lanka,LKA,1998,8.105
Sri Lanka,LKA,1999,7.327
Sri Lanka,LKA,2000,6.422
Sri Lanka,LKA,2001,0.983
Sri Lanka,LKA,2002,-5.338
Sri Lanka,LKA,2003,-5.392
Sri Lanka,LKA,2004,-4.221
Sri Lanka,LKA,2005,-5.866
Sri Lanka,LKA,2006,-5.26
Sri Lanka,LKA,2007,-5.353
Sri Lanka,LKA,2008,-4.709
Sri Lanka,LKA,2009,-3.909
Sri Lanka,LKA,2010,-4.697
Sri Lanka,LKA,2011,-4.324
Sri Lanka,LKA,2012,-1.982
Sri Lanka,LKA,2013,-1.768
Sri Lanka,LKA,2014,-1.563
Sri Lanka,LKA,2015,-1.371
Sri Lanka,LKA,2016,-0.839
Sri Lanka,LKA,2017,-1.011
Sri Lanka,LKA,2018,-1.286
Sri Lanka,LKA,2019,-1.268
Sri Lanka,LKA,2020,-1.324
Sri Lanka,LKA,2021,-1.303
Sri Lanka,LKA,2022,-1.201
Sri Lanka,LKA,2023,-1.219
Sudan,SDN,1950,0.54
Sudan,SDN,1951,0.45
Sudan,SDN,1952,0.136
Sudan,SDN,1953,-0.438
Sudan,SDN,1954,-0.304
Sudan,SDN,1955,-0.326
Sudan,SDN,1956,-0.331
Sudan,SDN,1957,-0.412
Sudan,SDN,1958,-1.116
Sudan,SDN,1959,-0.076
Sudan,SDN,1960,0.262
Sudan,SDN,1961,0.452
Sudan,SDN,1962,0.492
Sudan,SDN,1963,0.462
Sudan,SDN,1964,0.473
Sudan,SDN,1965,0.646
Sudan,SDN,1966,0.276
Sudan,SDN,1967,0.427
Sudan,SDN,1968,0.254
Sudan,SDN,1969,0.219
Sudan,SDN,1970,0.383
Sudan,SDN,1971,-0.295
Sudan,SDN,1972,0.179
Sudan,SDN,1973,13.268
Sudan,SDN,1974,0.443
Sudan,SDN,1975,4.468
Sudan,SDN,1976,1.52
Sudan,SDN,1977,3.88
Sudan,SDN,1978,11.287
Sudan,SDN,1979,7.375
Sudan,SDN,1980,12.228
Sudan,SDN,1981,5.438
Sudan,SDN,1982,6.708
Sudan,SDN,1983,-2.843
Sudan,SDN,1984,-11.243
Sudan,SDN,1985,-11.168
Sudan,SDN,1986,-12.124
Sudan,SDN,1987,-11.048
Sudan,SDN,1988,-11.127
Sudan,SDN,1989,-11.214
Sudan,SDN,1990,-11.572
Sudan,SDN,1991,-11.63
Sudan,SDN,1992,-11.824
Sudan,SDN,1993,-7.117
Sudan,SDN,1994,-6.003
Sudan,SDN,1995,-5.864
Sudan,SDN,1996,-12.295
Sudan,SDN,1997,-5.751
Sudan,SDN,1998,-5.679
Sudan,SDN,1999,-5.79
Sudan,SDN,2000,-5.933
Sudan,SDN,2001,-6.093
Sudan,SDN,2002,-6.179
Sudan,SDN,2003,-9.399
Sudan,SDN,2004,-6.067
Sudan,SDN,2005,-6.378
Sudan,SDN,2006,-6.607
Sudan,SDN,2007,-6.158
Sudan,SDN,2008,-2.177
Sudan,SDN,2009,-2.319
Sudan,SDN,2010,-9.586
Sudan,SDN,2011,-9.602
Sudan,SDN,2012,-6.289
Sudan,SDN,2013,-5.134
Sudan,SDN,2014,2.383
Sudan,SDN,2015,1.661
Sudan,SDN,2016,2.054
Sudan,SDN,2017,10.339
Sudan,SDN,2018,2.837
Sudan,SDN,2019,-0.867
Sudan,SDN,2020,-1.409
Sudan,SDN,2021,0.659
Sudan,SDN,2022,-0.54
Sudan,SDN,2023,-26.977
Suriname,SUR,1950,-3.225
Suriname,SUR,1951,2
Suriname,SUR,1952,1.628
Suriname,SUR,1953,1.304
Suriname,SUR,1954,1.079
Suriname,SUR,1955,0.986
Suriname,SUR,1956,1.034
Suriname,SUR,1957,1.228
Suriname,SUR,1958,1.493
Suriname,SUR,1959,1.758
Suriname,SUR,1960,2.061
Suriname,SUR,1961,2.419
Suriname,SUR,1962,16.565
Suriname,SUR,1963,14.076
Suriname,SUR,1964,5.889
Suriname,SUR,1965,5.178
Suriname,SUR,1966,6.351
Suriname,SUR,1967,7.695
Suriname,SUR,1968,8.874
Suriname,SUR,1969,9.744
Suriname,SUR,1970,9.991
Suriname,SUR,1971,9.063
Suriname,SUR,1972,-25.88
Suriname,SUR,1973,-27.2
Suriname,SUR,1974,-28.097
Suriname,SUR,1975,-28.854
Suriname,SUR,1976,-29.311
Suriname,SUR,1977,-29.579
Suriname,SUR,1978,-29.853
Suriname,SUR,1979,-30.124
Suriname,SUR,1980,-19.687
Suriname,SUR,1981,-18.62
Suriname,SUR,1982,-17.437
Suriname,SUR,1983,-15.937
Suriname,SUR,1984,-12.805
Suriname,SUR,1985,-9.724
Suriname,SUR,1986,-9.992
Suriname,SUR,1987,-13.774
Suriname,SUR,1988,-6.397
Suriname,SUR,1989,-9.417
Suriname,SUR,1990,-15.688
Suriname,SUR,1991,-14.877
Suriname,SUR,1992,-13.559
Suriname,SUR,1993,-17.386
Suriname,SUR,1994,-6.423
Suriname,SUR,1995,2.968
Suriname,SUR,1996,2.655
Suriname,SUR,1997,2.598
Suriname,SUR,1998,2.713
Suriname,SUR,1999,2.956
Suriname,SUR,2000,3.181
Suriname,SUR,2001,3.373
Suriname,SUR,2002,4.181
Suriname,SUR,2003,4.631
Suriname,SUR,2004,-3.261
Suriname,SUR,2005,-2.954
Suriname,SUR,2006,-2.672
Suriname,SUR,2007,-2.471
Suriname,SUR,2008,-2.336
Suriname,SUR,2009,-2.215
Suriname,SUR,2010,-2.069
Suriname,SUR,2011,-1.906
Suriname,SUR,2012,-1.797
Suriname,SUR,2013,-1.701
Suriname,SUR,2014,-1.667
Suriname,SUR,2015,-1.663
Suriname,SUR,2016,-1.541
Suriname,SUR,2017,-1.575
Suriname,SUR,2018,-1.419
Suriname,SUR,2019,0.315
Suriname,SUR,2020,-0.483
Suriname,SUR,2021,-0.787
Suriname,SUR,2022,-1.585
Suriname,SUR,2023,-1.571
Sweden,SWE,1950,2.241
Sweden,SWE,1951,1.581
Sweden,SWE,1952,1.368
Sweden,SWE,1953,0.178
Sweden,SWE,1954,0.874
Sweden,SWE,1955,2.383
Sweden,SWE,1956,1.828
Sweden,SWE,1957,2.441
Sweden,SWE,1958,1.255
Sweden,SWE,1959,0.347
Sweden,SWE,1960,0.144
Sweden,SWE,1961,1.915
Sweden,SWE,1962,1.273
Sweden,SWE,1963,1.448
Sweden,SWE,1964,3.078
Sweden,SWE,1965,4.196
Sweden,SWE,1966,3.193
Sweden,SWE,1967,1.408
Sweden,SWE,1968,1.08
Sweden,SWE,1969,6.128
Sweden,SWE,1970,5.874
Sweden,SWE,1971,0.288
Sweden,SWE,1972,-1.664
Sweden,SWE,1973,-1.174
Sweden,SWE,1974,1.129
Sweden,SWE,1975,2.022
Sweden,SWE,1976,2.472
Sweden,SWE,1977,2.851
Sweden,SWE,1978,1.668
Sweden,SWE,1979,1.675
Sweden,SWE,1980,1.208
Sweden,SWE,1981,0.386
Sweden,SWE,1982,0.303
Sweden,SWE,1983,0.253
Sweden,SWE,1984,1.04
Sweden,SWE,1985,1.373
Sweden,SWE,1986,1.817
Sweden,SWE,1987,2.541
Sweden,SWE,1988,3.564
Sweden,SWE,1989,5.247
Sweden,SWE,1990,4.168
Sweden,SWE,1991,2.938
Sweden,SWE,1992,2.366
Sweden,SWE,1993,3.754
Sweden,SWE,1994,5.871
Sweden,SWE,1995,1.317
Sweden,SWE,1996,0.653
Sweden,SWE,1997,0.684
Sweden,SWE,1998,1.28
Sweden,SWE,1999,1.574
Sweden,SWE,2000,2.807
Sweden,SWE,2001,3.244
Sweden,SWE,2002,3.514
Sweden,SWE,2003,3.255
Sweden,SWE,2004,2.873
Sweden,SWE,2005,2.993
Sweden,SWE,2006,5.691
Sweden,SWE,2007,6.002
Sweden,SWE,2008,6.123
Sweden,SWE,2009,6.844
Sweden,SWE,2010,5.457
Sweden,SWE,2011,4.873
Sweden,SWE,2012,5.555
Sweden,SWE,2013,6.954
Sweden,SWE,2014,8.009
Sweden,SWE,2015,8.218
Sweden,SWE,2016,12.016
Sweden,SWE,2017,10.208
Sweden,SWE,2018,8.601
Sweden,SWE,2019,7.065
Sweden,SWE,2020,3.603
Sweden,SWE,2021,4.987
Sweden,SWE,2022,5.622
Sweden,SWE,2023,5.232
Switzerland,CHE,1950,2.562
Switzerland,CHE,1951,6.302
Switzerland,CHE,1952,6.181
Switzerland,CHE,1953,6.065
Switzerland,CHE,1954,5.854
Switzerland,CHE,1955,5.68
Switzerland,CHE,1956,5.393
Switzerland,CHE,1957,5.019
Switzerland,CHE,1958,4.803
Switzerland,CHE,1959,4.344
Switzerland,CHE,1960,4.188
Switzerland,CHE,1961,18.637
Switzerland,CHE,1962,14.855
Switzerland,CHE,1963,10.259
Switzerland,CHE,1964,3.706
Switzerland,CHE,1965,-0.231
Switzerland,CHE,1966,2.531
Switzerland,CHE,1967,4.623
Switzerland,CHE,1968,4.257
Switzerland,CHE,1969,3.382
Switzerland,CHE,1970,-2.965
Switzerland,CHE,1971,0.424
Switzerland,CHE,1972,3.193
Switzerland,CHE,1973,1.293
Switzerland,CHE,1974,0.317
Switzerland,CHE,1975,-9.18
Switzerland,CHE,1976,-8.608
Switzerland,CHE,1977,-3.585
Switzerland,CHE,1978,-1.043
Switzerland,CHE,1979,0.677
Switzerland,CHE,1980,2.823
Switzerland,CHE,1981,3.813
Switzerland,CHE,1982,3.431
Switzerland,CHE,1983,0.882
Switzerland,CHE,1984,1.945
Switzerland,CHE,1985,2.226
Switzerland,CHE,1986,3.573
Switzerland,CHE,1987,4.137
Switzerland,CHE,1988,5.247
Switzerland,CHE,1989,5.179
Switzerland,CHE,1990,8.703
Switzerland,CHE,1991,10.26
Switzerland,CHE,1992,6.111
Switzerland,CHE,1993,5.804
Switzerland,CHE,1994,4.329
Switzerland,CHE,1995,3.6
Switzerland,CHE,1996,-0.019
Switzerland,CHE,1997,-0.274
Switzerland,CHE,1998,1.593
Switzerland,CHE,1999,3.583
Switzerland,CHE,2000,3.405
Switzerland,CHE,2001,4.901
Switzerland,CHE,2002,6.821
Switzerland,CHE,2003,5.805
Switzerland,CHE,2004,5.347
Switzerland,CHE,2005,4.468
Switzerland,CHE,2006,4.989
Switzerland,CHE,2007,9.605
Switzerland,CHE,2008,12.357
Switzerland,CHE,2009,8.959
Switzerland,CHE,2010,9.761
Switzerland,CHE,2011,8.49
Switzerland,CHE,2012,8.481
Switzerland,CHE,2013,10.36
Switzerland,CHE,2014,9.538
Switzerland,CHE,2015,8.677
Switzerland,CHE,2016,8.479
Switzerland,CHE,2017,5.401
Switzerland,CHE,2018,4.844
Switzerland,CHE,2019,5.19
Switzerland,CHE,2020,6.426
Switzerland,CHE,2021,5.819
Switzerland,CHE,2022,10.967
Switzerland,CHE,2023,5.084
Syria,SYR,1950,0
Syria,SYR,1951,0
Syria,SYR,1952,0
Syria,SYR,1953,0
Syria,SYR,1954,0
Syria,SYR,1955,0
Syria,SYR,1956,0
Syria,SYR,1957,0
Syria,SYR,1958,0
Syria,SYR,1959,0
Syria,SYR,1960,0
Syria,SYR,1961,-2.334
Syria,SYR,1962,-2.347
Syria,SYR,1963,-2.312
Syria,SYR,1964,-2.286
Syria,SYR,1965,-2.337
Syria,SYR,1966,-2.395
Syria,SYR,1967,-2.525
Syria,SYR,1968,-2.838
Syria,SYR,1969,-3.036
Syria,SYR,1970,-3.071
Syria,SYR,1971,-2.299
Syria,SYR,1972,-2.58
Syria,SYR,1973,-2.479
Syria,SYR,1974,-3.32
Syria,SYR,1975,-3.228
Syria,SYR,1976,-3.36
Syria,SYR,1977,-3.495
Syria,SYR,1978,-3.651
Syria,SYR,1979,-3.786
Syria,SYR,1980,-3.697
Syria,SYR,1981,-2.65
Syria,SYR,1982,-0.075
Syria,SYR,1983,-0.982
Syria,SYR,1984,-0.511
Syria,SYR,1985,-0.585
Syria,SYR,1986,-0.862
Syria,SYR,1987,-0.732
Syria,SYR,1988,-0.715
Syria,SYR,1989,-0.688
Syria,SYR,1990,-0.526
Syria,SYR,1991,-0.782
Syria,SYR,1992,-0.304
Syria,SYR,1993,-0.64
Syria,SYR,1994,-0.889
Syria,SYR,1995,-1.924
Syria,SYR,1996,-2.011
Syria,SYR,1997,-2.048
Syria,SYR,1998,-1.645
Syria,SYR,1999,-1.935
Syria,SYR,2000,-2.069
Syria,SYR,2001,-2.134
Syria,SYR,2002,-2.009
Syria,SYR,2003,-1.896
Syria,SYR,2004,0.593
Syria,SYR,2005,0.711
Syria,SYR,2006,34.777
Syria,SYR,2007,38.379
Syria,SYR,2008,-18.598
Syria,SYR,2009,-2.398
Syria,SYR,2010,-2.418
Syria,SYR,2011,-11.229
Syria,SYR,2012,-43.905
Syria,SYR,2013,-96.059
Syria,SYR,2014,-71.9
Syria,SYR,2015,-42.6
Syria,SYR,2016,-6.464
Syria,SYR,2017,-14.955
Syria,SYR,2018,26.259
Syria,SYR,2019,24.614
Syria,SYR,2020,12.782
Syria,SYR,2021,9.766
Syria,SYR,2022,32.728
Syria,SYR,2023,32.097
Taiwan,TWN,1950,-0.702
Taiwan,TWN,1951,-0.359
Taiwan,TWN,1952,0.3
Taiwan,TWN,1953,0.452
Taiwan,TWN,1954,0.999
Taiwan,TWN,1955,2.497
Taiwan,TWN,1956,4.477
Taiwan,TWN,1957,5.866
Taiwan,TWN,1958,5.787
Taiwan,TWN,1959,5.894
Taiwan,TWN,1960,5.504
Taiwan,TWN,1961,5.45
Taiwan,TWN,1962,5.328
Taiwan,TWN,1963,5.587
Taiwan,TWN,1964,5.511
Taiwan,TWN,1965,5.378
Taiwan,TWN,1966,5.334
Taiwan,TWN,1967,-0.618
Taiwan,TWN,1968,-0.748
Taiwan,TWN,1969,-0.881
Taiwan,TWN,1970,-2.665
Taiwan,TWN,1971,1.541
Taiwan,TWN,1972,1.763
Taiwan,TWN,1973,1.142
Taiwan,TWN,1974,-0.229
Taiwan,TWN,1975,-3.309
Taiwan,TWN,1976,0.148
Taiwan,TWN,1977,1.105
Taiwan,TWN,1978,1.009
Taiwan,TWN,1979,0.849
Taiwan,TWN,1980,-0.534
Taiwan,TWN,1981,-1.394
Taiwan,TWN,1982,-1.27
Taiwan,TWN,1983,-0.782
Taiwan,TWN,1984,-0.666
Taiwan,TWN,1985,-0.448
Taiwan,TWN,1986,-0.787
Taiwan,TWN,1987,-1.285
Taiwan,TWN,1988,-1.538
Taiwan,TWN,1989,-2.435
Taiwan,TWN,1990,-3.053
Taiwan,TWN,1991,-1.2
Taiwan,TWN,1992,-1
Taiwan,TWN,1993,-1.731
Taiwan,TWN,1994,-1.832
Taiwan,TWN,1995,-1.766
Taiwan,TWN,1996,-1.65
Taiwan,TWN,1997,-1.026
Taiwan,TWN,1998,-0.474
Taiwan,TWN,1999,0.17
Taiwan,TWN,2000,-2.048
Taiwan,TWN,2001,-0.005
Taiwan,TWN,2002,0.048
Taiwan,TWN,2003,-0.624
Taiwan,TWN,2004,0.091
Taiwan,TWN,2005,0.576
Taiwan,TWN,2006,1.602
Taiwan,TWN,2007,1.022
Taiwan,TWN,2008,1.145
Taiwan,TWN,2009,1.747
Taiwan,TWN,2010,0.774
Taiwan,TWN,2011,0.816
Taiwan,TWN,2012,1.103
Taiwan,TWN,2013,0.278
Taiwan,TWN,2014,0.559
Taiwan,TWN,2015,0.454
Taiwan,TWN,2016,1.161
Taiwan,TWN,2017,0.745
Taiwan,TWN,2018,0.405
Taiwan,TWN,2019,0.723
Taiwan,TWN,2020,-0.897
Taiwan,TWN,2021,-6.186
Taiwan,TWN,2022,-1.064
Taiwan,TWN,2023,-1.406
Tajikistan,TJK,1950,15.291
Tajikistan,TJK,1951,11.469
Tajikistan,TJK,1952,8.319
Tajikistan,TJK,1953,5.781
Tajikistan,TJK,1954,3.793
Tajikistan,TJK,1955,2.349
Tajikistan,TJK,1956,1.388
Tajikistan,TJK,1957,0.907
Tajikistan,TJK,1958,0.955
Tajikistan,TJK,1959,1.667
Tajikistan,TJK,1960,1.163
Tajikistan,TJK,1961,1.508
Tajikistan,TJK,1962,1.894
Tajikistan,TJK,1963,2.307
Tajikistan,TJK,1964,2.724
Tajikistan,TJK,1965,3.106
Tajikistan,TJK,1966,3.413
Tajikistan,TJK,1967,3.63
Tajikistan,TJK,1968,3.749
Tajikistan,TJK,1969,3.123
Tajikistan,TJK,1970,1.893
Tajikistan,TJK,1971,1.417
Tajikistan,TJK,1972,1.64
Tajikistan,TJK,1973,1.824
Tajikistan,TJK,1974,1.965
Tajikistan,TJK,1975,2.11
Tajikistan,TJK,1976,2.169
Tajikistan,TJK,1977,2.19
Tajikistan,TJK,1978,1.328
Tajikistan,TJK,1979,-0.439
Tajikistan,TJK,1980,-1.391
Tajikistan,TJK,1981,-1.514
Tajikistan,TJK,1982,-1.592
Tajikistan,TJK,1983,-1.602
Tajikistan,TJK,1984,-1.597
Tajikistan,TJK,1985,0.053
Tajikistan,TJK,1986,0.905
Tajikistan,TJK,1987,2.009
Tajikistan,TJK,1988,1.08
Tajikistan,TJK,1989,-10.066
Tajikistan,TJK,1990,-7.705
Tajikistan,TJK,1991,-5.333
Tajikistan,TJK,1992,-16.866
Tajikistan,TJK,1993,-13.126
Tajikistan,TJK,1994,-8.526
Tajikistan,TJK,1995,-6.795
Tajikistan,TJK,1996,-5.097
Tajikistan,TJK,1997,-18.009
Tajikistan,TJK,1998,-19.367
Tajikistan,TJK,1999,-18.937
Tajikistan,TJK,2000,-2.207
Tajikistan,TJK,2001,-3.068
Tajikistan,TJK,2002,-3.143
Tajikistan,TJK,2003,-3.388
Tajikistan,TJK,2004,-3.694
Tajikistan,TJK,2005,-4.037
Tajikistan,TJK,2006,-4.334
Tajikistan,TJK,2007,-4.563
Tajikistan,TJK,2008,-4.75
Tajikistan,TJK,2009,-4.897
Tajikistan,TJK,2010,-4.408
Tajikistan,TJK,2011,-3.934
Tajikistan,TJK,2012,-1.514
Tajikistan,TJK,2013,-1.991
Tajikistan,TJK,2014,-1.657
Tajikistan,TJK,2015,-0.886
Tajikistan,TJK,2016,-0.926
Tajikistan,TJK,2017,-0.45
Tajikistan,TJK,2018,-0.657
Tajikistan,TJK,2019,-0.949
Tajikistan,TJK,2020,-0.366
Tajikistan,TJK,2021,-0.358
Tajikistan,TJK,2022,-1.67
Tajikistan,TJK,2023,-1.925
Tanzania,TZA,1950,0.16
Tanzania,TZA,1951,0.158
Tanzania,TZA,1952,0.157
Tanzania,TZA,1953,0.148
Tanzania,TZA,1954,0.142
Tanzania,TZA,1955,0.142
Tanzania,TZA,1956,0.145
Tanzania,TZA,1957,0.141
Tanzania,TZA,1958,0.134
Tanzania,TZA,1959,0.156
Tanzania,TZA,1960,0.197
Tanzania,TZA,1961,0.818
Tanzania,TZA,1962,0.373
Tanzania,TZA,1963,0.401
Tanzania,TZA,1964,0.817
Tanzania,TZA,1965,0.413
Tanzania,TZA,1966,0.427
Tanzania,TZA,1967,0.432
Tanzania,TZA,1968,2.734
Tanzania,TZA,1969,2.839
Tanzania,TZA,1970,2.863
Tanzania,TZA,1971,2.999
Tanzania,TZA,1972,3.97
Tanzania,TZA,1973,3.222
Tanzania,TZA,1974,3.285
Tanzania,TZA,1975,3.302
Tanzania,TZA,1976,3.279
Tanzania,TZA,1977,2.881
Tanzania,TZA,1978,1.519
Tanzania,TZA,1979,-0.258
Tanzania,TZA,1980,-2.219
Tanzania,TZA,1981,-2.147
Tanzania,TZA,1982,-1.857
Tanzania,TZA,1983,2.759
Tanzania,TZA,1984,-1.237
Tanzania,TZA,1985,3.86
Tanzania,TZA,1986,1.036
Tanzania,TZA,1987,3.932
Tanzania,TZA,1988,-2.867
Tanzania,TZA,1989,-2.802
Tanzania,TZA,1990,-3.084
Tanzania,TZA,1991,-3.43
Tanzania,TZA,1992,-3.053
Tanzania,TZA,1993,10.165
Tanzania,TZA,1994,11.865
Tanzania,TZA,1995,-3.619
Tanzania,TZA,1996,-15.285
Tanzania,TZA,1997,-0.424
Tanzania,TZA,1998,-3.244
Tanzania,TZA,1999,-0.135
Tanzania,TZA,2000,-0.283
Tanzania,TZA,2001,-3.562
Tanzania,TZA,2002,-3.268
Tanzania,TZA,2003,-3.427
Tanzania,TZA,2004,-3.319
Tanzania,TZA,2005,-3.273
Tanzania,TZA,2006,-3.182
Tanzania,TZA,2007,-3.06
Tanzania,TZA,2008,-4.341
Tanzania,TZA,2009,-7.436
Tanzania,TZA,2010,-2.726
Tanzania,TZA,2011,-1.837
Tanzania,TZA,2012,-1.053
Tanzania,TZA,2013,0.025
Tanzania,TZA,2014,-0.419
Tanzania,TZA,2015,3.873
Tanzania,TZA,2016,2.828
Tanzania,TZA,2017,2.141
Tanzania,TZA,2018,-0.965
Tanzania,TZA,2019,-1.075
Tanzania,TZA,2020,-0.305
Tanzania,TZA,2021,-0.123
Tanzania,TZA,2022,-0.58
Tanzania,TZA,2023,-0.591
Thailand,THA,1950,0.53
Thailand,THA,1951,0.443
Thailand,THA,1952,0.139
Thailand,THA,1953,-0.43
Thailand,THA,1954,-0.302
Thailand,THA,1955,-0.32
Thailand,THA,1956,-0.317
Thailand,THA,1957,-0.397
Thailand,THA,1958,-1.094
Thailand,THA,1959,-0.078
Thailand,THA,1960,0.256
Thailand,THA,1961,0.541
Thailand,THA,1962,0.583
Thailand,THA,1963,0.562
Thailand,THA,1964,0.571
Thailand,THA,1965,0.738
Thailand,THA,1966,0.375
Thailand,THA,1967,0.515
Thailand,THA,1968,0.403
Thailand,THA,1969,0.759
Thailand,THA,1970,1.369
Thailand,THA,1971,1.175
Thailand,THA,1972,1.927
Thailand,THA,1973,2.072
Thailand,THA,1974,1.822
Thailand,THA,1975,1.62
Thailand,THA,1976,0.97
Thailand,THA,1977,2.076
Thailand,THA,1978,1.873
Thailand,THA,1979,1.916
Thailand,THA,1980,1.938
Thailand,THA,1981,1.682
Thailand,THA,1982,2.145
Thailand,THA,1983,2.961
Thailand,THA,1984,2.824
Thailand,THA,1985,2.824
Thailand,THA,1986,2.185
Thailand,THA,1987,2.358
Thailand,THA,1988,2.425
Thailand,THA,1989,1.681
Thailand,THA,1990,2.794
Thailand,THA,1991,2.229
Thailand,THA,1992,2.535
Thailand,THA,1993,2.138
Thailand,THA,1994,2.27
Thailand,THA,1995,2.491
Thailand,THA,1996,2.543
Thailand,THA,1997,2.477
Thailand,THA,1998,2.982
Thailand,THA,1999,2.792
Thailand,THA,2000,1.931
Thailand,THA,2001,1.521
Thailand,THA,2002,1.637
Thailand,THA,2003,1.633
Thailand,THA,2004,1.638
Thailand,THA,2005,1.523
Thailand,THA,2006,1.538
Thailand,THA,2007,1.498
Thailand,THA,2008,1.587
Thailand,THA,2009,1.628
Thailand,THA,2010,0.77
Thailand,THA,2011,0.965
Thailand,THA,2012,1.066
Thailand,THA,2013,0.966
Thailand,THA,2014,0.788
Thailand,THA,2015,0.461
Thailand,THA,2016,1.594
Thailand,THA,2017,0.939
Thailand,THA,2018,0.154
Thailand,THA,2019,0.073
Thailand,THA,2020,0.451
Thailand,THA,2021,-0.029
Thailand,THA,2022,0.302
Thailand,THA,2023,0.274
Togo,TGO,1950,-6.572
Togo,TGO,1951,-6.445
Togo,TGO,1952,-6.406
Togo,TGO,1953,-6.44
Togo,TGO,1954,-6.537
Togo,TGO,1955,-6.681
Togo,TGO,1956,-6.86
Togo,TGO,1957,-7.063
Togo,TGO,1958,-7.312
Togo,TGO,1959,-7.762
Togo,TGO,1960,-8.289
Togo,TGO,1961,-8.726
Togo,TGO,1962,-8.936
Togo,TGO,1963,-8.136
Togo,TGO,1964,-7.928
Togo,TGO,1965,-7.581
Togo,TGO,1966,-7.588
Togo,TGO,1967,-7.541
Togo,TGO,1968,-7.424
Togo,TGO,1969,39.15
Togo,TGO,1970,5.055
Togo,TGO,1971,0.217
Togo,TGO,1972,-3.354
Togo,TGO,1973,-4.929
Togo,TGO,1974,-6.024
Togo,TGO,1975,-6.889
Togo,TGO,1976,-7.463
Togo,TGO,1977,-7.684
Togo,TGO,1978,-7.241
Togo,TGO,1979,-4.981
Togo,TGO,1980,-1.789
Togo,TGO,1981,1.222
Togo,TGO,1982,-7.414
Togo,TGO,1983,-7.236
Togo,TGO,1984,-7.067
Togo,TGO,1985,2.495
Togo,TGO,1986,-0.132
Togo,TGO,1987,0.25
Togo,TGO,1988,-0.008
Togo,TGO,1989,0
Togo,TGO,1990,0.016
Togo,TGO,1991,-0.019
Togo,TGO,1992,-0.034
Togo,TGO,1993,-80.226
Togo,TGO,1994,33.881
Togo,TGO,1995,17.814
Togo,TGO,1996,16.144
Togo,TGO,1997,-0.54
Togo,TGO,1998,-1.185
Togo,TGO,1999,-0.561
Togo,TGO,2000,-0.729
Togo,TGO,2001,-0.979
Togo,TGO,2002,-1.181
Togo,TGO,2003,-0.822
Togo,TGO,2004,-2.272
Togo,TGO,2005,-0.816
Togo,TGO,2006,4.192
Togo,TGO,2007,4.363
Togo,TGO,2008,4.609
Togo,TGO,2009,4.385
Togo,TGO,2010,2.571
Togo,TGO,2011,-2.917
Togo,TGO,2012,-4.105
Togo,TGO,2013,-5.199
Togo,TGO,2014,-6.283
Togo,TGO,2015,-7.277
Togo,TGO,2016,-8.316
Togo,TGO,2017,-9.49
Togo,TGO,2018,-5.862
Togo,TGO,2019,-2.272
Togo,TGO,2020,-4.095
Togo,TGO,2021,-7.181
Togo,TGO,2022,-8.158
Togo,TGO,2023,-1.873
Tokelau,TKL,1950,-60.302
Tokelau,TKL,1951,-42.254
Tokelau,TKL,1952,-11.513
Tokelau,TKL,1953,-13.325
Tokelau,TKL,1954,-14.502
Tokelau,TKL,1955,-17.577
Tokelau,TKL,1956,-8.105
Tokelau,TKL,1957,0.611
Tokelau,TKL,1958,1.189
Tokelau,TKL,1959,1.156
Tokelau,TKL,1960,1.682
Tokelau,TKL,1961,-7.615
Tokelau,TKL,1962,-26.21
Tokelau,TKL,1963,-26.567
Tokelau,TKL,1964,-26.42
Tokelau,TKL,1965,-25.81
Tokelau,TKL,1966,-25.29
Tokelau,TKL,1967,-50.173
Tokelau,TKL,1968,-52.545
Tokelau,TKL,1969,-55.165
Tokelau,TKL,1970,-54.635
Tokelau,TKL,1971,-55.717
Tokelau,TKL,1972,-23.164
Tokelau,TKL,1973,-19.482
Tokelau,TKL,1974,-18.276
Tokelau,TKL,1975,-18.309
Tokelau,TKL,1976,-15.83
Tokelau,TKL,1977,-18.154
Tokelau,TKL,1978,-18.045
Tokelau,TKL,1979,-18.007
Tokelau,TKL,1980,-18.029
Tokelau,TKL,1981,-18.034
Tokelau,TKL,1982,-18.007
Tokelau,TKL,1983,0
Tokelau,TKL,1984,0
Tokelau,TKL,1985,0
Tokelau,TKL,1986,-15.152
Tokelau,TKL,1987,-26.434
Tokelau,TKL,1988,-26.614
Tokelau,TKL,1989,-25.525
Tokelau,TKL,1990,-23.21
Tokelau,TKL,1991,-21.427
Tokelau,TKL,1992,-25.309
Tokelau,TKL,1993,-24.789
Tokelau,TKL,1994,-24.838
Tokelau,TKL,1995,-24.28
Tokelau,TKL,1996,-19.955
Tokelau,TKL,1997,-11.788
Tokelau,TKL,1998,-9.994
Tokelau,TKL,1999,-8.235
Tokelau,TKL,2000,-5.964
Tokelau,TKL,2001,-11.266
Tokelau,TKL,2002,-50.014
Tokelau,TKL,2003,-53.551
Tokelau,TKL,2004,-56.305
Tokelau,TKL,2005,-58.878
Tokelau,TKL,2006,-38.878
Tokelau,TKL,2007,-5.799
Tokelau,TKL,2008,-4.48
Tokelau,TKL,2009,-2.541
Tokelau,TKL,2010,-3.156
Tokelau,TKL,2011,1.251
Tokelau,TKL,2012,53.647
Tokelau,TKL,2013,6.955
Tokelau,TKL,2014,-29.45
Tokelau,TKL,2015,-30.539
Tokelau,TKL,2016,-16.696
Tokelau,TKL,2017,67.758
Tokelau,TKL,2018,62.85
Tokelau,TKL,2019,57.068
Tokelau,TKL,2020,24.906
Tokelau,TKL,2021,17.687
Tokelau,TKL,2022,34.934
Tokelau,TKL,2023,30.448
Tonga,TON,1950,0
Tonga,TON,1951,0
Tonga,TON,1952,0
Tonga,TON,1953,0
Tonga,TON,1954,0
Tonga,TON,1955,0
Tonga,TON,1956,0
Tonga,TON,1957,-5.24
Tonga,TON,1958,-5.337
Tonga,TON,1959,-5.61
Tonga,TON,1960,-5.803
Tonga,TON,1961,-5.894
Tonga,TON,1962,-6.005
Tonga,TON,1963,-5.926
Tonga,TON,1964,-5.793
Tonga,TON,1965,-5.611
Tonga,TON,1966,-5.961
Tonga,TON,1967,-13.281
Tonga,TON,1968,-13.251
Tonga,TON,1969,-13.284
Tonga,TON,1970,-13.294
Tonga,TON,1971,-13.249
Tonga,TON,1972,-13.199
Tonga,TON,1973,-13.152
Tonga,TON,1974,-3.793
Tonga,TON,1975,-3.72
Tonga,TON,1976,-5.486
Tonga,TON,1977,-23.5
Tonga,TON,1978,-25.277
Tonga,TON,1979,-26.696
Tonga,TON,1980,-27.698
Tonga,TON,1981,-28.373
Tonga,TON,1982,-28.72
Tonga,TON,1983,-28.98
Tonga,TON,1984,-28.809
Tonga,TON,1985,-28.321
Tonga,TON,1986,-27.038
Tonga,TON,1987,-20.025
Tonga,TON,1988,-21.603
Tonga,TON,1989,-22.937
Tonga,TON,1990,-24.163
Tonga,TON,1991,-24.866
Tonga,TON,1992,-25.234
Tonga,TON,1993,-25.294
Tonga,TON,1994,-24.799
Tonga,TON,1995,-24.166
Tonga,TON,1996,-23.316
Tonga,TON,1997,-15.784
Tonga,TON,1998,-16.422
Tonga,TON,1999,-16.757
Tonga,TON,2000,-16.761
Tonga,TON,2001,-17.098
Tonga,TON,2002,-17.473
Tonga,TON,2003,-17.652
Tonga,TON,2004,-17.855
Tonga,TON,2005,-18.037
Tonga,TON,2006,-17.647
Tonga,TON,2007,-19.274
Tonga,TON,2008,-20.342
Tonga,TON,2009,-20.559
Tonga,TON,2010,-19.525
Tonga,TON,2011,-20.433
Tonga,TON,2012,-23.99
Tonga,TON,2013,-24.627
Tonga,TON,2014,-24.595
Tonga,TON,2015,-24.601
Tonga,TON,2016,-24.554
Tonga,TON,2017,-15.585
Tonga,TON,2018,-16.321
Tonga,TON,2019,-16.826
Tonga,TON,2020,-17.095
Tonga,TON,2021,-21.041
Tonga,TON,2022,-21.117
Tonga,TON,2023,-20.775
Trinidad and Tobago,TTO,1950,-2.141
Trinidad and Tobago,TTO,1951,-1.612
Trinidad and Tobago,TTO,1952,-1.226
Trinidad and Tobago,TTO,1953,-0.993
Trinidad and Tobago,TTO,1954,-0.856
Trinidad and Tobago,TTO,1955,-0.801
Trinidad and Tobago,TTO,1956,-0.819
Trinidad and Tobago,TTO,1957,-0.881
Trinidad and Tobago,TTO,1958,-1.291
Trinidad and Tobago,TTO,1959,-3.487
Trinidad and Tobago,TTO,1960,-6.712
Trinidad and Tobago,TTO,1961,-9.5
Trinidad and Tobago,TTO,1962,-10.205
Trinidad and Tobago,TTO,1963,-10.11
Trinidad and Tobago,TTO,1964,-10.069
Trinidad and Tobago,TTO,1965,-10.018
Trinidad and Tobago,TTO,1966,-9.814
Trinidad and Tobago,TTO,1967,-9.418
Trinidad and Tobago,TTO,1968,-8.924
Trinidad and Tobago,TTO,1969,-8.615
Trinidad and Tobago,TTO,1970,-8.826
Trinidad and Tobago,TTO,1971,-7.48
Trinidad and Tobago,TTO,1972,-7.238
Trinidad and Tobago,TTO,1973,-7.32
Trinidad and Tobago,TTO,1974,-7.382
Trinidad and Tobago,TTO,1975,-7.374
Trinidad and Tobago,TTO,1976,-7.404
Trinidad and Tobago,TTO,1977,-7.553
Trinidad and Tobago,TTO,1978,-7.68
Trinidad and Tobago,TTO,1979,-8.221
Trinidad and Tobago,TTO,1980,-9.547
Trinidad and Tobago,TTO,1981,-10.647
Trinidad and Tobago,TTO,1982,-10.914
Trinidad and Tobago,TTO,1983,-10.809
Trinidad and Tobago,TTO,1984,-10.582
Trinidad and Tobago,TTO,1985,-6.781
Trinidad and Tobago,TTO,1986,-7.165
Trinidad and Tobago,TTO,1987,-7.395
Trinidad and Tobago,TTO,1988,-7.335
Trinidad and Tobago,TTO,1989,-6.917
Trinidad and Tobago,TTO,1990,-6.291
Trinidad and Tobago,TTO,1991,-5.664
Trinidad and Tobago,TTO,1992,-5.229
Trinidad and Tobago,TTO,1993,-5.118
Trinidad and Tobago,TTO,1994,-5.134
Trinidad and Tobago,TTO,1995,-5.191
Trinidad and Tobago,TTO,1996,-5.248
Trinidad and Tobago,TTO,1997,-5.257
Trinidad and Tobago,TTO,1998,-5.137
Trinidad and Tobago,TTO,1999,-4.642
Trinidad and Tobago,TTO,2000,-3.929
Trinidad and Tobago,TTO,2001,-3.208
Trinidad and Tobago,TTO,2002,-2.712
Trinidad and Tobago,TTO,2003,-2.594
Trinidad and Tobago,TTO,2004,-2.604
Trinidad and Tobago,TTO,2005,-2.659
Trinidad and Tobago,TTO,2006,-2.711
Trinidad and Tobago,TTO,2007,-2.733
Trinidad and Tobago,TTO,2008,-2.641
Trinidad and Tobago,TTO,2009,-2.216
Trinidad and Tobago,TTO,2010,-1.608
Trinidad and Tobago,TTO,2011,-1.011
Trinidad and Tobago,TTO,2012,-0.627
Trinidad and Tobago,TTO,2013,-0.563
Trinidad and Tobago,TTO,2014,-0.562
Trinidad and Tobago,TTO,2015,-0.402
Trinidad and Tobago,TTO,2016,-0.06
Trinidad and Tobago,TTO,2017,1
Trinidad and Tobago,TTO,2018,24.143
Trinidad and Tobago,TTO,2019,-12.965
Trinidad and Tobago,TTO,2020,0.288
Trinidad and Tobago,TTO,2021,3.864
Trinidad and Tobago,TTO,2022,2.839
Trinidad and Tobago,TTO,2023,1.415
Tunisia,TUN,1950,0.59
Tunisia,TUN,1951,0.296
Tunisia,TUN,1952,0.032
Tunisia,TUN,1953,-0.189
Tunisia,TUN,1954,-0.371
Tunisia,TUN,1955,-0.52
Tunisia,TUN,1956,-6.592
Tunisia,TUN,1957,-13.933
Tunisia,TUN,1958,-14.518
Tunisia,TUN,1959,-14.508
Tunisia,TUN,1960,-14.373
Tunisia,TUN,1961,-14.218
Tunisia,TUN,1962,-14.021
Tunisia,TUN,1963,-13.667
Tunisia,TUN,1964,-13.275
Tunisia,TUN,1965,-10.907
Tunisia,TUN,1966,-5.888
Tunisia,TUN,1967,-4.023
Tunisia,TUN,1968,-2.018
Tunisia,TUN,1969,-2.008
Tunisia,TUN,1970,-1.959
Tunisia,TUN,1971,-1.891
Tunisia,TUN,1972,-1.814
Tunisia,TUN,1973,-1.735
Tunisia,TUN,1974,-1.628
Tunisia,TUN,1975,-1.501
Tunisia,TUN,1976,-2.584
Tunisia,TUN,1977,-2.26
Tunisia,TUN,1978,-4.274
Tunisia,TUN,1979,-3.669
Tunisia,TUN,1980,-2.925
Tunisia,TUN,1981,-3.587
Tunisia,TUN,1982,-4.279
Tunisia,TUN,1983,-5.372
Tunisia,TUN,1984,1.123
Tunisia,TUN,1985,0.39
Tunisia,TUN,1986,0.456
Tunisia,TUN,1987,0.476
Tunisia,TUN,1988,0.493
Tunisia,TUN,1989,0.503
Tunisia,TUN,1990,0.502
Tunisia,TUN,1991,1.884
Tunisia,TUN,1992,1.742
Tunisia,TUN,1993,1.216
Tunisia,TUN,1994,-0.474
Tunisia,TUN,1995,-0.884
Tunisia,TUN,1996,-0.592
Tunisia,TUN,1997,-0.505
Tunisia,TUN,1998,-0.431
Tunisia,TUN,1999,-0.357
Tunisia,TUN,2000,-0.608
Tunisia,TUN,2001,-0.733
Tunisia,TUN,2002,-0.836
Tunisia,TUN,2003,-1.237
Tunisia,TUN,2004,-2.335
Tunisia,TUN,2005,-2.57
Tunisia,TUN,2006,-2.329
Tunisia,TUN,2007,-2.029
Tunisia,TUN,2008,-1.683
Tunisia,TUN,2009,-1.269
Tunisia,TUN,2010,-1.316
Tunisia,TUN,2011,-2.015
Tunisia,TUN,2012,-2.367
Tunisia,TUN,2013,-1.528
Tunisia,TUN,2014,-2.358
Tunisia,TUN,2015,-2.213
Tunisia,TUN,2016,-2.067
Tunisia,TUN,2017,-1.92
Tunisia,TUN,2018,-1.786
Tunisia,TUN,2019,-1.652
Tunisia,TUN,2020,-1.602
Tunisia,TUN,2021,-0.763
Tunisia,TUN,2022,-1.155
Tunisia,TUN,2023,-1.148
Turkey,TUR,1950,2.456
Turkey,TUR,1951,2.643
Turkey,TUR,1952,2.647
Turkey,TUR,1953,2.599
Turkey,TUR,1954,1.418
Turkey,TUR,1955,0.282
Turkey,TUR,1956,5.223
Turkey,TUR,1957,4.906
Turkey,TUR,1958,4.203
Turkey,TUR,1959,2.704
Turkey,TUR,1960,0.528
Turkey,TUR,1961,-0.899
Turkey,TUR,1962,-1.148
Turkey,TUR,1963,-1.442
Turkey,TUR,1964,-2.218
Turkey,TUR,1965,-3.522
Turkey,TUR,1966,-1.537
Turkey,TUR,1967,-1.938
Turkey,TUR,1968,-2.261
Turkey,TUR,1969,-3.09
Turkey,TUR,1970,-4.119
Turkey,TUR,1971,-2.529
Turkey,TUR,1972,-3.119
Turkey,TUR,1973,-3.33
Turkey,TUR,1974,-3.813
Turkey,TUR,1975,-4.721
Turkey,TUR,1976,-3.231
Turkey,TUR,1977,-3.55
Turkey,TUR,1978,-4.189
Turkey,TUR,1979,-4.909
Turkey,TUR,1980,-3.347
Turkey,TUR,1981,-4.618
Turkey,TUR,1982,0.501
Turkey,TUR,1983,0.823
Turkey,TUR,1984,0.439
Turkey,TUR,1985,0.177
Turkey,TUR,1986,-0.563
Turkey,TUR,1987,-0.772
Turkey,TUR,1988,-0.513
Turkey,TUR,1989,-0.61
Turkey,TUR,1990,-0.485
Turkey,TUR,1991,-1.228
Turkey,TUR,1992,-0.861
Turkey,TUR,1993,-0.597
Turkey,TUR,1994,-0.629
Turkey,TUR,1995,-2.454
Turkey,TUR,1996,-2.896
Turkey,TUR,1997,-3.317
Turkey,TUR,1998,-3.636
Turkey,TUR,1999,-3.403
Turkey,TUR,2000,-2.996
Turkey,TUR,2001,-2.517
Turkey,TUR,2002,-1.931
Turkey,TUR,2003,-1.789
Turkey,TUR,2004,-2.137
Turkey,TUR,2005,-2.512
Turkey,TUR,2006,-2.715
Turkey,TUR,2007,-2.635
Turkey,TUR,2008,0.67
Turkey,TUR,2009,0.335
Turkey,TUR,2010,0.757
Turkey,TUR,2011,0.928
Turkey,TUR,2012,3.439
Turkey,TUR,2013,5.741
Turkey,TUR,2014,13.242
Turkey,TUR,2015,13.287
Turkey,TUR,2016,4.312
Turkey,TUR,2017,7.942
Turkey,TUR,2018,2.222
Turkey,TUR,2019,-0.184
Turkey,TUR,2020,0.441
Turkey,TUR,2021,0.234
Turkey,TUR,2022,-3.464
Turkey,TUR,2023,-3.645
Turkmenistan,TKM,1950,-1.289
Turkmenistan,TKM,1951,-0.23
Turkmenistan,TKM,1952,0.195
Turkmenistan,TKM,1953,0.438
Turkmenistan,TKM,1954,0.65
Turkmenistan,TKM,1955,0.818
Turkmenistan,TKM,1956,0.935
Turkmenistan,TKM,1957,0.982
Turkmenistan,TKM,1958,0.964
Turkmenistan,TKM,1959,0.924
Turkmenistan,TKM,1960,0.865
Turkmenistan,TKM,1961,0.809
Turkmenistan,TKM,1962,0.764
Turkmenistan,TKM,1963,0.738
Turkmenistan,TKM,1964,0.72
Turkmenistan,TKM,1965,0.713
Turkmenistan,TKM,1966,0.698
Turkmenistan,TKM,1967,0.689
Turkmenistan,TKM,1968,0.673
Turkmenistan,TKM,1969,0.653
Turkmenistan,TKM,1970,0.627
Turkmenistan,TKM,1971,0.598
Turkmenistan,TKM,1972,0.559
Turkmenistan,TKM,1973,0.504
Turkmenistan,TKM,1974,0.38
Turkmenistan,TKM,1975,0.22
Turkmenistan,TKM,1976,0.063
Turkmenistan,TKM,1977,-0.05
Turkmenistan,TKM,1978,-0.13
Turkmenistan,TKM,1979,-0.245
Turkmenistan,TKM,1980,-0.407
Turkmenistan,TKM,1981,-0.379
Turkmenistan,TKM,1982,-0.322
Turkmenistan,TKM,1983,-0.412
Turkmenistan,TKM,1984,-0.452
Turkmenistan,TKM,1985,0.573
Turkmenistan,TKM,1986,0.561
Turkmenistan,TKM,1987,0.916
Turkmenistan,TKM,1988,0.396
Turkmenistan,TKM,1989,-0.976
Turkmenistan,TKM,1990,-1.293
Turkmenistan,TKM,1991,-1.261
Turkmenistan,TKM,1992,-3.427
Turkmenistan,TKM,1993,-0.077
Turkmenistan,TKM,1994,-3.181
Turkmenistan,TKM,1995,-3.203
Turkmenistan,TKM,1996,-2.023
Turkmenistan,TKM,1997,-1.291
Turkmenistan,TKM,1998,-0.734
Turkmenistan,TKM,1999,2.863
Turkmenistan,TKM,2000,3.257
Turkmenistan,TKM,2001,3.632
Turkmenistan,TKM,2002,3.942
Turkmenistan,TKM,2003,3.624
Turkmenistan,TKM,2004,2.872
Turkmenistan,TKM,2005,2.031
Turkmenistan,TKM,2006,1.479
Turkmenistan,TKM,2007,1.218
Turkmenistan,TKM,2008,1.26
Turkmenistan,TKM,2009,1.221
Turkmenistan,TKM,2010,1.19
Turkmenistan,TKM,2011,1.23
Turkmenistan,TKM,2012,1.227
Turkmenistan,TKM,2013,1.227
Turkmenistan,TKM,2014,1.431
Turkmenistan,TKM,2015,1.599
Turkmenistan,TKM,2016,2.101
Turkmenistan,TKM,2017,2.563
Turkmenistan,TKM,2018,2.899
Turkmenistan,TKM,2019,2.901
Turkmenistan,TKM,2020,2.865
Turkmenistan,TKM,2021,2.484
Turkmenistan,TKM,2022,1.956
Turkmenistan,TKM,2023,2.037
Turks and Caicos Islands,TCA,1950,-25.603
Turks and Caicos Islands,TCA,1951,-30.285
Turks and Caicos Islands,TCA,1952,-33.493
Turks and Caicos Islands,TCA,1953,-38.111
Turks and Caicos Islands,TCA,1954,-15.513
Turks and Caicos Islands,TCA,1955,-10.322
Turks and Caicos Islands,TCA,1956,-10.856
Turks and Caicos Islands,TCA,1957,-12.131
Turks and Caicos Islands,TCA,1958,-13.038
Turks and Caicos Islands,TCA,1959,-11.926
Turks and Caicos Islands,TCA,1960,-21.609
Turks and Caicos Islands,TCA,1961,-23.659
Turks and Caicos Islands,TCA,1962,-24.133
Turks and Caicos Islands,TCA,1963,-24.792
Turks and Caicos Islands,TCA,1964,-24.746
Turks and Caicos Islands,TCA,1965,-23.683
Turks and Caicos Islands,TCA,1966,-23.348
Turks and Caicos Islands,TCA,1967,-22.625
Turks and Caicos Islands,TCA,1968,-21.924
Turks and Caicos Islands,TCA,1969,-21.23
Turks and Caicos Islands,TCA,1970,-15.706
Turks and Caicos Islands,TCA,1971,7.299
Turks and Caicos Islands,TCA,1972,9.129
Turks and Caicos Islands,TCA,1973,10.017
Turks and Caicos Islands,TCA,1974,10.362
Turks and Caicos Islands,TCA,1975,10.212
Turks and Caicos Islands,TCA,1976,9.91
Turks and Caicos Islands,TCA,1977,9.907
Turks and Caicos Islands,TCA,1978,10.447
Turks and Caicos Islands,TCA,1979,8.76
Turks and Caicos Islands,TCA,1980,19.964
Turks and Caicos Islands,TCA,1981,27.82
Turks and Caicos Islands,TCA,1982,25.312
Turks and Caicos Islands,TCA,1983,22.998
Turks and Caicos Islands,TCA,1984,21.411
Turks and Caicos Islands,TCA,1985,19.64
Turks and Caicos Islands,TCA,1986,18.106
Turks and Caicos Islands,TCA,1987,16.6
Turks and Caicos Islands,TCA,1988,16.055
Turks and Caicos Islands,TCA,1989,15.545
Turks and Caicos Islands,TCA,1990,26.439
Turks and Caicos Islands,TCA,1991,33.484
Turks and Caicos Islands,TCA,1992,31.844
Turks and Caicos Islands,TCA,1993,30.408
Turks and Caicos Islands,TCA,1994,29.072
Turks and Caicos Islands,TCA,1995,27.373
Turks and Caicos Islands,TCA,1996,25.943
Turks and Caicos Islands,TCA,1997,24.694
Turks and Caicos Islands,TCA,1998,23.762
Turks and Caicos Islands,TCA,1999,23.053
Turks and Caicos Islands,TCA,2000,23.599
Turks and Caicos Islands,TCA,2001,28.963
Turks and Caicos Islands,TCA,2002,38.452
Turks and Caicos Islands,TCA,2003,36.682
Turks and Caicos Islands,TCA,2004,34.652
Turks and Caicos Islands,TCA,2005,33.059
Turks and Caicos Islands,TCA,2006,31.723
Turks and Caicos Islands,TCA,2007,31.063
Turks and Caicos Islands,TCA,2008,30.918
Turks and Caicos Islands,TCA,2009,29.907
Turks and Caicos Islands,TCA,2010,29.019
Turks and Caicos Islands,TCA,2011,25.87
Turks and Caicos Islands,TCA,2012,39.095
Turks and Caicos Islands,TCA,2013,39.61
Turks and Caicos Islands,TCA,2014,28.559
Turks and Caicos Islands,TCA,2015,45.294
Turks and Caicos Islands,TCA,2016,34.164
Turks and Caicos Islands,TCA,2017,35.603
Turks and Caicos Islands,TCA,2018,33.687
Turks and Caicos Islands,TCA,2019,31.483
Turks and Caicos Islands,TCA,2020,15.365
Turks and Caicos Islands,TCA,2021,15.074
Turks and Caicos Islands,TCA,2022,4.21
Turks and Caicos Islands,TCA,2023,4.178
Tuvalu,TUV,1950,14.692
Tuvalu,TUV,1951,10.557
Tuvalu,TUV,1952,0
Tuvalu,TUV,1953,0
Tuvalu,TUV,1954,-10.818
Tuvalu,TUV,1955,-13.682
Tuvalu,TUV,1956,-14.288
Tuvalu,TUV,1957,-13.974
Tuvalu,TUV,1958,-13.826
Tuvalu,TUV,1959,-13.868
Tuvalu,TUV,1960,-14.111
Tuvalu,TUV,1961,-13.633
Tuvalu,TUV,1962,-10.703
Tuvalu,TUV,1963,-9.042
Tuvalu,TUV,1964,-23.47
Tuvalu,TUV,1965,-22.395
Tuvalu,TUV,1966,-21.282
Tuvalu,TUV,1967,-21.76
Tuvalu,TUV,1968,-22.584
Tuvalu,TUV,1969,-11.543
Tuvalu,TUV,1970,-12.538
Tuvalu,TUV,1971,-14.952
Tuvalu,TUV,1972,-17.918
Tuvalu,TUV,1973,-21.297
Tuvalu,TUV,1974,33.837
Tuvalu,TUV,1975,30.41
Tuvalu,TUV,1976,26.7
Tuvalu,TUV,1977,22.287
Tuvalu,TUV,1978,17.05
Tuvalu,TUV,1979,5.151
Tuvalu,TUV,1980,0
Tuvalu,TUV,1981,-6.112
Tuvalu,TUV,1982,-8.612
Tuvalu,TUV,1983,-11.17
Tuvalu,TUV,1984,-13.035
Tuvalu,TUV,1985,-4.474
Tuvalu,TUV,1986,-6.815
Tuvalu,TUV,1987,-8.123
Tuvalu,TUV,1988,-8.453
Tuvalu,TUV,1989,-8.196
Tuvalu,TUV,1990,-7.843
Tuvalu,TUV,1991,-8.065
Tuvalu,TUV,1992,-11.507
Tuvalu,TUV,1993,-13.04
Tuvalu,TUV,1994,-13.033
Tuvalu,TUV,1995,-13.471
Tuvalu,TUV,1996,-12.952
Tuvalu,TUV,1997,-12.765
Tuvalu,TUV,1998,-12.909
Tuvalu,TUV,1999,-12.637
Tuvalu,TUV,2000,-12.364
Tuvalu,TUV,2001,-12.205
Tuvalu,TUV,2002,-10.808
Tuvalu,TUV,2003,-1.65
Tuvalu,TUV,2004,-1.019
Tuvalu,TUV,2005,-0.805
Tuvalu,TUV,2006,-0.497
Tuvalu,TUV,2007,0.098
Tuvalu,TUV,2008,0.969
Tuvalu,TUV,2009,1.434
Tuvalu,TUV,2010,2.073
Tuvalu,TUV,2011,2.598
Tuvalu,TUV,2012,0.091
Tuvalu,TUV,2013,-14.545
Tuvalu,TUV,2014,-15.113
Tuvalu,TUV,2015,-16.328
Tuvalu,TUV,2016,-18.299
Tuvalu,TUV,2017,-22.633
Tuvalu,TUV,2018,-30.603
Tuvalu,TUV,2019,-32.417
Tuvalu,TUV,2020,-34.136
Tuvalu,TUV,2021,-35.905
Tuvalu,TUV,2022,-32.026
Tuvalu,TUV,2023,-32.907
Uganda,UGA,1950,0
Uganda,UGA,1951,0
Uganda,UGA,1952,0
Uganda,UGA,1953,0
Uganda,UGA,1954,0
Uganda,UGA,1955,0
Uganda,UGA,1956,0
Uganda,UGA,1957,0
Uganda,UGA,1958,0
Uganda,UGA,1959,0
Uganda,UGA,1960,-0.993
Uganda,UGA,1961,-1.004
Uganda,UGA,1962,-0.8
Uganda,UGA,1963,-0.367
Uganda,UGA,1964,-0.369
Uganda,UGA,1965,-0.42
Uganda,UGA,1966,-0.331
Uganda,UGA,1967,-0.401
Uganda,UGA,1968,-0.331
Uganda,UGA,1969,-1.453
Uganda,UGA,1970,-2.485
Uganda,UGA,1971,-4.016
Uganda,UGA,1972,-7.938
Uganda,UGA,1973,-6.59
Uganda,UGA,1974,-4.544
Uganda,UGA,1975,-4.039
Uganda,UGA,1976,-3.511
Uganda,UGA,1977,-3.048
Uganda,UGA,1978,-2.727
Uganda,UGA,1979,-7.604
Uganda,UGA,1980,-7.977
Uganda,UGA,1981,-6.123
Uganda,UGA,1982,-3.856
Uganda,UGA,1983,-3.219
Uganda,UGA,1984,-0.604
Uganda,UGA,1985,-2.858
Uganda,UGA,1986,-1.26
Uganda,UGA,1987,-1.405
Uganda,UGA,1988,-1.221
Uganda,UGA,1989,-0.739
Uganda,UGA,1990,-1.234
Uganda,UGA,1991,0.201
Uganda,UGA,1992,1.316
Uganda,UGA,1993,0.944
Uganda,UGA,1994,-0.806
Uganda,UGA,1995,-11.729
Uganda,UGA,1996,-1.074
Uganda,UGA,1997,-7.113
Uganda,UGA,1998,0.279
Uganda,UGA,1999,-1.707
Uganda,UGA,2000,-2.201
Uganda,UGA,2001,-3.878
Uganda,UGA,2002,-1.377
Uganda,UGA,2003,-3.659
Uganda,UGA,2004,-5.11
Uganda,UGA,2005,-5.414
Uganda,UGA,2006,-5.426
Uganda,UGA,2007,-5.219
Uganda,UGA,2008,-5.199
Uganda,UGA,2009,-5.232
Uganda,UGA,2010,-5.197
Uganda,UGA,2011,-5.187
Uganda,UGA,2012,-5.124
Uganda,UGA,2013,-4.997
Uganda,UGA,2014,-2.535
Uganda,UGA,2015,-1.662
Uganda,UGA,2016,3.18
Uganda,UGA,2017,2.312
Uganda,UGA,2018,1.461
Uganda,UGA,2019,2.493
Uganda,UGA,2020,0.978
Uganda,UGA,2021,0.947
Uganda,UGA,2022,-2.512
Uganda,UGA,2023,-2.593
Ukraine,UKR,1950,2.581
Ukraine,UKR,1951,2.551
Ukraine,UKR,1952,2.517
Ukraine,UKR,1953,2.484
Ukraine,UKR,1954,3.328
Ukraine,UKR,1955,3.278
Ukraine,UKR,1956,3.262
Ukraine,UKR,1957,3.171
Ukraine,UKR,1958,4.369
Ukraine,UKR,1959,0.963
Ukraine,UKR,1960,1.221
Ukraine,UKR,1961,1.19
Ukraine,UKR,1962,1.04
Ukraine,UKR,1963,1.353
Ukraine,UKR,1964,1.705
Ukraine,UKR,1965,1.528
Ukraine,UKR,1966,1.959
Ukraine,UKR,1967,1.851
Ukraine,UKR,1968,2.19
Ukraine,UKR,1969,1.102
Ukraine,UKR,1970,-1.023
Ukraine,UKR,1971,1.568
Ukraine,UKR,1972,1.187
Ukraine,UKR,1973,0.389
Ukraine,UKR,1974,0.653
Ukraine,UKR,1975,0.314
Ukraine,UKR,1976,-0.167
Ukraine,UKR,1977,-0.502
Ukraine,UKR,1978,-0.589
Ukraine,UKR,1979,0.516
Ukraine,UKR,1980,0.949
Ukraine,UKR,1981,0.813
Ukraine,UKR,1982,0.18
Ukraine,UKR,1983,0.466
Ukraine,UKR,1984,0.262
Ukraine,UKR,1985,0.109
Ukraine,UKR,1986,-0.241
Ukraine,UKR,1987,-0.355
Ukraine,UKR,1988,1.462
Ukraine,UKR,1989,0.712
Ukraine,UKR,1990,1.455
Ukraine,UKR,1991,2.414
Ukraine,UKR,1992,5.577
Ukraine,UKR,1993,0.503
Ukraine,UKR,1994,-3.195
Ukraine,UKR,1995,-2.595
Ukraine,UKR,1996,-3.085
Ukraine,UKR,1997,-2.141
Ukraine,UKR,1998,-1.602
Ukraine,UKR,1999,-1.186
Ukraine,UKR,2000,-1.369
Ukraine,UKR,2001,-1.891
Ukraine,UKR,2002,-0.554
Ukraine,UKR,2003,0.384
Ukraine,UKR,2004,0.118
Ukraine,UKR,2005,-2.343
Ukraine,UKR,2006,2.886
Ukraine,UKR,2007,0.324
Ukraine,UKR,2008,0.199
Ukraine,UKR,2009,0.575
Ukraine,UKR,2010,0.345
Ukraine,UKR,2011,0.571
Ukraine,UKR,2012,1.445
Ukraine,UKR,2013,0.581
Ukraine,UKR,2014,-1.429
Ukraine,UKR,2015,-0.48
Ukraine,UKR,2016,-0.687
Ukraine,UKR,2017,-0.796
Ukraine,UKR,2018,-0.713
Ukraine,UKR,2019,-0.154
Ukraine,UKR,2020,-0.093
Ukraine,UKR,2021,-0.025
Ukraine,UKR,2022,-138.846
Ukraine,UKR,2023,-7.95
United Arab Emirates,ARE,1950,42.758
United Arab Emirates,ARE,1951,41.715
United Arab Emirates,ARE,1952,40.007
United Arab Emirates,ARE,1953,37.716
United Arab Emirates,ARE,1954,35.169
United Arab Emirates,ARE,1955,32.541
United Arab Emirates,ARE,1956,30.048
United Arab Emirates,ARE,1957,27.929
United Arab Emirates,ARE,1958,26.254
United Arab Emirates,ARE,1959,24.772
United Arab Emirates,ARE,1960,23.619
United Arab Emirates,ARE,1961,22.763
United Arab Emirates,ARE,1962,22.16
United Arab Emirates,ARE,1963,21.444
United Arab Emirates,ARE,1964,19.575
United Arab Emirates,ARE,1965,15.547
United Arab Emirates,ARE,1966,8.714
United Arab Emirates,ARE,1967,-1.575
United Arab Emirates,ARE,1968,144.753
United Arab Emirates,ARE,1969,166.494
United Arab Emirates,ARE,1970,142.363
United Arab Emirates,ARE,1971,123.647
United Arab Emirates,ARE,1972,108.796
United Arab Emirates,ARE,1973,96.799
United Arab Emirates,ARE,1974,86.844
United Arab Emirates,ARE,1975,78.069
United Arab Emirates,ARE,1976,128.117
United Arab Emirates,ARE,1977,114.207
United Arab Emirates,ARE,1978,101.769
United Arab Emirates,ARE,1979,90.172
United Arab Emirates,ARE,1980,76.94
United Arab Emirates,ARE,1981,34.186
United Arab Emirates,ARE,1982,32.816
United Arab Emirates,ARE,1983,31.196
United Arab Emirates,ARE,1984,29.192
United Arab Emirates,ARE,1985,27.291
United Arab Emirates,ARE,1986,47.469
United Arab Emirates,ARE,1987,44.144
United Arab Emirates,ARE,1988,41.022
United Arab Emirates,ARE,1989,38.066
United Arab Emirates,ARE,1990,35.358
United Arab Emirates,ARE,1991,33.361
United Arab Emirates,ARE,1992,31.086
United Arab Emirates,ARE,1993,29.497
United Arab Emirates,ARE,1994,26.781
United Arab Emirates,ARE,1995,28.315
United Arab Emirates,ARE,1996,69.41
United Arab Emirates,ARE,1997,65.063
United Arab Emirates,ARE,1998,60.297
United Arab Emirates,ARE,1999,55.257
United Arab Emirates,ARE,2000,51.085
United Arab Emirates,ARE,2001,48.013
United Arab Emirates,ARE,2002,45.235
United Arab Emirates,ARE,2003,42.275
United Arab Emirates,ARE,2004,39.81
United Arab Emirates,ARE,2005,37.499
United Arab Emirates,ARE,2006,79.716
United Arab Emirates,ARE,2007,128.432
United Arab Emirates,ARE,2008,83.014
United Arab Emirates,ARE,2009,24.399
United Arab Emirates,ARE,2010,23.326
United Arab Emirates,ARE,2011,29.889
United Arab Emirates,ARE,2012,30.134
United Arab Emirates,ARE,2013,35.658
United Arab Emirates,ARE,2014,43.727
United Arab Emirates,ARE,2015,39.479
United Arab Emirates,ARE,2016,21.628
United Arab Emirates,ARE,2017,3.699
United Arab Emirates,ARE,2018,1.563
United Arab Emirates,ARE,2019,-13.349
United Arab Emirates,ARE,2020,9.794
United Arab Emirates,ARE,2021,43.075
United Arab Emirates,ARE,2022,31.514
United Arab Emirates,ARE,2023,28.19
United Kingdom,GBR,1950,3.026
United Kingdom,GBR,1951,-1.861
United Kingdom,GBR,1952,0.158
United Kingdom,GBR,1953,0.303
United Kingdom,GBR,1954,0.263
United Kingdom,GBR,1955,0.184
United Kingdom,GBR,1956,0.315
United Kingdom,GBR,1957,0.346
United Kingdom,GBR,1958,0.485
United Kingdom,GBR,1959,0.364
United Kingdom,GBR,1960,0.38
United Kingdom,GBR,1961,0.989
United Kingdom,GBR,1962,1.435
United Kingdom,GBR,1963,0.154
United Kingdom,GBR,1964,-0.442
United Kingdom,GBR,1965,-0.459
United Kingdom,GBR,1966,-0.511
United Kingdom,GBR,1967,-0.721
United Kingdom,GBR,1968,-0.703
United Kingdom,GBR,1969,-1.094
United Kingdom,GBR,1970,-0.274
United Kingdom,GBR,1971,0.021
United Kingdom,GBR,1972,-0.025
United Kingdom,GBR,1973,-0.602
United Kingdom,GBR,1974,-1.169
United Kingdom,GBR,1975,-0.716
United Kingdom,GBR,1976,-0.34
United Kingdom,GBR,1977,-0.385
United Kingdom,GBR,1978,0.067
United Kingdom,GBR,1979,0.2
United Kingdom,GBR,1980,-0.448
United Kingdom,GBR,1981,-1.49
United Kingdom,GBR,1982,-1.086
United Kingdom,GBR,1983,0.48
United Kingdom,GBR,1984,1.26
United Kingdom,GBR,1985,1.469
United Kingdom,GBR,1986,0.737
United Kingdom,GBR,1987,0.145
United Kingdom,GBR,1988,0.245
United Kingdom,GBR,1989,0.867
United Kingdom,GBR,1990,0.996
United Kingdom,GBR,1991,0.48
United Kingdom,GBR,1992,0.309
United Kingdom,GBR,1993,0.474
United Kingdom,GBR,1994,0.782
United Kingdom,GBR,1995,1.056
United Kingdom,GBR,1996,0.943
United Kingdom,GBR,1997,1.022
United Kingdom,GBR,1998,2.141
United Kingdom,GBR,1999,2.594
United Kingdom,GBR,2000,2.606
United Kingdom,GBR,2001,2.954
United Kingdom,GBR,2002,3.419
United Kingdom,GBR,2003,3.541
United Kingdom,GBR,2004,4.588
United Kingdom,GBR,2005,5.087
United Kingdom,GBR,2006,4.732
United Kingdom,GBR,2007,5.028
United Kingdom,GBR,2008,4.246
United Kingdom,GBR,2009,3.994
United Kingdom,GBR,2010,4.362
United Kingdom,GBR,2011,3.602
United Kingdom,GBR,2012,2.691
United Kingdom,GBR,2013,3.685
United Kingdom,GBR,2014,4.719
United Kingdom,GBR,2015,5.32
United Kingdom,GBR,2016,4.927
United Kingdom,GBR,2017,4.104
United Kingdom,GBR,2018,3.891
United Kingdom,GBR,2019,3.468
United Kingdom,GBR,2020,2.141
United Kingdom,GBR,2021,6.842
United Kingdom,GBR,2022,7.143
United Kingdom,GBR,2023,6.487
United States,USA,1950,0.34
United States,USA,1951,-0.136
United States,USA,1952,-0.321
United States,USA,1953,-0.155
United States,USA,1954,-0.4
United States,USA,1955,0.11
United States,USA,1956,-0.082
United States,USA,1957,0.078
United States,USA,1958,-0.037
United States,USA,1959,2.177
United States,USA,1960,2.345
United States,USA,1961,3.163
United States,USA,1962,3.35
United States,USA,1963,3.369
United States,USA,1964,3.208
United States,USA,1965,3.296
United States,USA,1966,3.216
United States,USA,1967,2.917
United States,USA,1968,2.928
United States,USA,1969,2.551
United States,USA,1970,3.585
United States,USA,1971,3.961
United States,USA,1972,3.916
United States,USA,1973,3.643
United States,USA,1974,3.257
United States,USA,1975,2.989
United States,USA,1976,2.874
United States,USA,1977,2.585
United States,USA,1978,2.469
United States,USA,1979,2.213
United States,USA,1980,2.593
United States,USA,1981,2.511
United States,USA,1982,2.558
United States,USA,1983,2.797
United States,USA,1984,2.602
United States,USA,1985,2.477
United States,USA,1986,2.021
United States,USA,1987,1.953
United States,USA,1988,1.855
United States,USA,1989,1.6
United States,USA,1990,4.281
United States,USA,1991,4.688
United States,USA,1992,5.026
United States,USA,1993,4.678
United States,USA,1994,4.442
United States,USA,1995,4.374
United States,USA,1996,4.215
United States,USA,1997,4.084
United States,USA,1998,4.437
United States,USA,1999,4.148
United States,USA,2000,4.435
United States,USA,2001,4.617
United States,USA,2002,4.655
United States,USA,2003,4.592
United States,USA,2004,4.486
United States,USA,2005,4.63
United States,USA,2006,4.512
United States,USA,2007,4.543
United States,USA,2008,4.646
United States,USA,2009,4.504
United States,USA,2010,5.126
United States,USA,2011,5.17
United States,USA,2012,5.146
United States,USA,2013,5.198
United States,USA,2014,5.176
United States,USA,2015,5.281
United States,USA,2016,5.739
United States,USA,2017,5.613
United States,USA,2018,5.268
United States,USA,2019,5.253
United States,USA,2020,0.972
United States,USA,2021,1.984
United States,USA,2022,3.862
United States,USA,2023,3.851
United States Virgin Islands,VIR,1950,12.444
United States Virgin Islands,VIR,1951,-2.271
United States Virgin Islands,VIR,1952,-3.298
United States Virgin Islands,VIR,1953,-3.665
United States Virgin Islands,VIR,1954,-3.327
United States Virgin Islands,VIR,1955,-6.002
United States Virgin Islands,VIR,1956,-5.941
United States Virgin Islands,VIR,1957,-6.86
United States Virgin Islands,VIR,1958,-8.417
United States Virgin Islands,VIR,1959,-5.08
United States Virgin Islands,VIR,1960,40.811
United States Virgin Islands,VIR,1961,52.832
United States Virgin Islands,VIR,1962,50.163
United States Virgin Islands,VIR,1963,47.47
United States Virgin Islands,VIR,1964,43.087
United States Virgin Islands,VIR,1965,31.745
United States Virgin Islands,VIR,1966,27.992
United States Virgin Islands,VIR,1967,17.72
United States Virgin Islands,VIR,1968,12.883
United States Virgin Islands,VIR,1969,8.292
United States Virgin Islands,VIR,1970,25.307
United States Virgin Islands,VIR,1971,23.693
United States Virgin Islands,VIR,1972,22.402
United States Virgin Islands,VIR,1973,20.246
United States Virgin Islands,VIR,1974,18.991
United States Virgin Islands,VIR,1975,14.925
United States Virgin Islands,VIR,1976,14.34
United States Virgin Islands,VIR,1977,13.38
United States Virgin Islands,VIR,1978,10.26
United States Virgin Islands,VIR,1979,11.394
United States Virgin Islands,VIR,1980,-4.018
United States Virgin Islands,VIR,1981,-9.053
United States Virgin Islands,VIR,1982,-10.797
United States Virgin Islands,VIR,1983,-12.067
United States Virgin Islands,VIR,1984,-11.341
United States Virgin Islands,VIR,1985,-11.558
United States Virgin Islands,VIR,1986,-11.803
United States Virgin Islands,VIR,1987,-13.811
United States Virgin Islands,VIR,1988,-15.4
United States Virgin Islands,VIR,1989,-19.053
United States Virgin Islands,VIR,1990,-8.709
United States Virgin Islands,VIR,1991,-8.332
United States Virgin Islands,VIR,1992,-11.578
United States Virgin Islands,VIR,1993,-12.488
United States Virgin Islands,VIR,1994,-13.376
United States Virgin Islands,VIR,1995,-10.451
United States Virgin Islands,VIR,1996,-8.746
United States Virgin Islands,VIR,1997,-9.465
United States Virgin Islands,VIR,1998,-7.969
United States Virgin Islands,VIR,1999,-7.34
United States Virgin Islands,VIR,2000,-7.285
United States Virgin Islands,VIR,2001,-7.74
United States Virgin Islands,VIR,2002,-8.015
United States Virgin Islands,VIR,2003,-8.219
United States Virgin Islands,VIR,2004,-8.541
United States Virgin Islands,VIR,2005,-6.106
United States Virgin Islands,VIR,2006,-7.818
United States Virgin Islands,VIR,2007,-8.281
United States Virgin Islands,VIR,2008,-8.947
United States Virgin Islands,VIR,2009,-6.22
United States Virgin Islands,VIR,2010,-11.767
United States Virgin Islands,VIR,2011,-12.885
United States Virgin Islands,VIR,2012,-12.905
United States Virgin Islands,VIR,2013,-12.912
United States Virgin Islands,VIR,2014,-12.775
United States Virgin Islands,VIR,2015,-24.26
United States Virgin Islands,VIR,2016,-26.496
United States Virgin Islands,VIR,2017,-28.291
United States Virgin Islands,VIR,2018,-29.718
United States Virgin Islands,VIR,2019,-30.692
United States Virgin Islands,VIR,2020,0
United States Virgin Islands,VIR,2021,-2.453
United States Virgin Islands,VIR,2022,-5.133
United States Virgin Islands,VIR,2023,-5.181
Upper-middle-income countries,OWID_UMC,1950,0.119
Upper-middle-income countries,OWID_UMC,1951,0.072
Upper-middle-income countries,OWID_UMC,1952,0.004
Upper-middle-income countries,OWID_UMC,1953,-0.06
Upper-middle-income countries,OWID_UMC,1954,-0.016
Upper-middle-income countries,OWID_UMC,1955,-0.076
Upper-middle-income countries,OWID_UMC,1956,-0.049
Upper-middle-income countries,OWID_UMC,1957,0.055
Upper-middle-income countries,OWID_UMC,1958,-0.117
Upper-middle-income countries,OWID_UMC,1959,-0.302
Upper-middle-income countries,OWID_UMC,1960,-0.235
Upper-middle-income countries,OWID_UMC,1961,-0.193
Upper-middle-income countries,OWID_UMC,1962,-0.186
Upper-middle-income countries,OWID_UMC,1963,-0.169
Upper-middle-income countries,OWID_UMC,1964,-1.092
Upper-middle-income countries,OWID_UMC,1965,-0.412
Upper-middle-income countries,OWID_UMC,1966,-0.265
Upper-middle-income countries,OWID_UMC,1967,0.619
Upper-middle-income countries,OWID_UMC,1968,-0.213
Upper-middle-income countries,OWID_UMC,1969,-0.253
Upper-middle-income countries,OWID_UMC,1970,-0.509
Upper-middle-income countries,OWID_UMC,1971,-0.458
Upper-middle-income countries,OWID_UMC,1972,-0.47
Upper-middle-income countries,OWID_UMC,1973,-0.46
Upper-middle-income countries,OWID_UMC,1974,-0.422
Upper-middle-income countries,OWID_UMC,1975,-0.383
Upper-middle-income countries,OWID_UMC,1976,-0.209
Upper-middle-income countries,OWID_UMC,1977,-0.095
Upper-middle-income countries,OWID_UMC,1978,-0.164
Upper-middle-income countries,OWID_UMC,1979,-0.406
Upper-middle-income countries,OWID_UMC,1980,-0.179
Upper-middle-income countries,OWID_UMC,1981,-0.295
Upper-middle-income countries,OWID_UMC,1982,-0.196
Upper-middle-income countries,OWID_UMC,1983,-0.064
Upper-middle-income countries,OWID_UMC,1984,0.003
Upper-middle-income countries,OWID_UMC,1985,-0.172
Upper-middle-income countries,OWID_UMC,1986,-0.105
Upper-middle-income countries,OWID_UMC,1987,-0.176
Upper-middle-income countries,OWID_UMC,1988,-0.173
Upper-middle-income countries,OWID_UMC,1989,-0.34
Upper-middle-income countries,OWID_UMC,1990,-0.426
Upper-middle-income countries,OWID_UMC,1991,-0.778
Upper-middle-income countries,OWID_UMC,1992,-1.364
Upper-middle-income countries,OWID_UMC,1993,-0.28
Upper-middle-income countries,OWID_UMC,1994,-0.592
Upper-middle-income countries,OWID_UMC,1995,-0.425
Upper-middle-income countries,OWID_UMC,1996,-0.488
Upper-middle-income countries,OWID_UMC,1997,-0.54
Upper-middle-income countries,OWID_UMC,1998,-0.505
Upper-middle-income countries,OWID_UMC,1999,-0.419
Upper-middle-income countries,OWID_UMC,2000,-0.28
Upper-middle-income countries,OWID_UMC,2001,-0.449
Upper-middle-income countries,OWID_UMC,2002,-0.109
Upper-middle-income countries,OWID_UMC,2003,-0.57
Upper-middle-income countries,OWID_UMC,2004,-0.604
Upper-middle-income countries,OWID_UMC,2005,-0.364
Upper-middle-income countries,OWID_UMC,2006,-1.083
Upper-middle-income countries,OWID_UMC,2007,-0.97
Upper-middle-income countries,OWID_UMC,2008,-0.298
Upper-middle-income countries,OWID_UMC,2009,-0.191
Upper-middle-income countries,OWID_UMC,2010,-0.215
Upper-middle-income countries,OWID_UMC,2011,-0.406
Upper-middle-income countries,OWID_UMC,2012,0.283
Upper-middle-income countries,OWID_UMC,2013,0.229
Upper-middle-income countries,OWID_UMC,2014,0.177
Upper-middle-income countries,OWID_UMC,2015,0.264
Upper-middle-income countries,OWID_UMC,2016,-0.191
Upper-middle-income countries,OWID_UMC,2017,0.528
Upper-middle-income countries,OWID_UMC,2018,0.364
Upper-middle-income countries,OWID_UMC,2019,-0.018
Upper-middle-income countries,OWID_UMC,2020,0.227
Upper-middle-income countries,OWID_UMC,2021,0.079
Upper-middle-income countries,OWID_UMC,2022,0.228
Upper-middle-income countries,OWID_UMC,2023,-0.303
Uruguay,URY,1950,-1.011
Uruguay,URY,1951,-0.069
Uruguay,URY,1952,0.611
Uruguay,URY,1953,1.082
Uruguay,URY,1954,1.387
Uruguay,URY,1955,1.559
Uruguay,URY,1956,1.635
Uruguay,URY,1957,1.639
Uruguay,URY,1958,1.587
Uruguay,URY,1959,1.285
Uruguay,URY,1960,0.813
Uruguay,URY,1961,0.274
Uruguay,URY,1962,-0.24
Uruguay,URY,1963,-0.651
Uruguay,URY,1964,-0.989
Uruguay,URY,1965,-1.321
Uruguay,URY,1966,-1.699
Uruguay,URY,1967,-2.173
Uruguay,URY,1968,-2.914
Uruguay,URY,1969,-4.019
Uruguay,URY,1970,-4.56
Uruguay,URY,1971,-4.735
Uruguay,URY,1972,-4.897
Uruguay,URY,1973,-5.045
Uruguay,URY,1974,-5.085
Uruguay,URY,1975,-4.996
Uruguay,URY,1976,-4.875
Uruguay,URY,1977,-4.908
Uruguay,URY,1978,-4.994
Uruguay,URY,1979,-4.95
Uruguay,URY,1980,-4.828
Uruguay,URY,1981,-4.582
Uruguay,URY,1982,-4.077
Uruguay,URY,1983,-3.57
Uruguay,URY,1984,-3.241
Uruguay,URY,1985,-2.927
Uruguay,URY,1986,-2.653
Uruguay,URY,1987,-2.24
Uruguay,URY,1988,-2.145
Uruguay,URY,1989,-2.342
Uruguay,URY,1990,-2.416
Uruguay,URY,1991,-2.471
Uruguay,URY,1992,-2.5
Uruguay,URY,1993,-2.51
Uruguay,URY,1994,-2.507
Uruguay,URY,1995,-2.615
Uruguay,URY,1996,-2.307
Uruguay,URY,1997,-2.152
Uruguay,URY,1998,-2.176
Uruguay,URY,1999,-2.287
Uruguay,URY,2000,-3.391
Uruguay,URY,2001,-4.465
Uruguay,URY,2002,-5.172
Uruguay,URY,2003,-5.213
Uruguay,URY,2004,-4.772
Uruguay,URY,2005,-4.896
Uruguay,URY,2006,-4.001
Uruguay,URY,2007,-3.262
Uruguay,URY,2008,-2.864
Uruguay,URY,2009,-2.571
Uruguay,URY,2010,-2.319
Uruguay,URY,2011,-2.099
Uruguay,URY,2012,-1.894
Uruguay,URY,2013,-1.688
Uruguay,URY,2014,-1.466
Uruguay,URY,2015,-1.234
Uruguay,URY,2016,-1.037
Uruguay,URY,2017,-0.912
Uruguay,URY,2018,-0.873
Uruguay,URY,2019,-0.853
Uruguay,URY,2020,-0.436
Uruguay,URY,2021,-0.436
Uruguay,URY,2022,-0.443
Uruguay,URY,2023,-0.443
Uzbekistan,UZB,1950,0.782
Uzbekistan,UZB,1951,0.663
Uzbekistan,UZB,1952,0.564
Uzbekistan,UZB,1953,0.481
Uzbekistan,UZB,1954,0.414
Uzbekistan,UZB,1955,0.597
Uzbekistan,UZB,1956,0.627
Uzbekistan,UZB,1957,0.692
Uzbekistan,UZB,1958,0.839
Uzbekistan,UZB,1959,1.298
Uzbekistan,UZB,1960,2.685
Uzbekistan,UZB,1961,5.655
Uzbekistan,UZB,1962,5.933
Uzbekistan,UZB,1963,6.194
Uzbekistan,UZB,1964,6.436
Uzbekistan,UZB,1965,6.61
Uzbekistan,UZB,1966,6.758
Uzbekistan,UZB,1967,6.945
Uzbekistan,UZB,1968,7.062
Uzbekistan,UZB,1969,5.752
Uzbekistan,UZB,1970,3.173
Uzbekistan,UZB,1971,1.984
Uzbekistan,UZB,1972,2.146
Uzbekistan,UZB,1973,2.345
Uzbekistan,UZB,1974,2.544
Uzbekistan,UZB,1975,2.766
Uzbekistan,UZB,1976,3.007
Uzbekistan,UZB,1977,3.166
Uzbekistan,UZB,1978,1.875
Uzbekistan,UZB,1979,0.714
Uzbekistan,UZB,1980,0.547
Uzbekistan,UZB,1981,0.388
Uzbekistan,UZB,1982,0.237
Uzbekistan,UZB,1983,0.093
Uzbekistan,UZB,1984,-0.043
Uzbekistan,UZB,1985,-0.043
Uzbekistan,UZB,1986,-0.044
Uzbekistan,UZB,1987,-0.044
Uzbekistan,UZB,1988,-0.024
Uzbekistan,UZB,1989,-0.695
Uzbekistan,UZB,1990,-3.59
Uzbekistan,UZB,1991,-1.386
Uzbekistan,UZB,1992,-1.548
Uzbekistan,UZB,1993,-1.7
Uzbekistan,UZB,1994,-1.86
Uzbekistan,UZB,1995,-2.002
Uzbekistan,UZB,1996,-2.155
Uzbekistan,UZB,1997,-2.035
Uzbekistan,UZB,1998,-2.066
Uzbekistan,UZB,1999,-2.531
Uzbekistan,UZB,2000,-2.685
Uzbekistan,UZB,2001,-1.939
Uzbekistan,UZB,2002,-1.877
Uzbekistan,UZB,2003,-1.715
Uzbekistan,UZB,2004,-1.492
Uzbekistan,UZB,2005,-1.267
Uzbekistan,UZB,2006,-1.094
Uzbekistan,UZB,2007,-0.998
Uzbekistan,UZB,2008,-0.874
Uzbekistan,UZB,2009,-0.729
Uzbekistan,UZB,2010,-0.718
Uzbekistan,UZB,2011,-0.707
Uzbekistan,UZB,2012,-0.696
Uzbekistan,UZB,2013,-0.686
Uzbekistan,UZB,2014,-0.674
Uzbekistan,UZB,2015,-0.538
Uzbekistan,UZB,2016,-0.474
Uzbekistan,UZB,2017,-0.42
Uzbekistan,UZB,2018,-0.356
Uzbekistan,UZB,2019,-0.283
Uzbekistan,UZB,2020,-0.274
Uzbekistan,UZB,2021,-0.269
Uzbekistan,UZB,2022,-0.143
Uzbekistan,UZB,2023,-0.168
Vanuatu,VUT,1950,-3.182
Vanuatu,VUT,1951,-3.189
Vanuatu,VUT,1952,-3.192
Vanuatu,VUT,1953,-3.186
Vanuatu,VUT,1954,-3.085
Vanuatu,VUT,1955,-3.019
Vanuatu,VUT,1956,-2.917
Vanuatu,VUT,1957,0
Vanuatu,VUT,1958,0
Vanuatu,VUT,1959,0
Vanuatu,VUT,1960,0
Vanuatu,VUT,1961,0
Vanuatu,VUT,1962,0
Vanuatu,VUT,1963,0
Vanuatu,VUT,1964,0
Vanuatu,VUT,1965,0
Vanuatu,VUT,1966,0
Vanuatu,VUT,1967,0
Vanuatu,VUT,1968,-0.836
Vanuatu,VUT,1969,-0.633
Vanuatu,VUT,1970,-0.533
Vanuatu,VUT,1971,-0.45
Vanuatu,VUT,1972,-0.306
Vanuatu,VUT,1973,-0.233
Vanuatu,VUT,1974,-0.175
Vanuatu,VUT,1975,-0.15
Vanuatu,VUT,1976,0.029
Vanuatu,VUT,1977,-0.028
Vanuatu,VUT,1978,-0.136
Vanuatu,VUT,1979,-7.475
Vanuatu,VUT,1980,-7.747
Vanuatu,VUT,1981,-7.577
Vanuatu,VUT,1982,-7.411
Vanuatu,VUT,1983,-7.25
Vanuatu,VUT,1984,-7.136
Vanuatu,VUT,1985,-7.027
Vanuatu,VUT,1986,-7.015
Vanuatu,VUT,1987,-6.611
Vanuatu,VUT,1988,-6.813
Vanuatu,VUT,1989,-6.967
Vanuatu,VUT,1990,-7.24
Vanuatu,VUT,1991,-7.102
Vanuatu,VUT,1992,-7.037
Vanuatu,VUT,1993,-6.992
Vanuatu,VUT,1994,-6.931
Vanuatu,VUT,1995,-6.821
Vanuatu,VUT,1996,-6.752
Vanuatu,VUT,1997,-6.677
Vanuatu,VUT,1998,-6.606
Vanuatu,VUT,1999,-5.987
Vanuatu,VUT,2000,-1.82
Vanuatu,VUT,2001,-1.717
Vanuatu,VUT,2002,-1.68
Vanuatu,VUT,2003,-1.704
Vanuatu,VUT,2004,-1.697
Vanuatu,VUT,2005,-1.727
Vanuatu,VUT,2006,-1.686
Vanuatu,VUT,2007,-1.69
Vanuatu,VUT,2008,-1.64
Vanuatu,VUT,2009,-2.007
Vanuatu,VUT,2010,-5.931
Vanuatu,VUT,2011,-5.73
Vanuatu,VUT,2012,-5.501
Vanuatu,VUT,2013,-5.277
Vanuatu,VUT,2014,-5.072
Vanuatu,VUT,2015,-4.976
Vanuatu,VUT,2016,-4.539
Vanuatu,VUT,2017,-2.19
Vanuatu,VUT,2018,-2.237
Vanuatu,VUT,2019,-2.233
Vanuatu,VUT,2020,-0.673
Vanuatu,VUT,2021,-0.657
Vanuatu,VUT,2022,0
Vanuatu,VUT,2023,0
Vatican,VAT,1950,0
Vatican,VAT,1951,0
Vatican,VAT,1952,0
Vatican,VAT,1953,0
Vatican,VAT,1954,0
Vatican,VAT,1955,0
Vatican,VAT,1956,0
Vatican,VAT,1957,0
Vatican,VAT,1958,0
Vatican,VAT,1959,0
Vatican,VAT,1960,0
Vatican,VAT,1961,0
Vatican,VAT,1962,0
Vatican,VAT,1963,0
Vatican,VAT,1964,0
Vatican,VAT,1965,-41.716
Vatican,VAT,1966,-66.626
Vatican,VAT,1967,-72.009
Vatican,VAT,1968,-45.507
Vatican,VAT,1969,-3.98
Vatican,VAT,1970,0
Vatican,VAT,1971,0
Vatican,VAT,1972,0
Vatican,VAT,1973,0
Vatican,VAT,1974,0
Vatican,VAT,1975,0
Vatican,VAT,1976,0
Vatican,VAT,1977,0
Vatican,VAT,1978,0
Vatican,VAT,1979,0
Vatican,VAT,1980,0
Vatican,VAT,1981,0
Vatican,VAT,1982,0
Vatican,VAT,1983,0
Vatican,VAT,1984,0
Vatican,VAT,1985,0
Vatican,VAT,1986,0
Vatican,VAT,1987,0
Vatican,VAT,1988,0
Vatican,VAT,1989,0
Vatican,VAT,1990,0
Vatican,VAT,1991,0
Vatican,VAT,1992,0
Vatican,VAT,1993,0
Vatican,VAT,1994,0
Vatican,VAT,1995,0
Vatican,VAT,1996,0
Vatican,VAT,1997,0
Vatican,VAT,1998,0
Vatican,VAT,1999,0
Vatican,VAT,2000,0
Vatican,VAT,2001,0
Vatican,VAT,2002,0
Vatican,VAT,2003,0
Vatican,VAT,2004,0
Vatican,VAT,2005,0
Vatican,VAT,2006,0
Vatican,VAT,2007,0
Vatican,VAT,2008,0
Vatican,VAT,2009,0
Vatican,VAT,2010,0
Vatican,VAT,2011,0
Vatican,VAT,2012,0
Vatican,VAT,2013,0
Vatican,VAT,2014,0
Vatican,VAT,2015,0
Vatican,VAT,2016,0
Vatican,VAT,2017,0
Vatican,VAT,2018,0
Vatican,VAT,2019,0
Vatican,VAT,2020,0
Vatican,VAT,2021,0
Vatican,VAT,2022,0
Vatican,VAT,2023,0
Venezuela,VEN,1950,11.444
Venezuela,VEN,1951,9.623
Venezuela,VEN,1952,7.966
Venezuela,VEN,1953,6.492
Venezuela,VEN,1954,5.196
Venezuela,VEN,1955,4.087
Venezuela,VEN,1956,3.169
Venezuela,VEN,1957,2.438
Venezuela,VEN,1958,1.886
Venezuela,VEN,1959,1.417
Venezuela,VEN,1960,1.026
Venezuela,VEN,1961,0.718
Venezuela,VEN,1962,0.501
Venezuela,VEN,1963,0.364
Venezuela,VEN,1964,0.257
Venezuela,VEN,1965,0.171
Venezuela,VEN,1966,0.108
Venezuela,VEN,1967,0.069
Venezuela,VEN,1968,0.05
Venezuela,VEN,1969,0.037
Venezuela,VEN,1970,0.027
Venezuela,VEN,1971,0.018
Venezuela,VEN,1972,0.014
Venezuela,VEN,1973,0.014
Venezuela,VEN,1974,0.013
Venezuela,VEN,1975,0.014
Venezuela,VEN,1976,0.014
Venezuela,VEN,1977,0.014
Venezuela,VEN,1978,0.014
Venezuela,VEN,1979,0.015
Venezuela,VEN,1980,0.016
Venezuela,VEN,1981,0.016
Venezuela,VEN,1982,0.016
Venezuela,VEN,1983,0.016
Venezuela,VEN,1984,0.015
Venezuela,VEN,1985,0.014
Venezuela,VEN,1986,0.011
Venezuela,VEN,1987,0.01
Venezuela,VEN,1988,0.007
Venezuela,VEN,1989,0.002
Venezuela,VEN,1990,-0.003
Venezuela,VEN,1991,-0.012
Venezuela,VEN,1992,-0.018
Venezuela,VEN,1993,-0.022
Venezuela,VEN,1994,-0.026
Venezuela,VEN,1995,-0.028
Venezuela,VEN,1996,-0.031
Venezuela,VEN,1997,-0.035
Venezuela,VEN,1998,-0.043
Venezuela,VEN,1999,-0.057
Venezuela,VEN,2000,-0.082
Venezuela,VEN,2001,-0.114
Venezuela,VEN,2002,-0.155
Venezuela,VEN,2003,-0.221
Venezuela,VEN,2004,-0.41
Venezuela,VEN,2005,-0.687
Venezuela,VEN,2006,-1.001
Venezuela,VEN,2007,-1.304
Venezuela,VEN,2008,-1.555
Venezuela,VEN,2009,-1.768
Venezuela,VEN,2010,-1.832
Venezuela,VEN,2011,-1.863
Venezuela,VEN,2012,-1.865
Venezuela,VEN,2013,-1.933
Venezuela,VEN,2014,-2.064
Venezuela,VEN,2015,-2.532
Venezuela,VEN,2016,-9.207
Venezuela,VEN,2017,-26.742
Venezuela,VEN,2018,-45.478
Venezuela,VEN,2019,-33.711
Venezuela,VEN,2020,-18.445
Venezuela,VEN,2021,-11.79
Venezuela,VEN,2022,-5.001
Venezuela,VEN,2023,-3.989
Vietnam,VNM,1950,0
Vietnam,VNM,1951,0
Vietnam,VNM,1952,0
Vietnam,VNM,1953,0
Vietnam,VNM,1954,0
Vietnam,VNM,1955,0
Vietnam,VNM,1956,0
Vietnam,VNM,1957,0
Vietnam,VNM,1958,0
Vietnam,VNM,1959,0
Vietnam,VNM,1960,0
Vietnam,VNM,1961,0
Vietnam,VNM,1962,0
Vietnam,VNM,1963,0
Vietnam,VNM,1964,-0.175
Vietnam,VNM,1965,-0.039
Vietnam,VNM,1966,0.047
Vietnam,VNM,1967,0.01
Vietnam,VNM,1968,0.037
Vietnam,VNM,1969,0
Vietnam,VNM,1970,0.048
Vietnam,VNM,1971,1.813
Vietnam,VNM,1972,-0.044
Vietnam,VNM,1973,-0.449
Vietnam,VNM,1974,-0.769
Vietnam,VNM,1975,-0.043
Vietnam,VNM,1976,-0.036
Vietnam,VNM,1977,1.014
Vietnam,VNM,1978,-0.131
Vietnam,VNM,1979,-6.571
Vietnam,VNM,1980,-1.425
Vietnam,VNM,1981,-2.033
Vietnam,VNM,1982,-2.016
Vietnam,VNM,1983,-1.734
Vietnam,VNM,1984,-1.687
Vietnam,VNM,1985,-2.115
Vietnam,VNM,1986,-2.721
Vietnam,VNM,1987,-2.08
Vietnam,VNM,1988,-1.342
Vietnam,VNM,1989,-1.576
Vietnam,VNM,1990,-0.874
Vietnam,VNM,1991,-1.149
Vietnam,VNM,1992,-0.956
Vietnam,VNM,1993,-1.048
Vietnam,VNM,1994,-0.748
Vietnam,VNM,1995,-0.71
Vietnam,VNM,1996,-0.659
Vietnam,VNM,1997,0.706
Vietnam,VNM,1998,1.409
Vietnam,VNM,1999,-0.197
Vietnam,VNM,2000,-1.87
Vietnam,VNM,2001,-2.278
Vietnam,VNM,2002,-2.46
Vietnam,VNM,2003,-2.716
Vietnam,VNM,2004,-2.744
Vietnam,VNM,2005,-2.569
Vietnam,VNM,2006,5.871
Vietnam,VNM,2007,6.263
Vietnam,VNM,2008,6.705
Vietnam,VNM,2009,-0.215
Vietnam,VNM,2010,-0.051
Vietnam,VNM,2011,-0.052
Vietnam,VNM,2012,-0.054
Vietnam,VNM,2013,-0.055
Vietnam,VNM,2014,-0.053
Vietnam,VNM,2015,-0.053
Vietnam,VNM,2016,1.784
Vietnam,VNM,2017,1.463
Vietnam,VNM,2018,1.004
Vietnam,VNM,2019,-0.021
Vietnam,VNM,2020,-0.066
Vietnam,VNM,2021,-0.055
Vietnam,VNM,2022,-0.792
Vietnam,VNM,2023,-0.815
Wallis and Futuna,WLF,1950,-3.983
Wallis and Futuna,WLF,1951,12.703
Wallis and Futuna,WLF,1952,12.198
Wallis and Futuna,WLF,1953,11.73
Wallis and Futuna,WLF,1954,-35.907
Wallis and Futuna,WLF,1955,-38.801
Wallis and Futuna,WLF,1956,-42.227
Wallis and Futuna,WLF,1957,-43.749
Wallis and Futuna,WLF,1958,-44.773
Wallis and Futuna,WLF,1959,-46.404
Wallis and Futuna,WLF,1960,-48.467
Wallis and Futuna,WLF,1961,-51.12
Wallis and Futuna,WLF,1962,-2.997
Wallis and Futuna,WLF,1963,0
Wallis and Futuna,WLF,1964,0
Wallis and Futuna,WLF,1965,-10.992
Wallis and Futuna,WLF,1966,-8.792
Wallis and Futuna,WLF,1967,-9.301
Wallis and Futuna,WLF,1968,-15.153
Wallis and Futuna,WLF,1969,-12.595
Wallis and Futuna,WLF,1970,-14.605
Wallis and Futuna,WLF,1971,-16.788
Wallis and Futuna,WLF,1972,-18.391
Wallis and Futuna,WLF,1973,-20.08
Wallis and Futuna,WLF,1974,-23.512
Wallis and Futuna,WLF,1975,-38.892
Wallis and Futuna,WLF,1976,1.701
Wallis and Futuna,WLF,1977,16.21
Wallis and Futuna,WLF,1978,14.835
Wallis and Futuna,WLF,1979,16.078
Wallis and Futuna,WLF,1980,19.161
Wallis and Futuna,WLF,1981,16.787
Wallis and Futuna,WLF,1982,19.194
Wallis and Futuna,WLF,1983,-8.956
Wallis and Futuna,WLF,1984,-14.765
Wallis and Futuna,WLF,1985,-15.236
Wallis and Futuna,WLF,1986,-17.321
Wallis and Futuna,WLF,1987,-18.828
Wallis and Futuna,WLF,1988,-15.226
Wallis and Futuna,WLF,1989,-13.495
Wallis and Futuna,WLF,1990,-14.54
Wallis and Futuna,WLF,1991,-13.94
Wallis and Futuna,WLF,1992,-12.919
Wallis and Futuna,WLF,1993,-11.348
Wallis and Futuna,WLF,1994,-10.239
Wallis and Futuna,WLF,1995,-9.719
Wallis and Futuna,WLF,1996,-9.642
Wallis and Futuna,WLF,1997,-5.689
Wallis and Futuna,WLF,1998,-6.057
Wallis and Futuna,WLF,1999,-9.826
Wallis and Futuna,WLF,2000,-4.87
Wallis and Futuna,WLF,2001,-4.897
Wallis and Futuna,WLF,2002,-5.791
Wallis and Futuna,WLF,2003,-17.87
Wallis and Futuna,WLF,2004,-29.951
Wallis and Futuna,WLF,2005,-30.39
Wallis and Futuna,WLF,2006,-31.93
Wallis and Futuna,WLF,2007,-33.432
Wallis and Futuna,WLF,2008,-30.984
Wallis and Futuna,WLF,2009,-29.98
Wallis and Futuna,WLF,2010,-26.057
Wallis and Futuna,WLF,2011,-28.407
Wallis and Futuna,WLF,2012,-26.484
Wallis and Futuna,WLF,2013,-21.644
Wallis and Futuna,WLF,2014,-17.072
Wallis and Futuna,WLF,2015,-17.105
Wallis and Futuna,WLF,2016,-16.372
Wallis and Futuna,WLF,2017,-16.026
Wallis and Futuna,WLF,2018,-14.152
Wallis and Futuna,WLF,2019,-14.291
Wallis and Futuna,WLF,2020,-6.112
Wallis and Futuna,WLF,2021,-6.138
Wallis and Futuna,WLF,2022,-10.978
Wallis and Futuna,WLF,2023,-9.41
Western Sahara,ESH,1950,74.228
Western Sahara,ESH,1951,71.107
Western Sahara,ESH,1952,67.529
Western Sahara,ESH,1953,64.356
Western Sahara,ESH,1954,61.672
Western Sahara,ESH,1955,58.939
Western Sahara,ESH,1956,55.994
Western Sahara,ESH,1957,53.302
Western Sahara,ESH,1958,51.32
Western Sahara,ESH,1959,48.855
Western Sahara,ESH,1960,46.723
Western Sahara,ESH,1961,44.889
Western Sahara,ESH,1962,42.833
Western Sahara,ESH,1963,41.244
Western Sahara,ESH,1964,39.475
Western Sahara,ESH,1965,37.834
Western Sahara,ESH,1966,36.521
Western Sahara,ESH,1967,73.582
Western Sahara,ESH,1968,70.538
Western Sahara,ESH,1969,64.224
Western Sahara,ESH,1970,173.244
Western Sahara,ESH,1971,-26.537
Western Sahara,ESH,1972,-27.131
Western Sahara,ESH,1973,-29.802
Western Sahara,ESH,1974,-43.529
Western Sahara,ESH,1975,-279.041
Western Sahara,ESH,1976,182.883
Western Sahara,ESH,1977,152.271
Western Sahara,ESH,1978,129.75
Western Sahara,ESH,1979,112.334
Western Sahara,ESH,1980,62.56
Western Sahara,ESH,1981,35.628
Western Sahara,ESH,1982,18.307
Western Sahara,ESH,1983,8.472
Western Sahara,ESH,1984,8.149
Western Sahara,ESH,1985,7.848
Western Sahara,ESH,1986,7.568
Western Sahara,ESH,1987,7.312
Western Sahara,ESH,1988,7.072
Western Sahara,ESH,1989,6.842
Western Sahara,ESH,1990,6.633
Western Sahara,ESH,1991,6.422
Western Sahara,ESH,1992,6.238
Western Sahara,ESH,1993,6.057
Western Sahara,ESH,1994,5.879
Western Sahara,ESH,1995,30.697
Western Sahara,ESH,1996,36.416
Western Sahara,ESH,1997,34.487
Western Sahara,ESH,1998,32.732
Western Sahara,ESH,1999,31.131
Western Sahara,ESH,2000,31.032
Western Sahara,ESH,2001,29.584
Western Sahara,ESH,2002,28.275
Western Sahara,ESH,2003,27.067
Western Sahara,ESH,2004,25.945
Western Sahara,ESH,2005,24.768
Western Sahara,ESH,2006,25.465
Western Sahara,ESH,2007,23.333
Western Sahara,ESH,2008,21.388
Western Sahara,ESH,2009,21.767
Western Sahara,ESH,2010,22.176
Western Sahara,ESH,2011,22.48
Western Sahara,ESH,2012,22.699
Western Sahara,ESH,2013,22.489
Western Sahara,ESH,2014,15.674
Western Sahara,ESH,2015,14.88
Western Sahara,ESH,2016,14.116
Western Sahara,ESH,2017,13.386
Western Sahara,ESH,2018,12.733
Western Sahara,ESH,2019,12.124
Western Sahara,ESH,2020,6.364
Western Sahara,ESH,2021,6.258
Western Sahara,ESH,2022,9.857
Western Sahara,ESH,2023,9.67
World,OWID_WRL,1950,0
World,OWID_WRL,1951,0
World,OWID_WRL,1952,0
World,OWID_WRL,1953,0
World,OWID_WRL,1954,0
World,OWID_WRL,1955,0
World,OWID_WRL,1956,0
World,OWID_WRL,1957,0
World,OWID_WRL,1958,0
World,OWID_WRL,1959,0
World,OWID_WRL,1960,0
World,OWID_WRL,1961,0
World,OWID_WRL,1962,0
World,OWID_WRL,1963,0
World,OWID_WRL,1964,0
World,OWID_WRL,1965,0
World,OWID_WRL,1966,0
World,OWID_WRL,1967,0
World,OWID_WRL,1968,0
World,OWID_WRL,1969,0
World,OWID_WRL,1970,0
World,OWID_WRL,1971,0
World,OWID_WRL,1972,0
World,OWID_WRL,1973,0
World,OWID_WRL,1974,0
World,OWID_WRL,1975,0
World,OWID_WRL,1976,0
World,OWID_WRL,1977,0
World,OWID_WRL,1978,0
World,OWID_WRL,1979,0
World,OWID_WRL,1980,0
World,OWID_WRL,1981,0
World,OWID_WRL,1982,0
World,OWID_WRL,1983,0
World,OWID_WRL,1984,0
World,OWID_WRL,1985,0
World,OWID_WRL,1986,0
World,OWID_WRL,1987,0
World,OWID_WRL,1988,0
World,OWID_WRL,1989,0
World,OWID_WRL,1990,0
World,OWID_WRL,1991,0
World,OWID_WRL,1992,0
World,OWID_WRL,1993,0
World,OWID_WRL,1994,0
World,OWID_WRL,1995,0
World,OWID_WRL,1996,0
World,OWID_WRL,1997,0
World,OWID_WRL,1998,0
World,OWID_WRL,1999,0
World,OWID_WRL,2000,0
World,OWID_WRL,2001,0
World,OWID_WRL,2002,0
World,OWID_WRL,2003,0
World,OWID_WRL,2004,0
World,OWID_WRL,2005,0
World,OWID_WRL,2006,0
World,OWID_WRL,2007,0
World,OWID_WRL,2008,0
World,OWID_WRL,2009,0
World,OWID_WRL,2010,0
World,OWID_WRL,2011,0
World,OWID_WRL,2012,0
World,OWID_WRL,2013,0
World,OWID_WRL,2014,0
World,OWID_WRL,2015,0
World,OWID_WRL,2016,0
World,OWID_WRL,2017,0
World,OWID_WRL,2018,0
World,OWID_WRL,2019,0
World,OWID_WRL,2020,0
World,OWID_WRL,2021,0
World,OWID_WRL,2022,0
World,OWID_WRL,2023,0
Yemen,YEM,1950,-0.607
Yemen,YEM,1951,-0.611
Yemen,YEM,1952,-0.613
Yemen,YEM,1953,-0.615
Yemen,YEM,1954,-0.618
Yemen,YEM,1955,-0.619
Yemen,YEM,1956,-0.619
Yemen,YEM,1957,-0.62
Yemen,YEM,1958,-0.621
Yemen,YEM,1959,-0.621
Yemen,YEM,1960,-0.62
Yemen,YEM,1961,-0.619
Yemen,YEM,1962,-0.618
Yemen,YEM,1963,-0.616
Yemen,YEM,1964,-0.614
Yemen,YEM,1965,-0.613
Yemen,YEM,1966,-0.61
Yemen,YEM,1967,-0.608
Yemen,YEM,1968,-0.602
Yemen,YEM,1969,-0.599
Yemen,YEM,1970,-2.968
Yemen,YEM,1971,-2.947
Yemen,YEM,1972,-2.926
Yemen,YEM,1973,-2.904
Yemen,YEM,1974,-2.878
Yemen,YEM,1975,-2.851
Yemen,YEM,1976,-2.823
Yemen,YEM,1977,-2.926
Yemen,YEM,1978,-2.971
Yemen,YEM,1979,-2.937
Yemen,YEM,1980,-2.802
Yemen,YEM,1981,-2.58
Yemen,YEM,1982,-2.342
Yemen,YEM,1983,-2.086
Yemen,YEM,1984,-1.736
Yemen,YEM,1985,-1.28
Yemen,YEM,1986,-0.937
Yemen,YEM,1987,-0.735
Yemen,YEM,1988,-1.396
Yemen,YEM,1989,-1.263
Yemen,YEM,1990,-1.141
Yemen,YEM,1991,-1.037
Yemen,YEM,1992,-0.959
Yemen,YEM,1993,-0.921
Yemen,YEM,1994,-0.807
Yemen,YEM,1995,-0.925
Yemen,YEM,1996,-2.024
Yemen,YEM,1997,-2.053
Yemen,YEM,1998,-2.119
Yemen,YEM,1999,-2.245
Yemen,YEM,2000,-2.431
Yemen,YEM,2001,-2.655
Yemen,YEM,2002,-2.863
Yemen,YEM,2003,-3.017
Yemen,YEM,2004,-2.835
Yemen,YEM,2005,0.671
Yemen,YEM,2006,0.592
Yemen,YEM,2007,0.872
Yemen,YEM,2008,0.901
Yemen,YEM,2009,1.193
Yemen,YEM,2010,0.758
Yemen,YEM,2011,0.986
Yemen,YEM,2012,0.786
Yemen,YEM,2013,0.194
Yemen,YEM,2014,0.522
Yemen,YEM,2015,-0.317
Yemen,YEM,2016,-0.202
Yemen,YEM,2017,-0.365
Yemen,YEM,2018,-0.773
Yemen,YEM,2019,0.061
Yemen,YEM,2020,-2.712
Yemen,YEM,2021,-2.188
Yemen,YEM,2022,-0.273
Yemen,YEM,2023,-0.133
Zambia,ZMB,1950,-0.605
Zambia,ZMB,1951,-0.652
Zambia,ZMB,1952,-0.701
Zambia,ZMB,1953,-0.764
Zambia,ZMB,1954,-0.816
Zambia,ZMB,1955,-0.867
Zambia,ZMB,1956,-0.909
Zambia,ZMB,1957,-0.964
Zambia,ZMB,1958,-1.027
Zambia,ZMB,1959,-1.127
Zambia,ZMB,1960,-1.236
Zambia,ZMB,1961,-1.243
Zambia,ZMB,1962,-1.319
Zambia,ZMB,1963,-1.349
Zambia,ZMB,1964,-1.356
Zambia,ZMB,1965,-1.36
Zambia,ZMB,1966,-1.345
Zambia,ZMB,1967,-1.346
Zambia,ZMB,1968,-1.34
Zambia,ZMB,1969,-2.733
Zambia,ZMB,1970,-7.259
Zambia,ZMB,1971,-7.125
Zambia,ZMB,1972,-6.932
Zambia,ZMB,1973,-6.692
Zambia,ZMB,1974,-6.438
Zambia,ZMB,1975,-6.189
Zambia,ZMB,1976,-5.951
Zambia,ZMB,1977,-5.737
Zambia,ZMB,1978,-5.541
Zambia,ZMB,1979,-5.241
Zambia,ZMB,1980,-4.25
Zambia,ZMB,1981,-2.686
Zambia,ZMB,1982,-0.595
Zambia,ZMB,1983,-1.857
Zambia,ZMB,1984,-2.834
Zambia,ZMB,1985,-2.724
Zambia,ZMB,1986,-2.377
Zambia,ZMB,1987,-3.663
Zambia,ZMB,1988,-4.231
Zambia,ZMB,1989,-4.841
Zambia,ZMB,1990,-4.96
Zambia,ZMB,1991,-5.538
Zambia,ZMB,1992,-5.339
Zambia,ZMB,1993,-5.701
Zambia,ZMB,1994,-5.306
Zambia,ZMB,1995,-5.17
Zambia,ZMB,1996,-4.26
Zambia,ZMB,1997,-2.845
Zambia,ZMB,1998,-2.826
Zambia,ZMB,1999,-1.734
Zambia,ZMB,2000,-0.433
Zambia,ZMB,2001,2.284
Zambia,ZMB,2002,0.301
Zambia,ZMB,2003,1.898
Zambia,ZMB,2004,0.69
Zambia,ZMB,2005,3.014
Zambia,ZMB,2006,2.433
Zambia,ZMB,2007,3.975
Zambia,ZMB,2008,3.014
Zambia,ZMB,2009,3.326
Zambia,ZMB,2010,1.63
Zambia,ZMB,2011,0.94
Zambia,ZMB,2012,0.601
Zambia,ZMB,2013,1.009
Zambia,ZMB,2014,1.043
Zambia,ZMB,2015,0.992
Zambia,ZMB,2016,1.529
Zambia,ZMB,2017,1.479
Zambia,ZMB,2018,1.025
Zambia,ZMB,2019,0.993
Zambia,ZMB,2020,0.428
Zambia,ZMB,2021,0.415
Zambia,ZMB,2022,-0.425
Zambia,ZMB,2023,0.459
Zimbabwe,ZWE,1950,-1.669
Zimbabwe,ZWE,1951,-1.726
Zimbabwe,ZWE,1952,-1.783
Zimbabwe,ZWE,1953,-1.854
Zimbabwe,ZWE,1954,-1.928
Zimbabwe,ZWE,1955,-1.991
Zimbabwe,ZWE,1956,-2.038
Zimbabwe,ZWE,1957,-2.083
Zimbabwe,ZWE,1958,-2.123
Zimbabwe,ZWE,1959,-2.151
Zimbabwe,ZWE,1960,-2.168
Zimbabwe,ZWE,1961,-2.087
Zimbabwe,ZWE,1962,-2.103
Zimbabwe,ZWE,1963,-2.135
Zimbabwe,ZWE,1964,-2.229
Zimbabwe,ZWE,1965,-2.347
Zimbabwe,ZWE,1966,-2.437
Zimbabwe,ZWE,1967,-2.488
Zimbabwe,ZWE,1968,-2.448
Zimbabwe,ZWE,1969,-2.378
Zimbabwe,ZWE,1970,-4.621
Zimbabwe,ZWE,1971,-4.227
Zimbabwe,ZWE,1972,-3.782
Zimbabwe,ZWE,1973,-3.275
Zimbabwe,ZWE,1974,-2.726
Zimbabwe,ZWE,1975,-4.753
Zimbabwe,ZWE,1976,-5.169
Zimbabwe,ZWE,1977,-13.841
Zimbabwe,ZWE,1978,-26.091
Zimbabwe,ZWE,1979,-10.22
Zimbabwe,ZWE,1980,55.472
Zimbabwe,ZWE,1981,1.537
Zimbabwe,ZWE,1982,4.22
Zimbabwe,ZWE,1983,0.55
Zimbabwe,ZWE,1984,0.611
Zimbabwe,ZWE,1985,0.543
Zimbabwe,ZWE,1986,0.685
Zimbabwe,ZWE,1987,2.295
Zimbabwe,ZWE,1988,1.182
Zimbabwe,ZWE,1989,0.379
Zimbabwe,ZWE,1990,0.488
Zimbabwe,ZWE,1991,0.36
Zimbabwe,ZWE,1992,7.081
Zimbabwe,ZWE,1993,-22.462
Zimbabwe,ZWE,1994,-16.069
Zimbabwe,ZWE,1995,-4.139
Zimbabwe,ZWE,1996,0.088
Zimbabwe,ZWE,1997,0.035
Zimbabwe,ZWE,1998,0.573
Zimbabwe,ZWE,1999,-7.327
Zimbabwe,ZWE,2000,-13.89
Zimbabwe,ZWE,2001,-11.641
Zimbabwe,ZWE,2002,-8.373
Zimbabwe,ZWE,2003,-7.903
Zimbabwe,ZWE,2004,-10.315
Zimbabwe,ZWE,2005,-10.751
Zimbabwe,ZWE,2006,-4.531
Zimbabwe,ZWE,2007,-9.239
Zimbabwe,ZWE,2008,-8.786
Zimbabwe,ZWE,2009,-8.27
Zimbabwe,ZWE,2010,-8.136
Zimbabwe,ZWE,2011,-7.996
Zimbabwe,ZWE,2012,-12.814
Zimbabwe,ZWE,2013,-12.628
Zimbabwe,ZWE,2014,-12.46
Zimbabwe,ZWE,2015,-11.266
Zimbabwe,ZWE,2016,-9.601
Zimbabwe,ZWE,2017,-8.658
Zimbabwe,ZWE,2018,-7.833
Zimbabwe,ZWE,2019,-6.752
Zimbabwe,ZWE,2020,-5.76
Zimbabwe,ZWE,2021,-4.724
Zimbabwe,ZWE,2022,-6.399
Zimbabwe,ZWE,2023,-5.959