Entity,Code,Year,Population density
Afghanistan,AFG,1950,11.976
Afghanistan,AFG,1951,12.135
Afghanistan,AFG,1952,12.302
Afghanistan,AFG,1953,12.47
Afghanistan,AFG,1954,12.641
Afghanistan,AFG,1955,12.825
Afghanistan,AFG,1956,13.021
Afghanistan,AFG,1957,13.227
Afghanistan,AFG,1958,13.435
Afghanistan,AFG,1959,13.66
Afghanistan,AFG,1960,13.915
Afghanistan,AFG,1961,14.191
Afghanistan,AFG,1962,14.484
Afghanistan,AFG,1963,14.792
Afghanistan,AFG,1964,15.115
Afghanistan,AFG,1965,15.457
Afghanistan,AFG,1966,15.812
Afghanistan,AFG,1967,16.181
Afghanistan,AFG,1968,16.567
Afghanistan,AFG,1969,16.968
Afghanistan,AFG,1970,17.388
Afghanistan,AFG,1971,17.816
Afghanistan,AFG,1972,18.256
Afghanistan,AFG,1973,18.725
Afghanistan,AFG,1974,19.204
Afghanistan,AFG,1975,19.674
Afghanistan,AFG,1976,20.114
Afghanistan,AFG,1977,20.546
Afghanistan,AFG,1978,20.963
Afghanistan,AFG,1979,21.031
Afghanistan,AFG,1980,20.282
Afghanistan,AFG,1981,18.385
Afghanistan,AFG,1982,16.928
Afghanistan,AFG,1983,16.815
Afghanistan,AFG,1984,17.234
Afghanistan,AFG,1985,17.599
Afghanistan,AFG,1986,17.588
Afghanistan,AFG,1987,17.539
Afghanistan,AFG,1988,17.747
Afghanistan,AFG,1989,18.288
Afghanistan,AFG,1990,18.552
Afghanistan,AFG,1991,18.849
Afghanistan,AFG,1992,20.451
Afghanistan,AFG,1993,23.014
Afghanistan,AFG,1994,25.028
Afghanistan,AFG,1995,26.284
Afghanistan,AFG,1996,27.358
Afghanistan,AFG,1997,28.419
Afghanistan,AFG,1998,29.509
Afghanistan,AFG,1999,30.63
Afghanistan,AFG,2000,31.003
Afghanistan,AFG,2001,31.24
Afghanistan,AFG,2002,32.925
Afghanistan,AFG,2003,35.012
Afghanistan,AFG,2004,36.286
Afghanistan,AFG,2005,37.586
Afghanistan,AFG,2006,39.156
Afghanistan,AFG,2007,39.905
Afghanistan,AFG,2008,40.787
Afghanistan,AFG,2009,42.301
Afghanistan,AFG,2010,43.561
Afghanistan,AFG,2011,45.199
Afghanistan,AFG,2012,47.066
Afghanistan,AFG,2013,48.703
Afghanistan,AFG,2014,50.505
Afghanistan,AFG,2015,52.105
Afghanistan,AFG,2016,53.443
Afghanistan,AFG,2017,54.966
Afghanistan,AFG,2018,56.589
Afghanistan,AFG,2019,58.303
Afghanistan,AFG,2020,60.171
Afghanistan,AFG,2021,61.606
Afghanistan,AFG,2022,62.497
Afghanistan,AFG,2023,63.846
Africa (UN),UN_AFR,1950,7.708
Africa (UN),UN_AFR,1951,7.87
Africa (UN),UN_AFR,1952,8.038
Africa (UN),UN_AFR,1953,8.212
Africa (UN),UN_AFR,1954,8.392
Africa (UN),UN_AFR,1955,8.58
Africa (UN),UN_AFR,1956,8.774
Africa (UN),UN_AFR,1957,8.972
Africa (UN),UN_AFR,1958,9.172
Africa (UN),UN_AFR,1959,9.383
Africa (UN),UN_AFR,1960,9.608
Africa (UN),UN_AFR,1961,9.841
Africa (UN),UN_AFR,1962,10.083
Africa (UN),UN_AFR,1963,10.334
Africa (UN),UN_AFR,1964,10.594
Africa (UN),UN_AFR,1965,10.863
Africa (UN),UN_AFR,1966,11.142
Africa (UN),UN_AFR,1967,11.433
Africa (UN),UN_AFR,1968,11.736
Africa (UN),UN_AFR,1969,12.048
Africa (UN),UN_AFR,1970,12.37
Africa (UN),UN_AFR,1971,12.701
Africa (UN),UN_AFR,1972,13.039
Africa (UN),UN_AFR,1973,13.395
Africa (UN),UN_AFR,1974,13.768
Africa (UN),UN_AFR,1975,14.16
Africa (UN),UN_AFR,1976,14.568
Africa (UN),UN_AFR,1977,14.98
Africa (UN),UN_AFR,1978,15.415
Africa (UN),UN_AFR,1979,15.878
Africa (UN),UN_AFR,1980,16.346
Africa (UN),UN_AFR,1981,16.839
Africa (UN),UN_AFR,1982,17.358
Africa (UN),UN_AFR,1983,17.875
Africa (UN),UN_AFR,1984,18.397
Africa (UN),UN_AFR,1985,18.939
Africa (UN),UN_AFR,1986,19.491
Africa (UN),UN_AFR,1987,20.053
Africa (UN),UN_AFR,1988,20.622
Africa (UN),UN_AFR,1989,21.196
Africa (UN),UN_AFR,1990,21.785
Africa (UN),UN_AFR,1991,22.372
Africa (UN),UN_AFR,1992,22.962
Africa (UN),UN_AFR,1993,23.574
Africa (UN),UN_AFR,1994,24.179
Africa (UN),UN_AFR,1995,24.794
Africa (UN),UN_AFR,1996,25.43
Africa (UN),UN_AFR,1997,26.07
Africa (UN),UN_AFR,1998,26.733
Africa (UN),UN_AFR,1999,27.413
Africa (UN),UN_AFR,2000,28.107
Africa (UN),UN_AFR,2001,28.821
Africa (UN),UN_AFR,2002,29.556
Africa (UN),UN_AFR,2003,30.311
Africa (UN),UN_AFR,2004,31.091
Africa (UN),UN_AFR,2005,31.896
Africa (UN),UN_AFR,2006,32.721
Africa (UN),UN_AFR,2007,33.571
Africa (UN),UN_AFR,2008,34.451
Africa (UN),UN_AFR,2009,35.355
Africa (UN),UN_AFR,2010,36.284
Africa (UN),UN_AFR,2011,37.229
Africa (UN),UN_AFR,2012,38.2
Africa (UN),UN_AFR,2013,39.213
Africa (UN),UN_AFR,2014,40.243
Africa (UN),UN_AFR,2015,41.287
Africa (UN),UN_AFR,2016,42.341
Africa (UN),UN_AFR,2017,43.413
Africa (UN),UN_AFR,2018,44.513
Africa (UN),UN_AFR,2019,45.616
Africa (UN),UN_AFR,2020,46.727
Africa (UN),UN_AFR,2021,47.841
Africa (UN),UN_AFR,2022,48.962
Africa (UN),UN_AFR,2023,50.109
Albania,ALB,1950,45.545
Albania,ALB,1951,46.586
Albania,ALB,1952,47.754
Albania,ALB,1953,49.039
Albania,ALB,1954,50.408
Albania,ALB,1955,51.787
Albania,ALB,1956,53.172
Albania,ALB,1957,54.674
Albania,ALB,1958,56.354
Albania,ALB,1959,58.216
Albania,ALB,1960,60.201
Albania,ALB,1961,62.004
Albania,ALB,1962,63.645
Albania,ALB,1963,65.38
Albania,ALB,1964,67.211
Albania,ALB,1965,69.141
Albania,ALB,1966,71.175
Albania,ALB,1967,73.309
Albania,ALB,1968,75.511
Albania,ALB,1969,77.629
Albania,ALB,1970,79.612
Albania,ALB,1971,81.575
Albania,ALB,1972,83.556
Albania,ALB,1973,85.558
Albania,ALB,1974,87.576
Albania,ALB,1975,89.6
Albania,ALB,1976,91.634
Albania,ALB,1977,93.678
Albania,ALB,1978,95.796
Albania,ALB,1979,97.868
Albania,ALB,1980,99.84
Albania,ALB,1981,101.847
Albania,ALB,1982,103.909
Albania,ALB,1983,106.034
Albania,ALB,1984,108.218
Albania,ALB,1985,110.455
Albania,ALB,1986,112.696
Albania,ALB,1987,114.93
Albania,ALB,1988,117.268
Albania,ALB,1989,119
Albania,ALB,1990,119.643
Albania,ALB,1991,119.812
Albania,ALB,1992,119.808
Albania,ALB,1993,119.637
Albania,ALB,1994,119.33
Albania,ALB,1995,118.934
Albania,ALB,1996,118.464
Albania,ALB,1997,117.879
Albania,ALB,1998,117.167
Albania,ALB,1999,116.381
Albania,ALB,2000,115.561
Albania,ALB,2001,114.897
Albania,ALB,2002,114.391
Albania,ALB,2003,113.807
Albania,ALB,2004,113.098
Albania,ALB,2005,112.277
Albania,ALB,2006,111.352
Albania,ALB,2007,110.332
Albania,ALB,2008,109.239
Albania,ALB,2009,108.091
Albania,ALB,2010,106.895
Albania,ALB,2011,106.267
Albania,ALB,2012,106.212
Albania,ALB,2013,106.124
Albania,ALB,2014,105.984
Albania,ALB,2015,105.797
Albania,ALB,2016,105.769
Albania,ALB,2017,105.783
Albania,ALB,2018,105.637
Albania,ALB,2019,105.3
Albania,ALB,2020,104.823
Albania,ALB,2021,104.009
Albania,ALB,2022,103.205
Albania,ALB,2023,102.623
Algeria,DZA,1950,3.786
Algeria,DZA,1951,3.892
Algeria,DZA,1952,3.998
Algeria,DZA,1953,4.103
Algeria,DZA,1954,4.205
Algeria,DZA,1955,4.302
Algeria,DZA,1956,4.401
Algeria,DZA,1957,4.5
Algeria,DZA,1958,4.599
Algeria,DZA,1959,4.698
Algeria,DZA,1960,4.797
Algeria,DZA,1961,4.883
Algeria,DZA,1962,4.955
Algeria,DZA,1963,5.031
Algeria,DZA,1964,5.114
Algeria,DZA,1965,5.192
Algeria,DZA,1966,5.286
Algeria,DZA,1967,5.406
Algeria,DZA,1968,5.531
Algeria,DZA,1969,5.658
Algeria,DZA,1970,5.787
Algeria,DZA,1971,5.92
Algeria,DZA,1972,6.057
Algeria,DZA,1973,6.202
Algeria,DZA,1974,6.354
Algeria,DZA,1975,6.583
Algeria,DZA,1976,6.89
Algeria,DZA,1977,7.144
Algeria,DZA,1978,7.35
Algeria,DZA,1979,7.573
Algeria,DZA,1980,7.812
Algeria,DZA,1981,8.07
Algeria,DZA,1982,8.344
Algeria,DZA,1983,8.632
Algeria,DZA,1984,8.931
Algeria,DZA,1985,9.241
Algeria,DZA,1986,9.55
Algeria,DZA,1987,9.843
Algeria,DZA,1988,10.123
Algeria,DZA,1989,10.393
Algeria,DZA,1990,10.654
Algeria,DZA,1991,10.911
Algeria,DZA,1992,11.18
Algeria,DZA,1993,11.453
Algeria,DZA,1994,11.709
Algeria,DZA,1995,11.954
Algeria,DZA,1996,12.19
Algeria,DZA,1997,12.419
Algeria,DZA,1998,12.619
Algeria,DZA,1999,12.795
Algeria,DZA,2000,12.975
Algeria,DZA,2001,13.155
Algeria,DZA,2002,13.331
Algeria,DZA,2003,13.509
Algeria,DZA,2004,13.699
Algeria,DZA,2005,13.901
Algeria,DZA,2006,14.117
Algeria,DZA,2007,14.355
Algeria,DZA,2008,14.618
Algeria,DZA,2009,14.901
Algeria,DZA,2010,15.194
Algeria,DZA,2011,15.494
Algeria,DZA,2012,15.806
Algeria,DZA,2013,16.129
Algeria,DZA,2014,16.461
Algeria,DZA,2015,16.803
Algeria,DZA,2016,17.152
Algeria,DZA,2017,17.504
Algeria,DZA,2018,17.846
Algeria,DZA,2019,18.178
Algeria,DZA,2020,18.492
Algeria,DZA,2021,18.793
Algeria,DZA,2022,19.094
Algeria,DZA,2023,19.383
American Samoa,ASM,1950,95.213
American Samoa,ASM,1951,97.127
American Samoa,ASM,1952,97.765
American Samoa,ASM,1953,98.33
American Samoa,ASM,1954,98.797
American Samoa,ASM,1955,99.293
American Samoa,ASM,1956,99.683
American Samoa,ASM,1957,99.79
American Samoa,ASM,1958,99.653
American Samoa,ASM,1959,99.543
American Samoa,ASM,1960,100.662
American Samoa,ASM,1961,103.328
American Samoa,ASM,1962,106.49
American Samoa,ASM,1963,109.832
American Samoa,ASM,1964,113.365
American Samoa,ASM,1965,117.028
American Samoa,ASM,1966,120.677
American Samoa,ASM,1967,124.317
American Samoa,ASM,1968,128.07
American Samoa,ASM,1969,131.873
American Samoa,ASM,1970,135.127
American Samoa,ASM,1971,137.665
American Samoa,ASM,1972,139.977
American Samoa,ASM,1973,142.183
American Samoa,ASM,1974,144.375
American Samoa,ASM,1975,146.947
American Samoa,ASM,1976,149.795
American Samoa,ASM,1977,152.605
American Samoa,ASM,1978,155.377
American Samoa,ASM,1979,158.055
American Samoa,ASM,1980,162.013
American Samoa,ASM,1981,167.923
American Samoa,ASM,1982,174.545
American Samoa,ASM,1983,181.355
American Samoa,ASM,1984,188.335
American Samoa,ASM,1985,195.518
American Samoa,ASM,1986,202.855
American Samoa,ASM,1987,210.36
American Samoa,ASM,1988,218.075
American Samoa,ASM,1989,225.955
American Samoa,ASM,1990,233.2
American Samoa,ASM,1991,239.41
American Samoa,ASM,1992,245.192
American Samoa,ASM,1993,250.795
American Samoa,ASM,1994,256.255
American Samoa,ASM,1995,261.58
American Samoa,ASM,1996,266.767
American Samoa,ASM,1997,271.81
American Samoa,ASM,1998,276.668
American Samoa,ASM,1999,281.24
American Samoa,ASM,2000,284.272
American Samoa,ASM,2001,285.267
American Samoa,ASM,2002,285.308
American Samoa,ASM,2003,284.853
American Samoa,ASM,2004,284.09
American Samoa,ASM,2005,283.085
American Samoa,ASM,2006,281.873
American Samoa,ASM,2007,280.565
American Samoa,ASM,2008,279.14
American Samoa,ASM,2009,277.64
American Samoa,ASM,2010,276.142
American Samoa,ASM,2011,274.478
American Samoa,ASM,2012,272.445
American Samoa,ASM,2013,270.03
American Samoa,ASM,2014,267.33
American Samoa,ASM,2015,264.39
American Samoa,ASM,2016,261.223
American Samoa,ASM,2017,257.93
American Samoa,ASM,2018,254.542
American Samoa,ASM,2019,251.045
American Samoa,ASM,2020,248.808
American Samoa,ASM,2021,246.125
American Samoa,ASM,2022,241.708
American Samoa,ASM,2023,237.605
Andorra,AND,1950,12.757
Andorra,AND,1951,12.38
Andorra,AND,1952,11.607
Andorra,AND,1953,11.326
Andorra,AND,1954,11.919
Andorra,AND,1955,13.118
Andorra,AND,1956,14.393
Andorra,AND,1957,15.744
Andorra,AND,1958,17.165
Andorra,AND,1959,18.661
Andorra,AND,1960,20.234
Andorra,AND,1961,21.878
Andorra,AND,1962,23.587
Andorra,AND,1963,25.351
Andorra,AND,1964,27.156
Andorra,AND,1965,29.009
Andorra,AND,1966,31.119
Andorra,AND,1967,33.696
Andorra,AND,1968,36.545
Andorra,AND,1969,39.479
Andorra,AND,1970,42.503
Andorra,AND,1971,45.62
Andorra,AND,1972,48.845
Andorra,AND,1973,52.177
Andorra,AND,1974,55.595
Andorra,AND,1975,59.093
Andorra,AND,1976,62.629
Andorra,AND,1977,66.164
Andorra,AND,1978,69.649
Andorra,AND,1979,72.991
Andorra,AND,1980,76.131
Andorra,AND,1981,79.082
Andorra,AND,1982,82.478
Andorra,AND,1983,86.307
Andorra,AND,1984,89.943
Andorra,AND,1985,93.244
Andorra,AND,1986,97.307
Andorra,AND,1987,101.389
Andorra,AND,1988,105.14
Andorra,AND,1989,107.701
Andorra,AND,1990,111.909
Andorra,AND,1991,120.569
Andorra,AND,1992,128.084
Andorra,AND,1993,134.621
Andorra,AND,1994,137.473
Andorra,AND,1995,135.983
Andorra,AND,1996,136.136
Andorra,AND,1997,137.659
Andorra,AND,1998,139.11
Andorra,AND,1999,139.807
Andorra,AND,2000,139.755
Andorra,AND,2001,140.111
Andorra,AND,2002,141.502
Andorra,AND,2003,147.841
Andorra,AND,2004,158.138
Andorra,AND,2005,164.724
Andorra,AND,2006,169.331
Andorra,AND,2007,174.207
Andorra,AND,2008,177.648
Andorra,AND,2009,178.485
Andorra,AND,2010,171.715
Andorra,AND,2011,165.496
Andorra,AND,2012,163.477
Andorra,AND,2013,159.986
Andorra,AND,2014,156.887
Andorra,AND,2015,153.561
Andorra,AND,2016,153.578
Andorra,AND,2017,156.941
Andorra,AND,2018,159.919
Andorra,AND,2019,162.71
Andorra,AND,2020,164.638
Andorra,AND,2021,166.731
Andorra,AND,2022,169.585
Andorra,AND,2023,172.034
Angola,AGO,1950,3.651
Angola,AGO,1951,3.692
Angola,AGO,1952,3.731
Angola,AGO,1953,3.775
Angola,AGO,1954,3.823
Angola,AGO,1955,3.876
Angola,AGO,1956,3.934
Angola,AGO,1957,3.995
Angola,AGO,1958,4.06
Angola,AGO,1959,4.127
Angola,AGO,1960,4.196
Angola,AGO,1961,4.252
Angola,AGO,1962,4.295
Angola,AGO,1963,4.338
Angola,AGO,1964,4.383
Angola,AGO,1965,4.429
Angola,AGO,1966,4.477
Angola,AGO,1967,4.525
Angola,AGO,1968,4.574
Angola,AGO,1969,4.623
Angola,AGO,1970,4.695
Angola,AGO,1971,4.806
Angola,AGO,1972,4.952
Angola,AGO,1973,5.124
Angola,AGO,1974,5.305
Angola,AGO,1975,5.489
Angola,AGO,1976,5.675
Angola,AGO,1977,5.87
Angola,AGO,1978,6.077
Angola,AGO,1979,6.294
Angola,AGO,1980,6.524
Angola,AGO,1981,6.766
Angola,AGO,1982,7.02
Angola,AGO,1983,7.286
Angola,AGO,1984,7.561
Angola,AGO,1985,7.844
Angola,AGO,1986,8.133
Angola,AGO,1987,8.421
Angola,AGO,1988,8.712
Angola,AGO,1989,9.015
Angola,AGO,1990,9.326
Angola,AGO,1991,9.644
Angola,AGO,1992,9.965
Angola,AGO,1993,10.289
Angola,AGO,1994,10.628
Angola,AGO,1995,10.989
Angola,AGO,1996,11.367
Angola,AGO,1997,11.759
Angola,AGO,1998,12.16
Angola,AGO,1999,12.567
Angola,AGO,2000,12.99
Angola,AGO,2001,13.433
Angola,AGO,2002,13.899
Angola,AGO,2003,14.393
Angola,AGO,2004,14.92
Angola,AGO,2005,15.474
Angola,AGO,2006,16.055
Angola,AGO,2007,16.667
Angola,AGO,2008,17.309
Angola,AGO,2009,17.979
Angola,AGO,2010,18.685
Angola,AGO,2011,19.426
Angola,AGO,2012,20.195
Angola,AGO,2013,20.988
Angola,AGO,2014,21.786
Angola,AGO,2015,22.586
Angola,AGO,2016,23.408
Angola,AGO,2017,24.252
Angola,AGO,2018,25.104
Angola,AGO,2019,25.969
Angola,AGO,2020,26.832
Angola,AGO,2021,27.699
Angola,AGO,2022,28.583
Angola,AGO,2023,29.478
Anguilla,AIA,1950,56.841
Anguilla,AIA,1951,59.21
Anguilla,AIA,1952,61.011
Anguilla,AIA,1953,62.534
Anguilla,AIA,1954,64.136
Anguilla,AIA,1955,65.239
Anguilla,AIA,1956,65.688
Anguilla,AIA,1957,65.864
Anguilla,AIA,1958,65.847
Anguilla,AIA,1959,65.648
Anguilla,AIA,1960,65.699
Anguilla,AIA,1961,66.165
Anguilla,AIA,1962,66.761
Anguilla,AIA,1963,67.313
Anguilla,AIA,1964,67.835
Anguilla,AIA,1965,68.381
Anguilla,AIA,1966,68.994
Anguilla,AIA,1967,69.659
Anguilla,AIA,1968,70.261
Anguilla,AIA,1969,70.886
Anguilla,AIA,1970,71.574
Anguilla,AIA,1971,72.216
Anguilla,AIA,1972,72.761
Anguilla,AIA,1973,73.261
Anguilla,AIA,1974,73.619
Anguilla,AIA,1975,73.852
Anguilla,AIA,1976,74.097
Anguilla,AIA,1977,74.347
Anguilla,AIA,1978,74.557
Anguilla,AIA,1979,74.733
Anguilla,AIA,1980,74.864
Anguilla,AIA,1981,75.045
Anguilla,AIA,1982,75.313
Anguilla,AIA,1983,75.534
Anguilla,AIA,1984,76.614
Anguilla,AIA,1985,79.028
Anguilla,AIA,1986,82.034
Anguilla,AIA,1987,85.176
Anguilla,AIA,1988,88.438
Anguilla,AIA,1989,91.932
Anguilla,AIA,1990,95.443
Anguilla,AIA,1991,98.892
Anguilla,AIA,1992,102.068
Anguilla,AIA,1993,104.864
Anguilla,AIA,1994,107.58
Anguilla,AIA,1995,110.386
Anguilla,AIA,1996,113.381
Anguilla,AIA,1997,116.517
Anguilla,AIA,1998,119.733
Anguilla,AIA,1999,123.193
Anguilla,AIA,2000,127.006
Anguilla,AIA,2001,130.358
Anguilla,AIA,2002,132.801
Anguilla,AIA,2003,134.938
Anguilla,AIA,2004,137.131
Anguilla,AIA,2005,139.392
Anguilla,AIA,2006,141.699
Anguilla,AIA,2007,144.045
Anguilla,AIA,2008,146.472
Anguilla,AIA,2009,149.017
Anguilla,AIA,2010,151.642
Anguilla,AIA,2011,154.199
Anguilla,AIA,2012,152.034
Anguilla,AIA,2013,150.591
Anguilla,AIA,2014,156.006
Anguilla,AIA,2015,161.472
Anguilla,AIA,2016,162.733
Anguilla,AIA,2017,163.92
Anguilla,AIA,2018,167.284
Anguilla,AIA,2019,168.449
Anguilla,AIA,2020,168.67
Anguilla,AIA,2021,164.483
Anguilla,AIA,2022,161.131
Anguilla,AIA,2023,163.75
Antigua and Barbuda,ATG,1950,103.281
Antigua and Barbuda,ATG,1951,105.5
Antigua and Barbuda,ATG,1952,107.72
Antigua and Barbuda,ATG,1953,109.96
Antigua and Barbuda,ATG,1954,112.207
Antigua and Barbuda,ATG,1955,114.486
Antigua and Barbuda,ATG,1956,116.777
Antigua and Barbuda,ATG,1957,119.101
Antigua and Barbuda,ATG,1958,121.493
Antigua and Barbuda,ATG,1959,123.922
Antigua and Barbuda,ATG,1960,126.37
Antigua and Barbuda,ATG,1961,128.5
Antigua and Barbuda,ATG,1962,130.308
Antigua and Barbuda,ATG,1963,132.132
Antigua and Barbuda,ATG,1964,134.137
Antigua and Barbuda,ATG,1965,136.295
Antigua and Barbuda,ATG,1966,138.408
Antigua and Barbuda,ATG,1967,140.54
Antigua and Barbuda,ATG,1968,142.748
Antigua and Barbuda,ATG,1969,145.043
Antigua and Barbuda,ATG,1970,146.653
Antigua and Barbuda,ATG,1971,147.111
Antigua and Barbuda,ATG,1972,146.852
Antigua and Barbuda,ATG,1973,146.232
Antigua and Barbuda,ATG,1974,145.587
Antigua and Barbuda,ATG,1975,145.089
Antigua and Barbuda,ATG,1976,144.914
Antigua and Barbuda,ATG,1977,145.142
Antigua and Barbuda,ATG,1978,145.542
Antigua and Barbuda,ATG,1979,146.077
Antigua and Barbuda,ATG,1980,146.619
Antigua and Barbuda,ATG,1981,146.965
Antigua and Barbuda,ATG,1982,147.239
Antigua and Barbuda,ATG,1983,147.577
Antigua and Barbuda,ATG,1984,147.46
Antigua and Barbuda,ATG,1985,146.798
Antigua and Barbuda,ATG,1986,146.083
Antigua and Barbuda,ATG,1987,145.332
Antigua and Barbuda,ATG,1988,144.597
Antigua and Barbuda,ATG,1989,143.922
Antigua and Barbuda,ATG,1990,143.333
Antigua and Barbuda,ATG,1991,144.061
Antigua and Barbuda,ATG,1992,146.374
Antigua and Barbuda,ATG,1993,149.061
Antigua and Barbuda,ATG,1994,151.915
Antigua and Barbuda,ATG,1995,154.974
Antigua and Barbuda,ATG,1996,158.208
Antigua and Barbuda,ATG,1997,161.484
Antigua and Barbuda,ATG,1998,164.574
Antigua and Barbuda,ATG,1999,167.424
Antigua and Barbuda,ATG,2000,170.255
Antigua and Barbuda,ATG,2001,172.884
Antigua and Barbuda,ATG,2002,175.073
Antigua and Barbuda,ATG,2003,177.009
Antigua and Barbuda,ATG,2004,178.908
Antigua and Barbuda,ATG,2005,180.933
Antigua and Barbuda,ATG,2006,183.191
Antigua and Barbuda,ATG,2007,185.691
Antigua and Barbuda,ATG,2008,188.436
Antigua and Barbuda,ATG,2009,191.302
Antigua and Barbuda,ATG,2010,193.91
Antigua and Barbuda,ATG,2011,196.209
Antigua and Barbuda,ATG,2012,198.318
Antigua and Barbuda,ATG,2013,200.147
Antigua and Barbuda,ATG,2014,201.739
Antigua and Barbuda,ATG,2015,203.202
Antigua and Barbuda,ATG,2016,204.475
Antigua and Barbuda,ATG,2017,205.609
Antigua and Barbuda,ATG,2018,206.65
Antigua and Barbuda,ATG,2019,207.644
Antigua and Barbuda,ATG,2020,208.741
Antigua and Barbuda,ATG,2021,209.884
Antigua and Barbuda,ATG,2022,211
Antigua and Barbuda,ATG,2023,212.081
Argentina,ARG,1950,6.096
Argentina,ARG,1951,6.217
Argentina,ARG,1952,6.34
Argentina,ARG,1953,6.462
Argentina,ARG,1954,6.584
Argentina,ARG,1955,6.704
Argentina,ARG,1956,6.824
Argentina,ARG,1957,6.943
Argentina,ARG,1958,7.061
Argentina,ARG,1959,7.182
Argentina,ARG,1960,7.302
Argentina,ARG,1961,7.424
Argentina,ARG,1962,7.548
Argentina,ARG,1963,7.673
Argentina,ARG,1964,7.798
Argentina,ARG,1965,7.921
Argentina,ARG,1966,8.043
Argentina,ARG,1967,8.166
Argentina,ARG,1968,8.292
Argentina,ARG,1969,8.421
Argentina,ARG,1970,8.553
Argentina,ARG,1971,8.689
Argentina,ARG,1972,8.827
Argentina,ARG,1973,8.971
Argentina,ARG,1974,9.12
Argentina,ARG,1975,9.268
Argentina,ARG,1976,9.414
Argentina,ARG,1977,9.564
Argentina,ARG,1978,9.718
Argentina,ARG,1979,9.875
Argentina,ARG,1980,10.033
Argentina,ARG,1981,10.196
Argentina,ARG,1982,10.36
Argentina,ARG,1983,10.528
Argentina,ARG,1984,10.697
Argentina,ARG,1985,10.866
Argentina,ARG,1986,11.037
Argentina,ARG,1987,11.208
Argentina,ARG,1988,11.383
Argentina,ARG,1989,11.559
Argentina,ARG,1990,11.733
Argentina,ARG,1991,11.903
Argentina,ARG,1992,12.069
Argentina,ARG,1993,12.233
Argentina,ARG,1994,12.398
Argentina,ARG,1995,12.562
Argentina,ARG,1996,12.721
Argentina,ARG,1997,12.876
Argentina,ARG,1998,13.028
Argentina,ARG,1999,13.18
Argentina,ARG,2000,13.33
Argentina,ARG,2001,13.477
Argentina,ARG,2002,13.622
Argentina,ARG,2003,13.763
Argentina,ARG,2004,13.903
Argentina,ARG,2005,14.047
Argentina,ARG,2006,14.192
Argentina,ARG,2007,14.334
Argentina,ARG,2008,14.48
Argentina,ARG,2009,14.634
Argentina,ARG,2010,14.789
Argentina,ARG,2011,14.948
Argentina,ARG,2012,15.102
Argentina,ARG,2013,15.253
Argentina,ARG,2014,15.411
Argentina,ARG,2015,15.573
Argentina,ARG,2016,15.725
Argentina,ARG,2017,15.864
Argentina,ARG,2018,15.995
Argentina,ARG,2019,16.109
Argentina,ARG,2020,16.187
Argentina,ARG,2021,16.23
Argentina,ARG,2022,16.265
Argentina,ARG,2023,16.311
Armenia,ARM,1950,48.584
Armenia,ARM,1951,49.792
Armenia,ARM,1952,51.086
Armenia,ARM,1953,52.473
Armenia,ARM,1954,53.962
Armenia,ARM,1955,55.562
Armenia,ARM,1956,57.294
Armenia,ARM,1957,59.167
Armenia,ARM,1958,61.161
Armenia,ARM,1959,63.273
Armenia,ARM,1960,65.476
Armenia,ARM,1961,67.717
Armenia,ARM,1962,69.972
Armenia,ARM,1963,72.232
Armenia,ARM,1964,74.485
Armenia,ARM,1965,76.716
Armenia,ARM,1966,78.912
Armenia,ARM,1967,81.067
Armenia,ARM,1968,83.169
Armenia,ARM,1969,85.161
Armenia,ARM,1970,86.974
Armenia,ARM,1971,88.721
Armenia,ARM,1972,90.538
Armenia,ARM,1973,92.428
Armenia,ARM,1974,94.38
Armenia,ARM,1975,96.391
Armenia,ARM,1976,99.008
Armenia,ARM,1977,102.334
Armenia,ARM,1978,105.846
Armenia,ARM,1979,108.154
Armenia,ARM,1980,109.17
Armenia,ARM,1981,110.151
Armenia,ARM,1982,111.128
Armenia,ARM,1983,112.125
Armenia,ARM,1984,113.285
Armenia,ARM,1985,114.546
Armenia,ARM,1986,115.755
Armenia,ARM,1987,116.938
Armenia,ARM,1988,117.873
Armenia,ARM,1989,120.963
Armenia,ARM,1990,124.794
Armenia,ARM,1991,126.967
Armenia,ARM,1992,125.487
Armenia,ARM,1993,121.323
Armenia,ARM,1994,118.206
Armenia,ARM,1995,116.202
Armenia,ARM,1996,115.189
Armenia,ARM,1997,114.049
Armenia,ARM,1998,112.718
Armenia,ARM,1999,111.273
Armenia,ARM,2000,109.81
Armenia,ARM,2001,108.36
Armenia,ARM,2002,107.351
Armenia,ARM,2003,106.765
Armenia,ARM,2004,106.188
Armenia,ARM,2005,105.619
Armenia,ARM,2006,105.058
Armenia,ARM,2007,104.512
Armenia,ARM,2008,103.991
Armenia,ARM,2009,103.482
Armenia,ARM,2010,102.975
Armenia,ARM,2011,102.701
Armenia,ARM,2012,102.675
Armenia,ARM,2013,102.674
Armenia,ARM,2014,102.671
Armenia,ARM,2015,102.627
Armenia,ARM,2016,102.543
Armenia,ARM,2017,102.409
Armenia,ARM,2018,102.233
Armenia,ARM,2019,102.023
Armenia,ARM,2020,101.563
Armenia,ARM,2021,100.841
Armenia,ARM,2022,101.211
Armenia,ARM,2023,103.408
Aruba,ABW,1950,237.433
Aruba,ABW,1951,243.656
Aruba,ABW,1952,250.161
Aruba,ABW,1953,256.919
Aruba,ABW,1954,263.856
Aruba,ABW,1955,270.933
Aruba,ABW,1956,278.131
Aruba,ABW,1957,285.361
Aruba,ABW,1958,292.6
Aruba,ABW,1959,299.897
Aruba,ABW,1960,305.122
Aruba,ABW,1961,308.769
Aruba,ABW,1962,312.889
Aruba,ABW,1963,316.675
Aruba,ABW,1964,320.106
Aruba,ABW,1965,323.278
Aruba,ABW,1966,326.081
Aruba,ABW,1967,327.725
Aruba,ABW,1968,328.164
Aruba,ABW,1969,328.067
Aruba,ABW,1970,327.503
Aruba,ABW,1971,326.558
Aruba,ABW,1972,327.197
Aruba,ABW,1973,330.197
Aruba,ABW,1974,334.011
Aruba,ABW,1975,337.847
Aruba,ABW,1976,340.394
Aruba,ABW,1977,341.728
Aruba,ABW,1978,342.883
Aruba,ABW,1979,343.867
Aruba,ABW,1980,344.661
Aruba,ABW,1981,345.922
Aruba,ABW,1982,348.067
Aruba,ABW,1983,350.536
Aruba,ABW,1984,352.608
Aruba,ABW,1985,353.675
Aruba,ABW,1986,353.453
Aruba,ABW,1987,352.267
Aruba,ABW,1988,351.131
Aruba,ABW,1989,352.167
Aruba,ABW,1990,357.961
Aruba,ABW,1991,369.683
Aruba,ABW,1992,382.631
Aruba,ABW,1993,394.842
Aruba,ABW,1994,408.1
Aruba,ABW,1995,421.767
Aruba,ABW,1996,436.011
Aruba,ABW,1997,450.592
Aruba,ABW,1998,465.428
Aruba,ABW,1999,480.397
Aruba,ABW,2000,493.119
Aruba,ABW,2001,501.694
Aruba,ABW,2002,507.658
Aruba,ABW,2003,512.833
Aruba,ABW,2004,517.847
Aruba,ABW,2005,523.5
Aruba,ABW,2006,529.958
Aruba,ABW,2007,536.594
Aruba,ABW,2008,543.358
Aruba,ABW,2009,550.142
Aruba,ABW,2010,556.186
Aruba,ABW,2011,561.006
Aruba,ABW,2012,565.353
Aruba,ABW,2013,569.764
Aruba,ABW,2014,574.292
Aruba,ABW,2015,578.803
Aruba,ABW,2016,583.203
Aruba,ABW,2017,587.392
Aruba,ABW,2018,591.289
Aruba,ABW,2019,594.867
Aruba,ABW,2020,596.669
Aruba,ABW,2021,597.544
Aruba,ABW,2022,598.789
Aruba,ABW,2023,599.658
Asia (UN),UN_ASI,1950,43.62
Asia (UN),UN_ASI,1951,44.472
Asia (UN),UN_ASI,1952,45.417
Asia (UN),UN_ASI,1953,46.428
Asia (UN),UN_ASI,1954,47.474
Asia (UN),UN_ASI,1955,48.581
Asia (UN),UN_ASI,1956,49.701
Asia (UN),UN_ASI,1957,50.862
Asia (UN),UN_ASI,1958,52.049
Asia (UN),UN_ASI,1959,53.096
Asia (UN),UN_ASI,1960,53.959
Asia (UN),UN_ASI,1961,54.801
Asia (UN),UN_ASI,1962,55.922
Asia (UN),UN_ASI,1963,57.389
Asia (UN),UN_ASI,1964,58.924
Asia (UN),UN_ASI,1965,60.409
Asia (UN),UN_ASI,1966,61.881
Asia (UN),UN_ASI,1967,63.352
Asia (UN),UN_ASI,1968,64.897
Asia (UN),UN_ASI,1969,66.513
Asia (UN),UN_ASI,1970,68.154
Asia (UN),UN_ASI,1971,69.773
Asia (UN),UN_ASI,1972,71.372
Asia (UN),UN_ASI,1973,72.999
Asia (UN),UN_ASI,1974,74.611
Asia (UN),UN_ASI,1975,76.177
Asia (UN),UN_ASI,1976,77.706
Asia (UN),UN_ASI,1977,79.229
Asia (UN),UN_ASI,1978,80.747
Asia (UN),UN_ASI,1979,82.307
Asia (UN),UN_ASI,1980,83.929
Asia (UN),UN_ASI,1981,85.599
Asia (UN),UN_ASI,1982,87.342
Asia (UN),UN_ASI,1983,89.109
Asia (UN),UN_ASI,1984,90.876
Asia (UN),UN_ASI,1985,92.686
Asia (UN),UN_ASI,1986,94.557
Asia (UN),UN_ASI,1987,96.494
Asia (UN),UN_ASI,1988,98.439
Asia (UN),UN_ASI,1989,100.386
Asia (UN),UN_ASI,1990,102.344
Asia (UN),UN_ASI,1991,104.229
Asia (UN),UN_ASI,1992,106.035
Asia (UN),UN_ASI,1993,107.796
Asia (UN),UN_ASI,1994,109.507
Asia (UN),UN_ASI,1995,111.202
Asia (UN),UN_ASI,1996,112.893
Asia (UN),UN_ASI,1997,114.568
Asia (UN),UN_ASI,1998,116.226
Asia (UN),UN_ASI,1999,117.861
Asia (UN),UN_ASI,2000,119.495
Asia (UN),UN_ASI,2001,121.125
Asia (UN),UN_ASI,2002,122.701
Asia (UN),UN_ASI,2003,124.246
Asia (UN),UN_ASI,2004,125.796
Asia (UN),UN_ASI,2005,127.343
Asia (UN),UN_ASI,2006,128.902
Asia (UN),UN_ASI,2007,130.458
Asia (UN),UN_ASI,2008,132.012
Asia (UN),UN_ASI,2009,133.593
Asia (UN),UN_ASI,2010,135.183
Asia (UN),UN_ASI,2011,136.767
Asia (UN),UN_ASI,2012,138.365
Asia (UN),UN_ASI,2013,139.938
Asia (UN),UN_ASI,2014,141.468
Asia (UN),UN_ASI,2015,142.946
Asia (UN),UN_ASI,2016,144.385
Asia (UN),UN_ASI,2017,145.79
Asia (UN),UN_ASI,2018,147.101
Asia (UN),UN_ASI,2019,148.337
Asia (UN),UN_ASI,2020,149.476
Asia (UN),UN_ASI,2021,150.439
Asia (UN),UN_ASI,2022,151.375
Asia (UN),UN_ASI,2023,152.343
Australia,AUS,1950,1.064
Australia,AUS,1951,1.096
Australia,AUS,1952,1.123
Australia,AUS,1953,1.148
Australia,AUS,1954,1.171
Australia,AUS,1955,1.198
Australia,AUS,1956,1.227
Australia,AUS,1957,1.255
Australia,AUS,1958,1.282
Australia,AUS,1959,1.31
Australia,AUS,1960,1.338
Australia,AUS,1961,1.367
Australia,AUS,1962,1.394
Australia,AUS,1963,1.421
Australia,AUS,1964,1.449
Australia,AUS,1965,1.478
Australia,AUS,1966,1.509
Australia,AUS,1967,1.537
Australia,AUS,1968,1.566
Australia,AUS,1969,1.597
Australia,AUS,1970,1.64
Australia,AUS,1971,1.692
Australia,AUS,1972,1.732
Australia,AUS,1973,1.76
Australia,AUS,1974,1.786
Australia,AUS,1975,1.809
Australia,AUS,1976,1.828
Australia,AUS,1977,1.849
Australia,AUS,1978,1.87
Australia,AUS,1979,1.892
Australia,AUS,1980,1.916
Australia,AUS,1981,1.946
Australia,AUS,1982,1.978
Australia,AUS,1983,2.007
Australia,AUS,1984,2.033
Australia,AUS,1985,2.061
Australia,AUS,1986,2.092
Australia,AUS,1987,2.125
Australia,AUS,1988,2.16
Australia,AUS,1989,2.196
Australia,AUS,1990,2.229
Australia,AUS,1991,2.259
Australia,AUS,1992,2.284
Australia,AUS,1993,2.307
Australia,AUS,1994,2.33
Australia,AUS,1995,2.355
Australia,AUS,1996,2.383
Australia,AUS,1997,2.409
Australia,AUS,1998,2.434
Australia,AUS,1999,2.461
Australia,AUS,2000,2.49
Australia,AUS,2001,2.521
Australia,AUS,2002,2.551
Australia,AUS,2003,2.58
Australia,AUS,2004,2.609
Australia,AUS,2005,2.642
Australia,AUS,2006,2.68
Australia,AUS,2007,2.728
Australia,AUS,2008,2.782
Australia,AUS,2009,2.835
Australia,AUS,2010,2.882
Australia,AUS,2011,2.926
Australia,AUS,2012,2.975
Australia,AUS,2013,3.025
Australia,AUS,2014,3.071
Australia,AUS,2015,3.117
Australia,AUS,2016,3.167
Australia,AUS,2017,3.219
Australia,AUS,2018,3.27
Australia,AUS,2019,3.317
Australia,AUS,2020,3.351
Australia,AUS,2021,3.379
Australia,AUS,2022,3.411
Australia,AUS,2023,3.443
Austria,AUT,1950,84.059
Austria,AUT,1951,83.987
Austria,AUT,1952,83.947
Austria,AUT,1953,84.006
Austria,AUT,1954,84.101
Austria,AUT,1955,84.182
Austria,AUT,1956,84.25
Austria,AUT,1957,84.415
Austria,AUT,1958,84.676
Austria,AUT,1959,85.002
Austria,AUT,1960,85.402
Austria,AUT,1961,85.872
Austria,AUT,1962,86.399
Austria,AUT,1963,86.956
Austria,AUT,1964,87.536
Austria,AUT,1965,88.106
Austria,AUT,1966,88.725
Austria,AUT,1967,89.389
Austria,AUT,1968,89.854
Austria,AUT,1969,90.165
Austria,AUT,1970,90.48
Austria,AUT,1971,90.884
Austria,AUT,1972,91.412
Austria,AUT,1973,91.92
Austria,AUT,1974,92.075
Austria,AUT,1975,91.831
Austria,AUT,1976,91.669
Austria,AUT,1977,91.704
Austria,AUT,1978,91.63
Austria,AUT,1979,91.474
Austria,AUT,1980,91.475
Austria,AUT,1981,91.707
Austria,AUT,1982,91.774
Austria,AUT,1983,91.629
Austria,AUT,1984,91.624
Austria,AUT,1985,91.667
Austria,AUT,1986,91.729
Austria,AUT,1987,91.789
Austria,AUT,1988,91.922
Austria,AUT,1989,92.347
Austria,AUT,1990,93.065
Austria,AUT,1991,94.004
Austria,AUT,1992,95.041
Austria,AUT,1993,95.826
Austria,AUT,1994,96.198
Austria,AUT,1995,96.345
Austria,AUT,1996,96.474
Austria,AUT,1997,96.581
Austria,AUT,1998,96.686
Austria,AUT,1999,96.873
Austria,AUT,2000,97.104
Austria,AUT,2001,97.459
Austria,AUT,2002,97.937
Austria,AUT,2003,98.433
Austria,AUT,2004,99.05
Austria,AUT,2005,99.725
Austria,AUT,2006,100.218
Austria,AUT,2007,100.546
Austria,AUT,2008,100.865
Austria,AUT,2009,101.129
Austria,AUT,2010,101.372
Austria,AUT,2011,101.713
Austria,AUT,2012,102.178
Austria,AUT,2013,102.781
Austria,AUT,2014,103.586
Austria,AUT,2015,104.752
Austria,AUT,2016,105.89
Austria,AUT,2017,106.627
Austria,AUT,2018,107.147
Austria,AUT,2019,107.622
Austria,AUT,2020,108.113
Austria,AUT,2021,108.667
Austria,AUT,2022,109.85
Austria,AUT,2023,110.646
Azerbaijan,AZE,1950,37.891
Azerbaijan,AZE,1951,38.558
Azerbaijan,AZE,1952,39.282
Azerbaijan,AZE,1953,40.076
Azerbaijan,AZE,1954,40.948
Azerbaijan,AZE,1955,41.909
Azerbaijan,AZE,1956,42.965
Azerbaijan,AZE,1957,44.12
Azerbaijan,AZE,1958,45.376
Azerbaijan,AZE,1959,46.733
Azerbaijan,AZE,1960,48.183
Azerbaijan,AZE,1961,49.711
Azerbaijan,AZE,1962,51.289
Azerbaijan,AZE,1963,52.893
Azerbaijan,AZE,1964,54.485
Azerbaijan,AZE,1965,56.018
Azerbaijan,AZE,1966,57.489
Azerbaijan,AZE,1967,58.885
Azerbaijan,AZE,1968,60.206
Azerbaijan,AZE,1969,61.48
Azerbaijan,AZE,1970,62.714
Azerbaijan,AZE,1971,63.92
Azerbaijan,AZE,1972,65.099
Azerbaijan,AZE,1973,66.256
Azerbaijan,AZE,1974,67.413
Azerbaijan,AZE,1975,68.587
Azerbaijan,AZE,1976,70.06
Azerbaijan,AZE,1977,71.834
Azerbaijan,AZE,1978,73.497
Azerbaijan,AZE,1979,74.852
Azerbaijan,AZE,1980,76.033
Azerbaijan,AZE,1981,77.253
Azerbaijan,AZE,1982,78.534
Azerbaijan,AZE,1983,79.875
Azerbaijan,AZE,1984,81.133
Azerbaijan,AZE,1985,82.264
Azerbaijan,AZE,1986,83.372
Azerbaijan,AZE,1987,84.416
Azerbaijan,AZE,1988,85.671
Azerbaijan,AZE,1989,86.714
Azerbaijan,AZE,1990,87.482
Azerbaijan,AZE,1991,88.489
Azerbaijan,AZE,1992,89.595
Azerbaijan,AZE,1993,90.785
Azerbaijan,AZE,1994,92.053
Azerbaijan,AZE,1995,93.388
Azerbaijan,AZE,1996,94.74
Azerbaijan,AZE,1997,96.013
Azerbaijan,AZE,1998,97.097
Azerbaijan,AZE,1999,98
Azerbaijan,AZE,2000,98.899
Azerbaijan,AZE,2001,99.83
Azerbaijan,AZE,2002,100.73
Azerbaijan,AZE,2003,101.63
Azerbaijan,AZE,2004,102.711
Azerbaijan,AZE,2005,104.01
Azerbaijan,AZE,2006,105.391
Azerbaijan,AZE,2007,106.805
Azerbaijan,AZE,2008,108.188
Azerbaijan,AZE,2009,109.443
Azerbaijan,AZE,2010,110.659
Azerbaijan,AZE,2011,111.981
Azerbaijan,AZE,2012,113.433
Azerbaijan,AZE,2013,114.985
Azerbaijan,AZE,2014,116.518
Azerbaijan,AZE,2015,117.99
Azerbaijan,AZE,2016,119.389
Azerbaijan,AZE,2017,120.599
Azerbaijan,AZE,2018,121.462
Azerbaijan,AZE,2019,122.317
Azerbaijan,AZE,2020,123.179
Azerbaijan,AZE,2021,123.816
Azerbaijan,AZE,2022,124.553
Azerbaijan,AZE,2023,124.83
Bahamas,BHS,1950,15.582
Bahamas,BHS,1951,15.787
Bahamas,BHS,1952,16.081
Bahamas,BHS,1953,16.468
Bahamas,BHS,1954,16.951
Bahamas,BHS,1955,17.529
Bahamas,BHS,1956,18.198
Bahamas,BHS,1957,18.951
Bahamas,BHS,1958,19.783
Bahamas,BHS,1959,20.701
Bahamas,BHS,1960,21.709
Bahamas,BHS,1961,22.806
Bahamas,BHS,1962,23.981
Bahamas,BHS,1963,25.212
Bahamas,BHS,1964,26.414
Bahamas,BHS,1965,27.613
Bahamas,BHS,1966,28.905
Bahamas,BHS,1967,30.285
Bahamas,BHS,1968,31.745
Bahamas,BHS,1969,33.218
Bahamas,BHS,1970,34.524
Bahamas,BHS,1971,35.621
Bahamas,BHS,1972,36.591
Bahamas,BHS,1973,37.475
Bahamas,BHS,1974,38.324
Bahamas,BHS,1975,39.172
Bahamas,BHS,1976,40.034
Bahamas,BHS,1977,40.903
Bahamas,BHS,1978,41.762
Bahamas,BHS,1979,42.596
Bahamas,BHS,1980,43.398
Bahamas,BHS,1981,44.161
Bahamas,BHS,1982,44.907
Bahamas,BHS,1983,45.67
Bahamas,BHS,1984,46.447
Bahamas,BHS,1985,47.248
Bahamas,BHS,1986,48.066
Bahamas,BHS,1987,48.887
Bahamas,BHS,1988,49.729
Bahamas,BHS,1989,50.612
Bahamas,BHS,1990,51.501
Bahamas,BHS,1991,52.395
Bahamas,BHS,1992,53.365
Bahamas,BHS,1993,54.375
Bahamas,BHS,1994,55.339
Bahamas,BHS,1995,56.264
Bahamas,BHS,1996,57.161
Bahamas,BHS,1997,58.026
Bahamas,BHS,1998,58.859
Bahamas,BHS,1999,59.652
Bahamas,BHS,2000,60.44
Bahamas,BHS,2001,61.186
Bahamas,BHS,2002,61.891
Bahamas,BHS,2003,62.639
Bahamas,BHS,2004,63.416
Bahamas,BHS,2005,64.183
Bahamas,BHS,2006,65.02
Bahamas,BHS,2007,65.945
Bahamas,BHS,2008,66.838
Bahamas,BHS,2009,67.714
Bahamas,BHS,2010,68.585
Bahamas,BHS,2011,69.378
Bahamas,BHS,2012,70.076
Bahamas,BHS,2013,70.727
Bahamas,BHS,2014,71.351
Bahamas,BHS,2015,71.92
Bahamas,BHS,2016,72.425
Bahamas,BHS,2017,72.879
Bahamas,BHS,2018,73.296
Bahamas,BHS,2019,73.661
Bahamas,BHS,2020,73.883
Bahamas,BHS,2021,73.978
Bahamas,BHS,2022,74.195
Bahamas,BHS,2023,74.55
Bahrain,BHR,1950,149.761
Bahrain,BHR,1951,154.215
Bahrain,BHR,1952,158.938
Bahrain,BHR,1953,163.95
Bahrain,BHR,1954,169.299
Bahrain,BHR,1955,175.057
Bahrain,BHR,1956,181.25
Bahrain,BHR,1957,187.927
Bahrain,BHR,1958,195.159
Bahrain,BHR,1959,202.964
Bahrain,BHR,1960,211.338
Bahrain,BHR,1961,220.11
Bahrain,BHR,1962,229.054
Bahrain,BHR,1963,238.188
Bahrain,BHR,1964,247.53
Bahrain,BHR,1965,256.534
Bahrain,BHR,1966,265.061
Bahrain,BHR,1967,273.549
Bahrain,BHR,1968,280.123
Bahrain,BHR,1969,284.123
Bahrain,BHR,1970,287.112
Bahrain,BHR,1971,294.679
Bahrain,BHR,1972,309.211
Bahrain,BHR,1973,326.079
Bahrain,BHR,1974,343.6
Bahrain,BHR,1975,361.741
Bahrain,BHR,1976,380.413
Bahrain,BHR,1977,399.519
Bahrain,BHR,1978,418.96
Bahrain,BHR,1979,438.643
Bahrain,BHR,1980,458.466
Bahrain,BHR,1981,477.042
Bahrain,BHR,1982,494.231
Bahrain,BHR,1983,511.759
Bahrain,BHR,1984,530.21
Bahrain,BHR,1985,549.626
Bahrain,BHR,1986,569.969
Bahrain,BHR,1987,591.13
Bahrain,BHR,1988,612.936
Bahrain,BHR,1989,635.156
Bahrain,BHR,1990,657.467
Bahrain,BHR,1991,679.27
Bahrain,BHR,1992,699.551
Bahrain,BHR,1993,718.786
Bahrain,BHR,1994,738.125
Bahrain,BHR,1995,757.627
Bahrain,BHR,1996,777.258
Bahrain,BHR,1997,796.941
Bahrain,BHR,1998,816.575
Bahrain,BHR,1999,836.033
Bahrain,BHR,2000,855.148
Bahrain,BHR,2001,893.941
Bahrain,BHR,2002,960.661
Bahrain,BHR,2003,1036.112
Bahrain,BHR,2004,1112.953
Bahrain,BHR,2005,1191.065
Bahrain,BHR,2006,1270.266
Bahrain,BHR,2007,1350.453
Bahrain,BHR,2008,1431.307
Bahrain,BHR,2009,1511.629
Bahrain,BHR,2010,1549.481
Bahrain,BHR,2011,1541.16
Bahrain,BHR,2012,1553.388
Bahrain,BHR,2013,1605.623
Bahrain,BHR,2014,1676.69
Bahrain,BHR,2015,1749.234
Bahrain,BHR,2016,1825.803
Bahrain,BHR,2017,1892.714
Bahrain,BHR,2018,1912.676
Bahrain,BHR,2019,1897.408
Bahrain,BHR,2020,1894.096
Bahrain,BHR,2021,1917.961
Bahrain,BHR,2022,1958.441
Bahrain,BHR,2023,2004.681
Bangladesh,BGD,1950,316.562
Bangladesh,BGD,1951,322.826
Bangladesh,BGD,1952,329.515
Bangladesh,BGD,1953,336.417
Bangladesh,BGD,1954,343.714
Bangladesh,BGD,1955,351.599
Bangladesh,BGD,1956,359.948
Bangladesh,BGD,1957,368.784
Bangladesh,BGD,1958,377.845
Bangladesh,BGD,1959,387.507
Bangladesh,BGD,1960,398.161
Bangladesh,BGD,1961,409.544
Bangladesh,BGD,1962,421.611
Bangladesh,BGD,1963,434.082
Bangladesh,BGD,1964,446.941
Bangladesh,BGD,1965,460.187
Bangladesh,BGD,1966,473.764
Bangladesh,BGD,1967,487.908
Bangladesh,BGD,1968,502.483
Bangladesh,BGD,1969,516.971
Bangladesh,BGD,1970,530.528
Bangladesh,BGD,1971,539.884
Bangladesh,BGD,1972,550.369
Bangladesh,BGD,1973,566.354
Bangladesh,BGD,1974,582.618
Bangladesh,BGD,1975,598.097
Bangladesh,BGD,1976,613.469
Bangladesh,BGD,1977,628.926
Bangladesh,BGD,1978,644.462
Bangladesh,BGD,1979,660.176
Bangladesh,BGD,1980,676.165
Bangladesh,BGD,1981,693.732
Bangladesh,BGD,1982,713.025
Bangladesh,BGD,1983,732.39
Bangladesh,BGD,1984,751.44
Bangladesh,BGD,1985,770.176
Bangladesh,BGD,1986,788.473
Bangladesh,BGD,1987,806.325
Bangladesh,BGD,1988,823.661
Bangladesh,BGD,1989,840.699
Bangladesh,BGD,1990,857.599
Bangladesh,BGD,1991,874.142
Bangladesh,BGD,1992,890.775
Bangladesh,BGD,1993,907.524
Bangladesh,BGD,1994,924.508
Bangladesh,BGD,1995,941.848
Bangladesh,BGD,1996,959.224
Bangladesh,BGD,1997,977.169
Bangladesh,BGD,1998,995.793
Bangladesh,BGD,1999,1014.889
Bangladesh,BGD,2000,1033.605
Bangladesh,BGD,2001,1050.978
Bangladesh,BGD,2002,1067.325
Bangladesh,BGD,2003,1082.971
Bangladesh,BGD,2004,1097.817
Bangladesh,BGD,2005,1111.745
Bangladesh,BGD,2006,1124.729
Bangladesh,BGD,2007,1136.892
Bangladesh,BGD,2008,1148.3
Bangladesh,BGD,2009,1159.051
Bangladesh,BGD,2010,1169.255
Bangladesh,BGD,2011,1179.927
Bangladesh,BGD,2012,1191.289
Bangladesh,BGD,2013,1202.521
Bangladesh,BGD,2014,1213.528
Bangladesh,BGD,2015,1224.423
Bangladesh,BGD,2016,1235.399
Bangladesh,BGD,2017,1245.956
Bangladesh,BGD,2018,1256.227
Bangladesh,BGD,2019,1266.905
Bangladesh,BGD,2020,1277.545
Bangladesh,BGD,2021,1287.999
Bangladesh,BGD,2022,1301.259
Bangladesh,BGD,2023,1317.254
Barbados,BRB,1950,488.178
Barbados,BRB,1951,496.273
Barbados,BRB,1952,503.502
Barbados,BRB,1953,509.842
Barbados,BRB,1954,515.24
Barbados,BRB,1955,519.278
Barbados,BRB,1956,522.119
Barbados,BRB,1957,525.102
Barbados,BRB,1958,528.508
Barbados,BRB,1959,532.048
Barbados,BRB,1960,536.959
Barbados,BRB,1961,542.205
Barbados,BRB,1962,547.033
Barbados,BRB,1963,552.458
Barbados,BRB,1964,558.042
Barbados,BRB,1965,563.759
Barbados,BRB,1966,569.758
Barbados,BRB,1967,574.631
Barbados,BRB,1968,577.999
Barbados,BRB,1969,580.101
Barbados,BRB,1970,579.97
Barbados,BRB,1971,579.46
Barbados,BRB,1972,580.6
Barbados,BRB,1973,582.145
Barbados,BRB,1974,583.202
Barbados,BRB,1975,584.129
Barbados,BRB,1976,584.75
Barbados,BRB,1977,585.177
Barbados,BRB,1978,585.002
Barbados,BRB,1979,584.347
Barbados,BRB,1980,584.938
Barbados,BRB,1981,586.676
Barbados,BRB,1982,588.593
Barbados,BRB,1983,590.679
Barbados,BRB,1984,592.837
Barbados,BRB,1985,594.929
Barbados,BRB,1986,596.787
Barbados,BRB,1987,598.324
Barbados,BRB,1988,599.449
Barbados,BRB,1989,600.253
Barbados,BRB,1990,601.352
Barbados,BRB,1991,603.192
Barbados,BRB,1992,605.271
Barbados,BRB,1993,607.04
Barbados,BRB,1994,608.42
Barbados,BRB,1995,609.394
Barbados,BRB,1996,609.962
Barbados,BRB,1997,610.213
Barbados,BRB,1998,610.316
Barbados,BRB,1999,610.506
Barbados,BRB,2000,609.449
Barbados,BRB,2001,610.292
Barbados,BRB,2002,614.298
Barbados,BRB,2003,618.084
Barbados,BRB,2004,621.623
Barbados,BRB,2005,624.898
Barbados,BRB,2006,627.91
Barbados,BRB,2007,630.903
Barbados,BRB,2008,634.22
Barbados,BRB,2009,637.494
Barbados,BRB,2010,640.101
Barbados,BRB,2011,642.184
Barbados,BRB,2012,644.041
Barbados,BRB,2013,645.733
Barbados,BRB,2014,647.321
Barbados,BRB,2015,648.814
Barbados,BRB,2016,650.227
Barbados,BRB,2017,651.56
Barbados,BRB,2018,652.815
Barbados,BRB,2019,653.971
Barbados,BRB,2020,655.112
Barbados,BRB,2021,656.155
Barbados,BRB,2022,656.553
Barbados,BRB,2023,656.595
Belarus,BLR,1950,35.127
Belarus,BLR,1951,35.432
Belarus,BLR,1952,35.802
Belarus,BLR,1953,36.226
Belarus,BLR,1954,36.71
Belarus,BLR,1955,37.261
Belarus,BLR,1956,37.863
Belarus,BLR,1957,38.497
Belarus,BLR,1958,39.151
Belarus,BLR,1959,39.827
Belarus,BLR,1960,40.451
Belarus,BLR,1961,41.006
Belarus,BLR,1962,41.518
Belarus,BLR,1963,41.978
Belarus,BLR,1964,42.397
Belarus,BLR,1965,42.777
Belarus,BLR,1966,43.137
Belarus,BLR,1967,43.484
Belarus,BLR,1968,43.819
Belarus,BLR,1969,44.131
Belarus,BLR,1970,44.428
Belarus,BLR,1971,44.748
Belarus,BLR,1972,45.067
Belarus,BLR,1973,45.368
Belarus,BLR,1974,45.664
Belarus,BLR,1975,45.953
Belarus,BLR,1976,46.228
Belarus,BLR,1977,46.498
Belarus,BLR,1978,46.749
Belarus,BLR,1979,47.005
Belarus,BLR,1980,47.327
Belarus,BLR,1981,47.696
Belarus,BLR,1982,48.042
Belarus,BLR,1983,48.374
Belarus,BLR,1984,48.7
Belarus,BLR,1985,49.008
Belarus,BLR,1986,49.304
Belarus,BLR,1987,49.567
Belarus,BLR,1988,49.813
Belarus,BLR,1989,50.065
Belarus,BLR,1990,50.201
Belarus,BLR,1991,50.238
Belarus,BLR,1992,50.355
Belarus,BLR,1993,50.472
Belarus,BLR,1994,50.417
Belarus,BLR,1995,50.256
Belarus,BLR,1996,50.091
Belarus,BLR,1997,49.886
Belarus,BLR,1998,49.68
Belarus,BLR,1999,49.476
Belarus,BLR,2000,49.24
Belarus,BLR,2001,48.978
Belarus,BLR,2002,48.659
Belarus,BLR,2003,48.313
Belarus,BLR,2004,47.977
Belarus,BLR,2005,47.646
Belarus,BLR,2006,47.351
Belarus,BLR,2007,47.13
Belarus,BLR,2008,46.963
Belarus,BLR,2009,46.855
Belarus,BLR,2010,46.773
Belarus,BLR,2011,46.684
Belarus,BLR,2012,46.637
Belarus,BLR,2013,46.644
Belarus,BLR,2014,46.684
Belarus,BLR,2015,46.756
Belarus,BLR,2016,46.814
Belarus,BLR,2017,46.798
Belarus,BLR,2018,46.72
Belarus,BLR,2019,46.501
Belarus,BLR,2020,46.084
Belarus,BLR,2021,45.593
Belarus,BLR,2022,45.208
Belarus,BLR,2023,44.925
Belgium,BEL,1950,284.611
Belgium,BEL,1951,285.876
Belgium,BEL,1952,287.226
Belgium,BEL,1953,288.72
Belgium,BEL,1954,290.256
Belgium,BEL,1955,291.812
Belgium,BEL,1956,293.354
Belgium,BEL,1957,294.995
Belgium,BEL,1958,296.787
Belgium,BEL,1959,298.756
Belgium,BEL,1960,300.62
Belgium,BEL,1961,302.471
Belgium,BEL,1962,304.435
Belgium,BEL,1963,306.335
Belgium,BEL,1964,308.398
Belgium,BEL,1965,310.452
Belgium,BEL,1966,312.273
Belgium,BEL,1967,313.955
Belgium,BEL,1968,315.401
Belgium,BEL,1969,316.705
Belgium,BEL,1970,318.069
Belgium,BEL,1971,319.259
Belgium,BEL,1972,320.195
Belgium,BEL,1973,320.96
Belgium,BEL,1974,321.547
Belgium,BEL,1975,321.966
Belgium,BEL,1976,322.31
Belgium,BEL,1977,322.809
Belgium,BEL,1978,323.397
Belgium,BEL,1979,324.043
Belgium,BEL,1980,324.76
Belgium,BEL,1981,325.341
Belgium,BEL,1982,325.726
Belgium,BEL,1983,325.951
Belgium,BEL,1984,326.131
Belgium,BEL,1985,326.321
Belgium,BEL,1986,326.54
Belgium,BEL,1987,326.942
Belgium,BEL,1988,327.517
Belgium,BEL,1989,328.178
Belgium,BEL,1990,328.984
Belgium,BEL,1991,330.238
Belgium,BEL,1992,331.792
Belgium,BEL,1993,333.078
Belgium,BEL,1994,334.104
Belgium,BEL,1995,334.806
Belgium,BEL,1996,335.457
Belgium,BEL,1997,336.266
Belgium,BEL,1998,336.983
Belgium,BEL,1999,337.759
Belgium,BEL,2000,338.586
Belgium,BEL,2001,339.752
Belgium,BEL,2002,341.27
Belgium,BEL,2003,342.7
Belgium,BEL,2004,344.187
Belgium,BEL,2005,346.089
Belgium,BEL,2006,348.386
Belgium,BEL,2007,350.931
Belgium,BEL,2008,353.713
Belgium,BEL,2009,357.122
Belgium,BEL,2010,361.207
Belgium,BEL,2011,364.576
Belgium,BEL,2012,366.851
Belgium,BEL,2013,368.594
Belgium,BEL,2014,370.24
Belgium,BEL,2015,372.394
Belgium,BEL,2016,374.288
Belgium,BEL,2017,375.738
Belgium,BEL,2018,377.456
Belgium,BEL,2019,379.504
Belgium,BEL,2020,381.138
Belgium,BEL,2021,382.153
Belgium,BEL,2022,384.498
Belgium,BEL,2023,386.845
Belize,BLZ,1950,3.028
Belize,BLZ,1951,3.118
Belize,BLZ,1952,3.215
Belize,BLZ,1953,3.311
Belize,BLZ,1954,3.405
Belize,BLZ,1955,3.501
Belize,BLZ,1956,3.598
Belize,BLZ,1957,3.698
Belize,BLZ,1958,3.799
Belize,BLZ,1959,3.901
Belize,BLZ,1960,4.003
Belize,BLZ,1961,4.105
Belize,BLZ,1962,4.211
Belize,BLZ,1963,4.327
Belize,BLZ,1964,4.454
Belize,BLZ,1965,4.589
Belize,BLZ,1966,4.731
Belize,BLZ,1967,4.878
Belize,BLZ,1968,5.029
Belize,BLZ,1969,5.175
Belize,BLZ,1970,5.293
Belize,BLZ,1971,5.384
Belize,BLZ,1972,5.466
Belize,BLZ,1973,5.543
Belize,BLZ,1974,5.62
Belize,BLZ,1975,5.716
Belize,BLZ,1976,5.835
Belize,BLZ,1977,5.957
Belize,BLZ,1978,6.081
Belize,BLZ,1979,6.211
Belize,BLZ,1980,6.36
Belize,BLZ,1981,6.523
Belize,BLZ,1982,6.688
Belize,BLZ,1983,6.852
Belize,BLZ,1984,7.016
Belize,BLZ,1985,7.181
Belize,BLZ,1986,7.346
Belize,BLZ,1987,7.512
Belize,BLZ,1988,7.68
Belize,BLZ,1989,7.852
Belize,BLZ,1990,8.026
Belize,BLZ,1991,8.2
Belize,BLZ,1992,8.373
Belize,BLZ,1993,8.545
Belize,BLZ,1994,8.728
Belize,BLZ,1995,8.95
Belize,BLZ,1996,9.22
Belize,BLZ,1997,9.533
Belize,BLZ,1998,9.872
Belize,BLZ,1999,10.217
Belize,BLZ,2000,10.557
Belize,BLZ,2001,10.889
Belize,BLZ,2002,11.224
Belize,BLZ,2003,11.564
Belize,BLZ,2004,11.911
Belize,BLZ,2005,12.264
Belize,BLZ,2006,12.621
Belize,BLZ,2007,12.981
Belize,BLZ,2008,13.343
Belize,BLZ,2009,13.705
Belize,BLZ,2010,14.04
Belize,BLZ,2011,14.349
Belize,BLZ,2012,14.661
Belize,BLZ,2013,14.977
Belize,BLZ,2014,15.297
Belize,BLZ,2015,15.622
Belize,BLZ,2016,15.989
Belize,BLZ,2017,16.361
Belize,BLZ,2018,16.669
Belize,BLZ,2019,16.915
Belize,BLZ,2020,17.133
Belize,BLZ,2021,17.332
Belize,BLZ,2022,17.656
Belize,BLZ,2023,18.023
Benin,BEN,1950,19.958
Benin,BEN,1951,20.107
Benin,BEN,1952,20.271
Benin,BEN,1953,20.452
Benin,BEN,1954,20.653
Benin,BEN,1955,20.873
Benin,BEN,1956,21.115
Benin,BEN,1957,21.38
Benin,BEN,1958,21.669
Benin,BEN,1959,21.984
Benin,BEN,1960,22.324
Benin,BEN,1961,22.696
Benin,BEN,1962,23.099
Benin,BEN,1963,23.527
Benin,BEN,1964,23.98
Benin,BEN,1965,24.458
Benin,BEN,1966,24.958
Benin,BEN,1967,25.479
Benin,BEN,1968,26.022
Benin,BEN,1969,26.589
Benin,BEN,1970,27.182
Benin,BEN,1971,27.8
Benin,BEN,1972,28.446
Benin,BEN,1973,29.119
Benin,BEN,1974,29.821
Benin,BEN,1975,30.555
Benin,BEN,1976,31.325
Benin,BEN,1977,32.132
Benin,BEN,1978,32.975
Benin,BEN,1979,33.864
Benin,BEN,1980,34.811
Benin,BEN,1981,35.813
Benin,BEN,1982,36.862
Benin,BEN,1983,37.948
Benin,BEN,1984,39.073
Benin,BEN,1985,40.245
Benin,BEN,1986,41.463
Benin,BEN,1987,42.732
Benin,BEN,1988,44.052
Benin,BEN,1989,45.421
Benin,BEN,1990,46.838
Benin,BEN,1991,48.306
Benin,BEN,1992,49.821
Benin,BEN,1993,52.081
Benin,BEN,1994,54.066
Benin,BEN,1995,55.221
Benin,BEN,1996,56.686
Benin,BEN,1997,58.384
Benin,BEN,1998,60.212
Benin,BEN,1999,62.104
Benin,BEN,2000,64.044
Benin,BEN,2001,66.03
Benin,BEN,2002,68.069
Benin,BEN,2003,70.176
Benin,BEN,2004,72.358
Benin,BEN,2005,74.726
Benin,BEN,2006,77.095
Benin,BEN,2007,79.407
Benin,BEN,2008,81.842
Benin,BEN,2009,84.333
Benin,BEN,2010,86.888
Benin,BEN,2011,89.514
Benin,BEN,2012,92.211
Benin,BEN,2013,94.97
Benin,BEN,2014,97.818
Benin,BEN,2015,100.751
Benin,BEN,2016,103.741
Benin,BEN,2017,106.774
Benin,BEN,2018,109.82
Benin,BEN,2019,112.866
Benin,BEN,2020,115.911
Benin,BEN,2021,118.955
Benin,BEN,2022,122.025
Benin,BEN,2023,125.142
Bermuda,BMU,1950,689.139
Bermuda,BMU,1951,699.944
Bermuda,BMU,1952,709.898
Bermuda,BMU,1953,719.148
Bermuda,BMU,1954,728.639
Bermuda,BMU,1955,738.019
Bermuda,BMU,1956,747.083
Bermuda,BMU,1957,755.37
Bermuda,BMU,1958,763.167
Bermuda,BMU,1959,771.157
Bermuda,BMU,1960,781.62
Bermuda,BMU,1961,798.565
Bermuda,BMU,1962,819.25
Bermuda,BMU,1963,839.63
Bermuda,BMU,1964,859.454
Bermuda,BMU,1965,878.907
Bermuda,BMU,1966,898.778
Bermuda,BMU,1967,916.926
Bermuda,BMU,1968,933.407
Bermuda,BMU,1969,950.12
Bermuda,BMU,1970,965.269
Bermuda,BMU,1971,974.204
Bermuda,BMU,1972,977.824
Bermuda,BMU,1973,980.472
Bermuda,BMU,1974,982.528
Bermuda,BMU,1975,983.861
Bermuda,BMU,1976,985.37
Bermuda,BMU,1977,987.435
Bermuda,BMU,1978,989.463
Bermuda,BMU,1979,991.065
Bermuda,BMU,1980,993.944
Bermuda,BMU,1981,999.944
Bermuda,BMU,1982,1007.167
Bermuda,BMU,1983,1014.389
Bermuda,BMU,1984,1021.657
Bermuda,BMU,1985,1028.639
Bermuda,BMU,1986,1034.991
Bermuda,BMU,1987,1041.944
Bermuda,BMU,1988,1049.972
Bermuda,BMU,1989,1057.944
Bermuda,BMU,1990,1065.898
Bermuda,BMU,1991,1073.778
Bermuda,BMU,1992,1081.62
Bermuda,BMU,1993,1089.176
Bermuda,BMU,1994,1096.185
Bermuda,BMU,1995,1102.343
Bermuda,BMU,1996,1107.648
Bermuda,BMU,1997,1114.389
Bermuda,BMU,1998,1122.935
Bermuda,BMU,1999,1131.935
Bermuda,BMU,2000,1139.824
Bermuda,BMU,2001,1145.694
Bermuda,BMU,2002,1150.787
Bermuda,BMU,2003,1155.296
Bermuda,BMU,2004,1158.426
Bermuda,BMU,2005,1161.315
Bermuda,BMU,2006,1163.583
Bermuda,BMU,2007,1166.843
Bermuda,BMU,2008,1172.213
Bermuda,BMU,2009,1177.13
Bermuda,BMU,2010,1180.102
Bermuda,BMU,2011,1180.231
Bermuda,BMU,2012,1178.63
Bermuda,BMU,2013,1177.287
Bermuda,BMU,2014,1176.463
Bermuda,BMU,2015,1175.25
Bermuda,BMU,2016,1174.972
Bermuda,BMU,2017,1177.38
Bermuda,BMU,2018,1182.056
Bermuda,BMU,2019,1187.167
Bermuda,BMU,2020,1192.259
Bermuda,BMU,2021,1197.185
Bermuda,BMU,2022,1199.046
Bermuda,BMU,2023,1198.111
Bhutan,BTN,1950,4.427
Bhutan,BTN,1951,4.548
Bhutan,BTN,1952,4.672
Bhutan,BTN,1953,4.801
Bhutan,BTN,1954,4.934
Bhutan,BTN,1955,5.072
Bhutan,BTN,1956,5.215
Bhutan,BTN,1957,5.363
Bhutan,BTN,1958,5.515
Bhutan,BTN,1959,5.673
Bhutan,BTN,1960,5.836
Bhutan,BTN,1961,6.006
Bhutan,BTN,1962,6.189
Bhutan,BTN,1963,6.385
Bhutan,BTN,1964,6.589
Bhutan,BTN,1965,6.803
Bhutan,BTN,1966,7.028
Bhutan,BTN,1967,7.263
Bhutan,BTN,1968,7.509
Bhutan,BTN,1969,7.767
Bhutan,BTN,1970,8.036
Bhutan,BTN,1971,8.314
Bhutan,BTN,1972,8.602
Bhutan,BTN,1973,8.9
Bhutan,BTN,1974,9.208
Bhutan,BTN,1975,9.527
Bhutan,BTN,1976,9.858
Bhutan,BTN,1977,10.201
Bhutan,BTN,1978,10.555
Bhutan,BTN,1979,10.918
Bhutan,BTN,1980,11.288
Bhutan,BTN,1981,11.664
Bhutan,BTN,1982,12.046
Bhutan,BTN,1983,12.436
Bhutan,BTN,1984,12.835
Bhutan,BTN,1985,13.241
Bhutan,BTN,1986,13.656
Bhutan,BTN,1987,14.079
Bhutan,BTN,1988,14.507
Bhutan,BTN,1989,14.939
Bhutan,BTN,1990,15.348
Bhutan,BTN,1991,15.622
Bhutan,BTN,1992,15.049
Bhutan,BTN,1993,14.447
Bhutan,BTN,1994,14.442
Bhutan,BTN,1995,14.273
Bhutan,BTN,1996,14.293
Bhutan,BTN,1997,14.552
Bhutan,BTN,1998,14.831
Bhutan,BTN,1999,15.174
Bhutan,BTN,2000,15.546
Bhutan,BTN,2001,15.909
Bhutan,BTN,2002,16.263
Bhutan,BTN,2003,16.608
Bhutan,BTN,2004,16.944
Bhutan,BTN,2005,17.239
Bhutan,BTN,2006,17.471
Bhutan,BTN,2007,17.676
Bhutan,BTN,2008,17.877
Bhutan,BTN,2009,18.075
Bhutan,BTN,2010,18.275
Bhutan,BTN,2011,18.476
Bhutan,BTN,2012,18.682
Bhutan,BTN,2013,18.89
Bhutan,BTN,2014,19.095
Bhutan,BTN,2015,19.29
Bhutan,BTN,2016,19.479
Bhutan,BTN,2017,19.647
Bhutan,BTN,2018,19.788
Bhutan,BTN,2019,19.92
Bhutan,BTN,2020,20.055
Bhutan,BTN,2021,20.197
Bhutan,BTN,2022,20.339
Bhutan,BTN,2023,20.482
Bolivia,BOL,1950,2.852
Bolivia,BOL,1951,2.896
Bolivia,BOL,1952,2.942
Bolivia,BOL,1953,2.992
Bolivia,BOL,1954,3.044
Bolivia,BOL,1955,3.1
Bolivia,BOL,1956,3.158
Bolivia,BOL,1957,3.219
Bolivia,BOL,1958,3.283
Bolivia,BOL,1959,3.349
Bolivia,BOL,1960,3.418
Bolivia,BOL,1961,3.488
Bolivia,BOL,1962,3.561
Bolivia,BOL,1963,3.636
Bolivia,BOL,1964,3.714
Bolivia,BOL,1965,3.794
Bolivia,BOL,1966,3.877
Bolivia,BOL,1967,3.963
Bolivia,BOL,1968,4.051
Bolivia,BOL,1969,4.143
Bolivia,BOL,1970,4.237
Bolivia,BOL,1971,4.333
Bolivia,BOL,1972,4.432
Bolivia,BOL,1973,4.533
Bolivia,BOL,1974,4.636
Bolivia,BOL,1975,4.743
Bolivia,BOL,1976,4.852
Bolivia,BOL,1977,4.966
Bolivia,BOL,1978,5.081
Bolivia,BOL,1979,5.198
Bolivia,BOL,1980,5.316
Bolivia,BOL,1981,5.435
Bolivia,BOL,1982,5.555
Bolivia,BOL,1983,5.676
Bolivia,BOL,1984,5.799
Bolivia,BOL,1985,5.923
Bolivia,BOL,1986,6.049
Bolivia,BOL,1987,6.178
Bolivia,BOL,1988,6.31
Bolivia,BOL,1989,6.445
Bolivia,BOL,1990,6.582
Bolivia,BOL,1991,6.72
Bolivia,BOL,1992,6.859
Bolivia,BOL,1993,6.996
Bolivia,BOL,1994,7.133
Bolivia,BOL,1995,7.269
Bolivia,BOL,1996,7.405
Bolivia,BOL,1997,7.54
Bolivia,BOL,1998,7.674
Bolivia,BOL,1999,7.809
Bolivia,BOL,2000,7.945
Bolivia,BOL,2001,8.08
Bolivia,BOL,2002,8.216
Bolivia,BOL,2003,8.355
Bolivia,BOL,2004,8.497
Bolivia,BOL,2005,8.641
Bolivia,BOL,2006,8.79
Bolivia,BOL,2007,8.941
Bolivia,BOL,2008,9.093
Bolivia,BOL,2009,9.246
Bolivia,BOL,2010,9.399
Bolivia,BOL,2011,9.553
Bolivia,BOL,2012,9.707
Bolivia,BOL,2013,9.861
Bolivia,BOL,2014,10.015
Bolivia,BOL,2015,10.168
Bolivia,BOL,2016,10.32
Bolivia,BOL,2017,10.472
Bolivia,BOL,2018,10.623
Bolivia,BOL,2019,10.774
Bolivia,BOL,2020,10.908
Bolivia,BOL,2021,11.019
Bolivia,BOL,2022,11.149
Bolivia,BOL,2023,11.303
Bonaire Sint Eustatius and Saba,BES,1950,21.325
Bonaire Sint Eustatius and Saba,BES,1951,21.43
Bonaire Sint Eustatius and Saba,BES,1952,21.692
Bonaire Sint Eustatius and Saba,BES,1953,22.037
Bonaire Sint Eustatius and Saba,BES,1954,22.686
Bonaire Sint Eustatius and Saba,BES,1955,23.177
Bonaire Sint Eustatius and Saba,BES,1956,23.209
Bonaire Sint Eustatius and Saba,BES,1957,23.276
Bonaire Sint Eustatius and Saba,BES,1958,23.404
Bonaire Sint Eustatius and Saba,BES,1959,23.593
Bonaire Sint Eustatius and Saba,BES,1960,23.884
Bonaire Sint Eustatius and Saba,BES,1961,24.273
Bonaire Sint Eustatius and Saba,BES,1962,24.703
Bonaire Sint Eustatius and Saba,BES,1963,25.194
Bonaire Sint Eustatius and Saba,BES,1964,25.765
Bonaire Sint Eustatius and Saba,BES,1965,26.389
Bonaire Sint Eustatius and Saba,BES,1966,27.052
Bonaire Sint Eustatius and Saba,BES,1967,27.765
Bonaire Sint Eustatius and Saba,BES,1968,28.508
Bonaire Sint Eustatius and Saba,BES,1969,29.285
Bonaire Sint Eustatius and Saba,BES,1970,30.079
Bonaire Sint Eustatius and Saba,BES,1971,30.864
Bonaire Sint Eustatius and Saba,BES,1972,31.578
Bonaire Sint Eustatius and Saba,BES,1973,32.127
Bonaire Sint Eustatius and Saba,BES,1974,32.596
Bonaire Sint Eustatius and Saba,BES,1975,33.095
Bonaire Sint Eustatius and Saba,BES,1976,33.63
Bonaire Sint Eustatius and Saba,BES,1977,34.207
Bonaire Sint Eustatius and Saba,BES,1978,34.791
Bonaire Sint Eustatius and Saba,BES,1979,35.357
Bonaire Sint Eustatius and Saba,BES,1980,35.919
Bonaire Sint Eustatius and Saba,BES,1981,36.392
Bonaire Sint Eustatius and Saba,BES,1982,36.739
Bonaire Sint Eustatius and Saba,BES,1983,37.053
Bonaire Sint Eustatius and Saba,BES,1984,37.377
Bonaire Sint Eustatius and Saba,BES,1985,37.709
Bonaire Sint Eustatius and Saba,BES,1986,38.027
Bonaire Sint Eustatius and Saba,BES,1987,38.345
Bonaire Sint Eustatius and Saba,BES,1988,38.688
Bonaire Sint Eustatius and Saba,BES,1989,39.049
Bonaire Sint Eustatius and Saba,BES,1990,39.419
Bonaire Sint Eustatius and Saba,BES,1991,39.784
Bonaire Sint Eustatius and Saba,BES,1992,40.133
Bonaire Sint Eustatius and Saba,BES,1993,40.465
Bonaire Sint Eustatius and Saba,BES,1994,40.806
Bonaire Sint Eustatius and Saba,BES,1995,41.186
Bonaire Sint Eustatius and Saba,BES,1996,41.599
Bonaire Sint Eustatius and Saba,BES,1997,42.037
Bonaire Sint Eustatius and Saba,BES,1998,42.485
Bonaire Sint Eustatius and Saba,BES,1999,42.93
Bonaire Sint Eustatius and Saba,BES,2000,43.393
Bonaire Sint Eustatius and Saba,BES,2001,44.213
Bonaire Sint Eustatius and Saba,BES,2002,45.747
Bonaire Sint Eustatius and Saba,BES,2003,47.692
Bonaire Sint Eustatius and Saba,BES,2004,49.706
Bonaire Sint Eustatius and Saba,BES,2005,51.77
Bonaire Sint Eustatius and Saba,BES,2006,53.886
Bonaire Sint Eustatius and Saba,BES,2007,56.049
Bonaire Sint Eustatius and Saba,BES,2008,58.227
Bonaire Sint Eustatius and Saba,BES,2009,60.438
Bonaire Sint Eustatius and Saba,BES,2010,62.678
Bonaire Sint Eustatius and Saba,BES,2011,65.931
Bonaire Sint Eustatius and Saba,BES,2012,69.578
Bonaire Sint Eustatius and Saba,BES,2013,72.595
Bonaire Sint Eustatius and Saba,BES,2014,74.588
Bonaire Sint Eustatius and Saba,BES,2015,75.03
Bonaire Sint Eustatius and Saba,BES,2016,74.826
Bonaire Sint Eustatius and Saba,BES,2017,75.599
Bonaire Sint Eustatius and Saba,BES,2018,76.691
Bonaire Sint Eustatius and Saba,BES,2019,78.125
Bonaire Sint Eustatius and Saba,BES,2020,80.649
Bonaire Sint Eustatius and Saba,BES,2021,83.302
Bonaire Sint Eustatius and Saba,BES,2022,87.277
Bonaire Sint Eustatius and Saba,BES,2023,91.154
Bosnia and Herzegovina,BIH,1950,52.55
Bosnia and Herzegovina,BIH,1951,53.328
Bosnia and Herzegovina,BIH,1952,54.196
Bosnia and Herzegovina,BIH,1953,55.262
Bosnia and Herzegovina,BIH,1954,56.452
Bosnia and Herzegovina,BIH,1955,57.663
Bosnia and Herzegovina,BIH,1956,58.901
Bosnia and Herzegovina,BIH,1957,60.159
Bosnia and Herzegovina,BIH,1958,61.438
Bosnia and Herzegovina,BIH,1959,62.745
Bosnia and Herzegovina,BIH,1960,64.093
Bosnia and Herzegovina,BIH,1961,65.395
Bosnia and Herzegovina,BIH,1962,66.557
Bosnia and Herzegovina,BIH,1963,67.62
Bosnia and Herzegovina,BIH,1964,68.626
Bosnia and Herzegovina,BIH,1965,69.591
Bosnia and Herzegovina,BIH,1966,70.523
Bosnia and Herzegovina,BIH,1967,71.415
Bosnia and Herzegovina,BIH,1968,72.246
Bosnia and Herzegovina,BIH,1969,73.007
Bosnia and Herzegovina,BIH,1970,73.701
Bosnia and Herzegovina,BIH,1971,74.406
Bosnia and Herzegovina,BIH,1972,75.166
Bosnia and Herzegovina,BIH,1973,75.93
Bosnia and Herzegovina,BIH,1974,76.693
Bosnia and Herzegovina,BIH,1975,77.46
Bosnia and Herzegovina,BIH,1976,78.218
Bosnia and Herzegovina,BIH,1977,78.952
Bosnia and Herzegovina,BIH,1978,79.658
Bosnia and Herzegovina,BIH,1979,80.343
Bosnia and Herzegovina,BIH,1980,81.029
Bosnia and Herzegovina,BIH,1981,81.728
Bosnia and Herzegovina,BIH,1982,82.448
Bosnia and Herzegovina,BIH,1983,83.183
Bosnia and Herzegovina,BIH,1984,83.902
Bosnia and Herzegovina,BIH,1985,84.582
Bosnia and Herzegovina,BIH,1986,85.203
Bosnia and Herzegovina,BIH,1987,85.752
Bosnia and Herzegovina,BIH,1988,86.224
Bosnia and Herzegovina,BIH,1989,86.606
Bosnia and Herzegovina,BIH,1990,86.893
Bosnia and Herzegovina,BIH,1991,87.082
Bosnia and Herzegovina,BIH,1992,82.712
Bosnia and Herzegovina,BIH,1993,76.264
Bosnia and Herzegovina,BIH,1994,72.766
Bosnia and Herzegovina,BIH,1995,72.574
Bosnia and Herzegovina,BIH,1996,75.693
Bosnia and Herzegovina,BIH,1997,78.486
Bosnia and Herzegovina,BIH,1998,79.875
Bosnia and Herzegovina,BIH,1999,80.675
Bosnia and Herzegovina,BIH,2000,81.25
Bosnia and Herzegovina,BIH,2001,81.634
Bosnia and Herzegovina,BIH,2002,81.802
Bosnia and Herzegovina,BIH,2003,81.617
Bosnia and Herzegovina,BIH,2004,80.883
Bosnia and Herzegovina,BIH,2005,80.014
Bosnia and Herzegovina,BIH,2006,79.365
Bosnia and Herzegovina,BIH,2007,78.392
Bosnia and Herzegovina,BIH,2008,77.105
Bosnia and Herzegovina,BIH,2009,75.782
Bosnia and Herzegovina,BIH,2010,74.447
Bosnia and Herzegovina,BIH,2011,73.086
Bosnia and Herzegovina,BIH,2012,71.686
Bosnia and Herzegovina,BIH,2013,70.529
Bosnia and Herzegovina,BIH,2014,69.63
Bosnia and Herzegovina,BIH,2015,68.726
Bosnia and Herzegovina,BIH,2016,67.836
Bosnia and Herzegovina,BIH,2017,66.97
Bosnia and Herzegovina,BIH,2018,66.156
Bosnia and Herzegovina,BIH,2019,65.346
Bosnia and Herzegovina,BIH,2020,64.444
Bosnia and Herzegovina,BIH,2021,63.381
Bosnia and Herzegovina,BIH,2022,62.597
Bosnia and Herzegovina,BIH,2023,62.212
Botswana,BWA,1950,0.73
Botswana,BWA,1951,0.747
Botswana,BWA,1952,0.765
Botswana,BWA,1953,0.783
Botswana,BWA,1954,0.801
Botswana,BWA,1955,0.819
Botswana,BWA,1956,0.836
Botswana,BWA,1957,0.854
Botswana,BWA,1958,0.872
Botswana,BWA,1959,0.891
Botswana,BWA,1960,0.911
Botswana,BWA,1961,0.932
Botswana,BWA,1962,0.953
Botswana,BWA,1963,0.976
Botswana,BWA,1964,0.999
Botswana,BWA,1965,1.014
Botswana,BWA,1966,1.02
Botswana,BWA,1967,1.025
Botswana,BWA,1968,1.03
Botswana,BWA,1969,1.036
Botswana,BWA,1970,1.042
Botswana,BWA,1971,1.06
Botswana,BWA,1972,1.098
Botswana,BWA,1973,1.151
Botswana,BWA,1974,1.209
Botswana,BWA,1975,1.271
Botswana,BWA,1976,1.338
Botswana,BWA,1977,1.411
Botswana,BWA,1978,1.498
Botswana,BWA,1979,1.591
Botswana,BWA,1980,1.654
Botswana,BWA,1981,1.712
Botswana,BWA,1982,1.781
Botswana,BWA,1983,1.846
Botswana,BWA,1984,1.912
Botswana,BWA,1985,1.98
Botswana,BWA,1986,2.048
Botswana,BWA,1987,2.116
Botswana,BWA,1988,2.18
Botswana,BWA,1989,2.241
Botswana,BWA,1990,2.304
Botswana,BWA,1991,2.368
Botswana,BWA,1992,2.435
Botswana,BWA,1993,2.506
Botswana,BWA,1994,2.576
Botswana,BWA,1995,2.645
Botswana,BWA,1996,2.71
Botswana,BWA,1997,2.773
Botswana,BWA,1998,2.835
Botswana,BWA,1999,2.897
Botswana,BWA,2000,2.96
Botswana,BWA,2001,3.021
Botswana,BWA,2002,3.079
Botswana,BWA,2003,3.133
Botswana,BWA,2004,3.189
Botswana,BWA,2005,3.246
Botswana,BWA,2006,3.308
Botswana,BWA,2007,3.372
Botswana,BWA,2008,3.441
Botswana,BWA,2009,3.513
Botswana,BWA,2010,3.587
Botswana,BWA,2011,3.659
Botswana,BWA,2012,3.721
Botswana,BWA,2013,3.777
Botswana,BWA,2014,3.833
Botswana,BWA,2015,3.888
Botswana,BWA,2016,3.943
Botswana,BWA,2017,4
Botswana,BWA,2018,4.057
Botswana,BWA,2019,4.115
Botswana,BWA,2020,4.175
Botswana,BWA,2021,4.237
Botswana,BWA,2022,4.305
Botswana,BWA,2023,4.376
Brazil,BRA,1950,6.39
Brazil,BRA,1951,6.583
Brazil,BRA,1952,6.783
Brazil,BRA,1953,6.991
Brazil,BRA,1954,7.207
Brazil,BRA,1955,7.43
Brazil,BRA,1956,7.661
Brazil,BRA,1957,7.9
Brazil,BRA,1958,8.147
Brazil,BRA,1959,8.401
Brazil,BRA,1960,8.661
Brazil,BRA,1961,8.926
Brazil,BRA,1962,9.196
Brazil,BRA,1963,9.472
Brazil,BRA,1964,9.75
Brazil,BRA,1965,10.028
Brazil,BRA,1966,10.306
Brazil,BRA,1967,10.582
Brazil,BRA,1968,10.857
Brazil,BRA,1969,11.132
Brazil,BRA,1970,11.411
Brazil,BRA,1971,11.694
Brazil,BRA,1972,11.982
Brazil,BRA,1973,12.276
Brazil,BRA,1974,12.573
Brazil,BRA,1975,12.876
Brazil,BRA,1976,13.186
Brazil,BRA,1977,13.505
Brazil,BRA,1978,13.831
Brazil,BRA,1979,14.164
Brazil,BRA,1980,14.502
Brazil,BRA,1981,14.843
Brazil,BRA,1982,15.186
Brazil,BRA,1983,15.529
Brazil,BRA,1984,15.872
Brazil,BRA,1985,16.214
Brazil,BRA,1986,16.551
Brazil,BRA,1987,16.882
Brazil,BRA,1988,17.208
Brazil,BRA,1989,17.528
Brazil,BRA,1990,17.844
Brazil,BRA,1991,18.153
Brazil,BRA,1992,18.458
Brazil,BRA,1993,18.76
Brazil,BRA,1994,19.055
Brazil,BRA,1995,19.351
Brazil,BRA,1996,19.646
Brazil,BRA,1997,19.94
Brazil,BRA,1998,20.239
Brazil,BRA,1999,20.536
Brazil,BRA,2000,20.82
Brazil,BRA,2001,21.093
Brazil,BRA,2002,21.357
Brazil,BRA,2003,21.61
Brazil,BRA,2004,21.856
Brazil,BRA,2005,22.097
Brazil,BRA,2006,22.332
Brazil,BRA,2007,22.559
Brazil,BRA,2008,22.776
Brazil,BRA,2009,22.981
Brazil,BRA,2010,23.175
Brazil,BRA,2011,23.365
Brazil,BRA,2012,23.555
Brazil,BRA,2013,23.747
Brazil,BRA,2014,23.939
Brazil,BRA,2015,24.129
Brazil,BRA,2016,24.314
Brazil,BRA,2017,24.492
Brazil,BRA,2018,24.659
Brazil,BRA,2019,24.821
Brazil,BRA,2020,24.965
Brazil,BRA,2021,25.071
Brazil,BRA,2022,25.162
Brazil,BRA,2023,25.262
British Virgin Islands,VGB,1950,47.867
British Virgin Islands,VGB,1951,48.006
British Virgin Islands,VGB,1952,47.925
British Virgin Islands,VGB,1953,47.994
British Virgin Islands,VGB,1954,48.344
British Virgin Islands,VGB,1955,48.666
British Virgin Islands,VGB,1956,48.925
British Virgin Islands,VGB,1957,49.292
British Virgin Islands,VGB,1958,49.893
British Virgin Islands,VGB,1959,50.737
British Virgin Islands,VGB,1960,51.627
British Virgin Islands,VGB,1961,52.172
British Virgin Islands,VGB,1962,52.403
British Virgin Islands,VGB,1963,52.685
British Virgin Islands,VGB,1964,53.042
British Virgin Islands,VGB,1965,53.617
British Virgin Islands,VGB,1966,54.63
British Virgin Islands,VGB,1967,56.146
British Virgin Islands,VGB,1968,58.442
British Virgin Islands,VGB,1969,61.903
British Virgin Islands,VGB,1970,64.5
British Virgin Islands,VGB,1971,65.552
British Virgin Islands,VGB,1972,66.458
British Virgin Islands,VGB,1973,67.321
British Virgin Islands,VGB,1974,68.143
British Virgin Islands,VGB,1975,68.87
British Virgin Islands,VGB,1976,69.539
British Virgin Islands,VGB,1977,70.127
British Virgin Islands,VGB,1978,70.685
British Virgin Islands,VGB,1979,71.201
British Virgin Islands,VGB,1980,72.269
British Virgin Islands,VGB,1981,74.536
British Virgin Islands,VGB,1982,77.409
British Virgin Islands,VGB,1983,80.321
British Virgin Islands,VGB,1984,83.247
British Virgin Islands,VGB,1985,86.162
British Virgin Islands,VGB,1986,89.127
British Virgin Islands,VGB,1987,92.172
British Virgin Islands,VGB,1988,95.321
British Virgin Islands,VGB,1989,98.571
British Virgin Islands,VGB,1990,101.977
British Virgin Islands,VGB,1991,105.11
British Virgin Islands,VGB,1992,107.75
British Virgin Islands,VGB,1993,110.321
British Virgin Islands,VGB,1994,113.026
British Virgin Islands,VGB,1995,115.841
British Virgin Islands,VGB,1996,118.744
British Virgin Islands,VGB,1997,121.789
British Virgin Islands,VGB,1998,124.922
British Virgin Islands,VGB,1999,128.12
British Virgin Islands,VGB,2000,131.438
British Virgin Islands,VGB,2001,135.039
British Virgin Islands,VGB,2002,139.153
British Virgin Islands,VGB,2003,143.724
British Virgin Islands,VGB,2004,148.575
British Virgin Islands,VGB,2005,153.669
British Virgin Islands,VGB,2006,159.045
British Virgin Islands,VGB,2007,164.711
British Virgin Islands,VGB,2008,170.701
British Virgin Islands,VGB,2009,176.737
British Virgin Islands,VGB,2010,179.711
British Virgin Islands,VGB,2011,186.429
British Virgin Islands,VGB,2012,197.045
British Virgin Islands,VGB,2013,205.867
British Virgin Islands,VGB,2014,214.039
British Virgin Islands,VGB,2015,224.01
British Virgin Islands,VGB,2016,219.987
British Virgin Islands,VGB,2017,212.331
British Virgin Islands,VGB,2018,225.045
British Virgin Islands,VGB,2019,236.328
British Virgin Islands,VGB,2020,241.133
British Virgin Islands,VGB,2021,245.516
British Virgin Islands,VGB,2022,248.825
British Virgin Islands,VGB,2023,253.149
Brunei,BRN,1950,8.378
Brunei,BRN,1951,8.879
Brunei,BRN,1952,9.407
Brunei,BRN,1953,9.984
Brunei,BRN,1954,10.617
Brunei,BRN,1955,11.311
Brunei,BRN,1956,12.064
Brunei,BRN,1957,12.865
Brunei,BRN,1958,13.699
Brunei,BRN,1959,14.543
Brunei,BRN,1960,15.325
Brunei,BRN,1961,16.048
Brunei,BRN,1962,16.777
Brunei,BRN,1963,17.547
Brunei,BRN,1964,18.373
Brunei,BRN,1965,19.226
Brunei,BRN,1966,20.1
Brunei,BRN,1967,20.992
Brunei,BRN,1968,21.895
Brunei,BRN,1969,22.801
Brunei,BRN,1970,23.441
Brunei,BRN,1971,23.924
Brunei,BRN,1972,24.664
Brunei,BRN,1973,25.563
Brunei,BRN,1974,26.48
Brunei,BRN,1975,27.419
Brunei,BRN,1976,28.379
Brunei,BRN,1977,29.363
Brunei,BRN,1978,30.335
Brunei,BRN,1979,31.296
Brunei,BRN,1980,32.283
Brunei,BRN,1981,33.3
Brunei,BRN,1982,34.374
Brunei,BRN,1983,35.514
Brunei,BRN,1984,36.715
Brunei,BRN,1985,37.974
Brunei,BRN,1986,39.288
Brunei,BRN,1987,40.565
Brunei,BRN,1988,41.789
Brunei,BRN,1989,43.029
Brunei,BRN,1990,44.283
Brunei,BRN,1991,45.55
Brunei,BRN,1992,46.807
Brunei,BRN,1993,48.044
Brunei,BRN,1994,49.279
Brunei,BRN,1995,50.511
Brunei,BRN,1996,51.739
Brunei,BRN,1997,52.965
Brunei,BRN,1998,54.187
Brunei,BRN,1999,55.405
Brunei,BRN,2000,56.622
Brunei,BRN,2001,57.822
Brunei,BRN,2002,58.994
Brunei,BRN,2003,60.128
Brunei,BRN,2004,61.216
Brunei,BRN,2005,62.258
Brunei,BRN,2006,63.255
Brunei,BRN,2007,64.332
Brunei,BRN,2008,65.532
Brunei,BRN,2009,66.774
Brunei,BRN,2010,68.054
Brunei,BRN,2011,69.278
Brunei,BRN,2012,70.348
Brunei,BRN,2013,71.327
Brunei,BRN,2014,72.29
Brunei,BRN,2015,73.237
Brunei,BRN,2016,74.165
Brunei,BRN,2017,75.069
Brunei,BRN,2018,75.943
Brunei,BRN,2019,76.788
Brunei,BRN,2020,77.607
Brunei,BRN,2021,78.356
Brunei,BRN,2022,78.989
Brunei,BRN,2023,79.609
Bulgaria,BGR,1950,66.871
Bulgaria,BGR,1951,67.479
Bulgaria,BGR,1952,67.917
Bulgaria,BGR,1953,68.415
Bulgaria,BGR,1954,68.972
Bulgaria,BGR,1955,69.501
Bulgaria,BGR,1956,69.995
Bulgaria,BGR,1957,70.57
Bulgaria,BGR,1958,71.265
Bulgaria,BGR,1959,71.905
Bulgaria,BGR,1960,72.539
Bulgaria,BGR,1961,73.234
Bulgaria,BGR,1962,73.88
Bulgaria,BGR,1963,74.484
Bulgaria,BGR,1964,75.096
Bulgaria,BGR,1965,75.671
Bulgaria,BGR,1966,76.191
Bulgaria,BGR,1967,76.674
Bulgaria,BGR,1968,77.223
Bulgaria,BGR,1969,77.819
Bulgaria,BGR,1970,78.332
Bulgaria,BGR,1971,78.775
Bulgaria,BGR,1972,79.153
Bulgaria,BGR,1973,79.568
Bulgaria,BGR,1974,80.102
Bulgaria,BGR,1975,80.475
Bulgaria,BGR,1976,80.81
Bulgaria,BGR,1977,81.227
Bulgaria,BGR,1978,81.311
Bulgaria,BGR,1979,81.414
Bulgaria,BGR,1980,81.733
Bulgaria,BGR,1981,81.994
Bulgaria,BGR,1982,82.224
Bulgaria,BGR,1983,82.414
Bulgaria,BGR,1984,82.592
Bulgaria,BGR,1985,82.649
Bulgaria,BGR,1986,82.692
Bulgaria,BGR,1987,82.809
Bulgaria,BGR,1988,82.897
Bulgaria,BGR,1989,82.442
Bulgaria,BGR,1990,81.39
Bulgaria,BGR,1991,80.222
Bulgaria,BGR,1992,78.961
Bulgaria,BGR,1993,78.107
Bulgaria,BGR,1994,77.65
Bulgaria,BGR,1995,77.102
Bulgaria,BGR,1996,76.492
Bulgaria,BGR,1997,75.806
Bulgaria,BGR,1998,75.078
Bulgaria,BGR,1999,74.426
Bulgaria,BGR,2000,73.808
Bulgaria,BGR,2001,73.143
Bulgaria,BGR,2002,72.53
Bulgaria,BGR,2003,71.999
Bulgaria,BGR,2004,71.492
Bulgaria,BGR,2005,70.99
Bulgaria,BGR,2006,70.485
Bulgaria,BGR,2007,69.992
Bulgaria,BGR,2008,69.519
Bulgaria,BGR,2009,69.08
Bulgaria,BGR,2010,68.615
Bulgaria,BGR,2011,68.084
Bulgaria,BGR,2012,67.503
Bulgaria,BGR,2013,67.019
Bulgaria,BGR,2014,66.639
Bulgaria,BGR,2015,66.216
Bulgaria,BGR,2016,65.754
Bulgaria,BGR,2017,65.276
Bulgaria,BGR,2018,64.806
Bulgaria,BGR,2019,64.352
Bulgaria,BGR,2020,63.966
Bulgaria,BGR,2021,63.445
Bulgaria,BGR,2022,62.972
Bulgaria,BGR,2023,62.694
Burkina Faso,BFA,1950,15.399
Burkina Faso,BFA,1951,15.572
Burkina Faso,BFA,1952,15.754
Burkina Faso,BFA,1953,15.94
Burkina Faso,BFA,1954,16.133
Burkina Faso,BFA,1955,16.334
Burkina Faso,BFA,1956,16.545
Burkina Faso,BFA,1957,16.764
Burkina Faso,BFA,1958,16.986
Burkina Faso,BFA,1959,17.218
Burkina Faso,BFA,1960,17.466
Burkina Faso,BFA,1961,17.72
Burkina Faso,BFA,1962,17.981
Burkina Faso,BFA,1963,18.252
Burkina Faso,BFA,1964,18.534
Burkina Faso,BFA,1965,18.833
Burkina Faso,BFA,1966,19.144
Burkina Faso,BFA,1967,19.468
Burkina Faso,BFA,1968,19.805
Burkina Faso,BFA,1969,20.151
Burkina Faso,BFA,1970,20.505
Burkina Faso,BFA,1971,20.863
Burkina Faso,BFA,1972,21.225
Burkina Faso,BFA,1973,21.608
Burkina Faso,BFA,1974,22.021
Burkina Faso,BFA,1975,22.469
Burkina Faso,BFA,1976,22.956
Burkina Faso,BFA,1977,23.497
Burkina Faso,BFA,1978,24.09
Burkina Faso,BFA,1979,24.722
Burkina Faso,BFA,1980,25.394
Burkina Faso,BFA,1981,26.097
Burkina Faso,BFA,1982,26.828
Burkina Faso,BFA,1983,27.599
Burkina Faso,BFA,1984,28.407
Burkina Faso,BFA,1985,29.24
Burkina Faso,BFA,1986,30.076
Burkina Faso,BFA,1987,30.91
Burkina Faso,BFA,1988,31.752
Burkina Faso,BFA,1989,32.607
Burkina Faso,BFA,1990,33.477
Burkina Faso,BFA,1991,34.337
Burkina Faso,BFA,1992,35.195
Burkina Faso,BFA,1993,36.081
Burkina Faso,BFA,1994,37.002
Burkina Faso,BFA,1995,37.963
Burkina Faso,BFA,1996,38.947
Burkina Faso,BFA,1997,39.964
Burkina Faso,BFA,1998,41.084
Burkina Faso,BFA,1999,42.306
Burkina Faso,BFA,2000,43.588
Burkina Faso,BFA,2001,44.938
Burkina Faso,BFA,2002,46.348
Burkina Faso,BFA,2003,47.816
Burkina Faso,BFA,2004,49.344
Burkina Faso,BFA,2005,50.922
Burkina Faso,BFA,2006,52.535
Burkina Faso,BFA,2007,54.153
Burkina Faso,BFA,2008,55.768
Burkina Faso,BFA,2009,57.42
Burkina Faso,BFA,2010,59.125
Burkina Faso,BFA,2011,60.899
Burkina Faso,BFA,2012,62.764
Burkina Faso,BFA,2013,64.676
Burkina Faso,BFA,2014,66.628
Burkina Faso,BFA,2015,68.631
Burkina Faso,BFA,2016,70.668
Burkina Faso,BFA,2017,72.713
Burkina Faso,BFA,2018,74.701
Burkina Faso,BFA,2019,76.615
Burkina Faso,BFA,2020,78.504
Burkina Faso,BFA,2021,80.392
Burkina Faso,BFA,2022,82.27
Burkina Faso,BFA,2023,84.159
Burundi,BDI,1950,86.895
Burundi,BDI,1951,88.853
Burundi,BDI,1952,90.782
Burundi,BDI,1953,92.685
Burundi,BDI,1954,94.589
Burundi,BDI,1955,96.518
Burundi,BDI,1956,98.47
Burundi,BDI,1957,100.443
Burundi,BDI,1958,102.405
Burundi,BDI,1959,104.416
Burundi,BDI,1960,106.522
Burundi,BDI,1961,109.253
Burundi,BDI,1962,112.059
Burundi,BDI,1963,114.445
Burundi,BDI,1964,117.751
Burundi,BDI,1965,121.055
Burundi,BDI,1966,124.006
Burundi,BDI,1967,127.194
Burundi,BDI,1968,130.265
Burundi,BDI,1969,133.125
Burundi,BDI,1970,136.047
Burundi,BDI,1971,139.395
Burundi,BDI,1972,139.388
Burundi,BDI,1973,139.19
Burundi,BDI,1974,142.72
Burundi,BDI,1975,146.305
Burundi,BDI,1976,149.619
Burundi,BDI,1977,153.51
Burundi,BDI,1978,158.009
Burundi,BDI,1979,161.986
Burundi,BDI,1980,168.929
Burundi,BDI,1981,175.954
Burundi,BDI,1982,180.4
Burundi,BDI,1983,185.3
Burundi,BDI,1984,189.845
Burundi,BDI,1985,193.99
Burundi,BDI,1986,197.665
Burundi,BDI,1987,202.227
Burundi,BDI,1988,206.756
Burundi,BDI,1989,210.856
Burundi,BDI,1990,215.301
Burundi,BDI,1991,219.802
Burundi,BDI,1992,225.757
Burundi,BDI,1993,218.761
Burundi,BDI,1994,220.187
Burundi,BDI,1995,233.769
Burundi,BDI,1996,233.931
Burundi,BDI,1997,233.913
Burundi,BDI,1998,238.424
Burundi,BDI,1999,244.206
Burundi,BDI,2000,249.333
Burundi,BDI,2001,255.66
Burundi,BDI,2002,262.972
Burundi,BDI,2003,271.413
Burundi,BDI,2004,281.721
Burundi,BDI,2005,292.381
Burundi,BDI,2006,303.104
Burundi,BDI,2007,314.523
Burundi,BDI,2008,327.77
Burundi,BDI,2009,344.803
Burundi,BDI,2010,361.327
Burundi,BDI,2011,374.489
Burundi,BDI,2012,388.094
Burundi,BDI,2013,402.287
Burundi,BDI,2014,416.177
Burundi,BDI,2015,425.726
Burundi,BDI,2016,433.119
Burundi,BDI,2017,443.421
Burundi,BDI,2018,457.011
Burundi,BDI,2019,472.267
Burundi,BDI,2020,486.206
Burundi,BDI,2021,499.633
Burundi,BDI,2022,513.337
Burundi,BDI,2023,527.532
Cambodia,KHM,1950,24.168
Cambodia,KHM,1951,24.723
Cambodia,KHM,1952,25.288
Cambodia,KHM,1953,25.854
Cambodia,KHM,1954,26.425
Cambodia,KHM,1955,27.013
Cambodia,KHM,1956,27.616
Cambodia,KHM,1957,28.229
Cambodia,KHM,1958,28.839
Cambodia,KHM,1959,29.458
Cambodia,KHM,1960,30.104
Cambodia,KHM,1961,30.774
Cambodia,KHM,1962,31.472
Cambodia,KHM,1963,32.165
Cambodia,KHM,1964,32.845
Cambodia,KHM,1965,33.542
Cambodia,KHM,1966,34.254
Cambodia,KHM,1967,34.982
Cambodia,KHM,1968,35.724
Cambodia,KHM,1969,36.483
Cambodia,KHM,1970,36.673
Cambodia,KHM,1971,36.572
Cambodia,KHM,1972,36.865
Cambodia,KHM,1973,37.229
Cambodia,KHM,1974,37.469
Cambodia,KHM,1975,36.354
Cambodia,KHM,1976,33.888
Cambodia,KHM,1977,31.312
Cambodia,KHM,1978,28.788
Cambodia,KHM,1979,28.11
Cambodia,KHM,1980,28.723
Cambodia,KHM,1981,29.19
Cambodia,KHM,1982,30.03
Cambodia,KHM,1983,31.133
Cambodia,KHM,1984,32.287
Cambodia,KHM,1985,33.385
Cambodia,KHM,1986,34.721
Cambodia,KHM,1987,36.225
Cambodia,KHM,1988,37.628
Cambodia,KHM,1989,39.072
Cambodia,KHM,1990,40.737
Cambodia,KHM,1991,42.461
Cambodia,KHM,1992,44.815
Cambodia,KHM,1993,47.595
Cambodia,KHM,1994,51.035
Cambodia,KHM,1995,55.34
Cambodia,KHM,1996,59.664
Cambodia,KHM,1997,63.916
Cambodia,KHM,1998,66.607
Cambodia,KHM,1999,67.753
Cambodia,KHM,2000,68.839
Cambodia,KHM,2001,69.923
Cambodia,KHM,2002,71.01
Cambodia,KHM,2003,72.091
Cambodia,KHM,2004,73.161
Cambodia,KHM,2005,74.235
Cambodia,KHM,2006,75.339
Cambodia,KHM,2007,76.459
Cambodia,KHM,2008,77.629
Cambodia,KHM,2009,78.862
Cambodia,KHM,2010,80.099
Cambodia,KHM,2011,81.325
Cambodia,KHM,2012,82.554
Cambodia,KHM,2013,83.797
Cambodia,KHM,2014,85.049
Cambodia,KHM,2015,86.3
Cambodia,KHM,2016,87.568
Cambodia,KHM,2017,88.786
Cambodia,KHM,2018,89.897
Cambodia,KHM,2019,91.039
Cambodia,KHM,2020,92.388
Cambodia,KHM,2021,93.763
Cambodia,KHM,2022,95.019
Cambodia,KHM,2023,96.246
Cameroon,CMR,1950,9.291
Cameroon,CMR,1951,9.431
Cameroon,CMR,1952,9.58
Cameroon,CMR,1953,9.738
Cameroon,CMR,1954,9.906
Cameroon,CMR,1955,10.085
Cameroon,CMR,1956,10.274
Cameroon,CMR,1957,10.469
Cameroon,CMR,1958,10.669
Cameroon,CMR,1959,10.879
Cameroon,CMR,1960,11.07
Cameroon,CMR,1961,11.242
Cameroon,CMR,1962,11.455
Cameroon,CMR,1963,11.708
Cameroon,CMR,1964,11.969
Cameroon,CMR,1965,12.241
Cameroon,CMR,1966,12.525
Cameroon,CMR,1967,12.825
Cameroon,CMR,1968,13.144
Cameroon,CMR,1969,13.482
Cameroon,CMR,1970,13.839
Cameroon,CMR,1971,14.214
Cameroon,CMR,1972,14.605
Cameroon,CMR,1973,15.013
Cameroon,CMR,1974,15.435
Cameroon,CMR,1975,15.872
Cameroon,CMR,1976,16.303
Cameroon,CMR,1977,16.729
Cameroon,CMR,1978,17.191
Cameroon,CMR,1979,17.68
Cameroon,CMR,1980,18.265
Cameroon,CMR,1981,18.917
Cameroon,CMR,1982,19.373
Cameroon,CMR,1983,19.773
Cameroon,CMR,1984,20.331
Cameroon,CMR,1985,20.946
Cameroon,CMR,1986,21.586
Cameroon,CMR,1987,22.252
Cameroon,CMR,1988,22.927
Cameroon,CMR,1989,23.609
Cameroon,CMR,1990,24.315
Cameroon,CMR,1991,25.034
Cameroon,CMR,1992,25.762
Cameroon,CMR,1993,26.506
Cameroon,CMR,1994,27.261
Cameroon,CMR,1995,28.02
Cameroon,CMR,1996,28.784
Cameroon,CMR,1997,29.557
Cameroon,CMR,1998,30.351
Cameroon,CMR,1999,31.166
Cameroon,CMR,2000,31.998
Cameroon,CMR,2001,32.849
Cameroon,CMR,2002,33.742
Cameroon,CMR,2003,34.675
Cameroon,CMR,2004,35.641
Cameroon,CMR,2005,36.637
Cameroon,CMR,2006,37.658
Cameroon,CMR,2007,38.73
Cameroon,CMR,2008,39.854
Cameroon,CMR,2009,41.013
Cameroon,CMR,2010,42.202
Cameroon,CMR,2011,43.412
Cameroon,CMR,2012,44.651
Cameroon,CMR,2013,45.923
Cameroon,CMR,2014,47.334
Cameroon,CMR,2015,48.843
Cameroon,CMR,2016,50.325
Cameroon,CMR,2017,51.773
Cameroon,CMR,2018,53.227
Cameroon,CMR,2019,54.728
Cameroon,CMR,2020,56.24
Cameroon,CMR,2021,57.753
Cameroon,CMR,2022,59.291
Cameroon,CMR,2023,60.879
Canada,CAN,1950,1.511
Canada,CAN,1951,1.549
Canada,CAN,1952,1.593
Canada,CAN,1953,1.638
Canada,CAN,1954,1.685
Canada,CAN,1955,1.73
Canada,CAN,1956,1.777
Canada,CAN,1957,1.83
Canada,CAN,1958,1.881
Canada,CAN,1959,1.926
Canada,CAN,1960,1.968
Canada,CAN,1961,2.008
Canada,CAN,1962,2.047
Canada,CAN,1963,2.085
Canada,CAN,1964,2.125
Canada,CAN,1965,2.165
Canada,CAN,1966,2.205
Canada,CAN,1967,2.244
Canada,CAN,1968,2.28
Canada,CAN,1969,2.313
Canada,CAN,1970,2.358
Canada,CAN,1971,2.408
Canada,CAN,1972,2.445
Canada,CAN,1973,2.476
Canada,CAN,1974,2.51
Canada,CAN,1975,2.546
Canada,CAN,1976,2.579
Canada,CAN,1977,2.61
Canada,CAN,1978,2.637
Canada,CAN,1979,2.665
Canada,CAN,1980,2.698
Canada,CAN,1981,2.732
Canada,CAN,1982,2.765
Canada,CAN,1983,2.795
Canada,CAN,1984,2.823
Canada,CAN,1985,2.851
Canada,CAN,1986,2.882
Canada,CAN,1987,2.919
Canada,CAN,1988,2.961
Canada,CAN,1989,3.009
Canada,CAN,1990,3.056
Canada,CAN,1991,3.096
Canada,CAN,1992,3.134
Canada,CAN,1993,3.17
Canada,CAN,1994,3.205
Canada,CAN,1995,3.24
Canada,CAN,1996,3.273
Canada,CAN,1997,3.306
Canada,CAN,1998,3.335
Canada,CAN,1999,3.365
Canada,CAN,2000,3.397
Canada,CAN,2001,3.433
Canada,CAN,2002,3.468
Canada,CAN,2003,3.501
Canada,CAN,2004,3.534
Canada,CAN,2005,3.567
Canada,CAN,2006,3.602
Canada,CAN,2007,3.639
Canada,CAN,2008,3.678
Canada,CAN,2009,3.72
Canada,CAN,2010,3.761
Canada,CAN,2011,3.8
Canada,CAN,2012,3.84
Canada,CAN,2013,3.881
Canada,CAN,2014,3.919
Canada,CAN,2015,3.955
Canada,CAN,2016,3.998
Canada,CAN,2017,4.048
Canada,CAN,2018,4.101
Canada,CAN,2019,4.155
Canada,CAN,2020,4.198
Canada,CAN,2021,4.229
Canada,CAN,2022,4.269
Canada,CAN,2023,4.322
Cape Verde,CPV,1950,45.899
Cape Verde,CPV,1951,46.451
Cape Verde,CPV,1952,47.005
Cape Verde,CPV,1953,47.53
Cape Verde,CPV,1954,48.027
Cape Verde,CPV,1955,48.54
Cape Verde,CPV,1956,49.094
Cape Verde,CPV,1957,49.699
Cape Verde,CPV,1958,50.394
Cape Verde,CPV,1959,51.204
Cape Verde,CPV,1960,52.115
Cape Verde,CPV,1961,53.371
Cape Verde,CPV,1962,55.067
Cape Verde,CPV,1963,56.916
Cape Verde,CPV,1964,58.81
Cape Verde,CPV,1965,60.758
Cape Verde,CPV,1966,62.773
Cape Verde,CPV,1967,64.865
Cape Verde,CPV,1968,67.038
Cape Verde,CPV,1969,69.292
Cape Verde,CPV,1970,71.435
Cape Verde,CPV,1971,72.964
Cape Verde,CPV,1972,73.793
Cape Verde,CPV,1973,74.412
Cape Verde,CPV,1974,75.079
Cape Verde,CPV,1975,75.893
Cape Verde,CPV,1976,76.788
Cape Verde,CPV,1977,77.626
Cape Verde,CPV,1978,78.449
Cape Verde,CPV,1979,79.275
Cape Verde,CPV,1980,80.224
Cape Verde,CPV,1981,81.351
Cape Verde,CPV,1982,82.562
Cape Verde,CPV,1983,83.785
Cape Verde,CPV,1984,84.989
Cape Verde,CPV,1985,86.195
Cape Verde,CPV,1986,87.422
Cape Verde,CPV,1987,88.661
Cape Verde,CPV,1988,89.908
Cape Verde,CPV,1989,91.266
Cape Verde,CPV,1990,93.158
Cape Verde,CPV,1991,95.431
Cape Verde,CPV,1992,97.622
Cape Verde,CPV,1993,99.743
Cape Verde,CPV,1994,101.793
Cape Verde,CPV,1995,103.748
Cape Verde,CPV,1996,105.603
Cape Verde,CPV,1997,107.394
Cape Verde,CPV,1998,109.127
Cape Verde,CPV,1999,110.799
Cape Verde,CPV,2000,112.486
Cape Verde,CPV,2001,114.217
Cape Verde,CPV,2002,115.892
Cape Verde,CPV,2003,117.465
Cape Verde,CPV,2004,118.95
Cape Verde,CPV,2005,120.376
Cape Verde,CPV,2006,121.769
Cape Verde,CPV,2007,123.124
Cape Verde,CPV,2008,124.406
Cape Verde,CPV,2009,125.593
Cape Verde,CPV,2010,126.497
Cape Verde,CPV,2011,126.91
Cape Verde,CPV,2012,127.036
Cape Verde,CPV,2013,127.103
Cape Verde,CPV,2014,127.128
Cape Verde,CPV,2015,127.145
Cape Verde,CPV,2016,127.185
Cape Verde,CPV,2017,127.269
Cape Verde,CPV,2018,127.398
Cape Verde,CPV,2019,127.569
Cape Verde,CPV,2020,127.712
Cape Verde,CPV,2021,128.201
Cape Verde,CPV,2022,128.968
Cape Verde,CPV,2023,129.611
Cayman Islands,CYM,1950,29.054
Cayman Islands,CYM,1951,29.6
Cayman Islands,CYM,1952,30.114
Cayman Islands,CYM,1953,30.739
Cayman Islands,CYM,1954,31.344
Cayman Islands,CYM,1955,31.925
Cayman Islands,CYM,1956,32.533
Cayman Islands,CYM,1957,33.151
Cayman Islands,CYM,1958,33.734
Cayman Islands,CYM,1959,34.311
Cayman Islands,CYM,1960,34.969
Cayman Islands,CYM,1961,35.691
Cayman Islands,CYM,1962,36.436
Cayman Islands,CYM,1963,37.22
Cayman Islands,CYM,1964,38.035
Cayman Islands,CYM,1965,38.844
Cayman Islands,CYM,1966,39.67
Cayman Islands,CYM,1967,40.535
Cayman Islands,CYM,1968,41.373
Cayman Islands,CYM,1969,42.18
Cayman Islands,CYM,1970,43.639
Cayman Islands,CYM,1971,46.048
Cayman Islands,CYM,1972,48.811
Cayman Islands,CYM,1973,51.612
Cayman Islands,CYM,1974,54.415
Cayman Islands,CYM,1975,57.212
Cayman Islands,CYM,1976,59.973
Cayman Islands,CYM,1977,62.676
Cayman Islands,CYM,1978,65.259
Cayman Islands,CYM,1979,67.846
Cayman Islands,CYM,1980,70.867
Cayman Islands,CYM,1981,74.295
Cayman Islands,CYM,1982,77.799
Cayman Islands,CYM,1983,81.317
Cayman Islands,CYM,1984,84.873
Cayman Islands,CYM,1985,88.481
Cayman Islands,CYM,1986,92.102
Cayman Islands,CYM,1987,95.739
Cayman Islands,CYM,1988,99.38
Cayman Islands,CYM,1989,103.21
Cayman Islands,CYM,1990,107.88
Cayman Islands,CYM,1991,113.255
Cayman Islands,CYM,1992,118.759
Cayman Islands,CYM,1993,124.382
Cayman Islands,CYM,1994,130.091
Cayman Islands,CYM,1995,135.863
Cayman Islands,CYM,1996,141.672
Cayman Islands,CYM,1997,147.481
Cayman Islands,CYM,1998,153.201
Cayman Islands,CYM,1999,158.855
Cayman Islands,CYM,2000,164.622
Cayman Islands,CYM,2001,170.494
Cayman Islands,CYM,2002,176.405
Cayman Islands,CYM,2003,182.301
Cayman Islands,CYM,2004,188.18
Cayman Islands,CYM,2005,194.139
Cayman Islands,CYM,2006,200.133
Cayman Islands,CYM,2007,206.17
Cayman Islands,CYM,2008,212.247
Cayman Islands,CYM,2009,218.334
Cayman Islands,CYM,2010,224.475
Cayman Islands,CYM,2011,230.732
Cayman Islands,CYM,2012,237.077
Cayman Islands,CYM,2013,243.382
Cayman Islands,CYM,2014,249.629
Cayman Islands,CYM,2015,255.778
Cayman Islands,CYM,2016,261.828
Cayman Islands,CYM,2017,267.782
Cayman Islands,CYM,2018,273.612
Cayman Islands,CYM,2019,279.365
Cayman Islands,CYM,2020,284.998
Cayman Islands,CYM,2021,290.902
Cayman Islands,CYM,2022,297.06
Cayman Islands,CYM,2023,303.062
Central African Republic,CAF,1950,2.308
Central African Republic,CAF,1951,2.346
Central African Republic,CAF,1952,2.383
Central African Republic,CAF,1953,2.422
Central African Republic,CAF,1954,2.462
Central African Republic,CAF,1955,2.503
Central African Republic,CAF,1956,2.546
Central African Republic,CAF,1957,2.59
Central African Republic,CAF,1958,2.635
Central African Republic,CAF,1959,2.683
Central African Republic,CAF,1960,2.733
Central African Republic,CAF,1961,2.784
Central African Republic,CAF,1962,2.838
Central African Republic,CAF,1963,2.894
Central African Republic,CAF,1964,2.953
Central African Republic,CAF,1965,3.014
Central African Republic,CAF,1966,3.079
Central African Republic,CAF,1967,3.147
Central African Republic,CAF,1968,3.219
Central African Republic,CAF,1969,3.293
Central African Republic,CAF,1970,3.367
Central African Republic,CAF,1971,3.437
Central African Republic,CAF,1972,3.505
Central African Republic,CAF,1973,3.573
Central African Republic,CAF,1974,3.643
Central African Republic,CAF,1975,3.714
Central African Republic,CAF,1976,3.77
Central African Republic,CAF,1977,3.809
Central African Republic,CAF,1978,3.849
Central African Republic,CAF,1979,3.891
Central African Republic,CAF,1980,3.934
Central African Republic,CAF,1981,3.978
Central African Republic,CAF,1982,4.025
Central African Republic,CAF,1983,4.073
Central African Republic,CAF,1984,4.123
Central African Republic,CAF,1985,4.175
Central African Republic,CAF,1986,4.228
Central African Republic,CAF,1987,4.284
Central African Republic,CAF,1988,4.356
Central African Republic,CAF,1989,4.469
Central African Republic,CAF,1990,4.61
Central African Republic,CAF,1991,4.756
Central African Republic,CAF,1992,4.91
Central African Republic,CAF,1993,5.069
Central African Republic,CAF,1994,5.23
Central African Republic,CAF,1995,5.374
Central African Republic,CAF,1996,5.515
Central African Republic,CAF,1997,5.669
Central African Republic,CAF,1998,5.825
Central African Republic,CAF,1999,5.986
Central African Republic,CAF,2000,6.153
Central African Republic,CAF,2001,6.292
Central African Republic,CAF,2002,6.431
Central African Republic,CAF,2003,6.586
Central African Republic,CAF,2004,6.73
Central African Republic,CAF,2005,6.884
Central African Republic,CAF,2006,7.027
Central African Republic,CAF,2007,7.164
Central African Republic,CAF,2008,7.318
Central African Republic,CAF,2009,7.27
Central African Republic,CAF,2010,7.212
Central African Republic,CAF,2011,7.328
Central African Republic,CAF,2012,7.401
Central African Republic,CAF,2013,7.452
Central African Republic,CAF,2014,7.421
Central African Republic,CAF,2015,7.431
Central African Republic,CAF,2016,7.566
Central African Republic,CAF,2017,7.694
Central African Republic,CAF,2018,7.831
Central African Republic,CAF,2019,7.937
Central African Republic,CAF,2020,8.069
Central African Republic,CAF,2021,8.206
Central African Republic,CAF,2022,8.183
Central African Republic,CAF,2023,8.271
Chad,TCD,1950,2.006
Chad,TCD,1951,2.041
Chad,TCD,1952,2.078
Chad,TCD,1953,2.115
Chad,TCD,1954,2.155
Chad,TCD,1955,2.195
Chad,TCD,1956,2.238
Chad,TCD,1957,2.282
Chad,TCD,1958,2.327
Chad,TCD,1959,2.374
Chad,TCD,1960,2.422
Chad,TCD,1961,2.471
Chad,TCD,1962,2.522
Chad,TCD,1963,2.574
Chad,TCD,1964,2.627
Chad,TCD,1965,2.68
Chad,TCD,1966,2.733
Chad,TCD,1967,2.786
Chad,TCD,1968,2.842
Chad,TCD,1969,2.9
Chad,TCD,1970,2.96
Chad,TCD,1971,3.024
Chad,TCD,1972,3.092
Chad,TCD,1973,3.165
Chad,TCD,1974,3.239
Chad,TCD,1975,3.309
Chad,TCD,1976,3.376
Chad,TCD,1977,3.44
Chad,TCD,1978,3.503
Chad,TCD,1979,3.578
Chad,TCD,1980,3.586
Chad,TCD,1981,3.59
Chad,TCD,1982,3.763
Chad,TCD,1983,3.954
Chad,TCD,1984,4.007
Chad,TCD,1985,4.047
Chad,TCD,1986,4.17
Chad,TCD,1987,4.319
Chad,TCD,1988,4.468
Chad,TCD,1989,4.622
Chad,TCD,1990,4.751
Chad,TCD,1991,4.928
Chad,TCD,1992,5.142
Chad,TCD,1993,5.265
Chad,TCD,1994,5.387
Chad,TCD,1995,5.63
Chad,TCD,1996,5.885
Chad,TCD,1997,6.091
Chad,TCD,1998,6.305
Chad,TCD,1999,6.53
Chad,TCD,2000,6.76
Chad,TCD,2001,6.992
Chad,TCD,2002,7.24
Chad,TCD,2003,7.535
Chad,TCD,2004,7.878
Chad,TCD,2005,8.202
Chad,TCD,2006,8.503
Chad,TCD,2007,8.801
Chad,TCD,2008,9.114
Chad,TCD,2009,9.445
Chad,TCD,2010,9.778
Chad,TCD,2011,10.129
Chad,TCD,2012,10.492
Chad,TCD,2013,10.873
Chad,TCD,2014,11.268
Chad,TCD,2015,11.632
Chad,TCD,2016,12.003
Chad,TCD,2017,12.407
Chad,TCD,2018,12.831
Chad,TCD,2019,13.251
Chad,TCD,2020,13.679
Chad,TCD,2021,14.158
Chad,TCD,2022,14.656
Chad,TCD,2023,15.342
Chile,CHL,1950,8.803
Chile,CHL,1951,8.974
Chile,CHL,1952,9.153
Chile,CHL,1953,9.341
Chile,CHL,1954,9.537
Chile,CHL,1955,9.738
Chile,CHL,1956,9.947
Chile,CHL,1957,10.162
Chile,CHL,1958,10.38
Chile,CHL,1959,10.603
Chile,CHL,1960,10.828
Chile,CHL,1961,11.056
Chile,CHL,1962,11.285
Chile,CHL,1963,11.515
Chile,CHL,1964,11.744
Chile,CHL,1965,11.97
Chile,CHL,1966,12.194
Chile,CHL,1967,12.416
Chile,CHL,1968,12.637
Chile,CHL,1969,12.856
Chile,CHL,1970,13.076
Chile,CHL,1971,13.294
Chile,CHL,1972,13.513
Chile,CHL,1973,13.733
Chile,CHL,1974,13.953
Chile,CHL,1975,14.173
Chile,CHL,1976,14.394
Chile,CHL,1977,14.616
Chile,CHL,1978,14.838
Chile,CHL,1979,15.06
Chile,CHL,1980,15.285
Chile,CHL,1981,15.511
Chile,CHL,1982,15.738
Chile,CHL,1983,15.972
Chile,CHL,1984,16.213
Chile,CHL,1985,16.462
Chile,CHL,1986,16.719
Chile,CHL,1987,16.987
Chile,CHL,1988,17.265
Chile,CHL,1989,17.551
Chile,CHL,1990,17.846
Chile,CHL,1991,18.145
Chile,CHL,1992,18.44
Chile,CHL,1993,18.729
Chile,CHL,1994,19.013
Chile,CHL,1995,19.294
Chile,CHL,1996,19.568
Chile,CHL,1997,19.832
Chile,CHL,1998,20.091
Chile,CHL,1999,20.346
Chile,CHL,2000,20.59
Chile,CHL,2001,20.83
Chile,CHL,2002,21.061
Chile,CHL,2003,21.283
Chile,CHL,2004,21.498
Chile,CHL,2005,21.713
Chile,CHL,2006,21.926
Chile,CHL,2007,22.142
Chile,CHL,2008,22.364
Chile,CHL,2009,22.591
Chile,CHL,2010,22.819
Chile,CHL,2011,23.045
Chile,CHL,2012,23.267
Chile,CHL,2013,23.49
Chile,CHL,2014,23.725
Chile,CHL,2015,23.969
Chile,CHL,2016,24.261
Chile,CHL,2017,24.648
Chile,CHL,2018,25.092
Chile,CHL,2019,25.497
Chile,CHL,2020,25.726
Chile,CHL,2021,25.84
Chile,CHL,2022,25.968
Chile,CHL,2023,26.109
China,CHN,1950,56.671
China,CHN,1951,57.683
China,CHN,1952,58.868
China,CHN,1953,60.162
China,CHN,1954,61.47
China,CHN,1955,62.869
China,CHN,1956,64.225
China,CHN,1957,65.662
China,CHN,1958,67.106
China,CHN,1959,67.99
China,CHN,1960,68.209
China,CHN,1961,68.31
China,CHN,1962,69.279
China,CHN,1963,71.308
China,CHN,1964,73.416
China,CHN,1965,75.356
China,CHN,1966,77.334
China,CHN,1967,79.274
China,CHN,1968,81.355
China,CHN,1969,83.556
China,CHN,1970,85.761
China,CHN,1971,87.924
China,CHN,1972,89.966
China,CHN,1973,91.935
China,CHN,1974,93.782
China,CHN,1975,95.429
China,CHN,1976,96.914
China,CHN,1977,98.286
China,CHN,1978,99.6
China,CHN,1979,100.968
China,CHN,1980,102.413
China,CHN,1981,103.929
China,CHN,1982,105.582
China,CHN,1983,107.194
China,CHN,1984,108.734
China,CHN,1985,110.397
China,CHN,1986,112.212
China,CHN,1987,114.189
China,CHN,1988,116.171
China,CHN,1989,118.124
China,CHN,1990,120.165
China,CHN,1991,121.957
China,CHN,1992,123.393
China,CHN,1993,124.72
China,CHN,1994,125.938
China,CHN,1995,127.097
China,CHN,1996,128.223
China,CHN,1997,129.285
China,CHN,1998,130.297
China,CHN,1999,131.268
China,CHN,2000,132.248
China,CHN,2001,133.201
China,CHN,2002,134.049
China,CHN,2003,134.846
China,CHN,2004,135.635
China,CHN,2005,136.461
China,CHN,2006,137.297
China,CHN,2007,138.106
China,CHN,2008,138.94
China,CHN,2009,139.846
China,CHN,2010,140.788
China,CHN,2011,141.693
China,CHN,2012,142.658
China,CHN,2013,143.647
China,CHN,2014,144.578
China,CHN,2015,145.431
China,CHN,2016,146.255
China,CHN,2017,147.12
China,CHN,2018,147.813
China,CHN,2019,148.283
China,CHN,2020,148.553
China,CHN,2021,148.587
China,CHN,2022,148.456
China,CHN,2023,148.186
Colombia,COL,1950,10.472
Colombia,COL,1951,10.749
Colombia,COL,1952,11.04
Colombia,COL,1953,11.343
Colombia,COL,1954,11.659
Colombia,COL,1955,11.99
Colombia,COL,1956,12.336
Colombia,COL,1957,12.7
Colombia,COL,1958,13.076
Colombia,COL,1959,13.47
Colombia,COL,1960,13.888
Colombia,COL,1961,14.324
Colombia,COL,1962,14.772
Colombia,COL,1963,15.23
Colombia,COL,1964,15.696
Colombia,COL,1965,16.169
Colombia,COL,1966,16.644
Colombia,COL,1967,17.118
Colombia,COL,1968,17.591
Colombia,COL,1969,18.058
Colombia,COL,1970,18.521
Colombia,COL,1971,18.972
Colombia,COL,1972,19.418
Colombia,COL,1973,19.868
Colombia,COL,1974,20.32
Colombia,COL,1975,20.775
Colombia,COL,1976,21.233
Colombia,COL,1977,21.708
Colombia,COL,1978,22.204
Colombia,COL,1979,22.707
Colombia,COL,1980,23.231
Colombia,COL,1981,23.773
Colombia,COL,1982,24.329
Colombia,COL,1983,24.907
Colombia,COL,1984,25.49
Colombia,COL,1985,26.047
Colombia,COL,1986,26.59
Colombia,COL,1987,27.142
Colombia,COL,1988,27.704
Colombia,COL,1989,28.279
Colombia,COL,1990,28.869
Colombia,COL,1991,29.455
Colombia,COL,1992,30.044
Colombia,COL,1993,30.65
Colombia,COL,1994,31.261
Colombia,COL,1995,31.864
Colombia,COL,1996,32.449
Colombia,COL,1997,33.035
Colombia,COL,1998,33.632
Colombia,COL,1999,34.222
Colombia,COL,2000,34.787
Colombia,COL,2001,35.338
Colombia,COL,2002,35.886
Colombia,COL,2003,36.431
Colombia,COL,2004,36.97
Colombia,COL,2005,37.492
Colombia,COL,2006,37.992
Colombia,COL,2007,38.476
Colombia,COL,2008,38.942
Colombia,COL,2009,39.398
Colombia,COL,2010,39.849
Colombia,COL,2011,40.278
Colombia,COL,2012,40.684
Colombia,COL,2013,41.072
Colombia,COL,2014,41.44
Colombia,COL,2015,41.8
Colombia,COL,2016,42.216
Colombia,COL,2017,42.833
Colombia,COL,2018,43.628
Colombia,COL,2019,44.414
Colombia,COL,2020,45.057
Colombia,COL,2021,45.554
Colombia,COL,2022,46.043
Colombia,COL,2023,46.562
Comoros,COM,1950,87.017
Comoros,COM,1951,88.948
Comoros,COM,1952,90.798
Comoros,COM,1953,92.746
Comoros,COM,1954,94.647
Comoros,COM,1955,96.5
Comoros,COM,1956,98.311
Comoros,COM,1957,100.25
Comoros,COM,1958,102.398
Comoros,COM,1959,104.398
Comoros,COM,1960,106.233
Comoros,COM,1961,108.114
Comoros,COM,1962,109.995
Comoros,COM,1963,111.868
Comoros,COM,1964,113.726
Comoros,COM,1965,115.512
Comoros,COM,1966,117.498
Comoros,COM,1967,120.29
Comoros,COM,1968,123.721
Comoros,COM,1969,127.351
Comoros,COM,1970,131.211
Comoros,COM,1971,135.339
Comoros,COM,1972,139.751
Comoros,COM,1973,144.449
Comoros,COM,1974,149.422
Comoros,COM,1975,154.59
Comoros,COM,1976,159.881
Comoros,COM,1977,165.276
Comoros,COM,1978,170.708
Comoros,COM,1979,176.137
Comoros,COM,1980,181.473
Comoros,COM,1981,186.664
Comoros,COM,1982,191.907
Comoros,COM,1983,197.331
Comoros,COM,1984,202.921
Comoros,COM,1985,208.679
Comoros,COM,1986,214.572
Comoros,COM,1987,220.548
Comoros,COM,1988,226.591
Comoros,COM,1989,232.726
Comoros,COM,1990,238.902
Comoros,COM,1991,244.791
Comoros,COM,1992,249.926
Comoros,COM,1993,254.531
Comoros,COM,1994,259.077
Comoros,COM,1995,263.614
Comoros,COM,1996,268.193
Comoros,COM,1997,272.852
Comoros,COM,1998,277.591
Comoros,COM,1999,282.583
Comoros,COM,2000,288.06
Comoros,COM,2001,294.046
Comoros,COM,2002,300.335
Comoros,COM,2003,306.178
Comoros,COM,2004,312.039
Comoros,COM,2005,318.472
Comoros,COM,2006,324.961
Comoros,COM,2007,331.503
Comoros,COM,2008,338.155
Comoros,COM,2009,344.948
Comoros,COM,2010,351.873
Comoros,COM,2011,358.977
Comoros,COM,2012,366.271
Comoros,COM,2013,374.096
Comoros,COM,2014,382.323
Comoros,COM,2015,390.479
Comoros,COM,2016,398.571
Comoros,COM,2017,406.593
Comoros,COM,2018,414.61
Comoros,COM,2019,422.664
Comoros,COM,2020,431.039
Comoros,COM,2021,439.642
Comoros,COM,2022,448.247
Comoros,COM,2023,456.952
Congo,COG,1950,2.446
Congo,COG,1951,2.5
Congo,COG,1952,2.555
Congo,COG,1953,2.613
Congo,COG,1954,2.674
Congo,COG,1955,2.736
Congo,COG,1956,2.802
Congo,COG,1957,2.87
Congo,COG,1958,2.942
Congo,COG,1959,3.017
Congo,COG,1960,3.094
Congo,COG,1961,3.175
Congo,COG,1962,3.26
Congo,COG,1963,3.348
Congo,COG,1964,3.44
Congo,COG,1965,3.537
Congo,COG,1966,3.638
Congo,COG,1967,3.744
Congo,COG,1968,3.855
Congo,COG,1969,3.971
Congo,COG,1970,4.093
Congo,COG,1971,4.22
Congo,COG,1972,4.353
Congo,COG,1973,4.491
Congo,COG,1974,4.633
Congo,COG,1975,4.764
Congo,COG,1976,4.882
Congo,COG,1977,5
Congo,COG,1978,5.119
Congo,COG,1979,5.237
Congo,COG,1980,5.356
Congo,COG,1981,5.475
Congo,COG,1982,5.594
Congo,COG,1983,5.711
Congo,COG,1984,5.855
Congo,COG,1985,6.03
Congo,COG,1986,6.21
Congo,COG,1987,6.394
Congo,COG,1988,6.582
Congo,COG,1989,6.775
Congo,COG,1990,6.971
Congo,COG,1991,7.172
Congo,COG,1992,7.378
Congo,COG,1993,7.599
Congo,COG,1994,7.828
Congo,COG,1995,8.051
Congo,COG,1996,8.278
Congo,COG,1997,8.456
Congo,COG,1998,8.644
Congo,COG,1999,8.881
Congo,COG,2000,9.228
Congo,COG,2001,9.583
Congo,COG,2002,9.812
Congo,COG,2003,10.09
Congo,COG,2004,10.441
Congo,COG,2005,10.824
Congo,COG,2006,11.237
Congo,COG,2007,11.656
Congo,COG,2008,12.045
Congo,COG,2009,12.537
Congo,COG,2010,13.067
Congo,COG,2011,13.498
Congo,COG,2012,13.881
Congo,COG,2013,14.223
Congo,COG,2014,14.571
Congo,COG,2015,14.927
Congo,COG,2016,15.293
Congo,COG,2017,15.669
Congo,COG,2018,16.056
Congo,COG,2019,16.447
Congo,COG,2020,16.846
Congo,COG,2021,17.254
Congo,COG,2022,17.672
Congo,COG,2023,18.105
Cook Islands,COK,1950,61.219
Cook Islands,COK,1951,62.725
Cook Islands,COK,1952,63.915
Cook Islands,COK,1953,65.033
Cook Islands,COK,1954,66.198
Cook Islands,COK,1955,67.365
Cook Islands,COK,1956,68.473
Cook Islands,COK,1957,69.529
Cook Islands,COK,1958,70.7
Cook Islands,COK,1959,72.052
Cook Islands,COK,1960,73.59
Cook Islands,COK,1961,75.16
Cook Islands,COK,1962,76.183
Cook Islands,COK,1963,76.76
Cook Islands,COK,1964,77.44
Cook Islands,COK,1965,78.248
Cook Islands,COK,1966,79.229
Cook Islands,COK,1967,80.527
Cook Islands,COK,1968,82.054
Cook Islands,COK,1969,83.673
Cook Islands,COK,1970,85.369
Cook Islands,COK,1971,86.954
Cook Islands,COK,1972,86.54
Cook Islands,COK,1973,84.117
Cook Islands,COK,1974,81.492
Cook Islands,COK,1975,78.735
Cook Islands,COK,1976,76.033
Cook Islands,COK,1977,74.627
Cook Islands,COK,1978,74.373
Cook Islands,COK,1979,74.075
Cook Islands,COK,1980,73.735
Cook Islands,COK,1981,73.352
Cook Islands,COK,1982,72.796
Cook Islands,COK,1983,71.998
Cook Islands,COK,1984,71.094
Cook Islands,COK,1985,70.133
Cook Islands,COK,1986,69.173
Cook Islands,COK,1987,69.073
Cook Islands,COK,1988,69.802
Cook Islands,COK,1989,70.548
Cook Islands,COK,1990,71.333
Cook Islands,COK,1991,72.123
Cook Islands,COK,1992,72.794
Cook Islands,COK,1993,73.298
Cook Islands,COK,1994,73.704
Cook Islands,COK,1995,74.088
Cook Islands,COK,1996,74.398
Cook Islands,COK,1997,73.425
Cook Islands,COK,1998,71.162
Cook Islands,COK,1999,68.681
Cook Islands,COK,2000,66.06
Cook Islands,COK,2001,63.479
Cook Islands,COK,2002,62.365
Cook Islands,COK,2003,62.612
Cook Islands,COK,2004,62.823
Cook Islands,COK,2005,63.048
Cook Islands,COK,2006,63.358
Cook Islands,COK,2007,64.563
Cook Islands,COK,2008,66.588
Cook Islands,COK,2009,68.646
Cook Islands,COK,2010,70.733
Cook Islands,COK,2011,72.729
Cook Islands,COK,2012,73.588
Cook Islands,COK,2013,73.354
Cook Islands,COK,2014,73.052
Cook Islands,COK,2015,72.692
Cook Islands,COK,2016,72.219
Cook Islands,COK,2017,71.029
Cook Islands,COK,2018,69.152
Cook Islands,COK,2019,67.204
Cook Islands,COK,2020,65.181
Cook Islands,COK,2021,63.26
Cook Islands,COK,2022,61.348
Cook Islands,COK,2023,59.258
Costa Rica,CRI,1950,18.15
Costa Rica,CRI,1951,18.77
Costa Rica,CRI,1952,19.424
Costa Rica,CRI,1953,20.114
Costa Rica,CRI,1954,20.841
Costa Rica,CRI,1955,21.603
Costa Rica,CRI,1956,22.402
Costa Rica,CRI,1957,23.24
Costa Rica,CRI,1958,24.12
Costa Rica,CRI,1959,25.041
Costa Rica,CRI,1960,25.999
Costa Rica,CRI,1961,26.986
Costa Rica,CRI,1962,27.995
Costa Rica,CRI,1963,29.017
Costa Rica,CRI,1964,30.042
Costa Rica,CRI,1965,31.066
Costa Rica,CRI,1966,32.082
Costa Rica,CRI,1967,33.089
Costa Rica,CRI,1968,34.072
Costa Rica,CRI,1969,35.043
Costa Rica,CRI,1970,36.015
Costa Rica,CRI,1971,36.987
Costa Rica,CRI,1972,37.96
Costa Rica,CRI,1973,38.941
Costa Rica,CRI,1974,39.946
Costa Rica,CRI,1975,40.985
Costa Rica,CRI,1976,42.064
Costa Rica,CRI,1977,43.185
Costa Rica,CRI,1978,44.35
Costa Rica,CRI,1979,45.564
Costa Rica,CRI,1980,46.82
Costa Rica,CRI,1981,48.113
Costa Rica,CRI,1982,49.448
Costa Rica,CRI,1983,50.826
Costa Rica,CRI,1984,52.244
Costa Rica,CRI,1985,53.699
Costa Rica,CRI,1986,55.175
Costa Rica,CRI,1987,56.653
Costa Rica,CRI,1988,58.13
Costa Rica,CRI,1989,59.613
Costa Rica,CRI,1990,61.138
Costa Rica,CRI,1991,62.714
Costa Rica,CRI,1992,64.322
Costa Rica,CRI,1993,65.951
Costa Rica,CRI,1994,67.59
Costa Rica,CRI,1995,69.236
Costa Rica,CRI,1996,70.878
Costa Rica,CRI,1997,72.497
Costa Rica,CRI,1998,74.086
Costa Rica,CRI,1999,75.638
Costa Rica,CRI,2000,77.12
Costa Rica,CRI,2001,78.514
Costa Rica,CRI,2002,79.822
Costa Rica,CRI,2003,81.057
Costa Rica,CRI,2004,82.258
Costa Rica,CRI,2005,83.456
Costa Rica,CRI,2006,84.633
Costa Rica,CRI,2007,85.786
Costa Rica,CRI,2008,86.958
Costa Rica,CRI,2009,88.128
Costa Rica,CRI,2010,89.228
Costa Rica,CRI,2011,90.283
Costa Rica,CRI,2012,91.342
Costa Rica,CRI,2013,92.365
Costa Rica,CRI,2014,93.363
Costa Rica,CRI,2015,94.36
Costa Rica,CRI,2016,95.319
Costa Rica,CRI,2017,96.224
Costa Rica,CRI,2018,97.098
Costa Rica,CRI,2019,97.915
Costa Rica,CRI,2020,98.596
Costa Rica,CRI,2021,99.099
Costa Rica,CRI,2022,99.525
Costa Rica,CRI,2023,99.991
Cote d'Ivoire,CIV,1950,8.601
Cote d'Ivoire,CIV,1951,8.834
Cote d'Ivoire,CIV,1952,9.075
Cote d'Ivoire,CIV,1953,9.324
Cote d'Ivoire,CIV,1954,9.587
Cote d'Ivoire,CIV,1955,9.864
Cote d'Ivoire,CIV,1956,10.157
Cote d'Ivoire,CIV,1957,10.469
Cote d'Ivoire,CIV,1958,10.802
Cote d'Ivoire,CIV,1959,11.16
Cote d'Ivoire,CIV,1960,11.552
Cote d'Ivoire,CIV,1961,11.982
Cote d'Ivoire,CIV,1962,12.443
Cote d'Ivoire,CIV,1963,12.931
Cote d'Ivoire,CIV,1964,13.44
Cote d'Ivoire,CIV,1965,13.97
Cote d'Ivoire,CIV,1966,14.521
Cote d'Ivoire,CIV,1967,15.094
Cote d'Ivoire,CIV,1968,15.692
Cote d'Ivoire,CIV,1969,16.328
Cote d'Ivoire,CIV,1970,17.018
Cote d'Ivoire,CIV,1971,17.77
Cote d'Ivoire,CIV,1972,18.584
Cote d'Ivoire,CIV,1973,19.45
Cote d'Ivoire,CIV,1974,20.359
Cote d'Ivoire,CIV,1975,21.309
Cote d'Ivoire,CIV,1976,22.195
Cote d'Ivoire,CIV,1977,23.025
Cote d'Ivoire,CIV,1978,23.909
Cote d'Ivoire,CIV,1979,24.85
Cote d'Ivoire,CIV,1980,25.851
Cote d'Ivoire,CIV,1981,26.908
Cote d'Ivoire,CIV,1982,28.012
Cote d'Ivoire,CIV,1983,29.16
Cote d'Ivoire,CIV,1984,30.348
Cote d'Ivoire,CIV,1985,31.574
Cote d'Ivoire,CIV,1986,32.833
Cote d'Ivoire,CIV,1987,34.124
Cote d'Ivoire,CIV,1988,35.457
Cote d'Ivoire,CIV,1989,36.855
Cote d'Ivoire,CIV,1990,38.333
Cote d'Ivoire,CIV,1991,39.886
Cote d'Ivoire,CIV,1992,41.51
Cote d'Ivoire,CIV,1993,43.195
Cote d'Ivoire,CIV,1994,44.928
Cote d'Ivoire,CIV,1995,46.716
Cote d'Ivoire,CIV,1996,48.561
Cote d'Ivoire,CIV,1997,50.463
Cote d'Ivoire,CIV,1998,52.402
Cote d'Ivoire,CIV,1999,54.138
Cote d'Ivoire,CIV,2000,55.657
Cote d'Ivoire,CIV,2001,57.166
Cote d'Ivoire,CIV,2002,58.663
Cote d'Ivoire,CIV,2003,60.143
Cote d'Ivoire,CIV,2004,61.619
Cote d'Ivoire,CIV,2005,63.108
Cote d'Ivoire,CIV,2006,64.613
Cote d'Ivoire,CIV,2007,66.134
Cote d'Ivoire,CIV,2008,67.655
Cote d'Ivoire,CIV,2009,69.176
Cote d'Ivoire,CIV,2010,70.717
Cote d'Ivoire,CIV,2011,72.27
Cote d'Ivoire,CIV,2012,73.796
Cote d'Ivoire,CIV,2013,75.282
Cote d'Ivoire,CIV,2014,77.13
Cote d'Ivoire,CIV,2015,79.391
Cote d'Ivoire,CIV,2016,81.728
Cote d'Ivoire,CIV,2017,84.067
Cote d'Ivoire,CIV,2018,86.365
Cote d'Ivoire,CIV,2019,88.657
Cote d'Ivoire,CIV,2020,90.929
Cote d'Ivoire,CIV,2021,93.207
Cote d'Ivoire,CIV,2022,95.582
Cote d'Ivoire,CIV,2023,98.005
Croatia,HRV,1950,69.146
Croatia,HRV,1951,69.981
Croatia,HRV,1952,70.8
Croatia,HRV,1953,71.671
Croatia,HRV,1954,72.422
Croatia,HRV,1955,73.006
Croatia,HRV,1956,73.532
Croatia,HRV,1957,74.007
Croatia,HRV,1958,74.436
Croatia,HRV,1959,74.819
Croatia,HRV,1960,75.144
Croatia,HRV,1961,75.559
Croatia,HRV,1962,76.124
Croatia,HRV,1963,76.701
Croatia,HRV,1964,77.246
Croatia,HRV,1965,77.764
Croatia,HRV,1966,78.258
Croatia,HRV,1967,78.722
Croatia,HRV,1968,79.144
Croatia,HRV,1969,79.513
Croatia,HRV,1970,79.839
Croatia,HRV,1971,80.152
Croatia,HRV,1972,80.469
Croatia,HRV,1973,80.789
Croatia,HRV,1974,81.114
Croatia,HRV,1975,81.45
Croatia,HRV,1976,81.79
Croatia,HRV,1977,82.128
Croatia,HRV,1978,82.457
Croatia,HRV,1979,82.778
Croatia,HRV,1980,83.081
Croatia,HRV,1981,83.445
Croatia,HRV,1982,83.891
Croatia,HRV,1983,84.315
Croatia,HRV,1984,84.702
Croatia,HRV,1985,85.061
Croatia,HRV,1986,85.392
Croatia,HRV,1987,85.699
Croatia,HRV,1988,85.982
Croatia,HRV,1989,86.245
Croatia,HRV,1990,86.501
Croatia,HRV,1991,86.324
Croatia,HRV,1992,85.556
Croatia,HRV,1993,84.617
Croatia,HRV,1994,83.647
Croatia,HRV,1995,82.642
Croatia,HRV,1996,81.621
Croatia,HRV,1997,80.589
Croatia,HRV,1998,79.535
Croatia,HRV,1999,78.464
Croatia,HRV,2000,77.396
Croatia,HRV,2001,76.948
Croatia,HRV,2002,77.032
Croatia,HRV,2003,77.048
Croatia,HRV,2004,77.108
Croatia,HRV,2005,77.178
Croatia,HRV,2006,77.211
Croatia,HRV,2007,77.214
Croatia,HRV,2008,77.19
Croatia,HRV,2009,77.117
Croatia,HRV,2010,76.949
Croatia,HRV,2011,76.586
Croatia,HRV,2012,76.199
Croatia,HRV,2013,75.898
Croatia,HRV,2014,75.488
Croatia,HRV,2015,74.848
Croatia,HRV,2016,74.002
Croatia,HRV,2017,72.978
Croatia,HRV,2018,72.006
Croatia,HRV,2019,71.317
Croatia,HRV,2020,70.738
Croatia,HRV,2021,70.213
Croatia,HRV,2022,69.898
Croatia,HRV,2023,69.701
Cuba,CUB,1950,55.495
Cuba,CUB,1951,56.597
Cuba,CUB,1952,57.721
Cuba,CUB,1953,58.878
Cuba,CUB,1954,60.069
Cuba,CUB,1955,61.289
Cuba,CUB,1956,62.534
Cuba,CUB,1957,63.805
Cuba,CUB,1958,65.103
Cuba,CUB,1959,66.434
Cuba,CUB,1960,67.799
Cuba,CUB,1961,69.195
Cuba,CUB,1962,70.637
Cuba,CUB,1963,72.141
Cuba,CUB,1964,73.681
Cuba,CUB,1965,75.224
Cuba,CUB,1966,76.748
Cuba,CUB,1967,78.239
Cuba,CUB,1968,79.709
Cuba,CUB,1969,81.18
Cuba,CUB,1970,82.658
Cuba,CUB,1971,84.107
Cuba,CUB,1972,85.463
Cuba,CUB,1973,86.694
Cuba,CUB,1974,87.808
Cuba,CUB,1975,88.796
Cuba,CUB,1976,89.654
Cuba,CUB,1977,90.377
Cuba,CUB,1978,90.972
Cuba,CUB,1979,91.453
Cuba,CUB,1980,91.841
Cuba,CUB,1981,92.258
Cuba,CUB,1982,92.852
Cuba,CUB,1983,93.586
Cuba,CUB,1984,94.356
Cuba,CUB,1985,95.143
Cuba,CUB,1986,95.958
Cuba,CUB,1987,96.811
Cuba,CUB,1988,97.722
Cuba,CUB,1989,98.665
Cuba,CUB,1990,99.588
Cuba,CUB,1991,100.392
Cuba,CUB,1992,101.03
Cuba,CUB,1993,101.548
Cuba,CUB,1994,101.969
Cuba,CUB,1995,102.338
Cuba,CUB,1996,102.681
Cuba,CUB,1997,103.017
Cuba,CUB,1998,103.362
Cuba,CUB,1999,103.713
Cuba,CUB,2000,104.059
Cuba,CUB,2001,104.387
Cuba,CUB,2002,104.699
Cuba,CUB,2003,104.998
Cuba,CUB,2004,105.273
Cuba,CUB,2005,105.496
Cuba,CUB,2006,105.646
Cuba,CUB,2007,105.728
Cuba,CUB,2008,105.77
Cuba,CUB,2009,105.797
Cuba,CUB,2010,105.823
Cuba,CUB,2011,105.862
Cuba,CUB,2012,105.877
Cuba,CUB,2013,105.83
Cuba,CUB,2014,105.714
Cuba,CUB,2015,105.613
Cuba,CUB,2016,105.525
Cuba,CUB,2017,105.358
Cuba,CUB,2018,105.164
Cuba,CUB,2019,104.937
Cuba,CUB,2020,104.689
Cuba,CUB,2021,104.181
Cuba,CUB,2022,103.597
Cuba,CUB,2023,103.223
Curacao,CUW,1950,240.024
Curacao,CUW,1951,246.246
Curacao,CUW,1952,252.77
Curacao,CUW,1953,259.532
Curacao,CUW,1954,266.539
Curacao,CUW,1955,273.837
Curacao,CUW,1956,281.386
Curacao,CUW,1957,289.142
Curacao,CUW,1958,297.124
Curacao,CUW,1959,305.29
Curacao,CUW,1960,311.758
Curacao,CUW,1961,316.735
Curacao,CUW,1962,321.833
Curacao,CUW,1963,326.709
Curacao,CUW,1964,331.439
Curacao,CUW,1965,336.001
Curacao,CUW,1966,340.374
Curacao,CUW,1967,344.571
Curacao,CUW,1968,348.574
Curacao,CUW,1969,352.346
Curacao,CUW,1970,355.814
Curacao,CUW,1971,358.92
Curacao,CUW,1972,361.514
Curacao,CUW,1973,363.396
Curacao,CUW,1974,364.804
Curacao,CUW,1975,366.026
Curacao,CUW,1976,367.031
Curacao,CUW,1977,367.849
Curacao,CUW,1978,368.522
Curacao,CUW,1979,369.052
Curacao,CUW,1980,369.481
Curacao,CUW,1981,369.798
Curacao,CUW,1982,369.913
Curacao,CUW,1983,369.875
Curacao,CUW,1984,369.767
Curacao,CUW,1985,369.572
Curacao,CUW,1986,369.317
Curacao,CUW,1987,368.969
Curacao,CUW,1988,368.515
Curacao,CUW,1989,367.967
Curacao,CUW,1990,367.31
Curacao,CUW,1991,366.62
Curacao,CUW,1992,365.765
Curacao,CUW,1993,364.371
Curacao,CUW,1994,362.43
Curacao,CUW,1995,360.124
Curacao,CUW,1996,357.485
Curacao,CUW,1997,354.491
Curacao,CUW,1998,351.101
Curacao,CUW,1999,347.311
Curacao,CUW,2000,343.228
Curacao,CUW,2001,341.394
Curacao,CUW,2002,344.106
Curacao,CUW,2003,348.848
Curacao,CUW,2004,353.294
Curacao,CUW,2005,356.87
Curacao,CUW,2006,359.682
Curacao,CUW,2007,362.42
Curacao,CUW,2008,365.035
Curacao,CUW,2009,367.512
Curacao,CUW,2010,369.998
Curacao,CUW,2011,373.976
Curacao,CUW,2012,379.458
Curacao,CUW,2013,384.691
Curacao,CUW,2014,389.215
Curacao,CUW,2015,392.953
Curacao,CUW,2016,395.713
Curacao,CUW,2017,397.443
Curacao,CUW,2018,428.263
Curacao,CUW,2019,447.035
Curacao,CUW,2020,436.363
Curacao,CUW,2021,437.063
Curacao,CUW,2022,437.133
Curacao,CUW,2023,437.328
Cyprus,CYP,1950,53.449
Cyprus,CYP,1951,54.226
Cyprus,CYP,1952,55.053
Cyprus,CYP,1953,55.923
Cyprus,CYP,1954,56.83
Cyprus,CYP,1955,57.778
Cyprus,CYP,1956,58.774
Cyprus,CYP,1957,59.83
Cyprus,CYP,1958,60.961
Cyprus,CYP,1959,62.182
Cyprus,CYP,1960,63.473
Cyprus,CYP,1961,64.45
Cyprus,CYP,1962,65.094
Cyprus,CYP,1963,65.72
Cyprus,CYP,1964,66.29
Cyprus,CYP,1965,66.855
Cyprus,CYP,1966,67.466
Cyprus,CYP,1967,68.101
Cyprus,CYP,1968,68.74
Cyprus,CYP,1969,69.393
Cyprus,CYP,1970,70.07
Cyprus,CYP,1971,70.785
Cyprus,CYP,1972,71.544
Cyprus,CYP,1973,72.071
Cyprus,CYP,1974,71.781
Cyprus,CYP,1975,71.364
Cyprus,CYP,1976,71.648
Cyprus,CYP,1977,72.197
Cyprus,CYP,1978,72.754
Cyprus,CYP,1979,73.328
Cyprus,CYP,1980,73.926
Cyprus,CYP,1981,74.555
Cyprus,CYP,1982,75.379
Cyprus,CYP,1983,76.54
Cyprus,CYP,1984,77.85
Cyprus,CYP,1985,79.142
Cyprus,CYP,1986,80.423
Cyprus,CYP,1987,81.687
Cyprus,CYP,1988,82.926
Cyprus,CYP,1989,84.136
Cyprus,CYP,1990,85.319
Cyprus,CYP,1991,86.466
Cyprus,CYP,1992,87.699
Cyprus,CYP,1993,89.398
Cyprus,CYP,1994,91.414
Cyprus,CYP,1995,93.365
Cyprus,CYP,1996,95.27
Cyprus,CYP,1997,97.139
Cyprus,CYP,1998,98.977
Cyprus,CYP,1999,100.783
Cyprus,CYP,2000,102.561
Cyprus,CYP,2001,104.343
Cyprus,CYP,2002,106.216
Cyprus,CYP,2003,108.181
Cyprus,CYP,2004,110.16
Cyprus,CYP,2005,112.138
Cyprus,CYP,2006,114.115
Cyprus,CYP,2007,116.095
Cyprus,CYP,2008,118.076
Cyprus,CYP,2009,120.062
Cyprus,CYP,2010,122.058
Cyprus,CYP,2011,124.079
Cyprus,CYP,2012,126.125
Cyprus,CYP,2013,128.127
Cyprus,CYP,2014,130.065
Cyprus,CYP,2015,131.981
Cyprus,CYP,2016,133.887
Cyprus,CYP,2017,135.744
Cyprus,CYP,2018,137.526
Cyprus,CYP,2019,139.25
Cyprus,CYP,2020,140.936
Cyprus,CYP,2021,142.566
Cyprus,CYP,2022,144.088
Cyprus,CYP,2023,145.56
Czechia,CZE,1950,115.497
Czechia,CZE,1951,116.54
Czechia,CZE,1952,117.576
Czechia,CZE,1953,118.552
Czechia,CZE,1954,119.441
Czechia,CZE,1955,120.325
Czechia,CZE,1956,121.213
Czechia,CZE,1957,122.003
Czechia,CZE,1958,122.66
Czechia,CZE,1959,123.161
Czechia,CZE,1960,123.591
Czechia,CZE,1961,124.003
Czechia,CZE,1962,124.315
Czechia,CZE,1963,124.702
Czechia,CZE,1964,125.238
Czechia,CZE,1965,125.731
Czechia,CZE,1966,126.112
Czechia,CZE,1967,126.407
Czechia,CZE,1968,126.616
Czechia,CZE,1969,126.78
Czechia,CZE,1970,126.954
Czechia,CZE,1971,127.233
Czechia,CZE,1972,127.69
Czechia,CZE,1973,128.314
Czechia,CZE,1974,129.088
Czechia,CZE,1975,129.927
Czechia,CZE,1976,130.732
Czechia,CZE,1977,131.463
Czechia,CZE,1978,132.129
Czechia,CZE,1979,132.717
Czechia,CZE,1980,133.096
Czechia,CZE,1981,133.279
Czechia,CZE,1982,133.402
Czechia,CZE,1983,133.453
Czechia,CZE,1984,133.464
Czechia,CZE,1985,133.481
Czechia,CZE,1986,133.471
Czechia,CZE,1987,133.459
Czechia,CZE,1988,133.485
Czechia,CZE,1989,133.487
Czechia,CZE,1990,133.44
Czechia,CZE,1991,133.472
Czechia,CZE,1992,133.576
Czechia,CZE,1993,133.679
Czechia,CZE,1994,133.704
Czechia,CZE,1995,133.57
Czechia,CZE,1996,133.364
Czechia,CZE,1997,133.156
Czechia,CZE,1998,132.967
Czechia,CZE,1999,132.785
Czechia,CZE,2000,132.596
Czechia,CZE,2001,132.533
Czechia,CZE,2002,132.63
Czechia,CZE,2003,132.753
Czechia,CZE,2004,132.915
Czechia,CZE,2005,133.157
Czechia,CZE,2006,133.474
Czechia,CZE,2007,133.901
Czechia,CZE,2008,134.429
Czechia,CZE,2009,134.982
Czechia,CZE,2010,135.539
Czechia,CZE,2011,135.947
Czechia,CZE,2012,136.1
Czechia,CZE,2013,136.15
Czechia,CZE,2014,136.228
Czechia,CZE,2015,136.321
Czechia,CZE,2016,136.419
Czechia,CZE,2017,136.541
Czechia,CZE,2018,136.639
Czechia,CZE,2019,136.716
Czechia,CZE,2020,136.654
Czechia,CZE,2021,136.403
Czechia,CZE,2022,138.249
Czechia,CZE,2023,140.017
Democratic Republic of Congo,COD,1950,5.423
Democratic Republic of Congo,COD,1951,5.533
Democratic Republic of Congo,COD,1952,5.648
Democratic Republic of Congo,COD,1953,5.765
Democratic Republic of Congo,COD,1954,5.886
Democratic Republic of Congo,COD,1955,6.012
Democratic Republic of Congo,COD,1956,6.145
Democratic Republic of Congo,COD,1957,6.282
Democratic Republic of Congo,COD,1958,6.421
Democratic Republic of Congo,COD,1959,6.569
Democratic Republic of Congo,COD,1960,6.733
Democratic Republic of Congo,COD,1961,6.909
Democratic Republic of Congo,COD,1962,7.091
Democratic Republic of Congo,COD,1963,7.282
Democratic Republic of Congo,COD,1964,7.479
Democratic Republic of Congo,COD,1965,7.687
Democratic Republic of Congo,COD,1966,7.91
Democratic Republic of Congo,COD,1967,8.144
Democratic Republic of Congo,COD,1968,8.386
Democratic Republic of Congo,COD,1969,8.633
Democratic Republic of Congo,COD,1970,8.883
Democratic Republic of Congo,COD,1971,9.129
Democratic Republic of Congo,COD,1972,9.374
Democratic Republic of Congo,COD,1973,9.628
Democratic Republic of Congo,COD,1974,9.889
Democratic Republic of Congo,COD,1975,10.155
Democratic Republic of Congo,COD,1976,10.421
Democratic Republic of Congo,COD,1977,10.687
Democratic Republic of Congo,COD,1978,11.024
Democratic Republic of Congo,COD,1979,11.419
Democratic Republic of Congo,COD,1980,11.782
Democratic Republic of Congo,COD,1981,12.131
Democratic Republic of Congo,COD,1982,12.5
Democratic Republic of Congo,COD,1983,12.903
Democratic Republic of Congo,COD,1984,13.341
Democratic Republic of Congo,COD,1985,13.791
Democratic Republic of Congo,COD,1986,14.232
Democratic Republic of Congo,COD,1987,14.688
Democratic Republic of Congo,COD,1988,15.166
Democratic Republic of Congo,COD,1989,15.653
Democratic Republic of Congo,COD,1990,16.181
Democratic Republic of Congo,COD,1991,16.729
Democratic Republic of Congo,COD,1992,17.304
Democratic Republic of Congo,COD,1993,17.934
Democratic Republic of Congo,COD,1994,18.803
Democratic Republic of Congo,COD,1995,19.6
Democratic Republic of Congo,COD,1996,19.98
Democratic Republic of Congo,COD,1997,20.304
Democratic Republic of Congo,COD,1998,20.863
Democratic Republic of Congo,COD,1999,21.576
Democratic Republic of Congo,COD,2000,22.279
Democratic Republic of Congo,COD,2001,22.996
Democratic Republic of Congo,COD,2002,23.709
Democratic Republic of Congo,COD,2003,24.412
Democratic Republic of Congo,COD,2004,25.142
Democratic Republic of Congo,COD,2005,25.926
Democratic Republic of Congo,COD,2006,26.738
Democratic Republic of Congo,COD,2007,27.559
Democratic Republic of Congo,COD,2008,28.403
Democratic Republic of Congo,COD,2009,29.294
Democratic Republic of Congo,COD,2010,30.243
Democratic Republic of Congo,COD,2011,31.252
Democratic Republic of Congo,COD,2012,32.313
Democratic Republic of Congo,COD,2013,33.431
Democratic Republic of Congo,COD,2014,34.584
Democratic Republic of Congo,COD,2015,35.745
Democratic Republic of Congo,COD,2016,37.033
Democratic Republic of Congo,COD,2017,38.413
Democratic Republic of Congo,COD,2018,39.72
Democratic Republic of Congo,COD,2019,40.999
Democratic Republic of Congo,COD,2020,42.341
Democratic Republic of Congo,COD,2021,43.735
Democratic Republic of Congo,COD,2022,45.167
Democratic Republic of Congo,COD,2023,46.664
Denmark,DNK,1950,100.684
Denmark,DNK,1951,101.436
Denmark,DNK,1952,102.19
Denmark,DNK,1953,103.06
Denmark,DNK,1954,103.939
Denmark,DNK,1955,104.704
Denmark,DNK,1956,105.353
Denmark,DNK,1957,105.903
Denmark,DNK,1958,106.526
Denmark,DNK,1959,107.291
Denmark,DNK,1960,108.019
Denmark,DNK,1961,108.774
Denmark,DNK,1962,109.626
Denmark,DNK,1963,110.494
Denmark,DNK,1964,111.381
Denmark,DNK,1965,112.253
Denmark,DNK,1966,113.158
Denmark,DNK,1967,114.054
Denmark,DNK,1968,114.752
Denmark,DNK,1969,115.389
Denmark,DNK,1970,116.259
Denmark,DNK,1971,117.07
Denmark,DNK,1972,117.742
Denmark,DNK,1973,118.454
Denmark,DNK,1974,119.018
Denmark,DNK,1975,119.366
Denmark,DNK,1976,119.659
Denmark,DNK,1977,120.03
Denmark,DNK,1978,120.402
Denmark,DNK,1979,120.698
Denmark,DNK,1980,120.844
Denmark,DNK,1981,120.81
Denmark,DNK,1982,120.722
Denmark,DNK,1983,120.641
Denmark,DNK,1984,120.579
Denmark,DNK,1985,120.627
Denmark,DNK,1986,120.788
Denmark,DNK,1987,120.94
Denmark,DNK,1988,120.999
Denmark,DNK,1989,121.072
Denmark,DNK,1990,121.268
Denmark,DNK,1991,121.582
Denmark,DNK,1992,121.983
Denmark,DNK,1993,122.391
Denmark,DNK,1994,122.805
Denmark,DNK,1995,123.446
Denmark,DNK,1996,124.147
Denmark,DNK,1997,124.665
Denmark,DNK,1998,125.118
Denmark,DNK,1999,125.532
Denmark,DNK,2000,125.953
Denmark,DNK,2001,126.405
Denmark,DNK,2002,126.809
Denmark,DNK,2003,127.155
Denmark,DNK,2004,127.485
Denmark,DNK,2005,127.838
Denmark,DNK,2006,128.259
Denmark,DNK,2007,128.83
Denmark,DNK,2008,129.588
Denmark,DNK,2009,130.282
Denmark,DNK,2010,130.864
Denmark,DNK,2011,131.407
Denmark,DNK,2012,131.903
Denmark,DNK,2013,132.456
Denmark,DNK,2014,133.127
Denmark,DNK,2015,134.069
Denmark,DNK,2016,135.118
Denmark,DNK,2017,135.99
Denmark,DNK,2018,136.666
Denmark,DNK,2019,137.157
Denmark,DNK,2020,137.556
Denmark,DNK,2021,138.151
Denmark,DNK,2022,139.239
Denmark,DNK,2023,140.306
Djibouti,DJI,1950,2.689
Djibouti,DJI,1951,2.774
Djibouti,DJI,1952,2.863
Djibouti,DJI,1953,2.955
Djibouti,DJI,1954,3.05
Djibouti,DJI,1955,3.149
Djibouti,DJI,1956,3.252
Djibouti,DJI,1957,3.359
Djibouti,DJI,1958,3.47
Djibouti,DJI,1959,3.584
Djibouti,DJI,1960,3.711
Djibouti,DJI,1961,3.856
Djibouti,DJI,1962,4.024
Djibouti,DJI,1963,4.222
Djibouti,DJI,1964,4.452
Djibouti,DJI,1965,4.706
Djibouti,DJI,1966,4.973
Djibouti,DJI,1967,5.248
Djibouti,DJI,1968,5.533
Djibouti,DJI,1969,5.871
Djibouti,DJI,1970,6.263
Djibouti,DJI,1971,6.693
Djibouti,DJI,1972,7.172
Djibouti,DJI,1973,7.698
Djibouti,DJI,1974,8.309
Djibouti,DJI,1975,9.056
Djibouti,DJI,1976,9.954
Djibouti,DJI,1977,10.984
Djibouti,DJI,1978,12.081
Djibouti,DJI,1979,13.137
Djibouti,DJI,1980,14.056
Djibouti,DJI,1981,14.799
Djibouti,DJI,1982,15.396
Djibouti,DJI,1983,15.943
Djibouti,DJI,1984,16.568
Djibouti,DJI,1985,17.372
Djibouti,DJI,1986,18.393
Djibouti,DJI,1987,19.603
Djibouti,DJI,1988,20.903
Djibouti,DJI,1989,22.578
Djibouti,DJI,1990,25.002
Djibouti,DJI,1991,27.226
Djibouti,DJI,1992,27.006
Djibouti,DJI,1993,26.499
Djibouti,DJI,1994,27.037
Djibouti,DJI,1995,27.311
Djibouti,DJI,1996,27.97
Djibouti,DJI,1997,28.983
Djibouti,DJI,1998,30.17
Djibouti,DJI,1999,31.243
Djibouti,DJI,2000,32.24
Djibouti,DJI,2001,33.275
Djibouti,DJI,2002,34.322
Djibouti,DJI,2003,35.096
Djibouti,DJI,2004,35.639
Djibouti,DJI,2005,36.202
Djibouti,DJI,2006,36.918
Djibouti,DJI,2007,37.728
Djibouti,DJI,2008,38.513
Djibouti,DJI,2009,39.324
Djibouti,DJI,2010,40.132
Djibouti,DJI,2011,40.921
Djibouti,DJI,2012,41.706
Djibouti,DJI,2013,42.486
Djibouti,DJI,2014,43.258
Djibouti,DJI,2015,44.017
Djibouti,DJI,2016,44.765
Djibouti,DJI,2017,45.506
Djibouti,DJI,2018,46.242
Djibouti,DJI,2019,46.968
Djibouti,DJI,2020,47.679
Djibouti,DJI,2021,48.371
Djibouti,DJI,2022,49.055
Djibouti,DJI,2023,49.739
Dominica,DMA,1950,66.928
Dominica,DMA,1951,67.255
Dominica,DMA,1952,67.783
Dominica,DMA,1953,68.511
Dominica,DMA,1954,69.445
Dominica,DMA,1955,70.603
Dominica,DMA,1956,71.981
Dominica,DMA,1957,73.595
Dominica,DMA,1958,75.444
Dominica,DMA,1959,77.477
Dominica,DMA,1960,79.163
Dominica,DMA,1961,80.278
Dominica,DMA,1962,81.264
Dominica,DMA,1963,82.319
Dominica,DMA,1964,83.45
Dominica,DMA,1965,84.673
Dominica,DMA,1966,86.009
Dominica,DMA,1967,87.446
Dominica,DMA,1968,88.976
Dominica,DMA,1969,90.579
Dominica,DMA,1970,91.877
Dominica,DMA,1971,92.709
Dominica,DMA,1972,93.413
Dominica,DMA,1973,94.113
Dominica,DMA,1974,94.787
Dominica,DMA,1975,95.427
Dominica,DMA,1976,96.023
Dominica,DMA,1977,96.542
Dominica,DMA,1978,96.965
Dominica,DMA,1979,97.279
Dominica,DMA,1980,97.444
Dominica,DMA,1981,97.315
Dominica,DMA,1982,96.917
Dominica,DMA,1983,96.486
Dominica,DMA,1984,96.075
Dominica,DMA,1985,95.659
Dominica,DMA,1986,95.209
Dominica,DMA,1987,94.697
Dominica,DMA,1988,94.143
Dominica,DMA,1989,93.538
Dominica,DMA,1990,92.836
Dominica,DMA,1991,92.395
Dominica,DMA,1992,92.433
Dominica,DMA,1993,92.577
Dominica,DMA,1994,92.635
Dominica,DMA,1995,92.625
Dominica,DMA,1996,92.547
Dominica,DMA,1997,92.399
Dominica,DMA,1998,92.166
Dominica,DMA,1999,91.826
Dominica,DMA,2000,91.348
Dominica,DMA,2001,91.051
Dominica,DMA,2002,91.156
Dominica,DMA,2003,91.375
Dominica,DMA,2004,91.532
Dominica,DMA,2005,91.646
Dominica,DMA,2006,91.742
Dominica,DMA,2007,91.797
Dominica,DMA,2008,91.805
Dominica,DMA,2009,91.819
Dominica,DMA,2010,91.811
Dominica,DMA,2011,92.071
Dominica,DMA,2012,92.157
Dominica,DMA,2013,92.953
Dominica,DMA,2014,93.831
Dominica,DMA,2015,93.88
Dominica,DMA,2016,92.809
Dominica,DMA,2017,91.329
Dominica,DMA,2018,90.899
Dominica,DMA,2019,90.507
Dominica,DMA,2020,90.097
Dominica,DMA,2021,89.603
Dominica,DMA,2022,89.102
Dominica,DMA,2023,88.681
Dominican Republic,DOM,1950,49.262
Dominican Republic,DOM,1951,50.716
Dominican Republic,DOM,1952,52.267
Dominican Republic,DOM,1953,53.918
Dominican Republic,DOM,1954,55.662
Dominican Republic,DOM,1955,57.495
Dominican Republic,DOM,1956,59.407
Dominican Republic,DOM,1957,61.389
Dominican Republic,DOM,1958,63.43
Dominican Republic,DOM,1959,65.519
Dominican Republic,DOM,1960,67.652
Dominican Republic,DOM,1961,69.823
Dominican Republic,DOM,1962,72.032
Dominican Republic,DOM,1963,74.275
Dominican Republic,DOM,1964,76.557
Dominican Republic,DOM,1965,78.843
Dominican Republic,DOM,1966,81.179
Dominican Republic,DOM,1967,83.603
Dominican Republic,DOM,1968,86.051
Dominican Republic,DOM,1969,88.531
Dominican Republic,DOM,1970,91.062
Dominican Republic,DOM,1971,93.648
Dominican Republic,DOM,1972,96.29
Dominican Republic,DOM,1973,98.988
Dominican Republic,DOM,1974,101.72
Dominican Republic,DOM,1975,104.464
Dominican Republic,DOM,1976,107.23
Dominican Republic,DOM,1977,110.026
Dominican Republic,DOM,1978,112.85
Dominican Republic,DOM,1979,115.702
Dominican Republic,DOM,1980,118.587
Dominican Republic,DOM,1981,121.472
Dominican Republic,DOM,1982,124.343
Dominican Republic,DOM,1983,127.243
Dominican Republic,DOM,1984,130.178
Dominican Republic,DOM,1985,133.104
Dominican Republic,DOM,1986,136.019
Dominican Republic,DOM,1987,138.944
Dominican Republic,DOM,1988,141.908
Dominican Republic,DOM,1989,144.942
Dominican Republic,DOM,1990,148.024
Dominican Republic,DOM,1991,151.101
Dominican Republic,DOM,1992,154.157
Dominican Republic,DOM,1993,157.202
Dominican Republic,DOM,1994,160.247
Dominican Republic,DOM,1995,163.278
Dominican Republic,DOM,1996,166.275
Dominican Republic,DOM,1997,169.197
Dominican Republic,DOM,1998,172.018
Dominican Republic,DOM,1999,174.83
Dominican Republic,DOM,2000,177.686
Dominican Republic,DOM,2001,180.503
Dominican Republic,DOM,2002,183.234
Dominican Republic,DOM,2003,185.892
Dominican Republic,DOM,2004,188.464
Dominican Republic,DOM,2005,190.951
Dominican Republic,DOM,2006,193.355
Dominican Republic,DOM,2007,195.725
Dominican Republic,DOM,2008,198.156
Dominican Republic,DOM,2009,200.684
Dominican Republic,DOM,2010,203.27
Dominican Republic,DOM,2011,205.867
Dominican Republic,DOM,2012,208.45
Dominican Republic,DOM,2013,211.004
Dominican Republic,DOM,2014,213.523
Dominican Republic,DOM,2015,215.993
Dominican Republic,DOM,2016,218.406
Dominican Republic,DOM,2017,220.795
Dominican Republic,DOM,2018,223.18
Dominican Republic,DOM,2019,225.498
Dominican Republic,DOM,2020,227.863
Dominican Republic,DOM,2021,230.247
Dominican Republic,DOM,2022,232.467
Dominican Republic,DOM,2023,234.548
East Timor,TLS,1950,27.893
East Timor,TLS,1951,28.128
East Timor,TLS,1952,28.408
East Timor,TLS,1953,28.715
East Timor,TLS,1954,29.046
East Timor,TLS,1955,29.398
East Timor,TLS,1956,29.771
East Timor,TLS,1957,30.166
East Timor,TLS,1958,30.582
East Timor,TLS,1959,31.02
East Timor,TLS,1960,31.481
East Timor,TLS,1961,31.963
East Timor,TLS,1962,32.466
East Timor,TLS,1963,32.99
East Timor,TLS,1964,33.535
East Timor,TLS,1965,34.098
East Timor,TLS,1966,34.68
East Timor,TLS,1967,35.282
East Timor,TLS,1968,35.903
East Timor,TLS,1969,36.54
East Timor,TLS,1970,37.194
East Timor,TLS,1971,37.859
East Timor,TLS,1972,38.531
East Timor,TLS,1973,39.197
East Timor,TLS,1974,39.733
East Timor,TLS,1975,40.226
East Timor,TLS,1976,40.862
East Timor,TLS,1977,41.581
East Timor,TLS,1978,42.285
East Timor,TLS,1979,42.954
East Timor,TLS,1980,43.704
East Timor,TLS,1981,44.418
East Timor,TLS,1982,45
East Timor,TLS,1983,45.575
East Timor,TLS,1984,46.185
East Timor,TLS,1985,46.85
East Timor,TLS,1986,47.558
East Timor,TLS,1987,48.317
East Timor,TLS,1988,49.142
East Timor,TLS,1989,50.091
East Timor,TLS,1990,51.133
East Timor,TLS,1991,52.339
East Timor,TLS,1992,53.754
East Timor,TLS,1993,55.241
East Timor,TLS,1994,56.792
East Timor,TLS,1995,58.382
East Timor,TLS,1996,60.005
East Timor,TLS,1997,61.68
East Timor,TLS,1998,63.385
East Timor,TLS,1999,56.133
East Timor,TLS,2000,50.107
East Timor,TLS,2001,54.623
East Timor,TLS,2002,59.123
East Timor,TLS,2003,61.66
East Timor,TLS,2004,62.48
East Timor,TLS,2005,63.773
East Timor,TLS,2006,65.676
East Timor,TLS,2007,67.578
East Timor,TLS,2008,69.43
East Timor,TLS,2009,71.203
East Timor,TLS,2010,72.944
East Timor,TLS,2011,74.661
East Timor,TLS,2012,76.32
East Timor,TLS,2013,77.922
East Timor,TLS,2014,79.482
East Timor,TLS,2015,81.044
East Timor,TLS,2016,82.603
East Timor,TLS,2017,84.176
East Timor,TLS,2018,85.808
East Timor,TLS,2019,87.488
East Timor,TLS,2020,89.176
East Timor,TLS,2021,90.796
East Timor,TLS,2022,92.084
East Timor,TLS,2023,93.093
Ecuador,ECU,1950,14.16
Ecuador,ECU,1951,14.527
Ecuador,ECU,1952,14.907
Ecuador,ECU,1953,15.302
Ecuador,ECU,1954,15.709
Ecuador,ECU,1955,16.131
Ecuador,ECU,1956,16.567
Ecuador,ECU,1957,17.019
Ecuador,ECU,1958,17.489
Ecuador,ECU,1959,17.977
Ecuador,ECU,1960,18.485
Ecuador,ECU,1961,19.014
Ecuador,ECU,1962,19.565
Ecuador,ECU,1963,20.139
Ecuador,ECU,1964,20.736
Ecuador,ECU,1965,21.356
Ecuador,ECU,1966,21.999
Ecuador,ECU,1967,22.665
Ecuador,ECU,1968,23.352
Ecuador,ECU,1969,24.059
Ecuador,ECU,1970,24.784
Ecuador,ECU,1971,25.528
Ecuador,ECU,1972,26.289
Ecuador,ECU,1973,27.066
Ecuador,ECU,1974,27.857
Ecuador,ECU,1975,28.661
Ecuador,ECU,1976,29.477
Ecuador,ECU,1977,30.306
Ecuador,ECU,1978,31.149
Ecuador,ECU,1979,32.005
Ecuador,ECU,1980,32.879
Ecuador,ECU,1981,33.769
Ecuador,ECU,1982,34.673
Ecuador,ECU,1983,35.595
Ecuador,ECU,1984,36.539
Ecuador,ECU,1985,37.491
Ecuador,ECU,1986,38.436
Ecuador,ECU,1987,39.375
Ecuador,ECU,1988,40.308
Ecuador,ECU,1989,41.238
Ecuador,ECU,1990,42.171
Ecuador,ECU,1991,43.092
Ecuador,ECU,1992,44.009
Ecuador,ECU,1993,44.912
Ecuador,ECU,1994,45.789
Ecuador,ECU,1995,46.668
Ecuador,ECU,1996,47.556
Ecuador,ECU,1997,48.442
Ecuador,ECU,1998,49.328
Ecuador,ECU,1999,50.213
Ecuador,ECU,2000,51.092
Ecuador,ECU,2001,51.984
Ecuador,ECU,2002,52.901
Ecuador,ECU,2003,53.842
Ecuador,ECU,2004,54.794
Ecuador,ECU,2005,55.75
Ecuador,ECU,2006,56.717
Ecuador,ECU,2007,57.694
Ecuador,ECU,2008,58.686
Ecuador,ECU,2009,59.695
Ecuador,ECU,2010,60.705
Ecuador,ECU,2011,61.71
Ecuador,ECU,2012,62.7
Ecuador,ECU,2013,63.646
Ecuador,ECU,2014,64.564
Ecuador,ECU,2015,65.495
Ecuador,ECU,2016,66.457
Ecuador,ECU,2017,67.481
Ecuador,ECU,2018,68.649
Ecuador,ECU,2019,69.818
Ecuador,ECU,2020,70.648
Ecuador,ECU,2021,71.197
Ecuador,ECU,2022,71.766
Ecuador,ECU,2023,72.395
Egypt,EGY,1950,21.245
Egypt,EGY,1951,21.705
Egypt,EGY,1952,22.206
Egypt,EGY,1953,22.748
Egypt,EGY,1954,23.319
Egypt,EGY,1955,23.904
Egypt,EGY,1956,24.499
Egypt,EGY,1957,25.109
Egypt,EGY,1958,25.717
Egypt,EGY,1959,26.347
Egypt,EGY,1960,27.019
Egypt,EGY,1961,27.727
Egypt,EGY,1962,28.467
Egypt,EGY,1963,29.225
Egypt,EGY,1964,29.995
Egypt,EGY,1965,30.769
Egypt,EGY,1966,31.55
Egypt,EGY,1967,32.344
Egypt,EGY,1968,33.149
Egypt,EGY,1969,33.966
Egypt,EGY,1970,34.782
Egypt,EGY,1971,35.595
Egypt,EGY,1972,36.424
Egypt,EGY,1973,37.272
Egypt,EGY,1974,38.143
Egypt,EGY,1975,39.053
Egypt,EGY,1976,39.977
Egypt,EGY,1977,40.935
Egypt,EGY,1978,41.952
Egypt,EGY,1979,43.014
Egypt,EGY,1980,44.151
Egypt,EGY,1981,45.354
Egypt,EGY,1982,46.62
Egypt,EGY,1983,48.005
Egypt,EGY,1984,49.472
Egypt,EGY,1985,50.967
Egypt,EGY,1986,52.445
Egypt,EGY,1987,53.92
Egypt,EGY,1988,55.44
Egypt,EGY,1989,56.97
Egypt,EGY,1990,58.664
Egypt,EGY,1991,60.303
Egypt,EGY,1992,61.762
Egypt,EGY,1993,63.203
Egypt,EGY,1994,64.579
Egypt,EGY,1995,65.953
Egypt,EGY,1996,67.334
Egypt,EGY,1997,68.745
Egypt,EGY,1998,70.263
Egypt,EGY,1999,71.848
Egypt,EGY,2000,73.417
Egypt,EGY,2001,74.993
Egypt,EGY,2002,76.588
Egypt,EGY,2003,78.209
Egypt,EGY,2004,79.841
Egypt,EGY,2005,81.472
Egypt,EGY,2006,83.078
Egypt,EGY,2007,84.661
Egypt,EGY,2008,86.257
Egypt,EGY,2009,87.902
Egypt,EGY,2010,89.604
Egypt,EGY,2011,91.509
Egypt,EGY,2012,93.587
Egypt,EGY,2013,95.769
Egypt,EGY,2014,97.974
Egypt,EGY,2015,100.053
Egypt,EGY,2016,102.109
Egypt,EGY,2017,104.17
Egypt,EGY,2018,106.165
Egypt,EGY,2019,108.045
Egypt,EGY,2020,109.815
Egypt,EGY,2021,111.464
Egypt,EGY,2022,113.133
Egypt,EGY,2023,115.059
El Salvador,SLV,1950,105.382
El Salvador,SLV,1951,107.881
El Salvador,SLV,1952,110.422
El Salvador,SLV,1953,113.03
El Salvador,SLV,1954,115.725
El Salvador,SLV,1955,118.562
El Salvador,SLV,1956,121.533
El Salvador,SLV,1957,124.639
El Salvador,SLV,1958,127.831
El Salvador,SLV,1959,131.155
El Salvador,SLV,1960,134.723
El Salvador,SLV,1961,138.514
El Salvador,SLV,1962,142.336
El Salvador,SLV,1963,146.172
El Salvador,SLV,1964,150.187
El Salvador,SLV,1965,154.414
El Salvador,SLV,1966,158.83
El Salvador,SLV,1967,163.378
El Salvador,SLV,1968,167.991
El Salvador,SLV,1969,172.61
El Salvador,SLV,1970,177.065
El Salvador,SLV,1971,181.348
El Salvador,SLV,1972,185.658
El Salvador,SLV,1973,190.061
El Salvador,SLV,1974,194.482
El Salvador,SLV,1975,198.863
El Salvador,SLV,1976,203.2
El Salvador,SLV,1977,207.59
El Salvador,SLV,1978,212.071
El Salvador,SLV,1979,216.235
El Salvador,SLV,1980,219.13
El Salvador,SLV,1981,220.589
El Salvador,SLV,1982,223.093
El Salvador,SLV,1983,227.19
El Salvador,SLV,1984,231.564
El Salvador,SLV,1985,236.231
El Salvador,SLV,1986,240.964
El Salvador,SLV,1987,245.774
El Salvador,SLV,1988,250.764
El Salvador,SLV,1989,255.742
El Salvador,SLV,1990,260.605
El Salvador,SLV,1991,265.206
El Salvador,SLV,1992,269.576
El Salvador,SLV,1993,273.164
El Salvador,SLV,1994,275.778
El Salvador,SLV,1995,278.095
El Salvador,SLV,1996,280.178
El Salvador,SLV,1997,282.074
El Salvador,SLV,1998,283.821
El Salvador,SLV,1999,285.42
El Salvador,SLV,2000,286.842
El Salvador,SLV,2001,288.034
El Salvador,SLV,2002,288.93
El Salvador,SLV,2003,289.508
El Salvador,SLV,2004,289.801
El Salvador,SLV,2005,289.844
El Salvador,SLV,2006,289.687
El Salvador,SLV,2007,290.049
El Salvador,SLV,2008,290.989
El Salvador,SLV,2009,291.905
El Salvador,SLV,2010,292.869
El Salvador,SLV,2011,293.925
El Salvador,SLV,2012,295.076
El Salvador,SLV,2013,296.276
El Salvador,SLV,2014,297.44
El Salvador,SLV,2015,298.44
El Salvador,SLV,2016,299.266
El Salvador,SLV,2017,299.881
El Salvador,SLV,2018,300.184
El Salvador,SLV,2019,300.305
El Salvador,SLV,2020,300.901
El Salvador,SLV,2021,301.92
El Salvador,SLV,2022,303.104
El Salvador,SLV,2023,304.519
Equatorial Guinea,GNQ,1950,8.077
Equatorial Guinea,GNQ,1951,8.222
Equatorial Guinea,GNQ,1952,8.367
Equatorial Guinea,GNQ,1953,8.513
Equatorial Guinea,GNQ,1954,8.662
Equatorial Guinea,GNQ,1955,8.813
Equatorial Guinea,GNQ,1956,8.967
Equatorial Guinea,GNQ,1957,9.124
Equatorial Guinea,GNQ,1958,9.283
Equatorial Guinea,GNQ,1959,9.447
Equatorial Guinea,GNQ,1960,9.619
Equatorial Guinea,GNQ,1961,9.8
Equatorial Guinea,GNQ,1962,9.992
Equatorial Guinea,GNQ,1963,10.195
Equatorial Guinea,GNQ,1964,10.408
Equatorial Guinea,GNQ,1965,10.632
Equatorial Guinea,GNQ,1966,10.868
Equatorial Guinea,GNQ,1967,11.116
Equatorial Guinea,GNQ,1968,11.367
Equatorial Guinea,GNQ,1969,11.498
Equatorial Guinea,GNQ,1970,11.437
Equatorial Guinea,GNQ,1971,11.263
Equatorial Guinea,GNQ,1972,11.033
Equatorial Guinea,GNQ,1973,10.777
Equatorial Guinea,GNQ,1974,10.515
Equatorial Guinea,GNQ,1975,10.264
Equatorial Guinea,GNQ,1976,10.019
Equatorial Guinea,GNQ,1977,9.867
Equatorial Guinea,GNQ,1978,9.858
Equatorial Guinea,GNQ,1979,9.977
Equatorial Guinea,GNQ,1980,10.29
Equatorial Guinea,GNQ,1981,10.811
Equatorial Guinea,GNQ,1982,11.487
Equatorial Guinea,GNQ,1983,12.243
Equatorial Guinea,GNQ,1984,13.009
Equatorial Guinea,GNQ,1985,13.745
Equatorial Guinea,GNQ,1986,14.429
Equatorial Guinea,GNQ,1987,15.063
Equatorial Guinea,GNQ,1988,15.674
Equatorial Guinea,GNQ,1989,16.286
Equatorial Guinea,GNQ,1990,16.908
Equatorial Guinea,GNQ,1991,17.548
Equatorial Guinea,GNQ,1992,18.209
Equatorial Guinea,GNQ,1993,18.896
Equatorial Guinea,GNQ,1994,19.613
Equatorial Guinea,GNQ,1995,20.366
Equatorial Guinea,GNQ,1996,21.158
Equatorial Guinea,GNQ,1997,21.993
Equatorial Guinea,GNQ,1998,22.869
Equatorial Guinea,GNQ,1999,23.787
Equatorial Guinea,GNQ,2000,25.072
Equatorial Guinea,GNQ,2001,26.732
Equatorial Guinea,GNQ,2002,28.448
Equatorial Guinea,GNQ,2003,30.227
Equatorial Guinea,GNQ,2004,32.083
Equatorial Guinea,GNQ,2005,33.774
Equatorial Guinea,GNQ,2006,35.306
Equatorial Guinea,GNQ,2007,36.936
Equatorial Guinea,GNQ,2008,38.664
Equatorial Guinea,GNQ,2009,40.487
Equatorial Guinea,GNQ,2010,42.392
Equatorial Guinea,GNQ,2011,44.272
Equatorial Guinea,GNQ,2012,46.113
Equatorial Guinea,GNQ,2013,47.994
Equatorial Guinea,GNQ,2014,49.905
Equatorial Guinea,GNQ,2015,51.833
Equatorial Guinea,GNQ,2016,53.768
Equatorial Guinea,GNQ,2017,55.7
Equatorial Guinea,GNQ,2018,57.626
Equatorial Guinea,GNQ,2019,59.543
Equatorial Guinea,GNQ,2020,61.193
Equatorial Guinea,GNQ,2021,62.702
Equatorial Guinea,GNQ,2022,64.298
Equatorial Guinea,GNQ,2023,65.866
Eritrea,ERI,1950,6.726
Eritrea,ERI,1951,6.827
Eritrea,ERI,1952,6.937
Eritrea,ERI,1953,7.055
Eritrea,ERI,1954,7.182
Eritrea,ERI,1955,7.316
Eritrea,ERI,1956,7.457
Eritrea,ERI,1957,7.584
Eritrea,ERI,1958,7.698
Eritrea,ERI,1959,7.847
Eritrea,ERI,1960,8.028
Eritrea,ERI,1961,8.218
Eritrea,ERI,1962,8.418
Eritrea,ERI,1963,8.627
Eritrea,ERI,1964,8.843
Eritrea,ERI,1965,9.066
Eritrea,ERI,1966,9.286
Eritrea,ERI,1967,9.512
Eritrea,ERI,1968,9.755
Eritrea,ERI,1969,10.005
Eritrea,ERI,1970,10.264
Eritrea,ERI,1971,10.534
Eritrea,ERI,1972,10.807
Eritrea,ERI,1973,11.083
Eritrea,ERI,1974,11.356
Eritrea,ERI,1975,11.624
Eritrea,ERI,1976,11.918
Eritrea,ERI,1977,12.238
Eritrea,ERI,1978,12.567
Eritrea,ERI,1979,12.905
Eritrea,ERI,1980,13.255
Eritrea,ERI,1981,13.62
Eritrea,ERI,1982,13.995
Eritrea,ERI,1983,14.331
Eritrea,ERI,1984,14.625
Eritrea,ERI,1985,14.923
Eritrea,ERI,1986,15.231
Eritrea,ERI,1987,15.59
Eritrea,ERI,1988,16
Eritrea,ERI,1989,16.402
Eritrea,ERI,1990,16.78
Eritrea,ERI,1991,15.845
Eritrea,ERI,1992,14.848
Eritrea,ERI,1993,15.321
Eritrea,ERI,1994,15.799
Eritrea,ERI,1995,16.718
Eritrea,ERI,1996,17.57
Eritrea,ERI,1997,17.765
Eritrea,ERI,1998,17.999
Eritrea,ERI,1999,18.266
Eritrea,ERI,2000,18.548
Eritrea,ERI,2001,19.085
Eritrea,ERI,2002,19.753
Eritrea,ERI,2003,20.586
Eritrea,ERI,2004,21.448
Eritrea,ERI,2005,21.967
Eritrea,ERI,2006,22.316
Eritrea,ERI,2007,22.644
Eritrea,ERI,2008,23.248
Eritrea,ERI,2009,23.838
Eritrea,ERI,2010,24.311
Eritrea,ERI,2011,24.751
Eritrea,ERI,2012,25.069
Eritrea,ERI,2013,25.378
Eritrea,ERI,2014,25.55
Eritrea,ERI,2015,25.635
Eritrea,ERI,2016,25.793
Eritrea,ERI,2017,26.005
Eritrea,ERI,2018,26.355
Eritrea,ERI,2019,26.747
Eritrea,ERI,2020,27.168
Eritrea,ERI,2021,27.655
Eritrea,ERI,2022,28.144
Eritrea,ERI,2023,28.647
Estonia,EST,1950,25.354
Estonia,EST,1951,25.68
Estonia,EST,1952,25.994
Estonia,EST,1953,26.288
Estonia,EST,1954,26.568
Estonia,EST,1955,26.846
Estonia,EST,1956,27.106
Estonia,EST,1957,27.35
Estonia,EST,1958,27.617
Estonia,EST,1959,27.836
Estonia,EST,1960,28.078
Estonia,EST,1961,28.417
Estonia,EST,1962,28.749
Estonia,EST,1963,29.075
Estonia,EST,1964,29.41
Estonia,EST,1965,29.743
Estonia,EST,1966,30.057
Estonia,EST,1967,30.37
Estonia,EST,1968,30.698
Estonia,EST,1969,31.029
Estonia,EST,1970,31.332
Estonia,EST,1971,31.623
Estonia,EST,1972,31.915
Estonia,EST,1973,32.194
Estonia,EST,1974,32.475
Estonia,EST,1975,32.75
Estonia,EST,1976,33.011
Estonia,EST,1977,33.28
Estonia,EST,1978,33.549
Estonia,EST,1979,33.774
Estonia,EST,1980,33.968
Estonia,EST,1981,34.172
Estonia,EST,1982,34.393
Estonia,EST,1983,34.63
Estonia,EST,1984,34.869
Estonia,EST,1985,35.091
Estonia,EST,1986,35.329
Estonia,EST,1987,35.597
Estonia,EST,1988,35.869
Estonia,EST,1989,36.065
Estonia,EST,1990,36.127
Estonia,EST,1991,36.014
Estonia,EST,1992,35.435
Estonia,EST,1993,34.61
Estonia,EST,1994,33.951
Estonia,EST,1995,33.423
Estonia,EST,1996,33.006
Estonia,EST,1997,32.704
Estonia,EST,1998,32.467
Estonia,EST,1999,32.291
Estonia,EST,2000,32.14
Estonia,EST,2001,31.937
Estonia,EST,2002,31.736
Estonia,EST,2003,31.538
Estonia,EST,2004,31.35
Estonia,EST,2005,31.17
Estonia,EST,2006,30.987
Estonia,EST,2007,30.845
Estonia,EST,2008,30.761
Estonia,EST,2009,30.703
Estonia,EST,2010,30.632
Estonia,EST,2011,30.538
Estonia,EST,2012,30.429
Estonia,EST,2013,30.321
Estonia,EST,2014,30.241
Estonia,EST,2015,30.244
Estonia,EST,2016,30.273
Estonia,EST,2017,30.309
Estonia,EST,2018,30.414
Estonia,EST,2019,30.526
Estonia,EST,2020,30.591
Estonia,EST,2021,30.639
Estonia,EST,2022,31.061
Estonia,EST,2023,31.454
Eswatini,SWZ,1950,15.646
Eswatini,SWZ,1951,16.046
Eswatini,SWZ,1952,16.45
Eswatini,SWZ,1953,16.86
Eswatini,SWZ,1954,17.274
Eswatini,SWZ,1955,17.694
Eswatini,SWZ,1956,18.12
Eswatini,SWZ,1957,18.552
Eswatini,SWZ,1958,18.992
Eswatini,SWZ,1959,19.438
Eswatini,SWZ,1960,19.889
Eswatini,SWZ,1961,20.346
Eswatini,SWZ,1962,20.812
Eswatini,SWZ,1963,21.296
Eswatini,SWZ,1964,21.808
Eswatini,SWZ,1965,22.366
Eswatini,SWZ,1966,22.966
Eswatini,SWZ,1967,23.558
Eswatini,SWZ,1968,24.14
Eswatini,SWZ,1969,24.758
Eswatini,SWZ,1970,25.411
Eswatini,SWZ,1971,26.1
Eswatini,SWZ,1972,26.826
Eswatini,SWZ,1973,27.59
Eswatini,SWZ,1974,28.393
Eswatini,SWZ,1975,29.239
Eswatini,SWZ,1976,30.141
Eswatini,SWZ,1977,31.121
Eswatini,SWZ,1978,32.163
Eswatini,SWZ,1979,33.243
Eswatini,SWZ,1980,34.363
Eswatini,SWZ,1981,35.524
Eswatini,SWZ,1982,36.725
Eswatini,SWZ,1983,37.952
Eswatini,SWZ,1984,39.209
Eswatini,SWZ,1985,40.672
Eswatini,SWZ,1986,42.316
Eswatini,SWZ,1987,43.991
Eswatini,SWZ,1988,46.063
Eswatini,SWZ,1989,48.252
Eswatini,SWZ,1990,50.246
Eswatini,SWZ,1991,52.306
Eswatini,SWZ,1992,54.335
Eswatini,SWZ,1993,55.942
Eswatini,SWZ,1994,55.936
Eswatini,SWZ,1995,55.891
Eswatini,SWZ,1996,57.009
Eswatini,SWZ,1997,57.976
Eswatini,SWZ,1998,58.726
Eswatini,SWZ,1999,59.367
Eswatini,SWZ,2000,59.979
Eswatini,SWZ,2001,60.535
Eswatini,SWZ,2002,61.017
Eswatini,SWZ,2003,61.435
Eswatini,SWZ,2004,61.807
Eswatini,SWZ,2005,62.145
Eswatini,SWZ,2006,62.457
Eswatini,SWZ,2007,62.818
Eswatini,SWZ,2008,63.243
Eswatini,SWZ,2009,63.65
Eswatini,SWZ,2010,64.024
Eswatini,SWZ,2011,64.38
Eswatini,SWZ,2012,64.727
Eswatini,SWZ,2013,65.08
Eswatini,SWZ,2014,65.444
Eswatini,SWZ,2015,65.819
Eswatini,SWZ,2016,66.204
Eswatini,SWZ,2017,66.705
Eswatini,SWZ,2018,67.323
Eswatini,SWZ,2019,67.953
Eswatini,SWZ,2020,68.694
Eswatini,SWZ,2021,69.492
Eswatini,SWZ,2022,70.202
Eswatini,SWZ,2023,70.869
Ethiopia,ETH,1950,17.67
Ethiopia,ETH,1951,17.989
Ethiopia,ETH,1952,18.326
Ethiopia,ETH,1953,18.675
Ethiopia,ETH,1954,19.038
Ethiopia,ETH,1955,19.42
Ethiopia,ETH,1956,19.819
Ethiopia,ETH,1957,20.174
Ethiopia,ETH,1958,20.48
Ethiopia,ETH,1959,20.878
Ethiopia,ETH,1960,21.377
Ethiopia,ETH,1961,21.906
Ethiopia,ETH,1962,22.465
Ethiopia,ETH,1963,23.052
Ethiopia,ETH,1964,23.667
Ethiopia,ETH,1965,24.311
Ethiopia,ETH,1966,24.953
Ethiopia,ETH,1967,25.62
Ethiopia,ETH,1968,26.338
Ethiopia,ETH,1969,27.073
Ethiopia,ETH,1970,27.829
Ethiopia,ETH,1971,28.6
Ethiopia,ETH,1972,29.375
Ethiopia,ETH,1973,30.167
Ethiopia,ETH,1974,30.957
Ethiopia,ETH,1975,31.723
Ethiopia,ETH,1976,32.534
Ethiopia,ETH,1977,33.167
Ethiopia,ETH,1978,33.735
Ethiopia,ETH,1979,34.239
Ethiopia,ETH,1980,34.429
Ethiopia,ETH,1981,35.304
Ethiopia,ETH,1982,36.701
Ethiopia,ETH,1983,37.741
Ethiopia,ETH,1984,38.736
Ethiopia,ETH,1985,39.842
Ethiopia,ETH,1986,41.038
Ethiopia,ETH,1987,42.46
Ethiopia,ETH,1988,44.151
Ethiopia,ETH,1989,45.88
Ethiopia,ETH,1990,47.61
Ethiopia,ETH,1991,49.717
Ethiopia,ETH,1992,51.854
Ethiopia,ETH,1993,53.709
Ethiopia,ETH,1994,55.612
Ethiopia,ETH,1995,57.537
Ethiopia,ETH,1996,59.468
Ethiopia,ETH,1997,61.405
Ethiopia,ETH,1998,63.364
Ethiopia,ETH,1999,65.375
Ethiopia,ETH,2000,67.411
Ethiopia,ETH,2001,69.488
Ethiopia,ETH,2002,71.636
Ethiopia,ETH,2003,73.833
Ethiopia,ETH,2004,76.077
Ethiopia,ETH,2005,78.367
Ethiopia,ETH,2006,80.703
Ethiopia,ETH,2007,83.103
Ethiopia,ETH,2008,85.544
Ethiopia,ETH,2009,88.008
Ethiopia,ETH,2010,90.539
Ethiopia,ETH,2011,93.15
Ethiopia,ETH,2012,95.799
Ethiopia,ETH,2013,98.439
Ethiopia,ETH,2014,101.116
Ethiopia,ETH,2015,103.867
Ethiopia,ETH,2016,106.718
Ethiopia,ETH,2017,109.666
Ethiopia,ETH,2018,112.664
Ethiopia,ETH,2019,115.737
Ethiopia,ETH,2020,118.918
Ethiopia,ETH,2021,122.139
Ethiopia,ETH,2022,125.384
Ethiopia,ETH,2023,128.692
Europe (UN),UN_EUR,1950,24.855
Europe (UN),UN_EUR,1951,25.08
Europe (UN),UN_EUR,1952,25.305
Europe (UN),UN_EUR,1953,25.547
Europe (UN),UN_EUR,1954,25.801
Europe (UN),UN_EUR,1955,26.059
Europe (UN),UN_EUR,1956,26.318
Europe (UN),UN_EUR,1957,26.591
Europe (UN),UN_EUR,1958,26.882
Europe (UN),UN_EUR,1959,27.163
Europe (UN),UN_EUR,1960,27.434
Europe (UN),UN_EUR,1961,27.708
Europe (UN),UN_EUR,1962,27.978
Europe (UN),UN_EUR,1963,28.239
Europe (UN),UN_EUR,1964,28.491
Europe (UN),UN_EUR,1965,28.729
Europe (UN),UN_EUR,1966,28.956
Europe (UN),UN_EUR,1967,29.168
Europe (UN),UN_EUR,1968,29.372
Europe (UN),UN_EUR,1969,29.577
Europe (UN),UN_EUR,1970,29.752
Europe (UN),UN_EUR,1971,29.931
Europe (UN),UN_EUR,1972,30.138
Europe (UN),UN_EUR,1973,30.332
Europe (UN),UN_EUR,1974,30.51
Europe (UN),UN_EUR,1975,30.67
Europe (UN),UN_EUR,1976,30.823
Europe (UN),UN_EUR,1977,30.979
Europe (UN),UN_EUR,1978,31.13
Europe (UN),UN_EUR,1979,31.28
Europe (UN),UN_EUR,1980,31.44
Europe (UN),UN_EUR,1981,31.59
Europe (UN),UN_EUR,1982,31.72
Europe (UN),UN_EUR,1983,31.848
Europe (UN),UN_EUR,1984,31.976
Europe (UN),UN_EUR,1985,32.104
Europe (UN),UN_EUR,1986,32.242
Europe (UN),UN_EUR,1987,32.386
Europe (UN),UN_EUR,1988,32.531
Europe (UN),UN_EUR,1989,32.67
Europe (UN),UN_EUR,1990,32.792
Europe (UN),UN_EUR,1991,32.899
Europe (UN),UN_EUR,1992,32.95
Europe (UN),UN_EUR,1993,32.968
Europe (UN),UN_EUR,1994,33.007
Europe (UN),UN_EUR,1995,33.03
Europe (UN),UN_EUR,1996,33.029
Europe (UN),UN_EUR,1997,33.032
Europe (UN),UN_EUR,1998,33.006
Europe (UN),UN_EUR,1999,32.977
Europe (UN),UN_EUR,2000,32.975
Europe (UN),UN_EUR,2001,32.978
Europe (UN),UN_EUR,2002,33.018
Europe (UN),UN_EUR,2003,33.075
Europe (UN),UN_EUR,2004,33.114
Europe (UN),UN_EUR,2005,33.151
Europe (UN),UN_EUR,2006,33.179
Europe (UN),UN_EUR,2007,33.234
Europe (UN),UN_EUR,2008,33.309
Europe (UN),UN_EUR,2009,33.372
Europe (UN),UN_EUR,2010,33.427
Europe (UN),UN_EUR,2011,33.482
Europe (UN),UN_EUR,2012,33.531
Europe (UN),UN_EUR,2013,33.577
Europe (UN),UN_EUR,2014,33.63
Europe (UN),UN_EUR,2015,33.703
Europe (UN),UN_EUR,2016,33.783
Europe (UN),UN_EUR,2017,33.847
Europe (UN),UN_EUR,2018,33.899
Europe (UN),UN_EUR,2019,33.941
Europe (UN),UN_EUR,2020,33.942
Europe (UN),UN_EUR,2021,33.901
Europe (UN),UN_EUR,2022,33.826
Europe (UN),UN_EUR,2023,33.764
Falkland Islands,FLK,1950,0.18
Falkland Islands,FLK,1951,0.181
Falkland Islands,FLK,1952,0.182
Falkland Islands,FLK,1953,0.181
Falkland Islands,FLK,1954,0.18
Falkland Islands,FLK,1955,0.179
Falkland Islands,FLK,1956,0.18
Falkland Islands,FLK,1957,0.181
Falkland Islands,FLK,1958,0.182
Falkland Islands,FLK,1959,0.184
Falkland Islands,FLK,1960,0.186
Falkland Islands,FLK,1961,0.188
Falkland Islands,FLK,1962,0.189
Falkland Islands,FLK,1963,0.189
Falkland Islands,FLK,1964,0.189
Falkland Islands,FLK,1965,0.189
Falkland Islands,FLK,1966,0.189
Falkland Islands,FLK,1967,0.188
Falkland Islands,FLK,1968,0.187
Falkland Islands,FLK,1969,0.187
Falkland Islands,FLK,1970,0.187
Falkland Islands,FLK,1971,0.187
Falkland Islands,FLK,1972,0.187
Falkland Islands,FLK,1973,0.188
Falkland Islands,FLK,1974,0.188
Falkland Islands,FLK,1975,0.188
Falkland Islands,FLK,1976,0.189
Falkland Islands,FLK,1977,0.188
Falkland Islands,FLK,1978,0.187
Falkland Islands,FLK,1979,0.186
Falkland Islands,FLK,1980,0.185
Falkland Islands,FLK,1981,0.185
Falkland Islands,FLK,1982,0.185
Falkland Islands,FLK,1983,0.185
Falkland Islands,FLK,1984,0.185
Falkland Islands,FLK,1985,0.184
Falkland Islands,FLK,1986,0.184
Falkland Islands,FLK,1987,0.186
Falkland Islands,FLK,1988,0.188
Falkland Islands,FLK,1989,0.191
Falkland Islands,FLK,1990,0.193
Falkland Islands,FLK,1991,0.197
Falkland Islands,FLK,1992,0.204
Falkland Islands,FLK,1993,0.212
Falkland Islands,FLK,1994,0.219
Falkland Islands,FLK,1995,0.227
Falkland Islands,FLK,1996,0.234
Falkland Islands,FLK,1997,0.239
Falkland Islands,FLK,1998,0.244
Falkland Islands,FLK,1999,0.25
Falkland Islands,FLK,2000,0.254
Falkland Islands,FLK,2001,0.258
Falkland Islands,FLK,2002,0.26
Falkland Islands,FLK,2003,0.262
Falkland Islands,FLK,2004,0.263
Falkland Islands,FLK,2005,0.264
Falkland Islands,FLK,2006,0.265
Falkland Islands,FLK,2007,0.265
Falkland Islands,FLK,2008,0.265
Falkland Islands,FLK,2009,0.264
Falkland Islands,FLK,2010,0.263
Falkland Islands,FLK,2011,0.262
Falkland Islands,FLK,2012,0.263
Falkland Islands,FLK,2013,0.268
Falkland Islands,FLK,2014,0.274
Falkland Islands,FLK,2015,0.28
Falkland Islands,FLK,2016,0.286
Falkland Islands,FLK,2017,0.289
Falkland Islands,FLK,2018,0.289
Falkland Islands,FLK,2019,0.289
Falkland Islands,FLK,2020,0.288
Falkland Islands,FLK,2021,0.287
Falkland Islands,FLK,2022,0.287
Falkland Islands,FLK,2023,0.286
Faroe Islands,FRO,1950,22.862
Faroe Islands,FRO,1951,23.035
Faroe Islands,FRO,1952,23.116
Faroe Islands,FRO,1953,23.136
Faroe Islands,FRO,1954,23.154
Faroe Islands,FRO,1955,23.186
Faroe Islands,FRO,1956,23.339
Faroe Islands,FRO,1957,23.629
Faroe Islands,FRO,1958,23.952
Faroe Islands,FRO,1959,24.297
Faroe Islands,FRO,1960,24.641
Faroe Islands,FRO,1961,24.951
Faroe Islands,FRO,1962,25.244
Faroe Islands,FRO,1963,25.553
Faroe Islands,FRO,1964,25.883
Faroe Islands,FRO,1965,26.243
Faroe Islands,FRO,1966,26.582
Faroe Islands,FRO,1967,26.86
Faroe Islands,FRO,1968,27.119
Faroe Islands,FRO,1969,27.369
Faroe Islands,FRO,1970,27.631
Faroe Islands,FRO,1971,27.944
Faroe Islands,FRO,1972,28.283
Faroe Islands,FRO,1973,28.618
Faroe Islands,FRO,1974,28.957
Faroe Islands,FRO,1975,29.291
Faroe Islands,FRO,1976,29.617
Faroe Islands,FRO,1977,29.941
Faroe Islands,FRO,1978,30.302
Faroe Islands,FRO,1979,30.701
Faroe Islands,FRO,1980,31.099
Faroe Islands,FRO,1981,31.499
Faroe Islands,FRO,1982,31.892
Faroe Islands,FRO,1983,32.253
Faroe Islands,FRO,1984,32.593
Faroe Islands,FRO,1985,32.908
Faroe Islands,FRO,1986,33.214
Faroe Islands,FRO,1987,33.544
Faroe Islands,FRO,1988,33.901
Faroe Islands,FRO,1989,34.303
Faroe Islands,FRO,1990,34.294
Faroe Islands,FRO,1991,33.802
Faroe Islands,FRO,1992,33.229
Faroe Islands,FRO,1993,32.588
Faroe Islands,FRO,1994,31.892
Faroe Islands,FRO,1995,31.652
Faroe Islands,FRO,1996,31.897
Faroe Islands,FRO,1997,32.159
Faroe Islands,FRO,1998,32.414
Faroe Islands,FRO,1999,32.647
Faroe Islands,FRO,2000,32.969
Faroe Islands,FRO,2001,33.386
Faroe Islands,FRO,2002,33.81
Faroe Islands,FRO,2003,34.241
Faroe Islands,FRO,2004,34.67
Faroe Islands,FRO,2005,34.917
Faroe Islands,FRO,2006,34.966
Faroe Islands,FRO,2007,34.999
Faroe Islands,FRO,2008,35.017
Faroe Islands,FRO,2009,35.01
Faroe Islands,FRO,2010,34.779
Faroe Islands,FRO,2011,34.609
Faroe Islands,FRO,2012,34.723
Faroe Islands,FRO,2013,34.859
Faroe Islands,FRO,2014,35.011
Faroe Islands,FRO,2015,35.302
Faroe Islands,FRO,2016,35.756
Faroe Islands,FRO,2017,36.277
Faroe Islands,FRO,2018,36.848
Faroe Islands,FRO,2019,37.431
Faroe Islands,FRO,2020,37.969
Faroe Islands,FRO,2021,38.484
Faroe Islands,FRO,2022,38.997
Faroe Islands,FRO,2023,39.504
Fiji,FJI,1950,16.941
Fiji,FJI,1951,17.303
Fiji,FJI,1952,17.699
Fiji,FJI,1953,18.129
Fiji,FJI,1954,18.596
Fiji,FJI,1955,19.106
Fiji,FJI,1956,19.661
Fiji,FJI,1957,20.247
Fiji,FJI,1958,20.858
Fiji,FJI,1959,21.498
Fiji,FJI,1960,22.161
Fiji,FJI,1961,22.846
Fiji,FJI,1962,23.565
Fiji,FJI,1963,24.317
Fiji,FJI,1964,25.086
Fiji,FJI,1965,25.866
Fiji,FJI,1966,26.628
Fiji,FJI,1967,27.306
Fiji,FJI,1968,27.915
Fiji,FJI,1969,28.506
Fiji,FJI,1970,29.074
Fiji,FJI,1971,29.618
Fiji,FJI,1972,30.131
Fiji,FJI,1973,30.609
Fiji,FJI,1974,31.061
Fiji,FJI,1975,31.522
Fiji,FJI,1976,32.049
Fiji,FJI,1977,32.721
Fiji,FJI,1978,33.503
Fiji,FJI,1979,34.311
Fiji,FJI,1980,35.138
Fiji,FJI,1981,35.986
Fiji,FJI,1982,36.859
Fiji,FJI,1983,37.758
Fiji,FJI,1984,38.682
Fiji,FJI,1985,39.615
Fiji,FJI,1986,40.466
Fiji,FJI,1987,41.08
Fiji,FJI,1988,41.527
Fiji,FJI,1989,41.944
Fiji,FJI,1990,42.327
Fiji,FJI,1991,42.674
Fiji,FJI,1992,42.986
Fiji,FJI,1993,43.26
Fiji,FJI,1994,43.501
Fiji,FJI,1995,43.719
Fiji,FJI,1996,43.995
Fiji,FJI,1997,44.452
Fiji,FJI,1998,45.006
Fiji,FJI,1999,45.53
Fiji,FJI,2000,46.027
Fiji,FJI,2001,46.502
Fiji,FJI,2002,46.965
Fiji,FJI,2003,47.416
Fiji,FJI,2004,47.858
Fiji,FJI,2005,48.297
Fiji,FJI,2006,48.734
Fiji,FJI,2007,49.142
Fiji,FJI,2008,49.447
Fiji,FJI,2009,49.657
Fiji,FJI,2010,49.831
Fiji,FJI,2011,49.972
Fiji,FJI,2012,50.078
Fiji,FJI,2013,50.156
Fiji,FJI,2014,50.224
Fiji,FJI,2015,50.278
Fiji,FJI,2016,50.31
Fiji,FJI,2017,50.288
Fiji,FJI,2018,50.201
Fiji,FJI,2019,50.077
Fiji,FJI,2020,50.08
Fiji,FJI,2021,50.176
Fiji,FJI,2022,50.324
Fiji,FJI,2023,50.583
Finland,FIN,1950,13.256
Finland,FIN,1951,13.386
Finland,FIN,1952,13.529
Finland,FIN,1953,13.691
Finland,FIN,1954,13.848
Finland,FIN,1955,14.006
Finland,FIN,1956,14.161
Finland,FIN,1957,14.301
Finland,FIN,1958,14.419
Finland,FIN,1959,14.534
Finland,FIN,1960,14.649
Finland,FIN,1961,14.753
Finland,FIN,1962,14.855
Finland,FIN,1963,14.961
Finland,FIN,1964,15.044
Finland,FIN,1965,15.094
Finland,FIN,1966,15.151
Finland,FIN,1967,15.235
Finland,FIN,1968,15.303
Finland,FIN,1969,15.292
Finland,FIN,1970,15.234
Finland,FIN,1971,15.253
Finland,FIN,1972,15.343
Finland,FIN,1973,15.431
Finland,FIN,1974,15.512
Finland,FIN,1975,15.58
Finland,FIN,1976,15.627
Finland,FIN,1977,15.671
Finland,FIN,1978,15.716
Finland,FIN,1979,15.757
Finland,FIN,1980,15.806
Finland,FIN,1981,15.874
Finland,FIN,1982,15.963
Finland,FIN,1983,16.059
Finland,FIN,1984,16.145
Finland,FIN,1985,16.212
Finland,FIN,1986,16.265
Finland,FIN,1987,16.312
Finland,FIN,1988,16.359
Finland,FIN,1989,16.418
Finland,FIN,1990,16.491
Finland,FIN,1991,16.581
Finland,FIN,1992,16.675
Finland,FIN,1993,16.756
Finland,FIN,1994,16.828
Finland,FIN,1995,16.892
Finland,FIN,1996,16.948
Finland,FIN,1997,16.998
Finland,FIN,1998,17.043
Finland,FIN,1999,17.083
Finland,FIN,2000,17.118
Finland,FIN,2001,17.157
Finland,FIN,2002,17.199
Finland,FIN,2003,17.24
Finland,FIN,2004,17.29
Finland,FIN,2005,17.349
Finland,FIN,2006,17.416
Finland,FIN,2007,17.49
Finland,FIN,2008,17.572
Finland,FIN,2009,17.656
Finland,FIN,2010,17.737
Finland,FIN,2011,17.819
Finland,FIN,2012,17.905
Finland,FIN,2013,17.988
Finland,FIN,2014,18.062
Finland,FIN,2015,18.122
Finland,FIN,2016,18.174
Finland,FIN,2017,18.217
Finland,FIN,2018,18.241
Finland,FIN,2019,18.261
Finland,FIN,2020,18.287
Finland,FIN,2021,18.325
Finland,FIN,2022,18.418
Finland,FIN,2023,18.524
France,FRA,1950,75.961
France,FRA,1951,76.778
France,FRA,1952,77.588
France,FRA,1953,78.399
France,FRA,1954,79.214
France,FRA,1955,80.047
France,FRA,1956,80.867
France,FRA,1957,81.679
France,FRA,1958,82.508
France,FRA,1959,83.361
France,FRA,1960,84.204
France,FRA,1961,85.048
France,FRA,1962,85.88
France,FRA,1963,86.724
France,FRA,1964,87.633
France,FRA,1965,88.456
France,FRA,1966,89.203
France,FRA,1967,89.911
France,FRA,1968,90.586
France,FRA,1969,91.326
France,FRA,1970,92.156
France,FRA,1971,93.027
France,FRA,1972,93.844
France,FRA,1973,94.603
France,FRA,1974,95.224
France,FRA,1975,95.662
France,FRA,1976,96.048
France,FRA,1977,96.48
France,FRA,1978,96.902
France,FRA,1979,97.321
France,FRA,1980,97.829
France,FRA,1981,98.399
France,FRA,1982,98.992
France,FRA,1983,99.549
France,FRA,1984,100.07
France,FRA,1985,100.597
France,FRA,1986,101.115
France,FRA,1987,101.651
France,FRA,1988,102.22
France,FRA,1989,102.806
France,FRA,1990,103.359
France,FRA,1991,103.87
France,FRA,1992,104.383
France,FRA,1993,104.83
France,FRA,1994,105.19
France,FRA,1995,105.539
France,FRA,1996,105.881
France,FRA,1997,106.222
France,FRA,1998,106.603
France,FRA,1999,107.157
France,FRA,2000,107.882
France,FRA,2001,108.646
France,FRA,2002,109.411
France,FRA,2003,110.162
France,FRA,2004,110.949
France,FRA,2005,111.765
France,FRA,2006,112.536
France,FRA,2007,113.229
France,FRA,2008,113.86
France,FRA,2009,114.452
France,FRA,2010,115.016
France,FRA,2011,115.59
France,FRA,2012,116.178
France,FRA,2013,116.776
France,FRA,2014,117.328
France,FRA,2015,117.734
France,FRA,2016,118.044
France,FRA,2017,118.403
France,FRA,2018,118.828
France,FRA,2019,119.209
France,FRA,2020,119.528
France,FRA,2021,119.851
France,FRA,2022,120.203
France,FRA,2023,120.496
French Guiana,GUF,1950,0.285
French Guiana,GUF,1951,0.288
French Guiana,GUF,1952,0.292
French Guiana,GUF,1953,0.296
French Guiana,GUF,1954,0.301
French Guiana,GUF,1955,0.309
French Guiana,GUF,1956,0.322
French Guiana,GUF,1957,0.335
French Guiana,GUF,1958,0.349
French Guiana,GUF,1959,0.363
French Guiana,GUF,1960,0.378
French Guiana,GUF,1961,0.394
French Guiana,GUF,1962,0.411
French Guiana,GUF,1963,0.43
French Guiana,GUF,1964,0.449
French Guiana,GUF,1965,0.471
French Guiana,GUF,1966,0.492
French Guiana,GUF,1967,0.514
French Guiana,GUF,1968,0.531
French Guiana,GUF,1969,0.547
French Guiana,GUF,1970,0.563
French Guiana,GUF,1971,0.581
French Guiana,GUF,1972,0.599
French Guiana,GUF,1973,0.617
French Guiana,GUF,1974,0.638
French Guiana,GUF,1975,0.663
French Guiana,GUF,1976,0.69
French Guiana,GUF,1977,0.718
French Guiana,GUF,1978,0.747
French Guiana,GUF,1979,0.777
French Guiana,GUF,1980,0.807
French Guiana,GUF,1981,0.839
French Guiana,GUF,1982,0.879
French Guiana,GUF,1983,0.931
French Guiana,GUF,1984,0.988
French Guiana,GUF,1985,1.047
French Guiana,GUF,1986,1.109
French Guiana,GUF,1987,1.173
French Guiana,GUF,1988,1.239
French Guiana,GUF,1989,1.309
French Guiana,GUF,1990,1.371
French Guiana,GUF,1991,1.423
French Guiana,GUF,1992,1.475
French Guiana,GUF,1993,1.529
French Guiana,GUF,1994,1.583
French Guiana,GUF,1995,1.638
French Guiana,GUF,1996,1.693
French Guiana,GUF,1997,1.748
French Guiana,GUF,1998,1.805
French Guiana,GUF,1999,1.87
French Guiana,GUF,2000,1.954
French Guiana,GUF,2001,2.05
French Guiana,GUF,2002,2.15
French Guiana,GUF,2003,2.252
French Guiana,GUF,2004,2.356
French Guiana,GUF,2005,2.463
French Guiana,GUF,2006,2.567
French Guiana,GUF,2007,2.666
French Guiana,GUF,2008,2.751
French Guiana,GUF,2009,2.807
French Guiana,GUF,2010,2.854
French Guiana,GUF,2011,2.914
French Guiana,GUF,2012,2.99
French Guiana,GUF,2013,3.081
French Guiana,GUF,2014,3.17
French Guiana,GUF,2015,3.24
French Guiana,GUF,2016,3.3
French Guiana,GUF,2017,3.359
French Guiana,GUF,2018,3.418
French Guiana,GUF,2019,3.474
French Guiana,GUF,2020,3.516
French Guiana,GUF,2021,3.565
French Guiana,GUF,2022,3.629
French Guiana,GUF,2023,3.691
French Polynesia,PYF,1950,17.465
French Polynesia,PYF,1951,17.89
French Polynesia,PYF,1952,18.353
French Polynesia,PYF,1953,18.862
French Polynesia,PYF,1954,19.424
French Polynesia,PYF,1955,20.046
French Polynesia,PYF,1956,20.718
French Polynesia,PYF,1957,21.292
French Polynesia,PYF,1958,21.756
French Polynesia,PYF,1959,22.231
French Polynesia,PYF,1960,22.712
French Polynesia,PYF,1961,23.191
French Polynesia,PYF,1962,23.687
French Polynesia,PYF,1963,24.358
French Polynesia,PYF,1964,25.196
French Polynesia,PYF,1965,26.063
French Polynesia,PYF,1966,26.96
French Polynesia,PYF,1967,27.892
French Polynesia,PYF,1968,28.869
French Polynesia,PYF,1969,29.889
French Polynesia,PYF,1970,30.947
French Polynesia,PYF,1971,32.016
French Polynesia,PYF,1972,33.085
French Polynesia,PYF,1973,34.174
French Polynesia,PYF,1974,35.277
French Polynesia,PYF,1975,36.386
French Polynesia,PYF,1976,37.49
French Polynesia,PYF,1977,38.63
French Polynesia,PYF,1978,39.854
French Polynesia,PYF,1979,41.143
French Polynesia,PYF,1980,42.473
French Polynesia,PYF,1981,43.84
French Polynesia,PYF,1982,45.235
French Polynesia,PYF,1983,46.62
French Polynesia,PYF,1984,47.901
French Polynesia,PYF,1985,49.128
French Polynesia,PYF,1986,50.399
French Polynesia,PYF,1987,51.696
French Polynesia,PYF,1988,52.984
French Polynesia,PYF,1989,54.192
French Polynesia,PYF,1990,55.314
French Polynesia,PYF,1991,56.391
French Polynesia,PYF,1992,57.426
French Polynesia,PYF,1993,58.42
French Polynesia,PYF,1994,59.375
French Polynesia,PYF,1995,60.293
French Polynesia,PYF,1996,61.208
French Polynesia,PYF,1997,62.194
French Polynesia,PYF,1998,63.217
French Polynesia,PYF,1999,64.222
French Polynesia,PYF,2000,65.238
French Polynesia,PYF,2001,66.259
French Polynesia,PYF,2002,67.257
French Polynesia,PYF,2003,68.305
French Polynesia,PYF,2004,69.396
French Polynesia,PYF,2005,70.442
French Polynesia,PYF,2006,71.45
French Polynesia,PYF,2007,72.323
French Polynesia,PYF,2008,72.85
French Polynesia,PYF,2009,73.149
French Polynesia,PYF,2010,73.447
French Polynesia,PYF,2011,73.759
French Polynesia,PYF,2012,74.127
French Polynesia,PYF,2013,74.573
French Polynesia,PYF,2014,75.024
French Polynesia,PYF,2015,75.425
French Polynesia,PYF,2016,75.781
French Polynesia,PYF,2017,76.028
French Polynesia,PYF,2018,75.954
French Polynesia,PYF,2019,75.742
French Polynesia,PYF,2020,75.79
French Polynesia,PYF,2021,75.948
French Polynesia,PYF,2022,76.107
French Polynesia,PYF,2023,76.308
Gabon,GAB,1950,1.835
Gabon,GAB,1951,1.846
Gabon,GAB,1952,1.857
Gabon,GAB,1953,1.87
Gabon,GAB,1954,1.883
Gabon,GAB,1955,1.897
Gabon,GAB,1956,1.912
Gabon,GAB,1957,1.929
Gabon,GAB,1958,1.947
Gabon,GAB,1959,1.967
Gabon,GAB,1960,1.988
Gabon,GAB,1961,2.011
Gabon,GAB,1962,2.036
Gabon,GAB,1963,2.063
Gabon,GAB,1964,2.09
Gabon,GAB,1965,2.12
Gabon,GAB,1966,2.152
Gabon,GAB,1967,2.185
Gabon,GAB,1968,2.221
Gabon,GAB,1969,2.264
Gabon,GAB,1970,2.312
Gabon,GAB,1971,2.361
Gabon,GAB,1972,2.41
Gabon,GAB,1973,2.46
Gabon,GAB,1974,2.514
Gabon,GAB,1975,2.57
Gabon,GAB,1976,2.63
Gabon,GAB,1977,2.693
Gabon,GAB,1978,2.76
Gabon,GAB,1979,2.831
Gabon,GAB,1980,2.904
Gabon,GAB,1981,2.982
Gabon,GAB,1982,3.063
Gabon,GAB,1983,3.147
Gabon,GAB,1984,3.235
Gabon,GAB,1985,3.325
Gabon,GAB,1986,3.418
Gabon,GAB,1987,3.514
Gabon,GAB,1988,3.613
Gabon,GAB,1989,3.715
Gabon,GAB,1990,3.818
Gabon,GAB,1991,3.923
Gabon,GAB,1992,4.03
Gabon,GAB,1993,4.139
Gabon,GAB,1994,4.249
Gabon,GAB,1995,4.359
Gabon,GAB,1996,4.471
Gabon,GAB,1997,4.585
Gabon,GAB,1998,4.703
Gabon,GAB,1999,4.824
Gabon,GAB,2000,4.95
Gabon,GAB,2001,5.082
Gabon,GAB,2002,5.22
Gabon,GAB,2003,5.365
Gabon,GAB,2004,5.517
Gabon,GAB,2005,5.68
Gabon,GAB,2006,5.854
Gabon,GAB,2007,6.04
Gabon,GAB,2008,6.237
Gabon,GAB,2009,6.448
Gabon,GAB,2010,6.675
Gabon,GAB,2011,6.916
Gabon,GAB,2012,7.168
Gabon,GAB,2013,7.424
Gabon,GAB,2014,7.678
Gabon,GAB,2015,7.921
Gabon,GAB,2016,8.151
Gabon,GAB,2017,8.371
Gabon,GAB,2018,8.586
Gabon,GAB,2019,8.801
Gabon,GAB,2020,9.014
Gabon,GAB,2021,9.224
Gabon,GAB,2022,9.434
Gabon,GAB,2023,9.643
Gambia,GMB,1950,30.31
Gambia,GMB,1951,31.076
Gambia,GMB,1952,31.881
Gambia,GMB,1953,32.716
Gambia,GMB,1954,33.578
Gambia,GMB,1955,34.465
Gambia,GMB,1956,35.378
Gambia,GMB,1957,36.319
Gambia,GMB,1958,37.29
Gambia,GMB,1959,38.295
Gambia,GMB,1960,39.334
Gambia,GMB,1961,40.408
Gambia,GMB,1962,41.518
Gambia,GMB,1963,42.664
Gambia,GMB,1964,43.843
Gambia,GMB,1965,45.054
Gambia,GMB,1966,46.296
Gambia,GMB,1967,47.588
Gambia,GMB,1968,48.94
Gambia,GMB,1969,50.34
Gambia,GMB,1970,51.789
Gambia,GMB,1971,53.299
Gambia,GMB,1972,54.878
Gambia,GMB,1973,56.521
Gambia,GMB,1974,58.21
Gambia,GMB,1975,59.962
Gambia,GMB,1976,61.825
Gambia,GMB,1977,63.811
Gambia,GMB,1978,65.919
Gambia,GMB,1979,68.16
Gambia,GMB,1980,70.545
Gambia,GMB,1981,73.036
Gambia,GMB,1982,75.667
Gambia,GMB,1983,78.51
Gambia,GMB,1984,81.584
Gambia,GMB,1985,84.869
Gambia,GMB,1986,88.342
Gambia,GMB,1987,92.005
Gambia,GMB,1988,95.866
Gambia,GMB,1989,99.937
Gambia,GMB,1990,104.219
Gambia,GMB,1991,108.692
Gambia,GMB,1992,113.2
Gambia,GMB,1993,117.427
Gambia,GMB,1994,121.267
Gambia,GMB,1995,124.932
Gambia,GMB,1996,128.598
Gambia,GMB,1997,132.301
Gambia,GMB,1998,136.066
Gambia,GMB,1999,139.899
Gambia,GMB,2000,143.783
Gambia,GMB,2001,147.728
Gambia,GMB,2002,151.748
Gambia,GMB,2003,155.89
Gambia,GMB,2004,160.209
Gambia,GMB,2005,164.727
Gambia,GMB,2006,169.494
Gambia,GMB,2007,174.484
Gambia,GMB,2008,179.63
Gambia,GMB,2009,184.923
Gambia,GMB,2010,190.378
Gambia,GMB,2011,196.026
Gambia,GMB,2012,201.887
Gambia,GMB,2013,207.887
Gambia,GMB,2014,213.886
Gambia,GMB,2015,219.815
Gambia,GMB,2016,225.669
Gambia,GMB,2017,231.442
Gambia,GMB,2018,237.118
Gambia,GMB,2019,242.771
Gambia,GMB,2020,248.59
Gambia,GMB,2021,254.546
Gambia,GMB,2022,260.521
Gambia,GMB,2023,266.586
Georgia,GEO,1950,50.33
Georgia,GEO,1951,50.96
Georgia,GEO,1952,51.616
Georgia,GEO,1953,52.295
Georgia,GEO,1954,52.996
Georgia,GEO,1955,53.735
Georgia,GEO,1956,54.534
Georgia,GEO,1957,55.397
Georgia,GEO,1958,56.319
Georgia,GEO,1959,57.299
Georgia,GEO,1960,58.336
Georgia,GEO,1961,59.419
Georgia,GEO,1962,60.522
Georgia,GEO,1963,61.632
Georgia,GEO,1964,62.719
Georgia,GEO,1965,63.74
Georgia,GEO,1966,64.801
Georgia,GEO,1967,65.951
Georgia,GEO,1968,67.112
Georgia,GEO,1969,68.255
Georgia,GEO,1970,69.133
Georgia,GEO,1971,69.696
Georgia,GEO,1972,70.187
Georgia,GEO,1973,70.672
Georgia,GEO,1974,71.156
Georgia,GEO,1975,71.656
Georgia,GEO,1976,72.182
Georgia,GEO,1977,72.723
Georgia,GEO,1978,73.274
Georgia,GEO,1979,73.804
Georgia,GEO,1980,74.335
Georgia,GEO,1981,74.903
Georgia,GEO,1982,75.5
Georgia,GEO,1983,76.129
Georgia,GEO,1984,76.763
Georgia,GEO,1985,77.377
Georgia,GEO,1986,77.984
Georgia,GEO,1987,78.587
Georgia,GEO,1988,79.152
Georgia,GEO,1989,79.143
Georgia,GEO,1990,78.412
Georgia,GEO,1991,77.414
Georgia,GEO,1992,76.186
Georgia,GEO,1993,74.526
Georgia,GEO,1994,72.619
Georgia,GEO,1995,70.884
Georgia,GEO,1996,69.259
Georgia,GEO,1997,67.569
Georgia,GEO,1998,65.858
Georgia,GEO,1999,64.118
Georgia,GEO,2000,62.287
Georgia,GEO,2001,60.579
Georgia,GEO,2002,59.402
Georgia,GEO,2003,58.792
Georgia,GEO,2004,58.369
Georgia,GEO,2005,57.938
Georgia,GEO,2006,57.513
Georgia,GEO,2007,57.096
Georgia,GEO,2008,56.716
Georgia,GEO,2009,56.396
Georgia,GEO,2010,56.065
Georgia,GEO,2011,55.673
Georgia,GEO,2012,55.248
Georgia,GEO,2013,54.815
Georgia,GEO,2014,54.582
Georgia,GEO,2015,54.563
Georgia,GEO,2016,54.57
Georgia,GEO,2017,54.581
Georgia,GEO,2018,54.61
Georgia,GEO,2019,54.637
Georgia,GEO,2020,54.622
Georgia,GEO,2021,54.518
Georgia,GEO,2022,54.609
Georgia,GEO,2023,54.792
Germany,DEU,1950,200.39
Germany,DEU,1951,200.201
Germany,DEU,1952,200.33
Germany,DEU,1953,200.64
Germany,DEU,1954,201.126
Germany,DEU,1955,201.785
Germany,DEU,1956,202.588
Germany,DEU,1957,203.948
Germany,DEU,1958,205.688
Germany,DEU,1959,207.258
Germany,DEU,1960,208.893
Germany,DEU,1961,210.512
Germany,DEU,1962,212.293
Germany,DEU,1963,214.305
Germany,DEU,1964,216.07
Germany,DEU,1965,217.945
Germany,DEU,1966,219.793
Germany,DEU,1967,220.825
Germany,DEU,1968,221.831
Germany,DEU,1969,223.617
Germany,DEU,1970,224.366
Germany,DEU,1971,224.77
Germany,DEU,1972,225.843
Germany,DEU,1973,226.552
Germany,DEU,1974,226.637
Germany,DEU,1975,225.791
Germany,DEU,1976,224.824
Germany,DEU,1977,224.31
Germany,DEU,1978,224.109
Germany,DEU,1979,224.202
Germany,DEU,1980,224.683
Germany,DEU,1981,225.063
Germany,DEU,1982,224.907
Germany,DEU,1983,224.421
Germany,DEU,1984,223.773
Germany,DEU,1985,223.386
Germany,DEU,1986,223.559
Germany,DEU,1987,223.957
Germany,DEU,1988,224.885
Germany,DEU,1989,226.667
Germany,DEU,1990,228.678
Germany,DEU,1991,230.386
Germany,DEU,1992,232.198
Germany,DEU,1993,233.781
Germany,DEU,1994,234.604
Germany,DEU,1995,235.311
Germany,DEU,1996,236.009
Germany,DEU,1997,236.371
Germany,DEU,1998,235.288
Germany,DEU,1999,234.331
Germany,DEU,2000,234.672
Germany,DEU,2001,235.064
Germany,DEU,2002,235.45
Germany,DEU,2003,235.574
Germany,DEU,2004,235.52
Germany,DEU,2005,235.388
Germany,DEU,2006,234.399
Germany,DEU,2007,233.241
Germany,DEU,2008,232.702
Germany,DEU,2009,232.199
Germany,DEU,2010,231.9
Germany,DEU,2011,231.977
Germany,DEU,2012,232.145
Germany,DEU,2013,232.504
Germany,DEU,2014,233.464
Germany,DEU,2015,235.476
Germany,DEU,2016,237.434
Germany,DEU,2017,238.421
Germany,DEU,2018,239.18
Germany,DEU,2019,239.727
Germany,DEU,2020,239.926
Germany,DEU,2021,240.122
Germany,DEU,2022,241.239
Germany,DEU,2023,242.564
Ghana,GHA,1950,22.329
Ghana,GHA,1951,22.981
Ghana,GHA,1952,23.677
Ghana,GHA,1953,24.409
Ghana,GHA,1954,25.18
Ghana,GHA,1955,25.995
Ghana,GHA,1956,26.851
Ghana,GHA,1957,27.742
Ghana,GHA,1958,28.655
Ghana,GHA,1959,29.602
Ghana,GHA,1960,30.593
Ghana,GHA,1961,31.479
Ghana,GHA,1962,32.247
Ghana,GHA,1963,33.026
Ghana,GHA,1964,33.821
Ghana,GHA,1965,34.643
Ghana,GHA,1966,35.486
Ghana,GHA,1967,36.354
Ghana,GHA,1968,37.249
Ghana,GHA,1969,38.193
Ghana,GHA,1970,39.227
Ghana,GHA,1971,40.328
Ghana,GHA,1972,41.479
Ghana,GHA,1973,42.694
Ghana,GHA,1974,43.951
Ghana,GHA,1975,45.242
Ghana,GHA,1976,46.563
Ghana,GHA,1977,47.956
Ghana,GHA,1978,49.435
Ghana,GHA,1979,50.968
Ghana,GHA,1980,52.481
Ghana,GHA,1981,53.976
Ghana,GHA,1982,55.567
Ghana,GHA,1983,57.264
Ghana,GHA,1984,58.761
Ghana,GHA,1985,60.039
Ghana,GHA,1986,61.375
Ghana,GHA,1987,62.798
Ghana,GHA,1988,64.325
Ghana,GHA,1989,65.952
Ghana,GHA,1990,67.657
Ghana,GHA,1991,69.383
Ghana,GHA,1992,71.13
Ghana,GHA,1993,72.908
Ghana,GHA,1994,74.682
Ghana,GHA,1995,76.466
Ghana,GHA,1996,78.273
Ghana,GHA,1997,80.157
Ghana,GHA,1998,82.131
Ghana,GHA,1999,84.16
Ghana,GHA,2000,86.302
Ghana,GHA,2001,88.631
Ghana,GHA,2002,91.102
Ghana,GHA,2003,93.595
Ghana,GHA,2004,96.107
Ghana,GHA,2005,98.662
Ghana,GHA,2006,101.26
Ghana,GHA,2007,103.904
Ghana,GHA,2008,106.574
Ghana,GHA,2009,109.267
Ghana,GHA,2010,111.958
Ghana,GHA,2011,114.684
Ghana,GHA,2012,117.493
Ghana,GHA,2013,120.358
Ghana,GHA,2014,123.238
Ghana,GHA,2015,126.114
Ghana,GHA,2016,129.018
Ghana,GHA,2017,131.882
Ghana,GHA,2018,134.647
Ghana,GHA,2019,137.378
Ghana,GHA,2020,140.142
Ghana,GHA,2021,142.914
Ghana,GHA,2022,145.685
Ghana,GHA,2023,148.492
Gibraltar,GIB,1950,2165.6
Gibraltar,GIB,1951,2146.2
Gibraltar,GIB,1952,2147
Gibraltar,GIB,1953,2159.35
Gibraltar,GIB,1954,2169.95
Gibraltar,GIB,1955,2178.5
Gibraltar,GIB,1956,2184.6
Gibraltar,GIB,1957,2188.2
Gibraltar,GIB,1958,2188.55
Gibraltar,GIB,1959,2186.85
Gibraltar,GIB,1960,2183.9
Gibraltar,GIB,1961,2187.15
Gibraltar,GIB,1962,2219.7
Gibraltar,GIB,1963,2275.35
Gibraltar,GIB,1964,2331.5
Gibraltar,GIB,1965,2387.8
Gibraltar,GIB,1966,2444.35
Gibraltar,GIB,1967,2501.45
Gibraltar,GIB,1968,2557.75
Gibraltar,GIB,1969,2612.05
Gibraltar,GIB,1970,2663.4
Gibraltar,GIB,1971,2702.05
Gibraltar,GIB,1972,2728.95
Gibraltar,GIB,1973,2753.65
Gibraltar,GIB,1974,2775.45
Gibraltar,GIB,1975,2795.1
Gibraltar,GIB,1976,2813.45
Gibraltar,GIB,1977,2830
Gibraltar,GIB,1978,2844.6
Gibraltar,GIB,1979,2857.45
Gibraltar,GIB,1980,2867.55
Gibraltar,GIB,1981,2874
Gibraltar,GIB,1982,2876.5
Gibraltar,GIB,1983,2873.3
Gibraltar,GIB,1984,2864.3
Gibraltar,GIB,1985,2851.2
Gibraltar,GIB,1986,2832.85
Gibraltar,GIB,1987,2809.6
Gibraltar,GIB,1988,2783.9
Gibraltar,GIB,1989,2754.35
Gibraltar,GIB,1990,2720
Gibraltar,GIB,1991,2689.8
Gibraltar,GIB,1992,2687.85
Gibraltar,GIB,1993,2706.95
Gibraltar,GIB,1994,2723.9
Gibraltar,GIB,1995,2737.7
Gibraltar,GIB,1996,2748.7
Gibraltar,GIB,1997,2758.2
Gibraltar,GIB,1998,2765
Gibraltar,GIB,1999,2769.2
Gibraltar,GIB,2000,2770.9
Gibraltar,GIB,2001,2765.7
Gibraltar,GIB,2002,2783.1
Gibraltar,GIB,2003,2827.4
Gibraltar,GIB,2004,2871.5
Gibraltar,GIB,2005,2916.35
Gibraltar,GIB,2006,2959.4
Gibraltar,GIB,2007,3000.65
Gibraltar,GIB,2008,3041.25
Gibraltar,GIB,2009,3082.3
Gibraltar,GIB,2010,3124.8
Gibraltar,GIB,2011,3166
Gibraltar,GIB,2012,3202.9
Gibraltar,GIB,2013,3240.75
Gibraltar,GIB,2014,3281.3
Gibraltar,GIB,2015,3319.25
Gibraltar,GIB,2016,3365.85
Gibraltar,GIB,2017,3424.45
Gibraltar,GIB,2018,3485.4
Gibraltar,GIB,2019,3549.4
Gibraltar,GIB,2020,3617.3
Gibraltar,GIB,2021,3685.85
Gibraltar,GIB,2022,3760.95
Gibraltar,GIB,2023,3847.05
Greece,GRC,1950,58.486
Greece,GRC,1951,58.958
Greece,GRC,1952,59.437
Greece,GRC,1953,59.939
Greece,GRC,1954,60.471
Greece,GRC,1955,61.036
Greece,GRC,1956,61.619
Greece,GRC,1957,62.2
Greece,GRC,1958,62.796
Greece,GRC,1959,63.428
Greece,GRC,1960,64.092
Greece,GRC,1961,64.57
Greece,GRC,1962,64.771
Greece,GRC,1963,64.886
Greece,GRC,1964,65.005
Greece,GRC,1965,65.138
Greece,GRC,1966,65.586
Greece,GRC,1967,66.161
Greece,GRC,1968,66.641
Greece,GRC,1969,66.863
Greece,GRC,1970,66.869
Greece,GRC,1971,67.169
Greece,GRC,1972,67.645
Greece,GRC,1973,67.982
Greece,GRC,1974,68.255
Greece,GRC,1975,68.927
Greece,GRC,1976,70.021
Greece,GRC,1977,70.953
Greece,GRC,1978,71.778
Greece,GRC,1979,72.818
Greece,GRC,1980,73.792
Greece,GRC,1981,74.564
Greece,GRC,1982,75.199
Greece,GRC,1983,75.764
Greece,GRC,1984,76.279
Greece,GRC,1985,76.724
Greece,GRC,1986,77.119
Greece,GRC,1987,77.469
Greece,GRC,1988,77.794
Greece,GRC,1989,78.108
Greece,GRC,1990,78.417
Greece,GRC,1991,78.785
Greece,GRC,1992,79.192
Greece,GRC,1993,79.596
Greece,GRC,1994,80.005
Greece,GRC,1995,80.41
Greece,GRC,1996,80.799
Greece,GRC,1997,81.198
Greece,GRC,1998,81.604
Greece,GRC,1999,82.005
Greece,GRC,2000,82.423
Greece,GRC,2001,82.886
Greece,GRC,2002,83.246
Greece,GRC,2003,83.462
Greece,GRC,2004,83.683
Greece,GRC,2005,83.942
Greece,GRC,2006,84.208
Greece,GRC,2007,84.435
Greece,GRC,2008,84.673
Greece,GRC,2009,84.911
Greece,GRC,2010,85.038
Greece,GRC,2011,84.917
Greece,GRC,2012,84.454
Greece,GRC,2013,83.837
Greece,GRC,2014,83.268
Greece,GRC,2015,82.716
Greece,GRC,2016,82.369
Greece,GRC,2017,82.201
Greece,GRC,2018,82.028
Greece,GRC,2019,81.934
Greece,GRC,2020,81.787
Greece,GRC,2021,80.871
Greece,GRC,2022,79.594
Greece,GRC,2023,78.298
Greenland,GRL,1950,0.057
Greenland,GRL,1951,0.058
Greenland,GRL,1952,0.059
Greenland,GRL,1953,0.06
Greenland,GRL,1954,0.062
Greenland,GRL,1955,0.064
Greenland,GRL,1956,0.066
Greenland,GRL,1957,0.069
Greenland,GRL,1958,0.072
Greenland,GRL,1959,0.075
Greenland,GRL,1960,0.078
Greenland,GRL,1961,0.081
Greenland,GRL,1962,0.084
Greenland,GRL,1963,0.087
Greenland,GRL,1964,0.091
Greenland,GRL,1965,0.094
Greenland,GRL,1966,0.097
Greenland,GRL,1967,0.101
Greenland,GRL,1968,0.104
Greenland,GRL,1969,0.108
Greenland,GRL,1970,0.111
Greenland,GRL,1971,0.113
Greenland,GRL,1972,0.115
Greenland,GRL,1973,0.117
Greenland,GRL,1974,0.118
Greenland,GRL,1975,0.12
Greenland,GRL,1976,0.121
Greenland,GRL,1977,0.121
Greenland,GRL,1978,0.121
Greenland,GRL,1979,0.121
Greenland,GRL,1980,0.122
Greenland,GRL,1981,0.124
Greenland,GRL,1982,0.125
Greenland,GRL,1983,0.127
Greenland,GRL,1984,0.128
Greenland,GRL,1985,0.13
Greenland,GRL,1986,0.131
Greenland,GRL,1987,0.132
Greenland,GRL,1988,0.134
Greenland,GRL,1989,0.135
Greenland,GRL,1990,0.136
Greenland,GRL,1991,0.136
Greenland,GRL,1992,0.136
Greenland,GRL,1993,0.136
Greenland,GRL,1994,0.136
Greenland,GRL,1995,0.136
Greenland,GRL,1996,0.136
Greenland,GRL,1997,0.137
Greenland,GRL,1998,0.137
Greenland,GRL,1999,0.137
Greenland,GRL,2000,0.137
Greenland,GRL,2001,0.137
Greenland,GRL,2002,0.138
Greenland,GRL,2003,0.138
Greenland,GRL,2004,0.139
Greenland,GRL,2005,0.139
Greenland,GRL,2006,0.139
Greenland,GRL,2007,0.138
Greenland,GRL,2008,0.138
Greenland,GRL,2009,0.138
Greenland,GRL,2010,0.138
Greenland,GRL,2011,0.138
Greenland,GRL,2012,0.138
Greenland,GRL,2013,0.138
Greenland,GRL,2014,0.137
Greenland,GRL,2015,0.136
Greenland,GRL,2016,0.137
Greenland,GRL,2017,0.137
Greenland,GRL,2018,0.137
Greenland,GRL,2019,0.137
Greenland,GRL,2020,0.137
Greenland,GRL,2021,0.137
Greenland,GRL,2022,0.136
Greenland,GRL,2023,0.136
Grenada,GRD,1950,227.238
Grenada,GRD,1951,229.216
Grenada,GRD,1952,232.159
Grenada,GRD,1953,235.931
Grenada,GRD,1954,240.518
Grenada,GRD,1955,245.985
Grenada,GRD,1956,252.365
Grenada,GRD,1957,259.256
Grenada,GRD,1958,265.926
Grenada,GRD,1959,271.832
Grenada,GRD,1960,276.64
Grenada,GRD,1961,280.399
Grenada,GRD,1962,283.456
Grenada,GRD,1963,285.868
Grenada,GRD,1964,287.529
Grenada,GRD,1965,288.431
Grenada,GRD,1966,288.593
Grenada,GRD,1967,288.429
Grenada,GRD,1968,288.463
Grenada,GRD,1969,288.837
Grenada,GRD,1970,289.453
Grenada,GRD,1971,290.141
Grenada,GRD,1972,290.521
Grenada,GRD,1973,290.319
Grenada,GRD,1974,289.663
Grenada,GRD,1975,288.606
Grenada,GRD,1976,287.151
Grenada,GRD,1977,285.346
Grenada,GRD,1978,283.249
Grenada,GRD,1979,280.853
Grenada,GRD,1980,278.053
Grenada,GRD,1981,276.624
Grenada,GRD,1982,277.599
Grenada,GRD,1983,279.259
Grenada,GRD,1984,280.876
Grenada,GRD,1985,282.679
Grenada,GRD,1986,284.678
Grenada,GRD,1987,286.841
Grenada,GRD,1988,289.143
Grenada,GRD,1989,291.531
Grenada,GRD,1990,293.991
Grenada,GRD,1991,296.45
Grenada,GRD,1992,298.828
Grenada,GRD,1993,301.124
Grenada,GRD,1994,303.346
Grenada,GRD,1995,305.497
Grenada,GRD,1996,307.6
Grenada,GRD,1997,309.687
Grenada,GRD,1998,311.791
Grenada,GRD,1999,313.903
Grenada,GRD,2000,316.032
Grenada,GRD,2001,317.609
Grenada,GRD,2002,318.837
Grenada,GRD,2003,320.247
Grenada,GRD,2004,321.537
Grenada,GRD,2005,322.749
Grenada,GRD,2006,323.925
Grenada,GRD,2007,325.063
Grenada,GRD,2008,326.165
Grenada,GRD,2009,327.218
Grenada,GRD,2010,328.194
Grenada,GRD,2011,329.644
Grenada,GRD,2012,331.69
Grenada,GRD,2013,333.785
Grenada,GRD,2014,335.681
Grenada,GRD,2015,337.282
Grenada,GRD,2016,338.618
Grenada,GRD,2017,339.524
Grenada,GRD,2018,340.268
Grenada,GRD,2019,341.122
Grenada,GRD,2020,342.179
Grenada,GRD,2021,343.199
Grenada,GRD,2022,343.862
Grenada,GRD,2023,344.356
Guadeloupe,GLP,1950,132.38
Guadeloupe,GLP,1951,134.866
Guadeloupe,GLP,1952,138.594
Guadeloupe,GLP,1953,142.487
Guadeloupe,GLP,1954,146.428
Guadeloupe,GLP,1955,150.357
Guadeloupe,GLP,1956,154.347
Guadeloupe,GLP,1957,158.455
Guadeloupe,GLP,1958,162.698
Guadeloupe,GLP,1959,167.096
Guadeloupe,GLP,1960,171.638
Guadeloupe,GLP,1961,175.912
Guadeloupe,GLP,1962,179.363
Guadeloupe,GLP,1963,182.147
Guadeloupe,GLP,1964,184.654
Guadeloupe,GLP,1965,187.078
Guadeloupe,GLP,1966,189.495
Guadeloupe,GLP,1967,191.736
Guadeloupe,GLP,1968,193.425
Guadeloupe,GLP,1969,194.559
Guadeloupe,GLP,1970,195.4
Guadeloupe,GLP,1971,195.993
Guadeloupe,GLP,1972,196.36
Guadeloupe,GLP,1973,196.559
Guadeloupe,GLP,1974,196.912
Guadeloupe,GLP,1975,198.069
Guadeloupe,GLP,1976,199.816
Guadeloupe,GLP,1977,201.294
Guadeloupe,GLP,1978,202.276
Guadeloupe,GLP,1979,202.941
Guadeloupe,GLP,1980,203.446
Guadeloupe,GLP,1981,204.242
Guadeloupe,GLP,1982,206.276
Guadeloupe,GLP,1983,209.694
Guadeloupe,GLP,1984,213.753
Guadeloupe,GLP,1985,217.994
Guadeloupe,GLP,1986,222.306
Guadeloupe,GLP,1987,226.63
Guadeloupe,GLP,1988,230.952
Guadeloupe,GLP,1989,235.138
Guadeloupe,GLP,1990,238.829
Guadeloupe,GLP,1991,241.881
Guadeloupe,GLP,1992,244.569
Guadeloupe,GLP,1993,247.125
Guadeloupe,GLP,1994,249.584
Guadeloupe,GLP,1995,251.956
Guadeloupe,GLP,1996,254.254
Guadeloupe,GLP,1997,256.502
Guadeloupe,GLP,1998,258.271
Guadeloupe,GLP,1999,258.558
Guadeloupe,GLP,2000,257.72
Guadeloupe,GLP,2001,256.654
Guadeloupe,GLP,2002,255.379
Guadeloupe,GLP,2003,253.943
Guadeloupe,GLP,2004,252.367
Guadeloupe,GLP,2005,250.661
Guadeloupe,GLP,2006,250.135
Guadeloupe,GLP,2007,250.796
Guadeloupe,GLP,2008,251.216
Guadeloupe,GLP,2009,251.224
Guadeloupe,GLP,2010,251.113
Guadeloupe,GLP,2011,251.261
Guadeloupe,GLP,2012,251.322
Guadeloupe,GLP,2013,250.836
Guadeloupe,GLP,2014,249.779
Guadeloupe,GLP,2015,248.127
Guadeloupe,GLP,2016,248.546
Guadeloupe,GLP,2017,253.497
Guadeloupe,GLP,2018,255.025
Guadeloupe,GLP,2019,252
Guadeloupe,GLP,2020,250.242
Guadeloupe,GLP,2021,245.179
Guadeloupe,GLP,2022,236.301
Guadeloupe,GLP,2023,231.275
Guam,GUM,1950,112.341
Guam,GUM,1951,113.307
Guam,GUM,1952,114.384
Guam,GUM,1953,115.6
Guam,GUM,1954,116.953
Guam,GUM,1955,118.444
Guam,GUM,1956,120.092
Guam,GUM,1957,121.891
Guam,GUM,1958,123.825
Guam,GUM,1959,125.881
Guam,GUM,1960,128.513
Guam,GUM,1961,131.812
Guam,GUM,1962,135.291
Guam,GUM,1963,138.808
Guam,GUM,1964,142.345
Guam,GUM,1965,145.9
Guam,GUM,1966,149.433
Guam,GUM,1967,152.901
Guam,GUM,1968,156.309
Guam,GUM,1969,159.713
Guam,GUM,1970,163.336
Guam,GUM,1971,167.221
Guam,GUM,1972,171.2
Guam,GUM,1973,175.197
Guam,GUM,1974,179.186
Guam,GUM,1975,183.1
Guam,GUM,1976,186.998
Guam,GUM,1977,190.939
Guam,GUM,1978,194.868
Guam,GUM,1979,198.958
Guam,GUM,1980,203.587
Guam,GUM,1981,208.691
Guam,GUM,1982,213.884
Guam,GUM,1983,219.055
Guam,GUM,1984,224.219
Guam,GUM,1985,229.421
Guam,GUM,1986,234.685
Guam,GUM,1987,240.034
Guam,GUM,1988,245.47
Guam,GUM,1989,251.016
Guam,GUM,1990,256.211
Guam,GUM,1991,260.764
Guam,GUM,1992,265.051
Guam,GUM,1993,269.23
Guam,GUM,1994,273.323
Guam,GUM,1995,277.365
Guam,GUM,1996,281.274
Guam,GUM,1997,285.055
Guam,GUM,1998,288.793
Guam,GUM,1999,292.586
Guam,GUM,2000,295.869
Guam,GUM,2001,298.206
Guam,GUM,2002,300.028
Guam,GUM,2003,301.546
Guam,GUM,2004,302.79
Guam,GUM,2005,303.818
Guam,GUM,2006,304.693
Guam,GUM,2007,305.484
Guam,GUM,2008,306.272
Guam,GUM,2009,307.159
Guam,GUM,2010,307.803
Guam,GUM,2011,307.843
Guam,GUM,2012,307.45
Guam,GUM,2013,306.777
Guam,GUM,2014,305.889
Guam,GUM,2015,304.814
Guam,GUM,2016,303.574
Guam,GUM,2017,302.2
Guam,GUM,2018,300.701
Guam,GUM,2019,299.091
Guam,GUM,2020,299.738
Guam,GUM,2021,302.643
Guam,GUM,2022,305.323
Guam,GUM,2023,307.775
Guatemala,GTM,1950,28.903
Guatemala,GTM,1951,29.651
Guatemala,GTM,1952,30.437
Guatemala,GTM,1953,31.251
Guatemala,GTM,1954,32.093
Guatemala,GTM,1955,32.972
Guatemala,GTM,1956,33.886
Guatemala,GTM,1957,34.833
Guatemala,GTM,1958,35.807
Guatemala,GTM,1959,36.828
Guatemala,GTM,1960,37.921
Guatemala,GTM,1961,39.065
Guatemala,GTM,1962,40.239
Guatemala,GTM,1963,41.436
Guatemala,GTM,1964,42.657
Guatemala,GTM,1965,43.906
Guatemala,GTM,1966,45.175
Guatemala,GTM,1967,46.462
Guatemala,GTM,1968,47.761
Guatemala,GTM,1969,49.058
Guatemala,GTM,1970,50.364
Guatemala,GTM,1971,51.683
Guatemala,GTM,1972,53.031
Guatemala,GTM,1973,54.42
Guatemala,GTM,1974,55.816
Guatemala,GTM,1975,57.192
Guatemala,GTM,1976,58.44
Guatemala,GTM,1977,59.738
Guatemala,GTM,1978,61.231
Guatemala,GTM,1979,62.783
Guatemala,GTM,1980,64.392
Guatemala,GTM,1981,66.029
Guatemala,GTM,1982,67.565
Guatemala,GTM,1983,69.239
Guatemala,GTM,1984,71.208
Guatemala,GTM,1985,73.252
Guatemala,GTM,1986,75.316
Guatemala,GTM,1987,77.421
Guatemala,GTM,1988,79.62
Guatemala,GTM,1989,81.892
Guatemala,GTM,1990,84.218
Guatemala,GTM,1991,86.53
Guatemala,GTM,1992,88.86
Guatemala,GTM,1993,91.263
Guatemala,GTM,1994,93.726
Guatemala,GTM,1995,96.239
Guatemala,GTM,1996,98.764
Guatemala,GTM,1997,101.323
Guatemala,GTM,1998,103.949
Guatemala,GTM,1999,106.597
Guatemala,GTM,2000,109.16
Guatemala,GTM,2001,111.697
Guatemala,GTM,2002,114.286
Guatemala,GTM,2003,116.889
Guatemala,GTM,2004,119.517
Guatemala,GTM,2005,122.132
Guatemala,GTM,2006,124.743
Guatemala,GTM,2007,127.399
Guatemala,GTM,2008,130.041
Guatemala,GTM,2009,132.658
Guatemala,GTM,2010,135.313
Guatemala,GTM,2011,138.038
Guatemala,GTM,2012,140.814
Guatemala,GTM,2013,143.592
Guatemala,GTM,2014,146.339
Guatemala,GTM,2015,149.046
Guatemala,GTM,2016,151.817
Guatemala,GTM,2017,154.604
Guatemala,GTM,2018,157.201
Guatemala,GTM,2019,159.61
Guatemala,GTM,2020,161.976
Guatemala,GTM,2021,164.228
Guatemala,GTM,2022,166.554
Guatemala,GTM,2023,169.138
Guernsey,GGY,1950,702.289
Guernsey,GGY,1951,715.984
Guernsey,GGY,1952,720.289
Guernsey,GGY,1953,721.992
Guernsey,GGY,1954,723.594
Guernsey,GGY,1955,724.922
Guernsey,GGY,1956,726.531
Guernsey,GGY,1957,729.031
Guernsey,GGY,1958,731.609
Guernsey,GGY,1959,734.047
Guernsey,GGY,1960,736.945
Guernsey,GGY,1961,741.945
Guernsey,GGY,1962,749.891
Guernsey,GGY,1963,759.617
Guernsey,GGY,1964,770.148
Guernsey,GGY,1965,780.781
Guernsey,GGY,1966,791.43
Guernsey,GGY,1967,802.57
Guernsey,GGY,1968,814.172
Guernsey,GGY,1969,825.938
Guernsey,GGY,1970,838.031
Guernsey,GGY,1971,846.156
Guernsey,GGY,1972,848.188
Guernsey,GGY,1973,848.547
Guernsey,GGY,1974,848.797
Guernsey,GGY,1975,848.039
Guernsey,GGY,1976,846.82
Guernsey,GGY,1977,845.938
Guernsey,GGY,1978,845.125
Guernsey,GGY,1979,843.953
Guernsey,GGY,1980,842.641
Guernsey,GGY,1981,844.203
Guernsey,GGY,1982,849.25
Guernsey,GGY,1983,855.477
Guernsey,GGY,1984,862.688
Guernsey,GGY,1985,870.375
Guernsey,GGY,1986,878.734
Guernsey,GGY,1987,888.258
Guernsey,GGY,1988,898.406
Guernsey,GGY,1989,909.164
Guernsey,GGY,1990,920.328
Guernsey,GGY,1991,927.82
Guernsey,GGY,1992,929.859
Guernsey,GGY,1993,929.781
Guernsey,GGY,1994,929.07
Guernsey,GGY,1995,927.766
Guernsey,GGY,1996,927.93
Guernsey,GGY,1997,930.539
Guernsey,GGY,1998,934.023
Guernsey,GGY,1999,937.852
Guernsey,GGY,2000,941.695
Guernsey,GGY,2001,944.711
Guernsey,GGY,2002,946.633
Guernsey,GGY,2003,948.148
Guernsey,GGY,2004,949.633
Guernsey,GGY,2005,951.211
Guernsey,GGY,2006,952.914
Guernsey,GGY,2007,954.711
Guernsey,GGY,2008,956.688
Guernsey,GGY,2009,958.844
Guernsey,GGY,2010,961.133
Guernsey,GGY,2011,963.703
Guernsey,GGY,2012,966.508
Guernsey,GGY,2013,969.109
Guernsey,GGY,2014,971.227
Guernsey,GGY,2015,972.461
Guernsey,GGY,2016,971.727
Guernsey,GGY,2017,971.789
Guernsey,GGY,2018,975.492
Guernsey,GGY,2019,980.992
Guernsey,GGY,2020,986.023
Guernsey,GGY,2021,990.836
Guernsey,GGY,2022,995.711
Guernsey,GGY,2023,1000.266
Guinea,GIN,1950,12.263
Guinea,GIN,1951,12.461
Guinea,GIN,1952,12.664
Guinea,GIN,1953,12.87
Guinea,GIN,1954,13.082
Guinea,GIN,1955,13.299
Guinea,GIN,1956,13.521
Guinea,GIN,1957,13.75
Guinea,GIN,1958,13.985
Guinea,GIN,1959,14.227
Guinea,GIN,1960,14.475
Guinea,GIN,1961,14.73
Guinea,GIN,1962,14.994
Guinea,GIN,1963,15.265
Guinea,GIN,1964,15.545
Guinea,GIN,1965,15.834
Guinea,GIN,1966,16.133
Guinea,GIN,1967,16.442
Guinea,GIN,1968,16.761
Guinea,GIN,1969,17.086
Guinea,GIN,1970,17.408
Guinea,GIN,1971,17.724
Guinea,GIN,1972,18.034
Guinea,GIN,1973,18.339
Guinea,GIN,1974,18.641
Guinea,GIN,1975,18.94
Guinea,GIN,1976,19.237
Guinea,GIN,1977,19.539
Guinea,GIN,1978,19.851
Guinea,GIN,1979,20.183
Guinea,GIN,1980,20.541
Guinea,GIN,1981,20.932
Guinea,GIN,1982,21.356
Guinea,GIN,1983,21.813
Guinea,GIN,1984,22.302
Guinea,GIN,1985,22.832
Guinea,GIN,1986,23.403
Guinea,GIN,1987,24.012
Guinea,GIN,1988,24.648
Guinea,GIN,1989,25.296
Guinea,GIN,1990,26.186
Guinea,GIN,1991,27.255
Guinea,GIN,1992,28.139
Guinea,GIN,1993,29.009
Guinea,GIN,1994,29.892
Guinea,GIN,1995,30.739
Guinea,GIN,1996,31.622
Guinea,GIN,1997,32.278
Guinea,GIN,1998,32.891
Guinea,GIN,1999,33.636
Guinea,GIN,2000,34.303
Guinea,GIN,2001,34.755
Guinea,GIN,2002,35.301
Guinea,GIN,2003,36.101
Guinea,GIN,2004,36.882
Guinea,GIN,2005,37.628
Guinea,GIN,2006,38.422
Guinea,GIN,2007,39.322
Guinea,GIN,2008,40.285
Guinea,GIN,2009,41.281
Guinea,GIN,2010,42.309
Guinea,GIN,2011,43.37
Guinea,GIN,2012,44.447
Guinea,GIN,2013,45.547
Guinea,GIN,2014,46.691
Guinea,GIN,2015,47.888
Guinea,GIN,2016,49.133
Guinea,GIN,2017,50.406
Guinea,GIN,2018,51.704
Guinea,GIN,2019,53.046
Guinea,GIN,2020,54.416
Guinea,GIN,2021,55.797
Guinea,GIN,2022,57.2
Guinea,GIN,2023,58.626
Guinea-Bissau,GNB,1950,19.332
Guinea-Bissau,GNB,1951,19.55
Guinea-Bissau,GNB,1952,19.698
Guinea-Bissau,GNB,1953,19.83
Guinea-Bissau,GNB,1954,19.949
Guinea-Bissau,GNB,1955,20.059
Guinea-Bissau,GNB,1956,20.163
Guinea-Bissau,GNB,1957,20.261
Guinea-Bissau,GNB,1958,20.356
Guinea-Bissau,GNB,1959,20.449
Guinea-Bissau,GNB,1960,20.542
Guinea-Bissau,GNB,1961,20.716
Guinea-Bissau,GNB,1962,20.963
Guinea-Bissau,GNB,1963,21.139
Guinea-Bissau,GNB,1964,20.93
Guinea-Bissau,GNB,1965,20.448
Guinea-Bissau,GNB,1966,20.16
Guinea-Bissau,GNB,1967,20.235
Guinea-Bissau,GNB,1968,20.561
Guinea-Bissau,GNB,1969,20.683
Guinea-Bissau,GNB,1970,20.782
Guinea-Bissau,GNB,1971,20.847
Guinea-Bissau,GNB,1972,20.861
Guinea-Bissau,GNB,1973,21.081
Guinea-Bissau,GNB,1974,21.811
Guinea-Bissau,GNB,1975,23.15
Guinea-Bissau,GNB,1976,24.687
Guinea-Bissau,GNB,1977,26.379
Guinea-Bissau,GNB,1978,28.154
Guinea-Bissau,GNB,1979,29.156
Guinea-Bissau,GNB,1980,29.492
Guinea-Bissau,GNB,1981,29.958
Guinea-Bissau,GNB,1982,30.437
Guinea-Bissau,GNB,1983,30.924
Guinea-Bissau,GNB,1984,31.42
Guinea-Bissau,GNB,1985,31.924
Guinea-Bissau,GNB,1986,32.437
Guinea-Bissau,GNB,1987,32.961
Guinea-Bissau,GNB,1988,33.501
Guinea-Bissau,GNB,1989,34.061
Guinea-Bissau,GNB,1990,34.626
Guinea-Bissau,GNB,1991,35.371
Guinea-Bissau,GNB,1992,36.428
Guinea-Bissau,GNB,1993,37.651
Guinea-Bissau,GNB,1994,38.835
Guinea-Bissau,GNB,1995,39.828
Guinea-Bissau,GNB,1996,40.666
Guinea-Bissau,GNB,1997,41.449
Guinea-Bissau,GNB,1998,42.229
Guinea-Bissau,GNB,1999,43.037
Guinea-Bissau,GNB,2000,43.91
Guinea-Bissau,GNB,2001,44.853
Guinea-Bissau,GNB,2002,45.85
Guinea-Bissau,GNB,2003,46.899
Guinea-Bissau,GNB,2004,47.993
Guinea-Bissau,GNB,2005,49.132
Guinea-Bissau,GNB,2006,50.331
Guinea-Bissau,GNB,2007,51.6
Guinea-Bissau,GNB,2008,52.918
Guinea-Bissau,GNB,2009,54.281
Guinea-Bissau,GNB,2010,55.702
Guinea-Bissau,GNB,2011,57.186
Guinea-Bissau,GNB,2012,58.727
Guinea-Bissau,GNB,2013,60.312
Guinea-Bissau,GNB,2014,61.918
Guinea-Bissau,GNB,2015,63.53
Guinea-Bissau,GNB,2016,65.146
Guinea-Bissau,GNB,2017,66.752
Guinea-Bissau,GNB,2018,68.356
Guinea-Bissau,GNB,2019,69.975
Guinea-Bissau,GNB,2020,71.595
Guinea-Bissau,GNB,2021,73.216
Guinea-Bissau,GNB,2022,74.877
Guinea-Bissau,GNB,2023,76.577
Guyana,GUY,1950,2.124
Guyana,GUY,1951,2.18
Guyana,GUY,1952,2.242
Guyana,GUY,1953,2.309
Guyana,GUY,1954,2.382
Guyana,GUY,1955,2.461
Guyana,GUY,1956,2.543
Guyana,GUY,1957,2.629
Guyana,GUY,1958,2.718
Guyana,GUY,1959,2.81
Guyana,GUY,1960,2.891
Guyana,GUY,1961,2.959
Guyana,GUY,1962,3.025
Guyana,GUY,1963,3.091
Guyana,GUY,1964,3.159
Guyana,GUY,1965,3.226
Guyana,GUY,1966,3.295
Guyana,GUY,1967,3.365
Guyana,GUY,1968,3.435
Guyana,GUY,1969,3.506
Guyana,GUY,1970,3.57
Guyana,GUY,1971,3.62
Guyana,GUY,1972,3.666
Guyana,GUY,1973,3.709
Guyana,GUY,1974,3.749
Guyana,GUY,1975,3.787
Guyana,GUY,1976,3.821
Guyana,GUY,1977,3.854
Guyana,GUY,1978,3.884
Guyana,GUY,1979,3.912
Guyana,GUY,1980,3.934
Guyana,GUY,1981,3.944
Guyana,GUY,1982,3.946
Guyana,GUY,1983,3.942
Guyana,GUY,1984,3.932
Guyana,GUY,1985,3.919
Guyana,GUY,1986,3.902
Guyana,GUY,1987,3.882
Guyana,GUY,1988,3.859
Guyana,GUY,1989,3.835
Guyana,GUY,1990,3.809
Guyana,GUY,1991,3.799
Guyana,GUY,1992,3.81
Guyana,GUY,1993,3.825
Guyana,GUY,1994,3.84
Guyana,GUY,1995,3.853
Guyana,GUY,1996,3.863
Guyana,GUY,1997,3.872
Guyana,GUY,1998,3.879
Guyana,GUY,1999,3.884
Guyana,GUY,2000,3.885
Guyana,GUY,2001,3.884
Guyana,GUY,2002,3.879
Guyana,GUY,2003,3.877
Guyana,GUY,2004,3.873
Guyana,GUY,2005,3.865
Guyana,GUY,2006,3.856
Guyana,GUY,2007,3.845
Guyana,GUY,2008,3.833
Guyana,GUY,2009,3.821
Guyana,GUY,2010,3.806
Guyana,GUY,2011,3.79
Guyana,GUY,2012,3.791
Guyana,GUY,2013,3.81
Guyana,GUY,2014,3.831
Guyana,GUY,2015,3.855
Guyana,GUY,2016,3.879
Guyana,GUY,2017,3.904
Guyana,GUY,2018,4.021
Guyana,GUY,2019,4.103
Guyana,GUY,2020,4.102
Guyana,GUY,2021,4.143
Guyana,GUY,2022,4.174
Guyana,GUY,2023,4.198
Haiti,HTI,1950,118.456
Haiti,HTI,1951,120.241
Haiti,HTI,1952,122.103
Haiti,HTI,1953,124.047
Haiti,HTI,1954,126.067
Haiti,HTI,1955,128.178
Haiti,HTI,1956,130.393
Haiti,HTI,1957,132.679
Haiti,HTI,1958,135.032
Haiti,HTI,1959,137.462
Haiti,HTI,1960,139.956
Haiti,HTI,1961,142.516
Haiti,HTI,1962,145.148
Haiti,HTI,1963,147.741
Haiti,HTI,1964,150.395
Haiti,HTI,1965,153.209
Haiti,HTI,1966,156.068
Haiti,HTI,1967,158.983
Haiti,HTI,1968,161.969
Haiti,HTI,1969,165.016
Haiti,HTI,1970,168.128
Haiti,HTI,1971,171.324
Haiti,HTI,1972,174.612
Haiti,HTI,1973,177.98
Haiti,HTI,1974,181.428
Haiti,HTI,1975,184.957
Haiti,HTI,1976,188.558
Haiti,HTI,1977,192.226
Haiti,HTI,1978,195.966
Haiti,HTI,1979,199.775
Haiti,HTI,1980,203.652
Haiti,HTI,1981,207.615
Haiti,HTI,1982,211.685
Haiti,HTI,1983,215.862
Haiti,HTI,1984,220.147
Haiti,HTI,1985,224.559
Haiti,HTI,1986,229.102
Haiti,HTI,1987,233.782
Haiti,HTI,1988,238.607
Haiti,HTI,1989,243.561
Haiti,HTI,1990,248.629
Haiti,HTI,1991,253.743
Haiti,HTI,1992,258.862
Haiti,HTI,1993,263.999
Haiti,HTI,1994,269.135
Haiti,HTI,1995,274.313
Haiti,HTI,1996,279.573
Haiti,HTI,1997,284.896
Haiti,HTI,1998,290.259
Haiti,HTI,1999,295.669
Haiti,HTI,2000,301.177
Haiti,HTI,2001,306.718
Haiti,HTI,2002,312.222
Haiti,HTI,2003,317.745
Haiti,HTI,2004,323.199
Haiti,HTI,2005,328.676
Haiti,HTI,2006,334.309
Haiti,HTI,2007,339.994
Haiti,HTI,2008,345.706
Haiti,HTI,2009,351.467
Haiti,HTI,2010,355.591
Haiti,HTI,2011,359.64
Haiti,HTI,2012,365.257
Haiti,HTI,2013,370.792
Haiti,HTI,2014,376.264
Haiti,HTI,2015,381.706
Haiti,HTI,2016,387.082
Haiti,HTI,2017,392.388
Haiti,HTI,2018,397.634
Haiti,HTI,2019,402.813
Haiti,HTI,2020,407.844
Haiti,HTI,2021,412.586
Haiti,HTI,2022,417.266
Haiti,HTI,2023,422.119
High-income countries,OWID_HIC,1950,19.449
High-income countries,OWID_HIC,1951,19.671
High-income countries,OWID_HIC,1952,19.898
High-income countries,OWID_HIC,1953,20.139
High-income countries,OWID_HIC,1954,20.387
High-income countries,OWID_HIC,1955,20.638
High-income countries,OWID_HIC,1956,20.89
High-income countries,OWID_HIC,1957,21.149
High-income countries,OWID_HIC,1958,21.416
High-income countries,OWID_HIC,1959,21.688
High-income countries,OWID_HIC,1960,21.962
High-income countries,OWID_HIC,1961,22.236
High-income countries,OWID_HIC,1962,22.508
High-income countries,OWID_HIC,1963,22.777
High-income countries,OWID_HIC,1964,23.065
High-income countries,OWID_HIC,1965,23.354
High-income countries,OWID_HIC,1966,23.617
High-income countries,OWID_HIC,1967,23.852
High-income countries,OWID_HIC,1968,24.089
High-income countries,OWID_HIC,1969,24.349
High-income countries,OWID_HIC,1970,24.608
High-income countries,OWID_HIC,1971,24.874
High-income countries,OWID_HIC,1972,25.14
High-income countries,OWID_HIC,1973,25.389
High-income countries,OWID_HIC,1974,25.625
High-income countries,OWID_HIC,1975,25.844
High-income countries,OWID_HIC,1976,26.051
High-income countries,OWID_HIC,1977,26.259
High-income countries,OWID_HIC,1978,26.466
High-income countries,OWID_HIC,1979,26.675
High-income countries,OWID_HIC,1980,26.894
High-income countries,OWID_HIC,1981,27.107
High-income countries,OWID_HIC,1982,27.307
High-income countries,OWID_HIC,1983,27.498
High-income countries,OWID_HIC,1984,27.683
High-income countries,OWID_HIC,1985,27.867
High-income countries,OWID_HIC,1986,28.057
High-income countries,OWID_HIC,1987,28.251
High-income countries,OWID_HIC,1988,28.452
High-income countries,OWID_HIC,1989,28.662
High-income countries,OWID_HIC,1990,28.871
High-income countries,OWID_HIC,1991,29.092
High-income countries,OWID_HIC,1992,29.326
High-income countries,OWID_HIC,1993,29.539
High-income countries,OWID_HIC,1994,29.738
High-income countries,OWID_HIC,1995,29.922
High-income countries,OWID_HIC,1996,30.096
High-income countries,OWID_HIC,1997,30.273
High-income countries,OWID_HIC,1998,30.437
High-income countries,OWID_HIC,1999,30.604
High-income countries,OWID_HIC,2000,30.793
High-income countries,OWID_HIC,2001,30.995
High-income countries,OWID_HIC,2002,31.206
High-income countries,OWID_HIC,2003,31.42
High-income countries,OWID_HIC,2004,31.636
High-income countries,OWID_HIC,2005,31.856
High-income countries,OWID_HIC,2006,32.078
High-income countries,OWID_HIC,2007,32.327
High-income countries,OWID_HIC,2008,32.587
High-income countries,OWID_HIC,2009,32.823
High-income countries,OWID_HIC,2010,33.042
High-income countries,OWID_HIC,2011,33.267
High-income countries,OWID_HIC,2012,33.491
High-income countries,OWID_HIC,2013,33.706
High-income countries,OWID_HIC,2014,33.925
High-income countries,OWID_HIC,2015,34.159
High-income countries,OWID_HIC,2016,34.387
High-income countries,OWID_HIC,2017,34.578
High-income countries,OWID_HIC,2018,34.742
High-income countries,OWID_HIC,2019,34.907
High-income countries,OWID_HIC,2020,35.011
High-income countries,OWID_HIC,2021,35.061
High-income countries,OWID_HIC,2022,35.217
High-income countries,OWID_HIC,2023,35.409
Honduras,HND,1950,14.292
Honduras,HND,1951,14.683
Honduras,HND,1952,15.089
Honduras,HND,1953,15.512
Honduras,HND,1954,15.951
Honduras,HND,1955,16.405
Honduras,HND,1956,16.875
Honduras,HND,1957,17.361
Honduras,HND,1958,17.861
Honduras,HND,1959,18.376
Honduras,HND,1960,18.905
Honduras,HND,1961,19.448
Honduras,HND,1962,20.005
Honduras,HND,1963,20.581
Honduras,HND,1964,21.177
Honduras,HND,1965,21.794
Honduras,HND,1966,22.432
Honduras,HND,1967,23.091
Honduras,HND,1968,23.773
Honduras,HND,1969,24.481
Honduras,HND,1970,25.219
Honduras,HND,1971,25.988
Honduras,HND,1972,26.79
Honduras,HND,1973,27.609
Honduras,HND,1974,28.42
Honduras,HND,1975,29.276
Honduras,HND,1976,30.204
Honduras,HND,1977,31.159
Honduras,HND,1978,32.138
Honduras,HND,1979,33.142
Honduras,HND,1980,34.171
Honduras,HND,1981,35.222
Honduras,HND,1982,36.294
Honduras,HND,1983,37.389
Honduras,HND,1984,38.505
Honduras,HND,1985,39.637
Honduras,HND,1986,40.788
Honduras,HND,1987,41.962
Honduras,HND,1988,43.16
Honduras,HND,1989,44.39
Honduras,HND,1990,45.662
Honduras,HND,1991,46.975
Honduras,HND,1992,48.329
Honduras,HND,1993,49.721
Honduras,HND,1994,51.151
Honduras,HND,1995,52.622
Honduras,HND,1996,54.128
Honduras,HND,1997,55.664
Honduras,HND,1998,57.158
Honduras,HND,1999,58.68
Honduras,HND,2000,60.306
Honduras,HND,2001,61.958
Honduras,HND,2002,63.616
Honduras,HND,2003,65.27
Honduras,HND,2004,66.918
Honduras,HND,2005,68.562
Honduras,HND,2006,70.199
Honduras,HND,2007,71.83
Honduras,HND,2008,73.46
Honduras,HND,2009,75.086
Honduras,HND,2010,76.699
Honduras,HND,2011,78.301
Honduras,HND,2012,79.901
Honduras,HND,2013,81.498
Honduras,HND,2014,83.092
Honduras,HND,2015,84.688
Honduras,HND,2016,86.294
Honduras,HND,2017,87.905
Honduras,HND,2018,89.528
Honduras,HND,2019,91.164
Honduras,HND,2020,92.778
Honduras,HND,2021,94.338
Honduras,HND,2022,95.934
Honduras,HND,2023,97.593
Hong Kong,HKG,1950,1800.13
Hong Kong,HKG,1951,1883.058
Hong Kong,HKG,1952,1969.789
Hong Kong,HKG,1953,2060.354
Hong Kong,HKG,1954,2155.246
Hong Kong,HKG,1955,2254.957
Hong Kong,HKG,1956,2360.561
Hong Kong,HKG,1957,2472.414
Hong Kong,HKG,1958,2589.172
Hong Kong,HKG,1959,2706.591
Hong Kong,HKG,1960,2816.051
Hong Kong,HKG,1961,2799.506
Hong Kong,HKG,1962,2628.83
Hong Kong,HKG,1963,2422.749
Hong Kong,HKG,1964,2853.529
Hong Kong,HKG,1965,3508.117
Hong Kong,HKG,1966,3653.596
Hong Kong,HKG,1967,3161.172
Hong Kong,HKG,1968,2789.197
Hong Kong,HKG,1969,3089.646
Hong Kong,HKG,1970,3403.017
Hong Kong,HKG,1971,3629.878
Hong Kong,HKG,1972,3746.244
Hong Kong,HKG,1973,3842.808
Hong Kong,HKG,1974,3940.603
Hong Kong,HKG,1975,4038.561
Hong Kong,HKG,1976,4135.698
Hong Kong,HKG,1977,4231.566
Hong Kong,HKG,1978,4325.813
Hong Kong,HKG,1979,4420.082
Hong Kong,HKG,1980,4515.454
Hong Kong,HKG,1981,4605.055
Hong Kong,HKG,1982,4686.164
Hong Kong,HKG,1983,4763.518
Hong Kong,HKG,1984,4837.106
Hong Kong,HKG,1985,4907.299
Hong Kong,HKG,1986,4960.358
Hong Kong,HKG,1987,4992.149
Hong Kong,HKG,1988,5018.106
Hong Kong,HKG,1989,5041.469
Hong Kong,HKG,1990,5059.688
Hong Kong,HKG,1991,5121.105
Hong Kong,HKG,1992,5240.725
Hong Kong,HKG,1993,5370.803
Hong Kong,HKG,1994,5497.963
Hong Kong,HKG,1995,5620.658
Hong Kong,HKG,1996,5734.726
Hong Kong,HKG,1997,5838.647
Hong Kong,HKG,1998,5933.88
Hong Kong,HKG,1999,6020.495
Hong Kong,HKG,2000,6100.695
Hong Kong,HKG,2001,6164.002
Hong Kong,HKG,2002,6206.923
Hong Kong,HKG,2003,6241.043
Hong Kong,HKG,2004,6267.665
Hong Kong,HKG,2005,6286.157
Hong Kong,HKG,2006,6306.724
Hong Kong,HKG,2007,6343.353
Hong Kong,HKG,2008,6388.252
Hong Kong,HKG,2009,6428.086
Hong Kong,HKG,2010,6461.89
Hong Kong,HKG,2011,6499.517
Hong Kong,HKG,2012,6552.376
Hong Kong,HKG,2013,6609.95
Hong Kong,HKG,2014,6660.146
Hong Kong,HKG,2015,6702.829
Hong Kong,HKG,2016,6740.682
Hong Kong,HKG,2017,6774.242
Hong Kong,HKG,2018,6798.174
Hong Kong,HKG,2019,6811.477
Hong Kong,HKG,2020,6815.501
Hong Kong,HKG,2021,6810.374
Hong Kong,HKG,2022,6793.371
Hong Kong,HKG,2023,6772.279
Hungary,HUN,1950,103.147
Hungary,HUN,1951,104.089
Hungary,HUN,1952,104.981
Hungary,HUN,1953,105.981
Hungary,HUN,1954,107.197
Hungary,HUN,1955,108.508
Hungary,HUN,1956,108.848
Hungary,HUN,1957,108.67
Hungary,HUN,1958,109.143
Hungary,HUN,1959,109.763
Hungary,HUN,1960,110.277
Hungary,HUN,1961,110.753
Hungary,HUN,1962,111.102
Hungary,HUN,1963,111.387
Hungary,HUN,1964,111.724
Hungary,HUN,1965,112.019
Hungary,HUN,1966,112.343
Hungary,HUN,1967,112.745
Hungary,HUN,1968,113.162
Hungary,HUN,1969,113.571
Hungary,HUN,1970,113.942
Hungary,HUN,1971,114.26
Hungary,HUN,1972,114.595
Hungary,HUN,1973,114.961
Hungary,HUN,1974,115.475
Hungary,HUN,1975,116.157
Hungary,HUN,1976,116.799
Hungary,HUN,1977,117.344
Hungary,HUN,1978,117.753
Hungary,HUN,1979,118.063
Hungary,HUN,1980,118.142
Hungary,HUN,1981,117.965
Hungary,HUN,1982,117.708
Hungary,HUN,1983,117.342
Hungary,HUN,1984,116.915
Hungary,HUN,1985,116.506
Hungary,HUN,1986,116.106
Hungary,HUN,1987,115.709
Hungary,HUN,1988,115.327
Hungary,HUN,1989,114.917
Hungary,HUN,1990,114.672
Hungary,HUN,1991,114.638
Hungary,HUN,1992,114.564
Hungary,HUN,1993,114.403
Hungary,HUN,1994,114.216
Hungary,HUN,1995,114.026
Hungary,HUN,1996,113.799
Hungary,HUN,1997,113.538
Hungary,HUN,1998,113.241
Hungary,HUN,1999,112.888
Hungary,HUN,2000,112.566
Hungary,HUN,2001,112.302
Hungary,HUN,2002,111.99
Hungary,HUN,2003,111.664
Hungary,HUN,2004,111.408
Hungary,HUN,2005,111.186
Hungary,HUN,2006,111.012
Hungary,HUN,2007,110.837
Hungary,HUN,2008,110.645
Hungary,HUN,2009,110.476
Hungary,HUN,2010,110.23
Hungary,HUN,2011,109.872
Hungary,HUN,2012,109.54
Hungary,HUN,2013,109.238
Hungary,HUN,2014,108.946
Hungary,HUN,2015,108.685
Hungary,HUN,2016,108.368
Hungary,HUN,2017,108.092
Hungary,HUN,2018,107.969
Hungary,HUN,2019,107.924
Hungary,HUN,2020,107.693
Hungary,HUN,2021,107.234
Hungary,HUN,2022,106.973
Hungary,HUN,2023,106.997
Iceland,ISL,1950,1.423
Iceland,ISL,1951,1.451
Iceland,ISL,1952,1.474
Iceland,ISL,1953,1.504
Iceland,ISL,1954,1.539
Iceland,ISL,1955,1.574
Iceland,ISL,1956,1.607
Iceland,ISL,1957,1.644
Iceland,ISL,1958,1.681
Iceland,ISL,1959,1.716
Iceland,ISL,1960,1.751
Iceland,ISL,1961,1.786
Iceland,ISL,1962,1.819
Iceland,ISL,1963,1.852
Iceland,ISL,1964,1.886
Iceland,ISL,1965,1.919
Iceland,ISL,1966,1.951
Iceland,ISL,1967,1.983
Iceland,ISL,1968,2.01
Iceland,ISL,1969,2.029
Iceland,ISL,1970,2.04
Iceland,ISL,1971,2.057
Iceland,ISL,1972,2.087
Iceland,ISL,1973,2.119
Iceland,ISL,1974,2.147
Iceland,ISL,1975,2.175
Iceland,ISL,1976,2.197
Iceland,ISL,1977,2.213
Iceland,ISL,1978,2.23
Iceland,ISL,1979,2.252
Iceland,ISL,1980,2.276
Iceland,ISL,1981,2.302
Iceland,ISL,1982,2.333
Iceland,ISL,1983,2.364
Iceland,ISL,1984,2.389
Iceland,ISL,1985,2.408
Iceland,ISL,1986,2.426
Iceland,ISL,1987,2.453
Iceland,ISL,1988,2.491
Iceland,ISL,1989,2.522
Iceland,ISL,1990,2.542
Iceland,ISL,1991,2.572
Iceland,ISL,1992,2.605
Iceland,ISL,1993,2.631
Iceland,ISL,1994,2.654
Iceland,ISL,1995,2.669
Iceland,ISL,1996,2.683
Iceland,ISL,1997,2.705
Iceland,ISL,1998,2.734
Iceland,ISL,1999,2.768
Iceland,ISL,2000,2.806
Iceland,ISL,2001,2.844
Iceland,ISL,2002,2.869
Iceland,ISL,2003,2.889
Iceland,ISL,2004,2.915
Iceland,ISL,2005,2.961
Iceland,ISL,2006,3.031
Iceland,ISL,2007,3.109
Iceland,ISL,2008,3.167
Iceland,ISL,2009,3.178
Iceland,ISL,2010,3.174
Iceland,ISL,2011,3.184
Iceland,ISL,2012,3.201
Iceland,ISL,2013,3.231
Iceland,ISL,2014,3.267
Iceland,ISL,2015,3.301
Iceland,ISL,2016,3.348
Iceland,ISL,2017,3.427
Iceland,ISL,2018,3.52
Iceland,ISL,2019,3.598
Iceland,ISL,2020,3.657
Iceland,ISL,2021,3.717
Iceland,ISL,2022,3.794
Iceland,ISL,2023,3.866
India,IND,1950,116.467
India,IND,1951,119.02
India,IND,1952,121.713
India,IND,1953,124.481
India,IND,1954,127.367
India,IND,1955,130.399
India,IND,1956,133.523
India,IND,1957,136.639
India,IND,1958,139.842
India,IND,1959,143.207
India,IND,1960,146.641
India,IND,1961,150.197
India,IND,1962,153.802
India,IND,1963,157.453
India,IND,1964,161.184
India,IND,1965,164.853
India,IND,1966,168.419
India,IND,1967,172.073
India,IND,1968,175.81
India,IND,1969,179.565
India,IND,1970,183.595
India,IND,1971,187.71
India,IND,1972,191.875
India,IND,1973,196.242
India,IND,1974,200.808
India,IND,1975,205.607
India,IND,1976,210.502
India,IND,1977,215.526
India,IND,1978,220.547
India,IND,1979,225.736
India,IND,1980,231.184
India,IND,1981,236.681
India,IND,1982,242.27
India,IND,1983,248.007
India,IND,1984,253.894
India,IND,1985,259.872
India,IND,1986,265.94
India,IND,1987,272.075
India,IND,1988,278.268
India,IND,1989,284.556
India,IND,1990,290.924
India,IND,1991,297.299
India,IND,1992,303.7
India,IND,1993,310.144
India,IND,1994,316.55
India,IND,1995,322.987
India,IND,1996,329.504
India,IND,1997,336.048
India,IND,1998,342.617
India,IND,1999,349.196
India,IND,2000,355.821
India,IND,2001,362.539
India,IND,2002,369.166
India,IND,2003,375.624
India,IND,2004,382.078
India,IND,2005,388.363
India,IND,2006,394.485
India,IND,2007,400.471
India,IND,2008,406.274
India,IND,2009,412.192
India,IND,2010,418.231
India,IND,2011,424.199
India,IND,2012,430.068
India,IND,2013,435.838
India,IND,2014,441.37
India,IND,2015,446.667
India,IND,2016,452.021
India,IND,2017,457.306
India,IND,2018,462.352
India,IND,2019,467.185
India,IND,2020,471.755
India,IND,2021,475.652
India,IND,2022,479.426
India,IND,2023,483.679
Indonesia,IDN,1950,36.003
Indonesia,IDN,1951,36.781
Indonesia,IDN,1952,37.613
Indonesia,IDN,1953,38.499
Indonesia,IDN,1954,39.44
Indonesia,IDN,1955,40.438
Indonesia,IDN,1956,41.489
Indonesia,IDN,1957,42.592
Indonesia,IDN,1958,43.745
Indonesia,IDN,1959,44.948
Indonesia,IDN,1960,46.206
Indonesia,IDN,1961,47.512
Indonesia,IDN,1962,48.864
Indonesia,IDN,1963,50.264
Indonesia,IDN,1964,51.72
Indonesia,IDN,1965,53.045
Indonesia,IDN,1966,54.315
Indonesia,IDN,1967,55.746
Indonesia,IDN,1968,57.276
Indonesia,IDN,1969,58.881
Indonesia,IDN,1970,60.524
Indonesia,IDN,1971,62.186
Indonesia,IDN,1972,63.864
Indonesia,IDN,1973,65.564
Indonesia,IDN,1974,67.274
Indonesia,IDN,1975,68.995
Indonesia,IDN,1976,70.737
Indonesia,IDN,1977,72.495
Indonesia,IDN,1978,74.285
Indonesia,IDN,1979,76.107
Indonesia,IDN,1980,77.947
Indonesia,IDN,1981,79.796
Indonesia,IDN,1982,81.663
Indonesia,IDN,1983,83.546
Indonesia,IDN,1984,85.43
Indonesia,IDN,1985,87.275
Indonesia,IDN,1986,89.053
Indonesia,IDN,1987,90.799
Indonesia,IDN,1988,92.549
Indonesia,IDN,1989,94.3
Indonesia,IDN,1990,96.027
Indonesia,IDN,1991,97.742
Indonesia,IDN,1992,99.451
Indonesia,IDN,1993,101.158
Indonesia,IDN,1994,102.878
Indonesia,IDN,1995,104.602
Indonesia,IDN,1996,106.338
Indonesia,IDN,1997,108.081
Indonesia,IDN,1998,109.803
Indonesia,IDN,1999,111.466
Indonesia,IDN,2000,113.075
Indonesia,IDN,2001,114.655
Indonesia,IDN,2002,116.22
Indonesia,IDN,2003,117.769
Indonesia,IDN,2004,119.275
Indonesia,IDN,2005,120.816
Indonesia,IDN,2006,122.428
Indonesia,IDN,2007,124.056
Indonesia,IDN,2008,125.676
Indonesia,IDN,2009,127.278
Indonesia,IDN,2010,128.893
Indonesia,IDN,2011,130.549
Indonesia,IDN,2012,132.238
Indonesia,IDN,2013,133.889
Indonesia,IDN,2014,135.472
Indonesia,IDN,2015,137.001
Indonesia,IDN,2016,138.481
Indonesia,IDN,2017,139.904
Indonesia,IDN,2018,141.267
Indonesia,IDN,2019,142.595
Indonesia,IDN,2020,143.812
Indonesia,IDN,2021,144.829
Indonesia,IDN,2022,145.913
Indonesia,IDN,2023,147.148
Iran,IRN,1950,10.137
Iran,IRN,1951,10.389
Iran,IRN,1952,10.649
Iran,IRN,1953,10.915
Iran,IRN,1954,11.19
Iran,IRN,1955,11.482
Iran,IRN,1956,11.791
Iran,IRN,1957,12.112
Iran,IRN,1958,12.443
Iran,IRN,1959,12.799
Iran,IRN,1960,13.182
Iran,IRN,1961,13.584
Iran,IRN,1962,14.003
Iran,IRN,1963,14.44
Iran,IRN,1964,14.897
Iran,IRN,1965,15.372
Iran,IRN,1966,15.858
Iran,IRN,1967,16.349
Iran,IRN,1968,16.846
Iran,IRN,1969,17.359
Iran,IRN,1970,17.894
Iran,IRN,1971,18.437
Iran,IRN,1972,18.985
Iran,IRN,1973,19.549
Iran,IRN,1974,20.136
Iran,IRN,1975,20.754
Iran,IRN,1976,21.389
Iran,IRN,1977,22.062
Iran,IRN,1978,22.794
Iran,IRN,1979,23.592
Iran,IRN,1980,24.462
Iran,IRN,1981,25.78
Iran,IRN,1982,27.182
Iran,IRN,1983,28.261
Iran,IRN,1984,29.344
Iran,IRN,1985,30.442
Iran,IRN,1986,31.586
Iran,IRN,1987,32.739
Iran,IRN,1988,33.813
Iran,IRN,1989,34.815
Iran,IRN,1990,35.843
Iran,IRN,1991,36.83
Iran,IRN,1992,37.566
Iran,IRN,1993,37.7
Iran,IRN,1994,37.772
Iran,IRN,1995,38.192
Iran,IRN,1996,38.607
Iran,IRN,1997,39.073
Iran,IRN,1998,39.613
Iran,IRN,1999,40.181
Iran,IRN,2000,40.779
Iran,IRN,2001,41.413
Iran,IRN,2002,41.757
Iran,IRN,2003,42.222
Iran,IRN,2004,43.135
Iran,IRN,2005,44.1
Iran,IRN,2006,45.061
Iran,IRN,2007,45.804
Iran,IRN,2008,46.363
Iran,IRN,2009,46.943
Iran,IRN,2010,47.534
Iran,IRN,2011,48.125
Iran,IRN,2012,48.731
Iran,IRN,2013,49.372
Iran,IRN,2014,50.04
Iran,IRN,2015,50.726
Iran,IRN,2016,51.458
Iran,IRN,2017,52.204
Iran,IRN,2018,52.874
Iran,IRN,2019,53.447
Iran,IRN,2020,53.859
Iran,IRN,2021,54.309
Iran,IRN,2022,54.965
Iran,IRN,2023,55.631
Iraq,IRQ,1950,13.022
Iraq,IRQ,1951,13.301
Iraq,IRQ,1952,13.62
Iraq,IRQ,1953,13.969
Iraq,IRQ,1954,14.326
Iraq,IRQ,1955,14.665
Iraq,IRQ,1956,14.99
Iraq,IRQ,1957,15.28
Iraq,IRQ,1958,15.529
Iraq,IRQ,1959,15.826
Iraq,IRQ,1960,16.175
Iraq,IRQ,1961,16.572
Iraq,IRQ,1962,17.078
Iraq,IRQ,1963,17.663
Iraq,IRQ,1964,18.266
Iraq,IRQ,1965,18.893
Iraq,IRQ,1966,19.545
Iraq,IRQ,1967,20.222
Iraq,IRQ,1968,20.927
Iraq,IRQ,1969,21.66
Iraq,IRQ,1970,22.426
Iraq,IRQ,1971,23.214
Iraq,IRQ,1972,24.026
Iraq,IRQ,1973,24.868
Iraq,IRQ,1974,25.725
Iraq,IRQ,1975,26.59
Iraq,IRQ,1976,27.475
Iraq,IRQ,1977,28.404
Iraq,IRQ,1978,29.377
Iraq,IRQ,1979,30.338
Iraq,IRQ,1980,31.309
Iraq,IRQ,1981,32.263
Iraq,IRQ,1982,33.184
Iraq,IRQ,1983,34.185
Iraq,IRQ,1984,35.268
Iraq,IRQ,1985,36.126
Iraq,IRQ,1986,37.026
Iraq,IRQ,1987,38.056
Iraq,IRQ,1988,38.949
Iraq,IRQ,1989,39.999
Iraq,IRQ,1990,40.498
Iraq,IRQ,1991,40.926
Iraq,IRQ,1992,42.155
Iraq,IRQ,1993,44.229
Iraq,IRQ,1994,46.391
Iraq,IRQ,1995,47.972
Iraq,IRQ,1996,49.528
Iraq,IRQ,1997,51.083
Iraq,IRQ,1998,52.713
Iraq,IRQ,1999,54.446
Iraq,IRQ,2000,56.26
Iraq,IRQ,2001,58.042
Iraq,IRQ,2002,59.905
Iraq,IRQ,2003,61.739
Iraq,IRQ,2004,63.525
Iraq,IRQ,2005,65.436
Iraq,IRQ,2006,65.917
Iraq,IRQ,2007,65.399
Iraq,IRQ,2008,66.734
Iraq,IRQ,2009,69.238
Iraq,IRQ,2010,71.512
Iraq,IRQ,2011,74.083
Iraq,IRQ,2012,77.523
Iraq,IRQ,2013,81.271
Iraq,IRQ,2014,84.192
Iraq,IRQ,2015,86.519
Iraq,IRQ,2016,88.614
Iraq,IRQ,2017,90.612
Iraq,IRQ,2018,92.751
Iraq,IRQ,2019,94.885
Iraq,IRQ,2020,97.014
Iraq,IRQ,2021,99.213
Iraq,IRQ,2022,101.515
Iraq,IRQ,2023,103.827
Ireland,IRL,1950,42.603
Ireland,IRL,1951,42.957
Ireland,IRL,1952,43.025
Ireland,IRL,1953,42.843
Ireland,IRL,1954,42.64
Ireland,IRL,1955,42.411
Ireland,IRL,1956,42.181
Ireland,IRL,1957,41.966
Ireland,IRL,1958,41.745
Ireland,IRL,1959,41.529
Ireland,IRL,1960,41.36
Ireland,IRL,1961,41.317
Ireland,IRL,1962,41.416
Ireland,IRL,1963,41.585
Ireland,IRL,1964,41.792
Ireland,IRL,1965,42.025
Ireland,IRL,1966,42.256
Ireland,IRL,1967,42.497
Ireland,IRL,1968,42.752
Ireland,IRL,1969,43.014
Ireland,IRL,1970,43.316
Ireland,IRL,1971,43.78
Ireland,IRL,1972,44.424
Ireland,IRL,1973,45.116
Ireland,IRL,1974,45.814
Ireland,IRL,1975,46.515
Ireland,IRL,1976,47.222
Ireland,IRL,1977,47.944
Ireland,IRL,1978,48.696
Ireland,IRL,1979,49.378
Ireland,IRL,1980,49.955
Ireland,IRL,1981,50.446
Ireland,IRL,1982,50.836
Ireland,IRL,1983,51.159
Ireland,IRL,1984,51.428
Ireland,IRL,1985,51.652
Ireland,IRL,1986,51.807
Ireland,IRL,1987,51.785
Ireland,IRL,1988,51.561
Ireland,IRL,1989,51.356
Ireland,IRL,1990,51.399
Ireland,IRL,1991,51.695
Ireland,IRL,1992,52.049
Ireland,IRL,1993,52.308
Ireland,IRL,1994,52.513
Ireland,IRL,1995,52.813
Ireland,IRL,1996,53.22
Ireland,IRL,1997,53.714
Ireland,IRL,1998,54.282
Ireland,IRL,1999,54.894
Ireland,IRL,2000,55.62
Ireland,IRL,2001,56.504
Ireland,IRL,2002,57.461
Ireland,IRL,2003,58.404
Ireland,IRL,2004,59.474
Ireland,IRL,2005,60.779
Ireland,IRL,2006,62.439
Ireland,IRL,2007,64.264
Ireland,IRL,2008,65.616
Ireland,IRL,2009,66.315
Ireland,IRL,2010,66.685
Ireland,IRL,2011,66.986
Ireland,IRL,2012,67.286
Ireland,IRL,2013,67.645
Ireland,IRL,2014,68.136
Ireland,IRL,2015,68.783
Ireland,IRL,2016,69.529
Ireland,IRL,2017,70.359
Ireland,IRL,2018,71.271
Ireland,IRL,2019,72.162
Ireland,IRL,2020,72.88
Ireland,IRL,2021,73.55
Ireland,IRL,2022,74.744
Ireland,IRL,2023,76.011
Isle of Man,IMN,1950,96.309
Isle of Man,IMN,1951,96.269
Isle of Man,IMN,1952,95.529
Isle of Man,IMN,1953,94.529
Isle of Man,IMN,1954,93.435
Isle of Man,IMN,1955,92.266
Isle of Man,IMN,1956,91.011
Isle of Man,IMN,1957,89.692
Isle of Man,IMN,1958,88.33
Isle of Man,IMN,1959,86.912
Isle of Man,IMN,1960,85.434
Isle of Man,IMN,1961,84.705
Isle of Man,IMN,1962,85.119
Isle of Man,IMN,1963,85.928
Isle of Man,IMN,1964,86.757
Isle of Man,IMN,1965,87.569
Isle of Man,IMN,1966,88.721
Isle of Man,IMN,1967,90.456
Isle of Man,IMN,1968,92.466
Isle of Man,IMN,1969,94.534
Isle of Man,IMN,1970,96.677
Isle of Man,IMN,1971,98.649
Isle of Man,IMN,1972,100.291
Isle of Man,IMN,1973,101.846
Isle of Man,IMN,1974,103.389
Isle of Man,IMN,1975,104.823
Isle of Man,IMN,1976,106.206
Isle of Man,IMN,1977,107.634
Isle of Man,IMN,1978,109.088
Isle of Man,IMN,1979,110.558
Isle of Man,IMN,1980,112.021
Isle of Man,IMN,1981,112.93
Isle of Man,IMN,1982,113.088
Isle of Man,IMN,1983,112.99
Isle of Man,IMN,1984,112.811
Isle of Man,IMN,1985,112.589
Isle of Man,IMN,1986,113.104
Isle of Man,IMN,1987,114.679
Isle of Man,IMN,1988,116.574
Isle of Man,IMN,1989,118.514
Isle of Man,IMN,1990,120.483
Isle of Man,IMN,1991,122.043
Isle of Man,IMN,1992,122.996
Isle of Man,IMN,1993,123.726
Isle of Man,IMN,1994,124.42
Isle of Man,IMN,1995,125.023
Isle of Man,IMN,1996,125.957
Isle of Man,IMN,1997,127.463
Isle of Man,IMN,1998,129.127
Isle of Man,IMN,1999,130.753
Isle of Man,IMN,2000,132.271
Isle of Man,IMN,2001,133.699
Isle of Man,IMN,2002,135.097
Isle of Man,IMN,2003,136.449
Isle of Man,IMN,2004,137.748
Isle of Man,IMN,2005,139.013
Isle of Man,IMN,2006,140.374
Isle of Man,IMN,2007,141.865
Isle of Man,IMN,2008,143.408
Isle of Man,IMN,2009,144.999
Isle of Man,IMN,2010,146.631
Isle of Man,IMN,2011,147.522
Isle of Man,IMN,2012,147.438
Isle of Man,IMN,2013,147.101
Isle of Man,IMN,2014,146.665
Isle of Man,IMN,2015,146.142
Isle of Man,IMN,2016,145.92
Isle of Man,IMN,2017,146.17
Isle of Man,IMN,2018,146.513
Isle of Man,IMN,2019,146.777
Isle of Man,IMN,2020,146.964
Isle of Man,IMN,2021,147.038
Isle of Man,IMN,2022,147.084
Isle of Man,IMN,2023,147.142
Israel,ISR,1950,59.568
Israel,ISR,1951,62.459
Israel,ISR,1952,65.343
Israel,ISR,1953,68.213
Israel,ISR,1954,71.064
Israel,ISR,1955,73.904
Israel,ISR,1956,76.728
Israel,ISR,1957,79.496
Israel,ISR,1958,82.198
Israel,ISR,1959,84.847
Israel,ISR,1960,87.416
Israel,ISR,1961,90.417
Israel,ISR,1962,94.301
Israel,ISR,1963,98.648
Israel,ISR,1964,103.121
Israel,ISR,1965,107.723
Israel,ISR,1966,112.454
Israel,ISR,1967,117.297
Israel,ISR,1968,122.232
Israel,ISR,1969,127.254
Israel,ISR,1970,132.365
Israel,ISR,1971,137.564
Israel,ISR,1972,142.282
Israel,ISR,1973,146.146
Israel,ISR,1974,149.701
Israel,ISR,1975,153.31
Israel,ISR,1976,157.015
Israel,ISR,1977,160.773
Israel,ISR,1978,164.506
Israel,ISR,1979,168.224
Israel,ISR,1980,171.957
Israel,ISR,1981,175.68
Israel,ISR,1982,179.441
Israel,ISR,1983,182.952
Israel,ISR,1984,186.376
Israel,ISR,1985,189.685
Israel,ISR,1986,192.624
Israel,ISR,1987,195.762
Israel,ISR,1988,199.017
Israel,ISR,1989,202.445
Israel,ISR,1990,209.999
Israel,ISR,1991,220.852
Israel,ISR,1992,229.046
Israel,ISR,1993,234.997
Israel,ISR,1994,241.034
Israel,ISR,1995,247.412
Israel,ISR,1996,254.103
Israel,ISR,1997,260.891
Israel,ISR,1998,267.529
Israel,ISR,1999,274.735
Israel,ISR,2000,282.363
Israel,ISR,2001,289.238
Israel,ISR,2002,295.14
Israel,ISR,2003,300.458
Israel,ISR,2004,305.646
Israel,ISR,2005,310.872
Israel,ISR,2006,316.224
Israel,ISR,2007,321.695
Israel,ISR,2008,327.248
Israel,ISR,2009,332.953
Israel,ISR,2010,338.989
Israel,ISR,2011,345.193
Israel,ISR,2012,351.512
Israel,ISR,2013,358.055
Israel,ISR,2014,364.884
Israel,ISR,2015,372.079
Israel,ISR,2016,379.338
Israel,ISR,2017,386.351
Israel,ISR,2018,393.202
Israel,ISR,2019,400.013
Israel,ISR,2020,406.615
Israel,ISR,2021,413.202
Israel,ISR,2022,420.605
Israel,ISR,2023,427.682
Italy,ITA,1950,156.742
Italy,ITA,1951,157.959
Italy,ITA,1952,158.859
Italy,ITA,1953,160.185
Italy,ITA,1954,161.609
Italy,ITA,1955,162.618
Italy,ITA,1956,163.534
Italy,ITA,1957,164.396
Italy,ITA,1958,165.308
Italy,ITA,1959,166.296
Italy,ITA,1960,167.293
Italy,ITA,1961,168.309
Italy,ITA,1962,169.51
Italy,ITA,1963,170.862
Italy,ITA,1964,172.378
Italy,ITA,1965,173.936
Italy,ITA,1966,175.417
Italy,ITA,1967,176.834
Italy,ITA,1968,178.097
Italy,ITA,1969,179.272
Italy,ITA,1970,180.388
Italy,ITA,1971,181.461
Italy,ITA,1972,182.676
Italy,ITA,1973,183.97
Italy,ITA,1974,185.222
Italy,ITA,1975,186.388
Italy,ITA,1976,187.379
Italy,ITA,1977,188.241
Italy,ITA,1978,188.999
Italy,ITA,1979,189.652
Italy,ITA,1980,190.597
Italy,ITA,1981,191.39
Italy,ITA,1982,191.635
Italy,ITA,1983,191.794
Italy,ITA,1984,191.943
Italy,ITA,1985,192.096
Italy,ITA,1986,192.165
Italy,ITA,1987,192.219
Italy,ITA,1988,192.343
Italy,ITA,1989,192.505
Italy,ITA,1990,192.69
Italy,ITA,1991,192.839
Italy,ITA,1992,193.006
Italy,ITA,1993,193.161
Italy,ITA,1994,194.003
Italy,ITA,1995,193.947
Italy,ITA,1996,193.131
Italy,ITA,1997,193.223
Italy,ITA,1998,193.311
Italy,ITA,1999,193.397
Italy,ITA,2000,193.503
Italy,ITA,2001,193.617
Italy,ITA,2002,194.005
Italy,ITA,2003,195.083
Italy,ITA,2004,196.56
Italy,ITA,2005,197.718
Italy,ITA,2006,198.511
Italy,ITA,2007,199.708
Italy,ITA,2008,201.239
Italy,ITA,2009,202.396
Italy,ITA,2010,203.275
Italy,ITA,2011,203.963
Italy,ITA,2012,204.516
Italy,ITA,2013,204.929
Italy,ITA,2014,204.964
Italy,ITA,2015,204.664
Italy,ITA,2016,204.335
Italy,ITA,2017,204.039
Italy,ITA,2018,203.657
Italy,ITA,2019,203.16
Italy,ITA,2020,202.425
Italy,ITA,2021,201.805
Italy,ITA,2022,201.433
Italy,ITA,2023,201.029
Jamaica,JAM,1950,129.936
Jamaica,JAM,1951,133.654
Jamaica,JAM,1952,136.781
Jamaica,JAM,1953,139.403
Jamaica,JAM,1954,141.593
Jamaica,JAM,1955,143.464
Jamaica,JAM,1956,145.15
Jamaica,JAM,1957,146.785
Jamaica,JAM,1958,148.501
Jamaica,JAM,1959,150.345
Jamaica,JAM,1960,152.355
Jamaica,JAM,1961,154.502
Jamaica,JAM,1962,156.688
Jamaica,JAM,1963,158.92
Jamaica,JAM,1964,161.179
Jamaica,JAM,1965,163.36
Jamaica,JAM,1966,165.418
Jamaica,JAM,1967,167.393
Jamaica,JAM,1968,169.323
Jamaica,JAM,1969,171.295
Jamaica,JAM,1970,173.425
Jamaica,JAM,1971,175.783
Jamaica,JAM,1972,178.351
Jamaica,JAM,1973,181.091
Jamaica,JAM,1974,183.832
Jamaica,JAM,1975,186.425
Jamaica,JAM,1976,188.881
Jamaica,JAM,1977,191.196
Jamaica,JAM,1978,193.429
Jamaica,JAM,1979,195.705
Jamaica,JAM,1980,198.122
Jamaica,JAM,1981,200.722
Jamaica,JAM,1982,203.498
Jamaica,JAM,1983,206.356
Jamaica,JAM,1984,209.101
Jamaica,JAM,1985,211.51
Jamaica,JAM,1986,213.493
Jamaica,JAM,1987,215.126
Jamaica,JAM,1988,216.6
Jamaica,JAM,1989,218.09
Jamaica,JAM,1990,219.749
Jamaica,JAM,1991,221.687
Jamaica,JAM,1992,223.887
Jamaica,JAM,1993,226.216
Jamaica,JAM,1994,228.552
Jamaica,JAM,1995,230.854
Jamaica,JAM,1996,233.099
Jamaica,JAM,1997,235.258
Jamaica,JAM,1998,237.279
Jamaica,JAM,1999,239.132
Jamaica,JAM,2000,240.796
Jamaica,JAM,2001,242.327
Jamaica,JAM,2002,243.82
Jamaica,JAM,2003,245.302
Jamaica,JAM,2004,246.743
Jamaica,JAM,2005,248.113
Jamaica,JAM,2006,249.397
Jamaica,JAM,2007,250.582
Jamaica,JAM,2008,251.674
Jamaica,JAM,2009,252.723
Jamaica,JAM,2010,253.792
Jamaica,JAM,2011,254.893
Jamaica,JAM,2012,255.995
Jamaica,JAM,2013,257.035
Jamaica,JAM,2014,257.964
Jamaica,JAM,2015,258.775
Jamaica,JAM,2016,259.457
Jamaica,JAM,2017,259.997
Jamaica,JAM,2018,260.397
Jamaica,JAM,2019,260.69
Jamaica,JAM,2020,261.379
Jamaica,JAM,2021,262.02
Jamaica,JAM,2022,262.155
Jamaica,JAM,2023,262.215
Japan,JPN,1950,229.4
Japan,JPN,1951,233.133
Japan,JPN,1952,236.543
Japan,JPN,1953,239.699
Japan,JPN,1954,242.574
Japan,JPN,1955,245.275
Japan,JPN,1956,247.707
Japan,JPN,1957,249.743
Japan,JPN,1958,251.701
Japan,JPN,1959,253.76
Japan,JPN,1960,255.822
Japan,JPN,1961,257.992
Japan,JPN,1962,260.271
Japan,JPN,1963,262.611
Japan,JPN,1964,265.084
Japan,JPN,1965,267.807
Japan,JPN,1966,270.386
Japan,JPN,1967,273.246
Japan,JPN,1968,276.621
Japan,JPN,1969,279.906
Japan,JPN,1970,283.189
Japan,JPN,1971,286.479
Japan,JPN,1972,289.894
Japan,JPN,1973,293.545
Japan,JPN,1974,297.247
Japan,JPN,1975,300.727
Japan,JPN,1976,303.863
Japan,JPN,1977,306.706
Japan,JPN,1978,309.367
Japan,JPN,1979,311.874
Japan,JPN,1980,314.096
Japan,JPN,1981,315.782
Japan,JPN,1982,317.086
Japan,JPN,1983,318.316
Japan,JPN,1984,319.471
Japan,JPN,1985,320.659
Japan,JPN,1986,322.078
Japan,JPN,1987,323.609
Japan,JPN,1988,325.024
Japan,JPN,1989,326.273
Japan,JPN,1990,327.473
Japan,JPN,1991,328.774
Japan,JPN,1992,330.084
Japan,JPN,1993,331.295
Japan,JPN,1994,332.481
Japan,JPN,1995,333.505
Japan,JPN,1996,334.308
Japan,JPN,1997,335.079
Japan,JPN,1998,335.831
Japan,JPN,1999,336.501
Japan,JPN,2000,337.101
Japan,JPN,2001,337.718
Japan,JPN,2002,338.313
Japan,JPN,2003,338.809
Japan,JPN,2004,339.192
Japan,JPN,2005,339.451
Japan,JPN,2006,339.674
Japan,JPN,2007,339.914
Japan,JPN,2008,340.095
Japan,JPN,2009,340.192
Japan,JPN,2010,340.173
Japan,JPN,2011,339.937
Japan,JPN,2012,339.491
Japan,JPN,2013,338.948
Japan,JPN,2014,338.319
Japan,JPN,2015,337.759
Japan,JPN,2016,337.452
Japan,JPN,2017,337.199
Japan,JPN,2018,336.798
Japan,JPN,2019,336.23
Japan,JPN,2020,335.182
Japan,JPN,2021,333.523
Japan,JPN,2022,331.713
Japan,JPN,2023,330.05
Jersey,JEY,1950,492.328
Jersey,JEY,1951,500.138
Jersey,JEY,1952,506.164
Jersey,JEY,1953,511.75
Jersey,JEY,1954,517.211
Jersey,JEY,1955,522.457
Jersey,JEY,1956,527.418
Jersey,JEY,1957,532.422
Jersey,JEY,1958,537.711
Jersey,JEY,1959,543.155
Jersey,JEY,1960,548.651
Jersey,JEY,1961,554.293
Jersey,JEY,1962,560.004
Jersey,JEY,1963,565.681
Jersey,JEY,1964,571.31
Jersey,JEY,1965,576.806
Jersey,JEY,1966,582.198
Jersey,JEY,1967,587.418
Jersey,JEY,1968,592.121
Jersey,JEY,1969,596.371
Jersey,JEY,1970,600.47
Jersey,JEY,1971,606.909
Jersey,JEY,1972,616.207
Jersey,JEY,1973,625.569
Jersey,JEY,1974,634.22
Jersey,JEY,1975,642.293
Jersey,JEY,1976,648.224
Jersey,JEY,1977,651.603
Jersey,JEY,1978,654.25
Jersey,JEY,1979,656.957
Jersey,JEY,1980,659.767
Jersey,JEY,1981,664.216
Jersey,JEY,1982,670.858
Jersey,JEY,1983,678.116
Jersey,JEY,1984,685.474
Jersey,JEY,1985,692.858
Jersey,JEY,1986,699.776
Jersey,JEY,1987,705.978
Jersey,JEY,1988,711.991
Jersey,JEY,1989,718.22
Jersey,JEY,1990,725.741
Jersey,JEY,1991,731.806
Jersey,JEY,1992,734.677
Jersey,JEY,1993,736.884
Jersey,JEY,1994,738.81
Jersey,JEY,1995,740.259
Jersey,JEY,1996,742.909
Jersey,JEY,1997,747.073
Jersey,JEY,1998,751.103
Jersey,JEY,1999,754.573
Jersey,JEY,2000,757.246
Jersey,JEY,2001,761.966
Jersey,JEY,2002,769.802
Jersey,JEY,2003,778.272
Jersey,JEY,2004,786.746
Jersey,JEY,2005,795.246
Jersey,JEY,2006,803.69
Jersey,JEY,2007,812.129
Jersey,JEY,2008,820.517
Jersey,JEY,2009,828.836
Jersey,JEY,2010,837.134
Jersey,JEY,2011,845.082
Jersey,JEY,2012,852.681
Jersey,JEY,2013,859.953
Jersey,JEY,2014,866.966
Jersey,JEY,2015,872.56
Jersey,JEY,2016,876.651
Jersey,JEY,2017,880.388
Jersey,JEY,2018,883.776
Jersey,JEY,2019,886.694
Jersey,JEY,2020,889.052
Jersey,JEY,2021,890.754
Jersey,JEY,2022,892.159
Jersey,JEY,2023,893.746
Jordan,JOR,1950,4.942
Jordan,JOR,1951,5.306
Jordan,JOR,1952,5.704
Jordan,JOR,1953,6.128
Jordan,JOR,1954,6.575
Jordan,JOR,1955,7.045
Jordan,JOR,1956,7.535
Jordan,JOR,1957,8.045
Jordan,JOR,1958,8.568
Jordan,JOR,1959,9.095
Jordan,JOR,1960,9.612
Jordan,JOR,1961,10.109
Jordan,JOR,1962,10.593
Jordan,JOR,1963,11.09
Jordan,JOR,1964,11.663
Jordan,JOR,1965,12.382
Jordan,JOR,1966,13.271
Jordan,JOR,1967,14.316
Jordan,JOR,1968,15.457
Jordan,JOR,1969,16.59
Jordan,JOR,1970,17.627
Jordan,JOR,1971,18.528
Jordan,JOR,1972,19.309
Jordan,JOR,1973,20.025
Jordan,JOR,1974,20.713
Jordan,JOR,1975,21.387
Jordan,JOR,1976,22.053
Jordan,JOR,1977,22.738
Jordan,JOR,1978,23.465
Jordan,JOR,1979,24.257
Jordan,JOR,1980,25.161
Jordan,JOR,1981,26.19
Jordan,JOR,1982,27.332
Jordan,JOR,1983,28.575
Jordan,JOR,1984,29.897
Jordan,JOR,1985,31.295
Jordan,JOR,1986,32.771
Jordan,JOR,1987,34.323
Jordan,JOR,1988,35.96
Jordan,JOR,1989,37.724
Jordan,JOR,1990,40.79
Jordan,JOR,1991,44.093
Jordan,JOR,1992,46.486
Jordan,JOR,1993,48.967
Jordan,JOR,1994,51.371
Jordan,JOR,1995,53.518
Jordan,JOR,1996,55.325
Jordan,JOR,1997,56.831
Jordan,JOR,1998,58.16
Jordan,JOR,1999,59.423
Jordan,JOR,2000,60.668
Jordan,JOR,2001,61.929
Jordan,JOR,2002,63.248
Jordan,JOR,2003,64.665
Jordan,JOR,2004,66.244
Jordan,JOR,2005,67.905
Jordan,JOR,2006,72.385
Jordan,JOR,2007,76.888
Jordan,JOR,2008,78.72
Jordan,JOR,2009,80.431
Jordan,JOR,2010,82.179
Jordan,JOR,2011,84.245
Jordan,JOR,2012,85.446
Jordan,JOR,2013,90.004
Jordan,JOR,2014,99.012
Jordan,JOR,2015,107.493
Jordan,JOR,2016,112.692
Jordan,JOR,2017,115.258
Jordan,JOR,2018,117.827
Jordan,JOR,2019,120.187
Jordan,JOR,2020,122.364
Jordan,JOR,2021,124.63
Jordan,JOR,2022,126.768
Jordan,JOR,2023,128.829
Kazakhstan,KAZ,1950,2.514
Kazakhstan,KAZ,1951,2.601
Kazakhstan,KAZ,1952,2.689
Kazakhstan,KAZ,1953,2.778
Kazakhstan,KAZ,1954,2.868
Kazakhstan,KAZ,1955,2.961
Kazakhstan,KAZ,1956,3.058
Kazakhstan,KAZ,1957,3.161
Kazakhstan,KAZ,1958,3.268
Kazakhstan,KAZ,1959,3.379
Kazakhstan,KAZ,1960,3.493
Kazakhstan,KAZ,1961,3.609
Kazakhstan,KAZ,1962,3.726
Kazakhstan,KAZ,1963,3.844
Kazakhstan,KAZ,1964,3.96
Kazakhstan,KAZ,1965,4.072
Kazakhstan,KAZ,1966,4.182
Kazakhstan,KAZ,1967,4.291
Kazakhstan,KAZ,1968,4.4
Kazakhstan,KAZ,1969,4.503
Kazakhstan,KAZ,1970,4.6
Kazakhstan,KAZ,1971,4.699
Kazakhstan,KAZ,1972,4.797
Kazakhstan,KAZ,1973,4.892
Kazakhstan,KAZ,1974,4.984
Kazakhstan,KAZ,1975,5.075
Kazakhstan,KAZ,1976,5.185
Kazakhstan,KAZ,1977,5.317
Kazakhstan,KAZ,1978,5.449
Kazakhstan,KAZ,1979,5.548
Kazakhstan,KAZ,1980,5.613
Kazakhstan,KAZ,1981,5.676
Kazakhstan,KAZ,1982,5.739
Kazakhstan,KAZ,1983,5.803
Kazakhstan,KAZ,1984,5.869
Kazakhstan,KAZ,1985,5.938
Kazakhstan,KAZ,1986,6.024
Kazakhstan,KAZ,1987,6.122
Kazakhstan,KAZ,1988,6.216
Kazakhstan,KAZ,1989,6.296
Kazakhstan,KAZ,1990,6.354
Kazakhstan,KAZ,1991,6.4
Kazakhstan,KAZ,1992,6.42
Kazakhstan,KAZ,1993,6.399
Kazakhstan,KAZ,1994,6.313
Kazakhstan,KAZ,1995,6.197
Kazakhstan,KAZ,1996,6.081
Kazakhstan,KAZ,1997,5.943
Kazakhstan,KAZ,1998,5.796
Kazakhstan,KAZ,1999,5.725
Kazakhstan,KAZ,2000,5.742
Kazakhstan,KAZ,2001,5.769
Kazakhstan,KAZ,2002,5.799
Kazakhstan,KAZ,2003,5.833
Kazakhstan,KAZ,2004,5.871
Kazakhstan,KAZ,2005,5.915
Kazakhstan,KAZ,2006,5.965
Kazakhstan,KAZ,2007,6.022
Kazakhstan,KAZ,2008,6.085
Kazakhstan,KAZ,2009,6.156
Kazakhstan,KAZ,2010,6.237
Kazakhstan,KAZ,2011,6.321
Kazakhstan,KAZ,2012,6.41
Kazakhstan,KAZ,2013,6.503
Kazakhstan,KAZ,2014,6.599
Kazakhstan,KAZ,2015,6.699
Kazakhstan,KAZ,2016,6.802
Kazakhstan,KAZ,2017,6.909
Kazakhstan,KAZ,2018,7.013
Kazakhstan,KAZ,2019,7.115
Kazakhstan,KAZ,2020,7.216
Kazakhstan,KAZ,2021,7.313
Kazakhstan,KAZ,2022,7.421
Kazakhstan,KAZ,2023,7.531
Kenya,KEN,1950,9.934
Kenya,KEN,1951,10.149
Kenya,KEN,1952,10.389
Kenya,KEN,1953,10.649
Kenya,KEN,1954,10.931
Kenya,KEN,1955,11.243
Kenya,KEN,1956,11.585
Kenya,KEN,1957,11.959
Kenya,KEN,1958,12.355
Kenya,KEN,1959,12.782
Kenya,KEN,1960,13.251
Kenya,KEN,1961,13.755
Kenya,KEN,1962,14.291
Kenya,KEN,1963,14.857
Kenya,KEN,1964,15.452
Kenya,KEN,1965,16.08
Kenya,KEN,1966,16.734
Kenya,KEN,1967,17.411
Kenya,KEN,1968,18.113
Kenya,KEN,1969,18.838
Kenya,KEN,1970,19.577
Kenya,KEN,1971,20.3
Kenya,KEN,1972,21.019
Kenya,KEN,1973,21.757
Kenya,KEN,1974,22.506
Kenya,KEN,1975,23.267
Kenya,KEN,1976,24.035
Kenya,KEN,1977,24.846
Kenya,KEN,1978,25.716
Kenya,KEN,1979,26.623
Kenya,KEN,1980,27.583
Kenya,KEN,1981,28.587
Kenya,KEN,1982,29.629
Kenya,KEN,1983,30.731
Kenya,KEN,1984,31.882
Kenya,KEN,1985,33.065
Kenya,KEN,1986,34.27
Kenya,KEN,1987,35.5
Kenya,KEN,1988,36.775
Kenya,KEN,1989,38.087
Kenya,KEN,1990,39.421
Kenya,KEN,1991,40.719
Kenya,KEN,1992,41.986
Kenya,KEN,1993,43.251
Kenya,KEN,1994,44.525
Kenya,KEN,1995,45.808
Kenya,KEN,1996,47.086
Kenya,KEN,1997,48.391
Kenya,KEN,1998,49.745
Kenya,KEN,1999,51.2
Kenya,KEN,2000,52.766
Kenya,KEN,2001,54.447
Kenya,KEN,2002,56.188
Kenya,KEN,2003,57.948
Kenya,KEN,2004,59.776
Kenya,KEN,2005,61.641
Kenya,KEN,2006,63.548
Kenya,KEN,2007,65.498
Kenya,KEN,2008,67.512
Kenya,KEN,2009,69.583
Kenya,KEN,2010,71.632
Kenya,KEN,2011,73.629
Kenya,KEN,2012,75.575
Kenya,KEN,2013,77.466
Kenya,KEN,2014,79.3
Kenya,KEN,2015,81.085
Kenya,KEN,2016,82.895
Kenya,KEN,2017,84.717
Kenya,KEN,2018,86.455
Kenya,KEN,2019,88.17
Kenya,KEN,2020,89.917
Kenya,KEN,2021,91.642
Kenya,KEN,2022,93.421
Kenya,KEN,2023,95.292
Kiribati,KIR,1950,52.129
Kiribati,KIR,1951,53.198
Kiribati,KIR,1952,54.306
Kiribati,KIR,1953,55.459
Kiribati,KIR,1954,56.656
Kiribati,KIR,1955,57.907
Kiribati,KIR,1956,59.216
Kiribati,KIR,1957,60.571
Kiribati,KIR,1958,61.965
Kiribati,KIR,1959,63.421
Kiribati,KIR,1960,64.954
Kiribati,KIR,1961,66.561
Kiribati,KIR,1962,68.235
Kiribati,KIR,1963,69.961
Kiribati,KIR,1964,71.747
Kiribati,KIR,1965,73.607
Kiribati,KIR,1966,74.966
Kiribati,KIR,1967,75.752
Kiribati,KIR,1968,76.486
Kiribati,KIR,1969,77.631
Kiribati,KIR,1970,79.215
Kiribati,KIR,1971,80.788
Kiribati,KIR,1972,82.339
Kiribati,KIR,1973,83.779
Kiribati,KIR,1974,84.324
Kiribati,KIR,1975,84.004
Kiribati,KIR,1976,83.556
Kiribati,KIR,1977,83.012
Kiribati,KIR,1978,82.458
Kiribati,KIR,1979,82.881
Kiribati,KIR,1980,84.225
Kiribati,KIR,1981,85.567
Kiribati,KIR,1982,86.961
Kiribati,KIR,1983,88.387
Kiribati,KIR,1984,89.845
Kiribati,KIR,1985,91.593
Kiribati,KIR,1986,93.746
Kiribati,KIR,1987,96.05
Kiribati,KIR,1988,98.384
Kiribati,KIR,1989,100.754
Kiribati,KIR,1990,103.105
Kiribati,KIR,1991,105.188
Kiribati,KIR,1992,106.944
Kiribati,KIR,1993,108.596
Kiribati,KIR,1994,110.222
Kiribati,KIR,1995,111.893
Kiribati,KIR,1996,113.805
Kiribati,KIR,1997,115.906
Kiribati,KIR,1998,117.986
Kiribati,KIR,1999,120.008
Kiribati,KIR,2000,122.056
Kiribati,KIR,2001,124.428
Kiribati,KIR,2002,127.085
Kiribati,KIR,2003,129.718
Kiribati,KIR,2004,132.348
Kiribati,KIR,2005,135.035
Kiribati,KIR,2006,137.765
Kiribati,KIR,2007,140.59
Kiribati,KIR,2008,143.557
Kiribati,KIR,2009,146.649
Kiribati,KIR,2010,149.73
Kiribati,KIR,2011,152.407
Kiribati,KIR,2012,154.661
Kiribati,KIR,2013,156.802
Kiribati,KIR,2014,158.852
Kiribati,KIR,2015,160.902
Kiribati,KIR,2016,163.193
Kiribati,KIR,2017,165.667
Kiribati,KIR,2018,168.159
Kiribati,KIR,2019,170.689
Kiribati,KIR,2020,173.69
Kiribati,KIR,2021,176.828
Kiribati,KIR,2022,179.709
Kiribati,KIR,2023,182.549
Kosovo,OWID_KOS,1950,71.387
Kosovo,OWID_KOS,1951,72.84
Kosovo,OWID_KOS,1952,74.371
Kosovo,OWID_KOS,1953,76.002
Kosovo,OWID_KOS,1954,77.751
Kosovo,OWID_KOS,1955,79.601
Kosovo,OWID_KOS,1956,81.496
Kosovo,OWID_KOS,1957,83.49
Kosovo,OWID_KOS,1958,85.616
Kosovo,OWID_KOS,1959,87.889
Kosovo,OWID_KOS,1960,90.311
Kosovo,OWID_KOS,1961,92.748
Kosovo,OWID_KOS,1962,95.089
Kosovo,OWID_KOS,1963,97.454
Kosovo,OWID_KOS,1964,99.979
Kosovo,OWID_KOS,1965,102.721
Kosovo,OWID_KOS,1966,105.693
Kosovo,OWID_KOS,1967,108.91
Kosovo,OWID_KOS,1968,111.344
Kosovo,OWID_KOS,1969,112.926
Kosovo,OWID_KOS,1970,114.586
Kosovo,OWID_KOS,1971,116.737
Kosovo,OWID_KOS,1972,119.356
Kosovo,OWID_KOS,1973,122.07
Kosovo,OWID_KOS,1974,125
Kosovo,OWID_KOS,1975,128.169
Kosovo,OWID_KOS,1976,131.58
Kosovo,OWID_KOS,1977,135.209
Kosovo,OWID_KOS,1978,139.042
Kosovo,OWID_KOS,1979,143.034
Kosovo,OWID_KOS,1980,147.164
Kosovo,OWID_KOS,1981,150.992
Kosovo,OWID_KOS,1982,154.348
Kosovo,OWID_KOS,1983,157.657
Kosovo,OWID_KOS,1984,161.102
Kosovo,OWID_KOS,1985,164.697
Kosovo,OWID_KOS,1986,168.452
Kosovo,OWID_KOS,1987,172.452
Kosovo,OWID_KOS,1988,175.872
Kosovo,OWID_KOS,1989,178.481
Kosovo,OWID_KOS,1990,180.999
Kosovo,OWID_KOS,1991,183.894
Kosovo,OWID_KOS,1992,187.045
Kosovo,OWID_KOS,1993,190.065
Kosovo,OWID_KOS,1994,193.054
Kosovo,OWID_KOS,1995,196.012
Kosovo,OWID_KOS,1996,198.877
Kosovo,OWID_KOS,1997,201.493
Kosovo,OWID_KOS,1998,190.643
Kosovo,OWID_KOS,1999,171.621
Kosovo,OWID_KOS,2000,165.29
Kosovo,OWID_KOS,2001,166.897
Kosovo,OWID_KOS,2002,167.764
Kosovo,OWID_KOS,2003,167.486
Kosovo,OWID_KOS,2004,167.15
Kosovo,OWID_KOS,2005,166.745
Kosovo,OWID_KOS,2006,166.261
Kosovo,OWID_KOS,2007,165.712
Kosovo,OWID_KOS,2008,165.141
Kosovo,OWID_KOS,2009,164.574
Kosovo,OWID_KOS,2010,164.03
Kosovo,OWID_KOS,2011,164.324
Kosovo,OWID_KOS,2012,165.661
Kosovo,OWID_KOS,2013,166.636
Kosovo,OWID_KOS,2014,165.885
Kosovo,OWID_KOS,2015,163.138
Kosovo,OWID_KOS,2016,161.556
Kosovo,OWID_KOS,2017,162.138
Kosovo,OWID_KOS,2018,162.104
Kosovo,OWID_KOS,2019,160.939
Kosovo,OWID_KOS,2020,160.607
Kosovo,OWID_KOS,2021,159.692
Kosovo,OWID_KOS,2022,157.537
Kosovo,OWID_KOS,2023,155.895
Kuwait,KWT,1950,8.641
Kuwait,KWT,1951,8.893
Kuwait,KWT,1952,9.157
Kuwait,KWT,1953,9.434
Kuwait,KWT,1954,9.723
Kuwait,KWT,1955,10.445
Kuwait,KWT,1956,11.63
Kuwait,KWT,1957,12.742
Kuwait,KWT,1958,14.042
Kuwait,KWT,1959,15.688
Kuwait,KWT,1960,17.458
Kuwait,KWT,1961,19.415
Kuwait,KWT,1962,21.607
Kuwait,KWT,1963,24.003
Kuwait,KWT,1964,26.553
Kuwait,KWT,1965,29.25
Kuwait,KWT,1966,32.135
Kuwait,KWT,1967,35.25
Kuwait,KWT,1968,38.597
Kuwait,KWT,1969,42.062
Kuwait,KWT,1970,45.41
Kuwait,KWT,1971,48.551
Kuwait,KWT,1972,51.653
Kuwait,KWT,1973,54.869
Kuwait,KWT,1974,58.275
Kuwait,KWT,1975,62.008
Kuwait,KWT,1976,66.153
Kuwait,KWT,1977,70.604
Kuwait,KWT,1978,75.223
Kuwait,KWT,1979,79.892
Kuwait,KWT,1980,84.453
Kuwait,KWT,1981,88.867
Kuwait,KWT,1982,93.303
Kuwait,KWT,1983,97.895
Kuwait,KWT,1984,102.182
Kuwait,KWT,1985,106.311
Kuwait,KWT,1986,110.704
Kuwait,KWT,1987,115.22
Kuwait,KWT,1988,119.806
Kuwait,KWT,1989,124.451
Kuwait,KWT,1990,94.557
Kuwait,KWT,1991,75.845
Kuwait,KWT,1992,91.759
Kuwait,KWT,1993,93.846
Kuwait,KWT,1994,93.409
Kuwait,KWT,1995,94.372
Kuwait,KWT,1996,97.107
Kuwait,KWT,1997,100.33
Kuwait,KWT,1998,103.508
Kuwait,KWT,1999,106.635
Kuwait,KWT,2000,109.704
Kuwait,KWT,2001,112.702
Kuwait,KWT,2002,115.612
Kuwait,KWT,2003,118.413
Kuwait,KWT,2004,121.075
Kuwait,KWT,2005,125.535
Kuwait,KWT,2006,132.716
Kuwait,KWT,2007,140.75
Kuwait,KWT,2008,148.806
Kuwait,KWT,2009,156.891
Kuwait,KWT,2010,165.191
Kuwait,KWT,2011,175.823
Kuwait,KWT,2012,187.284
Kuwait,KWT,2013,196.865
Kuwait,KWT,2014,205.734
Kuwait,KWT,2015,215.201
Kuwait,KWT,2016,224.715
Kuwait,KWT,2017,233.173
Kuwait,KWT,2018,242.642
Kuwait,KWT,2019,249.309
Kuwait,KWT,2020,246.949
Kuwait,KWT,2021,244.738
Kuwait,KWT,2022,257.577
Kuwait,KWT,2023,271.567
Kyrgyzstan,KGZ,1950,9.13
Kyrgyzstan,KGZ,1951,9.32
Kyrgyzstan,KGZ,1952,9.513
Kyrgyzstan,KGZ,1953,9.711
Kyrgyzstan,KGZ,1954,9.917
Kyrgyzstan,KGZ,1955,10.138
Kyrgyzstan,KGZ,1956,10.373
Kyrgyzstan,KGZ,1957,10.627
Kyrgyzstan,KGZ,1958,10.901
Kyrgyzstan,KGZ,1959,11.206
Kyrgyzstan,KGZ,1960,11.551
Kyrgyzstan,KGZ,1961,11.933
Kyrgyzstan,KGZ,1962,12.343
Kyrgyzstan,KGZ,1963,12.77
Kyrgyzstan,KGZ,1964,13.202
Kyrgyzstan,KGZ,1965,13.634
Kyrgyzstan,KGZ,1966,14.065
Kyrgyzstan,KGZ,1967,14.495
Kyrgyzstan,KGZ,1968,14.926
Kyrgyzstan,KGZ,1969,15.354
Kyrgyzstan,KGZ,1970,15.772
Kyrgyzstan,KGZ,1971,16.17
Kyrgyzstan,KGZ,1972,16.548
Kyrgyzstan,KGZ,1973,16.918
Kyrgyzstan,KGZ,1974,17.279
Kyrgyzstan,KGZ,1975,17.63
Kyrgyzstan,KGZ,1976,17.972
Kyrgyzstan,KGZ,1977,18.322
Kyrgyzstan,KGZ,1978,18.689
Kyrgyzstan,KGZ,1979,19.063
Kyrgyzstan,KGZ,1980,19.444
Kyrgyzstan,KGZ,1981,19.836
Kyrgyzstan,KGZ,1982,20.244
Kyrgyzstan,KGZ,1983,20.677
Kyrgyzstan,KGZ,1984,21.06
Kyrgyzstan,KGZ,1985,21.389
Kyrgyzstan,KGZ,1986,21.734
Kyrgyzstan,KGZ,1987,22.098
Kyrgyzstan,KGZ,1988,22.461
Kyrgyzstan,KGZ,1989,22.847
Kyrgyzstan,KGZ,1990,23.251
Kyrgyzstan,KGZ,1991,23.629
Kyrgyzstan,KGZ,1992,23.985
Kyrgyzstan,KGZ,1993,24.123
Kyrgyzstan,KGZ,1994,24.24
Kyrgyzstan,KGZ,1995,24.576
Kyrgyzstan,KGZ,1996,24.937
Kyrgyzstan,KGZ,1997,25.276
Kyrgyzstan,KGZ,1998,25.588
Kyrgyzstan,KGZ,1999,25.905
Kyrgyzstan,KGZ,2000,26.2
Kyrgyzstan,KGZ,2001,26.444
Kyrgyzstan,KGZ,2002,26.675
Kyrgyzstan,KGZ,2003,26.9
Kyrgyzstan,KGZ,2004,27.127
Kyrgyzstan,KGZ,2005,27.353
Kyrgyzstan,KGZ,2006,27.541
Kyrgyzstan,KGZ,2007,27.703
Kyrgyzstan,KGZ,2008,27.855
Kyrgyzstan,KGZ,2009,28.144
Kyrgyzstan,KGZ,2010,28.633
Kyrgyzstan,KGZ,2011,29.169
Kyrgyzstan,KGZ,2012,29.7
Kyrgyzstan,KGZ,2013,30.226
Kyrgyzstan,KGZ,2014,30.752
Kyrgyzstan,KGZ,2015,31.292
Kyrgyzstan,KGZ,2016,31.848
Kyrgyzstan,KGZ,2017,32.43
Kyrgyzstan,KGZ,2018,33.064
Kyrgyzstan,KGZ,2019,33.858
Kyrgyzstan,KGZ,2020,34.745
Kyrgyzstan,KGZ,2021,35.56
Kyrgyzstan,KGZ,2022,36.266
Kyrgyzstan,KGZ,2023,36.88
Laos,LAO,1950,7.299
Laos,LAO,1951,7.475
Laos,LAO,1952,7.652
Laos,LAO,1953,7.833
Laos,LAO,1954,8.016
Laos,LAO,1955,8.203
Laos,LAO,1956,8.394
Laos,LAO,1957,8.588
Laos,LAO,1958,8.787
Laos,LAO,1959,8.988
Laos,LAO,1960,9.192
Laos,LAO,1961,9.401
Laos,LAO,1962,9.618
Laos,LAO,1963,9.84
Laos,LAO,1964,10.064
Laos,LAO,1965,10.295
Laos,LAO,1966,10.533
Laos,LAO,1967,10.779
Laos,LAO,1968,11.033
Laos,LAO,1969,11.295
Laos,LAO,1970,11.567
Laos,LAO,1971,11.848
Laos,LAO,1972,12.139
Laos,LAO,1973,12.437
Laos,LAO,1974,12.737
Laos,LAO,1975,13.022
Laos,LAO,1976,13.279
Laos,LAO,1977,13.514
Laos,LAO,1978,13.742
Laos,LAO,1979,13.987
Laos,LAO,1980,14.266
Laos,LAO,1981,14.587
Laos,LAO,1982,14.948
Laos,LAO,1983,15.342
Laos,LAO,1984,15.762
Laos,LAO,1985,16.204
Laos,LAO,1986,16.667
Laos,LAO,1987,17.147
Laos,LAO,1988,17.646
Laos,LAO,1989,18.158
Laos,LAO,1990,18.683
Laos,LAO,1991,19.216
Laos,LAO,1992,19.756
Laos,LAO,1993,20.299
Laos,LAO,1994,20.837
Laos,LAO,1995,21.358
Laos,LAO,1996,21.862
Laos,LAO,1997,22.322
Laos,LAO,1998,22.739
Laos,LAO,1999,23.14
Laos,LAO,2000,23.532
Laos,LAO,2001,23.923
Laos,LAO,2002,24.311
Laos,LAO,2003,24.688
Laos,LAO,2004,25.05
Laos,LAO,2005,25.431
Laos,LAO,2006,25.837
Laos,LAO,2007,26.24
Laos,LAO,2008,26.642
Laos,LAO,2009,27.044
Laos,LAO,2010,27.445
Laos,LAO,2011,27.845
Laos,LAO,2012,28.245
Laos,LAO,2013,28.646
Laos,LAO,2014,29.043
Laos,LAO,2015,29.47
Laos,LAO,2016,29.934
Laos,LAO,2017,30.408
Laos,LAO,2018,30.884
Laos,LAO,2019,31.359
Laos,LAO,2020,31.831
Laos,LAO,2021,32.293
Laos,LAO,2022,32.751
Laos,LAO,2023,33.211
Latin America and the Caribbean (UN),UN_LAC,1950,8.279
Latin America and the Caribbean (UN),UN_LAC,1951,8.496
Latin America and the Caribbean (UN),UN_LAC,1952,8.721
Latin America and the Caribbean (UN),UN_LAC,1953,8.954
Latin America and the Caribbean (UN),UN_LAC,1954,9.195
Latin America and the Caribbean (UN),UN_LAC,1955,9.445
Latin America and the Caribbean (UN),UN_LAC,1956,9.703
Latin America and the Caribbean (UN),UN_LAC,1957,9.969
Latin America and the Caribbean (UN),UN_LAC,1958,10.244
Latin America and the Caribbean (UN),UN_LAC,1959,10.527
Latin America and the Caribbean (UN),UN_LAC,1960,10.82
Latin America and the Caribbean (UN),UN_LAC,1961,11.122
Latin America and the Caribbean (UN),UN_LAC,1962,11.433
Latin America and the Caribbean (UN),UN_LAC,1963,11.751
Latin America and the Caribbean (UN),UN_LAC,1964,12.076
Latin America and the Caribbean (UN),UN_LAC,1965,12.406
Latin America and the Caribbean (UN),UN_LAC,1966,12.739
Latin America and the Caribbean (UN),UN_LAC,1967,13.076
Latin America and the Caribbean (UN),UN_LAC,1968,13.414
Latin America and the Caribbean (UN),UN_LAC,1969,13.756
Latin America and the Caribbean (UN),UN_LAC,1970,14.1
Latin America and the Caribbean (UN),UN_LAC,1971,14.447
Latin America and the Caribbean (UN),UN_LAC,1972,14.8
Latin America and the Caribbean (UN),UN_LAC,1973,15.157
Latin America and the Caribbean (UN),UN_LAC,1974,15.519
Latin America and the Caribbean (UN),UN_LAC,1975,15.884
Latin America and the Caribbean (UN),UN_LAC,1976,16.253
Latin America and the Caribbean (UN),UN_LAC,1977,16.629
Latin America and the Caribbean (UN),UN_LAC,1978,17.011
Latin America and the Caribbean (UN),UN_LAC,1979,17.398
Latin America and the Caribbean (UN),UN_LAC,1980,17.788
Latin America and the Caribbean (UN),UN_LAC,1981,18.179
Latin America and the Caribbean (UN),UN_LAC,1982,18.572
Latin America and the Caribbean (UN),UN_LAC,1983,18.972
Latin America and the Caribbean (UN),UN_LAC,1984,19.376
Latin America and the Caribbean (UN),UN_LAC,1985,19.78
Latin America and the Caribbean (UN),UN_LAC,1986,20.184
Latin America and the Caribbean (UN),UN_LAC,1987,20.587
Latin America and the Caribbean (UN),UN_LAC,1988,20.992
Latin America and the Caribbean (UN),UN_LAC,1989,21.398
Latin America and the Caribbean (UN),UN_LAC,1990,21.805
Latin America and the Caribbean (UN),UN_LAC,1991,22.209
Latin America and the Caribbean (UN),UN_LAC,1992,22.611
Latin America and the Caribbean (UN),UN_LAC,1993,23.01
Latin America and the Caribbean (UN),UN_LAC,1994,23.405
Latin America and the Caribbean (UN),UN_LAC,1995,23.799
Latin America and the Caribbean (UN),UN_LAC,1996,24.19
Latin America and the Caribbean (UN),UN_LAC,1997,24.578
Latin America and the Caribbean (UN),UN_LAC,1998,24.967
Latin America and the Caribbean (UN),UN_LAC,1999,25.352
Latin America and the Caribbean (UN),UN_LAC,2000,25.724
Latin America and the Caribbean (UN),UN_LAC,2001,26.085
Latin America and the Caribbean (UN),UN_LAC,2002,26.436
Latin America and the Caribbean (UN),UN_LAC,2003,26.779
Latin America and the Caribbean (UN),UN_LAC,2004,27.114
Latin America and the Caribbean (UN),UN_LAC,2005,27.446
Latin America and the Caribbean (UN),UN_LAC,2006,27.774
Latin America and the Caribbean (UN),UN_LAC,2007,28.1
Latin America and the Caribbean (UN),UN_LAC,2008,28.425
Latin America and the Caribbean (UN),UN_LAC,2009,28.745
Latin America and the Caribbean (UN),UN_LAC,2010,29.059
Latin America and the Caribbean (UN),UN_LAC,2011,29.372
Latin America and the Caribbean (UN),UN_LAC,2012,29.684
Latin America and the Caribbean (UN),UN_LAC,2013,29.993
Latin America and the Caribbean (UN),UN_LAC,2014,30.298
Latin America and the Caribbean (UN),UN_LAC,2015,30.596
Latin America and the Caribbean (UN),UN_LAC,2016,30.886
Latin America and the Caribbean (UN),UN_LAC,2017,31.165
Latin America and the Caribbean (UN),UN_LAC,2018,31.433
Latin America and the Caribbean (UN),UN_LAC,2019,31.689
Latin America and the Caribbean (UN),UN_LAC,2020,31.912
Latin America and the Caribbean (UN),UN_LAC,2021,32.097
Latin America and the Caribbean (UN),UN_LAC,2022,32.289
Latin America and the Caribbean (UN),UN_LAC,2023,32.513
Latvia,LVA,1950,30.834
Latvia,LVA,1951,31.078
Latvia,LVA,1952,31.329
Latvia,LVA,1953,31.581
Latvia,LVA,1954,31.852
Latvia,LVA,1955,32.148
Latvia,LVA,1956,32.454
Latvia,LVA,1957,32.785
Latvia,LVA,1958,33.158
Latvia,LVA,1959,33.699
Latvia,LVA,1960,34.248
Latvia,LVA,1961,34.666
Latvia,LVA,1962,35.07
Latvia,LVA,1963,35.448
Latvia,LVA,1964,35.833
Latvia,LVA,1965,36.202
Latvia,LVA,1966,36.549
Latvia,LVA,1967,36.898
Latvia,LVA,1968,37.239
Latvia,LVA,1969,37.567
Latvia,LVA,1970,37.886
Latvia,LVA,1971,38.2
Latvia,LVA,1972,38.502
Latvia,LVA,1973,38.822
Latvia,LVA,1974,39.163
Latvia,LVA,1975,39.465
Latvia,LVA,1976,39.702
Latvia,LVA,1977,39.928
Latvia,LVA,1978,40.133
Latvia,LVA,1979,40.264
Latvia,LVA,1980,40.364
Latvia,LVA,1981,40.496
Latvia,LVA,1982,40.69
Latvia,LVA,1983,40.93
Latvia,LVA,1984,41.184
Latvia,LVA,1985,41.449
Latvia,LVA,1986,41.779
Latvia,LVA,1987,42.2
Latvia,LVA,1988,42.622
Latvia,LVA,1989,42.824
Latvia,LVA,1990,42.749
Latvia,LVA,1991,42.569
Latvia,LVA,1992,42.021
Latvia,LVA,1993,41.201
Latvia,LVA,1994,40.517
Latvia,LVA,1995,39.95
Latvia,LVA,1996,39.499
Latvia,LVA,1997,39.102
Latvia,LVA,1998,38.733
Latvia,LVA,1999,38.421
Latvia,LVA,2000,38.059
Latvia,LVA,2001,37.577
Latvia,LVA,2002,37.144
Latvia,LVA,2003,36.784
Latvia,LVA,2004,36.386
Latvia,LVA,2005,35.994
Latvia,LVA,2006,35.66
Latvia,LVA,2007,35.367
Latvia,LVA,2008,34.996
Latvia,LVA,2009,34.423
Latvia,LVA,2010,33.713
Latvia,LVA,2011,33.104
Latvia,LVA,2012,32.697
Latvia,LVA,2013,32.349
Latvia,LVA,2014,32.046
Latvia,LVA,2015,31.785
Latvia,LVA,2016,31.495
Latvia,LVA,2017,31.218
Latvia,LVA,2018,30.977
Latvia,LVA,2019,30.763
Latvia,LVA,2020,30.551
Latvia,LVA,2021,30.302
Latvia,LVA,2022,30.229
Latvia,LVA,2023,30.25
Least developed countries,,1950,9.905
Least developed countries,,1951,10.099
Least developed countries,,1952,10.301
Least developed countries,,1953,10.509
Least developed countries,,1954,10.725
Least developed countries,,1955,10.951
Least developed countries,,1956,11.186
Least developed countries,,1957,11.429
Least developed countries,,1958,11.674
Least developed countries,,1959,11.934
Least developed countries,,1960,12.215
Least developed countries,,1961,12.511
Least developed countries,,1962,12.82
Least developed countries,,1963,13.138
Least developed countries,,1964,13.469
Least developed countries,,1965,13.813
Least developed countries,,1966,14.168
Least developed countries,,1967,14.537
Least developed countries,,1968,14.923
Least developed countries,,1969,15.316
Least developed countries,,1970,15.707
Least developed countries,,1971,16.076
Least developed countries,,1972,16.462
Least developed countries,,1973,16.898
Least developed countries,,1974,17.349
Least developed countries,,1975,17.787
Least developed countries,,1976,18.222
Least developed countries,,1977,18.657
Least developed countries,,1978,19.124
Least developed countries,,1979,19.625
Least developed countries,,1980,20.089
Least developed countries,,1981,20.539
Least developed countries,,1982,21.063
Least developed countries,,1983,21.64
Least developed countries,,1984,22.229
Least developed countries,,1985,22.823
Least developed countries,,1986,23.42
Least developed countries,,1987,24.03
Least developed countries,,1988,24.644
Least developed countries,,1989,25.272
Least developed countries,,1990,25.905
Least developed countries,,1991,26.548
Least developed countries,,1992,27.261
Least developed countries,,1993,28.038
Least developed countries,,1994,28.812
Least developed countries,,1995,29.589
Least developed countries,,1996,30.376
Least developed countries,,1997,31.167
Least developed countries,,1998,31.971
Least developed countries,,1999,32.779
Least developed countries,,2000,33.577
Least developed countries,,2001,34.387
Least developed countries,,2002,35.254
Least developed countries,,2003,36.143
Least developed countries,,2004,37.021
Least developed countries,,2005,37.919
Least developed countries,,2006,38.841
Least developed countries,,2007,39.752
Least developed countries,,2008,40.687
Least developed countries,,2009,41.655
Least developed countries,,2010,42.635
Least developed countries,,2011,43.648
Least developed countries,,2012,44.695
Least developed countries,,2013,45.771
Least developed countries,,2014,46.868
Least developed countries,,2015,47.976
Least developed countries,,2016,49.118
Least developed countries,,2017,50.293
Least developed countries,,2018,51.495
Least developed countries,,2019,52.736
Least developed countries,,2020,54.013
Least developed countries,,2021,55.286
Least developed countries,,2022,56.553
Least developed countries,,2023,57.86
Lebanon,LBN,1950,131.901
Lebanon,LBN,1951,135.637
Lebanon,LBN,1952,139.5
Lebanon,LBN,1953,143.501
Lebanon,LBN,1954,147.646
Lebanon,LBN,1955,151.913
Lebanon,LBN,1956,156.319
Lebanon,LBN,1957,160.892
Lebanon,LBN,1958,165.548
Lebanon,LBN,1959,170.359
Lebanon,LBN,1960,175.406
Lebanon,LBN,1961,180.849
Lebanon,LBN,1962,186.664
Lebanon,LBN,1963,192.602
Lebanon,LBN,1964,198.489
Lebanon,LBN,1965,204.187
Lebanon,LBN,1966,209.996
Lebanon,LBN,1967,215.712
Lebanon,LBN,1968,221.541
Lebanon,LBN,1969,227.582
Lebanon,LBN,1970,233.247
Lebanon,LBN,1971,239.131
Lebanon,LBN,1972,245.33
Lebanon,LBN,1973,251.509
Lebanon,LBN,1974,257.594
Lebanon,LBN,1975,263.264
Lebanon,LBN,1976,266.517
Lebanon,LBN,1977,270.005
Lebanon,LBN,1978,275.922
Lebanon,LBN,1979,281.783
Lebanon,LBN,1980,287.856
Lebanon,LBN,1981,294.133
Lebanon,LBN,1982,298.625
Lebanon,LBN,1983,302.541
Lebanon,LBN,1984,308.186
Lebanon,LBN,1985,314.504
Lebanon,LBN,1986,322.616
Lebanon,LBN,1987,330.944
Lebanon,LBN,1988,337.698
Lebanon,LBN,1989,344.603
Lebanon,LBN,1990,351.434
Lebanon,LBN,1991,358.642
Lebanon,LBN,1992,366.312
Lebanon,LBN,1993,373.475
Lebanon,LBN,1994,380.235
Lebanon,LBN,1995,387.169
Lebanon,LBN,1996,394.407
Lebanon,LBN,1997,401.604
Lebanon,LBN,1998,408.727
Lebanon,LBN,1999,415.961
Lebanon,LBN,2000,423.2
Lebanon,LBN,2001,430.295
Lebanon,LBN,2002,436.315
Lebanon,LBN,2003,442.376
Lebanon,LBN,2004,449.587
Lebanon,LBN,2005,456.608
Lebanon,LBN,2006,464.432
Lebanon,LBN,2007,473.521
Lebanon,LBN,2008,481.462
Lebanon,LBN,2009,488.005
Lebanon,LBN,2010,492.795
Lebanon,LBN,2011,498.145
Lebanon,LBN,2012,511.803
Lebanon,LBN,2013,561.431
Lebanon,LBN,2014,620.429
Lebanon,LBN,2015,632.695
Lebanon,LBN,2016,618.09
Lebanon,LBN,2017,602.163
Lebanon,LBN,2018,584.958
Lebanon,LBN,2019,566.431
Lebanon,LBN,2020,557.419
Lebanon,LBN,2021,558.956
Lebanon,LBN,2022,561.534
Lebanon,LBN,2023,564.369
Lesotho,LSO,1950,19.089
Lesotho,LSO,1951,19.442
Lesotho,LSO,1952,19.827
Lesotho,LSO,1953,20.24
Lesotho,LSO,1954,20.682
Lesotho,LSO,1955,21.152
Lesotho,LSO,1956,21.651
Lesotho,LSO,1957,22.222
Lesotho,LSO,1958,22.869
Lesotho,LSO,1959,23.549
Lesotho,LSO,1960,24.259
Lesotho,LSO,1961,24.994
Lesotho,LSO,1962,25.751
Lesotho,LSO,1963,26.527
Lesotho,LSO,1964,27.32
Lesotho,LSO,1965,28.132
Lesotho,LSO,1966,29.047
Lesotho,LSO,1967,30.105
Lesotho,LSO,1968,31.229
Lesotho,LSO,1969,32.385
Lesotho,LSO,1970,33.573
Lesotho,LSO,1971,34.791
Lesotho,LSO,1972,36.036
Lesotho,LSO,1973,37.309
Lesotho,LSO,1974,38.617
Lesotho,LSO,1975,39.975
Lesotho,LSO,1976,41.278
Lesotho,LSO,1977,42.489
Lesotho,LSO,1978,43.717
Lesotho,LSO,1979,44.999
Lesotho,LSO,1980,46.328
Lesotho,LSO,1981,47.697
Lesotho,LSO,1982,49.102
Lesotho,LSO,1983,50.541
Lesotho,LSO,1984,52.009
Lesotho,LSO,1985,53.504
Lesotho,LSO,1986,54.879
Lesotho,LSO,1987,56.106
Lesotho,LSO,1988,57.307
Lesotho,LSO,1989,58.479
Lesotho,LSO,1990,59.608
Lesotho,LSO,1991,60.684
Lesotho,LSO,1992,61.702
Lesotho,LSO,1993,62.641
Lesotho,LSO,1994,63.495
Lesotho,LSO,1995,64.277
Lesotho,LSO,1996,64.968
Lesotho,LSO,1997,65.485
Lesotho,LSO,1998,65.812
Lesotho,LSO,1999,65.983
Lesotho,LSO,2000,66.005
Lesotho,LSO,2001,65.904
Lesotho,LSO,2002,65.701
Lesotho,LSO,2003,65.384
Lesotho,LSO,2004,64.925
Lesotho,LSO,2005,64.331
Lesotho,LSO,2006,64.067
Lesotho,LSO,2007,64.337
Lesotho,LSO,2008,64.774
Lesotho,LSO,2009,65.246
Lesotho,LSO,2010,65.753
Lesotho,LSO,2011,66.338
Lesotho,LSO,2012,67.008
Lesotho,LSO,2013,67.737
Lesotho,LSO,2014,68.514
Lesotho,LSO,2015,69.322
Lesotho,LSO,2016,70.172
Lesotho,LSO,2017,71.051
Lesotho,LSO,2018,71.924
Lesotho,LSO,2019,72.774
Lesotho,LSO,2020,73.641
Lesotho,LSO,2021,74.491
Lesotho,LSO,2022,75.3
Lesotho,LSO,2023,76.135
Less developed regions,,1950,20.649
Less developed regions,,1951,21.074
Less developed regions,,1952,21.54
Less developed regions,,1953,22.037
Less developed regions,,1954,22.554
Less developed regions,,1955,23.099
Less developed regions,,1956,23.655
Less developed regions,,1957,24.233
Less developed regions,,1958,24.823
Less developed regions,,1959,25.366
Less developed regions,,1960,25.845
Less developed regions,,1961,26.32
Less developed regions,,1962,26.908
Less developed regions,,1963,27.635
Less developed regions,,1964,28.391
Less developed regions,,1965,29.132
Less developed regions,,1966,29.873
Less developed regions,,1967,30.618
Less developed regions,,1968,31.394
Less developed regions,,1969,32.201
Less developed regions,,1970,33.022
Less developed regions,,1971,33.839
Less developed regions,,1972,34.652
Less developed regions,,1973,35.482
Less developed regions,,1974,36.313
Less developed regions,,1975,37.135
Less developed regions,,1976,37.952
Less developed regions,,1977,38.77
Less developed regions,,1978,39.598
Less developed regions,,1979,40.453
Less developed regions,,1980,41.337
Less developed regions,,1981,42.251
Less developed regions,,1982,43.205
Less developed regions,,1983,44.169
Less developed regions,,1984,45.137
Less developed regions,,1985,46.129
Less developed regions,,1986,47.146
Less developed regions,,1987,48.192
Less developed regions,,1988,49.244
Less developed regions,,1989,50.301
Less developed regions,,1990,51.367
Less developed regions,,1991,52.404
Less developed regions,,1992,53.411
Less developed regions,,1993,54.408
Less developed regions,,1994,55.383
Less developed regions,,1995,56.356
Less developed regions,,1996,57.335
Less developed regions,,1997,58.309
Less developed regions,,1998,59.285
Less developed regions,,1999,60.259
Less developed regions,,2000,61.233
Less developed regions,,2001,62.211
Less developed regions,,2002,63.173
Less developed regions,,2003,64.129
Less developed regions,,2004,65.095
Less developed regions,,2005,66.068
Less developed regions,,2006,67.052
Less developed regions,,2007,68.045
Less developed regions,,2008,69.046
Less developed regions,,2009,70.067
Less developed regions,,2010,71.099
Less developed regions,,2011,72.135
Less developed regions,,2012,73.187
Less developed regions,,2013,74.244
Less developed regions,,2014,75.29
Less developed regions,,2015,76.319
Less developed regions,,2016,77.333
Less developed regions,,2017,78.338
Less developed regions,,2018,79.316
Less developed regions,,2019,80.262
Less developed regions,,2020,81.168
Less developed regions,,2021,82.001
Less developed regions,,2022,82.828
Less developed regions,,2023,83.684
"Less developed regions, excluding China",,1950,15.701
"Less developed regions, excluding China",,1951,16.042
"Less developed regions, excluding China",,1952,16.407
"Less developed regions, excluding China",,1953,16.793
"Less developed regions, excluding China",,1954,17.197
"Less developed regions, excluding China",,1955,17.622
"Less developed regions, excluding China",,1956,18.065
"Less developed regions, excluding China",,1957,18.521
"Less developed regions, excluding China",,1958,18.99
"Less developed regions, excluding China",,1959,19.48
"Less developed regions, excluding China",,1960,19.987
"Less developed regions, excluding China",,1961,20.507
"Less developed regions, excluding China",,1962,21.042
"Less developed regions, excluding China",,1963,21.591
"Less developed regions, excluding China",,1964,22.154
"Less developed regions, excluding China",,1965,22.719
"Less developed regions, excluding China",,1966,23.286
"Less developed regions, excluding China",,1967,23.874
"Less developed regions, excluding China",,1968,24.476
"Less developed regions, excluding China",,1969,25.089
"Less developed regions, excluding China",,1970,25.716
"Less developed regions, excluding China",,1971,26.346
"Less developed regions, excluding China",,1972,26.988
"Less developed regions, excluding China",,1973,27.66
"Less developed regions, excluding China",,1974,28.35
"Less developed regions, excluding China",,1975,29.057
"Less developed regions, excluding China",,1976,29.778
"Less developed regions, excluding China",,1977,30.517
"Less developed regions, excluding China",,1978,31.273
"Less developed regions, excluding China",,1979,32.054
"Less developed regions, excluding China",,1980,32.857
"Less developed regions, excluding China",,1981,33.685
"Less developed regions, excluding China",,1982,34.54
"Less developed regions, excluding China",,1983,35.412
"Less developed regions, excluding China",,1984,36.299
"Less developed regions, excluding China",,1985,37.196
"Less developed regions, excluding China",,1986,38.103
"Less developed regions, excluding China",,1987,39.021
"Less developed regions, excluding China",,1988,39.946
"Less developed regions, excluding China",,1989,40.88
"Less developed regions, excluding China",,1990,41.813
"Less developed regions, excluding China",,1991,42.746
"Less developed regions, excluding China",,1992,43.691
"Less developed regions, excluding China",,1993,44.64
"Less developed regions, excluding China",,1994,45.578
"Less developed regions, excluding China",,1995,46.522
"Less developed regions, excluding China",,1996,47.478
"Less developed regions, excluding China",,1997,48.437
"Less developed regions, excluding China",,1998,49.405
"Less developed regions, excluding China",,1999,50.375
"Less developed regions, excluding China",,2000,51.346
"Less developed regions, excluding China",,2001,52.325
"Less developed regions, excluding China",,2002,53.301
"Less developed regions, excluding China",,2003,54.277
"Less developed regions, excluding China",,2004,55.264
"Less developed regions, excluding China",,2005,56.256
"Less developed regions, excluding China",,2006,57.259
"Less developed regions, excluding China",,2007,58.274
"Less developed regions, excluding China",,2008,59.297
"Less developed regions, excluding China",,2009,60.331
"Less developed regions, excluding China",,2010,61.375
"Less developed regions, excluding China",,2011,62.427
"Less developed regions, excluding China",,2012,63.489
"Less developed regions, excluding China",,2013,64.554
"Less developed regions, excluding China",,2014,65.615
"Less developed regions, excluding China",,2015,66.666
"Less developed regions, excluding China",,2016,67.705
"Less developed regions, excluding China",,2017,68.728
"Less developed regions, excluding China",,2018,69.743
"Less developed regions, excluding China",,2019,70.753
"Less developed regions, excluding China",,2020,71.744
"Less developed regions, excluding China",,2021,72.686
"Less developed regions, excluding China",,2022,73.643
"Less developed regions, excluding China",,2023,74.652
"Less developed regions, excluding least developed countries",,1950,24.167
"Less developed regions, excluding least developed countries",,1951,24.668
"Less developed regions, excluding least developed countries",,1952,25.221
"Less developed regions, excluding least developed countries",,1953,25.813
"Less developed regions, excluding least developed countries",,1954,26.427
"Less developed regions, excluding least developed countries",,1955,27.077
"Less developed regions, excluding least developed countries",,1956,27.738
"Less developed regions, excluding least developed countries",,1957,28.426
"Less developed regions, excluding least developed countries",,1958,29.129
"Less developed regions, excluding least developed countries",,1959,29.764
"Less developed regions, excluding least developed countries",,1960,30.308
"Less developed regions, excluding least developed countries",,1961,30.842
"Less developed regions, excluding least developed countries",,1962,31.522
"Less developed regions, excluding least developed countries",,1963,32.382
"Less developed regions, excluding least developed countries",,1964,33.278
"Less developed regions, excluding least developed countries",,1965,34.149
"Less developed regions, excluding least developed countries",,1966,35.016
"Less developed regions, excluding least developed countries",,1967,35.884
"Less developed regions, excluding least developed countries",,1968,36.787
"Less developed regions, excluding least developed countries",,1969,37.73
"Less developed regions, excluding least developed countries",,1970,38.693
"Less developed regions, excluding least developed countries",,1971,39.656
"Less developed regions, excluding least developed countries",,1972,40.609
"Less developed regions, excluding least developed countries",,1973,41.567
"Less developed regions, excluding least developed countries",,1974,42.523
"Less developed regions, excluding least developed countries",,1975,43.471
"Less developed regions, excluding least developed countries",,1976,44.413
"Less developed regions, excluding least developed countries",,1977,45.356
"Less developed regions, excluding least developed countries",,1978,46.302
"Less developed regions, excluding least developed countries",,1979,47.274
"Less developed regions, excluding least developed countries",,1980,48.296
"Less developed regions, excluding least developed countries",,1981,49.361
"Less developed regions, excluding least developed countries",,1982,50.456
"Less developed regions, excluding least developed countries",,1983,51.547
"Less developed regions, excluding least developed countries",,1984,52.639
"Less developed regions, excluding least developed countries",,1985,53.76
"Less developed regions, excluding least developed countries",,1986,54.915
"Less developed regions, excluding least developed countries",,1987,56.105
"Less developed regions, excluding least developed countries",,1988,57.3
"Less developed regions, excluding least developed countries",,1989,58.497
"Less developed regions, excluding least developed countries",,1990,59.705
"Less developed regions, excluding least developed countries",,1991,60.871
"Less developed regions, excluding least developed countries",,1992,61.974
"Less developed regions, excluding least developed countries",,1993,63.043
"Less developed regions, excluding least developed countries",,1994,64.084
"Less developed regions, excluding least developed countries",,1995,65.121
"Less developed regions, excluding least developed countries",,1996,66.163
"Less developed regions, excluding least developed countries",,1997,67.197
"Less developed regions, excluding least developed countries",,1998,68.23
"Less developed regions, excluding least developed countries",,1999,69.257
"Less developed regions, excluding least developed countries",,2000,70.29
"Less developed regions, excluding least developed countries",,2001,71.323
"Less developed regions, excluding least developed countries",,2002,72.316
"Less developed regions, excluding least developed countries",,2003,73.294
"Less developed regions, excluding least developed countries",,2004,74.288
"Less developed regions, excluding least developed countries",,2005,75.286
"Less developed regions, excluding least developed countries",,2006,76.291
"Less developed regions, excluding least developed countries",,2007,77.309
"Less developed regions, excluding least developed countries",,2008,78.333
"Less developed regions, excluding least developed countries",,2009,79.371
"Less developed regions, excluding least developed countries",,2010,80.42
"Less developed regions, excluding least developed countries",,2011,81.463
"Less developed regions, excluding least developed countries",,2012,82.517
"Less developed regions, excluding least developed countries",,2013,83.568
"Less developed regions, excluding least developed countries",,2014,84.598
"Less developed regions, excluding least developed countries",,2015,85.601
"Less developed regions, excluding least developed countries",,2016,86.573
"Less developed regions, excluding least developed countries",,2017,87.522
"Less developed regions, excluding least developed countries",,2018,88.426
"Less developed regions, excluding least developed countries",,2019,89.276
"Less developed regions, excluding least developed countries",,2020,90.06
"Less developed regions, excluding least developed countries",,2021,90.749
"Less developed regions, excluding least developed countries",,2022,91.432
"Less developed regions, excluding least developed countries",,2023,92.14
Liberia,LBR,1950,9.54
Liberia,LBR,1951,9.722
Liberia,LBR,1952,9.915
Liberia,LBR,1953,10.116
Liberia,LBR,1954,10.328
Liberia,LBR,1955,10.552
Liberia,LBR,1956,10.789
Liberia,LBR,1957,11.036
Liberia,LBR,1958,11.288
Liberia,LBR,1959,11.551
Liberia,LBR,1960,11.831
Liberia,LBR,1961,12.123
Liberia,LBR,1962,12.428
Liberia,LBR,1963,12.743
Liberia,LBR,1964,13.068
Liberia,LBR,1965,13.405
Liberia,LBR,1966,13.75
Liberia,LBR,1967,14.103
Liberia,LBR,1968,14.468
Liberia,LBR,1969,14.842
Liberia,LBR,1970,15.227
Liberia,LBR,1971,15.615
Liberia,LBR,1972,16.016
Liberia,LBR,1973,16.441
Liberia,LBR,1974,16.885
Liberia,LBR,1975,17.348
Liberia,LBR,1976,17.827
Liberia,LBR,1977,18.335
Liberia,LBR,1978,18.877
Liberia,LBR,1979,19.443
Liberia,LBR,1980,20.03
Liberia,LBR,1981,20.628
Liberia,LBR,1982,21.232
Liberia,LBR,1983,21.876
Liberia,LBR,1984,22.563
Liberia,LBR,1985,23.261
Liberia,LBR,1986,23.967
Liberia,LBR,1987,24.681
Liberia,LBR,1988,25.404
Liberia,LBR,1989,26.141
Liberia,LBR,1990,23.086
Liberia,LBR,1991,20.313
Liberia,LBR,1992,21.516
Liberia,LBR,1993,22.375
Liberia,LBR,1994,22.321
Liberia,LBR,1995,22.52
Liberia,LBR,1996,23.176
Liberia,LBR,1997,25.052
Liberia,LBR,1998,27.721
Liberia,LBR,1999,29.295
Liberia,LBR,2000,30.4
Liberia,LBR,2001,31.305
Liberia,LBR,2002,32.13
Liberia,LBR,2003,32.387
Liberia,LBR,2004,32.775
Liberia,LBR,2005,34.271
Liberia,LBR,2006,36.242
Liberia,LBR,2007,38.092
Liberia,LBR,2008,39.67
Liberia,LBR,2009,40.937
Liberia,LBR,2010,42.14
Liberia,LBR,2011,43.825
Liberia,LBR,2012,45.401
Liberia,LBR,2013,46.41
Liberia,LBR,2014,47.387
Liberia,LBR,2015,48.374
Liberia,LBR,2016,49.373
Liberia,LBR,2017,50.342
Liberia,LBR,2018,51.336
Liberia,LBR,2019,52.364
Liberia,LBR,2020,53.462
Liberia,LBR,2021,54.603
Liberia,LBR,2022,55.786
Liberia,LBR,2023,57.029
Libya,LBY,1950,0.675
Libya,LBY,1951,0.683
Libya,LBY,1952,0.694
Libya,LBY,1953,0.706
Libya,LBY,1954,0.721
Libya,LBY,1955,0.741
Libya,LBY,1956,0.765
Libya,LBY,1957,0.793
Libya,LBY,1958,0.823
Libya,LBY,1959,0.855
Libya,LBY,1960,0.891
Libya,LBY,1961,0.928
Libya,LBY,1962,0.968
Libya,LBY,1963,1.009
Libya,LBY,1964,1.046
Libya,LBY,1965,1.076
Libya,LBY,1966,1.103
Libya,LBY,1967,1.132
Libya,LBY,1968,1.165
Libya,LBY,1969,1.202
Libya,LBY,1970,1.242
Libya,LBY,1971,1.285
Libya,LBY,1972,1.328
Libya,LBY,1973,1.381
Libya,LBY,1974,1.451
Libya,LBY,1975,1.534
Libya,LBY,1976,1.623
Libya,LBY,1977,1.719
Libya,LBY,1978,1.821
Libya,LBY,1979,1.929
Libya,LBY,1980,2.043
Libya,LBY,1981,2.161
Libya,LBY,1982,2.222
Libya,LBY,1983,2.219
Libya,LBY,1984,2.251
Libya,LBY,1985,2.326
Libya,LBY,1986,2.397
Libya,LBY,1987,2.464
Libya,LBY,1988,2.528
Libya,LBY,1989,2.591
Libya,LBY,1990,2.652
Libya,LBY,1991,2.711
Libya,LBY,1992,2.768
Libya,LBY,1993,2.824
Libya,LBY,1994,2.877
Libya,LBY,1995,2.927
Libya,LBY,1996,2.975
Libya,LBY,1997,3.022
Libya,LBY,1998,3.067
Libya,LBY,1999,3.113
Libya,LBY,2000,3.165
Libya,LBY,2001,3.224
Libya,LBY,2002,3.286
Libya,LBY,2003,3.352
Libya,LBY,2004,3.422
Libya,LBY,2005,3.495
Libya,LBY,2006,3.568
Libya,LBY,2007,3.642
Libya,LBY,2008,3.72
Libya,LBY,2009,3.798
Libya,LBY,2010,3.877
Libya,LBY,2011,3.784
Libya,LBY,2012,3.687
Libya,LBY,2013,3.761
Libya,LBY,2014,3.834
Libya,LBY,2015,3.897
Libya,LBY,2016,3.957
Libya,LBY,2017,4.02
Libya,LBY,2018,4.086
Libya,LBY,2019,4.147
Libya,LBY,2020,4.203
Libya,LBY,2021,4.257
Libya,LBY,2022,4.31
Libya,LBY,2023,4.358
Liechtenstein,LIE,1950,86.022
Liechtenstein,LIE,1951,87.497
Liechtenstein,LIE,1952,88.919
Liechtenstein,LIE,1953,90.412
Liechtenstein,LIE,1954,91.953
Liechtenstein,LIE,1955,93.556
Liechtenstein,LIE,1956,95.266
Liechtenstein,LIE,1957,97.119
Liechtenstein,LIE,1958,99.097
Liechtenstein,LIE,1959,101.063
Liechtenstein,LIE,1960,103.066
Liechtenstein,LIE,1961,105.372
Liechtenstein,LIE,1962,107.956
Liechtenstein,LIE,1963,110.625
Liechtenstein,LIE,1964,113.403
Liechtenstein,LIE,1965,116.266
Liechtenstein,LIE,1966,119.162
Liechtenstein,LIE,1967,122.213
Liechtenstein,LIE,1968,125.503
Liechtenstein,LIE,1969,128.887
Liechtenstein,LIE,1970,132.147
Liechtenstein,LIE,1971,134.963
Liechtenstein,LIE,1972,137.453
Liechtenstein,LIE,1973,139.981
Liechtenstein,LIE,1974,142.516
Liechtenstein,LIE,1975,144.984
Liechtenstein,LIE,1976,147.419
Liechtenstein,LIE,1977,149.822
Liechtenstein,LIE,1978,152.175
Liechtenstein,LIE,1979,154.509
Liechtenstein,LIE,1980,156.809
Liechtenstein,LIE,1981,159.134
Liechtenstein,LIE,1982,161.544
Liechtenstein,LIE,1983,163.984
Liechtenstein,LIE,1984,166.416
Liechtenstein,LIE,1985,168.803
Liechtenstein,LIE,1986,171.15
Liechtenstein,LIE,1987,173.494
Liechtenstein,LIE,1988,175.922
Liechtenstein,LIE,1989,178.325
Liechtenstein,LIE,1990,180.547
Liechtenstein,LIE,1991,182.991
Liechtenstein,LIE,1992,185.772
Liechtenstein,LIE,1993,188.563
Liechtenstein,LIE,1994,191.256
Liechtenstein,LIE,1995,193.956
Liechtenstein,LIE,1996,196.7
Liechtenstein,LIE,1997,199.369
Liechtenstein,LIE,1998,201.978
Liechtenstein,LIE,1999,204.544
Liechtenstein,LIE,2000,206.956
Liechtenstein,LIE,2001,209.025
Liechtenstein,LIE,2002,210.891
Liechtenstein,LIE,2003,212.875
Liechtenstein,LIE,2004,214.928
Liechtenstein,LIE,2005,216.816
Liechtenstein,LIE,2006,218.597
Liechtenstein,LIE,2007,220.162
Liechtenstein,LIE,2008,221.522
Liechtenstein,LIE,2009,223.231
Liechtenstein,LIE,2010,224.991
Liechtenstein,LIE,2011,226.684
Liechtenstein,LIE,2012,228.722
Liechtenstein,LIE,2013,230.688
Liechtenstein,LIE,2014,232.266
Liechtenstein,LIE,2015,233.75
Liechtenstein,LIE,2016,235.094
Liechtenstein,LIE,2017,236.566
Liechtenstein,LIE,2018,238.303
Liechtenstein,LIE,2019,240.25
Liechtenstein,LIE,2020,242.294
Liechtenstein,LIE,2021,244.025
Liechtenstein,LIE,2022,245.731
Liechtenstein,LIE,2023,247.488
Lithuania,LTU,1950,38.853
Lithuania,LTU,1951,39.265
Lithuania,LTU,1952,39.706
Lithuania,LTU,1953,40.164
Lithuania,LTU,1954,40.637
Lithuania,LTU,1955,41.125
Lithuania,LTU,1956,41.637
Lithuania,LTU,1957,42.187
Lithuania,LTU,1958,42.78
Lithuania,LTU,1959,43.479
Lithuania,LTU,1960,44.22
Lithuania,LTU,1961,44.915
Lithuania,LTU,1962,45.564
Lithuania,LTU,1963,46.168
Lithuania,LTU,1964,46.771
Lithuania,LTU,1965,47.353
Lithuania,LTU,1966,47.913
Lithuania,LTU,1967,48.472
Lithuania,LTU,1968,49.029
Lithuania,LTU,1969,49.559
Lithuania,LTU,1970,50.077
Lithuania,LTU,1971,50.633
Lithuania,LTU,1972,51.179
Lithuania,LTU,1973,51.68
Lithuania,LTU,1974,52.161
Lithuania,LTU,1975,52.63
Lithuania,LTU,1976,53.09
Lithuania,LTU,1977,53.548
Lithuania,LTU,1978,53.977
Lithuania,LTU,1979,54.371
Lithuania,LTU,1980,54.749
Lithuania,LTU,1981,55.13
Lithuania,LTU,1982,55.534
Lithuania,LTU,1983,55.979
Lithuania,LTU,1984,56.437
Lithuania,LTU,1985,56.888
Lithuania,LTU,1986,57.389
Lithuania,LTU,1987,57.926
Lithuania,LTU,1988,58.649
Lithuania,LTU,1989,59.023
Lithuania,LTU,1990,59.006
Lithuania,LTU,1991,59.108
Lithuania,LTU,1992,59.046
Lithuania,LTU,1993,58.769
Lithuania,LTU,1994,58.365
Lithuania,LTU,1995,57.92
Lithuania,LTU,1996,57.484
Lithuania,LTU,1997,57.064
Lithuania,LTU,1998,56.655
Lithuania,LTU,1999,56.258
Lithuania,LTU,2000,55.898
Lithuania,LTU,2001,55.461
Lithuania,LTU,2002,54.998
Lithuania,LTU,2003,54.539
Lithuania,LTU,2004,53.923
Lithuania,LTU,2005,53.053
Lithuania,LTU,2006,52.216
Lithuania,LTU,2007,51.602
Lithuania,LTU,2008,51.077
Lithuania,LTU,2009,50.514
Lithuania,LTU,2010,49.468
Lithuania,LTU,2011,48.365
Lithuania,LTU,2012,47.721
Lithuania,LTU,2013,47.242
Lithuania,LTU,2014,46.84
Lithuania,LTU,2015,46.402
Lithuania,LTU,2016,45.817
Lithuania,LTU,2017,45.182
Lithuania,LTU,2018,44.753
Lithuania,LTU,2019,44.635
Lithuania,LTU,2020,44.646
Lithuania,LTU,2021,44.625
Lithuania,LTU,2022,44.984
Lithuania,LTU,2023,45.577
Low-income countries,OWID_LIC,1950,7.784
Low-income countries,OWID_LIC,1951,7.884
Low-income countries,OWID_LIC,1952,8.003
Low-income countries,OWID_LIC,1953,8.144
Low-income countries,OWID_LIC,1954,8.299
Low-income countries,OWID_LIC,1955,8.468
Low-income countries,OWID_LIC,1956,8.645
Low-income countries,OWID_LIC,1957,8.828
Low-income countries,OWID_LIC,1958,9.015
Low-income countries,OWID_LIC,1959,9.212
Low-income countries,OWID_LIC,1960,9.426
Low-income countries,OWID_LIC,1961,9.649
Low-income countries,OWID_LIC,1962,9.882
Low-income countries,OWID_LIC,1963,10.124
Low-income countries,OWID_LIC,1964,10.377
Low-income countries,OWID_LIC,1965,10.642
Low-income countries,OWID_LIC,1966,10.917
Low-income countries,OWID_LIC,1967,11.205
Low-income countries,OWID_LIC,1968,11.508
Low-income countries,OWID_LIC,1969,11.817
Low-income countries,OWID_LIC,1970,12.134
Low-income countries,OWID_LIC,1971,12.457
Low-income countries,OWID_LIC,1972,12.781
Low-income countries,OWID_LIC,1973,13.119
Low-income countries,OWID_LIC,1974,13.472
Low-income countries,OWID_LIC,1975,13.827
Low-income countries,OWID_LIC,1976,14.19
Low-income countries,OWID_LIC,1977,14.549
Low-income countries,OWID_LIC,1978,14.947
Low-income countries,OWID_LIC,1979,15.364
Low-income countries,OWID_LIC,1980,15.708
Low-income countries,OWID_LIC,1981,16.018
Low-income countries,OWID_LIC,1982,16.406
Low-income countries,OWID_LIC,1983,16.853
Low-income countries,OWID_LIC,1984,17.31
Low-income countries,OWID_LIC,1985,17.776
Low-income countries,OWID_LIC,1986,18.244
Low-income countries,OWID_LIC,1987,18.733
Low-income countries,OWID_LIC,1988,19.236
Low-income countries,OWID_LIC,1989,19.762
Low-income countries,OWID_LIC,1990,20.284
Low-income countries,OWID_LIC,1991,20.818
Low-income countries,OWID_LIC,1992,21.442
Low-income countries,OWID_LIC,1993,22.129
Low-income countries,OWID_LIC,1994,22.789
Low-income countries,OWID_LIC,1995,23.453
Low-income countries,OWID_LIC,1996,24.151
Low-income countries,OWID_LIC,1997,24.845
Low-income countries,OWID_LIC,1998,25.556
Low-income countries,OWID_LIC,1999,26.291
Low-income countries,OWID_LIC,2000,27.01
Low-income countries,OWID_LIC,2001,27.749
Low-income countries,OWID_LIC,2002,28.574
Low-income countries,OWID_LIC,2003,29.433
Low-income countries,OWID_LIC,2004,30.285
Low-income countries,OWID_LIC,2005,31.17
Low-income countries,OWID_LIC,2006,32.11
Low-income countries,OWID_LIC,2007,33.066
Low-income countries,OWID_LIC,2008,34.026
Low-income countries,OWID_LIC,2009,35.008
Low-income countries,OWID_LIC,2010,36.009
Low-income countries,OWID_LIC,2011,37.031
Low-income countries,OWID_LIC,2012,38.045
Low-income countries,OWID_LIC,2013,39.02
Low-income countries,OWID_LIC,2014,39.993
Low-income countries,OWID_LIC,2015,41.003
Low-income countries,OWID_LIC,2016,42.09
Low-income countries,OWID_LIC,2017,43.245
Low-income countries,OWID_LIC,2018,44.466
Low-income countries,OWID_LIC,2019,45.749
Low-income countries,OWID_LIC,2020,47.054
Low-income countries,OWID_LIC,2021,48.346
Low-income countries,OWID_LIC,2022,49.637
Low-income countries,OWID_LIC,2023,50.994
Lower-middle-income countries,OWID_LMC,1950,29.583
Lower-middle-income countries,OWID_LMC,1951,30.221
Lower-middle-income countries,OWID_LMC,1952,30.892
Lower-middle-income countries,OWID_LMC,1953,31.588
Lower-middle-income countries,OWID_LMC,1954,32.314
Lower-middle-income countries,OWID_LMC,1955,33.078
Lower-middle-income countries,OWID_LMC,1956,33.87
Lower-middle-income countries,OWID_LMC,1957,34.679
Lower-middle-income countries,OWID_LMC,1958,35.514
Lower-middle-income countries,OWID_LMC,1959,36.388
Lower-middle-income countries,OWID_LMC,1960,37.286
Lower-middle-income countries,OWID_LMC,1961,38.204
Lower-middle-income countries,OWID_LMC,1962,39.141
Lower-middle-income countries,OWID_LMC,1963,40.102
Lower-middle-income countries,OWID_LMC,1964,41.085
Lower-middle-income countries,OWID_LMC,1965,42.072
Lower-middle-income countries,OWID_LMC,1966,43.06
Lower-middle-income countries,OWID_LMC,1967,44.075
Lower-middle-income countries,OWID_LMC,1968,45.114
Lower-middle-income countries,OWID_LMC,1969,46.166
Lower-middle-income countries,OWID_LMC,1970,47.251
Lower-middle-income countries,OWID_LMC,1971,48.33
Lower-middle-income countries,OWID_LMC,1972,49.44
Lower-middle-income countries,OWID_LMC,1973,50.621
Lower-middle-income countries,OWID_LMC,1974,51.843
Lower-middle-income countries,OWID_LMC,1975,53.11
Lower-middle-income countries,OWID_LMC,1976,54.409
Lower-middle-income countries,OWID_LMC,1977,55.742
Lower-middle-income countries,OWID_LMC,1978,57.095
Lower-middle-income countries,OWID_LMC,1979,58.507
Lower-middle-income countries,OWID_LMC,1980,60.022
Lower-middle-income countries,OWID_LMC,1981,61.613
Lower-middle-income countries,OWID_LMC,1982,63.228
Lower-middle-income countries,OWID_LMC,1983,64.847
Lower-middle-income countries,OWID_LMC,1984,66.493
Lower-middle-income countries,OWID_LMC,1985,68.173
Lower-middle-income countries,OWID_LMC,1986,69.882
Lower-middle-income countries,OWID_LMC,1987,71.607
Lower-middle-income countries,OWID_LMC,1988,73.343
Lower-middle-income countries,OWID_LMC,1989,75.087
Lower-middle-income countries,OWID_LMC,1990,76.873
Lower-middle-income countries,OWID_LMC,1991,78.663
Lower-middle-income countries,OWID_LMC,1992,80.426
Lower-middle-income countries,OWID_LMC,1993,82.16
Lower-middle-income countries,OWID_LMC,1994,83.881
Lower-middle-income countries,OWID_LMC,1995,85.632
Lower-middle-income countries,OWID_LMC,1996,87.391
Lower-middle-income countries,OWID_LMC,1997,89.166
Lower-middle-income countries,OWID_LMC,1998,90.963
Lower-middle-income countries,OWID_LMC,1999,92.756
Lower-middle-income countries,OWID_LMC,2000,94.565
Lower-middle-income countries,OWID_LMC,2001,96.39
Lower-middle-income countries,OWID_LMC,2002,98.161
Lower-middle-income countries,OWID_LMC,2003,99.925
Lower-middle-income countries,OWID_LMC,2004,101.739
Lower-middle-income countries,OWID_LMC,2005,103.537
Lower-middle-income countries,OWID_LMC,2006,105.349
Lower-middle-income countries,OWID_LMC,2007,107.19
Lower-middle-income countries,OWID_LMC,2008,109.008
Lower-middle-income countries,OWID_LMC,2009,110.842
Lower-middle-income countries,OWID_LMC,2010,112.711
Lower-middle-income countries,OWID_LMC,2011,114.585
Lower-middle-income countries,OWID_LMC,2012,116.45
Lower-middle-income countries,OWID_LMC,2013,118.327
Lower-middle-income countries,OWID_LMC,2014,120.194
Lower-middle-income countries,OWID_LMC,2015,122.007
Lower-middle-income countries,OWID_LMC,2016,123.807
Lower-middle-income countries,OWID_LMC,2017,125.599
Lower-middle-income countries,OWID_LMC,2018,127.352
Lower-middle-income countries,OWID_LMC,2019,129.077
Lower-middle-income countries,OWID_LMC,2020,130.777
Lower-middle-income countries,OWID_LMC,2021,132.388
Lower-middle-income countries,OWID_LMC,2022,133.871
Lower-middle-income countries,OWID_LMC,2023,135.42
Luxembourg,LUX,1950,114.506
Luxembourg,LUX,1951,115.12
Luxembourg,LUX,1952,115.792
Luxembourg,LUX,1953,116.48
Luxembourg,LUX,1954,117.174
Luxembourg,LUX,1955,117.881
Luxembourg,LUX,1956,118.517
Luxembourg,LUX,1957,119.089
Luxembourg,LUX,1958,119.706
Luxembourg,LUX,1959,120.477
Luxembourg,LUX,1960,121.188
Luxembourg,LUX,1961,122.14
Luxembourg,LUX,1962,123.418
Luxembourg,LUX,1963,124.652
Luxembourg,LUX,1964,125.958
Luxembourg,LUX,1965,127.298
Luxembourg,LUX,1966,128.601
Luxembourg,LUX,1967,129.543
Luxembourg,LUX,1968,130.119
Luxembourg,LUX,1969,130.603
Luxembourg,LUX,1970,131.016
Luxembourg,LUX,1971,132.029
Luxembourg,LUX,1972,133.619
Luxembourg,LUX,1973,134.827
Luxembourg,LUX,1974,135.686
Luxembourg,LUX,1975,136.556
Luxembourg,LUX,1976,137.402
Luxembourg,LUX,1977,138.318
Luxembourg,LUX,1978,139.4
Luxembourg,LUX,1979,140.114
Luxembourg,LUX,1980,140.427
Luxembourg,LUX,1981,140.728
Luxembourg,LUX,1982,140.948
Luxembourg,LUX,1983,141.116
Luxembourg,LUX,1984,141.273
Luxembourg,LUX,1985,141.568
Luxembourg,LUX,1986,142.242
Luxembourg,LUX,1987,143.162
Luxembourg,LUX,1988,144.318
Luxembourg,LUX,1989,145.706
Luxembourg,LUX,1990,147.375
Luxembourg,LUX,1991,149.35
Luxembourg,LUX,1992,151.337
Luxembourg,LUX,1993,153.359
Luxembourg,LUX,1994,155.44
Luxembourg,LUX,1995,157.617
Luxembourg,LUX,1996,159.759
Luxembourg,LUX,1997,161.764
Luxembourg,LUX,1998,163.766
Luxembourg,LUX,1999,165.983
Luxembourg,LUX,2000,168.391
Luxembourg,LUX,2001,170.56
Luxembourg,LUX,2002,172.351
Luxembourg,LUX,2003,174.455
Luxembourg,LUX,2004,176.948
Luxembourg,LUX,2005,179.677
Luxembourg,LUX,2006,182.574
Luxembourg,LUX,2007,185.432
Luxembourg,LUX,2008,188.799
Luxembourg,LUX,2009,192.35
Luxembourg,LUX,2010,195.911
Luxembourg,LUX,2011,200.225
Luxembourg,LUX,2012,204.999
Luxembourg,LUX,2013,209.789
Luxembourg,LUX,2014,214.78
Luxembourg,LUX,2015,219.898
Luxembourg,LUX,2016,225.292
Luxembourg,LUX,2017,230.307
Luxembourg,LUX,2018,234.788
Luxembourg,LUX,2019,239.445
Luxembourg,LUX,2020,243.474
Luxembourg,LUX,2021,247.21
Luxembourg,LUX,2022,252.244
Luxembourg,LUX,2023,256.795
Macao,MAC,1950,6145.422
Macao,MAC,1951,6253.516
Macao,MAC,1952,6262.531
Macao,MAC,1953,6237.109
Macao,MAC,1954,6183.359
Macao,MAC,1955,6107.578
Macao,MAC,1956,6005.594
Macao,MAC,1957,5880.891
Macao,MAC,1958,5739.625
Macao,MAC,1959,5575.781
Macao,MAC,1960,5416.109
Macao,MAC,1961,5416.344
Macao,MAC,1962,5556.547
Macao,MAC,1963,5691.719
Macao,MAC,1964,7051.719
Macao,MAC,1965,8300.969
Macao,MAC,1966,8216.953
Macao,MAC,1967,8138.219
Macao,MAC,1968,8060.406
Macao,MAC,1969,7978.313
Macao,MAC,1970,8043.609
Macao,MAC,1971,8233.094
Macao,MAC,1972,8536.906
Macao,MAC,1973,7822.625
Macao,MAC,1974,6918.344
Macao,MAC,1975,6998.141
Macao,MAC,1976,7105.531
Macao,MAC,1977,7235.594
Macao,MAC,1978,7381.453
Macao,MAC,1979,7535.828
Macao,MAC,1980,7690.531
Macao,MAC,1981,7890.781
Macao,MAC,1982,8157.953
Macao,MAC,1983,8453.219
Macao,MAC,1984,8767.391
Macao,MAC,1985,9102.422
Macao,MAC,1986,9458.422
Macao,MAC,1987,9831.859
Macao,MAC,1988,10215.781
Macao,MAC,1989,10600.703
Macao,MAC,1990,10972.594
Macao,MAC,1991,11320.859
Macao,MAC,1992,11632.766
Macao,MAC,1993,11916.453
Macao,MAC,1994,12191.297
Macao,MAC,1995,12459.156
Macao,MAC,1996,12719.641
Macao,MAC,1997,12970.906
Macao,MAC,1998,13212.813
Macao,MAC,1999,13445.391
Macao,MAC,2000,13665.906
Macao,MAC,2001,13910.156
Macao,MAC,2002,14250.438
Macao,MAC,2003,14657.906
Macao,MAC,2004,15068.75
Macao,MAC,2005,15481.578
Macao,MAC,2006,15898.328
Macao,MAC,2007,16321.109
Macao,MAC,2008,16747.812
Macao,MAC,2009,17171.344
Macao,MAC,2010,17587.672
Macao,MAC,2011,17988.516
Macao,MAC,2012,18357.672
Macao,MAC,2013,18710.719
Macao,MAC,2014,19072
Macao,MAC,2015,19443.094
Macao,MAC,2016,19822.234
Macao,MAC,2017,20204.828
Macao,MAC,2018,20586.625
Macao,MAC,2019,20967.938
Macao,MAC,2020,21345.828
Macao,MAC,2021,21700.062
Macao,MAC,2022,22011.14
Macao,MAC,2023,22309.734
Madagascar,MDG,1950,6.8
Madagascar,MDG,1951,6.974
Madagascar,MDG,1952,7.152
Madagascar,MDG,1953,7.335
Madagascar,MDG,1954,7.524
Madagascar,MDG,1955,7.718
Madagascar,MDG,1956,7.918
Madagascar,MDG,1957,8.124
Madagascar,MDG,1958,8.338
Madagascar,MDG,1959,8.558
Madagascar,MDG,1960,8.785
Madagascar,MDG,1961,9.017
Madagascar,MDG,1962,9.254
Madagascar,MDG,1963,9.497
Madagascar,MDG,1964,9.745
Madagascar,MDG,1965,10.002
Madagascar,MDG,1966,10.269
Madagascar,MDG,1967,10.548
Madagascar,MDG,1968,10.84
Madagascar,MDG,1969,11.146
Madagascar,MDG,1970,11.468
Madagascar,MDG,1971,11.806
Madagascar,MDG,1972,12.16
Madagascar,MDG,1973,12.527
Madagascar,MDG,1974,12.908
Madagascar,MDG,1975,13.303
Madagascar,MDG,1976,13.711
Madagascar,MDG,1977,14.133
Madagascar,MDG,1978,14.568
Madagascar,MDG,1979,15.018
Madagascar,MDG,1980,15.48
Madagascar,MDG,1981,15.949
Madagascar,MDG,1982,16.428
Madagascar,MDG,1983,16.918
Madagascar,MDG,1984,17.419
Madagascar,MDG,1985,17.933
Madagascar,MDG,1986,18.455
Madagascar,MDG,1987,18.988
Madagascar,MDG,1988,19.542
Madagascar,MDG,1989,20.119
Madagascar,MDG,1990,20.721
Madagascar,MDG,1991,21.35
Madagascar,MDG,1992,22.002
Madagascar,MDG,1993,22.684
Madagascar,MDG,1994,23.4
Madagascar,MDG,1995,24.152
Madagascar,MDG,1996,24.941
Madagascar,MDG,1997,25.766
Madagascar,MDG,1998,26.623
Madagascar,MDG,1999,27.502
Madagascar,MDG,2000,28.389
Madagascar,MDG,2001,29.277
Madagascar,MDG,2002,30.165
Madagascar,MDG,2003,31.062
Madagascar,MDG,2004,31.981
Madagascar,MDG,2005,32.932
Madagascar,MDG,2006,33.914
Madagascar,MDG,2007,34.924
Madagascar,MDG,2008,35.964
Madagascar,MDG,2009,37.036
Madagascar,MDG,2010,38.129
Madagascar,MDG,2011,39.227
Madagascar,MDG,2012,40.328
Madagascar,MDG,2013,41.439
Madagascar,MDG,2014,42.565
Madagascar,MDG,2015,43.704
Madagascar,MDG,2016,44.861
Madagascar,MDG,2017,46.044
Madagascar,MDG,2018,47.259
Madagascar,MDG,2019,48.504
Madagascar,MDG,2020,49.766
Madagascar,MDG,2021,51.034
Madagascar,MDG,2022,52.316
Madagascar,MDG,2023,53.62
Malawi,MWI,1950,31.203
Malawi,MWI,1951,31.759
Malawi,MWI,1952,32.357
Malawi,MWI,1953,32.99
Malawi,MWI,1954,33.648
Malawi,MWI,1955,34.336
Malawi,MWI,1956,35.063
Malawi,MWI,1957,35.829
Malawi,MWI,1958,36.635
Malawi,MWI,1959,37.484
Malawi,MWI,1960,38.372
Malawi,MWI,1961,39.296
Malawi,MWI,1962,40.256
Malawi,MWI,1963,41.253
Malawi,MWI,1964,42.276
Malawi,MWI,1965,43.322
Malawi,MWI,1966,44.398
Malawi,MWI,1967,45.509
Malawi,MWI,1968,46.652
Malawi,MWI,1969,47.817
Malawi,MWI,1970,49.009
Malawi,MWI,1971,50.252
Malawi,MWI,1972,51.553
Malawi,MWI,1973,52.923
Malawi,MWI,1974,54.376
Malawi,MWI,1975,55.92
Malawi,MWI,1976,57.57
Malawi,MWI,1977,59.385
Malawi,MWI,1978,61.449
Malawi,MWI,1979,63.761
Malawi,MWI,1980,66.265
Malawi,MWI,1981,68.919
Malawi,MWI,1982,71.695
Malawi,MWI,1983,74.58
Malawi,MWI,1984,77.553
Malawi,MWI,1985,80.596
Malawi,MWI,1986,83.62
Malawi,MWI,1987,87.71
Malawi,MWI,1988,92.576
Malawi,MWI,1989,97.049
Malawi,MWI,1990,100.959
Malawi,MWI,1991,104.114
Malawi,MWI,1992,107.191
Malawi,MWI,1993,108.766
Malawi,MWI,1994,107.506
Malawi,MWI,1995,107.35
Malawi,MWI,1996,109.487
Malawi,MWI,1997,111.706
Malawi,MWI,1998,114.148
Malawi,MWI,1999,116.844
Malawi,MWI,2000,119.68
Malawi,MWI,2001,122.61
Malawi,MWI,2002,125.65
Malawi,MWI,2003,128.835
Malawi,MWI,2004,132.21
Malawi,MWI,2005,135.799
Malawi,MWI,2006,139.592
Malawi,MWI,2007,143.586
Malawi,MWI,2008,147.817
Malawi,MWI,2009,152.253
Malawi,MWI,2010,156.808
Malawi,MWI,2011,161.446
Malawi,MWI,2012,166.147
Malawi,MWI,2013,170.93
Malawi,MWI,2014,175.793
Malawi,MWI,2015,180.7
Malawi,MWI,2016,185.694
Malawi,MWI,2017,190.791
Malawi,MWI,2018,195.957
Malawi,MWI,2019,201.22
Malawi,MWI,2020,206.594
Malawi,MWI,2021,212.024
Malawi,MWI,2022,217.539
Malawi,MWI,2023,223.205
Malaysia,MYS,1950,18.561
Malaysia,MYS,1951,19.046
Malaysia,MYS,1952,19.549
Malaysia,MYS,1953,20.07
Malaysia,MYS,1954,20.613
Malaysia,MYS,1955,21.184
Malaysia,MYS,1956,21.782
Malaysia,MYS,1957,22.41
Malaysia,MYS,1958,23.019
Malaysia,MYS,1959,23.606
Malaysia,MYS,1960,24.216
Malaysia,MYS,1961,24.85
Malaysia,MYS,1962,25.507
Malaysia,MYS,1963,26.182
Malaysia,MYS,1964,26.871
Malaysia,MYS,1965,27.565
Malaysia,MYS,1966,28.26
Malaysia,MYS,1967,28.937
Malaysia,MYS,1968,29.601
Malaysia,MYS,1969,30.277
Malaysia,MYS,1970,30.981
Malaysia,MYS,1971,31.726
Malaysia,MYS,1972,32.497
Malaysia,MYS,1973,33.284
Malaysia,MYS,1974,34.092
Malaysia,MYS,1975,34.917
Malaysia,MYS,1976,35.763
Malaysia,MYS,1977,36.633
Malaysia,MYS,1978,37.523
Malaysia,MYS,1979,38.435
Malaysia,MYS,1980,39.517
Malaysia,MYS,1981,40.783
Malaysia,MYS,1982,42.103
Malaysia,MYS,1983,43.482
Malaysia,MYS,1984,44.922
Malaysia,MYS,1985,46.423
Malaysia,MYS,1986,47.97
Malaysia,MYS,1987,49.541
Malaysia,MYS,1988,51.123
Malaysia,MYS,1989,52.701
Malaysia,MYS,1990,54.278
Malaysia,MYS,1991,55.829
Malaysia,MYS,1992,57.326
Malaysia,MYS,1993,58.812
Malaysia,MYS,1994,60.327
Malaysia,MYS,1995,61.88
Malaysia,MYS,1996,63.461
Malaysia,MYS,1997,65.059
Malaysia,MYS,1998,66.677
Malaysia,MYS,1999,68.287
Malaysia,MYS,2000,69.907
Malaysia,MYS,2001,71.607
Malaysia,MYS,2002,73.36
Malaysia,MYS,2003,75.117
Malaysia,MYS,2004,76.873
Malaysia,MYS,2005,78.637
Malaysia,MYS,2006,80.408
Malaysia,MYS,2007,82.174
Malaysia,MYS,2008,83.914
Malaysia,MYS,2009,85.603
Malaysia,MYS,2010,87.219
Malaysia,MYS,2011,88.76
Malaysia,MYS,2012,90.284
Malaysia,MYS,2013,91.841
Malaysia,MYS,2014,93.429
Malaysia,MYS,2015,95.063
Malaysia,MYS,2016,96.758
Malaysia,MYS,2017,98.48
Malaysia,MYS,2018,100.17
Malaysia,MYS,2019,101.782
Malaysia,MYS,2020,103.149
Malaysia,MYS,2021,104.345
Malaysia,MYS,2022,105.602
Malaysia,MYS,2023,106.913
Maldives,MDV,1950,248.16
Maldives,MDV,1951,252.377
Maldives,MDV,1952,256.877
Maldives,MDV,1953,261.637
Maldives,MDV,1954,266.662
Maldives,MDV,1955,272.005
Maldives,MDV,1956,277.692
Maldives,MDV,1957,283.735
Maldives,MDV,1958,290.143
Maldives,MDV,1959,296.857
Maldives,MDV,1960,303.965
Maldives,MDV,1961,311.498
Maldives,MDV,1962,319.34
Maldives,MDV,1963,327.407
Maldives,MDV,1964,335.54
Maldives,MDV,1965,347.007
Maldives,MDV,1966,361.688
Maldives,MDV,1967,375.092
Maldives,MDV,1968,386.915
Maldives,MDV,1969,398.545
Maldives,MDV,1970,410.728
Maldives,MDV,1971,423.45
Maldives,MDV,1972,436.56
Maldives,MDV,1973,449.842
Maldives,MDV,1974,463.262
Maldives,MDV,1975,477.193
Maldives,MDV,1976,491.752
Maldives,MDV,1977,506.433
Maldives,MDV,1978,520.528
Maldives,MDV,1979,534.533
Maldives,MDV,1980,549.45
Maldives,MDV,1981,565.108
Maldives,MDV,1982,581.108
Maldives,MDV,1983,597.093
Maldives,MDV,1984,613.993
Maldives,MDV,1985,633.897
Maldives,MDV,1986,656.452
Maldives,MDV,1987,679.813
Maldives,MDV,1988,702.948
Maldives,MDV,1989,725.795
Maldives,MDV,1990,749.207
Maldives,MDV,1991,772.672
Maldives,MDV,1992,795.143
Maldives,MDV,1993,816.28
Maldives,MDV,1994,836.073
Maldives,MDV,1995,855.497
Maldives,MDV,1996,874.49
Maldives,MDV,1997,892.358
Maldives,MDV,1998,909.075
Maldives,MDV,1999,924.707
Maldives,MDV,2000,940.062
Maldives,MDV,2001,955.892
Maldives,MDV,2002,972.053
Maldives,MDV,2003,988.303
Maldives,MDV,2004,1004.708
Maldives,MDV,2005,1021.43
Maldives,MDV,2006,1046.17
Maldives,MDV,2007,1081.597
Maldives,MDV,2008,1120.567
Maldives,MDV,2009,1160.917
Maldives,MDV,2010,1202.64
Maldives,MDV,2011,1245.58
Maldives,MDV,2012,1289.393
Maldives,MDV,2013,1333.568
Maldives,MDV,2014,1378.723
Maldives,MDV,2015,1427.18
Maldives,MDV,2016,1477.693
Maldives,MDV,2017,1527.623
Maldives,MDV,2018,1576.995
Maldives,MDV,2019,1625.77
Maldives,MDV,2020,1673.728
Maldives,MDV,2021,1720.512
Maldives,MDV,2022,1747.022
Maldives,MDV,2023,1753.313
Mali,MLI,1950,3.849
Mali,MLI,1951,3.907
Mali,MLI,1952,3.964
Mali,MLI,1953,4.02
Mali,MLI,1954,4.076
Mali,MLI,1955,4.132
Mali,MLI,1956,4.189
Mali,MLI,1957,4.248
Mali,MLI,1958,4.305
Mali,MLI,1959,4.365
Mali,MLI,1960,4.428
Mali,MLI,1961,4.493
Mali,MLI,1962,4.56
Mali,MLI,1963,4.628
Mali,MLI,1964,4.696
Mali,MLI,1965,4.766
Mali,MLI,1966,4.837
Mali,MLI,1967,4.91
Mali,MLI,1968,4.985
Mali,MLI,1969,5.063
Mali,MLI,1970,5.144
Mali,MLI,1971,5.227
Mali,MLI,1972,5.314
Mali,MLI,1973,5.407
Mali,MLI,1974,5.504
Mali,MLI,1975,5.603
Mali,MLI,1976,5.705
Mali,MLI,1977,5.811
Mali,MLI,1978,5.925
Mali,MLI,1979,6.044
Mali,MLI,1980,6.172
Mali,MLI,1981,6.305
Mali,MLI,1982,6.442
Mali,MLI,1983,6.585
Mali,MLI,1984,6.727
Mali,MLI,1985,6.863
Mali,MLI,1986,6.992
Mali,MLI,1987,7.115
Mali,MLI,1988,7.24
Mali,MLI,1989,7.376
Mali,MLI,1990,7.522
Mali,MLI,1991,7.673
Mali,MLI,1992,7.83
Mali,MLI,1993,7.994
Mali,MLI,1994,8.168
Mali,MLI,1995,8.347
Mali,MLI,1996,8.529
Mali,MLI,1997,8.725
Mali,MLI,1998,8.949
Mali,MLI,1999,9.201
Mali,MLI,2000,9.473
Mali,MLI,2001,9.763
Mali,MLI,2002,10.071
Mali,MLI,2003,10.396
Mali,MLI,2004,10.738
Mali,MLI,2005,11.096
Mali,MLI,2006,11.466
Mali,MLI,2007,11.849
Mali,MLI,2008,12.245
Mali,MLI,2009,12.65
Mali,MLI,2010,13.068
Mali,MLI,2011,13.497
Mali,MLI,2012,13.897
Mali,MLI,2013,14.309
Mali,MLI,2014,14.768
Mali,MLI,2015,15.238
Mali,MLI,2016,15.728
Mali,MLI,2017,16.238
Mali,MLI,2018,16.753
Mali,MLI,2019,17.266
Mali,MLI,2020,17.795
Mali,MLI,2021,18.348
Mali,MLI,2022,18.909
Mali,MLI,2023,19.48
Malta,MLT,1950,935.49
Malta,MLT,1951,953.825
Malta,MLT,1952,967.96
Malta,MLT,1953,982.043
Malta,MLT,1954,996.014
Malta,MLT,1955,1009.965
Malta,MLT,1956,1023.67
Malta,MLT,1957,1037.124
Malta,MLT,1958,1045.74
Malta,MLT,1959,1048.74
Malta,MLT,1960,1050.222
Malta,MLT,1961,1050.313
Malta,MLT,1962,1049.17
Malta,MLT,1963,1047.002
Malta,MLT,1964,1043.773
Malta,MLT,1965,1039.359
Malta,MLT,1966,1033.887
Malta,MLT,1967,1027.978
Malta,MLT,1968,1027.022
Malta,MLT,1969,1030.962
Malta,MLT,1970,1034.956
Malta,MLT,1971,1039.024
Malta,MLT,1972,1043.203
Malta,MLT,1973,1047.786
Malta,MLT,1974,1052.949
Malta,MLT,1975,1058.573
Malta,MLT,1976,1064.4
Malta,MLT,1977,1070.351
Malta,MLT,1978,1076.384
Malta,MLT,1979,1082.448
Malta,MLT,1980,1088.498
Malta,MLT,1981,1094.451
Malta,MLT,1982,1100.459
Malta,MLT,1983,1106.638
Malta,MLT,1984,1112.86
Malta,MLT,1985,1119.257
Malta,MLT,1986,1127.227
Malta,MLT,1987,1136.763
Malta,MLT,1988,1146.743
Malta,MLT,1989,1157.211
Malta,MLT,1990,1167.962
Malta,MLT,1991,1178.83
Malta,MLT,1992,1189.824
Malta,MLT,1993,1200.689
Malta,MLT,1994,1210.965
Malta,MLT,1995,1220.792
Malta,MLT,1996,1230.552
Malta,MLT,1997,1240.251
Malta,MLT,1998,1250.078
Malta,MLT,1999,1259.963
Malta,MLT,2000,1269.508
Malta,MLT,2001,1278.681
Malta,MLT,2002,1287.506
Malta,MLT,2003,1295.957
Malta,MLT,2004,1304.119
Malta,MLT,2005,1312.125
Malta,MLT,2006,1318.903
Malta,MLT,2007,1324.433
Malta,MLT,2008,1330.06
Malta,MLT,2009,1335.856
Malta,MLT,2010,1341.748
Malta,MLT,2011,1348.027
Malta,MLT,2012,1354.319
Malta,MLT,2013,1360.167
Malta,MLT,2014,1379.316
Malta,MLT,2015,1412.637
Malta,MLT,2016,1445.298
Malta,MLT,2017,1485.405
Malta,MLT,2018,1538.278
Malta,MLT,2019,1600.049
Malta,MLT,2020,1645.1
Malta,MLT,2021,1664.687
Malta,MLT,2022,1676.8
Malta,MLT,2023,1691.924
Marshall Islands,MHL,1950,72.2
Marshall Islands,MHL,1951,72.842
Marshall Islands,MHL,1952,73.417
Marshall Islands,MHL,1953,73.942
Marshall Islands,MHL,1954,74.397
Marshall Islands,MHL,1955,74.903
Marshall Islands,MHL,1956,75.389
Marshall Islands,MHL,1957,75.767
Marshall Islands,MHL,1958,76.694
Marshall Islands,MHL,1959,78.869
Marshall Islands,MHL,1960,81.681
Marshall Islands,MHL,1961,84.55
Marshall Islands,MHL,1962,87.528
Marshall Islands,MHL,1963,90.564
Marshall Islands,MHL,1964,93.625
Marshall Islands,MHL,1965,96.681
Marshall Islands,MHL,1966,99.592
Marshall Islands,MHL,1967,103.639
Marshall Islands,MHL,1968,110.344
Marshall Islands,MHL,1969,118.358
Marshall Islands,MHL,1970,125.167
Marshall Islands,MHL,1971,129.814
Marshall Islands,MHL,1972,133.292
Marshall Islands,MHL,1973,136.561
Marshall Islands,MHL,1974,140.533
Marshall Islands,MHL,1975,145.297
Marshall Islands,MHL,1976,150.117
Marshall Islands,MHL,1977,155.031
Marshall Islands,MHL,1978,160.053
Marshall Islands,MHL,1979,165.214
Marshall Islands,MHL,1980,170.969
Marshall Islands,MHL,1981,177.872
Marshall Islands,MHL,1982,185.536
Marshall Islands,MHL,1983,193.394
Marshall Islands,MHL,1984,201.467
Marshall Islands,MHL,1985,209.786
Marshall Islands,MHL,1986,218.256
Marshall Islands,MHL,1987,226.822
Marshall Islands,MHL,1988,235.117
Marshall Islands,MHL,1989,242.144
Marshall Islands,MHL,1990,247.939
Marshall Islands,MHL,1991,253.153
Marshall Islands,MHL,1992,257.708
Marshall Islands,MHL,1993,261.631
Marshall Islands,MHL,1994,265.064
Marshall Islands,MHL,1995,268.142
Marshall Islands,MHL,1996,270.972
Marshall Islands,MHL,1997,273.661
Marshall Islands,MHL,1998,276.206
Marshall Islands,MHL,1999,278.897
Marshall Islands,MHL,2000,281.703
Marshall Islands,MHL,2001,284.014
Marshall Islands,MHL,2002,285.692
Marshall Islands,MHL,2003,286.881
Marshall Islands,MHL,2004,287.731
Marshall Islands,MHL,2005,288.367
Marshall Islands,MHL,2006,288.847
Marshall Islands,MHL,2007,289.083
Marshall Islands,MHL,2008,289.056
Marshall Islands,MHL,2009,288.992
Marshall Islands,MHL,2010,289.131
Marshall Islands,MHL,2011,288.375
Marshall Islands,MHL,2012,285.661
Marshall Islands,MHL,2013,281.561
Marshall Islands,MHL,2014,276.644
Marshall Islands,MHL,2015,271.114
Marshall Islands,MHL,2016,265.05
Marshall Islands,MHL,2017,258.494
Marshall Islands,MHL,2018,251.583
Marshall Islands,MHL,2019,244.481
Marshall Islands,MHL,2020,237.258
Marshall Islands,MHL,2021,229.817
Marshall Islands,MHL,2022,222.65
Marshall Islands,MHL,2023,215.706
Martinique,MTQ,1950,218.934
Martinique,MTQ,1951,224.035
Martinique,MTQ,1952,229.083
Martinique,MTQ,1953,234.588
Martinique,MTQ,1954,240.711
Martinique,MTQ,1955,246.266
Martinique,MTQ,1956,251.166
Martinique,MTQ,1957,256.297
Martinique,MTQ,1958,261.53
Martinique,MTQ,1959,266.877
Martinique,MTQ,1960,272.425
Martinique,MTQ,1961,277.906
Martinique,MTQ,1962,282.79
Martinique,MTQ,1963,287.007
Martinique,MTQ,1964,290.988
Martinique,MTQ,1965,295.056
Martinique,MTQ,1966,299.128
Martinique,MTQ,1967,302.757
Martinique,MTQ,1968,305.215
Martinique,MTQ,1969,306.455
Martinique,MTQ,1970,307.094
Martinique,MTQ,1971,307.533
Martinique,MTQ,1972,307.871
Martinique,MTQ,1973,307.892
Martinique,MTQ,1974,307.9
Martinique,MTQ,1975,308.81
Martinique,MTQ,1976,310.347
Martinique,MTQ,1977,311.574
Martinique,MTQ,1978,312.408
Martinique,MTQ,1979,313
Martinique,MTQ,1980,313.476
Martinique,MTQ,1981,314.138
Martinique,MTQ,1982,316.075
Martinique,MTQ,1983,319.485
Martinique,MTQ,1984,323.418
Martinique,MTQ,1985,327.499
Martinique,MTQ,1986,331.677
Martinique,MTQ,1987,335.978
Martinique,MTQ,1988,340.368
Martinique,MTQ,1989,344.872
Martinique,MTQ,1990,350
Martinique,MTQ,1991,355.946
Martinique,MTQ,1992,362.199
Martinique,MTQ,1993,368.435
Martinique,MTQ,1994,374.594
Martinique,MTQ,1995,380.658
Martinique,MTQ,1996,386.63
Martinique,MTQ,1997,392.534
Martinique,MTQ,1998,397.937
Martinique,MTQ,1999,399.895
Martinique,MTQ,2000,397.53
Martinique,MTQ,2001,393.534
Martinique,MTQ,2002,389.119
Martinique,MTQ,2003,385.289
Martinique,MTQ,2004,382.167
Martinique,MTQ,2005,379.101
Martinique,MTQ,2006,377.783
Martinique,MTQ,2007,378.119
Martinique,MTQ,2008,378.015
Martinique,MTQ,2009,376.907
Martinique,MTQ,2010,374.89
Martinique,MTQ,2011,372.232
Martinique,MTQ,2012,369.558
Martinique,MTQ,2013,367.421
Martinique,MTQ,2014,365.108
Martinique,MTQ,2015,362.01
Martinique,MTQ,2016,357.44
Martinique,MTQ,2017,350.474
Martinique,MTQ,2018,343.481
Martinique,MTQ,2019,339.256
Martinique,MTQ,2020,336.429
Martinique,MTQ,2021,333.281
Martinique,MTQ,2022,329.678
Martinique,MTQ,2023,326.417
Mauritania,MRT,1950,0.638
Mauritania,MRT,1951,0.651
Mauritania,MRT,1952,0.664
Mauritania,MRT,1953,0.679
Mauritania,MRT,1954,0.693
Mauritania,MRT,1955,0.709
Mauritania,MRT,1956,0.725
Mauritania,MRT,1957,0.743
Mauritania,MRT,1958,0.761
Mauritania,MRT,1959,0.78
Mauritania,MRT,1960,0.8
Mauritania,MRT,1961,0.821
Mauritania,MRT,1962,0.843
Mauritania,MRT,1963,0.867
Mauritania,MRT,1964,0.892
Mauritania,MRT,1965,0.918
Mauritania,MRT,1966,0.945
Mauritania,MRT,1967,0.974
Mauritania,MRT,1968,1.004
Mauritania,MRT,1969,1.035
Mauritania,MRT,1970,1.067
Mauritania,MRT,1971,1.1
Mauritania,MRT,1972,1.134
Mauritania,MRT,1973,1.168
Mauritania,MRT,1974,1.203
Mauritania,MRT,1975,1.239
Mauritania,MRT,1976,1.276
Mauritania,MRT,1977,1.313
Mauritania,MRT,1978,1.351
Mauritania,MRT,1979,1.39
Mauritania,MRT,1980,1.43
Mauritania,MRT,1981,1.472
Mauritania,MRT,1982,1.515
Mauritania,MRT,1983,1.559
Mauritania,MRT,1984,1.604
Mauritania,MRT,1985,1.651
Mauritania,MRT,1986,1.7
Mauritania,MRT,1987,1.749
Mauritania,MRT,1988,1.801
Mauritania,MRT,1989,1.846
Mauritania,MRT,1990,1.894
Mauritania,MRT,1991,1.95
Mauritania,MRT,1992,2.026
Mauritania,MRT,1993,2.11
Mauritania,MRT,1994,2.182
Mauritania,MRT,1995,2.243
Mauritania,MRT,1996,2.288
Mauritania,MRT,1997,2.339
Mauritania,MRT,1998,2.401
Mauritania,MRT,1999,2.466
Mauritania,MRT,2000,2.536
Mauritania,MRT,2001,2.599
Mauritania,MRT,2002,2.657
Mauritania,MRT,2003,2.719
Mauritania,MRT,2004,2.783
Mauritania,MRT,2005,2.852
Mauritania,MRT,2006,2.924
Mauritania,MRT,2007,3.001
Mauritania,MRT,2008,3.088
Mauritania,MRT,2009,3.187
Mauritania,MRT,2010,3.29
Mauritania,MRT,2011,3.398
Mauritania,MRT,2012,3.511
Mauritania,MRT,2013,3.623
Mauritania,MRT,2014,3.734
Mauritania,MRT,2015,3.848
Mauritania,MRT,2016,3.965
Mauritania,MRT,2017,4.085
Mauritania,MRT,2018,4.208
Mauritania,MRT,2019,4.335
Mauritania,MRT,2020,4.463
Mauritania,MRT,2021,4.594
Mauritania,MRT,2022,4.73
Mauritania,MRT,2023,4.873
Mauritius,MUS,1950,258.896
Mauritius,MUS,1951,266.586
Mauritius,MUS,1952,274.471
Mauritius,MUS,1953,281.734
Mauritius,MUS,1954,288.413
Mauritius,MUS,1955,295.364
Mauritius,MUS,1956,302.737
Mauritius,MUS,1957,310.544
Mauritius,MUS,1958,318.795
Mauritius,MUS,1959,327.505
Mauritius,MUS,1960,335.138
Mauritius,MUS,1961,341.147
Mauritius,MUS,1962,347.426
Mauritius,MUS,1963,354.852
Mauritius,MUS,1964,362.826
Mauritius,MUS,1965,370.769
Mauritius,MUS,1966,378.645
Mauritius,MUS,1967,386.333
Mauritius,MUS,1968,393.734
Mauritius,MUS,1969,400.858
Mauritius,MUS,1970,407.732
Mauritius,MUS,1971,414.338
Mauritius,MUS,1972,420.494
Mauritius,MUS,1973,426.18
Mauritius,MUS,1974,431.755
Mauritius,MUS,1975,437.45
Mauritius,MUS,1976,443.277
Mauritius,MUS,1977,449.333
Mauritius,MUS,1978,455.801
Mauritius,MUS,1979,462.752
Mauritius,MUS,1980,470.057
Mauritius,MUS,1981,477.447
Mauritius,MUS,1982,484.537
Mauritius,MUS,1983,491.314
Mauritius,MUS,1984,498.147
Mauritius,MUS,1985,504.957
Mauritius,MUS,1986,511.5
Mauritius,MUS,1987,517.789
Mauritius,MUS,1988,523.938
Mauritius,MUS,1989,530.04
Mauritius,MUS,1990,536.465
Mauritius,MUS,1991,543.37
Mauritius,MUS,1992,550.576
Mauritius,MUS,1993,557.829
Mauritius,MUS,1994,564.802
Mauritius,MUS,1995,571.34
Mauritius,MUS,1996,577.529
Mauritius,MUS,1997,583.398
Mauritius,MUS,1998,588.722
Mauritius,MUS,1999,594.035
Mauritius,MUS,2000,599.324
Mauritius,MUS,2001,603.843
Mauritius,MUS,2002,607.924
Mauritius,MUS,2003,611.871
Mauritius,MUS,2004,615.665
Mauritius,MUS,2005,619.318
Mauritius,MUS,2006,622.552
Mauritius,MUS,2007,625.379
Mauritius,MUS,2008,627.899
Mauritius,MUS,2009,630.035
Mauritius,MUS,2010,631.877
Mauritius,MUS,2011,633.629
Mauritius,MUS,2012,635.059
Mauritius,MUS,2013,635.952
Mauritius,MUS,2014,636.455
Mauritius,MUS,2015,636.589
Mauritius,MUS,2016,636.356
Mauritius,MUS,2017,635.791
Mauritius,MUS,2018,634.893
Mauritius,MUS,2019,633.631
Mauritius,MUS,2020,632.13
Mauritius,MUS,2021,630.356
Mauritius,MUS,2022,628.635
Mauritius,MUS,2023,627.383
Mayotte,MYT,1950,54.737
Mayotte,MYT,1951,55.797
Mayotte,MYT,1952,56.913
Mayotte,MYT,1953,58.123
Mayotte,MYT,1954,59.449
Mayotte,MYT,1955,60.865
Mayotte,MYT,1956,62.367
Mayotte,MYT,1957,63.959
Mayotte,MYT,1958,65.655
Mayotte,MYT,1959,67.435
Mayotte,MYT,1960,69.313
Mayotte,MYT,1961,71.289
Mayotte,MYT,1962,73.367
Mayotte,MYT,1963,75.573
Mayotte,MYT,1964,77.933
Mayotte,MYT,1965,80.479
Mayotte,MYT,1966,83.205
Mayotte,MYT,1967,86.04
Mayotte,MYT,1968,88.647
Mayotte,MYT,1969,91.061
Mayotte,MYT,1970,93.589
Mayotte,MYT,1971,96.3
Mayotte,MYT,1972,99.243
Mayotte,MYT,1973,102.387
Mayotte,MYT,1974,105.733
Mayotte,MYT,1975,109.247
Mayotte,MYT,1976,112.895
Mayotte,MYT,1977,116.687
Mayotte,MYT,1978,121.12
Mayotte,MYT,1979,126.891
Mayotte,MYT,1980,133.721
Mayotte,MYT,1981,141.147
Mayotte,MYT,1982,149.069
Mayotte,MYT,1983,157.32
Mayotte,MYT,1984,165.792
Mayotte,MYT,1985,174.9
Mayotte,MYT,1986,185.651
Mayotte,MYT,1987,197.917
Mayotte,MYT,1988,210.971
Mayotte,MYT,1989,224.715
Mayotte,MYT,1990,238.913
Mayotte,MYT,1991,253.592
Mayotte,MYT,1992,269.849
Mayotte,MYT,1993,287.919
Mayotte,MYT,1994,307.023
Mayotte,MYT,1995,326.868
Mayotte,MYT,1996,347.1
Mayotte,MYT,1997,366.483
Mayotte,MYT,1998,383.933
Mayotte,MYT,1999,400.553
Mayotte,MYT,2000,417.312
Mayotte,MYT,2001,433.869
Mayotte,MYT,2002,448.213
Mayotte,MYT,2003,457.84
Mayotte,MYT,2004,466.753
Mayotte,MYT,2005,478.936
Mayotte,MYT,2006,493.311
Mayotte,MYT,2007,508.695
Mayotte,MYT,2008,523.749
Mayotte,MYT,2009,538.388
Mayotte,MYT,2010,553.124
Mayotte,MYT,2011,567.943
Mayotte,MYT,2012,583.979
Mayotte,MYT,2013,604.328
Mayotte,MYT,2014,628.733
Mayotte,MYT,2015,654.879
Mayotte,MYT,2016,682.325
Mayotte,MYT,2017,707.105
Mayotte,MYT,2018,719.172
Mayotte,MYT,2019,733.095
Mayotte,MYT,2020,758.321
Mayotte,MYT,2021,785.123
Mayotte,MYT,2022,814.049
Mayotte,MYT,2023,842.708
Mexico,MEX,1950,14.081
Mexico,MEX,1951,14.455
Mexico,MEX,1952,14.848
Mexico,MEX,1953,15.261
Mexico,MEX,1954,15.696
Mexico,MEX,1955,16.154
Mexico,MEX,1956,16.633
Mexico,MEX,1957,17.13
Mexico,MEX,1958,17.647
Mexico,MEX,1959,18.184
Mexico,MEX,1960,18.744
Mexico,MEX,1961,19.339
Mexico,MEX,1962,19.972
Mexico,MEX,1963,20.632
Mexico,MEX,1964,21.32
Mexico,MEX,1965,22.036
Mexico,MEX,1966,22.779
Mexico,MEX,1967,23.545
Mexico,MEX,1968,24.33
Mexico,MEX,1969,25.129
Mexico,MEX,1970,25.936
Mexico,MEX,1971,26.751
Mexico,MEX,1972,27.577
Mexico,MEX,1973,28.413
Mexico,MEX,1974,29.256
Mexico,MEX,1975,30.105
Mexico,MEX,1976,30.953
Mexico,MEX,1977,31.802
Mexico,MEX,1978,32.655
Mexico,MEX,1979,33.507
Mexico,MEX,1980,34.35
Mexico,MEX,1981,35.163
Mexico,MEX,1982,35.949
Mexico,MEX,1983,36.734
Mexico,MEX,1984,37.518
Mexico,MEX,1985,38.302
Mexico,MEX,1986,39.089
Mexico,MEX,1987,39.881
Mexico,MEX,1988,40.677
Mexico,MEX,1989,41.469
Mexico,MEX,1990,42.271
Mexico,MEX,1991,43.093
Mexico,MEX,1992,43.917
Mexico,MEX,1993,44.738
Mexico,MEX,1994,45.558
Mexico,MEX,1995,46.376
Mexico,MEX,1996,47.188
Mexico,MEX,1997,47.988
Mexico,MEX,1998,48.782
Mexico,MEX,1999,49.568
Mexico,MEX,2000,50.338
Mexico,MEX,2001,51.091
Mexico,MEX,2002,51.83
Mexico,MEX,2003,52.56
Mexico,MEX,2004,53.283
Mexico,MEX,2005,54.006
Mexico,MEX,2006,54.742
Mexico,MEX,2007,55.518
Mexico,MEX,2008,56.335
Mexico,MEX,2009,57.165
Mexico,MEX,2010,57.994
Mexico,MEX,2011,58.82
Mexico,MEX,2012,59.624
Mexico,MEX,2013,60.403
Mexico,MEX,2014,61.138
Mexico,MEX,2015,61.795
Mexico,MEX,2016,62.397
Mexico,MEX,2017,62.983
Mexico,MEX,2018,63.582
Mexico,MEX,2019,64.189
Mexico,MEX,2020,64.718
Mexico,MEX,2021,65.152
Mexico,MEX,2022,65.644
Mexico,MEX,2023,66.219
Micronesia (country),FSM,1950,45.866
Micronesia (country),FSM,1951,47.147
Micronesia (country),FSM,1952,48.471
Micronesia (country),FSM,1953,49.873
Micronesia (country),FSM,1954,51.316
Micronesia (country),FSM,1955,52.82
Micronesia (country),FSM,1956,54.399
Micronesia (country),FSM,1957,56.026
Micronesia (country),FSM,1958,57.725
Micronesia (country),FSM,1959,59.513
Micronesia (country),FSM,1960,61.516
Micronesia (country),FSM,1961,63.729
Micronesia (country),FSM,1962,66.025
Micronesia (country),FSM,1963,68.206
Micronesia (country),FSM,1964,70.259
Micronesia (country),FSM,1965,72.405
Micronesia (country),FSM,1966,74.654
Micronesia (country),FSM,1967,76.924
Micronesia (country),FSM,1968,79.224
Micronesia (country),FSM,1969,81.636
Micronesia (country),FSM,1970,84.174
Micronesia (country),FSM,1971,86.624
Micronesia (country),FSM,1972,88.968
Micronesia (country),FSM,1973,91.409
Micronesia (country),FSM,1974,93.926
Micronesia (country),FSM,1975,96.326
Micronesia (country),FSM,1976,98.641
Micronesia (country),FSM,1977,101.076
Micronesia (country),FSM,1978,103.935
Micronesia (country),FSM,1979,107.22
Micronesia (country),FSM,1980,110.581
Micronesia (country),FSM,1981,113.992
Micronesia (country),FSM,1982,117.456
Micronesia (country),FSM,1983,120.971
Micronesia (country),FSM,1984,124.537
Micronesia (country),FSM,1985,128.153
Micronesia (country),FSM,1986,131.809
Micronesia (country),FSM,1987,135.491
Micronesia (country),FSM,1988,138.709
Micronesia (country),FSM,1989,141.433
Micronesia (country),FSM,1990,144.126
Micronesia (country),FSM,1991,146.791
Micronesia (country),FSM,1992,149.724
Micronesia (country),FSM,1993,152.951
Micronesia (country),FSM,1994,155.821
Micronesia (country),FSM,1995,157.471
Micronesia (country),FSM,1996,158.158
Micronesia (country),FSM,1997,158.673
Micronesia (country),FSM,1998,159.111
Micronesia (country),FSM,1999,159.542
Micronesia (country),FSM,2000,160.063
Micronesia (country),FSM,2001,160.522
Micronesia (country),FSM,2002,160.64
Micronesia (country),FSM,2003,160.407
Micronesia (country),FSM,2004,159.894
Micronesia (country),FSM,2005,159.16
Micronesia (country),FSM,2006,158.184
Micronesia (country),FSM,2007,156.972
Micronesia (country),FSM,2008,155.624
Micronesia (country),FSM,2009,154.225
Micronesia (country),FSM,2010,153.628
Micronesia (country),FSM,2011,153.854
Micronesia (country),FSM,2012,154.129
Micronesia (country),FSM,2013,154.458
Micronesia (country),FSM,2014,154.851
Micronesia (country),FSM,2015,155.308
Micronesia (country),FSM,2016,155.821
Micronesia (country),FSM,2017,156.402
Micronesia (country),FSM,2018,157.014
Micronesia (country),FSM,2019,157.546
Micronesia (country),FSM,2020,158.452
Micronesia (country),FSM,2021,159.464
Micronesia (country),FSM,2022,160.162
Micronesia (country),FSM,2023,160.901
Moldova,MDA,1950,76.892
Moldova,MDA,1951,78.242
Moldova,MDA,1952,79.672
Moldova,MDA,1953,81.184
Moldova,MDA,1954,82.767
Moldova,MDA,1955,84.41
Moldova,MDA,1956,86.103
Moldova,MDA,1957,87.829
Moldova,MDA,1958,89.549
Moldova,MDA,1959,91.459
Moldova,MDA,1960,93.552
Moldova,MDA,1961,95.611
Moldova,MDA,1962,97.607
Moldova,MDA,1963,99.501
Moldova,MDA,1964,101.278
Moldova,MDA,1965,102.973
Moldova,MDA,1966,104.636
Moldova,MDA,1967,106.265
Moldova,MDA,1968,107.873
Moldova,MDA,1969,109.482
Moldova,MDA,1970,110.806
Moldova,MDA,1971,111.852
Moldova,MDA,1972,112.949
Moldova,MDA,1973,114.124
Moldova,MDA,1974,115.378
Moldova,MDA,1975,116.688
Moldova,MDA,1976,118.029
Moldova,MDA,1977,119.384
Moldova,MDA,1978,120.744
Moldova,MDA,1979,121.963
Moldova,MDA,1980,123.129
Moldova,MDA,1981,124.37
Moldova,MDA,1982,125.603
Moldova,MDA,1983,126.88
Moldova,MDA,1984,128.213
Moldova,MDA,1985,129.589
Moldova,MDA,1986,131.055
Moldova,MDA,1987,132.567
Moldova,MDA,1988,134.048
Moldova,MDA,1989,135.009
Moldova,MDA,1990,135.367
Moldova,MDA,1991,135.533
Moldova,MDA,1992,135.506
Moldova,MDA,1993,135.279
Moldova,MDA,1994,134.86
Moldova,MDA,1995,134.244
Moldova,MDA,1996,133.436
Moldova,MDA,1997,132.46
Moldova,MDA,1998,131.34
Moldova,MDA,1999,130.108
Moldova,MDA,2000,128.793
Moldova,MDA,2001,127.418
Moldova,MDA,2002,125.994
Moldova,MDA,2003,124.549
Moldova,MDA,2004,123.066
Moldova,MDA,2005,121.302
Moldova,MDA,2006,119.254
Moldova,MDA,2007,117.128
Moldova,MDA,2008,114.941
Moldova,MDA,2009,112.712
Moldova,MDA,2010,110.455
Moldova,MDA,2011,108.183
Moldova,MDA,2012,105.913
Moldova,MDA,2013,103.666
Moldova,MDA,2014,101.658
Moldova,MDA,2015,99.969
Moldova,MDA,2016,98.467
Moldova,MDA,2017,97.12
Moldova,MDA,2018,95.912
Moldova,MDA,2019,94.659
Moldova,MDA,2020,93.338
Moldova,MDA,2021,91.958
Moldova,MDA,2022,92.451
Moldova,MDA,2023,93.275
Monaco,MCO,1950,13198.322
Monaco,MCO,1951,13656.04
Monaco,MCO,1952,13796.98
Monaco,MCO,1953,13867.114
Monaco,MCO,1954,13867.785
Monaco,MCO,1955,13808.725
Monaco,MCO,1956,13906.04
Monaco,MCO,1957,14156.04
Monaco,MCO,1958,14365.101
Monaco,MCO,1959,14527.517
Monaco,MCO,1960,14636.242
Monaco,MCO,1961,14698.658
Monaco,MCO,1962,14817.785
Monaco,MCO,1963,15023.49
Monaco,MCO,1964,15225.839
Monaco,MCO,1965,15396.309
Monaco,MCO,1966,15523.826
Monaco,MCO,1967,15590.94
Monaco,MCO,1968,15729.53
Monaco,MCO,1969,15993.96
Monaco,MCO,1970,16260.738
Monaco,MCO,1971,16494.295
Monaco,MCO,1972,16685.906
Monaco,MCO,1973,16826.846
Monaco,MCO,1974,16935.906
Monaco,MCO,1975,17114.43
Monaco,MCO,1976,17378.86
Monaco,MCO,1977,17633.22
Monaco,MCO,1978,17856.04
Monaco,MCO,1979,18048.658
Monaco,MCO,1980,18203.02
Monaco,MCO,1981,18317.45
Monaco,MCO,1982,18497.65
Monaco,MCO,1983,18765.436
Monaco,MCO,1984,19030.871
Monaco,MCO,1985,19282.55
Monaco,MCO,1986,19525.168
Monaco,MCO,1987,19762.416
Monaco,MCO,1988,19986.912
Monaco,MCO,1989,20190.268
Monaco,MCO,1990,20374.832
Monaco,MCO,1991,20553.355
Monaco,MCO,1992,20729.195
Monaco,MCO,1993,20896.309
Monaco,MCO,1994,21057.383
Monaco,MCO,1995,21214.094
Monaco,MCO,1996,21367.45
Monaco,MCO,1997,21518.455
Monaco,MCO,1998,21656.04
Monaco,MCO,1999,21751.342
Monaco,MCO,2000,21781.545
Monaco,MCO,2001,21776.51
Monaco,MCO,2002,21759.396
Monaco,MCO,2003,21727.852
Monaco,MCO,2004,21682.887
Monaco,MCO,2005,21617.45
Monaco,MCO,2006,21515.102
Monaco,MCO,2007,21367.45
Monaco,MCO,2008,21366.443
Monaco,MCO,2009,21720.47
Monaco,MCO,2010,22257.383
Monaco,MCO,2011,22782.215
Monaco,MCO,2012,23295.973
Monaco,MCO,2013,23789.934
Monaco,MCO,2014,24246.98
Monaco,MCO,2015,24669.129
Monaco,MCO,2016,25017.45
Monaco,MCO,2017,25287.248
Monaco,MCO,2018,25607.047
Monaco,MCO,2019,25576.51
Monaco,MCO,2020,25537.248
Monaco,MCO,2021,25857.047
Monaco,MCO,2022,26128.523
Monaco,MCO,2023,26145.303
Mongolia,MNG,1950,0.502
Mongolia,MNG,1951,0.51
Mongolia,MNG,1952,0.518
Mongolia,MNG,1953,0.527
Mongolia,MNG,1954,0.535
Mongolia,MNG,1955,0.545
Mongolia,MNG,1956,0.558
Mongolia,MNG,1957,0.574
Mongolia,MNG,1958,0.59
Mongolia,MNG,1959,0.608
Mongolia,MNG,1960,0.628
Mongolia,MNG,1961,0.648
Mongolia,MNG,1962,0.669
Mongolia,MNG,1963,0.688
Mongolia,MNG,1964,0.706
Mongolia,MNG,1965,0.726
Mongolia,MNG,1966,0.747
Mongolia,MNG,1967,0.769
Mongolia,MNG,1968,0.79
Mongolia,MNG,1969,0.81
Mongolia,MNG,1970,0.832
Mongolia,MNG,1971,0.854
Mongolia,MNG,1972,0.878
Mongolia,MNG,1973,0.902
Mongolia,MNG,1974,0.928
Mongolia,MNG,1975,0.956
Mongolia,MNG,1976,0.984
Mongolia,MNG,1977,1.012
Mongolia,MNG,1978,1.04
Mongolia,MNG,1979,1.066
Mongolia,MNG,1980,1.092
Mongolia,MNG,1981,1.119
Mongolia,MNG,1982,1.146
Mongolia,MNG,1983,1.174
Mongolia,MNG,1984,1.203
Mongolia,MNG,1985,1.234
Mongolia,MNG,1986,1.265
Mongolia,MNG,1987,1.299
Mongolia,MNG,1988,1.333
Mongolia,MNG,1989,1.364
Mongolia,MNG,1990,1.39
Mongolia,MNG,1991,1.414
Mongolia,MNG,1992,1.438
Mongolia,MNG,1993,1.46
Mongolia,MNG,1994,1.48
Mongolia,MNG,1995,1.5
Mongolia,MNG,1996,1.518
Mongolia,MNG,1997,1.534
Mongolia,MNG,1998,1.549
Mongolia,MNG,1999,1.563
Mongolia,MNG,2000,1.576
Mongolia,MNG,2001,1.591
Mongolia,MNG,2002,1.605
Mongolia,MNG,2003,1.619
Mongolia,MNG,2004,1.633
Mongolia,MNG,2005,1.646
Mongolia,MNG,2006,1.66
Mongolia,MNG,2007,1.674
Mongolia,MNG,2008,1.691
Mongolia,MNG,2009,1.711
Mongolia,MNG,2010,1.735
Mongolia,MNG,2011,1.763
Mongolia,MNG,2012,1.795
Mongolia,MNG,2013,1.831
Mongolia,MNG,2014,1.87
Mongolia,MNG,2015,1.911
Mongolia,MNG,2016,1.952
Mongolia,MNG,2017,1.993
Mongolia,MNG,2018,2.034
Mongolia,MNG,2019,2.075
Mongolia,MNG,2020,2.113
Mongolia,MNG,2021,2.144
Mongolia,MNG,2022,2.174
Mongolia,MNG,2023,2.204
Montenegro,MNE,1950,29.142
Montenegro,MNE,1951,29.69
Montenegro,MNE,1952,30.329
Montenegro,MNE,1953,30.95
Montenegro,MNE,1954,31.449
Montenegro,MNE,1955,31.899
Montenegro,MNE,1956,32.341
Montenegro,MNE,1957,32.779
Montenegro,MNE,1958,33.218
Montenegro,MNE,1959,33.659
Montenegro,MNE,1960,34.115
Montenegro,MNE,1961,34.595
Montenegro,MNE,1962,35.074
Montenegro,MNE,1963,35.533
Montenegro,MNE,1964,35.978
Montenegro,MNE,1965,36.41
Montenegro,MNE,1966,36.825
Montenegro,MNE,1967,37.221
Montenegro,MNE,1968,37.598
Montenegro,MNE,1969,37.97
Montenegro,MNE,1970,38.349
Montenegro,MNE,1971,38.742
Montenegro,MNE,1972,39.147
Montenegro,MNE,1973,39.55
Montenegro,MNE,1974,39.946
Montenegro,MNE,1975,40.338
Montenegro,MNE,1976,40.735
Montenegro,MNE,1977,41.13
Montenegro,MNE,1978,41.523
Montenegro,MNE,1979,41.921
Montenegro,MNE,1980,42.341
Montenegro,MNE,1981,42.71
Montenegro,MNE,1982,42.979
Montenegro,MNE,1983,43.22
Montenegro,MNE,1984,43.458
Montenegro,MNE,1985,43.694
Montenegro,MNE,1986,43.932
Montenegro,MNE,1987,44.177
Montenegro,MNE,1988,44.424
Montenegro,MNE,1989,44.674
Montenegro,MNE,1990,44.924
Montenegro,MNE,1991,45.146
Montenegro,MNE,1992,45.324
Montenegro,MNE,1993,45.475
Montenegro,MNE,1994,45.604
Montenegro,MNE,1995,45.712
Montenegro,MNE,1996,45.802
Montenegro,MNE,1997,45.868
Montenegro,MNE,1998,45.909
Montenegro,MNE,1999,45.923
Montenegro,MNE,2000,45.916
Montenegro,MNE,2001,45.901
Montenegro,MNE,2002,45.885
Montenegro,MNE,2003,45.87
Montenegro,MNE,2004,45.884
Montenegro,MNE,2005,45.906
Montenegro,MNE,2006,45.893
Montenegro,MNE,2007,45.857
Montenegro,MNE,2008,45.818
Montenegro,MNE,2009,45.789
Montenegro,MNE,2010,45.764
Montenegro,MNE,2011,45.807
Montenegro,MNE,2012,45.869
Montenegro,MNE,2013,45.844
Montenegro,MNE,2014,45.712
Montenegro,MNE,2015,45.478
Montenegro,MNE,2016,45.196
Montenegro,MNE,2017,44.897
Montenegro,MNE,2018,44.584
Montenegro,MNE,2019,44.285
Montenegro,MNE,2020,44.015
Montenegro,MNE,2021,43.719
Montenegro,MNE,2022,44.501
Montenegro,MNE,2023,45.87
Montserrat,MSR,1950,125.665
Montserrat,MSR,1951,124.714
Montserrat,MSR,1952,123.835
Montserrat,MSR,1953,122.869
Montserrat,MSR,1954,121.951
Montserrat,MSR,1955,121.18
Montserrat,MSR,1956,120.286
Montserrat,MSR,1957,119.408
Montserrat,MSR,1958,118.51
Montserrat,MSR,1959,117.587
Montserrat,MSR,1960,116.84
Montserrat,MSR,1961,116.141
Montserrat,MSR,1962,115.374
Montserrat,MSR,1963,114.602
Montserrat,MSR,1964,113.83
Montserrat,MSR,1965,113.068
Montserrat,MSR,1966,112.35
Montserrat,MSR,1967,111.67
Montserrat,MSR,1968,111.058
Montserrat,MSR,1969,110.408
Montserrat,MSR,1970,110.024
Montserrat,MSR,1971,110.073
Montserrat,MSR,1972,110.194
Montserrat,MSR,1973,110.345
Montserrat,MSR,1974,110.568
Montserrat,MSR,1975,110.762
Montserrat,MSR,1976,110.888
Montserrat,MSR,1977,111.01
Montserrat,MSR,1978,111.034
Montserrat,MSR,1979,110.772
Montserrat,MSR,1980,110.092
Montserrat,MSR,1981,109.252
Montserrat,MSR,1982,108.558
Montserrat,MSR,1983,107.961
Montserrat,MSR,1984,107.335
Montserrat,MSR,1985,106.743
Montserrat,MSR,1986,106.248
Montserrat,MSR,1987,105.777
Montserrat,MSR,1988,105.301
Montserrat,MSR,1989,104.631
Montserrat,MSR,1990,103.66
Montserrat,MSR,1991,101.325
Montserrat,MSR,1992,96.961
Montserrat,MSR,1993,91.568
Montserrat,MSR,1994,85.859
Montserrat,MSR,1995,79.947
Montserrat,MSR,1996,73.82
Montserrat,MSR,1997,67.553
Montserrat,MSR,1998,61.18
Montserrat,MSR,1999,54.937
Montserrat,MSR,2000,48.82
Montserrat,MSR,2001,44.568
Montserrat,MSR,2002,43.451
Montserrat,MSR,2003,43.597
Montserrat,MSR,2004,43.835
Montserrat,MSR,2005,44.141
Montserrat,MSR,2006,44.481
Montserrat,MSR,2007,44.883
Montserrat,MSR,2008,45.408
Montserrat,MSR,2009,45.971
Montserrat,MSR,2010,46.544
Montserrat,MSR,2011,46.82
Montserrat,MSR,2012,46.563
Montserrat,MSR,2013,46.141
Montserrat,MSR,2014,45.738
Montserrat,MSR,2015,45.364
Montserrat,MSR,2016,45.024
Montserrat,MSR,2017,44.684
Montserrat,MSR,2018,44.359
Montserrat,MSR,2019,44.073
Montserrat,MSR,2020,43.762
Montserrat,MSR,2021,43.49
Montserrat,MSR,2022,43.233
Montserrat,MSR,2023,42.917
More developed regions,,1950,16.58
More developed regions,,1951,16.77
More developed regions,,1952,16.957
More developed regions,,1953,17.152
More developed regions,,1954,17.352
More developed regions,,1955,17.555
More developed regions,,1956,17.758
More developed regions,,1957,17.966
More developed regions,,1958,18.182
More developed regions,,1959,18.398
More developed regions,,1960,18.613
More developed regions,,1961,18.832
More developed regions,,1962,19.049
More developed regions,,1963,19.26
More developed regions,,1964,19.466
More developed regions,,1965,19.665
More developed regions,,1966,19.854
More developed regions,,1967,20.033
More developed regions,,1968,20.21
More developed regions,,1969,20.386
More developed regions,,1970,20.557
More developed regions,,1971,20.734
More developed regions,,1972,20.917
More developed regions,,1973,21.088
More developed regions,,1974,21.251
More developed regions,,1975,21.403
More developed regions,,1976,21.547
More developed regions,,1977,21.691
More developed regions,,1978,21.831
More developed regions,,1979,21.971
More developed regions,,1980,22.117
More developed regions,,1981,22.256
More developed regions,,1982,22.385
More developed regions,,1983,22.511
More developed regions,,1984,22.636
More developed regions,,1985,22.761
More developed regions,,1986,22.891
More developed regions,,1987,23.025
More developed regions,,1988,23.16
More developed regions,,1989,23.293
More developed regions,,1990,23.428
More developed regions,,1991,23.563
More developed regions,,1992,23.672
More developed regions,,1993,23.762
More developed regions,,1994,23.858
More developed regions,,1995,23.943
More developed regions,,1996,24.015
More developed regions,,1997,24.086
More developed regions,,1998,24.145
More developed regions,,1999,24.201
More developed regions,,2000,24.271
More developed regions,,2001,24.346
More developed regions,,2002,24.438
More developed regions,,2003,24.537
More developed regions,,2004,24.629
More developed regions,,2005,24.719
More developed regions,,2006,24.809
More developed regions,,2007,24.914
More developed regions,,2008,25.029
More developed regions,,2009,25.137
More developed regions,,2010,25.239
More developed regions,,2011,25.339
More developed regions,,2012,25.435
More developed regions,,2013,25.529
More developed regions,,2014,25.625
More developed regions,,2015,25.73
More developed regions,,2016,25.844
More developed regions,,2017,25.952
More developed regions,,2018,26.05
More developed regions,,2019,26.14
More developed regions,,2020,26.181
More developed regions,,2021,26.175
More developed regions,,2022,26.168
More developed regions,,2023,26.183
Morocco,MAR,1950,20.021
Morocco,MAR,1951,20.523
Morocco,MAR,1952,21.051
Morocco,MAR,1953,21.599
Morocco,MAR,1954,22.167
Morocco,MAR,1955,22.761
Morocco,MAR,1956,23.379
Morocco,MAR,1957,24.021
Morocco,MAR,1958,24.678
Morocco,MAR,1959,25.357
Morocco,MAR,1960,26.047
Morocco,MAR,1961,26.733
Morocco,MAR,1962,27.455
Morocco,MAR,1963,28.182
Morocco,MAR,1964,28.902
Morocco,MAR,1965,29.664
Morocco,MAR,1966,30.466
Morocco,MAR,1967,31.298
Morocco,MAR,1968,32.149
Morocco,MAR,1969,33.014
Morocco,MAR,1970,33.9
Morocco,MAR,1971,34.791
Morocco,MAR,1972,35.682
Morocco,MAR,1973,36.581
Morocco,MAR,1974,37.495
Morocco,MAR,1975,38.429
Morocco,MAR,1976,39.378
Morocco,MAR,1977,40.365
Morocco,MAR,1978,41.401
Morocco,MAR,1979,42.473
Morocco,MAR,1980,43.603
Morocco,MAR,1981,44.78
Morocco,MAR,1982,45.979
Morocco,MAR,1983,47.19
Morocco,MAR,1984,48.384
Morocco,MAR,1985,49.55
Morocco,MAR,1986,50.64
Morocco,MAR,1987,51.657
Morocco,MAR,1988,52.656
Morocco,MAR,1989,53.64
Morocco,MAR,1990,54.617
Morocco,MAR,1991,55.566
Morocco,MAR,1992,56.492
Morocco,MAR,1993,57.393
Morocco,MAR,1994,58.259
Morocco,MAR,1995,59.152
Morocco,MAR,1996,60.067
Morocco,MAR,1997,60.975
Morocco,MAR,1998,61.89
Morocco,MAR,1999,62.799
Morocco,MAR,2000,63.687
Morocco,MAR,2001,64.563
Morocco,MAR,2002,65.423
Morocco,MAR,2003,66.259
Morocco,MAR,2004,67.114
Morocco,MAR,2005,68.022
Morocco,MAR,2006,68.947
Morocco,MAR,2007,69.878
Morocco,MAR,2008,70.82
Morocco,MAR,2009,71.77
Morocco,MAR,2010,72.747
Morocco,MAR,2011,73.745
Morocco,MAR,2012,74.737
Morocco,MAR,2013,75.706
Morocco,MAR,2014,76.641
Morocco,MAR,2015,77.543
Morocco,MAR,2016,78.475
Morocco,MAR,2017,79.423
Morocco,MAR,2018,80.304
Morocco,MAR,2019,81.136
Morocco,MAR,2020,81.972
Morocco,MAR,2021,82.802
Morocco,MAR,2022,83.641
Morocco,MAR,2023,84.5
Mozambique,MOZ,1950,7.516
Mozambique,MOZ,1951,7.602
Mozambique,MOZ,1952,7.694
Mozambique,MOZ,1953,7.786
Mozambique,MOZ,1954,7.88
Mozambique,MOZ,1955,7.979
Mozambique,MOZ,1956,8.081
Mozambique,MOZ,1957,8.187
Mozambique,MOZ,1958,8.293
Mozambique,MOZ,1959,8.406
Mozambique,MOZ,1960,8.537
Mozambique,MOZ,1961,8.692
Mozambique,MOZ,1962,8.863
Mozambique,MOZ,1963,9.041
Mozambique,MOZ,1964,9.226
Mozambique,MOZ,1965,9.418
Mozambique,MOZ,1966,9.617
Mozambique,MOZ,1967,9.823
Mozambique,MOZ,1968,10.037
Mozambique,MOZ,1969,10.258
Mozambique,MOZ,1970,10.492
Mozambique,MOZ,1971,10.753
Mozambique,MOZ,1972,11.054
Mozambique,MOZ,1973,11.387
Mozambique,MOZ,1974,11.745
Mozambique,MOZ,1975,12.133
Mozambique,MOZ,1976,12.548
Mozambique,MOZ,1977,13.003
Mozambique,MOZ,1978,13.503
Mozambique,MOZ,1979,14.025
Mozambique,MOZ,1980,14.416
Mozambique,MOZ,1981,14.711
Mozambique,MOZ,1982,15.036
Mozambique,MOZ,1983,15.354
Mozambique,MOZ,1984,15.662
Mozambique,MOZ,1985,15.958
Mozambique,MOZ,1986,16.24
Mozambique,MOZ,1987,16.306
Mozambique,MOZ,1988,16.278
Mozambique,MOZ,1989,16.413
Mozambique,MOZ,1990,16.652
Mozambique,MOZ,1991,16.979
Mozambique,MOZ,1992,17.311
Mozambique,MOZ,1993,17.868
Mozambique,MOZ,1994,19.118
Mozambique,MOZ,1995,20.296
Mozambique,MOZ,1996,20.973
Mozambique,MOZ,1997,21.554
Mozambique,MOZ,1998,22.051
Mozambique,MOZ,1999,22.552
Mozambique,MOZ,2000,23.055
Mozambique,MOZ,2001,23.574
Mozambique,MOZ,2002,24.108
Mozambique,MOZ,2003,24.66
Mozambique,MOZ,2004,25.23
Mozambique,MOZ,2005,25.82
Mozambique,MOZ,2006,26.434
Mozambique,MOZ,2007,27.07
Mozambique,MOZ,2008,27.746
Mozambique,MOZ,2009,28.474
Mozambique,MOZ,2010,29.247
Mozambique,MOZ,2011,30.073
Mozambique,MOZ,2012,30.949
Mozambique,MOZ,2013,31.857
Mozambique,MOZ,2014,32.794
Mozambique,MOZ,2015,33.759
Mozambique,MOZ,2016,34.763
Mozambique,MOZ,2017,35.818
Mozambique,MOZ,2018,36.902
Mozambique,MOZ,2019,38.002
Mozambique,MOZ,2020,39.146
Mozambique,MOZ,2021,40.321
Mozambique,MOZ,2022,41.527
Mozambique,MOZ,2023,42.772
Myanmar,MMR,1950,27.15
Myanmar,MMR,1951,27.661
Myanmar,MMR,1952,28.193
Myanmar,MMR,1953,28.747
Myanmar,MMR,1954,29.323
Myanmar,MMR,1955,29.926
Myanmar,MMR,1956,30.552
Myanmar,MMR,1957,31.2
Myanmar,MMR,1958,31.864
Myanmar,MMR,1959,32.549
Myanmar,MMR,1960,33.263
Myanmar,MMR,1961,33.998
Myanmar,MMR,1962,34.754
Myanmar,MMR,1963,35.533
Myanmar,MMR,1964,36.335
Myanmar,MMR,1965,37.165
Myanmar,MMR,1966,38.018
Myanmar,MMR,1967,38.89
Myanmar,MMR,1968,39.783
Myanmar,MMR,1969,40.694
Myanmar,MMR,1970,41.625
Myanmar,MMR,1971,42.565
Myanmar,MMR,1972,43.516
Myanmar,MMR,1973,44.431
Myanmar,MMR,1974,45.306
Myanmar,MMR,1975,46.192
Myanmar,MMR,1976,47.083
Myanmar,MMR,1977,47.997
Myanmar,MMR,1978,48.941
Myanmar,MMR,1979,49.896
Myanmar,MMR,1980,50.861
Myanmar,MMR,1981,51.828
Myanmar,MMR,1982,52.784
Myanmar,MMR,1983,53.824
Myanmar,MMR,1984,54.952
Myanmar,MMR,1985,56.059
Myanmar,MMR,1986,57.118
Myanmar,MMR,1987,58.124
Myanmar,MMR,1988,59.087
Myanmar,MMR,1989,60.026
Myanmar,MMR,1990,60.949
Myanmar,MMR,1991,61.832
Myanmar,MMR,1992,62.683
Myanmar,MMR,1993,63.528
Myanmar,MMR,1994,64.374
Myanmar,MMR,1995,65.217
Myanmar,MMR,1996,66.058
Myanmar,MMR,1997,66.906
Myanmar,MMR,1998,67.746
Myanmar,MMR,1999,68.557
Myanmar,MMR,2000,69.327
Myanmar,MMR,2001,70.063
Myanmar,MMR,2002,70.769
Myanmar,MMR,2003,71.434
Myanmar,MMR,2004,72.049
Myanmar,MMR,2005,72.615
Myanmar,MMR,2006,73.145
Myanmar,MMR,2007,73.666
Myanmar,MMR,2008,74.072
Myanmar,MMR,2009,74.485
Myanmar,MMR,2010,75.042
Myanmar,MMR,2011,75.648
Myanmar,MMR,2012,76.287
Myanmar,MMR,2013,76.938
Myanmar,MMR,2014,77.579
Myanmar,MMR,2015,78.203
Myanmar,MMR,2016,78.825
Myanmar,MMR,2017,79.436
Myanmar,MMR,2018,80.014
Myanmar,MMR,2019,80.578
Myanmar,MMR,2020,81.153
Myanmar,MMR,2021,81.72
Myanmar,MMR,2022,82.286
Myanmar,MMR,2023,82.863
Namibia,NAM,1950,0.625
Namibia,NAM,1951,0.632
Namibia,NAM,1952,0.64
Namibia,NAM,1953,0.648
Namibia,NAM,1954,0.656
Namibia,NAM,1955,0.665
Namibia,NAM,1956,0.674
Namibia,NAM,1957,0.683
Namibia,NAM,1958,0.694
Namibia,NAM,1959,0.706
Namibia,NAM,1960,0.718
Namibia,NAM,1961,0.733
Namibia,NAM,1962,0.748
Namibia,NAM,1963,0.765
Namibia,NAM,1964,0.783
Namibia,NAM,1965,0.802
Namibia,NAM,1966,0.823
Namibia,NAM,1967,0.845
Namibia,NAM,1968,0.869
Namibia,NAM,1969,0.894
Namibia,NAM,1970,0.921
Namibia,NAM,1971,0.948
Namibia,NAM,1972,0.977
Namibia,NAM,1973,1.007
Namibia,NAM,1974,1.038
Namibia,NAM,1975,1.07
Namibia,NAM,1976,1.101
Namibia,NAM,1977,1.131
Namibia,NAM,1978,1.151
Namibia,NAM,1979,1.169
Namibia,NAM,1980,1.192
Namibia,NAM,1981,1.206
Namibia,NAM,1982,1.227
Namibia,NAM,1983,1.26
Namibia,NAM,1984,1.295
Namibia,NAM,1985,1.332
Namibia,NAM,1986,1.374
Namibia,NAM,1987,1.419
Namibia,NAM,1988,1.469
Namibia,NAM,1989,1.566
Namibia,NAM,1990,1.663
Namibia,NAM,1991,1.72
Namibia,NAM,1992,1.775
Namibia,NAM,1993,1.833
Namibia,NAM,1994,1.89
Namibia,NAM,1995,1.946
Namibia,NAM,1996,1.999
Namibia,NAM,1997,2.052
Namibia,NAM,1998,2.105
Namibia,NAM,1999,2.158
Namibia,NAM,2000,2.209
Namibia,NAM,2001,2.256
Namibia,NAM,2002,2.296
Namibia,NAM,2003,2.329
Namibia,NAM,2004,2.359
Namibia,NAM,2005,2.389
Namibia,NAM,2006,2.419
Namibia,NAM,2007,2.452
Namibia,NAM,2008,2.486
Namibia,NAM,2009,2.523
Namibia,NAM,2010,2.563
Namibia,NAM,2011,2.607
Namibia,NAM,2012,2.666
Namibia,NAM,2013,2.736
Namibia,NAM,2014,2.808
Namibia,NAM,2015,2.884
Namibia,NAM,2016,2.963
Namibia,NAM,2017,3.045
Namibia,NAM,2018,3.131
Namibia,NAM,2019,3.219
Namibia,NAM,2020,3.314
Namibia,NAM,2021,3.414
Namibia,NAM,2022,3.51
Namibia,NAM,2023,3.599
Nauru,NRU,1950,170.35
Nauru,NRU,1951,175.525
Nauru,NRU,1952,180.375
Nauru,NRU,1953,184.725
Nauru,NRU,1954,188.975
Nauru,NRU,1955,194.225
Nauru,NRU,1956,201.05
Nauru,NRU,1957,207.9
Nauru,NRU,1958,214.85
Nauru,NRU,1959,222.675
Nauru,NRU,1960,230.375
Nauru,NRU,1961,238.675
Nauru,NRU,1962,248.925
Nauru,NRU,1963,261.325
Nauru,NRU,1964,275.725
Nauru,NRU,1965,291.575
Nauru,NRU,1966,302.175
Nauru,NRU,1967,306.725
Nauru,NRU,1968,316.4
Nauru,NRU,1969,329.05
Nauru,NRU,1970,335.475
Nauru,NRU,1971,338.1
Nauru,NRU,1972,340.6
Nauru,NRU,1973,343.3
Nauru,NRU,1974,346.175
Nauru,NRU,1975,349.375
Nauru,NRU,1976,353.225
Nauru,NRU,1977,358.15
Nauru,NRU,1978,364.9
Nauru,NRU,1979,373.375
Nauru,NRU,1980,382.425
Nauru,NRU,1981,391.95
Nauru,NRU,1982,401.975
Nauru,NRU,1983,410.825
Nauru,NRU,1984,418.85
Nauru,NRU,1985,427.55
Nauru,NRU,1986,437.075
Nauru,NRU,1987,447.3
Nauru,NRU,1988,458.225
Nauru,NRU,1989,469.525
Nauru,NRU,1990,481.1
Nauru,NRU,1991,492.5
Nauru,NRU,1992,501.05
Nauru,NRU,1993,505.1
Nauru,NRU,1994,506.875
Nauru,NRU,1995,508.225
Nauru,NRU,1996,509.15
Nauru,NRU,1997,509.85
Nauru,NRU,1998,509.9
Nauru,NRU,1999,509.35
Nauru,NRU,2000,508.375
Nauru,NRU,2001,506.525
Nauru,NRU,2002,504.075
Nauru,NRU,2003,502.95
Nauru,NRU,2004,503
Nauru,NRU,2005,502.45
Nauru,NRU,2006,501.675
Nauru,NRU,2007,501
Nauru,NRU,2008,500.475
Nauru,NRU,2009,500.8
Nauru,NRU,2010,502.15
Nauru,NRU,2011,504.875
Nauru,NRU,2012,513.35
Nauru,NRU,2013,525.85
Nauru,NRU,2014,537.125
Nauru,NRU,2015,547.7
Nauru,NRU,2016,557.5
Nauru,NRU,2017,566.2
Nauru,NRU,2018,573.875
Nauru,NRU,2019,579.35
Nauru,NRU,2020,582.15
Nauru,NRU,2021,585.425
Nauru,NRU,2022,590.05
Nauru,NRU,2023,593.75
Nepal,NPL,1950,57.05
Nepal,NPL,1951,58.246
Nepal,NPL,1952,59.432
Nepal,NPL,1953,60.594
Nepal,NPL,1954,61.746
Nepal,NPL,1955,62.902
Nepal,NPL,1956,64.056
Nepal,NPL,1957,65.212
Nepal,NPL,1958,66.355
Nepal,NPL,1959,67.528
Nepal,NPL,1960,68.784
Nepal,NPL,1961,70.107
Nepal,NPL,1962,71.484
Nepal,NPL,1963,72.902
Nepal,NPL,1964,74.374
Nepal,NPL,1965,75.916
Nepal,NPL,1966,77.515
Nepal,NPL,1967,79.173
Nepal,NPL,1968,80.895
Nepal,NPL,1969,82.667
Nepal,NPL,1970,84.496
Nepal,NPL,1971,86.357
Nepal,NPL,1972,88.253
Nepal,NPL,1973,90.197
Nepal,NPL,1974,92.189
Nepal,NPL,1975,94.242
Nepal,NPL,1976,96.328
Nepal,NPL,1977,98.513
Nepal,NPL,1978,100.826
Nepal,NPL,1979,103.21
Nepal,NPL,1980,105.673
Nepal,NPL,1981,108.183
Nepal,NPL,1982,110.734
Nepal,NPL,1983,113.392
Nepal,NPL,1984,116.083
Nepal,NPL,1985,118.75
Nepal,NPL,1986,121.402
Nepal,NPL,1987,124
Nepal,NPL,1988,126.638
Nepal,NPL,1989,129.486
Nepal,NPL,1990,132.657
Nepal,NPL,1991,136.135
Nepal,NPL,1992,140.03
Nepal,NPL,1993,143.906
Nepal,NPL,1994,147.556
Nepal,NPL,1995,151.143
Nepal,NPL,1996,154.516
Nepal,NPL,1997,157.761
Nepal,NPL,1998,160.893
Nepal,NPL,1999,163.915
Nepal,NPL,2000,166.778
Nepal,NPL,2001,169.497
Nepal,NPL,2002,172.094
Nepal,NPL,2003,174.539
Nepal,NPL,2004,176.766
Nepal,NPL,2005,178.756
Nepal,NPL,2006,180.495
Nepal,NPL,2007,182.011
Nepal,NPL,2008,183.38
Nepal,NPL,2009,184.623
Nepal,NPL,2010,185.771
Nepal,NPL,2011,186.604
Nepal,NPL,2012,187.082
Nepal,NPL,2013,187.456
Nepal,NPL,2014,188.016
Nepal,NPL,2015,189.044
Nepal,NPL,2016,189.939
Nepal,NPL,2017,190.318
Nepal,NPL,2018,190.783
Nepal,NPL,2019,193.055
Nepal,NPL,2020,196.809
Nepal,NPL,2021,200.264
Nepal,NPL,2022,201.897
Nepal,NPL,2023,201.756
Netherlands,NLD,1950,300.37
Netherlands,NLD,1951,304.848
Netherlands,NLD,1952,308.345
Netherlands,NLD,1953,311.649
Netherlands,NLD,1954,315.278
Netherlands,NLD,1955,319.302
Netherlands,NLD,1956,323.417
Netherlands,NLD,1957,327.489
Netherlands,NLD,1958,332.255
Netherlands,NLD,1959,337.029
Netherlands,NLD,1960,341.151
Netherlands,NLD,1961,345.679
Netherlands,NLD,1962,350.674
Netherlands,NLD,1963,355.474
Netherlands,NLD,1964,360.307
Netherlands,NLD,1965,365.333
Netherlands,NLD,1966,370.179
Netherlands,NLD,1967,374.442
Netherlands,NLD,1968,378.392
Netherlands,NLD,1969,382.841
Netherlands,NLD,1970,387.636
Netherlands,NLD,1971,392.277
Netherlands,NLD,1972,396.269
Netherlands,NLD,1973,399.565
Netherlands,NLD,1974,402.711
Netherlands,NLD,1975,406.285
Netherlands,NLD,1976,409.451
Netherlands,NLD,1977,411.886
Netherlands,NLD,1978,414.42
Netherlands,NLD,1979,417.278
Netherlands,NLD,1980,420.62
Netherlands,NLD,1981,423.59
Netherlands,NLD,1982,425.705
Netherlands,NLD,1983,427.576
Netherlands,NLD,1984,429.533
Netherlands,NLD,1985,431.795
Netherlands,NLD,1986,434.394
Netherlands,NLD,1987,437.318
Netherlands,NLD,1988,440.317
Netherlands,NLD,1989,443.144
Netherlands,NLD,1990,446.404
Netherlands,NLD,1991,450.093
Netherlands,NLD,1992,453.707
Netherlands,NLD,1993,457.062
Netherlands,NLD,1994,459.905
Netherlands,NLD,1995,462.268
Netherlands,NLD,1996,464.495
Netherlands,NLD,1997,466.978
Netherlands,NLD,1998,470.052
Netherlands,NLD,1999,473.41
Netherlands,NLD,2000,476.931
Netherlands,NLD,2001,480.613
Netherlands,NLD,2002,483.741
Netherlands,NLD,2003,486.083
Netherlands,NLD,2004,487.825
Netherlands,NLD,2005,489.018
Netherlands,NLD,2006,489.853
Netherlands,NLD,2007,490.967
Netherlands,NLD,2008,492.924
Netherlands,NLD,2009,495.505
Netherlands,NLD,2010,498.091
Netherlands,NLD,2011,500.462
Netherlands,NLD,2012,502.367
Netherlands,NLD,2013,503.907
Netherlands,NLD,2014,505.779
Netherlands,NLD,2015,508.076
Netherlands,NLD,2016,510.965
Netherlands,NLD,2017,514.252
Netherlands,NLD,2018,517.397
Netherlands,NLD,2019,520.849
Netherlands,NLD,2020,523.796
Netherlands,NLD,2021,526.583
Netherlands,NLD,2022,531.746
Netherlands,NLD,2023,537.333
New Caledonia,NCL,1950,3.49
New Caledonia,NCL,1951,3.541
New Caledonia,NCL,1952,3.596
New Caledonia,NCL,1953,3.655
New Caledonia,NCL,1954,3.717
New Caledonia,NCL,1955,3.783
New Caledonia,NCL,1956,3.863
New Caledonia,NCL,1957,3.969
New Caledonia,NCL,1958,4.094
New Caledonia,NCL,1959,4.226
New Caledonia,NCL,1960,4.366
New Caledonia,NCL,1961,4.514
New Caledonia,NCL,1962,4.668
New Caledonia,NCL,1963,4.817
New Caledonia,NCL,1964,4.956
New Caledonia,NCL,1965,5.096
New Caledonia,NCL,1966,5.242
New Caledonia,NCL,1967,5.393
New Caledonia,NCL,1968,5.549
New Caledonia,NCL,1969,5.736
New Caledonia,NCL,1970,5.981
New Caledonia,NCL,1971,6.264
New Caledonia,NCL,1972,6.561
New Caledonia,NCL,1973,6.87
New Caledonia,NCL,1974,7.191
New Caledonia,NCL,1975,7.52
New Caledonia,NCL,1976,7.773
New Caledonia,NCL,1977,7.91
New Caledonia,NCL,1978,8.008
New Caledonia,NCL,1979,8.104
New Caledonia,NCL,1980,8.196
New Caledonia,NCL,1981,8.285
New Caledonia,NCL,1982,8.37
New Caledonia,NCL,1983,8.479
New Caledonia,NCL,1984,8.621
New Caledonia,NCL,1985,8.766
New Caledonia,NCL,1986,8.911
New Caledonia,NCL,1987,9.062
New Caledonia,NCL,1988,9.218
New Caledonia,NCL,1989,9.411
New Caledonia,NCL,1990,9.653
New Caledonia,NCL,1991,9.915
New Caledonia,NCL,1992,10.179
New Caledonia,NCL,1993,10.441
New Caledonia,NCL,1994,10.701
New Caledonia,NCL,1995,10.962
New Caledonia,NCL,1996,11.216
New Caledonia,NCL,1997,11.464
New Caledonia,NCL,1998,11.709
New Caledonia,NCL,1999,11.954
New Caledonia,NCL,2000,12.204
New Caledonia,NCL,2001,12.457
New Caledonia,NCL,2002,12.704
New Caledonia,NCL,2003,12.947
New Caledonia,NCL,2004,13.176
New Caledonia,NCL,2005,13.369
New Caledonia,NCL,2006,13.542
New Caledonia,NCL,2007,13.716
New Caledonia,NCL,2008,13.885
New Caledonia,NCL,2009,14.073
New Caledonia,NCL,2010,14.31
New Caledonia,NCL,2011,14.581
New Caledonia,NCL,2012,14.86
New Caledonia,NCL,2013,15.143
New Caledonia,NCL,2014,15.384
New Caledonia,NCL,2015,15.491
New Caledonia,NCL,2016,15.505
New Caledonia,NCL,2017,15.511
New Caledonia,NCL,2018,15.511
New Caledonia,NCL,2019,15.515
New Caledonia,NCL,2020,15.546
New Caledonia,NCL,2021,15.603
New Caledonia,NCL,2022,15.707
New Caledonia,NCL,2023,15.857
New Zealand,NZL,1950,7.215
New Zealand,NZL,1951,7.366
New Zealand,NZL,1952,7.541
New Zealand,NZL,1953,7.73
New Zealand,NZL,1954,7.909
New Zealand,NZL,1955,8.077
New Zealand,NZL,1956,8.248
New Zealand,NZL,1957,8.432
New Zealand,NZL,1958,8.626
New Zealand,NZL,1959,8.809
New Zealand,NZL,1960,8.982
New Zealand,NZL,1961,9.172
New Zealand,NZL,1962,9.379
New Zealand,NZL,1963,9.581
New Zealand,NZL,1964,9.773
New Zealand,NZL,1965,9.953
New Zealand,NZL,1966,10.127
New Zealand,NZL,1967,10.281
New Zealand,NZL,1968,10.398
New Zealand,NZL,1969,10.511
New Zealand,NZL,1970,10.654
New Zealand,NZL,1971,10.823
New Zealand,NZL,1972,11.02
New Zealand,NZL,1973,11.246
New Zealand,NZL,1974,11.481
New Zealand,NZL,1975,11.68
New Zealand,NZL,1976,11.803
New Zealand,NZL,1977,11.854
New Zealand,NZL,1978,11.862
New Zealand,NZL,1979,11.859
New Zealand,NZL,1980,11.877
New Zealand,NZL,1981,11.928
New Zealand,NZL,1982,12.024
New Zealand,NZL,1983,12.153
New Zealand,NZL,1984,12.268
New Zealand,NZL,1985,12.337
New Zealand,NZL,1986,12.388
New Zealand,NZL,1987,12.455
New Zealand,NZL,1988,12.518
New Zealand,NZL,1989,12.585
New Zealand,NZL,1990,12.823
New Zealand,NZL,1991,13.14
New Zealand,NZL,1992,13.334
New Zealand,NZL,1993,13.49
New Zealand,NZL,1994,13.669
New Zealand,NZL,1995,13.871
New Zealand,NZL,1996,14.078
New Zealand,NZL,1997,14.258
New Zealand,NZL,1998,14.388
New Zealand,NZL,1999,14.479
New Zealand,NZL,2000,14.562
New Zealand,NZL,2001,14.691
New Zealand,NZL,2002,14.915
New Zealand,NZL,2003,15.185
New Zealand,NZL,2004,15.417
New Zealand,NZL,2005,15.61
New Zealand,NZL,2006,15.787
New Zealand,NZL,2007,15.943
New Zealand,NZL,2008,16.088
New Zealand,NZL,2009,16.249
New Zealand,NZL,2010,16.413
New Zealand,NZL,2011,16.545
New Zealand,NZL,2012,16.654
New Zealand,NZL,2013,16.813
New Zealand,NZL,2014,17.074
New Zealand,NZL,2015,17.418
New Zealand,NZL,2016,17.798
New Zealand,NZL,2017,18.168
New Zealand,NZL,2018,18.501
New Zealand,NZL,2019,18.835
New Zealand,NZL,2020,19.139
New Zealand,NZL,2021,19.281
New Zealand,NZL,2022,19.372
New Zealand,NZL,2023,19.527
Nicaragua,NIC,1950,11.064
Nicaragua,NIC,1951,11.382
Nicaragua,NIC,1952,11.709
Nicaragua,NIC,1953,12.048
Nicaragua,NIC,1954,12.4
Nicaragua,NIC,1955,12.766
Nicaragua,NIC,1956,13.146
Nicaragua,NIC,1957,13.541
Nicaragua,NIC,1958,13.95
Nicaragua,NIC,1959,14.374
Nicaragua,NIC,1960,14.811
Nicaragua,NIC,1961,15.261
Nicaragua,NIC,1962,15.725
Nicaragua,NIC,1963,16.205
Nicaragua,NIC,1964,16.704
Nicaragua,NIC,1965,17.224
Nicaragua,NIC,1966,17.765
Nicaragua,NIC,1967,18.328
Nicaragua,NIC,1968,18.912
Nicaragua,NIC,1969,19.515
Nicaragua,NIC,1970,20.135
Nicaragua,NIC,1971,20.773
Nicaragua,NIC,1972,21.386
Nicaragua,NIC,1973,22.015
Nicaragua,NIC,1974,22.703
Nicaragua,NIC,1975,23.408
Nicaragua,NIC,1976,24.13
Nicaragua,NIC,1977,24.867
Nicaragua,NIC,1978,25.597
Nicaragua,NIC,1979,26.297
Nicaragua,NIC,1980,27.027
Nicaragua,NIC,1981,27.802
Nicaragua,NIC,1982,28.575
Nicaragua,NIC,1983,29.336
Nicaragua,NIC,1984,30.074
Nicaragua,NIC,1985,30.8
Nicaragua,NIC,1986,31.529
Nicaragua,NIC,1987,32.26
Nicaragua,NIC,1988,33.009
Nicaragua,NIC,1989,33.792
Nicaragua,NIC,1990,34.59
Nicaragua,NIC,1991,35.397
Nicaragua,NIC,1992,36.206
Nicaragua,NIC,1993,37.01
Nicaragua,NIC,1994,37.804
Nicaragua,NIC,1995,38.582
Nicaragua,NIC,1996,39.305
Nicaragua,NIC,1997,39.967
Nicaragua,NIC,1998,40.582
Nicaragua,NIC,1999,41.167
Nicaragua,NIC,2000,41.737
Nicaragua,NIC,2001,42.279
Nicaragua,NIC,2002,42.795
Nicaragua,NIC,2003,43.302
Nicaragua,NIC,2004,43.817
Nicaragua,NIC,2005,44.392
Nicaragua,NIC,2006,45.03
Nicaragua,NIC,2007,45.681
Nicaragua,NIC,2008,46.34
Nicaragua,NIC,2009,47.005
Nicaragua,NIC,2010,47.677
Nicaragua,NIC,2011,48.355
Nicaragua,NIC,2012,49.038
Nicaragua,NIC,2013,49.724
Nicaragua,NIC,2014,50.411
Nicaragua,NIC,2015,51.1
Nicaragua,NIC,2016,51.792
Nicaragua,NIC,2017,52.487
Nicaragua,NIC,2018,53.183
Nicaragua,NIC,2019,53.878
Nicaragua,NIC,2020,54.556
Nicaragua,NIC,2021,55.216
Nicaragua,NIC,2022,55.93
Nicaragua,NIC,2023,56.703
Niger,NER,1950,2.051
Niger,NER,1951,2.119
Niger,NER,1952,2.188
Niger,NER,1953,2.257
Niger,NER,1954,2.326
Niger,NER,1955,2.396
Niger,NER,1956,2.467
Niger,NER,1957,2.539
Niger,NER,1958,2.612
Niger,NER,1959,2.688
Niger,NER,1960,2.767
Niger,NER,1961,2.848
Niger,NER,1962,2.932
Niger,NER,1963,3.019
Niger,NER,1964,3.107
Niger,NER,1965,3.197
Niger,NER,1966,3.289
Niger,NER,1967,3.382
Niger,NER,1968,3.476
Niger,NER,1969,3.573
Niger,NER,1970,3.671
Niger,NER,1971,3.771
Niger,NER,1972,3.872
Niger,NER,1973,3.977
Niger,NER,1974,4.085
Niger,NER,1975,4.198
Niger,NER,1976,4.314
Niger,NER,1977,4.437
Niger,NER,1978,4.565
Niger,NER,1979,4.702
Niger,NER,1980,4.844
Niger,NER,1981,4.991
Niger,NER,1982,5.141
Niger,NER,1983,5.296
Niger,NER,1984,5.455
Niger,NER,1985,5.62
Niger,NER,1986,5.791
Niger,NER,1987,5.969
Niger,NER,1988,6.153
Niger,NER,1989,6.343
Niger,NER,1990,6.541
Niger,NER,1991,6.747
Niger,NER,1992,6.961
Niger,NER,1993,7.185
Niger,NER,1994,7.419
Niger,NER,1995,7.669
Niger,NER,1996,7.93
Niger,NER,1997,8.198
Niger,NER,1998,8.48
Niger,NER,1999,8.777
Niger,NER,2000,9.086
Niger,NER,2001,9.411
Niger,NER,2002,9.749
Niger,NER,2003,10.103
Niger,NER,2004,10.473
Niger,NER,2005,10.86
Niger,NER,2006,11.264
Niger,NER,2007,11.687
Niger,NER,2008,12.128
Niger,NER,2009,12.587
Niger,NER,2010,13.065
Niger,NER,2011,13.56
Niger,NER,2012,14.081
Niger,NER,2013,14.621
Niger,NER,2014,15.17
Niger,NER,2015,15.741
Niger,NER,2016,16.33
Niger,NER,2017,16.922
Niger,NER,2018,17.516
Niger,NER,2019,18.116
Niger,NER,2020,18.724
Niger,NER,2021,19.343
Niger,NER,2022,19.983
Niger,NER,2023,20.652
Nigeria,NGA,1950,40.936
Nigeria,NGA,1951,41.716
Nigeria,NGA,1952,42.509
Nigeria,NGA,1953,43.304
Nigeria,NGA,1954,44.112
Nigeria,NGA,1955,44.946
Nigeria,NGA,1956,45.803
Nigeria,NGA,1957,46.683
Nigeria,NGA,1958,47.569
Nigeria,NGA,1959,48.488
Nigeria,NGA,1960,49.468
Nigeria,NGA,1961,50.495
Nigeria,NGA,1962,51.567
Nigeria,NGA,1963,52.674
Nigeria,NGA,1964,53.814
Nigeria,NGA,1965,54.994
Nigeria,NGA,1966,56.203
Nigeria,NGA,1967,57.416
Nigeria,NGA,1968,58.668
Nigeria,NGA,1969,59.984
Nigeria,NGA,1970,61.37
Nigeria,NGA,1971,62.82
Nigeria,NGA,1972,64.343
Nigeria,NGA,1973,65.969
Nigeria,NGA,1974,67.722
Nigeria,NGA,1975,69.623
Nigeria,NGA,1976,71.651
Nigeria,NGA,1977,73.822
Nigeria,NGA,1978,76.119
Nigeria,NGA,1979,78.503
Nigeria,NGA,1980,80.992
Nigeria,NGA,1981,83.521
Nigeria,NGA,1982,86.058
Nigeria,NGA,1983,88.319
Nigeria,NGA,1984,90.612
Nigeria,NGA,1985,93.216
Nigeria,NGA,1986,95.783
Nigeria,NGA,1987,98.369
Nigeria,NGA,1988,101.035
Nigeria,NGA,1989,103.792
Nigeria,NGA,1990,106.636
Nigeria,NGA,1991,109.49
Nigeria,NGA,1992,112.402
Nigeria,NGA,1993,115.421
Nigeria,NGA,1994,118.51
Nigeria,NGA,1995,121.677
Nigeria,NGA,1996,124.9
Nigeria,NGA,1997,128.193
Nigeria,NGA,1998,131.588
Nigeria,NGA,1999,135.103
Nigeria,NGA,2000,138.764
Nigeria,NGA,2001,142.585
Nigeria,NGA,2002,146.549
Nigeria,NGA,2003,150.645
Nigeria,NGA,2004,154.877
Nigeria,NGA,2005,159.225
Nigeria,NGA,2006,163.683
Nigeria,NGA,2007,168.283
Nigeria,NGA,2008,173.035
Nigeria,NGA,2009,177.926
Nigeria,NGA,2010,182.969
Nigeria,NGA,2011,188.17
Nigeria,NGA,2012,193.463
Nigeria,NGA,2013,198.787
Nigeria,NGA,2014,204.11
Nigeria,NGA,2015,209.352
Nigeria,NGA,2016,214.592
Nigeria,NGA,2017,219.874
Nigeria,NGA,2018,225.017
Nigeria,NGA,2019,230.009
Nigeria,NGA,2020,234.962
Nigeria,NGA,2021,239.939
Nigeria,NGA,2022,245.013
Nigeria,NGA,2023,250.209
Niue,NIU,1950,17.296
Niue,NIU,1951,17.469
Niue,NIU,1952,17.531
Niue,NIU,1953,17.606
Niue,NIU,1954,17.671
Niue,NIU,1955,17.802
Niue,NIU,1956,17.962
Niue,NIU,1957,18.142
Niue,NIU,1958,18.325
Niue,NIU,1959,18.485
Niue,NIU,1960,18.56
Niue,NIU,1961,18.652
Niue,NIU,1962,18.946
Niue,NIU,1963,19.348
Niue,NIU,1964,19.715
Niue,NIU,1965,20.004
Niue,NIU,1966,20.146
Niue,NIU,1967,20.148
Niue,NIU,1968,20.042
Niue,NIU,1969,19.852
Niue,NIU,1970,19.652
Niue,NIU,1971,19.377
Niue,NIU,1972,18.823
Niue,NIU,1973,18.05
Niue,NIU,1974,17.2
Niue,NIU,1975,16.267
Niue,NIU,1976,15.365
Niue,NIU,1977,14.794
Niue,NIU,1978,14.45
Niue,NIU,1979,14.048
Niue,NIU,1980,13.588
Niue,NIU,1981,13.052
Niue,NIU,1982,12.504
Niue,NIU,1983,11.956
Niue,NIU,1984,11.342
Niue,NIU,1985,10.702
Niue,NIU,1986,10.131
Niue,NIU,1987,9.842
Niue,NIU,1988,9.763
Niue,NIU,1989,9.665
Niue,NIU,1990,9.552
Niue,NIU,1991,9.429
Niue,NIU,1992,9.285
Niue,NIU,1993,9.137
Niue,NIU,1994,8.998
Niue,NIU,1995,8.858
Niue,NIU,1996,8.713
Niue,NIU,1997,8.548
Niue,NIU,1998,8.346
Niue,NIU,1999,8.117
Niue,NIU,2000,7.873
Niue,NIU,2001,7.644
Niue,NIU,2002,7.471
Niue,NIU,2003,7.338
Niue,NIU,2004,7.188
Niue,NIU,2005,7.027
Niue,NIU,2006,6.913
Niue,NIU,2007,6.862
Niue,NIU,2008,6.844
Niue,NIU,2009,6.835
Niue,NIU,2010,6.8
Niue,NIU,2011,6.756
Niue,NIU,2012,6.758
Niue,NIU,2013,6.777
Niue,NIU,2014,6.804
Niue,NIU,2015,6.842
Niue,NIU,2016,6.854
Niue,NIU,2017,6.846
Niue,NIU,2018,6.869
Niue,NIU,2019,6.896
Niue,NIU,2020,6.917
Niue,NIU,2021,6.975
Niue,NIU,2022,7.006
Niue,NIU,2023,6.99
North Korea,PRK,1950,92.324
North Korea,PRK,1951,87.896
North Korea,PRK,1952,85.156
North Korea,PRK,1953,84.523
North Korea,PRK,1954,85.066
North Korea,PRK,1955,86.399
North Korea,PRK,1956,88.036
North Korea,PRK,1957,90.148
North Korea,PRK,1958,92.714
North Korea,PRK,1959,95.117
North Korea,PRK,1960,97.359
North Korea,PRK,1961,99.582
North Korea,PRK,1962,101.843
North Korea,PRK,1963,104.369
North Korea,PRK,1964,107.049
North Korea,PRK,1965,109.786
North Korea,PRK,1966,112.691
North Korea,PRK,1967,115.924
North Korea,PRK,1968,119.306
North Korea,PRK,1969,122.644
North Korea,PRK,1970,126.009
North Korea,PRK,1971,129.329
North Korea,PRK,1972,132.672
North Korea,PRK,1973,135.789
North Korea,PRK,1974,138.47
North Korea,PRK,1975,140.944
North Korea,PRK,1976,143.206
North Korea,PRK,1977,145.277
North Korea,PRK,1978,147.297
North Korea,PRK,1979,149.352
North Korea,PRK,1980,151.456
North Korea,PRK,1981,153.652
North Korea,PRK,1982,155.937
North Korea,PRK,1983,158.243
North Korea,PRK,1984,160.577
North Korea,PRK,1985,162.946
North Korea,PRK,1986,165.359
North Korea,PRK,1987,167.806
North Korea,PRK,1988,170.278
North Korea,PRK,1989,172.779
North Korea,PRK,1990,175.335
North Korea,PRK,1991,177.964
North Korea,PRK,1992,180.64
North Korea,PRK,1993,183.318
North Korea,PRK,1994,185.981
North Korea,PRK,1995,188.268
North Korea,PRK,1996,190.148
North Korea,PRK,1997,191.934
North Korea,PRK,1998,193.602
North Korea,PRK,1999,195.147
North Korea,PRK,2000,196.544
North Korea,PRK,2001,197.786
North Korea,PRK,2002,198.854
North Korea,PRK,2003,200.07
North Korea,PRK,2004,201.436
North Korea,PRK,2005,202.611
North Korea,PRK,2006,203.675
North Korea,PRK,2007,204.687
North Korea,PRK,2008,205.669
North Korea,PRK,2009,206.614
North Korea,PRK,2010,207.518
North Korea,PRK,2011,208.437
North Korea,PRK,2012,209.382
North Korea,PRK,2013,210.36
North Korea,PRK,2014,211.372
North Korea,PRK,2015,212.402
North Korea,PRK,2016,213.424
North Korea,PRK,2017,214.415
North Korea,PRK,2018,215.357
North Korea,PRK,2019,216.241
North Korea,PRK,2020,217.061
North Korea,PRK,2021,217.86
North Korea,PRK,2022,218.66
North Korea,PRK,2023,219.402
North Macedonia,MKD,1950,50.122
North Macedonia,MKD,1951,51.019
North Macedonia,MKD,1952,51.962
North Macedonia,MKD,1953,52.963
North Macedonia,MKD,1954,53.787
North Macedonia,MKD,1955,54.416
North Macedonia,MKD,1956,55.028
North Macedonia,MKD,1957,55.604
North Macedonia,MKD,1958,56.2
North Macedonia,MKD,1959,56.881
North Macedonia,MKD,1960,57.603
North Macedonia,MKD,1961,58.41
North Macedonia,MKD,1962,59.075
North Macedonia,MKD,1963,59.757
North Macedonia,MKD,1964,60.647
North Macedonia,MKD,1965,61.553
North Macedonia,MKD,1966,62.512
North Macedonia,MKD,1967,63.521
North Macedonia,MKD,1968,64.582
North Macedonia,MKD,1969,65.682
North Macedonia,MKD,1970,66.801
North Macedonia,MKD,1971,67.885
North Macedonia,MKD,1972,68.936
North Macedonia,MKD,1973,69.996
North Macedonia,MKD,1974,71.069
North Macedonia,MKD,1975,72.17
North Macedonia,MKD,1976,73.288
North Macedonia,MKD,1977,74.384
North Macedonia,MKD,1978,75.456
North Macedonia,MKD,1979,76.527
North Macedonia,MKD,1980,77.592
North Macedonia,MKD,1981,78.636
North Macedonia,MKD,1982,79.435
North Macedonia,MKD,1983,79.954
North Macedonia,MKD,1984,80.416
North Macedonia,MKD,1985,80.855
North Macedonia,MKD,1986,81.272
North Macedonia,MKD,1987,81.691
North Macedonia,MKD,1988,82.115
North Macedonia,MKD,1989,82.513
North Macedonia,MKD,1990,82.836
North Macedonia,MKD,1991,82.527
North Macedonia,MKD,1992,81.585
North Macedonia,MKD,1993,80.555
North Macedonia,MKD,1994,79.985
North Macedonia,MKD,1995,80.221
North Macedonia,MKD,1996,80.783
North Macedonia,MKD,1997,81.313
North Macedonia,MKD,1998,81.787
North Macedonia,MKD,1999,82.21
North Macedonia,MKD,2000,82.577
North Macedonia,MKD,2001,82.941
North Macedonia,MKD,2002,83.269
North Macedonia,MKD,2003,83.547
North Macedonia,MKD,2004,83.755
North Macedonia,MKD,2005,83.884
North Macedonia,MKD,2006,83.861
North Macedonia,MKD,2007,83.57
North Macedonia,MKD,2008,83.123
North Macedonia,MKD,2009,82.712
North Macedonia,MKD,2010,82.347
North Macedonia,MKD,2011,81.903
North Macedonia,MKD,2012,81.375
North Macedonia,MKD,2013,80.812
North Macedonia,MKD,2014,80.192
North Macedonia,MKD,2015,79.491
North Macedonia,MKD,2016,78.724
North Macedonia,MKD,2017,77.906
North Macedonia,MKD,2018,77.057
North Macedonia,MKD,2019,76.171
North Macedonia,MKD,2020,75.142
North Macedonia,MKD,2021,74.303
North Macedonia,MKD,2022,73.866
North Macedonia,MKD,2023,73.528
Northern America (UN),UN_NAM,1950,9.008
Northern America (UN),UN_NAM,1951,9.148
Northern America (UN),UN_NAM,1952,9.294
Northern America (UN),UN_NAM,1953,9.443
Northern America (UN),UN_NAM,1954,9.598
Northern America (UN),UN_NAM,1955,9.758
Northern America (UN),UN_NAM,1956,9.922
Northern America (UN),UN_NAM,1957,10.091
Northern America (UN),UN_NAM,1958,10.261
Northern America (UN),UN_NAM,1959,10.441
Northern America (UN),UN_NAM,1960,10.629
Northern America (UN),UN_NAM,1961,10.821
Northern America (UN),UN_NAM,1962,11.013
Northern America (UN),UN_NAM,1963,11.199
Northern America (UN),UN_NAM,1964,11.379
Northern America (UN),UN_NAM,1965,11.55
Northern America (UN),UN_NAM,1966,11.71
Northern America (UN),UN_NAM,1967,11.86
Northern America (UN),UN_NAM,1968,12.001
Northern America (UN),UN_NAM,1969,12.14
Northern America (UN),UN_NAM,1970,12.296
Northern America (UN),UN_NAM,1971,12.461
Northern America (UN),UN_NAM,1972,12.609
Northern America (UN),UN_NAM,1973,12.74
Northern America (UN),UN_NAM,1974,12.868
Northern America (UN),UN_NAM,1975,12.995
Northern America (UN),UN_NAM,1976,13.121
Northern America (UN),UN_NAM,1977,13.248
Northern America (UN),UN_NAM,1978,13.376
Northern America (UN),UN_NAM,1979,13.507
Northern America (UN),UN_NAM,1980,13.645
Northern America (UN),UN_NAM,1981,13.787
Northern America (UN),UN_NAM,1982,13.931
Northern America (UN),UN_NAM,1983,14.074
Northern America (UN),UN_NAM,1984,14.215
Northern America (UN),UN_NAM,1985,14.354
Northern America (UN),UN_NAM,1986,14.491
Northern America (UN),UN_NAM,1987,14.627
Northern America (UN),UN_NAM,1988,14.767
Northern America (UN),UN_NAM,1989,14.913
Northern America (UN),UN_NAM,1990,15.081
Northern America (UN),UN_NAM,1991,15.267
Northern America (UN),UN_NAM,1992,15.453
Northern America (UN),UN_NAM,1993,15.633
Northern America (UN),UN_NAM,1994,15.802
Northern America (UN),UN_NAM,1995,15.966
Northern America (UN),UN_NAM,1996,16.124
Northern America (UN),UN_NAM,1997,16.28
Northern America (UN),UN_NAM,1998,16.437
Northern America (UN),UN_NAM,1999,16.594
Northern America (UN),UN_NAM,2000,16.754
Northern America (UN),UN_NAM,2001,16.922
Northern America (UN),UN_NAM,2002,17.089
Northern America (UN),UN_NAM,2003,17.257
Northern America (UN),UN_NAM,2004,17.427
Northern America (UN),UN_NAM,2005,17.601
Northern America (UN),UN_NAM,2006,17.779
Northern America (UN),UN_NAM,2007,17.964
Northern America (UN),UN_NAM,2008,18.151
Northern America (UN),UN_NAM,2009,18.335
Northern America (UN),UN_NAM,2010,18.518
Northern America (UN),UN_NAM,2011,18.7
Northern America (UN),UN_NAM,2012,18.881
Northern America (UN),UN_NAM,2013,19.061
Northern America (UN),UN_NAM,2014,19.241
Northern America (UN),UN_NAM,2015,19.42
Northern America (UN),UN_NAM,2016,19.604
Northern America (UN),UN_NAM,2017,19.791
Northern America (UN),UN_NAM,2018,19.97
Northern America (UN),UN_NAM,2019,20.143
Northern America (UN),UN_NAM,2020,20.252
Northern America (UN),UN_NAM,2021,20.306
Northern America (UN),UN_NAM,2022,20.399
Northern America (UN),UN_NAM,2023,20.529
Northern Mariana Islands,MNP,1950,15.559
Northern Mariana Islands,MNP,1951,15.828
Northern Mariana Islands,MNP,1952,16.036
Northern Mariana Islands,MNP,1953,16.282
Northern Mariana Islands,MNP,1954,16.566
Northern Mariana Islands,MNP,1955,16.909
Northern Mariana Islands,MNP,1956,17.268
Northern Mariana Islands,MNP,1957,17.661
Northern Mariana Islands,MNP,1958,18.119
Northern Mariana Islands,MNP,1959,18.593
Northern Mariana Islands,MNP,1960,19.117
Northern Mariana Islands,MNP,1961,19.683
Northern Mariana Islands,MNP,1962,20.305
Northern Mariana Islands,MNP,1963,20.996
Northern Mariana Islands,MNP,1964,21.719
Northern Mariana Islands,MNP,1965,22.458
Northern Mariana Islands,MNP,1966,23.221
Northern Mariana Islands,MNP,1967,23.52
Northern Mariana Islands,MNP,1968,22.906
Northern Mariana Islands,MNP,1969,21.857
Northern Mariana Islands,MNP,1970,22.254
Northern Mariana Islands,MNP,1971,24.662
Northern Mariana Islands,MNP,1972,27.651
Northern Mariana Islands,MNP,1973,30.373
Northern Mariana Islands,MNP,1974,32.067
Northern Mariana Islands,MNP,1975,32.965
Northern Mariana Islands,MNP,1976,33.78
Northern Mariana Islands,MNP,1977,34.544
Northern Mariana Islands,MNP,1978,35.295
Northern Mariana Islands,MNP,1979,36.078
Northern Mariana Islands,MNP,1980,38.568
Northern Mariana Islands,MNP,1981,43.382
Northern Mariana Islands,MNP,1982,48.906
Northern Mariana Islands,MNP,1983,54.563
Northern Mariana Islands,MNP,1984,60.338
Northern Mariana Islands,MNP,1985,66.209
Northern Mariana Islands,MNP,1986,72.166
Northern Mariana Islands,MNP,1987,78.198
Northern Mariana Islands,MNP,1988,84.286
Northern Mariana Islands,MNP,1989,90.38
Northern Mariana Islands,MNP,1990,94.839
Northern Mariana Islands,MNP,1991,97.14
Northern Mariana Islands,MNP,1992,98.865
Northern Mariana Islands,MNP,1993,100.55
Northern Mariana Islands,MNP,1994,102.254
Northern Mariana Islands,MNP,1995,105.419
Northern Mariana Islands,MNP,1996,113.143
Northern Mariana Islands,MNP,1997,123.842
Northern Mariana Islands,MNP,1998,134.217
Northern Mariana Islands,MNP,1999,144.237
Northern Mariana Islands,MNP,2000,149.577
Northern Mariana Islands,MNP,2001,148.763
Northern Mariana Islands,MNP,2002,146.121
Northern Mariana Islands,MNP,2003,143.152
Northern Mariana Islands,MNP,2004,139.909
Northern Mariana Islands,MNP,2005,136.442
Northern Mariana Islands,MNP,2006,132.784
Northern Mariana Islands,MNP,2007,128.974
Northern Mariana Islands,MNP,2008,125.054
Northern Mariana Islands,MNP,2009,121.062
Northern Mariana Islands,MNP,2010,118.361
Northern Mariana Islands,MNP,2011,117.305
Northern Mariana Islands,MNP,2012,116.486
Northern Mariana Islands,MNP,2013,115.444
Northern Mariana Islands,MNP,2014,114.176
Northern Mariana Islands,MNP,2015,112.721
Northern Mariana Islands,MNP,2016,111.101
Northern Mariana Islands,MNP,2017,109.318
Northern Mariana Islands,MNP,2018,107.389
Northern Mariana Islands,MNP,2019,105.315
Northern Mariana Islands,MNP,2020,104
Northern Mariana Islands,MNP,2021,102.799
Northern Mariana Islands,MNP,2022,100.827
Northern Mariana Islands,MNP,2023,98.781
Norway,NOR,1950,10.733
Norway,NOR,1951,10.834
Norway,NOR,1952,10.939
Norway,NOR,1953,11.048
Norway,NOR,1954,11.157
Norway,NOR,1955,11.27
Norway,NOR,1956,11.377
Norway,NOR,1957,11.478
Norway,NOR,1958,11.58
Norway,NOR,1959,11.678
Norway,NOR,1960,11.771
Norway,NOR,1961,11.865
Norway,NOR,1962,11.961
Norway,NOR,1963,12.052
Norway,NOR,1964,12.143
Norway,NOR,1965,12.238
Norway,NOR,1966,12.336
Norway,NOR,1967,12.438
Norway,NOR,1968,12.544
Norway,NOR,1969,12.646
Norway,NOR,1970,12.738
Norway,NOR,1971,12.828
Norway,NOR,1972,12.928
Norway,NOR,1973,13.019
Norway,NOR,1974,13.1
Norway,NOR,1975,13.172
Norway,NOR,1976,13.234
Norway,NOR,1977,13.29
Norway,NOR,1978,13.341
Norway,NOR,1979,13.386
Norway,NOR,1980,13.43
Norway,NOR,1981,13.476
Norway,NOR,1982,13.525
Norway,NOR,1983,13.57
Norway,NOR,1984,13.608
Norway,NOR,1985,13.649
Norway,NOR,1986,13.698
Norway,NOR,1987,13.762
Norway,NOR,1988,13.837
Norway,NOR,1989,13.894
Norway,NOR,1990,13.942
Norway,NOR,1991,14.008
Norway,NOR,1992,14.089
Norway,NOR,1993,14.173
Norway,NOR,1994,14.254
Norway,NOR,1995,14.328
Norway,NOR,1996,14.401
Norway,NOR,1997,14.479
Norway,NOR,1998,14.566
Norway,NOR,1999,14.666
Norway,NOR,2000,14.762
Norway,NOR,2001,14.837
Norway,NOR,2002,14.917
Norway,NOR,2003,15.004
Norway,NOR,2004,15.093
Norway,NOR,2005,15.196
Norway,NOR,2006,15.319
Norway,NOR,2007,15.479
Norway,NOR,2008,15.673
Norway,NOR,2009,15.872
Norway,NOR,2010,16.071
Norway,NOR,2011,16.281
Norway,NOR,2012,16.496
Norway,NOR,2013,16.699
Norway,NOR,2014,16.887
Norway,NOR,2015,17.059
Norway,NOR,2016,17.211
Norway,NOR,2017,17.345
Norway,NOR,2018,17.46
Norway,NOR,2019,17.578
Norway,NOR,2020,17.682
Norway,NOR,2021,17.777
Norway,NOR,2022,17.937
Norway,NOR,2023,18.142
Oceania (UN),UN_OCE,1950,1.482
Oceania (UN),UN_OCE,1951,1.521
Oceania (UN),UN_OCE,1952,1.558
Oceania (UN),UN_OCE,1953,1.594
Oceania (UN),UN_OCE,1954,1.629
Oceania (UN),UN_OCE,1955,1.666
Oceania (UN),UN_OCE,1956,1.706
Oceania (UN),UN_OCE,1957,1.746
Oceania (UN),UN_OCE,1958,1.787
Oceania (UN),UN_OCE,1959,1.827
Oceania (UN),UN_OCE,1960,1.869
Oceania (UN),UN_OCE,1961,1.91
Oceania (UN),UN_OCE,1962,1.951
Oceania (UN),UN_OCE,1963,1.991
Oceania (UN),UN_OCE,1964,2.033
Oceania (UN),UN_OCE,1965,2.075
Oceania (UN),UN_OCE,1966,2.119
Oceania (UN),UN_OCE,1967,2.16
Oceania (UN),UN_OCE,1968,2.199
Oceania (UN),UN_OCE,1969,2.242
Oceania (UN),UN_OCE,1970,2.296
Oceania (UN),UN_OCE,1971,2.36
Oceania (UN),UN_OCE,1972,2.414
Oceania (UN),UN_OCE,1973,2.458
Oceania (UN),UN_OCE,1974,2.501
Oceania (UN),UN_OCE,1975,2.539
Oceania (UN),UN_OCE,1976,2.573
Oceania (UN),UN_OCE,1977,2.605
Oceania (UN),UN_OCE,1978,2.637
Oceania (UN),UN_OCE,1979,2.669
Oceania (UN),UN_OCE,1980,2.704
Oceania (UN),UN_OCE,1981,2.746
Oceania (UN),UN_OCE,1982,2.791
Oceania (UN),UN_OCE,1983,2.835
Oceania (UN),UN_OCE,1984,2.877
Oceania (UN),UN_OCE,1985,2.919
Oceania (UN),UN_OCE,1986,2.963
Oceania (UN),UN_OCE,1987,3.009
Oceania (UN),UN_OCE,1988,3.058
Oceania (UN),UN_OCE,1989,3.107
Oceania (UN),UN_OCE,1990,3.162
Oceania (UN),UN_OCE,1991,3.218
Oceania (UN),UN_OCE,1992,3.269
Oceania (UN),UN_OCE,1993,3.317
Oceania (UN),UN_OCE,1994,3.366
Oceania (UN),UN_OCE,1995,3.419
Oceania (UN),UN_OCE,1996,3.475
Oceania (UN),UN_OCE,1997,3.53
Oceania (UN),UN_OCE,1998,3.584
Oceania (UN),UN_OCE,1999,3.638
Oceania (UN),UN_OCE,2000,3.693
Oceania (UN),UN_OCE,2001,3.752
Oceania (UN),UN_OCE,2002,3.813
Oceania (UN),UN_OCE,2003,3.875
Oceania (UN),UN_OCE,2004,3.937
Oceania (UN),UN_OCE,2005,4
Oceania (UN),UN_OCE,2006,4.069
Oceania (UN),UN_OCE,2007,4.145
Oceania (UN),UN_OCE,2008,4.228
Oceania (UN),UN_OCE,2009,4.311
Oceania (UN),UN_OCE,2010,4.389
Oceania (UN),UN_OCE,2011,4.464
Oceania (UN),UN_OCE,2012,4.541
Oceania (UN),UN_OCE,2013,4.622
Oceania (UN),UN_OCE,2014,4.703
Oceania (UN),UN_OCE,2015,4.785
Oceania (UN),UN_OCE,2016,4.871
Oceania (UN),UN_OCE,2017,4.959
Oceania (UN),UN_OCE,2018,5.044
Oceania (UN),UN_OCE,2019,5.125
Oceania (UN),UN_OCE,2020,5.193
Oceania (UN),UN_OCE,2021,5.249
Oceania (UN),UN_OCE,2022,5.307
Oceania (UN),UN_OCE,2023,5.367
Oman,OMN,1950,1.477
Oman,OMN,1951,1.495
Oman,OMN,1952,1.515
Oman,OMN,1953,1.535
Oman,OMN,1954,1.557
Oman,OMN,1955,1.579
Oman,OMN,1956,1.603
Oman,OMN,1957,1.628
Oman,OMN,1958,1.655
Oman,OMN,1959,1.684
Oman,OMN,1960,1.714
Oman,OMN,1961,1.744
Oman,OMN,1962,1.777
Oman,OMN,1963,1.812
Oman,OMN,1964,1.85
Oman,OMN,1965,1.891
Oman,OMN,1966,1.935
Oman,OMN,1967,1.982
Oman,OMN,1968,2.032
Oman,OMN,1969,2.085
Oman,OMN,1970,2.141
Oman,OMN,1971,2.201
Oman,OMN,1972,2.264
Oman,OMN,1973,2.33
Oman,OMN,1974,2.414
Oman,OMN,1975,2.517
Oman,OMN,1976,2.632
Oman,OMN,1977,2.764
Oman,OMN,1978,2.909
Oman,OMN,1979,3.067
Oman,OMN,1980,3.235
Oman,OMN,1981,3.416
Oman,OMN,1982,3.611
Oman,OMN,1983,3.817
Oman,OMN,1984,4.031
Oman,OMN,1985,4.283
Oman,OMN,1986,4.567
Oman,OMN,1987,4.85
Oman,OMN,1988,5.133
Oman,OMN,1989,5.416
Oman,OMN,1990,5.699
Oman,OMN,1991,5.982
Oman,OMN,1992,6.262
Oman,OMN,1993,6.532
Oman,OMN,1994,6.726
Oman,OMN,1995,6.851
Oman,OMN,1996,6.969
Oman,OMN,1997,7.078
Oman,OMN,1998,7.181
Oman,OMN,1999,7.279
Oman,OMN,2000,7.374
Oman,OMN,2001,7.464
Oman,OMN,2002,7.551
Oman,OMN,2003,7.637
Oman,OMN,2004,7.77
Oman,OMN,2005,7.948
Oman,OMN,2006,8.125
Oman,OMN,2007,8.304
Oman,OMN,2008,8.486
Oman,OMN,2009,8.674
Oman,OMN,2010,8.909
Oman,OMN,2011,9.941
Oman,OMN,2012,11.461
Oman,OMN,2013,12.387
Oman,OMN,2014,12.932
Oman,OMN,2015,13.521
Oman,OMN,2016,14.187
Oman,OMN,2017,14.66
Oman,OMN,2018,14.856
Oman,OMN,2019,14.834
Oman,OMN,2020,14.612
Oman,OMN,2021,14.541
Oman,OMN,2022,15.283
Oman,OMN,2023,16.314
Pakistan,PAK,1950,46.504
Pakistan,PAK,1951,47.455
Pakistan,PAK,1952,48.486
Pakistan,PAK,1953,49.592
Pakistan,PAK,1954,50.769
Pakistan,PAK,1955,52.016
Pakistan,PAK,1956,53.334
Pakistan,PAK,1957,54.723
Pakistan,PAK,1958,56.185
Pakistan,PAK,1959,57.72
Pakistan,PAK,1960,59.295
Pakistan,PAK,1961,60.867
Pakistan,PAK,1962,62.469
Pakistan,PAK,1963,64.145
Pakistan,PAK,1964,65.899
Pakistan,PAK,1965,67.727
Pakistan,PAK,1966,69.633
Pakistan,PAK,1967,71.626
Pakistan,PAK,1968,73.696
Pakistan,PAK,1969,75.837
Pakistan,PAK,1970,78.049
Pakistan,PAK,1971,80.23
Pakistan,PAK,1972,82.481
Pakistan,PAK,1973,84.918
Pakistan,PAK,1974,87.453
Pakistan,PAK,1975,90.106
Pakistan,PAK,1976,92.907
Pakistan,PAK,1977,95.867
Pakistan,PAK,1978,98.987
Pakistan,PAK,1979,102.476
Pakistan,PAK,1980,106.749
Pakistan,PAK,1981,111.304
Pakistan,PAK,1982,115.568
Pakistan,PAK,1983,119.64
Pakistan,PAK,1984,123.45
Pakistan,PAK,1985,127.425
Pakistan,PAK,1986,131.806
Pakistan,PAK,1987,136.378
Pakistan,PAK,1988,141.04
Pakistan,PAK,1989,145.725
Pakistan,PAK,1990,150.679
Pakistan,PAK,1991,155.745
Pakistan,PAK,1992,160.267
Pakistan,PAK,1993,164.773
Pakistan,PAK,1994,169.609
Pakistan,PAK,1995,174.583
Pakistan,PAK,1996,179.739
Pakistan,PAK,1997,184.895
Pakistan,PAK,1998,190.072
Pakistan,PAK,1999,195.316
Pakistan,PAK,2000,200.912
Pakistan,PAK,2001,206.609
Pakistan,PAK,2002,211.735
Pakistan,PAK,2003,216.779
Pakistan,PAK,2004,222.195
Pakistan,PAK,2005,227.601
Pakistan,PAK,2006,233.088
Pakistan,PAK,2007,239.328
Pakistan,PAK,2008,245.822
Pakistan,PAK,2009,252.149
Pakistan,PAK,2010,258.457
Pakistan,PAK,2011,264.303
Pakistan,PAK,2012,269.39
Pakistan,PAK,2013,273.809
Pakistan,PAK,2014,277.948
Pakistan,PAK,2015,281.874
Pakistan,PAK,2016,285.568
Pakistan,PAK,2017,289.635
Pakistan,PAK,2018,294.376
Pakistan,PAK,2019,299.399
Pakistan,PAK,2020,304.849
Pakistan,PAK,2021,310.655
Pakistan,PAK,2022,316.133
Pakistan,PAK,2023,321.067
Palau,PLW,1950,16.249
Palau,PLW,1951,16.632
Palau,PLW,1952,16.989
Palau,PLW,1953,17.397
Palau,PLW,1954,17.847
Palau,PLW,1955,18.295
Palau,PLW,1956,18.68
Palau,PLW,1957,19.015
Palau,PLW,1958,19.352
Palau,PLW,1959,19.785
Palau,PLW,1960,20.277
Palau,PLW,1961,20.772
Palau,PLW,1962,21.289
Palau,PLW,1963,21.82
Palau,PLW,1964,22.374
Palau,PLW,1965,22.929
Palau,PLW,1966,23.488
Palau,PLW,1967,23.887
Palau,PLW,1968,24.087
Palau,PLW,1969,24.259
Palau,PLW,1970,24.714
Palau,PLW,1971,25.563
Palau,PLW,1972,26.509
Palau,PLW,1973,27.287
Palau,PLW,1974,27.579
Palau,PLW,1975,27.511
Palau,PLW,1976,27.388
Palau,PLW,1977,27.229
Palau,PLW,1978,27.042
Palau,PLW,1979,26.82
Palau,PLW,1980,26.676
Palau,PLW,1981,26.96
Palau,PLW,1982,27.597
Palau,PLW,1983,28.274
Palau,PLW,1984,28.993
Palau,PLW,1985,29.758
Palau,PLW,1986,30.486
Palau,PLW,1987,31.16
Palau,PLW,1988,31.837
Palau,PLW,1989,32.489
Palau,PLW,1990,33.172
Palau,PLW,1991,33.945
Palau,PLW,1992,34.759
Palau,PLW,1993,35.592
Palau,PLW,1994,36.457
Palau,PLW,1995,37.38
Palau,PLW,1996,38.378
Palau,PLW,1997,39.365
Palau,PLW,1998,40.271
Palau,PLW,1999,41.09
Palau,PLW,2000,41.692
Palau,PLW,2001,42.07
Palau,PLW,2002,42.397
Palau,PLW,2003,42.737
Palau,PLW,2004,43.088
Palau,PLW,2005,43.084
Palau,PLW,2006,42.593
Palau,PLW,2007,41.961
Palau,PLW,2008,41.323
Palau,PLW,2009,40.673
Palau,PLW,2010,39.992
Palau,PLW,2011,39.299
Palau,PLW,2012,38.621
Palau,PLW,2013,38.365
Palau,PLW,2014,38.511
Palau,PLW,2015,38.629
Palau,PLW,2016,38.689
Palau,PLW,2017,38.722
Palau,PLW,2018,38.727
Palau,PLW,2019,38.691
Palau,PLW,2020,38.678
Palau,PLW,2021,38.659
Palau,PLW,2022,38.607
Palau,PLW,2023,38.538
Palestine,PSE,1950,156.914
Palestine,PSE,1951,158.297
Palestine,PSE,1952,159.851
Palestine,PSE,1953,161.571
Palestine,PSE,1954,163.458
Palestine,PSE,1955,165.512
Palestine,PSE,1956,167.732
Palestine,PSE,1957,170.121
Palestine,PSE,1958,172.678
Palestine,PSE,1959,175.397
Palestine,PSE,1960,178.253
Palestine,PSE,1961,181.217
Palestine,PSE,1962,184.276
Palestine,PSE,1963,187.287
Palestine,PSE,1964,189.48
Palestine,PSE,1965,190.583
Palestine,PSE,1966,190.431
Palestine,PSE,1967,188.674
Palestine,PSE,1968,186.336
Palestine,PSE,1969,184.898
Palestine,PSE,1970,185.428
Palestine,PSE,1971,188.391
Palestine,PSE,1972,193.48
Palestine,PSE,1973,199.711
Palestine,PSE,1974,206.168
Palestine,PSE,1975,212.512
Palestine,PSE,1976,218.67
Palestine,PSE,1977,224.703
Palestine,PSE,1978,230.813
Palestine,PSE,1979,237.229
Palestine,PSE,1980,244.03
Palestine,PSE,1981,251.28
Palestine,PSE,1982,259.301
Palestine,PSE,1983,268.9
Palestine,PSE,1984,280.499
Palestine,PSE,1985,289.91
Palestine,PSE,1986,297.228
Palestine,PSE,1987,311.754
Palestine,PSE,1988,328.456
Palestine,PSE,1989,341.463
Palestine,PSE,1990,355.327
Palestine,PSE,1991,370.258
Palestine,PSE,1992,386.162
Palestine,PSE,1993,402.835
Palestine,PSE,1994,420.126
Palestine,PSE,1995,437.965
Palestine,PSE,1996,456.283
Palestine,PSE,1997,475.013
Palestine,PSE,1998,492.174
Palestine,PSE,1999,507.683
Palestine,PSE,2000,523.554
Palestine,PSE,2001,538.586
Palestine,PSE,2002,551.888
Palestine,PSE,2003,564.464
Palestine,PSE,2004,577.272
Palestine,PSE,2005,590.93
Palestine,PSE,2006,605.498
Palestine,PSE,2007,620.713
Palestine,PSE,2008,636.053
Palestine,PSE,2009,651.37
Palestine,PSE,2010,667.262
Palestine,PSE,2011,683.706
Palestine,PSE,2012,700.218
Palestine,PSE,2013,716.821
Palestine,PSE,2014,733.535
Palestine,PSE,2015,751.091
Palestine,PSE,2016,769.558
Palestine,PSE,2017,787.831
Palestine,PSE,2018,805.746
Palestine,PSE,2019,823.55
Palestine,PSE,2020,842.142
Palestine,PSE,2021,861.351
Palestine,PSE,2022,881.274
Palestine,PSE,2023,898.538
Panama,PAN,1950,11.605
Panama,PAN,1951,11.89
Panama,PAN,1952,12.193
Panama,PAN,1953,12.513
Panama,PAN,1954,12.849
Panama,PAN,1955,13.198
Panama,PAN,1956,13.56
Panama,PAN,1957,13.938
Panama,PAN,1958,14.333
Panama,PAN,1959,14.746
Panama,PAN,1960,15.18
Panama,PAN,1961,15.637
Panama,PAN,1962,16.114
Panama,PAN,1963,16.611
Panama,PAN,1964,17.122
Panama,PAN,1965,17.645
Panama,PAN,1966,18.178
Panama,PAN,1967,18.72
Panama,PAN,1968,19.271
Panama,PAN,1969,19.829
Panama,PAN,1970,20.398
Panama,PAN,1971,20.978
Panama,PAN,1972,21.566
Panama,PAN,1973,22.159
Panama,PAN,1974,22.755
Panama,PAN,1975,23.355
Panama,PAN,1976,23.955
Panama,PAN,1977,24.557
Panama,PAN,1978,25.16
Panama,PAN,1979,25.77
Panama,PAN,1980,26.39
Panama,PAN,1981,27.022
Panama,PAN,1982,27.667
Panama,PAN,1983,28.326
Panama,PAN,1984,28.995
Panama,PAN,1985,29.671
Panama,PAN,1986,30.351
Panama,PAN,1987,31.033
Panama,PAN,1988,31.719
Panama,PAN,1989,32.407
Panama,PAN,1990,33.104
Panama,PAN,1991,33.815
Panama,PAN,1992,34.53
Panama,PAN,1993,35.255
Panama,PAN,1994,35.989
Panama,PAN,1995,36.73
Panama,PAN,1996,37.481
Panama,PAN,1997,38.242
Panama,PAN,1998,39.014
Panama,PAN,1999,39.794
Panama,PAN,2000,40.584
Panama,PAN,2001,41.381
Panama,PAN,2002,42.188
Panama,PAN,2003,43.003
Panama,PAN,2004,43.83
Panama,PAN,2005,44.664
Panama,PAN,2006,45.5
Panama,PAN,2007,46.342
Panama,PAN,2008,47.193
Panama,PAN,2009,48.052
Panama,PAN,2010,48.917
Panama,PAN,2011,49.793
Panama,PAN,2012,50.68
Panama,PAN,2013,51.57
Panama,PAN,2014,52.47
Panama,PAN,2015,53.386
Panama,PAN,2016,54.317
Panama,PAN,2017,55.256
Panama,PAN,2018,56.188
Panama,PAN,2019,57.089
Panama,PAN,2020,57.879
Panama,PAN,2021,58.582
Panama,PAN,2022,59.328
Panama,PAN,2023,60.11
Papua New Guinea,PNG,1950,3.408
Papua New Guinea,PNG,1951,3.478
Papua New Guinea,PNG,1952,3.554
Papua New Guinea,PNG,1953,3.644
Papua New Guinea,PNG,1954,3.74
Papua New Guinea,PNG,1955,3.841
Papua New Guinea,PNG,1956,3.947
Papua New Guinea,PNG,1957,4.058
Papua New Guinea,PNG,1958,4.171
Papua New Guinea,PNG,1959,4.287
Papua New Guinea,PNG,1960,4.406
Papua New Guinea,PNG,1961,4.518
Papua New Guinea,PNG,1962,4.624
Papua New Guinea,PNG,1963,4.729
Papua New Guinea,PNG,1964,4.832
Papua New Guinea,PNG,1965,4.937
Papua New Guinea,PNG,1966,5.047
Papua New Guinea,PNG,1967,5.162
Papua New Guinea,PNG,1968,5.279
Papua New Guinea,PNG,1969,5.403
Papua New Guinea,PNG,1970,5.533
Papua New Guinea,PNG,1971,5.667
Papua New Guinea,PNG,1972,5.804
Papua New Guinea,PNG,1973,5.941
Papua New Guinea,PNG,1974,6.078
Papua New Guinea,PNG,1975,6.216
Papua New Guinea,PNG,1976,6.354
Papua New Guinea,PNG,1977,6.493
Papua New Guinea,PNG,1978,6.633
Papua New Guinea,PNG,1979,6.773
Papua New Guinea,PNG,1980,6.915
Papua New Guinea,PNG,1981,7.06
Papua New Guinea,PNG,1982,7.208
Papua New Guinea,PNG,1983,7.361
Papua New Guinea,PNG,1984,7.519
Papua New Guinea,PNG,1985,7.682
Papua New Guinea,PNG,1986,7.85
Papua New Guinea,PNG,1987,8.021
Papua New Guinea,PNG,1988,8.197
Papua New Guinea,PNG,1989,8.382
Papua New Guinea,PNG,1990,8.604
Papua New Guinea,PNG,1991,8.881
Papua New Guinea,PNG,1992,9.201
Papua New Guinea,PNG,1993,9.541
Papua New Guinea,PNG,1994,9.893
Papua New Guinea,PNG,1995,10.255
Papua New Guinea,PNG,1996,10.629
Papua New Guinea,PNG,1997,11.014
Papua New Guinea,PNG,1998,11.408
Papua New Guinea,PNG,1999,11.812
Papua New Guinea,PNG,2000,12.227
Papua New Guinea,PNG,2001,12.649
Papua New Guinea,PNG,2002,13.081
Papua New Guinea,PNG,2003,13.523
Papua New Guinea,PNG,2004,13.974
Papua New Guinea,PNG,2005,14.433
Papua New Guinea,PNG,2006,14.9
Papua New Guinea,PNG,2007,15.376
Papua New Guinea,PNG,2008,15.861
Papua New Guinea,PNG,2009,16.355
Papua New Guinea,PNG,2010,16.856
Papua New Guinea,PNG,2011,17.355
Papua New Guinea,PNG,2012,17.845
Papua New Guinea,PNG,2013,18.334
Papua New Guinea,PNG,2014,18.821
Papua New Guinea,PNG,2015,19.307
Papua New Guinea,PNG,2016,19.789
Papua New Guinea,PNG,2017,20.268
Papua New Guinea,PNG,2018,20.745
Papua New Guinea,PNG,2019,21.219
Papua New Guinea,PNG,2020,21.675
Papua New Guinea,PNG,2021,22.11
Papua New Guinea,PNG,2022,22.531
Papua New Guinea,PNG,2023,22.942
Paraguay,PRY,1950,3.719
Paraguay,PRY,1951,3.802
Paraguay,PRY,1952,3.888
Paraguay,PRY,1953,3.976
Paraguay,PRY,1954,4.067
Paraguay,PRY,1955,4.159
Paraguay,PRY,1956,4.254
Paraguay,PRY,1957,4.35
Paraguay,PRY,1958,4.449
Paraguay,PRY,1959,4.552
Paraguay,PRY,1960,4.657
Paraguay,PRY,1961,4.765
Paraguay,PRY,1962,4.878
Paraguay,PRY,1963,4.999
Paraguay,PRY,1964,5.126
Paraguay,PRY,1965,5.254
Paraguay,PRY,1966,5.384
Paraguay,PRY,1967,5.513
Paraguay,PRY,1968,5.643
Paraguay,PRY,1969,5.773
Paraguay,PRY,1970,5.904
Paraguay,PRY,1971,6.039
Paraguay,PRY,1972,6.181
Paraguay,PRY,1973,6.332
Paraguay,PRY,1974,6.492
Paraguay,PRY,1975,6.655
Paraguay,PRY,1976,6.821
Paraguay,PRY,1977,6.992
Paraguay,PRY,1978,7.168
Paraguay,PRY,1979,7.353
Paraguay,PRY,1980,7.549
Paraguay,PRY,1981,7.757
Paraguay,PRY,1982,7.976
Paraguay,PRY,1983,8.204
Paraguay,PRY,1984,8.438
Paraguay,PRY,1985,8.68
Paraguay,PRY,1986,8.929
Paraguay,PRY,1987,9.185
Paraguay,PRY,1988,9.446
Paraguay,PRY,1989,9.711
Paraguay,PRY,1990,9.978
Paraguay,PRY,1991,10.247
Paraguay,PRY,1992,10.517
Paraguay,PRY,1993,10.786
Paraguay,PRY,1994,11.055
Paraguay,PRY,1995,11.323
Paraguay,PRY,1996,11.59
Paraguay,PRY,1997,11.854
Paraguay,PRY,1998,12.115
Paraguay,PRY,1999,12.37
Paraguay,PRY,2000,12.611
Paraguay,PRY,2001,12.826
Paraguay,PRY,2002,13.008
Paraguay,PRY,2003,13.169
Paraguay,PRY,2004,13.322
Paraguay,PRY,2005,13.47
Paraguay,PRY,2006,13.611
Paraguay,PRY,2007,13.745
Paraguay,PRY,2008,13.879
Paraguay,PRY,2009,14.022
Paraguay,PRY,2010,14.187
Paraguay,PRY,2011,14.376
Paraguay,PRY,2012,14.58
Paraguay,PRY,2013,14.791
Paraguay,PRY,2014,15.007
Paraguay,PRY,2015,15.228
Paraguay,PRY,2016,15.45
Paraguay,PRY,2017,15.672
Paraguay,PRY,2018,15.891
Paraguay,PRY,2019,16.108
Paraguay,PRY,2020,16.327
Paraguay,PRY,2021,16.526
Paraguay,PRY,2022,16.715
Paraguay,PRY,2023,16.922
Peru,PER,1950,5.998
Peru,PER,1951,6.166
Peru,PER,1952,6.341
Peru,PER,1953,6.519
Peru,PER,1954,6.702
Peru,PER,1955,6.892
Peru,PER,1956,7.088
Peru,PER,1957,7.292
Peru,PER,1958,7.502
Peru,PER,1959,7.721
Peru,PER,1960,7.948
Peru,PER,1961,8.183
Peru,PER,1962,8.425
Peru,PER,1963,8.673
Peru,PER,1964,8.928
Peru,PER,1965,9.188
Peru,PER,1966,9.454
Peru,PER,1967,9.725
Peru,PER,1968,10.002
Peru,PER,1969,10.286
Peru,PER,1970,10.547
Peru,PER,1971,10.81
Peru,PER,1972,11.101
Peru,PER,1973,11.392
Peru,PER,1974,11.684
Peru,PER,1975,11.979
Peru,PER,1976,12.278
Peru,PER,1977,12.585
Peru,PER,1978,12.902
Peru,PER,1979,13.228
Peru,PER,1980,13.562
Peru,PER,1981,13.904
Peru,PER,1982,14.254
Peru,PER,1983,14.613
Peru,PER,1984,14.979
Peru,PER,1985,15.349
Peru,PER,1986,15.715
Peru,PER,1987,16.079
Peru,PER,1988,16.448
Peru,PER,1989,16.821
Peru,PER,1990,17.198
Peru,PER,1991,17.564
Peru,PER,1992,17.926
Peru,PER,1993,18.291
Peru,PER,1994,18.656
Peru,PER,1995,19.021
Peru,PER,1996,19.382
Peru,PER,1997,19.744
Peru,PER,1998,20.107
Peru,PER,1999,20.457
Peru,PER,2000,20.779
Peru,PER,2001,21.065
Peru,PER,2002,21.317
Peru,PER,2003,21.546
Peru,PER,2004,21.758
Peru,PER,2005,21.953
Peru,PER,2006,22.127
Peru,PER,2007,22.288
Peru,PER,2008,22.435
Peru,PER,2009,22.574
Peru,PER,2010,22.722
Peru,PER,2011,22.892
Peru,PER,2012,23.085
Peru,PER,2013,23.294
Peru,PER,2014,23.526
Peru,PER,2015,23.793
Peru,PER,2016,24.113
Peru,PER,2017,24.471
Peru,PER,2018,24.918
Peru,PER,2019,25.349
Peru,PER,2020,25.653
Peru,PER,2021,25.901
Peru,PER,2022,26.151
Peru,PER,2023,26.44
Philippines,PHL,1950,62.832
Philippines,PHL,1951,65.227
Philippines,PHL,1952,67.763
Philippines,PHL,1953,70.442
Philippines,PHL,1954,73.275
Philippines,PHL,1955,76.269
Philippines,PHL,1956,79.419
Philippines,PHL,1957,82.72
Philippines,PHL,1958,86.142
Philippines,PHL,1959,89.692
Philippines,PHL,1960,92.973
Philippines,PHL,1961,95.975
Philippines,PHL,1962,99.078
Philippines,PHL,1963,102.249
Philippines,PHL,1964,105.477
Philippines,PHL,1965,108.751
Philippines,PHL,1966,112.057
Philippines,PHL,1967,115.404
Philippines,PHL,1968,118.794
Philippines,PHL,1969,122.203
Philippines,PHL,1970,125.407
Philippines,PHL,1971,128.396
Philippines,PHL,1972,131.362
Philippines,PHL,1973,134.314
Philippines,PHL,1974,137.248
Philippines,PHL,1975,140.403
Philippines,PHL,1976,144.005
Philippines,PHL,1977,147.893
Philippines,PHL,1978,151.918
Philippines,PHL,1979,156.024
Philippines,PHL,1980,160.146
Philippines,PHL,1981,164.372
Philippines,PHL,1982,168.986
Philippines,PHL,1983,173.982
Philippines,PHL,1984,179.087
Philippines,PHL,1985,184.043
Philippines,PHL,1986,188.817
Philippines,PHL,1987,193.858
Philippines,PHL,1988,199.13
Philippines,PHL,1989,204.218
Philippines,PHL,1990,209.516
Philippines,PHL,1991,214.607
Philippines,PHL,1992,219.754
Philippines,PHL,1993,225.102
Philippines,PHL,1994,230.064
Philippines,PHL,1995,235.154
Philippines,PHL,1996,240.634
Philippines,PHL,1997,246.363
Philippines,PHL,1998,252.637
Philippines,PHL,1999,259.178
Philippines,PHL,2000,265.418
Philippines,PHL,2001,271.338
Philippines,PHL,2002,276.896
Philippines,PHL,2003,282.439
Philippines,PHL,2004,287.982
Philippines,PHL,2005,293.387
Philippines,PHL,2006,298.363
Philippines,PHL,2007,303.584
Philippines,PHL,2008,308.997
Philippines,PHL,2009,314.614
Philippines,PHL,2010,321.124
Philippines,PHL,2011,327.495
Philippines,PHL,2012,333.918
Philippines,PHL,2013,340.254
Philippines,PHL,2014,345.89
Philippines,PHL,2015,351.043
Philippines,PHL,2016,355.786
Philippines,PHL,2017,360.399
Philippines,PHL,2018,364.884
Philippines,PHL,2019,369.349
Philippines,PHL,2020,373.604
Philippines,PHL,2021,377.003
Philippines,PHL,2022,379.881
Philippines,PHL,2023,382.971
Poland,POL,1950,80.93
Poland,POL,1951,82.375
Poland,POL,1952,83.844
Poland,POL,1953,85.326
Poland,POL,1954,86.842
Poland,POL,1955,88.387
Poland,POL,1956,89.929
Poland,POL,1957,91.695
Poland,POL,1958,93.547
Poland,POL,1959,95.144
Poland,POL,1960,96.592
Poland,POL,1961,97.911
Poland,POL,1962,99.081
Poland,POL,1963,100.178
Poland,POL,1964,101.221
Poland,POL,1965,102.185
Poland,POL,1966,103.099
Poland,POL,1967,103.949
Poland,POL,1968,104.765
Poland,POL,1969,105.563
Poland,POL,1970,106.281
Poland,POL,1971,107.028
Poland,POL,1972,107.912
Poland,POL,1973,108.863
Poland,POL,1974,109.873
Poland,POL,1975,110.924
Poland,POL,1976,112.009
Poland,POL,1977,113.093
Poland,POL,1978,114.092
Poland,POL,1979,115.118
Poland,POL,1980,116.189
Poland,POL,1981,117.249
Poland,POL,1982,118.335
Poland,POL,1983,119.446
Poland,POL,1984,120.531
Poland,POL,1985,121.494
Poland,POL,1986,122.317
Poland,POL,1987,123.013
Poland,POL,1988,123.509
Poland,POL,1989,123.902
Poland,POL,1990,124.285
Poland,POL,1991,124.604
Poland,POL,1992,124.867
Poland,POL,1993,125.067
Poland,POL,1994,125.229
Poland,POL,1995,125.295
Poland,POL,1996,125.277
Poland,POL,1997,125.242
Poland,POL,1998,125.17
Poland,POL,1999,125.044
Poland,POL,2000,124.947
Poland,POL,2001,124.912
Poland,POL,2002,124.854
Poland,POL,2003,124.769
Poland,POL,2004,124.652
Poland,POL,2005,124.511
Poland,POL,2006,124.337
Poland,POL,2007,124.171
Poland,POL,2008,124.091
Poland,POL,2009,124.111
Poland,POL,2010,124.416
Poland,POL,2011,124.786
Poland,POL,2012,124.914
Poland,POL,2013,124.951
Poland,POL,2014,124.97
Poland,POL,2015,124.974
Poland,POL,2016,124.964
Poland,POL,2017,124.937
Poland,POL,2018,124.892
Poland,POL,2019,124.842
Poland,POL,2020,124.663
Poland,POL,2021,124.236
Poland,POL,2022,125.364
Poland,POL,2023,126.596
Portugal,PRT,1950,91.524
Portugal,PRT,1951,92.126
Portugal,PRT,1952,92.661
Portugal,PRT,1953,93.197
Portugal,PRT,1954,93.678
Portugal,PRT,1955,94.177
Portugal,PRT,1956,94.625
Portugal,PRT,1957,95.051
Portugal,PRT,1958,95.589
Portugal,PRT,1959,96.107
Portugal,PRT,1960,96.464
Portugal,PRT,1961,96.629
Portugal,PRT,1962,96.709
Portugal,PRT,1963,96.736
Portugal,PRT,1964,96.709
Portugal,PRT,1965,96.642
Portugal,PRT,1966,96.456
Portugal,PRT,1967,96.166
Portugal,PRT,1968,95.773
Portugal,PRT,1969,95.17
Portugal,PRT,1970,94.249
Portugal,PRT,1971,94.424
Portugal,PRT,1972,95.837
Portugal,PRT,1973,97.181
Portugal,PRT,1974,98.485
Portugal,PRT,1975,99.824
Portugal,PRT,1976,101.215
Portugal,PRT,1977,102.606
Portugal,PRT,1978,103.891
Portugal,PRT,1979,105.053
Portugal,PRT,1980,106.144
Portugal,PRT,1981,106.948
Portugal,PRT,1982,107.472
Portugal,PRT,1983,107.901
Portugal,PRT,1984,108.245
Portugal,PRT,1985,108.49
Portugal,PRT,1986,108.638
Portugal,PRT,1987,108.735
Portugal,PRT,1988,108.763
Portugal,PRT,1989,108.728
Portugal,PRT,1990,108.599
Portugal,PRT,1991,108.378
Portugal,PRT,1992,108.282
Portugal,PRT,1993,108.413
Portugal,PRT,1994,108.697
Portugal,PRT,1995,109.059
Portugal,PRT,1996,109.449
Portugal,PRT,1997,109.915
Portugal,PRT,1998,110.448
Portugal,PRT,1999,111.049
Portugal,PRT,2000,111.792
Portugal,PRT,2001,112.565
Portugal,PRT,2002,113.204
Portugal,PRT,2003,113.652
Portugal,PRT,2004,113.947
Portugal,PRT,2005,114.182
Portugal,PRT,2006,114.411
Portugal,PRT,2007,114.658
Portugal,PRT,2008,114.846
Portugal,PRT,2009,114.978
Portugal,PRT,2010,115.004
Portugal,PRT,2011,114.769
Portugal,PRT,2012,114.292
Portugal,PRT,2013,113.696
Portugal,PRT,2014,113.129
Portugal,PRT,2015,112.739
Portugal,PRT,2016,112.479
Portugal,PRT,2017,112.31
Portugal,PRT,2018,112.25
Portugal,PRT,2019,112.445
Portugal,PRT,2020,112.741
Portugal,PRT,2021,112.964
Portugal,PRT,2022,113.248
Portugal,PRT,2023,113.396
Puerto Rico,PRI,1950,256.453
Puerto Rico,PRI,1951,258.575
Puerto Rico,PRI,1952,260.43
Puerto Rico,PRI,1953,262.066
Puerto Rico,PRI,1954,263.588
Puerto Rico,PRI,1955,265.012
Puerto Rico,PRI,1956,266.323
Puerto Rico,PRI,1957,267.457
Puerto Rico,PRI,1958,268.432
Puerto Rico,PRI,1959,269.451
Puerto Rico,PRI,1960,271.965
Puerto Rico,PRI,1961,276.251
Puerto Rico,PRI,1962,280.861
Puerto Rico,PRI,1963,285.386
Puerto Rico,PRI,1964,289.811
Puerto Rico,PRI,1965,294.138
Puerto Rico,PRI,1966,298.417
Puerto Rico,PRI,1967,302.636
Puerto Rico,PRI,1968,306.694
Puerto Rico,PRI,1969,310.449
Puerto Rico,PRI,1970,314.591
Puerto Rico,PRI,1971,319.601
Puerto Rico,PRI,1972,324.938
Puerto Rico,PRI,1973,330.318
Puerto Rico,PRI,1974,335.733
Puerto Rico,PRI,1975,341.245
Puerto Rico,PRI,1976,346.866
Puerto Rico,PRI,1977,352.559
Puerto Rico,PRI,1978,358.278
Puerto Rico,PRI,1979,364.132
Puerto Rico,PRI,1980,369.728
Puerto Rico,PRI,1981,374.662
Puerto Rico,PRI,1982,379.19
Puerto Rico,PRI,1983,383.415
Puerto Rico,PRI,1984,387.391
Puerto Rico,PRI,1985,391.085
Puerto Rico,PRI,1986,394.474
Puerto Rico,PRI,1987,397.738
Puerto Rico,PRI,1988,400.951
Puerto Rico,PRI,1989,404.051
Puerto Rico,PRI,1990,407.392
Puerto Rico,PRI,1991,411.145
Puerto Rico,PRI,1992,414.909
Puerto Rico,PRI,1993,418.454
Puerto Rico,PRI,1994,421.776
Puerto Rico,PRI,1995,424.942
Puerto Rico,PRI,1996,427.974
Puerto Rico,PRI,1997,430.923
Puerto Rico,PRI,1998,433.796
Puerto Rico,PRI,1999,436.548
Puerto Rico,PRI,2000,438.319
Puerto Rico,PRI,2001,438.681
Puerto Rico,PRI,2002,438.416
Puerto Rico,PRI,2003,437.879
Puerto Rico,PRI,2004,437.029
Puerto Rico,PRI,2005,435.851
Puerto Rico,PRI,2006,434.447
Puerto Rico,PRI,2007,432.937
Puerto Rico,PRI,2008,431.331
Puerto Rico,PRI,2009,429.707
Puerto Rico,PRI,2010,427.386
Puerto Rico,PRI,2011,423.805
Puerto Rico,PRI,2012,419.515
Puerto Rico,PRI,2013,414.953
Puerto Rico,PRI,2014,410.189
Puerto Rico,PRI,2015,405.178
Puerto Rico,PRI,2016,399.909
Puerto Rico,PRI,2017,387.928
Puerto Rico,PRI,2018,378.517
Puerto Rico,PRI,2019,378.282
Puerto Rico,PRI,2020,376.876
Puerto Rico,PRI,2021,374.276
Puerto Rico,PRI,2022,372.868
Puerto Rico,PRI,2023,372.989
Qatar,QAT,1950,2.096
Qatar,QAT,1951,2.164
Qatar,QAT,1952,2.234
Qatar,QAT,1953,2.308
Qatar,QAT,1954,2.384
Qatar,QAT,1955,2.463
Qatar,QAT,1956,2.548
Qatar,QAT,1957,2.644
Qatar,QAT,1958,2.759
Qatar,QAT,1959,2.905
Qatar,QAT,1960,3.108
Qatar,QAT,1961,3.425
Qatar,QAT,1962,3.852
Qatar,QAT,1963,4.348
Qatar,QAT,1964,4.908
Qatar,QAT,1965,5.53
Qatar,QAT,1966,6.231
Qatar,QAT,1967,7.029
Qatar,QAT,1968,7.919
Qatar,QAT,1969,8.892
Qatar,QAT,1970,10.042
Qatar,QAT,1971,11.337
Qatar,QAT,1972,12.645
Qatar,QAT,1973,13.969
Qatar,QAT,1974,15.308
Qatar,QAT,1975,16.666
Qatar,QAT,1976,18.043
Qatar,QAT,1977,19.445
Qatar,QAT,1978,20.871
Qatar,QAT,1979,22.326
Qatar,QAT,1980,23.814
Qatar,QAT,1981,25.337
Qatar,QAT,1982,26.889
Qatar,QAT,1983,28.458
Qatar,QAT,1984,30.026
Qatar,QAT,1985,31.585
Qatar,QAT,1986,33.007
Qatar,QAT,1987,34.266
Qatar,QAT,1988,35.497
Qatar,QAT,1989,36.738
Qatar,QAT,1990,37.992
Qatar,QAT,1991,39.259
Qatar,QAT,1992,40.537
Qatar,QAT,1993,41.822
Qatar,QAT,1994,43.109
Qatar,QAT,1995,44.392
Qatar,QAT,1996,45.66
Qatar,QAT,1997,47.514
Qatar,QAT,1998,50.107
Qatar,QAT,1999,52.866
Qatar,QAT,2000,55.67
Qatar,QAT,2001,58.512
Qatar,QAT,2002,61.385
Qatar,QAT,2003,64.274
Qatar,QAT,2004,66.747
Qatar,QAT,2005,71.242
Qatar,QAT,2006,83.966
Qatar,QAT,2007,104.315
Qatar,QAT,2008,123.161
Qatar,QAT,2009,136.894
Qatar,QAT,2010,147.525
Qatar,QAT,2011,156.305
Qatar,QAT,2012,164.605
Qatar,QAT,2013,175.439
Qatar,QAT,2014,191.47
Qatar,QAT,2015,209.505
Qatar,QAT,2016,224.355
Qatar,QAT,2017,233.619
Qatar,QAT,2018,238.317
Qatar,QAT,2019,241.492
Qatar,QAT,2020,241.962
Qatar,QAT,2021,242.964
Qatar,QAT,2022,249.651
Qatar,QAT,2023,257.128
Reunion,REU,1950,99.686
Reunion,REU,1951,103.405
Reunion,REU,1952,107.279
Reunion,REU,1953,111.321
Reunion,REU,1954,115.654
Reunion,REU,1955,120.171
Reunion,REU,1956,124.633
Reunion,REU,1957,129.288
Reunion,REU,1958,134.025
Reunion,REU,1959,138.819
Reunion,REU,1960,143.822
Reunion,REU,1961,148.83
Reunion,REU,1962,153.538
Reunion,REU,1963,158.131
Reunion,REU,1964,162.867
Reunion,REU,1965,167.484
Reunion,REU,1966,171.892
Reunion,REU,1967,176.124
Reunion,REU,1968,180.152
Reunion,REU,1969,184.024
Reunion,REU,1970,187.635
Reunion,REU,1971,191.04
Reunion,REU,1972,194.412
Reunion,REU,1973,197.784
Reunion,REU,1974,201.131
Reunion,REU,1975,204.521
Reunion,REU,1976,207.974
Reunion,REU,1977,211.424
Reunion,REU,1978,214.833
Reunion,REU,1979,218.147
Reunion,REU,1980,221.254
Reunion,REU,1981,224.391
Reunion,REU,1982,227.855
Reunion,REU,1983,231.693
Reunion,REU,1984,235.873
Reunion,REU,1985,240.164
Reunion,REU,1986,244.353
Reunion,REU,1987,248.442
Reunion,REU,1988,252.504
Reunion,REU,1989,256.594
Reunion,REU,1990,261.029
Reunion,REU,1991,265.782
Reunion,REU,1992,270.568
Reunion,REU,1993,275.24
Reunion,REU,1994,279.746
Reunion,REU,1995,284.182
Reunion,REU,1996,288.581
Reunion,REU,1997,293.085
Reunion,REU,1998,297.626
Reunion,REU,1999,301.646
Reunion,REU,2000,305.256
Reunion,REU,2001,308.894
Reunion,REU,2002,312.521
Reunion,REU,2003,316.224
Reunion,REU,2004,318.8
Reunion,REU,2005,320.09
Reunion,REU,2006,322.672
Reunion,REU,2007,327.492
Reunion,REU,2008,332.195
Reunion,REU,2009,335.387
Reunion,REU,2010,337.789
Reunion,REU,2011,338.713
Reunion,REU,2012,338.023
Reunion,REU,2013,339.038
Reunion,REU,2014,343.468
Reunion,REU,2015,346.005
Reunion,REU,2016,345.144
Reunion,REU,2017,343.502
Reunion,REU,2018,342.777
Reunion,REU,2019,342.931
Reunion,REU,2020,344.578
Reunion,REU,2021,347.232
Reunion,REU,2022,348.616
Reunion,REU,2023,349.953
Romania,ROU,1950,71.269
Romania,ROU,1951,72.261
Romania,ROU,1952,73.219
Romania,ROU,1953,74.139
Romania,ROU,1954,75.048
Romania,ROU,1955,75.954
Romania,ROU,1956,76.894
Romania,ROU,1957,77.745
Romania,ROU,1958,78.436
Romania,ROU,1959,79.051
Romania,ROU,1960,79.598
Romania,ROU,1961,80.071
Romania,ROU,1962,80.459
Romania,ROU,1963,80.788
Romania,ROU,1964,81.084
Romania,ROU,1965,81.334
Romania,ROU,1966,81.609
Romania,ROU,1967,82.575
Romania,ROU,1968,84.151
Romania,ROU,1969,85.632
Romania,ROU,1970,86.978
Romania,ROU,1971,88.203
Romania,ROU,1972,89.343
Romania,ROU,1973,90.398
Romania,ROU,1974,91.42
Romania,ROU,1975,92.439
Romania,ROU,1976,93.437
Romania,ROU,1977,94.317
Romania,ROU,1978,95.047
Romania,ROU,1979,95.706
Romania,ROU,1980,96.293
Romania,ROU,1981,96.806
Romania,ROU,1982,97.248
Romania,ROU,1983,97.616
Romania,ROU,1984,97.942
Romania,ROU,1985,98.254
Romania,ROU,1986,98.553
Romania,ROU,1987,98.861
Romania,ROU,1988,99.165
Romania,ROU,1989,99.479
Romania,ROU,1990,99.704
Romania,ROU,1991,99.738
Romania,ROU,1992,99.586
Romania,ROU,1993,99.281
Romania,ROU,1994,98.908
Romania,ROU,1995,98.479
Romania,ROU,1996,97.976
Romania,ROU,1997,97.409
Romania,ROU,1998,96.859
Romania,ROU,1999,96.343
Romania,ROU,2000,95.822
Romania,ROU,2001,95.273
Romania,ROU,2002,94.621
Romania,ROU,2003,93.854
Romania,ROU,2004,93.027
Romania,ROU,2005,92.202
Romania,ROU,2006,91.429
Romania,ROU,2007,90.712
Romania,ROU,2008,90.052
Romania,ROU,2009,89.435
Romania,ROU,2010,88.808
Romania,ROU,2011,88.154
Romania,ROU,2012,87.616
Romania,ROU,2013,87.201
Romania,ROU,2014,86.789
Romania,ROU,2015,86.367
Romania,ROU,2016,85.959
Romania,ROU,2017,85.578
Romania,ROU,2018,85.18
Romania,ROU,2019,84.761
Romania,ROU,2020,84.287
Romania,ROU,2021,83.66
Romania,ROU,2022,83.306
Romania,ROU,2023,83.096
Russia,RUS,1950,6.314
Russia,RUS,1951,6.402
Russia,RUS,1952,6.493
Russia,RUS,1953,6.586
Russia,RUS,1954,6.685
Russia,RUS,1955,6.788
Russia,RUS,1956,6.895
Russia,RUS,1957,7.006
Russia,RUS,1958,7.12
Russia,RUS,1959,7.224
Russia,RUS,1960,7.324
Russia,RUS,1961,7.426
Russia,RUS,1962,7.518
Russia,RUS,1963,7.6
Russia,RUS,1964,7.672
Russia,RUS,1965,7.733
Russia,RUS,1966,7.788
Russia,RUS,1967,7.837
Russia,RUS,1968,7.882
Russia,RUS,1969,7.924
Russia,RUS,1970,7.961
Russia,RUS,1971,7.999
Russia,RUS,1972,8.044
Russia,RUS,1973,8.09
Russia,RUS,1974,8.138
Russia,RUS,1975,8.191
Russia,RUS,1976,8.249
Russia,RUS,1977,8.308
Russia,RUS,1978,8.365
Russia,RUS,1979,8.416
Russia,RUS,1980,8.462
Russia,RUS,1981,8.51
Russia,RUS,1982,8.564
Russia,RUS,1983,8.631
Russia,RUS,1984,8.7
Russia,RUS,1985,8.767
Russia,RUS,1986,8.843
Russia,RUS,1987,8.925
Russia,RUS,1988,8.999
Russia,RUS,1989,9.055
Russia,RUS,1990,9.098
Russia,RUS,1991,9.126
Russia,RUS,1992,9.094
Russia,RUS,1993,9.046
Russia,RUS,1994,9.05
Russia,RUS,1995,9.056
Russia,RUS,1996,9.043
Russia,RUS,1997,9.029
Russia,RUS,1998,9.016
Russia,RUS,1999,8.992
Russia,RUS,2000,8.959
Russia,RUS,2001,8.923
Russia,RUS,2002,8.912
Russia,RUS,2003,8.903
Russia,RUS,2004,8.866
Russia,RUS,2005,8.83
Russia,RUS,2006,8.8
Russia,RUS,2007,8.785
Russia,RUS,2008,8.782
Russia,RUS,2009,8.786
Russia,RUS,2010,8.79
Russia,RUS,2011,8.796
Russia,RUS,2012,8.811
Russia,RUS,2013,8.83
Russia,RUS,2014,8.85
Russia,RUS,2015,8.873
Russia,RUS,2016,8.902
Russia,RUS,2017,8.927
Russia,RUS,2018,8.942
Russia,RUS,2019,8.948
Russia,RUS,2020,8.938
Russia,RUS,2021,8.906
Russia,RUS,2022,8.89
Russia,RUS,2023,8.882
Rwanda,RWA,1950,89.099
Rwanda,RWA,1951,92.36
Rwanda,RWA,1952,95.684
Rwanda,RWA,1953,99.065
Rwanda,RWA,1954,102.525
Rwanda,RWA,1955,106.084
Rwanda,RWA,1956,109.74
Rwanda,RWA,1957,113.502
Rwanda,RWA,1958,117.312
Rwanda,RWA,1959,121.123
Rwanda,RWA,1960,124.837
Rwanda,RWA,1961,128.326
Rwanda,RWA,1962,131.6
Rwanda,RWA,1963,134.609
Rwanda,RWA,1964,137.746
Rwanda,RWA,1965,141.397
Rwanda,RWA,1966,145.462
Rwanda,RWA,1967,149.921
Rwanda,RWA,1968,154.647
Rwanda,RWA,1969,159.491
Rwanda,RWA,1970,164.422
Rwanda,RWA,1971,169.353
Rwanda,RWA,1972,174.322
Rwanda,RWA,1973,179.473
Rwanda,RWA,1974,184.809
Rwanda,RWA,1975,190.323
Rwanda,RWA,1976,196.033
Rwanda,RWA,1977,201.91
Rwanda,RWA,1978,207.979
Rwanda,RWA,1979,214.355
Rwanda,RWA,1980,221.118
Rwanda,RWA,1981,228.304
Rwanda,RWA,1982,235.917
Rwanda,RWA,1983,243.92
Rwanda,RWA,1984,252.277
Rwanda,RWA,1985,260.935
Rwanda,RWA,1986,269.801
Rwanda,RWA,1987,278.789
Rwanda,RWA,1988,287.818
Rwanda,RWA,1989,296.766
Rwanda,RWA,1990,304.639
Rwanda,RWA,1991,310.903
Rwanda,RWA,1992,317.359
Rwanda,RWA,1993,329.663
Rwanda,RWA,1994,280.56
Rwanda,RWA,1995,234.371
Rwanda,RWA,1996,277.107
Rwanda,RWA,1997,320.332
Rwanda,RWA,1998,333.816
Rwanda,RWA,1999,336.551
Rwanda,RWA,2000,339.278
Rwanda,RWA,2001,342.3
Rwanda,RWA,2002,346.971
Rwanda,RWA,2003,354.683
Rwanda,RWA,2004,364.182
Rwanda,RWA,2005,374
Rwanda,RWA,2006,384.108
Rwanda,RWA,2007,394.462
Rwanda,RWA,2008,404.968
Rwanda,RWA,2009,415.549
Rwanda,RWA,2010,426.169
Rwanda,RWA,2011,436.751
Rwanda,RWA,2012,447.332
Rwanda,RWA,2013,458.213
Rwanda,RWA,2014,469.424
Rwanda,RWA,2015,480.794
Rwanda,RWA,2016,492.325
Rwanda,RWA,2017,504.009
Rwanda,RWA,2018,515.82
Rwanda,RWA,2019,527.72
Rwanda,RWA,2020,539.688
Rwanda,RWA,2021,551.642
Rwanda,RWA,2022,563.859
Rwanda,RWA,2023,576.393
Saint Barthelemy,BLM,1950,91.182
Saint Barthelemy,BLM,1951,93.409
Saint Barthelemy,BLM,1952,94.455
Saint Barthelemy,BLM,1953,95.273
Saint Barthelemy,BLM,1954,96.182
Saint Barthelemy,BLM,1955,96.614
Saint Barthelemy,BLM,1956,96.477
Saint Barthelemy,BLM,1957,96.523
Saint Barthelemy,BLM,1958,97.318
Saint Barthelemy,BLM,1959,98.318
Saint Barthelemy,BLM,1960,99.477
Saint Barthelemy,BLM,1961,100.455
Saint Barthelemy,BLM,1962,101.432
Saint Barthelemy,BLM,1963,102.909
Saint Barthelemy,BLM,1964,104.523
Saint Barthelemy,BLM,1965,105.977
Saint Barthelemy,BLM,1966,107.5
Saint Barthelemy,BLM,1967,108.432
Saint Barthelemy,BLM,1968,108.727
Saint Barthelemy,BLM,1969,109.045
Saint Barthelemy,BLM,1970,109.341
Saint Barthelemy,BLM,1971,110.295
Saint Barthelemy,BLM,1972,111.5
Saint Barthelemy,BLM,1973,112.432
Saint Barthelemy,BLM,1974,114.023
Saint Barthelemy,BLM,1975,116.614
Saint Barthelemy,BLM,1976,119.659
Saint Barthelemy,BLM,1977,123.5
Saint Barthelemy,BLM,1978,127.841
Saint Barthelemy,BLM,1979,131.795
Saint Barthelemy,BLM,1980,134.841
Saint Barthelemy,BLM,1981,137.068
Saint Barthelemy,BLM,1982,144.909
Saint Barthelemy,BLM,1983,158.432
Saint Barthelemy,BLM,1984,171.614
Saint Barthelemy,BLM,1985,184.227
Saint Barthelemy,BLM,1986,196.318
Saint Barthelemy,BLM,1987,208.182
Saint Barthelemy,BLM,1988,219.227
Saint Barthelemy,BLM,1989,229.318
Saint Barthelemy,BLM,1990,238.636
Saint Barthelemy,BLM,1991,247.25
Saint Barthelemy,BLM,1992,255.727
Saint Barthelemy,BLM,1993,264.295
Saint Barthelemy,BLM,1994,272.75
Saint Barthelemy,BLM,1995,280.932
Saint Barthelemy,BLM,1996,289.136
Saint Barthelemy,BLM,1997,297.455
Saint Barthelemy,BLM,1998,305.455
Saint Barthelemy,BLM,1999,313.477
Saint Barthelemy,BLM,2000,321.932
Saint Barthelemy,BLM,2001,330.568
Saint Barthelemy,BLM,2002,339.386
Saint Barthelemy,BLM,2003,348.091
Saint Barthelemy,BLM,2004,356.636
Saint Barthelemy,BLM,2005,365.023
Saint Barthelemy,BLM,2006,373.636
Saint Barthelemy,BLM,2007,382.364
Saint Barthelemy,BLM,2008,391.023
Saint Barthelemy,BLM,2009,399.795
Saint Barthelemy,BLM,2010,407.5
Saint Barthelemy,BLM,2011,413.091
Saint Barthelemy,BLM,2012,418.045
Saint Barthelemy,BLM,2013,423.545
Saint Barthelemy,BLM,2014,429.386
Saint Barthelemy,BLM,2015,435.909
Saint Barthelemy,BLM,2016,443.182
Saint Barthelemy,BLM,2017,451.295
Saint Barthelemy,BLM,2018,459.432
Saint Barthelemy,BLM,2019,468.114
Saint Barthelemy,BLM,2020,479.227
Saint Barthelemy,BLM,2021,489.273
Saint Barthelemy,BLM,2022,496.364
Saint Barthelemy,BLM,2023,503.864
Saint Helena,SHN,1950,13.395
Saint Helena,SHN,1951,13.524
Saint Helena,SHN,1952,13.592
Saint Helena,SHN,1953,13.627
Saint Helena,SHN,1954,13.638
Saint Helena,SHN,1955,13.61
Saint Helena,SHN,1956,13.579
Saint Helena,SHN,1957,13.604
Saint Helena,SHN,1958,13.651
Saint Helena,SHN,1959,13.691
Saint Helena,SHN,1960,13.749
Saint Helena,SHN,1961,13.818
Saint Helena,SHN,1962,13.881
Saint Helena,SHN,1963,13.946
Saint Helena,SHN,1964,14.001
Saint Helena,SHN,1965,14.04
Saint Helena,SHN,1966,14.104
Saint Helena,SHN,1967,14.235
Saint Helena,SHN,1968,14.415
Saint Helena,SHN,1969,14.605
Saint Helena,SHN,1970,14.81
Saint Helena,SHN,1971,15.019
Saint Helena,SHN,1972,15.212
Saint Helena,SHN,1973,15.39
Saint Helena,SHN,1974,15.556
Saint Helena,SHN,1975,15.713
Saint Helena,SHN,1976,15.827
Saint Helena,SHN,1977,15.958
Saint Helena,SHN,1978,16.118
Saint Helena,SHN,1979,16.254
Saint Helena,SHN,1980,16.386
Saint Helena,SHN,1981,16.527
Saint Helena,SHN,1982,16.694
Saint Helena,SHN,1983,16.856
Saint Helena,SHN,1984,16.983
Saint Helena,SHN,1985,17.062
Saint Helena,SHN,1986,17.135
Saint Helena,SHN,1987,17.178
Saint Helena,SHN,1988,17.144
Saint Helena,SHN,1989,17.064
Saint Helena,SHN,1990,16.967
Saint Helena,SHN,1991,16.853
Saint Helena,SHN,1992,16.728
Saint Helena,SHN,1993,16.597
Saint Helena,SHN,1994,16.442
Saint Helena,SHN,1995,16.278
Saint Helena,SHN,1996,16.121
Saint Helena,SHN,1997,15.96
Saint Helena,SHN,1998,15.791
Saint Helena,SHN,1999,15.615
Saint Helena,SHN,2000,15.427
Saint Helena,SHN,2001,15.226
Saint Helena,SHN,2002,15
Saint Helena,SHN,2003,14.75
Saint Helena,SHN,2004,14.49
Saint Helena,SHN,2005,14.213
Saint Helena,SHN,2006,13.929
Saint Helena,SHN,2007,13.647
Saint Helena,SHN,2008,13.519
Saint Helena,SHN,2009,13.579
Saint Helena,SHN,2010,13.664
Saint Helena,SHN,2011,13.755
Saint Helena,SHN,2012,13.854
Saint Helena,SHN,2013,13.936
Saint Helena,SHN,2014,14.015
Saint Helena,SHN,2015,14.115
Saint Helena,SHN,2016,14.146
Saint Helena,SHN,2017,14.105
Saint Helena,SHN,2018,14.055
Saint Helena,SHN,2019,13.996
Saint Helena,SHN,2020,13.923
Saint Helena,SHN,2021,13.821
Saint Helena,SHN,2022,13.7
Saint Helena,SHN,2023,13.56
Saint Kitts and Nevis,KNA,1950,181.662
Saint Kitts and Nevis,KNA,1951,185.802
Saint Kitts and Nevis,KNA,1952,189.96
Saint Kitts and Nevis,KNA,1953,194.012
Saint Kitts and Nevis,KNA,1954,197.471
Saint Kitts and Nevis,KNA,1955,200.515
Saint Kitts and Nevis,KNA,1956,203.748
Saint Kitts and Nevis,KNA,1957,207.004
Saint Kitts and Nevis,KNA,1958,210.169
Saint Kitts and Nevis,KNA,1959,213.342
Saint Kitts and Nevis,KNA,1960,214.654
Saint Kitts and Nevis,KNA,1961,212.821
Saint Kitts and Nevis,KNA,1962,209.463
Saint Kitts and Nevis,KNA,1963,205.544
Saint Kitts and Nevis,KNA,1964,201.254
Saint Kitts and Nevis,KNA,1965,196.69
Saint Kitts and Nevis,KNA,1966,191.917
Saint Kitts and Nevis,KNA,1967,186.94
Saint Kitts and Nevis,KNA,1968,181.71
Saint Kitts and Nevis,KNA,1969,175.888
Saint Kitts and Nevis,KNA,1970,171.563
Saint Kitts and Nevis,KNA,1971,170.023
Saint Kitts and Nevis,KNA,1972,169.358
Saint Kitts and Nevis,KNA,1973,168.767
Saint Kitts and Nevis,KNA,1974,168.223
Saint Kitts and Nevis,KNA,1975,167.717
Saint Kitts and Nevis,KNA,1976,167.238
Saint Kitts and Nevis,KNA,1977,166.76
Saint Kitts and Nevis,KNA,1978,166.219
Saint Kitts and Nevis,KNA,1979,165.512
Saint Kitts and Nevis,KNA,1980,164.808
Saint Kitts and Nevis,KNA,1981,164.223
Saint Kitts and Nevis,KNA,1982,163.585
Saint Kitts and Nevis,KNA,1983,162.823
Saint Kitts and Nevis,KNA,1984,161.973
Saint Kitts and Nevis,KNA,1985,161.056
Saint Kitts and Nevis,KNA,1986,160.071
Saint Kitts and Nevis,KNA,1987,159.031
Saint Kitts and Nevis,KNA,1988,157.929
Saint Kitts and Nevis,KNA,1989,156.762
Saint Kitts and Nevis,KNA,1990,155.508
Saint Kitts and Nevis,KNA,1991,155.223
Saint Kitts and Nevis,KNA,1992,156.594
Saint Kitts and Nevis,KNA,1993,158.621
Saint Kitts and Nevis,KNA,1994,160.679
Saint Kitts and Nevis,KNA,1995,162.792
Saint Kitts and Nevis,KNA,1996,164.912
Saint Kitts and Nevis,KNA,1997,167.031
Saint Kitts and Nevis,KNA,1998,169.221
Saint Kitts and Nevis,KNA,1999,171.542
Saint Kitts and Nevis,KNA,2000,174.029
Saint Kitts and Nevis,KNA,2001,176.002
Saint Kitts and Nevis,KNA,2002,177.002
Saint Kitts and Nevis,KNA,2003,177.602
Saint Kitts and Nevis,KNA,2004,178.133
Saint Kitts and Nevis,KNA,2005,178.604
Saint Kitts and Nevis,KNA,2006,179.11
Saint Kitts and Nevis,KNA,2007,179.637
Saint Kitts and Nevis,KNA,2008,180.135
Saint Kitts and Nevis,KNA,2009,180.448
Saint Kitts and Nevis,KNA,2010,180.179
Saint Kitts and Nevis,KNA,2011,180.329
Saint Kitts and Nevis,KNA,2012,180.896
Saint Kitts and Nevis,KNA,2013,181.035
Saint Kitts and Nevis,KNA,2014,181.112
Saint Kitts and Nevis,KNA,2015,181.106
Saint Kitts and Nevis,KNA,2016,181.056
Saint Kitts and Nevis,KNA,2017,180.963
Saint Kitts and Nevis,KNA,2018,180.802
Saint Kitts and Nevis,KNA,2019,180.583
Saint Kitts and Nevis,KNA,2020,180.269
Saint Kitts and Nevis,KNA,2021,179.858
Saint Kitts and Nevis,KNA,2022,179.652
Saint Kitts and Nevis,KNA,2023,179.838
Saint Lucia,LCA,1950,150.959
Saint Lucia,LCA,1951,152.545
Saint Lucia,LCA,1952,153.271
Saint Lucia,LCA,1953,153.127
Saint Lucia,LCA,1954,152.77
Saint Lucia,LCA,1955,152.278
Saint Lucia,LCA,1956,151.707
Saint Lucia,LCA,1957,151.109
Saint Lucia,LCA,1958,150.511
Saint Lucia,LCA,1959,149.921
Saint Lucia,LCA,1960,150.301
Saint Lucia,LCA,1961,151.77
Saint Lucia,LCA,1962,153.417
Saint Lucia,LCA,1963,155.064
Saint Lucia,LCA,1964,156.664
Saint Lucia,LCA,1965,158.267
Saint Lucia,LCA,1966,159.843
Saint Lucia,LCA,1967,161.533
Saint Lucia,LCA,1968,163.434
Saint Lucia,LCA,1969,165.389
Saint Lucia,LCA,1970,167.475
Saint Lucia,LCA,1971,169.746
Saint Lucia,LCA,1972,172.081
Saint Lucia,LCA,1973,174.51
Saint Lucia,LCA,1974,177.071
Saint Lucia,LCA,1975,179.748
Saint Lucia,LCA,1976,182.508
Saint Lucia,LCA,1977,185.283
Saint Lucia,LCA,1978,188.042
Saint Lucia,LCA,1979,190.792
Saint Lucia,LCA,1980,193.653
Saint Lucia,LCA,1981,196.698
Saint Lucia,LCA,1982,199.816
Saint Lucia,LCA,1983,202.994
Saint Lucia,LCA,1984,206.278
Saint Lucia,LCA,1985,209.673
Saint Lucia,LCA,1986,213.05
Saint Lucia,LCA,1987,216.278
Saint Lucia,LCA,1988,219.157
Saint Lucia,LCA,1989,221.611
Saint Lucia,LCA,1990,223.793
Saint Lucia,LCA,1991,226.494
Saint Lucia,LCA,1992,229.898
Saint Lucia,LCA,1993,233.321
Saint Lucia,LCA,1994,236.834
Saint Lucia,LCA,1995,240.597
Saint Lucia,LCA,1996,244.215
Saint Lucia,LCA,1997,247.677
Saint Lucia,LCA,1998,251.098
Saint Lucia,LCA,1999,254.386
Saint Lucia,LCA,2000,257.494
Saint Lucia,LCA,2001,260.124
Saint Lucia,LCA,2002,262.404
Saint Lucia,LCA,2003,264.571
Saint Lucia,LCA,2004,266.622
Saint Lucia,LCA,2005,268.587
Saint Lucia,LCA,2006,270.518
Saint Lucia,LCA,2007,272.334
Saint Lucia,LCA,2008,274.038
Saint Lucia,LCA,2009,275.761
Saint Lucia,LCA,2010,277.446
Saint Lucia,LCA,2011,278.898
Saint Lucia,LCA,2012,280.173
Saint Lucia,LCA,2013,281.442
Saint Lucia,LCA,2014,282.692
Saint Lucia,LCA,2015,283.936
Saint Lucia,LCA,2016,285.14
Saint Lucia,LCA,2017,286.269
Saint Lucia,LCA,2018,287.365
Saint Lucia,LCA,2019,288.412
Saint Lucia,LCA,2020,289.368
Saint Lucia,LCA,2021,289.808
Saint Lucia,LCA,2022,290.229
Saint Lucia,LCA,2023,291.046
Saint Martin (French part),MAF,1950,56.302
Saint Martin (French part),MAF,1951,58.736
Saint Martin (French part),MAF,1952,60.981
Saint Martin (French part),MAF,1953,63.264
Saint Martin (French part),MAF,1954,65.642
Saint Martin (French part),MAF,1955,67.906
Saint Martin (French part),MAF,1956,70.245
Saint Martin (French part),MAF,1957,72.585
Saint Martin (French part),MAF,1958,74.943
Saint Martin (French part),MAF,1959,77.585
Saint Martin (French part),MAF,1960,80.198
Saint Martin (French part),MAF,1961,82.755
Saint Martin (French part),MAF,1962,85.415
Saint Martin (French part),MAF,1963,88.179
Saint Martin (French part),MAF,1964,91.066
Saint Martin (French part),MAF,1965,94.264
Saint Martin (French part),MAF,1966,98.349
Saint Martin (French part),MAF,1967,103.245
Saint Martin (French part),MAF,1968,107.415
Saint Martin (French part),MAF,1969,110.717
Saint Martin (French part),MAF,1970,114.094
Saint Martin (French part),MAF,1971,117.5
Saint Martin (French part),MAF,1972,120.915
Saint Martin (French part),MAF,1973,124.462
Saint Martin (French part),MAF,1974,128.321
Saint Martin (French part),MAF,1975,132.792
Saint Martin (French part),MAF,1976,137.802
Saint Martin (French part),MAF,1977,142.821
Saint Martin (French part),MAF,1978,147.594
Saint Martin (French part),MAF,1979,152.132
Saint Martin (French part),MAF,1980,156.377
Saint Martin (French part),MAF,1981,160.34
Saint Martin (French part),MAF,1982,179.132
Saint Martin (French part),MAF,1983,216.698
Saint Martin (French part),MAF,1984,259.113
Saint Martin (French part),MAF,1985,303.679
Saint Martin (French part),MAF,1986,350.16
Saint Martin (French part),MAF,1987,398.255
Saint Martin (French part),MAF,1988,448.094
Saint Martin (French part),MAF,1989,499.113
Saint Martin (French part),MAF,1990,532.538
Saint Martin (French part),MAF,1991,543.406
Saint Martin (French part),MAF,1992,548.708
Saint Martin (French part),MAF,1993,552.481
Saint Martin (French part),MAF,1994,554.962
Saint Martin (French part),MAF,1995,556.038
Saint Martin (French part),MAF,1996,555.528
Saint Martin (French part),MAF,1997,553.274
Saint Martin (French part),MAF,1998,549.189
Saint Martin (French part),MAF,1999,552.519
Saint Martin (French part),MAF,2000,565.962
Saint Martin (French part),MAF,2001,581.198
Saint Martin (French part),MAF,2002,596.302
Saint Martin (French part),MAF,2003,611.226
Saint Martin (French part),MAF,2004,625.868
Saint Martin (French part),MAF,2005,640.151
Saint Martin (French part),MAF,2006,653.925
Saint Martin (French part),MAF,2007,666.745
Saint Martin (French part),MAF,2008,678.453
Saint Martin (French part),MAF,2009,688.726
Saint Martin (French part),MAF,2010,695.396
Saint Martin (French part),MAF,2011,699.406
Saint Martin (French part),MAF,2012,703.311
Saint Martin (French part),MAF,2013,706.009
Saint Martin (French part),MAF,2014,706.613
Saint Martin (French part),MAF,2015,705.075
Saint Martin (French part),MAF,2016,701.415
Saint Martin (French part),MAF,2017,695.047
Saint Martin (French part),MAF,2018,679.472
Saint Martin (French part),MAF,2019,646.538
Saint Martin (French part),MAF,2020,599.736
Saint Martin (French part),MAF,2021,565.302
Saint Martin (French part),MAF,2022,544.726
Saint Martin (French part),MAF,2023,519.142
Saint Pierre and Miquelon,SPM,1950,19.515
Saint Pierre and Miquelon,SPM,1951,19.704
Saint Pierre and Miquelon,SPM,1952,19.913
Saint Pierre and Miquelon,SPM,1953,20.172
Saint Pierre and Miquelon,SPM,1954,20.439
Saint Pierre and Miquelon,SPM,1955,20.724
Saint Pierre and Miquelon,SPM,1956,20.93
Saint Pierre and Miquelon,SPM,1957,21.065
Saint Pierre and Miquelon,SPM,1958,21.302
Saint Pierre and Miquelon,SPM,1959,21.587
Saint Pierre and Miquelon,SPM,1960,21.702
Saint Pierre and Miquelon,SPM,1961,21.657
Saint Pierre and Miquelon,SPM,1962,21.722
Saint Pierre and Miquelon,SPM,1963,22.03
Saint Pierre and Miquelon,SPM,1964,22.42
Saint Pierre and Miquelon,SPM,1965,22.765
Saint Pierre and Miquelon,SPM,1966,23.1
Saint Pierre and Miquelon,SPM,1967,23.452
Saint Pierre and Miquelon,SPM,1968,23.774
Saint Pierre and Miquelon,SPM,1969,24.128
Saint Pierre and Miquelon,SPM,1970,24.504
Saint Pierre and Miquelon,SPM,1971,24.885
Saint Pierre and Miquelon,SPM,1972,25.265
Saint Pierre and Miquelon,SPM,1973,25.654
Saint Pierre and Miquelon,SPM,1974,26.004
Saint Pierre and Miquelon,SPM,1975,26.222
Saint Pierre and Miquelon,SPM,1976,26.38
Saint Pierre and Miquelon,SPM,1977,26.543
Saint Pierre and Miquelon,SPM,1978,26.691
Saint Pierre and Miquelon,SPM,1979,26.789
Saint Pierre and Miquelon,SPM,1980,26.835
Saint Pierre and Miquelon,SPM,1981,26.73
Saint Pierre and Miquelon,SPM,1982,26.704
Saint Pierre and Miquelon,SPM,1983,26.896
Saint Pierre and Miquelon,SPM,1984,27.104
Saint Pierre and Miquelon,SPM,1985,27.293
Saint Pierre and Miquelon,SPM,1986,27.454
Saint Pierre and Miquelon,SPM,1987,27.587
Saint Pierre and Miquelon,SPM,1988,27.648
Saint Pierre and Miquelon,SPM,1989,27.607
Saint Pierre and Miquelon,SPM,1990,27.622
Saint Pierre and Miquelon,SPM,1991,27.739
Saint Pierre and Miquelon,SPM,1992,27.841
Saint Pierre and Miquelon,SPM,1993,27.909
Saint Pierre and Miquelon,SPM,1994,27.957
Saint Pierre and Miquelon,SPM,1995,27.98
Saint Pierre and Miquelon,SPM,1996,27.943
Saint Pierre and Miquelon,SPM,1997,27.883
Saint Pierre and Miquelon,SPM,1998,27.683
Saint Pierre and Miquelon,SPM,1999,27.452
Saint Pierre and Miquelon,SPM,2000,27.359
Saint Pierre and Miquelon,SPM,2001,27.278
Saint Pierre and Miquelon,SPM,2002,27.163
Saint Pierre and Miquelon,SPM,2003,27.002
Saint Pierre and Miquelon,SPM,2004,26.807
Saint Pierre and Miquelon,SPM,2005,26.58
Saint Pierre and Miquelon,SPM,2006,26.387
Saint Pierre and Miquelon,SPM,2007,26.298
Saint Pierre and Miquelon,SPM,2008,26.246
Saint Pierre and Miquelon,SPM,2009,26.215
Saint Pierre and Miquelon,SPM,2010,26.191
Saint Pierre and Miquelon,SPM,2011,26.143
Saint Pierre and Miquelon,SPM,2012,26.067
Saint Pierre and Miquelon,SPM,2013,25.983
Saint Pierre and Miquelon,SPM,2014,25.917
Saint Pierre and Miquelon,SPM,2015,25.854
Saint Pierre and Miquelon,SPM,2016,25.783
Saint Pierre and Miquelon,SPM,2017,25.735
Saint Pierre and Miquelon,SPM,2018,25.693
Saint Pierre and Miquelon,SPM,2019,25.548
Saint Pierre and Miquelon,SPM,2020,25.335
Saint Pierre and Miquelon,SPM,2021,25.126
Saint Pierre and Miquelon,SPM,2022,24.922
Saint Pierre and Miquelon,SPM,2023,24.702
Saint Vincent and the Grenadines,VCT,1950,158.112
Saint Vincent and the Grenadines,VCT,1951,162.432
Saint Vincent and the Grenadines,VCT,1952,167.136
Saint Vincent and the Grenadines,VCT,1953,172.209
Saint Vincent and the Grenadines,VCT,1954,177.697
Saint Vincent and the Grenadines,VCT,1955,183.619
Saint Vincent and the Grenadines,VCT,1956,189.882
Saint Vincent and the Grenadines,VCT,1957,196.454
Saint Vincent and the Grenadines,VCT,1958,203.367
Saint Vincent and the Grenadines,VCT,1959,210.641
Saint Vincent and the Grenadines,VCT,1960,216.378
Saint Vincent and the Grenadines,VCT,1961,220.178
Saint Vincent and the Grenadines,VCT,1962,223.682
Saint Vincent and the Grenadines,VCT,1963,226.983
Saint Vincent and the Grenadines,VCT,1964,230.127
Saint Vincent and the Grenadines,VCT,1965,233.145
Saint Vincent and the Grenadines,VCT,1966,236.029
Saint Vincent and the Grenadines,VCT,1967,238.779
Saint Vincent and the Grenadines,VCT,1968,241.34
Saint Vincent and the Grenadines,VCT,1969,243.74
Saint Vincent and the Grenadines,VCT,1970,246.062
Saint Vincent and the Grenadines,VCT,1971,248.39
Saint Vincent and the Grenadines,VCT,1972,250.744
Saint Vincent and the Grenadines,VCT,1973,253.053
Saint Vincent and the Grenadines,VCT,1974,255.273
Saint Vincent and the Grenadines,VCT,1975,257.403
Saint Vincent and the Grenadines,VCT,1976,259.478
Saint Vincent and the Grenadines,VCT,1977,261.536
Saint Vincent and the Grenadines,VCT,1978,263.524
Saint Vincent and the Grenadines,VCT,1979,265.329
Saint Vincent and the Grenadines,VCT,1980,267.214
Saint Vincent and the Grenadines,VCT,1981,269.419
Saint Vincent and the Grenadines,VCT,1982,271.714
Saint Vincent and the Grenadines,VCT,1983,273.944
Saint Vincent and the Grenadines,VCT,1984,276.121
Saint Vincent and the Grenadines,VCT,1985,278.221
Saint Vincent and the Grenadines,VCT,1986,280.209
Saint Vincent and the Grenadines,VCT,1987,282.053
Saint Vincent and the Grenadines,VCT,1988,283.738
Saint Vincent and the Grenadines,VCT,1989,285.312
Saint Vincent and the Grenadines,VCT,1990,286.697
Saint Vincent and the Grenadines,VCT,1991,287.747
Saint Vincent and the Grenadines,VCT,1992,288.485
Saint Vincent and the Grenadines,VCT,1993,289.064
Saint Vincent and the Grenadines,VCT,1994,289.532
Saint Vincent and the Grenadines,VCT,1995,289.865
Saint Vincent and the Grenadines,VCT,1996,290.049
Saint Vincent and the Grenadines,VCT,1997,290.104
Saint Vincent and the Grenadines,VCT,1998,290.205
Saint Vincent and the Grenadines,VCT,1999,290.682
Saint Vincent and the Grenadines,VCT,2000,291.141
Saint Vincent and the Grenadines,VCT,2001,291.028
Saint Vincent and the Grenadines,VCT,2002,290.632
Saint Vincent and the Grenadines,VCT,2003,290.106
Saint Vincent and the Grenadines,VCT,2004,289.319
Saint Vincent and the Grenadines,VCT,2005,288.332
Saint Vincent and the Grenadines,VCT,2006,287.215
Saint Vincent and the Grenadines,VCT,2007,285.978
Saint Vincent and the Grenadines,VCT,2008,284.688
Saint Vincent and the Grenadines,VCT,2009,283.354
Saint Vincent and the Grenadines,VCT,2010,281.945
Saint Vincent and the Grenadines,VCT,2011,280.381
Saint Vincent and the Grenadines,VCT,2012,278.809
Saint Vincent and the Grenadines,VCT,2013,277.271
Saint Vincent and the Grenadines,VCT,2014,275.731
Saint Vincent and the Grenadines,VCT,2015,274.256
Saint Vincent and the Grenadines,VCT,2016,272.688
Saint Vincent and the Grenadines,VCT,2017,270.931
Saint Vincent and the Grenadines,VCT,2018,269.041
Saint Vincent and the Grenadines,VCT,2019,267.095
Saint Vincent and the Grenadines,VCT,2020,265.451
Saint Vincent and the Grenadines,VCT,2021,263.695
Saint Vincent and the Grenadines,VCT,2022,261.656
Saint Vincent and the Grenadines,VCT,2023,259.801
Samoa,WSM,1950,31.195
Samoa,WSM,1951,31.982
Samoa,WSM,1952,32.757
Samoa,WSM,1953,33.489
Samoa,WSM,1954,34.234
Samoa,WSM,1955,34.996
Samoa,WSM,1956,35.801
Samoa,WSM,1957,36.711
Samoa,WSM,1958,37.703
Samoa,WSM,1959,38.714
Samoa,WSM,1960,39.749
Samoa,WSM,1961,40.811
Samoa,WSM,1962,41.907
Samoa,WSM,1963,43.026
Samoa,WSM,1964,44.132
Samoa,WSM,1965,45.222
Samoa,WSM,1966,46.316
Samoa,WSM,1967,47.266
Samoa,WSM,1968,48.064
Samoa,WSM,1969,48.846
Samoa,WSM,1970,49.611
Samoa,WSM,1971,50.354
Samoa,WSM,1972,51.073
Samoa,WSM,1973,51.772
Samoa,WSM,1974,52.803
Samoa,WSM,1975,54.185
Samoa,WSM,1976,55.517
Samoa,WSM,1977,56.45
Samoa,WSM,1978,57.023
Samoa,WSM,1979,57.556
Samoa,WSM,1980,58.064
Samoa,WSM,1981,58.543
Samoa,WSM,1982,58.828
Samoa,WSM,1983,58.91
Samoa,WSM,1984,58.939
Samoa,WSM,1985,58.957
Samoa,WSM,1986,59.032
Samoa,WSM,1987,59.244
Samoa,WSM,1988,59.486
Samoa,WSM,1989,59.635
Samoa,WSM,1990,59.732
Samoa,WSM,1991,59.847
Samoa,WSM,1992,60.187
Samoa,WSM,1993,60.698
Samoa,WSM,1994,61.187
Samoa,WSM,1995,61.686
Samoa,WSM,1996,62.216
Samoa,WSM,1997,62.737
Samoa,WSM,1998,63.217
Samoa,WSM,1999,63.702
Samoa,WSM,2000,64.2
Samoa,WSM,2001,64.723
Samoa,WSM,2002,65.184
Samoa,WSM,2003,65.523
Samoa,WSM,2004,65.812
Samoa,WSM,2005,66.07
Samoa,WSM,2006,66.328
Samoa,WSM,2007,66.697
Samoa,WSM,2008,67.176
Samoa,WSM,2009,67.673
Samoa,WSM,2010,68.206
Samoa,WSM,2011,68.803
Samoa,WSM,2012,69.434
Samoa,WSM,2013,70.06
Samoa,WSM,2014,70.684
Samoa,WSM,2015,71.301
Samoa,WSM,2016,71.908
Samoa,WSM,2017,72.585
Samoa,WSM,2018,73.351
Samoa,WSM,2019,74.127
Samoa,WSM,2020,74.892
Samoa,WSM,2021,75.54
Samoa,WSM,2022,76.064
Samoa,WSM,2023,76.559
San Marino,SMR,1950,212.254
San Marino,SMR,1951,215.074
San Marino,SMR,1952,217.689
San Marino,SMR,1953,220.279
San Marino,SMR,1954,223.107
San Marino,SMR,1955,226.115
San Marino,SMR,1956,230.311
San Marino,SMR,1957,235.803
San Marino,SMR,1958,241.418
San Marino,SMR,1959,247.098
San Marino,SMR,1960,252.918
San Marino,SMR,1961,258.992
San Marino,SMR,1962,265.287
San Marino,SMR,1963,271.803
San Marino,SMR,1964,278.311
San Marino,SMR,1965,283.697
San Marino,SMR,1966,287.254
San Marino,SMR,1967,289.967
San Marino,SMR,1968,292.803
San Marino,SMR,1969,295.516
San Marino,SMR,1970,297.828
San Marino,SMR,1971,301.951
San Marino,SMR,1972,307.975
San Marino,SMR,1973,311.352
San Marino,SMR,1974,311.967
San Marino,SMR,1975,312.23
San Marino,SMR,1976,313.27
San Marino,SMR,1977,328.156
San Marino,SMR,1978,344.68
San Marino,SMR,1979,349.508
San Marino,SMR,1980,353.852
San Marino,SMR,1981,358.041
San Marino,SMR,1982,361.566
San Marino,SMR,1983,364.402
San Marino,SMR,1984,366.328
San Marino,SMR,1985,368.615
San Marino,SMR,1986,371.082
San Marino,SMR,1987,371.893
San Marino,SMR,1988,374.467
San Marino,SMR,1989,379.566
San Marino,SMR,1990,384.836
San Marino,SMR,1991,390.123
San Marino,SMR,1992,395.484
San Marino,SMR,1993,401.18
San Marino,SMR,1994,406.934
San Marino,SMR,1995,412.426
San Marino,SMR,1996,417.73
San Marino,SMR,1997,422.959
San Marino,SMR,1998,428.279
San Marino,SMR,1999,433.762
San Marino,SMR,2000,439.328
San Marino,SMR,2001,444.967
San Marino,SMR,2002,450.664
San Marino,SMR,2003,456.451
San Marino,SMR,2004,462.336
San Marino,SMR,2005,468.385
San Marino,SMR,2006,474.467
San Marino,SMR,2007,480.582
San Marino,SMR,2008,486.91
San Marino,SMR,2009,493.279
San Marino,SMR,2010,502.025
San Marino,SMR,2011,527.361
San Marino,SMR,2012,548.631
San Marino,SMR,2013,551.148
San Marino,SMR,2014,552.877
San Marino,SMR,2015,555.754
San Marino,SMR,2016,560.025
San Marino,SMR,2017,563.574
San Marino,SMR,2018,566.041
San Marino,SMR,2019,568.082
San Marino,SMR,2020,569.975
San Marino,SMR,2021,566.762
San Marino,SMR,2022,558.852
San Marino,SMR,2023,552.992
Sao Tome and Principe,STP,1950,63.41
Sao Tome and Principe,STP,1951,64.335
Sao Tome and Principe,STP,1952,65.201
Sao Tome and Principe,STP,1953,65.966
Sao Tome and Principe,STP,1954,66.653
Sao Tome and Principe,STP,1955,67.298
Sao Tome and Principe,STP,1956,67.943
Sao Tome and Principe,STP,1957,68.616
Sao Tome and Principe,STP,1958,69.331
Sao Tome and Principe,STP,1959,70.095
Sao Tome and Principe,STP,1960,70.846
Sao Tome and Principe,STP,1961,71.569
Sao Tome and Principe,STP,1962,72.294
Sao Tome and Principe,STP,1963,73.033
Sao Tome and Principe,STP,1964,73.818
Sao Tome and Principe,STP,1965,74.667
Sao Tome and Principe,STP,1966,75.599
Sao Tome and Principe,STP,1967,76.662
Sao Tome and Principe,STP,1968,77.88
Sao Tome and Principe,STP,1969,79.253
Sao Tome and Principe,STP,1970,80.861
Sao Tome and Principe,STP,1971,82.635
Sao Tome and Principe,STP,1972,84.418
Sao Tome and Principe,STP,1973,86.248
Sao Tome and Principe,STP,1974,88.2
Sao Tome and Principe,STP,1975,90.321
Sao Tome and Principe,STP,1976,92.628
Sao Tome and Principe,STP,1977,95.105
Sao Tome and Principe,STP,1978,97.702
Sao Tome and Principe,STP,1979,100.263
Sao Tome and Principe,STP,1980,102.65
Sao Tome and Principe,STP,1981,104.807
Sao Tome and Principe,STP,1982,106.779
Sao Tome and Principe,STP,1983,108.73
Sao Tome and Principe,STP,1984,110.827
Sao Tome and Principe,STP,1985,113.185
Sao Tome and Principe,STP,1986,115.781
Sao Tome and Principe,STP,1987,118.666
Sao Tome and Principe,STP,1988,121.811
Sao Tome and Principe,STP,1989,124.978
Sao Tome and Principe,STP,1990,128.104
Sao Tome and Principe,STP,1991,130.934
Sao Tome and Principe,STP,1992,133.448
Sao Tome and Principe,STP,1993,135.903
Sao Tome and Principe,STP,1994,138.263
Sao Tome and Principe,STP,1995,140.516
Sao Tome and Principe,STP,1996,142.669
Sao Tome and Principe,STP,1997,144.71
Sao Tome and Principe,STP,1998,146.616
Sao Tome and Principe,STP,1999,148.377
Sao Tome and Principe,STP,2000,150.019
Sao Tome and Principe,STP,2001,152.474
Sao Tome and Principe,STP,2002,156.168
Sao Tome and Principe,STP,2003,160.223
Sao Tome and Principe,STP,2004,164.276
Sao Tome and Principe,STP,2005,168.374
Sao Tome and Principe,STP,2006,172.54
Sao Tome and Principe,STP,2007,176.77
Sao Tome and Principe,STP,2008,181.034
Sao Tome and Principe,STP,2009,185.264
Sao Tome and Principe,STP,2010,189.377
Sao Tome and Principe,STP,2011,193.385
Sao Tome and Principe,STP,2012,197.332
Sao Tome and Principe,STP,2013,201.195
Sao Tome and Principe,STP,2014,204.966
Sao Tome and Principe,STP,2015,208.636
Sao Tome and Principe,STP,2016,212.176
Sao Tome and Principe,STP,2017,215.594
Sao Tome and Principe,STP,2018,218.945
Sao Tome and Principe,STP,2019,222.283
Sao Tome and Principe,STP,2020,226.494
Sao Tome and Principe,STP,2021,231.209
Sao Tome and Principe,STP,2022,235.734
Sao Tome and Principe,STP,2023,240.491
Saudi Arabia,SAU,1950,0.792
Saudi Arabia,SAU,1951,0.82
Saudi Arabia,SAU,1952,0.85
Saudi Arabia,SAU,1953,0.88
Saudi Arabia,SAU,1954,0.912
Saudi Arabia,SAU,1955,0.945
Saudi Arabia,SAU,1956,0.98
Saudi Arabia,SAU,1957,1.016
Saudi Arabia,SAU,1958,1.053
Saudi Arabia,SAU,1959,1.092
Saudi Arabia,SAU,1960,1.133
Saudi Arabia,SAU,1961,1.175
Saudi Arabia,SAU,1962,1.219
Saudi Arabia,SAU,1963,1.265
Saudi Arabia,SAU,1964,1.313
Saudi Arabia,SAU,1965,1.362
Saudi Arabia,SAU,1966,1.414
Saudi Arabia,SAU,1967,1.469
Saudi Arabia,SAU,1968,1.527
Saudi Arabia,SAU,1969,1.59
Saudi Arabia,SAU,1970,1.657
Saudi Arabia,SAU,1971,1.732
Saudi Arabia,SAU,1972,1.817
Saudi Arabia,SAU,1973,1.91
Saudi Arabia,SAU,1974,2.011
Saudi Arabia,SAU,1975,2.12
Saudi Arabia,SAU,1976,2.237
Saudi Arabia,SAU,1977,2.365
Saudi Arabia,SAU,1978,2.504
Saudi Arabia,SAU,1979,2.653
Saudi Arabia,SAU,1980,2.813
Saudi Arabia,SAU,1981,2.987
Saudi Arabia,SAU,1982,3.175
Saudi Arabia,SAU,1983,3.374
Saudi Arabia,SAU,1984,3.581
Saudi Arabia,SAU,1985,3.792
Saudi Arabia,SAU,1986,4.014
Saudi Arabia,SAU,1987,4.247
Saudi Arabia,SAU,1988,4.479
Saudi Arabia,SAU,1989,4.712
Saudi Arabia,SAU,1990,4.95
Saudi Arabia,SAU,1991,5.192
Saudi Arabia,SAU,1992,5.436
Saudi Arabia,SAU,1993,5.683
Saudi Arabia,SAU,1994,5.931
Saudi Arabia,SAU,1995,6.182
Saudi Arabia,SAU,1996,6.434
Saudi Arabia,SAU,1997,6.687
Saudi Arabia,SAU,1998,6.942
Saudi Arabia,SAU,1999,7.197
Saudi Arabia,SAU,2000,7.526
Saudi Arabia,SAU,2001,7.927
Saudi Arabia,SAU,2002,8.332
Saudi Arabia,SAU,2003,8.739
Saudi Arabia,SAU,2004,9.15
Saudi Arabia,SAU,2005,9.564
Saudi Arabia,SAU,2006,9.982
Saudi Arabia,SAU,2007,10.405
Saudi Arabia,SAU,2008,10.833
Saudi Arabia,SAU,2009,11.266
Saudi Arabia,SAU,2010,11.703
Saudi Arabia,SAU,2011,12.144
Saudi Arabia,SAU,2012,12.589
Saudi Arabia,SAU,2013,13.038
Saudi Arabia,SAU,2014,13.489
Saudi Arabia,SAU,2015,13.944
Saudi Arabia,SAU,2016,14.289
Saudi Arabia,SAU,2017,14.319
Saudi Arabia,SAU,2018,14.125
Saudi Arabia,SAU,2019,14.175
Saudi Arabia,SAU,2020,14.417
Saudi Arabia,SAU,2021,14.573
Saudi Arabia,SAU,2022,14.967
Saudi Arabia,SAU,2023,15.474
Senegal,SEN,1950,13.273
Senegal,SEN,1951,13.606
Senegal,SEN,1952,13.956
Senegal,SEN,1953,14.323
Senegal,SEN,1954,14.706
Senegal,SEN,1955,15.107
Senegal,SEN,1956,15.525
Senegal,SEN,1957,15.958
Senegal,SEN,1958,16.407
Senegal,SEN,1959,16.872
Senegal,SEN,1960,17.353
Senegal,SEN,1961,17.849
Senegal,SEN,1962,18.359
Senegal,SEN,1963,18.885
Senegal,SEN,1964,19.428
Senegal,SEN,1965,19.996
Senegal,SEN,1966,20.591
Senegal,SEN,1967,21.212
Senegal,SEN,1968,21.854
Senegal,SEN,1969,22.516
Senegal,SEN,1970,23.198
Senegal,SEN,1971,23.902
Senegal,SEN,1972,24.628
Senegal,SEN,1973,25.374
Senegal,SEN,1974,26.123
Senegal,SEN,1975,26.857
Senegal,SEN,1976,27.573
Senegal,SEN,1977,28.253
Senegal,SEN,1978,28.921
Senegal,SEN,1979,29.621
Senegal,SEN,1980,30.362
Senegal,SEN,1981,31.149
Senegal,SEN,1982,31.979
Senegal,SEN,1983,32.849
Senegal,SEN,1984,33.758
Senegal,SEN,1985,34.713
Senegal,SEN,1986,35.725
Senegal,SEN,1987,36.781
Senegal,SEN,1988,37.862
Senegal,SEN,1989,38.966
Senegal,SEN,1990,40.1
Senegal,SEN,1991,41.256
Senegal,SEN,1992,42.427
Senegal,SEN,1993,43.61
Senegal,SEN,1994,44.793
Senegal,SEN,1995,45.957
Senegal,SEN,1996,47.094
Senegal,SEN,1997,48.218
Senegal,SEN,1998,49.358
Senegal,SEN,1999,50.542
Senegal,SEN,2000,51.775
Senegal,SEN,2001,53.046
Senegal,SEN,2002,54.361
Senegal,SEN,2003,55.686
Senegal,SEN,2004,57.008
Senegal,SEN,2005,58.357
Senegal,SEN,2006,59.731
Senegal,SEN,2007,61.135
Senegal,SEN,2008,62.582
Senegal,SEN,2009,64.08
Senegal,SEN,2010,65.628
Senegal,SEN,2011,67.308
Senegal,SEN,2012,69.135
Senegal,SEN,2013,71.214
Senegal,SEN,2014,73.506
Senegal,SEN,2015,75.798
Senegal,SEN,2016,78.089
Senegal,SEN,2017,80.377
Senegal,SEN,2018,82.66
Senegal,SEN,2019,84.937
Senegal,SEN,2020,87.203
Senegal,SEN,2021,89.445
Senegal,SEN,2022,91.68
Senegal,SEN,2023,93.895
Serbia,SRB,1950,78.31
Serbia,SRB,1951,79.064
Serbia,SRB,1952,79.849
Serbia,SRB,1953,80.698
Serbia,SRB,1954,81.668
Serbia,SRB,1955,82.703
Serbia,SRB,1956,83.7
Serbia,SRB,1957,84.66
Serbia,SRB,1958,85.582
Serbia,SRB,1959,86.468
Serbia,SRB,1960,87.351
Serbia,SRB,1961,88.243
Serbia,SRB,1962,89.119
Serbia,SRB,1963,89.973
Serbia,SRB,1964,90.808
Serbia,SRB,1965,91.628
Serbia,SRB,1966,92.437
Serbia,SRB,1967,93.234
Serbia,SRB,1968,94.011
Serbia,SRB,1969,94.754
Serbia,SRB,1970,95.45
Serbia,SRB,1971,96.111
Serbia,SRB,1972,96.757
Serbia,SRB,1973,97.393
Serbia,SRB,1974,98.031
Serbia,SRB,1975,98.682
Serbia,SRB,1976,99.337
Serbia,SRB,1977,99.972
Serbia,SRB,1978,100.565
Serbia,SRB,1979,101.103
Serbia,SRB,1980,101.599
Serbia,SRB,1981,102.01
Serbia,SRB,1982,102.294
Serbia,SRB,1983,102.489
Serbia,SRB,1984,102.625
Serbia,SRB,1985,102.71
Serbia,SRB,1986,102.749
Serbia,SRB,1987,102.76
Serbia,SRB,1988,102.748
Serbia,SRB,1989,102.706
Serbia,SRB,1990,102.619
Serbia,SRB,1991,102.521
Serbia,SRB,1992,102.427
Serbia,SRB,1993,102.295
Serbia,SRB,1994,102.131
Serbia,SRB,1995,101.951
Serbia,SRB,1996,101.748
Serbia,SRB,1997,101.506
Serbia,SRB,1998,101.203
Serbia,SRB,1999,100.792
Serbia,SRB,2000,100.274
Serbia,SRB,2001,99.718
Serbia,SRB,2002,99.259
Serbia,SRB,2003,98.923
Serbia,SRB,2004,98.596
Serbia,SRB,2005,98.248
Serbia,SRB,2006,97.886
Serbia,SRB,2007,97.516
Serbia,SRB,2008,97.142
Serbia,SRB,2009,96.765
Serbia,SRB,2010,96.381
Serbia,SRB,2011,95.977
Serbia,SRB,2012,95.452
Serbia,SRB,2013,94.821
Serbia,SRB,2014,94.183
Serbia,SRB,2015,93.532
Serbia,SRB,2016,92.865
Serbia,SRB,2017,92.18
Serbia,SRB,2018,91.483
Serbia,SRB,2019,90.781
Serbia,SRB,2020,90.02
Serbia,SRB,2021,89.077
Serbia,SRB,2022,88.501
Serbia,SRB,2023,88.266
Seychelles,SYC,1950,83.772
Seychelles,SYC,1951,84.646
Seychelles,SYC,1952,85.314
Seychelles,SYC,1953,86.023
Seychelles,SYC,1954,86.828
Seychelles,SYC,1955,87.749
Seychelles,SYC,1956,88.84
Seychelles,SYC,1957,90.105
Seychelles,SYC,1958,91.464
Seychelles,SYC,1959,92.918
Seychelles,SYC,1960,94.595
Seychelles,SYC,1961,96.518
Seychelles,SYC,1962,98.606
Seychelles,SYC,1963,100.821
Seychelles,SYC,1964,103.151
Seychelles,SYC,1965,105.624
Seychelles,SYC,1966,108.218
Seychelles,SYC,1967,110.87
Seychelles,SYC,1968,113.533
Seychelles,SYC,1969,116.152
Seychelles,SYC,1970,118.713
Seychelles,SYC,1971,121.467
Seychelles,SYC,1972,124.484
Seychelles,SYC,1973,127.572
Seychelles,SYC,1974,130.721
Seychelles,SYC,1975,133.955
Seychelles,SYC,1976,137.293
Seychelles,SYC,1977,140.271
Seychelles,SYC,1978,142.202
Seychelles,SYC,1979,143.551
Seychelles,SYC,1980,144.99
Seychelles,SYC,1981,146.498
Seychelles,SYC,1982,148.032
Seychelles,SYC,1983,149.584
Seychelles,SYC,1984,151.166
Seychelles,SYC,1985,152.784
Seychelles,SYC,1986,154.408
Seychelles,SYC,1987,156.1
Seychelles,SYC,1988,158.01
Seychelles,SYC,1989,159.995
Seychelles,SYC,1990,161.888
Seychelles,SYC,1991,163.712
Seychelles,SYC,1992,165.464
Seychelles,SYC,1993,167.197
Seychelles,SYC,1994,169.062
Seychelles,SYC,1995,170.953
Seychelles,SYC,1996,172.608
Seychelles,SYC,1997,174.29
Seychelles,SYC,1998,176.636
Seychelles,SYC,1999,179.477
Seychelles,SYC,2000,182.315
Seychelles,SYC,2001,185.132
Seychelles,SYC,2002,187.871
Seychelles,SYC,2003,190.446
Seychelles,SYC,2004,192.9
Seychelles,SYC,2005,195.33
Seychelles,SYC,2006,197.753
Seychelles,SYC,2007,200.149
Seychelles,SYC,2008,202.511
Seychelles,SYC,2009,204.875
Seychelles,SYC,2010,207.814
Seychelles,SYC,2011,212.306
Seychelles,SYC,2012,217.818
Seychelles,SYC,2013,223.397
Seychelles,SYC,2014,229.003
Seychelles,SYC,2015,234.638
Seychelles,SYC,2016,240.309
Seychelles,SYC,2017,246.01
Seychelles,SYC,2018,251.729
Seychelles,SYC,2019,257.441
Seychelles,SYC,2020,263.219
Seychelles,SYC,2021,269.119
Seychelles,SYC,2022,274.666
Seychelles,SYC,2023,279.979
Sierra Leone,SLE,1950,27.873
Sierra Leone,SLE,1951,28.203
Sierra Leone,SLE,1952,28.536
Sierra Leone,SLE,1953,28.865
Sierra Leone,SLE,1954,29.204
Sierra Leone,SLE,1955,29.564
Sierra Leone,SLE,1956,29.941
Sierra Leone,SLE,1957,30.335
Sierra Leone,SLE,1958,30.734
Sierra Leone,SLE,1959,31.155
Sierra Leone,SLE,1960,31.619
Sierra Leone,SLE,1961,32.119
Sierra Leone,SLE,1962,32.649
Sierra Leone,SLE,1963,33.207
Sierra Leone,SLE,1964,33.794
Sierra Leone,SLE,1965,34.411
Sierra Leone,SLE,1966,35.052
Sierra Leone,SLE,1967,35.718
Sierra Leone,SLE,1968,36.403
Sierra Leone,SLE,1969,37.097
Sierra Leone,SLE,1970,37.807
Sierra Leone,SLE,1971,38.517
Sierra Leone,SLE,1972,39.23
Sierra Leone,SLE,1973,39.963
Sierra Leone,SLE,1974,40.709
Sierra Leone,SLE,1975,41.464
Sierra Leone,SLE,1976,42.219
Sierra Leone,SLE,1977,43.007
Sierra Leone,SLE,1978,43.846
Sierra Leone,SLE,1979,44.71
Sierra Leone,SLE,1980,45.61
Sierra Leone,SLE,1981,46.542
Sierra Leone,SLE,1982,47.507
Sierra Leone,SLE,1983,48.531
Sierra Leone,SLE,1984,49.606
Sierra Leone,SLE,1985,50.717
Sierra Leone,SLE,1986,51.971
Sierra Leone,SLE,1987,53.383
Sierra Leone,SLE,1988,54.844
Sierra Leone,SLE,1989,56.231
Sierra Leone,SLE,1990,58.501
Sierra Leone,SLE,1991,59.19
Sierra Leone,SLE,1992,58.076
Sierra Leone,SLE,1993,57.947
Sierra Leone,SLE,1994,58.17
Sierra Leone,SLE,1995,58.255
Sierra Leone,SLE,1996,58.534
Sierra Leone,SLE,1997,59.293
Sierra Leone,SLE,1998,59.88
Sierra Leone,SLE,1999,60.19
Sierra Leone,SLE,2000,61.662
Sierra Leone,SLE,2001,65.413
Sierra Leone,SLE,2002,69.298
Sierra Leone,SLE,2003,72.173
Sierra Leone,SLE,2004,74.655
Sierra Leone,SLE,2005,76.69
Sierra Leone,SLE,2006,78.401
Sierra Leone,SLE,2007,80.142
Sierra Leone,SLE,2008,82.168
Sierra Leone,SLE,2009,84.411
Sierra Leone,SLE,2010,86.74
Sierra Leone,SLE,2011,89.033
Sierra Leone,SLE,2012,91.317
Sierra Leone,SLE,2013,93.589
Sierra Leone,SLE,2014,95.851
Sierra Leone,SLE,2015,98.099
Sierra Leone,SLE,2016,100.437
Sierra Leone,SLE,2017,102.862
Sierra Leone,SLE,2018,105.305
Sierra Leone,SLE,2019,107.778
Sierra Leone,SLE,2020,110.295
Sierra Leone,SLE,2021,112.832
Sierra Leone,SLE,2022,115.372
Sierra Leone,SLE,2023,117.933
Singapore,SGP,1950,1483.622
Singapore,SGP,1951,1563.742
Singapore,SGP,1952,1648.74
Singapore,SGP,1953,1738.682
Singapore,SGP,1954,1833.501
Singapore,SGP,1955,1932.988
Singapore,SGP,1956,2036.538
Singapore,SGP,1957,2135.097
Singapore,SGP,1958,2219.22
Singapore,SGP,1959,2295.394
Singapore,SGP,1960,2370.897
Singapore,SGP,1961,2445.77
Singapore,SGP,1962,2520.023
Singapore,SGP,1963,2593.723
Singapore,SGP,1964,2666.86
Singapore,SGP,1965,2739.125
Singapore,SGP,1966,2809.794
Singapore,SGP,1967,2878.007
Singapore,SGP,1968,2943.034
Singapore,SGP,1969,3004.623
Singapore,SGP,1970,3062.31
Singapore,SGP,1971,3116.3
Singapore,SGP,1972,3168.864
Singapore,SGP,1973,3221.284
Singapore,SGP,1974,3272.438
Singapore,SGP,1975,3321.41
Singapore,SGP,1976,3368.584
Singapore,SGP,1977,3413.682
Singapore,SGP,1978,3456.226
Singapore,SGP,1979,3496.57
Singapore,SGP,1980,3568.804
Singapore,SGP,1981,3706.884
Singapore,SGP,1982,3846.877
Singapore,SGP,1983,3932.623
Singapore,SGP,1984,3983.782
Singapore,SGP,1985,4004.436
Singapore,SGP,1986,4018.526
Singapore,SGP,1987,4072.643
Singapore,SGP,1988,4171.369
Singapore,SGP,1989,4302.57
Singapore,SGP,1990,4450.353
Singapore,SGP,1991,4591.934
Singapore,SGP,1992,4723.96
Singapore,SGP,1993,4857.821
Singapore,SGP,1994,5004.124
Singapore,SGP,1995,5173.682
Singapore,SGP,1996,5365.388
Singapore,SGP,1997,5558.745
Singapore,SGP,1998,5712.178
Singapore,SGP,1999,5807.551
Singapore,SGP,2000,5908.119
Singapore,SGP,2001,6026.597
Singapore,SGP,2002,6071.585
Singapore,SGP,2003,6058.924
Singapore,SGP,2004,6109.469
Singapore,SGP,2005,6249.434
Singapore,SGP,2006,6452.501
Singapore,SGP,2007,6729.89
Singapore,SGP,2008,7037.688
Singapore,SGP,2009,7274.623
Singapore,SGP,2010,7433.403
Singapore,SGP,2011,7587.466
Singapore,SGP,2012,7750.131
Singapore,SGP,2013,7885.195
Singapore,SGP,2014,7991.069
Singapore,SGP,2015,8089.809
Singapore,SGP,2016,8166.807
Singapore,SGP,2017,8205.093
Singapore,SGP,2018,8249.443
Singapore,SGP,2019,8300.97
Singapore,SGP,2020,8228.624
Singapore,SGP,2021,8120.483
Singapore,SGP,2022,8272.159
Singapore,SGP,2023,8475.973
Sint Maarten (Dutch part),SXM,1950,42.647
Sint Maarten (Dutch part),SXM,1951,45.676
Sint Maarten (Dutch part),SXM,1952,48.456
Sint Maarten (Dutch part),SXM,1953,51.118
Sint Maarten (Dutch part),SXM,1954,53.956
Sint Maarten (Dutch part),SXM,1955,57.309
Sint Maarten (Dutch part),SXM,1956,61.088
Sint Maarten (Dutch part),SXM,1957,65.176
Sint Maarten (Dutch part),SXM,1958,69.588
Sint Maarten (Dutch part),SXM,1959,74.132
Sint Maarten (Dutch part),SXM,1960,79.838
Sint Maarten (Dutch part),SXM,1961,87.338
Sint Maarten (Dutch part),SXM,1962,96
Sint Maarten (Dutch part),SXM,1963,105.412
Sint Maarten (Dutch part),SXM,1964,115.368
Sint Maarten (Dutch part),SXM,1965,125.956
Sint Maarten (Dutch part),SXM,1966,137.176
Sint Maarten (Dutch part),SXM,1967,149.132
Sint Maarten (Dutch part),SXM,1968,161.779
Sint Maarten (Dutch part),SXM,1969,174.941
Sint Maarten (Dutch part),SXM,1970,188.647
Sint Maarten (Dutch part),SXM,1971,202.588
Sint Maarten (Dutch part),SXM,1972,217.074
Sint Maarten (Dutch part),SXM,1973,232.838
Sint Maarten (Dutch part),SXM,1974,249.779
Sint Maarten (Dutch part),SXM,1975,267.456
Sint Maarten (Dutch part),SXM,1976,285.75
Sint Maarten (Dutch part),SXM,1977,304.838
Sint Maarten (Dutch part),SXM,1978,324.662
Sint Maarten (Dutch part),SXM,1979,344.794
Sint Maarten (Dutch part),SXM,1980,365
Sint Maarten (Dutch part),SXM,1981,391.235
Sint Maarten (Dutch part),SXM,1982,429.603
Sint Maarten (Dutch part),SXM,1983,474.5
Sint Maarten (Dutch part),SXM,1984,520.412
Sint Maarten (Dutch part),SXM,1985,567.382
Sint Maarten (Dutch part),SXM,1986,615.603
Sint Maarten (Dutch part),SXM,1987,665.221
Sint Maarten (Dutch part),SXM,1988,716.368
Sint Maarten (Dutch part),SXM,1989,769.676
Sint Maarten (Dutch part),SXM,1990,825.324
Sint Maarten (Dutch part),SXM,1991,883.691
Sint Maarten (Dutch part),SXM,1992,928.456
Sint Maarten (Dutch part),SXM,1993,941.926
Sint Maarten (Dutch part),SXM,1994,938.735
Sint Maarten (Dutch part),SXM,1995,934.471
Sint Maarten (Dutch part),SXM,1996,929.338
Sint Maarten (Dutch part),SXM,1997,923.632
Sint Maarten (Dutch part),SXM,1998,917.441
Sint Maarten (Dutch part),SXM,1999,911.074
Sint Maarten (Dutch part),SXM,2000,905.103
Sint Maarten (Dutch part),SXM,2001,903.706
Sint Maarten (Dutch part),SXM,2002,910.603
Sint Maarten (Dutch part),SXM,2003,921.382
Sint Maarten (Dutch part),SXM,2004,932.059
Sint Maarten (Dutch part),SXM,2005,942.868
Sint Maarten (Dutch part),SXM,2006,953.779
Sint Maarten (Dutch part),SXM,2007,964.426
Sint Maarten (Dutch part),SXM,2008,974.853
Sint Maarten (Dutch part),SXM,2009,985.029
Sint Maarten (Dutch part),SXM,2010,993.956
Sint Maarten (Dutch part),SXM,2011,1007.853
Sint Maarten (Dutch part),SXM,2012,1030.074
Sint Maarten (Dutch part),SXM,2013,1054.529
Sint Maarten (Dutch part),SXM,2014,1078.574
Sint Maarten (Dutch part),SXM,2015,1102.103
Sint Maarten (Dutch part),SXM,2016,1124.971
Sint Maarten (Dutch part),SXM,2017,1146.956
Sint Maarten (Dutch part),SXM,2018,1168
Sint Maarten (Dutch part),SXM,2019,1187.779
Sint Maarten (Dutch part),SXM,2020,1206.103
Sint Maarten (Dutch part),SXM,2021,1222.676
Sint Maarten (Dutch part),SXM,2022,1239.368
Sint Maarten (Dutch part),SXM,2023,1257.324
Slovakia,SVK,1950,70.682
Slovakia,SVK,1951,71.898
Slovakia,SVK,1952,73.254
Slovakia,SVK,1953,74.645
Slovakia,SVK,1954,76.031
Slovakia,SVK,1955,77.445
Slovakia,SVK,1956,78.891
Slovakia,SVK,1957,80.289
Slovakia,SVK,1958,81.633
Slovakia,SVK,1959,82.897
Slovakia,SVK,1960,84.116
Slovakia,SVK,1961,85.358
Slovakia,SVK,1962,86.387
Slovakia,SVK,1963,87.257
Slovakia,SVK,1964,88.171
Slovakia,SVK,1965,89.023
Slovakia,SVK,1966,89.78
Slovakia,SVK,1967,90.472
Slovakia,SVK,1968,91.09
Slovakia,SVK,1969,91.674
Slovakia,SVK,1970,92.303
Slovakia,SVK,1971,93.007
Slovakia,SVK,1972,93.81
Slovakia,SVK,1973,94.705
Slovakia,SVK,1974,95.663
Slovakia,SVK,1975,96.653
Slovakia,SVK,1976,97.659
Slovakia,SVK,1977,98.662
Slovakia,SVK,1978,99.642
Slovakia,SVK,1979,100.615
Slovakia,SVK,1980,101.496
Slovakia,SVK,1981,102.277
Slovakia,SVK,1982,103.029
Slovakia,SVK,1983,103.735
Slovakia,SVK,1984,104.407
Slovakia,SVK,1985,105.055
Slovakia,SVK,1986,105.645
Slovakia,SVK,1987,106.171
Slovakia,SVK,1988,106.656
Slovakia,SVK,1989,107.069
Slovakia,SVK,1990,107.399
Slovakia,SVK,1991,107.782
Slovakia,SVK,1992,108.222
Slovakia,SVK,1993,108.628
Slovakia,SVK,1994,108.972
Slovakia,SVK,1995,109.198
Slovakia,SVK,1996,109.364
Slovakia,SVK,1997,109.514
Slovakia,SVK,1998,109.616
Slovakia,SVK,1999,109.683
Slovakia,SVK,2000,109.722
Slovakia,SVK,2001,109.711
Slovakia,SVK,2002,109.675
Slovakia,SVK,2003,109.644
Slovakia,SVK,2004,109.641
Slovakia,SVK,2005,109.655
Slovakia,SVK,2006,109.658
Slovakia,SVK,2007,109.661
Slovakia,SVK,2008,109.704
Slovakia,SVK,2009,109.825
Slovakia,SVK,2010,109.964
Slovakia,SVK,2011,110.091
Slovakia,SVK,2012,110.229
Slovakia,SVK,2013,110.342
Slovakia,SVK,2014,110.441
Slovakia,SVK,2015,110.543
Slovakia,SVK,2016,110.686
Slovakia,SVK,2017,110.858
Slovakia,SVK,2018,111.012
Slovakia,SVK,2019,111.162
Slovakia,SVK,2020,111.252
Slovakia,SVK,2021,111.002
Slovakia,SVK,2022,111.623
Slovakia,SVK,2023,112.538
Slovenia,SVN,1950,71.822
Slovenia,SVN,1951,72.635
Slovenia,SVN,1952,73.476
Slovenia,SVN,1953,74.365
Slovenia,SVN,1954,75.261
Slovenia,SVN,1955,76.106
Slovenia,SVN,1956,76.908
Slovenia,SVN,1957,77.671
Slovenia,SVN,1958,78.386
Slovenia,SVN,1959,79.06
Slovenia,SVN,1960,79.704
Slovenia,SVN,1961,80.373
Slovenia,SVN,1962,81.094
Slovenia,SVN,1963,81.807
Slovenia,SVN,1964,82.498
Slovenia,SVN,1965,83.192
Slovenia,SVN,1966,83.903
Slovenia,SVN,1967,84.61
Slovenia,SVN,1968,85.258
Slovenia,SVN,1969,85.842
Slovenia,SVN,1970,86.397
Slovenia,SVN,1971,87.035
Slovenia,SVN,1972,87.805
Slovenia,SVN,1973,88.617
Slovenia,SVN,1974,89.435
Slovenia,SVN,1975,90.257
Slovenia,SVN,1976,91.089
Slovenia,SVN,1977,91.932
Slovenia,SVN,1978,92.786
Slovenia,SVN,1979,93.649
Slovenia,SVN,1980,94.501
Slovenia,SVN,1981,95.074
Slovenia,SVN,1982,95.242
Slovenia,SVN,1983,95.509
Slovenia,SVN,1984,95.973
Slovenia,SVN,1985,96.408
Slovenia,SVN,1986,97.569
Slovenia,SVN,1987,98.72
Slovenia,SVN,1988,98.993
Slovenia,SVN,1989,99.089
Slovenia,SVN,1990,99.216
Slovenia,SVN,1991,99.275
Slovenia,SVN,1992,99.109
Slovenia,SVN,1993,98.858
Slovenia,SVN,1994,98.732
Slovenia,SVN,1995,98.724
Slovenia,SVN,1996,98.659
Slovenia,SVN,1997,98.54
Slovenia,SVN,1998,98.325
Slovenia,SVN,1999,98.381
Slovenia,SVN,2000,98.66
Slovenia,SVN,2001,98.802
Slovenia,SVN,2002,98.896
Slovenia,SVN,2003,98.942
Slovenia,SVN,2004,98.994
Slovenia,SVN,2005,99.161
Slovenia,SVN,2006,99.469
Slovenia,SVN,2007,100.018
Slovenia,SVN,2008,100.56
Slovenia,SVN,2009,101.083
Slovenia,SVN,2010,101.53
Slovenia,SVN,2011,101.738
Slovenia,SVN,2012,101.963
Slovenia,SVN,2013,102.117
Slovenia,SVN,2014,102.215
Slovenia,SVN,2015,102.292
Slovenia,SVN,2016,102.362
Slovenia,SVN,2017,102.414
Slovenia,SVN,2018,102.765
Slovenia,SVN,2019,103.458
Slovenia,SVN,2020,104.401
Slovenia,SVN,2021,104.951
Slovenia,SVN,2022,105.037
Slovenia,SVN,2023,105.194
Solomon Islands,SLB,1950,3.773
Solomon Islands,SLB,1951,3.853
Solomon Islands,SLB,1952,3.941
Solomon Islands,SLB,1953,4.036
Solomon Islands,SLB,1954,4.136
Solomon Islands,SLB,1955,4.243
Solomon Islands,SLB,1956,4.353
Solomon Islands,SLB,1957,4.469
Solomon Islands,SLB,1958,4.595
Solomon Islands,SLB,1959,4.727
Solomon Islands,SLB,1960,4.851
Solomon Islands,SLB,1961,4.963
Solomon Islands,SLB,1962,5.077
Solomon Islands,SLB,1963,5.195
Solomon Islands,SLB,1964,5.316
Solomon Islands,SLB,1965,5.441
Solomon Islands,SLB,1966,5.57
Solomon Islands,SLB,1967,5.704
Solomon Islands,SLB,1968,5.844
Solomon Islands,SLB,1969,5.99
Solomon Islands,SLB,1970,6.132
Solomon Islands,SLB,1971,6.273
Solomon Islands,SLB,1972,6.424
Solomon Islands,SLB,1973,6.59
Solomon Islands,SLB,1974,6.773
Solomon Islands,SLB,1975,6.971
Solomon Islands,SLB,1976,7.195
Solomon Islands,SLB,1977,7.446
Solomon Islands,SLB,1978,7.71
Solomon Islands,SLB,1979,7.986
Solomon Islands,SLB,1980,8.27
Solomon Islands,SLB,1981,8.562
Solomon Islands,SLB,1982,8.862
Solomon Islands,SLB,1983,9.17
Solomon Islands,SLB,1984,9.486
Solomon Islands,SLB,1985,9.809
Solomon Islands,SLB,1986,10.135
Solomon Islands,SLB,1987,10.467
Solomon Islands,SLB,1988,10.809
Solomon Islands,SLB,1989,11.157
Solomon Islands,SLB,1990,11.51
Solomon Islands,SLB,1991,11.868
Solomon Islands,SLB,1992,12.231
Solomon Islands,SLB,1993,12.6
Solomon Islands,SLB,1994,12.977
Solomon Islands,SLB,1995,13.361
Solomon Islands,SLB,1996,13.752
Solomon Islands,SLB,1997,14.15
Solomon Islands,SLB,1998,14.553
Solomon Islands,SLB,1999,14.95
Solomon Islands,SLB,2000,15.296
Solomon Islands,SLB,2001,15.597
Solomon Islands,SLB,2002,15.894
Solomon Islands,SLB,2003,16.188
Solomon Islands,SLB,2004,16.482
Solomon Islands,SLB,2005,16.776
Solomon Islands,SLB,2006,17.072
Solomon Islands,SLB,2007,17.369
Solomon Islands,SLB,2008,17.669
Solomon Islands,SLB,2009,17.994
Solomon Islands,SLB,2010,18.508
Solomon Islands,SLB,2011,19.202
Solomon Islands,SLB,2012,19.92
Solomon Islands,SLB,2013,20.661
Solomon Islands,SLB,2014,21.423
Solomon Islands,SLB,2015,22.205
Solomon Islands,SLB,2016,23.002
Solomon Islands,SLB,2017,23.811
Solomon Islands,SLB,2018,24.625
Solomon Islands,SLB,2019,25.286
Solomon Islands,SLB,2020,25.854
Solomon Islands,SLB,2021,26.483
Solomon Islands,SLB,2022,27.124
Solomon Islands,SLB,2023,27.782
Somalia,SOM,1950,3.528
Somalia,SOM,1951,3.629
Somalia,SOM,1952,3.73
Somalia,SOM,1953,3.831
Somalia,SOM,1954,3.933
Somalia,SOM,1955,4.036
Somalia,SOM,1956,4.142
Somalia,SOM,1957,4.249
Somalia,SOM,1958,4.357
Somalia,SOM,1959,4.468
Somalia,SOM,1960,4.585
Somalia,SOM,1961,4.706
Somalia,SOM,1962,4.83
Somalia,SOM,1963,4.958
Somalia,SOM,1964,5.089
Somalia,SOM,1965,5.225
Somalia,SOM,1966,5.364
Somalia,SOM,1967,5.507
Somalia,SOM,1968,5.653
Somalia,SOM,1969,5.804
Somalia,SOM,1970,5.959
Somalia,SOM,1971,6.117
Somalia,SOM,1972,6.28
Somalia,SOM,1973,6.449
Somalia,SOM,1974,6.618
Somalia,SOM,1975,6.787
Somalia,SOM,1976,6.959
Somalia,SOM,1977,7.148
Somalia,SOM,1978,7.675
Somalia,SOM,1979,8.686
Somalia,SOM,1980,9.462
Somalia,SOM,1981,9.537
Somalia,SOM,1982,9.57
Somalia,SOM,1983,9.88
Somalia,SOM,1984,10.247
Somalia,SOM,1985,10.669
Somalia,SOM,1986,11.118
Somalia,SOM,1987,11.522
Somalia,SOM,1988,11.533
Somalia,SOM,1989,11.341
Somalia,SOM,1990,11.29
Somalia,SOM,1991,10.861
Somalia,SOM,1992,10.353
Somalia,SOM,1993,10.65
Somalia,SOM,1994,11.201
Somalia,SOM,1995,11.613
Somalia,SOM,1996,12.042
Somalia,SOM,1997,12.473
Somalia,SOM,1998,13
Somalia,SOM,1999,13.537
Somalia,SOM,2000,14.089
Somalia,SOM,2001,14.663
Somalia,SOM,2002,15.223
Somalia,SOM,2003,15.796
Somalia,SOM,2004,16.388
Somalia,SOM,2005,16.967
Somalia,SOM,2006,17.495
Somalia,SOM,2007,18.049
Somalia,SOM,2008,18.591
Somalia,SOM,2009,19.067
Somalia,SOM,2010,19.546
Somalia,SOM,2011,19.684
Somalia,SOM,2012,19.863
Somalia,SOM,2013,20.515
Somalia,SOM,2014,21.264
Somalia,SOM,2015,22.009
Somalia,SOM,2016,22.872
Somalia,SOM,2017,23.778
Somalia,SOM,2018,24.632
Somalia,SOM,2019,25.554
Somalia,SOM,2020,26.543
Somalia,SOM,2021,27.531
Somalia,SOM,2022,28.377
Somalia,SOM,2023,29.264
South Africa,ZAF,1950,10.68
South Africa,ZAF,1951,10.902
South Africa,ZAF,1952,11.136
South Africa,ZAF,1953,11.38
South Africa,ZAF,1954,11.635
South Africa,ZAF,1955,11.905
South Africa,ZAF,1956,12.189
South Africa,ZAF,1957,12.487
South Africa,ZAF,1958,12.795
South Africa,ZAF,1959,13.118
South Africa,ZAF,1960,13.467
South Africa,ZAF,1961,13.85
South Africa,ZAF,1962,14.268
South Africa,ZAF,1963,14.707
South Africa,ZAF,1964,15.163
South Africa,ZAF,1965,15.637
South Africa,ZAF,1966,16.129
South Africa,ZAF,1967,16.64
South Africa,ZAF,1968,17.167
South Africa,ZAF,1969,17.705
South Africa,ZAF,1970,18.25
South Africa,ZAF,1971,18.793
South Africa,ZAF,1972,19.339
South Africa,ZAF,1973,19.9
South Africa,ZAF,1974,20.469
South Africa,ZAF,1975,21.044
South Africa,ZAF,1976,21.621
South Africa,ZAF,1977,22.214
South Africa,ZAF,1978,22.829
South Africa,ZAF,1979,23.455
South Africa,ZAF,1980,24.18
South Africa,ZAF,1981,25.017
South Africa,ZAF,1982,25.897
South Africa,ZAF,1983,26.818
South Africa,ZAF,1984,27.762
South Africa,ZAF,1985,28.704
South Africa,ZAF,1986,29.636
South Africa,ZAF,1987,30.575
South Africa,ZAF,1988,31.521
South Africa,ZAF,1989,32.461
South Africa,ZAF,1990,33.376
South Africa,ZAF,1991,34.148
South Africa,ZAF,1992,34.767
South Africa,ZAF,1993,35.466
South Africa,ZAF,1994,36.045
South Africa,ZAF,1995,36.485
South Africa,ZAF,1996,36.961
South Africa,ZAF,1997,37.407
South Africa,ZAF,1998,37.863
South Africa,ZAF,1999,38.278
South Africa,ZAF,2000,38.63
South Africa,ZAF,2001,38.963
South Africa,ZAF,2002,39.334
South Africa,ZAF,2003,39.728
South Africa,ZAF,2004,40.13
South Africa,ZAF,2005,40.539
South Africa,ZAF,2006,40.955
South Africa,ZAF,2007,41.389
South Africa,ZAF,2008,41.869
South Africa,ZAF,2009,42.372
South Africa,ZAF,2010,42.876
South Africa,ZAF,2011,43.41
South Africa,ZAF,2012,44.055
South Africa,ZAF,2013,44.789
South Africa,ZAF,2014,45.539
South Africa,ZAF,2015,46.464
South Africa,ZAF,2016,46.903
South Africa,ZAF,2017,47.21
South Africa,ZAF,2018,48.011
South Africa,ZAF,2019,48.81
South Africa,ZAF,2020,49.608
South Africa,ZAF,2021,50.378
South Africa,ZAF,2022,51.096
South Africa,ZAF,2023,51.779
South Korea,KOR,1950,199.684
South Korea,KOR,1951,200.812
South Korea,KOR,1952,204.46
South Korea,KOR,1953,209.973
South Korea,KOR,1954,216.444
South Korea,KOR,1955,223.615
South Korea,KOR,1956,231.188
South Korea,KOR,1957,239.136
South Korea,KOR,1958,247.354
South Korea,KOR,1959,255.685
South Korea,KOR,1960,263.944
South Korea,KOR,1961,271.398
South Korea,KOR,1962,278.031
South Korea,KOR,1963,284.462
South Korea,KOR,1964,290.521
South Korea,KOR,1965,295.972
South Korea,KOR,1966,301.648
South Korea,KOR,1967,308.215
South Korea,KOR,1968,315.083
South Korea,KOR,1969,321.93
South Korea,KOR,1970,328.898
South Korea,KOR,1971,335.95
South Korea,KOR,1972,342.99
South Korea,KOR,1973,349.958
South Korea,KOR,1974,356.648
South Korea,KOR,1975,362.59
South Korea,KOR,1976,367.686
South Korea,KOR,1977,372.372
South Korea,KOR,1978,376.802
South Korea,KOR,1979,381.138
South Korea,KOR,1980,385.486
South Korea,KOR,1981,391.025
South Korea,KOR,1982,397.766
South Korea,KOR,1983,404.283
South Korea,KOR,1984,410.32
South Korea,KOR,1985,415.886
South Korea,KOR,1986,421.642
South Korea,KOR,1987,427.742
South Korea,KOR,1988,433.815
South Korea,KOR,1989,439.897
South Korea,KOR,1990,445.523
South Korea,KOR,1991,449.139
South Korea,KOR,1992,451.307
South Korea,KOR,1993,453.673
South Korea,KOR,1994,456.13
South Korea,KOR,1995,458.531
South Korea,KOR,1996,461.263
South Korea,KOR,1997,464.323
South Korea,KOR,1998,467.248
South Korea,KOR,1999,469.971
South Korea,KOR,2000,472.663
South Korea,KOR,2001,475.46
South Korea,KOR,2002,478.044
South Korea,KOR,2003,480.218
South Korea,KOR,2004,482.066
South Korea,KOR,2005,483.628
South Korea,KOR,2006,485.194
South Korea,KOR,2007,486.928
South Korea,KOR,2008,488.731
South Korea,KOR,2009,490.653
South Korea,KOR,2010,492.903
South Korea,KOR,2011,496.525
South Korea,KOR,2012,501.294
South Korea,KOR,2013,506.061
South Korea,KOR,2014,510.79
South Korea,KOR,2015,515.286
South Korea,KOR,2016,518.458
South Korea,KOR,2017,520.363
South Korea,KOR,2018,521.926
South Korea,KOR,2019,523.209
South Korea,KOR,2020,524.125
South Korea,KOR,2021,524.023
South Korea,KOR,2022,523.357
South Korea,KOR,2023,523.016
South Sudan,SSD,1950,4.419
South Sudan,SSD,1951,4.484
South Sudan,SSD,1952,4.554
South Sudan,SSD,1953,4.629
South Sudan,SSD,1954,4.71
South Sudan,SSD,1955,4.795
South Sudan,SSD,1956,4.883
South Sudan,SSD,1957,4.97
South Sudan,SSD,1958,5.049
South Sudan,SSD,1959,5.121
South Sudan,SSD,1960,5.196
South Sudan,SSD,1961,5.276
South Sudan,SSD,1962,5.361
South Sudan,SSD,1963,5.446
South Sudan,SSD,1964,5.548
South Sudan,SSD,1965,5.654
South Sudan,SSD,1966,5.737
South Sudan,SSD,1967,5.81
South Sudan,SSD,1968,5.888
South Sudan,SSD,1969,5.966
South Sudan,SSD,1970,6.044
South Sudan,SSD,1971,6.148
South Sudan,SSD,1972,6.279
South Sudan,SSD,1973,6.43
South Sudan,SSD,1974,6.6
South Sudan,SSD,1975,6.774
South Sudan,SSD,1976,6.952
South Sudan,SSD,1977,7.133
South Sudan,SSD,1978,7.317
South Sudan,SSD,1979,7.503
South Sudan,SSD,1980,7.691
South Sudan,SSD,1981,7.883
South Sudan,SSD,1982,8.079
South Sudan,SSD,1983,8.263
South Sudan,SSD,1984,8.421
South Sudan,SSD,1985,8.569
South Sudan,SSD,1986,8.723
South Sudan,SSD,1987,8.796
South Sudan,SSD,1988,8.593
South Sudan,SSD,1989,8.354
South Sudan,SSD,1990,8.398
South Sudan,SSD,1991,8.573
South Sudan,SSD,1992,8.703
South Sudan,SSD,1993,8.785
South Sudan,SSD,1994,8.989
South Sudan,SSD,1995,9.263
South Sudan,SSD,1996,9.495
South Sudan,SSD,1997,9.765
South Sudan,SSD,1998,9.962
South Sudan,SSD,1999,10.231
South Sudan,SSD,2000,10.693
South Sudan,SSD,2001,11.182
South Sudan,SSD,2002,11.693
South Sudan,SSD,2003,12.236
South Sudan,SSD,2004,12.821
South Sudan,SSD,2005,13.454
South Sudan,SSD,2006,14.139
South Sudan,SSD,2007,14.87
South Sudan,SSD,2008,15.63
South Sudan,SSD,2009,16.385
South Sudan,SSD,2010,17.275
South Sudan,SSD,2011,18.236
South Sudan,SSD,2012,19.066
South Sudan,SSD,2013,19.793
South Sudan,SSD,2014,19.915
South Sudan,SSD,2015,19.689
South Sudan,SSD,2016,19.197
South Sudan,SSD,2017,18.185
South Sudan,SSD,2018,17.944
South Sudan,SSD,2019,18.476
South Sudan,SSD,2020,18.964
South Sudan,SSD,2021,19.26
South Sudan,SSD,2022,19.536
South Sudan,SSD,2023,20.355
Spain,ESP,1950,55.891
Spain,ESP,1951,56.165
Spain,ESP,1952,56.546
Spain,ESP,1953,56.997
Spain,ESP,1954,57.445
Spain,ESP,1955,57.907
Spain,ESP,1956,58.373
Spain,ESP,1957,58.863
Spain,ESP,1958,59.42
Spain,ESP,1959,59.999
Spain,ESP,1960,60.525
Spain,ESP,1961,61.111
Spain,ESP,1962,61.789
Spain,ESP,1963,62.466
Spain,ESP,1964,63.186
Spain,ESP,1965,63.92
Spain,ESP,1966,64.628
Spain,ESP,1967,65.334
Spain,ESP,1968,66.029
Spain,ESP,1969,66.68
Spain,ESP,1970,67.309
Spain,ESP,1971,67.995
Spain,ESP,1972,68.756
Spain,ESP,1973,69.526
Spain,ESP,1974,70.392
Spain,ESP,1975,71.256
Spain,ESP,1976,72.014
Spain,ESP,1977,72.76
Spain,ESP,1978,73.464
Spain,ESP,1979,74.112
Spain,ESP,1980,74.723
Spain,ESP,1981,75.271
Spain,ESP,1982,75.738
Spain,ESP,1983,76.148
Spain,ESP,1984,76.515
Spain,ESP,1985,76.841
Spain,ESP,1986,77.108
Spain,ESP,1987,77.34
Spain,ESP,1988,77.539
Spain,ESP,1989,77.693
Spain,ESP,1990,77.804
Spain,ESP,1991,78.036
Spain,ESP,1992,78.471
Spain,ESP,1993,78.932
Spain,ESP,1994,79.344
Spain,ESP,1995,79.73
Spain,ESP,1996,80.098
Spain,ESP,1997,80.469
Spain,ESP,1998,80.854
Spain,ESP,1999,81.243
Spain,ESP,2000,81.655
Spain,ESP,2001,82.105
Spain,ESP,2002,83.12
Spain,ESP,2003,84.615
Spain,ESP,2004,86.064
Spain,ESP,2005,87.506
Spain,ESP,2006,88.972
Spain,ESP,2007,90.606
Spain,ESP,2008,92.037
Spain,ESP,2009,92.833
Spain,ESP,2010,93.242
Spain,ESP,2011,93.556
Spain,ESP,2012,93.596
Spain,ESP,2013,93.282
Spain,ESP,2014,93.003
Spain,ESP,2015,92.93
Spain,ESP,2016,93.028
Spain,ESP,2017,93.298
Spain,ESP,2018,93.744
Spain,ESP,2019,94.426
Spain,ESP,2020,94.912
Spain,ESP,2021,95.024
Spain,ESP,2022,95.209
Spain,ESP,2023,95.374
Sri Lanka,LKA,1950,124.568
Sri Lanka,LKA,1951,126.885
Sri Lanka,LKA,1952,129.361
Sri Lanka,LKA,1953,131.969
Sri Lanka,LKA,1954,134.693
Sri Lanka,LKA,1955,137.522
Sri Lanka,LKA,1956,140.455
Sri Lanka,LKA,1957,143.545
Sri Lanka,LKA,1958,146.859
Sri Lanka,LKA,1959,150.389
Sri Lanka,LKA,1960,154.077
Sri Lanka,LKA,1961,157.872
Sri Lanka,LKA,1962,161.769
Sri Lanka,LKA,1963,165.777
Sri Lanka,LKA,1964,169.897
Sri Lanka,LKA,1965,174.1
Sri Lanka,LKA,1966,178.358
Sri Lanka,LKA,1967,182.718
Sri Lanka,LKA,1968,187.164
Sri Lanka,LKA,1969,191.593
Sri Lanka,LKA,1970,195.951
Sri Lanka,LKA,1971,200.174
Sri Lanka,LKA,1972,204.277
Sri Lanka,LKA,1973,208.291
Sri Lanka,LKA,1974,212.195
Sri Lanka,LKA,1975,216.075
Sri Lanka,LKA,1976,220.027
Sri Lanka,LKA,1977,224.055
Sri Lanka,LKA,1978,228.214
Sri Lanka,LKA,1979,232.511
Sri Lanka,LKA,1980,236.791
Sri Lanka,LKA,1981,240.801
Sri Lanka,LKA,1982,243.785
Sri Lanka,LKA,1983,245.416
Sri Lanka,LKA,1984,246.262
Sri Lanka,LKA,1985,247.893
Sri Lanka,LKA,1986,250.877
Sri Lanka,LKA,1987,253.833
Sri Lanka,LKA,1988,256.417
Sri Lanka,LKA,1989,259.127
Sri Lanka,LKA,1990,260.784
Sri Lanka,LKA,1991,262.744
Sri Lanka,LKA,1992,266.953
Sri Lanka,LKA,1993,271.524
Sri Lanka,LKA,1994,275.509
Sri Lanka,LKA,1995,280.106
Sri Lanka,LKA,1996,285.544
Sri Lanka,LKA,1997,291.017
Sri Lanka,LKA,1998,296.563
Sri Lanka,LKA,1999,302.125
Sri Lanka,LKA,2000,307.68
Sri Lanka,LKA,2001,312.581
Sri Lanka,LKA,2002,315.856
Sri Lanka,LKA,2003,318.181
Sri Lanka,LKA,2004,320.351
Sri Lanka,LKA,2005,322.407
Sri Lanka,LKA,2006,324.574
Sri Lanka,LKA,2007,326.809
Sri Lanka,LKA,2008,328.991
Sri Lanka,LKA,2009,331.017
Sri Lanka,LKA,2010,332.973
Sri Lanka,LKA,2011,335.046
Sri Lanka,LKA,2012,337.604
Sri Lanka,LKA,2013,340.624
Sri Lanka,LKA,2014,343.632
Sri Lanka,LKA,2015,346.543
Sri Lanka,LKA,2016,349.426
Sri Lanka,LKA,2017,352.245
Sri Lanka,LKA,2018,354.886
Sri Lanka,LKA,2019,357.397
Sri Lanka,LKA,2020,359.809
Sri Lanka,LKA,2021,362.019
Sri Lanka,LKA,2022,364.165
Sri Lanka,LKA,2023,366.344
Sudan,SDN,1950,3.507
Sudan,SDN,1951,3.612
Sudan,SDN,1952,3.721
Sudan,SDN,1953,3.833
Sudan,SDN,1954,3.949
Sudan,SDN,1955,4.069
Sudan,SDN,1956,4.193
Sudan,SDN,1957,4.323
Sudan,SDN,1958,4.455
Sudan,SDN,1959,4.593
Sudan,SDN,1960,4.739
Sudan,SDN,1961,4.892
Sudan,SDN,1962,5.053
Sudan,SDN,1963,5.223
Sudan,SDN,1964,5.4
Sudan,SDN,1965,5.585
Sudan,SDN,1966,5.778
Sudan,SDN,1967,5.978
Sudan,SDN,1968,6.186
Sudan,SDN,1969,6.401
Sudan,SDN,1970,6.626
Sudan,SDN,1971,6.858
Sudan,SDN,1972,7.098
Sudan,SDN,1973,7.393
Sudan,SDN,1974,7.694
Sudan,SDN,1975,7.969
Sudan,SDN,1976,8.255
Sudan,SDN,1977,8.547
Sudan,SDN,1978,8.892
Sudan,SDN,1979,9.266
Sudan,SDN,1980,9.665
Sudan,SDN,1981,10.074
Sudan,SDN,1982,10.474
Sudan,SDN,1983,10.827
Sudan,SDN,1984,11.074
Sudan,SDN,1985,11.278
Sudan,SDN,1986,11.494
Sudan,SDN,1987,11.731
Sudan,SDN,1988,11.976
Sudan,SDN,1989,12.225
Sudan,SDN,1990,12.476
Sudan,SDN,1991,12.731
Sudan,SDN,1992,12.99
Sudan,SDN,1993,13.283
Sudan,SDN,1994,13.622
Sudan,SDN,1995,13.978
Sudan,SDN,1996,14.295
Sudan,SDN,1997,14.617
Sudan,SDN,1998,14.991
Sudan,SDN,1999,15.371
Sudan,SDN,2000,15.76
Sudan,SDN,2001,16.156
Sudan,SDN,2002,16.56
Sudan,SDN,2003,16.938
Sudan,SDN,2004,17.312
Sudan,SDN,2005,17.712
Sudan,SDN,2006,18.126
Sudan,SDN,2007,18.563
Sudan,SDN,2008,19.05
Sudan,SDN,2009,19.585
Sudan,SDN,2010,20.064
Sudan,SDN,2011,20.476
Sudan,SDN,2012,20.919
Sudan,SDN,2013,21.408
Sudan,SDN,2014,21.996
Sudan,SDN,2015,22.676
Sudan,SDN,2016,23.376
Sudan,SDN,2017,24.2
Sudan,SDN,2018,25.059
Sudan,SDN,2019,25.806
Sudan,SDN,2020,26.509
Sudan,SDN,2021,27.233
Sudan,SDN,2022,27.978
Sudan,SDN,2023,28.352
Suriname,SUR,1950,1.254
Suriname,SUR,1951,1.285
Suriname,SUR,1952,1.323
Suriname,SUR,1953,1.361
Suriname,SUR,1954,1.401
Suriname,SUR,1955,1.444
Suriname,SUR,1956,1.488
Suriname,SUR,1957,1.535
Suriname,SUR,1958,1.585
Suriname,SUR,1959,1.637
Suriname,SUR,1960,1.692
Suriname,SUR,1961,1.749
Suriname,SUR,1962,1.82
Suriname,SUR,1963,1.904
Suriname,SUR,1964,1.981
Suriname,SUR,1965,2.051
Suriname,SUR,1966,2.123
Suriname,SUR,1967,2.197
Suriname,SUR,1968,2.273
Suriname,SUR,1969,2.352
Suriname,SUR,1970,2.432
Suriname,SUR,1971,2.512
Suriname,SUR,1972,2.548
Suriname,SUR,1973,2.537
Suriname,SUR,1974,2.524
Suriname,SUR,1975,2.507
Suriname,SUR,1976,2.489
Suriname,SUR,1977,2.468
Suriname,SUR,1978,2.446
Suriname,SUR,1979,2.421
Suriname,SUR,1980,2.406
Suriname,SUR,1981,2.407
Suriname,SUR,1982,2.414
Suriname,SUR,1983,2.428
Suriname,SUR,1984,2.45
Suriname,SUR,1985,2.481
Suriname,SUR,1986,2.515
Suriname,SUR,1987,2.544
Suriname,SUR,1988,2.578
Suriname,SUR,1989,2.618
Suriname,SUR,1990,2.644
Suriname,SUR,1991,2.66
Suriname,SUR,1992,2.677
Suriname,SUR,1993,2.688
Suriname,SUR,1994,2.708
Suriname,SUR,1995,2.754
Suriname,SUR,1996,2.813
Suriname,SUR,1997,2.872
Suriname,SUR,1998,2.932
Suriname,SUR,1999,2.993
Suriname,SUR,2000,3.055
Suriname,SUR,2001,3.119
Suriname,SUR,2002,3.183
Suriname,SUR,2003,3.246
Suriname,SUR,2004,3.294
Suriname,SUR,2005,3.329
Suriname,SUR,2006,3.365
Suriname,SUR,2007,3.404
Suriname,SUR,2008,3.444
Suriname,SUR,2009,3.484
Suriname,SUR,2010,3.525
Suriname,SUR,2011,3.566
Suriname,SUR,2012,3.607
Suriname,SUR,2013,3.648
Suriname,SUR,2014,3.688
Suriname,SUR,2015,3.728
Suriname,SUR,2016,3.768
Suriname,SUR,2017,3.806
Suriname,SUR,2018,3.843
Suriname,SUR,2019,3.883
Suriname,SUR,2020,3.925
Suriname,SUR,2021,3.961
Suriname,SUR,2022,3.995
Suriname,SUR,2023,4.031
Sweden,SWE,1950,17.225
Sweden,SWE,1951,17.364
Sweden,SWE,1952,17.491
Sweden,SWE,1953,17.606
Sweden,SWE,1954,17.709
Sweden,SWE,1955,17.829
Sweden,SWE,1956,17.959
Sweden,SWE,1957,18.085
Sweden,SWE,1958,18.202
Sweden,SWE,1959,18.298
Sweden,SWE,1960,18.374
Sweden,SWE,1961,18.461
Sweden,SWE,1962,18.563
Sweden,SWE,1963,18.668
Sweden,SWE,1964,18.808
Sweden,SWE,1965,18.984
Sweden,SWE,1966,19.162
Sweden,SWE,1967,19.312
Sweden,SWE,1968,19.424
Sweden,SWE,1969,19.561
Sweden,SWE,1970,19.745
Sweden,SWE,1971,19.88
Sweden,SWE,1972,19.94
Sweden,SWE,1973,19.976
Sweden,SWE,1974,20.034
Sweden,SWE,1975,20.113
Sweden,SWE,1976,20.186
Sweden,SWE,1977,20.258
Sweden,SWE,1978,20.317
Sweden,SWE,1979,20.361
Sweden,SWE,1980,20.402
Sweden,SWE,1981,20.426
Sweden,SWE,1982,20.438
Sweden,SWE,1983,20.447
Sweden,SWE,1984,20.466
Sweden,SWE,1985,20.499
Sweden,SWE,1986,20.547
Sweden,SWE,1987,20.616
Sweden,SWE,1988,20.711
Sweden,SWE,1989,20.849
Sweden,SWE,1990,21.011
Sweden,SWE,1991,21.154
Sweden,SWE,1992,21.278
Sweden,SWE,1993,21.402
Sweden,SWE,1994,21.555
Sweden,SWE,1995,21.668
Sweden,SWE,1996,21.703
Sweden,SWE,1997,21.715
Sweden,SWE,1998,21.728
Sweden,SWE,1999,21.745
Sweden,SWE,2000,21.781
Sweden,SWE,2001,21.839
Sweden,SWE,2002,21.911
Sweden,SWE,2003,21.993
Sweden,SWE,2004,22.079
Sweden,SWE,2005,22.168
Sweden,SWE,2006,22.292
Sweden,SWE,2007,22.459
Sweden,SWE,2008,22.634
Sweden,SWE,2009,22.828
Sweden,SWE,2010,23.023
Sweden,SWE,2011,23.197
Sweden,SWE,2012,23.37
Sweden,SWE,2013,23.569
Sweden,SWE,2014,23.804
Sweden,SWE,2015,24.057
Sweden,SWE,2016,24.361
Sweden,SWE,2017,24.692
Sweden,SWE,2018,24.98
Sweden,SWE,2019,25.235
Sweden,SWE,2020,25.418
Sweden,SWE,2021,25.571
Sweden,SWE,2022,25.746
Sweden,SWE,2023,25.903
Switzerland,CHE,1950,117.34
Switzerland,CHE,1951,118.726
Switzerland,CHE,1952,120.314
Switzerland,CHE,1953,121.916
Switzerland,CHE,1954,123.493
Switzerland,CHE,1955,125.078
Switzerland,CHE,1956,126.666
Switzerland,CHE,1957,128.28
Switzerland,CHE,1958,129.937
Switzerland,CHE,1959,131.596
Switzerland,CHE,1960,133.221
Switzerland,CHE,1961,135.88
Switzerland,CHE,1962,139.37
Switzerland,CHE,1963,142.383
Switzerland,CHE,1964,144.758
Switzerland,CHE,1965,146.44
Switzerland,CHE,1966,147.979
Switzerland,CHE,1967,149.823
Switzerland,CHE,1968,151.722
Switzerland,CHE,1969,153.439
Switzerland,CHE,1970,154.554
Switzerland,CHE,1971,155.369
Switzerland,CHE,1972,156.558
Switzerland,CHE,1973,157.717
Switzerland,CHE,1974,158.566
Switzerland,CHE,1975,158.497
Switzerland,CHE,1976,157.595
Switzerland,CHE,1977,157.065
Switzerland,CHE,1978,157.082
Switzerland,CHE,1979,157.399
Switzerland,CHE,1980,158.028
Switzerland,CHE,1981,158.896
Switzerland,CHE,1982,159.827
Switzerland,CHE,1983,160.515
Switzerland,CHE,1984,161.093
Switzerland,CHE,1985,161.806
Switzerland,CHE,1986,162.651
Switzerland,CHE,1987,163.677
Switzerland,CHE,1988,164.887
Switzerland,CHE,1989,166.228
Switzerland,CHE,1990,167.863
Switzerland,CHE,1991,169.958
Switzerland,CHE,1992,171.911
Switzerland,CHE,1993,173.487
Switzerland,CHE,1994,174.875
Switzerland,CHE,1995,176.047
Switzerland,CHE,1996,176.832
Switzerland,CHE,1997,177.265
Switzerland,CHE,1998,177.793
Switzerland,CHE,1999,178.639
Switzerland,CHE,2000,179.636
Switzerland,CHE,2001,180.696
Switzerland,CHE,2002,182.005
Switzerland,CHE,2003,183.373
Switzerland,CHE,2004,184.642
Switzerland,CHE,2005,185.833
Switzerland,CHE,2006,187
Switzerland,CHE,2007,188.672
Switzerland,CHE,2008,191.081
Switzerland,CHE,2009,193.48
Switzerland,CHE,2010,195.683
Switzerland,CHE,2011,197.899
Switzerland,CHE,2012,200.013
Switzerland,CHE,2013,202.321
Switzerland,CHE,2014,204.797
Switzerland,CHE,2015,207.14
Switzerland,CHE,2016,209.414
Switzerland,CHE,2017,211.383
Switzerland,CHE,2018,212.951
Switzerland,CHE,2019,214.481
Switzerland,CHE,2020,216.058
Switzerland,CHE,2021,217.719
Switzerland,CHE,2022,219.849
Switzerland,CHE,2023,221.808
Syria,SYR,1950,19.662
Syria,SYR,1951,20.058
Syria,SYR,1952,20.496
Syria,SYR,1953,20.972
Syria,SYR,1954,21.49
Syria,SYR,1955,22.049
Syria,SYR,1956,22.648
Syria,SYR,1957,23.285
Syria,SYR,1958,23.962
Syria,SYR,1959,24.679
Syria,SYR,1960,25.44
Syria,SYR,1961,26.212
Syria,SYR,1962,26.995
Syria,SYR,1963,27.818
Syria,SYR,1964,28.682
Syria,SYR,1965,29.586
Syria,SYR,1966,30.532
Syria,SYR,1967,31.518
Syria,SYR,1968,32.544
Syria,SYR,1969,33.614
Syria,SYR,1970,34.732
Syria,SYR,1971,35.916
Syria,SYR,1972,37.157
Syria,SYR,1973,38.432
Syria,SYR,1974,39.748
Syria,SYR,1975,41.121
Syria,SYR,1976,42.553
Syria,SYR,1977,44.04
Syria,SYR,1978,45.576
Syria,SYR,1979,47.15
Syria,SYR,1980,48.76
Syria,SYR,1981,50.407
Syria,SYR,1982,52.107
Syria,SYR,1983,53.915
Syria,SYR,1984,55.84
Syria,SYR,1985,57.839
Syria,SYR,1986,59.892
Syria,SYR,1987,61.994
Syria,SYR,1988,64.135
Syria,SYR,1989,66.295
Syria,SYR,1990,68.473
Syria,SYR,1991,70.659
Syria,SYR,1992,72.863
Syria,SYR,1993,75.095
Syria,SYR,1994,77.342
Syria,SYR,1995,79.565
Syria,SYR,1996,81.749
Syria,SYR,1997,83.923
Syria,SYR,1998,86.116
Syria,SYR,1999,88.335
Syria,SYR,2000,90.566
Syria,SYR,2001,92.817
Syria,SYR,2002,95.086
Syria,SYR,2003,97.378
Syria,SYR,2004,99.814
Syria,SYR,2005,102.412
Syria,SYR,2006,106.891
Syria,SYR,2007,113.68
Syria,SYR,2008,117.776
Syria,SYR,2009,119.629
Syria,SYR,2010,122.38
Syria,SYR,2011,124.534
Syria,SYR,2012,123.89
Syria,SYR,2013,117.941
Syria,SYR,2014,110.357
Syria,SYR,2015,105.735
Syria,SYR,2016,104.479
Syria,SYR,2017,104.647
Syria,SYR,2018,106.569
Syria,SYR,2019,110.792
Syria,SYR,2020,114.58
Syria,SYR,2021,117.734
Syria,SYR,2022,122.27
Syria,SYR,2023,128.434
Taiwan,TWN,1950,214.531
Taiwan,TWN,1951,222.05
Taiwan,TWN,1952,230.132
Taiwan,TWN,1953,238.672
Taiwan,TWN,1954,247.607
Taiwan,TWN,1955,257.106
Taiwan,TWN,1956,267.317
Taiwan,TWN,1957,278.185
Taiwan,TWN,1958,289.358
Taiwan,TWN,1959,300.598
Taiwan,TWN,1960,311.953
Taiwan,TWN,1961,323.454
Taiwan,TWN,1962,335.122
Taiwan,TWN,1963,346.956
Taiwan,TWN,1964,358.844
Taiwan,TWN,1965,370.652
Taiwan,TWN,1966,382.313
Taiwan,TWN,1967,392.586
Taiwan,TWN,1968,401.457
Taiwan,TWN,1969,410.155
Taiwan,TWN,1970,418.406
Taiwan,TWN,1971,427.03
Taiwan,TWN,1972,436.335
Taiwan,TWN,1973,445.431
Taiwan,TWN,1974,454.175
Taiwan,TWN,1975,462.165
Taiwan,TWN,1976,470.813
Taiwan,TWN,1977,480.658
Taiwan,TWN,1978,490.645
Taiwan,TWN,1979,500.869
Taiwan,TWN,1980,510.774
Taiwan,TWN,1981,519.989
Taiwan,TWN,1982,528.777
Taiwan,TWN,1983,537.211
Taiwan,TWN,1984,545.235
Taiwan,TWN,1985,552.716
Taiwan,TWN,1986,559.333
Taiwan,TWN,1987,565.259
Taiwan,TWN,1988,571.128
Taiwan,TWN,1989,576.642
Taiwan,TWN,1990,581.613
Taiwan,TWN,1991,586.889
Taiwan,TWN,1992,592.547
Taiwan,TWN,1993,597.986
Taiwan,TWN,1994,603.139
Taiwan,TWN,1995,608.147
Taiwan,TWN,1996,613.083
Taiwan,TWN,1997,618.055
Taiwan,TWN,1998,622.684
Taiwan,TWN,1999,627.048
Taiwan,TWN,2000,630.694
Taiwan,TWN,2001,633.896
Taiwan,TWN,2002,637.303
Taiwan,TWN,2003,640.049
Taiwan,TWN,2004,642.345
Taiwan,TWN,2005,644.59
Taiwan,TWN,2006,647.123
Taiwan,TWN,2007,649.73
Taiwan,TWN,2008,651.969
Taiwan,TWN,2009,654.176
Taiwan,TWN,2010,655.861
Taiwan,TWN,2011,657.246
Taiwan,TWN,2012,659.304
Taiwan,TWN,2013,661.307
Taiwan,TWN,2014,662.887
Taiwan,TWN,2015,664.48
Taiwan,TWN,2016,666.087
Taiwan,TWN,2017,667.409
Taiwan,TWN,2018,668.153
Taiwan,TWN,2019,668.572
Taiwan,TWN,2020,668.271
Taiwan,TWN,2021,665.302
Taiwan,TWN,2022,661.398
Taiwan,TWN,2023,658.49
Tajikistan,TJK,1950,10.68
Tajikistan,TJK,1951,11.099
Tajikistan,TJK,1952,11.5
Tajikistan,TJK,1953,11.887
Tajikistan,TJK,1954,12.269
Tajikistan,TJK,1955,12.65
Tajikistan,TJK,1956,13.036
Tajikistan,TJK,1957,13.432
Tajikistan,TJK,1958,13.848
Tajikistan,TJK,1959,14.293
Tajikistan,TJK,1960,14.76
Tajikistan,TJK,1961,15.247
Tajikistan,TJK,1962,15.758
Tajikistan,TJK,1963,16.294
Tajikistan,TJK,1964,16.85
Tajikistan,TJK,1965,17.421
Tajikistan,TJK,1966,18.01
Tajikistan,TJK,1967,18.617
Tajikistan,TJK,1968,19.244
Tajikistan,TJK,1969,19.883
Tajikistan,TJK,1970,20.523
Tajikistan,TJK,1971,21.166
Tajikistan,TJK,1972,21.829
Tajikistan,TJK,1973,22.518
Tajikistan,TJK,1974,23.232
Tajikistan,TJK,1975,23.972
Tajikistan,TJK,1976,24.738
Tajikistan,TJK,1977,25.529
Tajikistan,TJK,1978,26.335
Tajikistan,TJK,1979,27.133
Tajikistan,TJK,1980,27.919
Tajikistan,TJK,1981,28.714
Tajikistan,TJK,1982,29.54
Tajikistan,TJK,1983,30.404
Tajikistan,TJK,1984,31.307
Tajikistan,TJK,1985,32.278
Tajikistan,TJK,1986,33.348
Tajikistan,TJK,1987,34.515
Tajikistan,TJK,1988,35.744
Tajikistan,TJK,1989,36.808
Tajikistan,TJK,1990,37.727
Tajikistan,TJK,1991,38.723
Tajikistan,TJK,1992,39.479
Tajikistan,TJK,1993,40.007
Tajikistan,TJK,1994,40.708
Tajikistan,TJK,1995,41.569
Tajikistan,TJK,1996,42.394
Tajikistan,TJK,1997,42.906
Tajikistan,TJK,1998,43.161
Tajikistan,TJK,1999,43.385
Tajikistan,TJK,2000,43.918
Tajikistan,TJK,2001,44.776
Tajikistan,TJK,2002,45.644
Tajikistan,TJK,2003,46.531
Tajikistan,TJK,2004,47.453
Tajikistan,TJK,2005,48.391
Tajikistan,TJK,2006,49.319
Tajikistan,TJK,2007,50.276
Tajikistan,TJK,2008,51.282
Tajikistan,TJK,2009,52.343
Tajikistan,TJK,2010,53.474
Tajikistan,TJK,2011,54.681
Tajikistan,TJK,2012,56.003
Tajikistan,TJK,2013,57.419
Tajikistan,TJK,2014,58.879
Tajikistan,TJK,2015,60.404
Tajikistan,TJK,2016,61.954
Tajikistan,TJK,2017,63.494
Tajikistan,TJK,2018,65.041
Tajikistan,TJK,2019,66.597
Tajikistan,TJK,2020,68.129
Tajikistan,TJK,2021,69.65
Tajikistan,TJK,2022,71.155
Tajikistan,TJK,2023,72.605
Tanzania,TZA,1950,8.608
Tanzania,TZA,1951,8.82
Tanzania,TZA,1952,9.042
Tanzania,TZA,1953,9.272
Tanzania,TZA,1954,9.511
Tanzania,TZA,1955,9.759
Tanzania,TZA,1956,10.019
Tanzania,TZA,1957,10.291
Tanzania,TZA,1958,10.575
Tanzania,TZA,1959,10.871
Tanzania,TZA,1960,11.178
Tanzania,TZA,1961,11.501
Tanzania,TZA,1962,11.84
Tanzania,TZA,1963,12.192
Tanzania,TZA,1964,12.562
Tanzania,TZA,1965,12.95
Tanzania,TZA,1966,13.352
Tanzania,TZA,1967,13.773
Tanzania,TZA,1968,14.227
Tanzania,TZA,1969,14.717
Tanzania,TZA,1970,15.232
Tanzania,TZA,1971,15.773
Tanzania,TZA,1972,16.346
Tanzania,TZA,1973,16.945
Tanzania,TZA,1974,17.568
Tanzania,TZA,1975,18.219
Tanzania,TZA,1976,18.894
Tanzania,TZA,1977,19.59
Tanzania,TZA,1978,20.294
Tanzania,TZA,1979,20.989
Tanzania,TZA,1980,21.664
Tanzania,TZA,1981,22.335
Tanzania,TZA,1982,23.028
Tanzania,TZA,1983,23.797
Tanzania,TZA,1984,24.587
Tanzania,TZA,1985,25.403
Tanzania,TZA,1986,26.257
Tanzania,TZA,1987,27.128
Tanzania,TZA,1988,27.963
Tanzania,TZA,1989,28.718
Tanzania,TZA,1990,29.476
Tanzania,TZA,1991,30.233
Tanzania,TZA,1992,30.997
Tanzania,TZA,1993,31.985
Tanzania,TZA,1994,33.238
Tanzania,TZA,1995,34.301
Tanzania,TZA,1996,34.935
Tanzania,TZA,1997,35.649
Tanzania,TZA,1998,36.6
Tanzania,TZA,1999,37.593
Tanzania,TZA,2000,38.677
Tanzania,TZA,2001,39.736
Tanzania,TZA,2002,40.778
Tanzania,TZA,2003,41.871
Tanzania,TZA,2004,43.023
Tanzania,TZA,2005,44.233
Tanzania,TZA,2006,45.49
Tanzania,TZA,2007,46.777
Tanzania,TZA,2008,48.059
Tanzania,TZA,2009,49.259
Tanzania,TZA,2010,50.529
Tanzania,TZA,2011,51.963
Tanzania,TZA,2012,53.482
Tanzania,TZA,2013,55.118
Tanzania,TZA,2014,56.843
Tanzania,TZA,2015,58.727
Tanzania,TZA,2016,60.763
Tanzania,TZA,2017,62.828
Tanzania,TZA,2018,64.842
Tanzania,TZA,2019,66.804
Tanzania,TZA,2020,68.833
Tanzania,TZA,2021,70.93
Tanzania,TZA,2022,73.054
Tanzania,TZA,2023,75.206
Thailand,THA,1950,39.986
Thailand,THA,1951,41.037
Thailand,THA,1952,42.137
Thailand,THA,1953,43.276
Thailand,THA,1954,44.458
Thailand,THA,1955,45.691
Thailand,THA,1956,46.971
Thailand,THA,1957,48.298
Thailand,THA,1958,49.653
Thailand,THA,1959,51.064
Thailand,THA,1960,52.559
Thailand,THA,1961,54.122
Thailand,THA,1962,55.748
Thailand,THA,1963,57.434
Thailand,THA,1964,59.175
Thailand,THA,1965,60.971
Thailand,THA,1966,62.804
Thailand,THA,1967,64.667
Thailand,THA,1968,66.556
Thailand,THA,1969,68.457
Thailand,THA,1970,70.376
Thailand,THA,1971,72.3
Thailand,THA,1972,74.251
Thailand,THA,1973,76.235
Thailand,THA,1974,78.203
Thailand,THA,1975,80.135
Thailand,THA,1976,82.007
Thailand,THA,1977,83.861
Thailand,THA,1978,85.711
Thailand,THA,1979,87.53
Thailand,THA,1980,89.354
Thailand,THA,1981,91.166
Thailand,THA,1982,92.964
Thailand,THA,1983,94.782
Thailand,THA,1984,96.599
Thailand,THA,1985,98.398
Thailand,THA,1986,100.174
Thailand,THA,1987,101.928
Thailand,THA,1988,103.681
Thailand,THA,1989,105.402
Thailand,THA,1990,107.143
Thailand,THA,1991,108.903
Thailand,THA,1992,110.648
Thailand,THA,1993,112.369
Thailand,THA,1994,114.038
Thailand,THA,1995,115.677
Thailand,THA,1996,117.286
Thailand,THA,1997,118.86
Thailand,THA,1998,120.422
Thailand,THA,1999,121.942
Thailand,THA,2000,123.33
Thailand,THA,2001,124.589
Thailand,THA,2002,125.793
Thailand,THA,2003,126.971
Thailand,THA,2004,128.114
Thailand,THA,2005,129.22
Thailand,THA,2006,130.297
Thailand,THA,2007,131.344
Thailand,THA,2008,132.357
Thailand,THA,2009,133.338
Thailand,THA,2010,134.235
Thailand,THA,2011,135.073
Thailand,THA,2012,135.912
Thailand,THA,2013,136.713
Thailand,THA,2014,137.439
Thailand,THA,2015,138.074
Thailand,THA,2016,138.699
Thailand,THA,2017,139.287
Thailand,THA,2018,139.709
Thailand,THA,2019,139.995
Thailand,THA,2020,140.229
Thailand,THA,2021,140.397
Thailand,THA,2022,140.412
Thailand,THA,2023,140.348
Tokelau,TKL,1950,132.667
Tokelau,TKL,1951,130.167
Tokelau,TKL,1952,130.292
Tokelau,TKL,1953,131.333
Tokelau,TKL,1954,132.167
Tokelau,TKL,1955,132.75
Tokelau,TKL,1956,133.667
Tokelau,TKL,1957,136.375
Tokelau,TKL,1958,140.125
Tokelau,TKL,1959,144.125
Tokelau,TKL,1960,148.667
Tokelau,TKL,1961,153.208
Tokelau,TKL,1962,155.792
Tokelau,TKL,1963,156.833
Tokelau,TKL,1964,157.708
Tokelau,TKL,1965,158.208
Tokelau,TKL,1966,158.167
Tokelau,TKL,1967,156.125
Tokelau,TKL,1968,152.25
Tokelau,TKL,1969,148.042
Tokelau,TKL,1970,143.375
Tokelau,TKL,1971,138.792
Tokelau,TKL,1972,136.708
Tokelau,TKL,1973,136.875
Tokelau,TKL,1974,136.792
Tokelau,TKL,1975,136.542
Tokelau,TKL,1976,136.875
Tokelau,TKL,1977,137.708
Tokelau,TKL,1978,138.542
Tokelau,TKL,1979,138.833
Tokelau,TKL,1980,138.667
Tokelau,TKL,1981,138.625
Tokelau,TKL,1982,138.833
Tokelau,TKL,1983,140.75
Tokelau,TKL,1984,143.917
Tokelau,TKL,1985,146.75
Tokelau,TKL,1986,148.5
Tokelau,TKL,1987,148.167
Tokelau,TKL,1988,147.167
Tokelau,TKL,1989,146.917
Tokelau,TKL,1990,147.208
Tokelau,TKL,1991,147.792
Tokelau,TKL,1992,148.167
Tokelau,TKL,1993,147.917
Tokelau,TKL,1994,147.625
Tokelau,TKL,1995,147.583
Tokelau,TKL,1996,147.583
Tokelau,TKL,1997,148.458
Tokelau,TKL,1998,150.083
Tokelau,TKL,1999,151.792
Tokelau,TKL,2000,153.708
Tokelau,TKL,2001,155.333
Tokelau,TKL,2002,153.292
Tokelau,TKL,2003,147.833
Tokelau,TKL,2004,142.083
Tokelau,TKL,2005,135.875
Tokelau,TKL,2006,130.75
Tokelau,TKL,2007,129.333
Tokelau,TKL,2008,130.208
Tokelau,TKL,2009,131.167
Tokelau,TKL,2010,132.042
Tokelau,TKL,2011,133.208
Tokelau,TKL,2012,138.25
Tokelau,TKL,2013,143.792
Tokelau,TKL,2014,144
Tokelau,TKL,2015,141.5
Tokelau,TKL,2016,139.75
Tokelau,TKL,2017,145.125
Tokelau,TKL,2018,156.458
Tokelau,TKL,2019,167.833
Tokelau,TKL,2020,177.333
Tokelau,TKL,2021,183.75
Tokelau,TKL,2022,190.833
Tokelau,TKL,2023,199.792
Tonga,TON,1950,76.399
Tonga,TON,1951,78.386
Tonga,TON,1952,80.551
Tonga,TON,1953,82.894
Tonga,TON,1954,85.408
Tonga,TON,1955,88.087
Tonga,TON,1956,90.921
Tonga,TON,1957,93.662
Tonga,TON,1958,96.285
Tonga,TON,1959,98.999
Tonga,TON,1960,101.8
Tonga,TON,1961,104.672
Tonga,TON,1962,107.6
Tonga,TON,1963,110.592
Tonga,TON,1964,113.659
Tonga,TON,1965,116.807
Tonga,TON,1966,120.004
Tonga,TON,1967,122.79
Tonga,TON,1968,125.158
Tonga,TON,1969,127.515
Tonga,TON,1970,129.848
Tonga,TON,1971,132.148
Tonga,TON,1972,134.394
Tonga,TON,1973,136.622
Tonga,TON,1974,139.513
Tonga,TON,1975,143.104
Tonga,TON,1976,146.654
Tonga,TON,1977,148.808
Tonga,TON,1978,149.545
Tonga,TON,1979,150.068
Tonga,TON,1980,150.415
Tonga,TON,1981,150.628
Tonga,TON,1982,150.738
Tonga,TON,1983,150.766
Tonga,TON,1984,150.753
Tonga,TON,1985,150.744
Tonga,TON,1986,150.785
Tonga,TON,1987,151.347
Tonga,TON,1988,152.26
Tonga,TON,1989,152.928
Tonga,TON,1990,153.384
Tonga,TON,1991,153.685
Tonga,TON,1992,153.881
Tonga,TON,1993,154.005
Tonga,TON,1994,154.102
Tonga,TON,1995,154.192
Tonga,TON,1996,154.27
Tonga,TON,1997,154.882
Tonga,TON,1998,155.981
Tonga,TON,1999,156.994
Tonga,TON,2000,157.965
Tonga,TON,2001,158.905
Tonga,TON,2002,159.805
Tonga,TON,2003,160.714
Tonga,TON,2004,161.648
Tonga,TON,2005,162.571
Tonga,TON,2006,163.466
Tonga,TON,2007,164.194
Tonga,TON,2008,164.646
Tonga,TON,2009,164.927
Tonga,TON,2010,165.23
Tonga,TON,2011,165.492
Tonga,TON,2012,165.322
Tonga,TON,2013,164.735
Tonga,TON,2014,164.014
Tonga,TON,2015,163.223
Tonga,TON,2016,162.345
Tonga,TON,2017,162.085
Tonga,TON,2018,162.41
Tonga,TON,2019,162.568
Tonga,TON,2020,162.621
Tonga,TON,2021,162.292
Tonga,TON,2022,161.603
Tonga,TON,2023,160.919
Trinidad and Tobago,TTO,1950,126.467
Trinidad and Tobago,TTO,1951,129.772
Trinidad and Tobago,TTO,1952,133.223
Trinidad and Tobago,TTO,1953,136.815
Trinidad and Tobago,TTO,1954,140.576
Trinidad and Tobago,TTO,1955,144.49
Trinidad and Tobago,TTO,1956,148.477
Trinidad and Tobago,TTO,1957,152.534
Trinidad and Tobago,TTO,1958,156.694
Trinidad and Tobago,TTO,1959,160.822
Trinidad and Tobago,TTO,1960,164.706
Trinidad and Tobago,TTO,1961,168.254
Trinidad and Tobago,TTO,1962,171.578
Trinidad and Tobago,TTO,1963,174.816
Trinidad and Tobago,TTO,1964,177.965
Trinidad and Tobago,TTO,1965,180.98
Trinidad and Tobago,TTO,1966,183.808
Trinidad and Tobago,TTO,1967,186.436
Trinidad and Tobago,TTO,1968,188.89
Trinidad and Tobago,TTO,1969,191.171
Trinidad and Tobago,TTO,1970,193.269
Trinidad and Tobago,TTO,1971,195.436
Trinidad and Tobago,TTO,1972,197.84
Trinidad and Tobago,TTO,1973,200.361
Trinidad and Tobago,TTO,1974,202.877
Trinidad and Tobago,TTO,1975,205.355
Trinidad and Tobago,TTO,1976,207.858
Trinidad and Tobago,TTO,1977,210.439
Trinidad and Tobago,TTO,1978,213.135
Trinidad and Tobago,TTO,1979,215.914
Trinidad and Tobago,TTO,1980,218.664
Trinidad and Tobago,TTO,1981,221.273
Trinidad and Tobago,TTO,1982,223.767
Trinidad and Tobago,TTO,1983,226.225
Trinidad and Tobago,TTO,1984,228.652
Trinidad and Tobago,TTO,1985,231.455
Trinidad and Tobago,TTO,1986,234.527
Trinidad and Tobago,TTO,1987,237.303
Trinidad and Tobago,TTO,1988,239.779
Trinidad and Tobago,TTO,1989,242.027
Trinidad and Tobago,TTO,1990,244.095
Trinidad and Tobago,TTO,1991,246.037
Trinidad and Tobago,TTO,1992,247.89
Trinidad and Tobago,TTO,1993,249.604
Trinidad and Tobago,TTO,1994,251.139
Trinidad and Tobago,TTO,1995,252.47
Trinidad and Tobago,TTO,1996,253.592
Trinidad and Tobago,TTO,1997,254.549
Trinidad and Tobago,TTO,1998,255.404
Trinidad and Tobago,TTO,1999,256.278
Trinidad and Tobago,TTO,2000,257.266
Trinidad and Tobago,TTO,2001,258.395
Trinidad and Tobago,TTO,2002,259.651
Trinidad and Tobago,TTO,2003,260.957
Trinidad and Tobago,TTO,2004,262.257
Trinidad and Tobago,TTO,2005,263.554
Trinidad and Tobago,TTO,2006,264.853
Trinidad and Tobago,TTO,2007,266.155
Trinidad and Tobago,TTO,2008,267.463
Trinidad and Tobago,TTO,2009,268.822
Trinidad and Tobago,TTO,2010,270.303
Trinidad and Tobago,TTO,2011,271.927
Trinidad and Tobago,TTO,2012,273.647
Trinidad and Tobago,TTO,2013,275.371
Trinidad and Tobago,TTO,2014,277.024
Trinidad and Tobago,TTO,2015,278.594
Trinidad and Tobago,TTO,2016,280.122
Trinidad and Tobago,TTO,2017,281.727
Trinidad and Tobago,TTO,2018,286.651
Trinidad and Tobago,TTO,2019,289.453
Trinidad and Tobago,TTO,2020,288.699
Trinidad and Tobago,TTO,2021,290.003
Trinidad and Tobago,TTO,2022,291.603
Trinidad and Tobago,TTO,2023,292.969
Tunisia,TUN,1950,23.219
Tunisia,TUN,1951,23.69
Tunisia,TUN,1952,24.179
Tunisia,TUN,1953,24.689
Tunisia,TUN,1954,25.217
Tunisia,TUN,1955,25.768
Tunisia,TUN,1956,26.266
Tunisia,TUN,1957,26.614
Tunisia,TUN,1958,26.878
Tunisia,TUN,1959,27.156
Tunisia,TUN,1960,27.455
Tunisia,TUN,1961,27.77
Tunisia,TUN,1962,28.11
Tunisia,TUN,1963,28.483
Tunisia,TUN,1964,28.887
Tunisia,TUN,1965,29.347
Tunisia,TUN,1966,29.932
Tunisia,TUN,1967,30.631
Tunisia,TUN,1968,31.396
Tunisia,TUN,1969,32.199
Tunisia,TUN,1970,33.014
Tunisia,TUN,1971,33.852
Tunisia,TUN,1972,34.72
Tunisia,TUN,1973,35.625
Tunisia,TUN,1974,36.574
Tunisia,TUN,1975,37.568
Tunisia,TUN,1976,38.583
Tunisia,TUN,1977,39.606
Tunisia,TUN,1978,40.593
Tunisia,TUN,1979,41.539
Tunisia,TUN,1980,42.503
Tunisia,TUN,1981,43.481
Tunisia,TUN,1982,44.449
Tunisia,TUN,1983,45.382
Tunisia,TUN,1984,46.452
Tunisia,TUN,1985,47.674
Tunisia,TUN,1986,48.899
Tunisia,TUN,1987,50.119
Tunisia,TUN,1988,51.306
Tunisia,TUN,1989,52.446
Tunisia,TUN,1990,53.558
Tunisia,TUN,1991,54.699
Tunisia,TUN,1992,55.861
Tunisia,TUN,1993,56.99
Tunisia,TUN,1994,58.023
Tunisia,TUN,1995,58.941
Tunisia,TUN,1996,59.798
Tunisia,TUN,1997,60.614
Tunisia,TUN,1998,61.389
Tunisia,TUN,1999,62.124
Tunisia,TUN,2000,62.825
Tunisia,TUN,2001,63.499
Tunisia,TUN,2002,64.154
Tunisia,TUN,2003,64.799
Tunisia,TUN,2004,65.407
Tunisia,TUN,2005,65.981
Tunisia,TUN,2006,66.566
Tunisia,TUN,2007,67.179
Tunisia,TUN,2008,67.829
Tunisia,TUN,2009,68.524
Tunisia,TUN,2010,69.266
Tunisia,TUN,2011,70.038
Tunisia,TUN,2012,70.833
Tunisia,TUN,2013,71.681
Tunisia,TUN,2014,72.536
Tunisia,TUN,2015,73.359
Tunisia,TUN,2016,74.173
Tunisia,TUN,2017,74.957
Tunisia,TUN,2018,75.697
Tunisia,TUN,2019,76.401
Tunisia,TUN,2020,77.038
Tunisia,TUN,2021,77.518
Tunisia,TUN,2022,77.973
Tunisia,TUN,2023,78.495
Turkey,TUR,1950,27.314
Turkey,TUR,1951,28.123
Turkey,TUR,1952,28.963
Turkey,TUR,1953,29.832
Turkey,TUR,1954,30.712
Turkey,TUR,1955,31.588
Turkey,TUR,1956,32.559
Turkey,TUR,1957,33.629
Turkey,TUR,1958,34.7
Turkey,TUR,1959,35.767
Turkey,TUR,1960,36.811
Turkey,TUR,1961,37.837
Turkey,TUR,1962,38.872
Turkey,TUR,1963,39.926
Turkey,TUR,1964,40.986
Turkey,TUR,1965,42.028
Turkey,TUR,1966,43.11
Turkey,TUR,1967,44.244
Turkey,TUR,1968,45.376
Turkey,TUR,1969,46.502
Turkey,TUR,1970,47.607
Turkey,TUR,1971,48.751
Turkey,TUR,1972,49.935
Turkey,TUR,1973,51.104
Turkey,TUR,1974,52.248
Turkey,TUR,1975,53.343
Turkey,TUR,1976,54.444
Turkey,TUR,1977,55.578
Turkey,TUR,1978,56.711
Turkey,TUR,1979,57.835
Turkey,TUR,1980,59.003
Turkey,TUR,1981,60.188
Turkey,TUR,1982,61.489
Turkey,TUR,1983,62.951
Turkey,TUR,1984,64.415
Turkey,TUR,1985,65.861
Turkey,TUR,1986,67.278
Turkey,TUR,1987,68.663
Turkey,TUR,1988,70.049
Turkey,TUR,1989,71.435
Turkey,TUR,1990,72.785
Turkey,TUR,1991,74.077
Turkey,TUR,1992,75.351
Turkey,TUR,1993,76.662
Turkey,TUR,1994,78.006
Turkey,TUR,1995,79.293
Turkey,TUR,1996,80.497
Turkey,TUR,1997,81.669
Turkey,TUR,1998,82.815
Turkey,TUR,1999,83.929
Turkey,TUR,2000,85.013
Turkey,TUR,2001,86.077
Turkey,TUR,2002,87.121
Turkey,TUR,2003,88.138
Turkey,TUR,2004,89.127
Turkey,TUR,2005,90.085
Turkey,TUR,2006,91.015
Turkey,TUR,2007,91.931
Turkey,TUR,2008,92.986
Turkey,TUR,2009,94.159
Turkey,TUR,2010,95.305
Turkey,TUR,2011,96.433
Turkey,TUR,2012,97.709
Turkey,TUR,2013,99.276
Turkey,TUR,2014,101.398
Turkey,TUR,2015,103.968
Turkey,TUR,2016,106.096
Turkey,TUR,2017,107.956
Turkey,TUR,2018,109.688
Turkey,TUR,2019,110.911
Turkey,TUR,2020,111.865
Turkey,TUR,2021,112.637
Turkey,TUR,2022,113.121
Turkey,TUR,2023,113.397
Turkmenistan,TKM,1950,2.701
Turkmenistan,TKM,1951,2.754
Turkmenistan,TKM,1952,2.81
Turkmenistan,TKM,1953,2.872
Turkmenistan,TKM,1954,2.942
Turkmenistan,TKM,1955,3.018
Turkmenistan,TKM,1956,3.101
Turkmenistan,TKM,1957,3.191
Turkmenistan,TKM,1958,3.288
Turkmenistan,TKM,1959,3.391
Turkmenistan,TKM,1960,3.497
Turkmenistan,TKM,1961,3.608
Turkmenistan,TKM,1962,3.722
Turkmenistan,TKM,1963,3.839
Turkmenistan,TKM,1964,3.958
Turkmenistan,TKM,1965,4.077
Turkmenistan,TKM,1966,4.196
Turkmenistan,TKM,1967,4.314
Turkmenistan,TKM,1968,4.433
Turkmenistan,TKM,1969,4.552
Turkmenistan,TKM,1970,4.672
Turkmenistan,TKM,1971,4.795
Turkmenistan,TKM,1972,4.919
Turkmenistan,TKM,1973,5.045
Turkmenistan,TKM,1974,5.175
Turkmenistan,TKM,1975,5.308
Turkmenistan,TKM,1976,5.444
Turkmenistan,TKM,1977,5.584
Turkmenistan,TKM,1978,5.727
Turkmenistan,TKM,1979,5.874
Turkmenistan,TKM,1980,6.027
Turkmenistan,TKM,1981,6.186
Turkmenistan,TKM,1982,6.353
Turkmenistan,TKM,1983,6.528
Turkmenistan,TKM,1984,6.712
Turkmenistan,TKM,1985,6.911
Turkmenistan,TKM,1986,7.124
Turkmenistan,TKM,1987,7.347
Turkmenistan,TKM,1988,7.574
Turkmenistan,TKM,1989,7.794
Turkmenistan,TKM,1990,8.002
Turkmenistan,TKM,1991,8.205
Turkmenistan,TKM,1992,8.394
Turkmenistan,TKM,1993,8.581
Turkmenistan,TKM,1994,8.76
Turkmenistan,TKM,1995,8.919
Turkmenistan,TKM,1996,9.073
Turkmenistan,TKM,1997,9.228
Turkmenistan,TKM,1998,9.385
Turkmenistan,TKM,1999,9.559
Turkmenistan,TKM,2000,9.752
Turkmenistan,TKM,2001,9.949
Turkmenistan,TKM,2002,10.149
Turkmenistan,TKM,2003,10.35
Turkmenistan,TKM,2004,10.551
Turkmenistan,TKM,2005,10.751
Turkmenistan,TKM,2006,10.953
Turkmenistan,TKM,2007,11.159
Turkmenistan,TKM,2008,11.374
Turkmenistan,TKM,2009,11.601
Turkmenistan,TKM,2010,11.841
Turkmenistan,TKM,2011,12.094
Turkmenistan,TKM,2012,12.36
Turkmenistan,TKM,2013,12.639
Turkmenistan,TKM,2014,12.928
Turkmenistan,TKM,2015,13.227
Turkmenistan,TKM,2016,13.534
Turkmenistan,TKM,2017,13.847
Turkmenistan,TKM,2018,14.163
Turkmenistan,TKM,2019,14.479
Turkmenistan,TKM,2020,14.789
Turkmenistan,TKM,2021,15.092
Turkmenistan,TKM,2022,15.386
Turkmenistan,TKM,2023,15.671
Turks and Caicos Islands,TCA,1950,5.304
Turks and Caicos Islands,TCA,1951,5.318
Turks and Caicos Islands,TCA,1952,5.28
Turks and Caicos Islands,TCA,1953,5.248
Turks and Caicos Islands,TCA,1954,5.293
Turks and Caicos Islands,TCA,1955,5.405
Turks and Caicos Islands,TCA,1956,5.527
Turks and Caicos Islands,TCA,1957,5.64
Turks and Caicos Islands,TCA,1958,5.732
Turks and Caicos Islands,TCA,1959,5.825
Turks and Caicos Islands,TCA,1960,5.894
Turks and Caicos Islands,TCA,1961,5.917
Turks and Caicos Islands,TCA,1962,5.932
Turks and Caicos Islands,TCA,1963,5.944
Turks and Caicos Islands,TCA,1964,5.955
Turks and Caicos Islands,TCA,1965,5.956
Turks and Caicos Islands,TCA,1966,5.951
Turks and Caicos Islands,TCA,1967,5.955
Turks and Caicos Islands,TCA,1968,5.954
Turks and Caicos Islands,TCA,1969,5.95
Turks and Caicos Islands,TCA,1970,5.965
Turks and Caicos Islands,TCA,1971,6.057
Turks and Caicos Islands,TCA,1972,6.226
Turks and Caicos Islands,TCA,1973,6.41
Turks and Caicos Islands,TCA,1974,6.603
Turks and Caicos Islands,TCA,1975,6.803
Turks and Caicos Islands,TCA,1976,7.011
Turks and Caicos Islands,TCA,1977,7.225
Turks and Caicos Islands,TCA,1978,7.456
Turks and Caicos Islands,TCA,1979,7.691
Turks and Caicos Islands,TCA,1980,7.962
Turks and Caicos Islands,TCA,1981,8.324
Turks and Caicos Islands,TCA,1982,8.733
Turks and Caicos Islands,TCA,1983,9.154
Turks and Caicos Islands,TCA,1984,9.587
Turks and Caicos Islands,TCA,1985,10.023
Turks and Caicos Islands,TCA,1986,10.465
Turks and Caicos Islands,TCA,1987,10.907
Turks and Caicos Islands,TCA,1988,11.343
Turks and Caicos Islands,TCA,1989,11.782
Turks and Caicos Islands,TCA,1990,12.303
Turks and Caicos Islands,TCA,1991,12.952
Turks and Caicos Islands,TCA,1992,13.652
Turks and Caicos Islands,TCA,1993,14.366
Turks and Caicos Islands,TCA,1994,15.098
Turks and Caicos Islands,TCA,1995,15.844
Turks and Caicos Islands,TCA,1996,16.595
Turks and Caicos Islands,TCA,1997,17.349
Turks and Caicos Islands,TCA,1998,18.118
Turks and Caicos Islands,TCA,1999,18.904
Turks and Caicos Islands,TCA,2000,19.715
Turks and Caicos Islands,TCA,2001,20.607
Turks and Caicos Islands,TCA,2002,21.681
Turks and Caicos Islands,TCA,2003,22.871
Turks and Caicos Islands,TCA,2004,24.059
Turks and Caicos Islands,TCA,2005,25.25
Turks and Caicos Islands,TCA,2006,26.446
Turks and Caicos Islands,TCA,2007,27.652
Turks and Caicos Islands,TCA,2008,28.871
Turks and Caicos Islands,TCA,2009,30.093
Turks and Caicos Islands,TCA,2010,31.304
Turks and Caicos Islands,TCA,2011,32.469
Turks and Caicos Islands,TCA,2012,33.818
Turks and Caicos Islands,TCA,2013,35.424
Turks and Caicos Islands,TCA,2014,36.895
Turks and Caicos Islands,TCA,2015,38.532
Turks and Caicos Islands,TCA,2016,40.332
Turks and Caicos Islands,TCA,2017,42.013
Turks and Caicos Islands,TCA,2018,43.746
Turks and Caicos Islands,TCA,2019,45.437
Turks and Caicos Islands,TCA,2020,46.722
Turks and Caicos Islands,TCA,2021,47.625
Turks and Caicos Islands,TCA,2022,48.261
Turks and Caicos Islands,TCA,2023,48.629
Tuvalu,TUV,1950,158.817
Tuvalu,TUV,1951,164.183
Tuvalu,TUV,1952,168.317
Tuvalu,TUV,1953,172.5
Tuvalu,TUV,1954,175.633
Tuvalu,TUV,1955,177.85
Tuvalu,TUV,1956,179.633
Tuvalu,TUV,1957,181.283
Tuvalu,TUV,1958,183.233
Tuvalu,TUV,1959,185.083
Tuvalu,TUV,1960,186.617
Tuvalu,TUV,1961,188.267
Tuvalu,TUV,1962,189.983
Tuvalu,TUV,1963,191.7
Tuvalu,TUV,1964,191.733
Tuvalu,TUV,1965,190.517
Tuvalu,TUV,1966,189.517
Tuvalu,TUV,1967,188.417
Tuvalu,TUV,1968,187.45
Tuvalu,TUV,1969,187.7
Tuvalu,TUV,1970,188.767
Tuvalu,TUV,1971,189.5
Tuvalu,TUV,1972,189.75
Tuvalu,TUV,1973,189.383
Tuvalu,TUV,1974,194.067
Tuvalu,TUV,1975,203.883
Tuvalu,TUV,1976,213.483
Tuvalu,TUV,1977,222.85
Tuvalu,TUV,1978,231.917
Tuvalu,TUV,1979,239.45
Tuvalu,TUV,1980,245.533
Tuvalu,TUV,1981,250.867
Tuvalu,TUV,1982,255.45
Tuvalu,TUV,1983,259.633
Tuvalu,TUV,1984,263.4
Tuvalu,TUV,1985,268.217
Tuvalu,TUV,1986,273.917
Tuvalu,TUV,1987,279.033
Tuvalu,TUV,1988,283.933
Tuvalu,TUV,1989,288.75
Tuvalu,TUV,1990,293.267
Tuvalu,TUV,1991,297.6
Tuvalu,TUV,1992,301.267
Tuvalu,TUV,1993,304.183
Tuvalu,TUV,1994,306.917
Tuvalu,TUV,1995,309.317
Tuvalu,TUV,1996,311.4
Tuvalu,TUV,1997,313.35
Tuvalu,TUV,1998,315.033
Tuvalu,TUV,1999,316.533
Tuvalu,TUV,2000,318.133
Tuvalu,TUV,2001,319.55
Tuvalu,TUV,2002,320.75
Tuvalu,TUV,2003,323.183
Tuvalu,TUV,2004,327.2
Tuvalu,TUV,2005,331.317
Tuvalu,TUV,2006,335.183
Tuvalu,TUV,2007,339.4
Tuvalu,TUV,2008,344.033
Tuvalu,TUV,2009,348.717
Tuvalu,TUV,2010,353.8
Tuvalu,TUV,2011,359.317
Tuvalu,TUV,2012,364.483
Tuvalu,TUV,2013,366.683
Tuvalu,TUV,2014,366.133
Tuvalu,TUV,2015,365.433
Tuvalu,TUV,2016,364.317
Tuvalu,TUV,2017,362.3
Tuvalu,TUV,2018,358.35
Tuvalu,TUV,2019,352.7
Tuvalu,TUV,2020,346.65
Tuvalu,TUV,2021,339.783
Tuvalu,TUV,2022,333.067
Tuvalu,TUV,2023,327.183
Uganda,UGA,1950,28.782
Uganda,UGA,1951,29.584
Uganda,UGA,1952,30.415
Uganda,UGA,1953,31.277
Uganda,UGA,1954,32.173
Uganda,UGA,1955,33.101
Uganda,UGA,1956,34.06
Uganda,UGA,1957,35.053
Uganda,UGA,1958,36.084
Uganda,UGA,1959,37.153
Uganda,UGA,1960,38.242
Uganda,UGA,1961,39.349
Uganda,UGA,1962,40.5
Uganda,UGA,1963,41.709
Uganda,UGA,1964,42.973
Uganda,UGA,1965,44.289
Uganda,UGA,1966,45.658
Uganda,UGA,1967,47.09
Uganda,UGA,1968,48.59
Uganda,UGA,1969,50.123
Uganda,UGA,1970,51.658
Uganda,UGA,1971,53.142
Uganda,UGA,1972,54.482
Uganda,UGA,1973,55.775
Uganda,UGA,1974,57.179
Uganda,UGA,1975,58.683
Uganda,UGA,1976,60.245
Uganda,UGA,1977,61.858
Uganda,UGA,1978,63.522
Uganda,UGA,1979,65.074
Uganda,UGA,1980,66.443
Uganda,UGA,1981,67.848
Uganda,UGA,1982,69.435
Uganda,UGA,1983,71.178
Uganda,UGA,1984,73.109
Uganda,UGA,1985,75.191
Uganda,UGA,1986,77.413
Uganda,UGA,1987,79.848
Uganda,UGA,1988,82.432
Uganda,UGA,1989,85.136
Uganda,UGA,1990,87.934
Uganda,UGA,1991,90.867
Uganda,UGA,1992,94.016
Uganda,UGA,1993,97.32
Uganda,UGA,1994,100.641
Uganda,UGA,1995,103.428
Uganda,UGA,1996,106.26
Uganda,UGA,1997,109.386
Uganda,UGA,1998,112.688
Uganda,UGA,1999,116.399
Uganda,UGA,2000,120.117
Uganda,UGA,2001,123.848
Uganda,UGA,2002,127.788
Uganda,UGA,2003,131.888
Uganda,UGA,2004,135.904
Uganda,UGA,2005,139.951
Uganda,UGA,2006,144.109
Uganda,UGA,2007,148.41
Uganda,UGA,2008,152.845
Uganda,UGA,2009,157.408
Uganda,UGA,2010,162.11
Uganda,UGA,2011,166.934
Uganda,UGA,2012,171.853
Uganda,UGA,2013,176.856
Uganda,UGA,2014,182.153
Uganda,UGA,2015,187.838
Uganda,UGA,2016,194.183
Uganda,UGA,2017,201.081
Uganda,UGA,2018,208.03
Uganda,UGA,2019,215.206
Uganda,UGA,2020,222.5
Uganda,UGA,2021,229.776
Uganda,UGA,2022,236.792
Uganda,UGA,2023,243.518
Ukraine,UKR,1950,64.405
Ukraine,UKR,1951,65.262
Ukraine,UKR,1952,66.124
Ukraine,UKR,1953,66.986
Ukraine,UKR,1954,67.873
Ukraine,UKR,1955,68.804
Ukraine,UKR,1956,69.77
Ukraine,UKR,1957,70.771
Ukraine,UKR,1958,71.855
Ukraine,UKR,1959,72.92
Ukraine,UKR,1960,73.921
Ukraine,UKR,1961,74.915
Ukraine,UKR,1962,75.854
Ukraine,UKR,1963,76.749
Ukraine,UKR,1964,77.593
Ukraine,UKR,1965,78.345
Ukraine,UKR,1966,79.063
Ukraine,UKR,1967,79.776
Ukraine,UKR,1968,80.464
Ukraine,UKR,1969,81.089
Ukraine,UKR,1970,81.581
Ukraine,UKR,1971,82.119
Ukraine,UKR,1972,82.764
Ukraine,UKR,1973,83.334
Ukraine,UKR,1974,83.851
Ukraine,UKR,1975,84.349
Ukraine,UKR,1976,84.791
Ukraine,UKR,1977,85.163
Ukraine,UKR,1978,85.482
Ukraine,UKR,1979,85.827
Ukraine,UKR,1980,86.231
Ukraine,UKR,1981,86.635
Ukraine,UKR,1982,87.003
Ukraine,UKR,1983,87.408
Ukraine,UKR,1984,87.84
Ukraine,UKR,1985,88.222
Ukraine,UKR,1986,88.584
Ukraine,UKR,1987,88.924
Ukraine,UKR,1988,89.285
Ukraine,UKR,1989,89.619
Ukraine,UKR,1990,89.854
Ukraine,UKR,1991,90.056
Ukraine,UKR,1992,90.319
Ukraine,UKR,1993,90.365
Ukraine,UKR,1994,89.892
Ukraine,UKR,1995,89.183
Ukraine,UKR,1996,88.425
Ukraine,UKR,1997,87.666
Ukraine,UKR,1998,86.964
Ukraine,UKR,1999,86.267
Ukraine,UKR,2000,85.543
Ukraine,UKR,2001,84.766
Ukraine,UKR,2002,84.025
Ukraine,UKR,2003,83.4
Ukraine,UKR,2004,82.82
Ukraine,UKR,2005,82.14
Ukraine,UKR,2006,81.611
Ukraine,UKR,2007,81.238
Ukraine,UKR,2008,80.817
Ukraine,UKR,2009,80.48
Ukraine,UKR,2010,80.191
Ukraine,UKR,2011,79.935
Ukraine,UKR,2012,79.766
Ukraine,UKR,2013,79.622
Ukraine,UKR,2014,79.356
Ukraine,UKR,2015,79.032
Ukraine,UKR,2016,78.742
Ukraine,UKR,2017,78.43
Ukraine,UKR,2018,78.038
Ukraine,UKR,2019,77.604
Ukraine,UKR,2020,77.125
Ukraine,UKR,2021,76.467
Ukraine,UKR,2022,70.857
Ukraine,UKR,2023,65.133
United Arab Emirates,ARE,1950,1.049
United Arab Emirates,ARE,1951,1.12
United Arab Emirates,ARE,1952,1.193
United Arab Emirates,ARE,1953,1.269
United Arab Emirates,ARE,1954,1.347
United Arab Emirates,ARE,1955,1.426
United Arab Emirates,ARE,1956,1.506
United Arab Emirates,ARE,1957,1.588
United Arab Emirates,ARE,1958,1.672
United Arab Emirates,ARE,1959,1.759
United Arab Emirates,ARE,1960,1.849
United Arab Emirates,ARE,1961,1.943
United Arab Emirates,ARE,1962,2.041
United Arab Emirates,ARE,1963,2.143
United Arab Emirates,ARE,1964,2.248
United Arab Emirates,ARE,1965,2.353
United Arab Emirates,ARE,1966,2.45
United Arab Emirates,ARE,1967,2.53
United Arab Emirates,ARE,1968,2.808
United Arab Emirates,ARE,1969,3.374
United Arab Emirates,ARE,1970,4.034
United Arab Emirates,ARE,1971,4.717
United Arab Emirates,ARE,1972,5.421
United Arab Emirates,ARE,1973,6.144
United Arab Emirates,ARE,1974,6.886
United Arab Emirates,ARE,1975,7.643
United Arab Emirates,ARE,1976,8.671
United Arab Emirates,ARE,1977,10
United Arab Emirates,ARE,1978,11.394
United Arab Emirates,ARE,1979,12.841
United Arab Emirates,ARE,1980,14.301
United Arab Emirates,ARE,1981,15.486
United Arab Emirates,ARE,1982,16.422
United Arab Emirates,ARE,1983,17.393
United Arab Emirates,ARE,1984,18.388
United Arab Emirates,ARE,1985,19.401
United Arab Emirates,ARE,1986,20.66
United Arab Emirates,ARE,1987,22.165
United Arab Emirates,ARE,1988,23.679
United Arab Emirates,ARE,1989,25.201
United Arab Emirates,ARE,1990,26.726
United Arab Emirates,ARE,1991,28.253
United Arab Emirates,ARE,1992,29.775
United Arab Emirates,ARE,1993,31.287
United Arab Emirates,ARE,1994,32.78
United Arab Emirates,ARE,1995,34.279
United Arab Emirates,ARE,1996,36.573
United Arab Emirates,ARE,1997,39.668
United Arab Emirates,ARE,1998,42.808
United Arab Emirates,ARE,1999,45.985
United Arab Emirates,ARE,2000,49.189
United Arab Emirates,ARE,2001,52.427
United Arab Emirates,ARE,2002,55.711
United Arab Emirates,ARE,2003,59.029
United Arab Emirates,ARE,2004,62.359
United Arab Emirates,ARE,2005,65.679
United Arab Emirates,ARE,2006,70.527
United Arab Emirates,ARE,2007,79.193
United Arab Emirates,ARE,2008,88.74
United Arab Emirates,ARE,2009,94.434
United Arab Emirates,ARE,2010,97.69
United Arab Emirates,ARE,2011,101.366
United Arab Emirates,ARE,2012,105.558
United Arab Emirates,ARE,2013,110.27
United Arab Emirates,ARE,2014,115.973
United Arab Emirates,ARE,2015,122.137
United Arab Emirates,ARE,2016,127.152
United Arab Emirates,ARE,2017,130.017
United Arab Emirates,ARE,2018,131.602
United Arab Emirates,ARE,2019,132.038
United Arab Emirates,ARE,2020,133.033
United Arab Emirates,ARE,2021,137.827
United Arab Emirates,ARE,2022,144.206
United Arab Emirates,ARE,2023,149.838
United Kingdom,GBR,1950,206.479
United Kingdom,GBR,1951,207.41
United Kingdom,GBR,1952,208.025
United Kingdom,GBR,1953,208.976
United Kingdom,GBR,1954,209.928
United Kingdom,GBR,1955,210.829
United Kingdom,GBR,1956,211.75
United Kingdom,GBR,1957,212.803
United Kingdom,GBR,1958,213.955
United Kingdom,GBR,1959,215.153
United Kingdom,GBR,1960,216.439
United Kingdom,GBR,1961,217.866
United Kingdom,GBR,1962,219.464
United Kingdom,GBR,1963,221.03
United Kingdom,GBR,1964,222.497
United Kingdom,GBR,1965,223.938
United Kingdom,GBR,1966,225.246
United Kingdom,GBR,1967,226.47
United Kingdom,GBR,1968,227.57
United Kingdom,GBR,1969,228.458
United Kingdom,GBR,1970,229.314
United Kingdom,GBR,1971,230.247
United Kingdom,GBR,1972,231.025
United Kingdom,GBR,1973,231.476
United Kingdom,GBR,1974,231.624
United Kingdom,GBR,1975,231.605
United Kingdom,GBR,1976,231.527
United Kingdom,GBR,1977,231.423
United Kingdom,GBR,1978,231.422
United Kingdom,GBR,1979,231.6
United Kingdom,GBR,1980,231.861
United Kingdom,GBR,1981,231.953
United Kingdom,GBR,1982,231.905
United Kingdom,GBR,1983,232.067
United Kingdom,GBR,1984,232.558
United Kingdom,GBR,1985,233.197
United Kingdom,GBR,1986,233.796
United Kingdom,GBR,1987,234.349
United Kingdom,GBR,1988,234.928
United Kingdom,GBR,1989,235.569
United Kingdom,GBR,1990,236.334
United Kingdom,GBR,1991,237.105
United Kingdom,GBR,1992,237.781
United Kingdom,GBR,1993,238.365
United Kingdom,GBR,1994,238.951
United Kingdom,GBR,1995,239.575
United Kingdom,GBR,1996,240.168
United Kingdom,GBR,1997,240.78
United Kingdom,GBR,1998,241.52
United Kingdom,GBR,1999,242.393
United Kingdom,GBR,2000,243.294
United Kingdom,GBR,2001,244.244
United Kingdom,GBR,2002,245.285
United Kingdom,GBR,2003,246.437
United Kingdom,GBR,2004,247.877
United Kingdom,GBR,2005,249.633
United Kingdom,GBR,2006,251.507
United Kingdom,GBR,2007,253.504
United Kingdom,GBR,2008,255.529
United Kingdom,GBR,2009,257.502
United Kingdom,GBR,2010,259.563
United Kingdom,GBR,2011,261.634
United Kingdom,GBR,2012,263.493
United Kingdom,GBR,2013,265.26
United Kingdom,GBR,2014,267.223
United Kingdom,GBR,2015,269.349
United Kingdom,GBR,2016,271.455
United Kingdom,GBR,2017,273.355
United Kingdom,GBR,2018,274.995
United Kingdom,GBR,2019,276.471
United Kingdom,GBR,2020,277.464
United Kingdom,GBR,2021,278.77
United Kingdom,GBR,2022,280.873
United Kingdom,GBR,2023,282.948
United States,USA,1950,16.857
United States,USA,1951,17.106
United States,USA,1952,17.359
United States,USA,1953,17.619
United States,USA,1954,17.888
United States,USA,1955,18.169
United States,USA,1956,18.456
United States,USA,1957,18.748
United States,USA,1958,19.045
United States,USA,1959,19.365
United States,USA,1960,19.707
United States,USA,1961,20.059
United States,USA,1962,20.412
United States,USA,1963,20.751
United States,USA,1964,21.079
United States,USA,1965,21.389
United States,USA,1966,21.674
United States,USA,1967,21.94
United States,USA,1968,22.193
United States,USA,1969,22.443
United States,USA,1970,22.716
United States,USA,1971,23.003
United States,USA,1972,23.268
United States,USA,1973,23.504
United States,USA,1974,23.73
United States,USA,1975,23.955
United States,USA,1976,24.178
United States,USA,1977,24.406
United States,USA,1978,24.64
United States,USA,1979,24.878
United States,USA,1980,25.128
United States,USA,1981,25.384
United States,USA,1982,25.644
United States,USA,1983,25.907
United States,USA,1984,26.166
United States,USA,1985,26.421
United States,USA,1986,26.669
United States,USA,1987,26.91
United States,USA,1988,27.154
United States,USA,1989,27.403
United States,USA,1990,27.698
United States,USA,1991,28.037
United States,USA,1992,28.38
United States,USA,1993,28.711
United States,USA,1994,29.021
United States,USA,1995,29.32
United States,USA,1996,29.61
United States,USA,1997,29.895
United States,USA,1998,30.185
United States,USA,1999,30.476
United States,USA,2000,30.771
United States,USA,2001,31.077
United States,USA,2002,31.384
United States,USA,2003,31.692
United States,USA,2004,32.007
United States,USA,2005,32.327
United States,USA,2006,32.657
United States,USA,2007,32.997
United States,USA,2008,33.339
United States,USA,2009,33.673
United States,USA,2010,34.005
United States,USA,2011,34.337
United States,USA,2012,34.667
United States,USA,2013,34.994
United States,USA,2014,35.322
United States,USA,2015,35.652
United States,USA,2016,35.985
United States,USA,2017,36.316
United States,USA,2018,36.628
United States,USA,2019,36.927
United States,USA,2020,37.107
United States,USA,2021,37.186
United States,USA,2022,37.336
United States,USA,2023,37.548
United States Virgin Islands,VIR,1950,77.374
United States Virgin Islands,VIR,1951,79.27
United States Virgin Islands,VIR,1952,80.557
United States Virgin Islands,VIR,1953,81.856
United States Virgin Islands,VIR,1954,83.309
United States Virgin Islands,VIR,1955,84.736
United States Virgin Islands,VIR,1956,86.091
United States Virgin Islands,VIR,1957,87.461
United States Virgin Islands,VIR,1958,88.937
United States Virgin Islands,VIR,1959,90.543
United States Virgin Islands,VIR,1960,94.35
United States Virgin Islands,VIR,1961,101.237
United States Virgin Islands,VIR,1962,109.471
United States Virgin Islands,VIR,1963,118.391
United States Virgin Islands,VIR,1964,128.111
United States Virgin Islands,VIR,1965,138.243
United States Virgin Islands,VIR,1966,147.901
United States Virgin Islands,VIR,1967,156.884
United States Virgin Islands,VIR,1968,165.226
United States Virgin Islands,VIR,1969,172.963
United States Virgin Islands,VIR,1970,182.447
United States Virgin Islands,VIR,1971,194.029
United States Virgin Islands,VIR,1972,205.467
United States Virgin Islands,VIR,1973,216.34
United States Virgin Islands,VIR,1974,226.573
United States Virgin Islands,VIR,1975,236.031
United States Virgin Islands,VIR,1976,244.864
United States Virgin Islands,VIR,1977,253.474
United States Virgin Islands,VIR,1978,261.757
United States Virgin Islands,VIR,1979,269.807
United States Virgin Islands,VIR,1980,275.907
United States Virgin Islands,VIR,1981,279.309
United States Virgin Islands,VIR,1982,281.833
United States Virgin Islands,VIR,1983,284.131
United States Virgin Islands,VIR,1984,286.187
United States Virgin Islands,VIR,1985,287.996
United States Virgin Islands,VIR,1986,289.513
United States Virgin Islands,VIR,1987,290.649
United States Virgin Islands,VIR,1988,291.277
United States Virgin Islands,VIR,1989,291.223
United States Virgin Islands,VIR,1990,292.307
United States Virgin Islands,VIR,1991,295.249
United States Virgin Islands,VIR,1992,298.339
United States Virgin Islands,VIR,1993,301.08
United States Virgin Islands,VIR,1994,303.519
United States Virgin Islands,VIR,1995,305.631
United States Virgin Islands,VIR,1996,307.411
United States Virgin Islands,VIR,1997,308.82
United States Virgin Islands,VIR,1998,309.777
United States Virgin Islands,VIR,1999,310.223
United States Virgin Islands,VIR,2000,310.224
United States Virgin Islands,VIR,2001,310.073
United States Virgin Islands,VIR,2002,309.764
United States Virgin Islands,VIR,2003,309.057
United States Virgin Islands,VIR,2004,308.099
United States Virgin Islands,VIR,2005,307.447
United States Virgin Islands,VIR,2006,307
United States Virgin Islands,VIR,2007,306.369
United States Virgin Islands,VIR,2008,305.6
United States Virgin Islands,VIR,2009,305.026
United States Virgin Islands,VIR,2010,303.746
United States Virgin Islands,VIR,2011,301.116
United States Virgin Islands,VIR,2012,297.994
United States Virgin Islands,VIR,2013,294.736
United States Virgin Islands,VIR,2014,291.427
United States Virgin Islands,VIR,2015,286.421
United States Virgin Islands,VIR,2016,279.391
United States Virgin Islands,VIR,2017,271.764
United States Virgin Islands,VIR,2018,263.719
United States Virgin Islands,VIR,2019,255.35
United States Virgin Islands,VIR,2020,250.59
United States Virgin Islands,VIR,2021,249.209
United States Virgin Islands,VIR,2022,247.163
United States Virgin Islands,VIR,2023,244.86
Upper-middle-income countries,OWID_UMC,1950,17.624
Upper-middle-income countries,OWID_UMC,1951,17.967
Upper-middle-income countries,OWID_UMC,1952,18.347
Upper-middle-income countries,OWID_UMC,1953,18.754
Upper-middle-income countries,OWID_UMC,1954,19.171
Upper-middle-income countries,OWID_UMC,1955,19.612
Upper-middle-income countries,OWID_UMC,1956,20.054
Upper-middle-income countries,OWID_UMC,1957,20.519
Upper-middle-income countries,OWID_UMC,1958,20.992
Upper-middle-income countries,OWID_UMC,1959,21.371
Upper-middle-income countries,OWID_UMC,1960,21.639
Upper-middle-income countries,OWID_UMC,1961,21.895
Upper-middle-income countries,OWID_UMC,1962,22.305
Upper-middle-income countries,OWID_UMC,1963,22.903
Upper-middle-income countries,OWID_UMC,1964,23.517
Upper-middle-income countries,OWID_UMC,1965,24.095
Upper-middle-income countries,OWID_UMC,1966,24.678
Upper-middle-income countries,OWID_UMC,1967,25.26
Upper-middle-income countries,OWID_UMC,1968,25.87
Upper-middle-income countries,OWID_UMC,1969,26.505
Upper-middle-income countries,OWID_UMC,1970,27.139
Upper-middle-income countries,OWID_UMC,1971,27.769
Upper-middle-income countries,OWID_UMC,1972,28.384
Upper-middle-income countries,OWID_UMC,1973,28.989
Upper-middle-income countries,OWID_UMC,1974,29.577
Upper-middle-income countries,OWID_UMC,1975,30.132
Upper-middle-income countries,OWID_UMC,1976,30.664
Upper-middle-income countries,OWID_UMC,1977,31.182
Upper-middle-income countries,OWID_UMC,1978,31.693
Upper-middle-income countries,OWID_UMC,1979,32.213
Upper-middle-income countries,OWID_UMC,1980,32.747
Upper-middle-income countries,OWID_UMC,1981,33.299
Upper-middle-income countries,OWID_UMC,1982,33.879
Upper-middle-income countries,OWID_UMC,1983,34.46
Upper-middle-income countries,OWID_UMC,1984,35.034
Upper-middle-income countries,OWID_UMC,1985,35.626
Upper-middle-income countries,OWID_UMC,1986,36.245
Upper-middle-income countries,OWID_UMC,1987,36.894
Upper-middle-income countries,OWID_UMC,1988,37.54
Upper-middle-income countries,OWID_UMC,1989,38.174
Upper-middle-income countries,OWID_UMC,1990,38.809
Upper-middle-income countries,OWID_UMC,1991,39.387
Upper-middle-income countries,OWID_UMC,1992,39.878
Upper-middle-income countries,OWID_UMC,1993,40.348
Upper-middle-income countries,OWID_UMC,1994,40.812
Upper-middle-income countries,OWID_UMC,1995,41.259
Upper-middle-income countries,OWID_UMC,1996,41.697
Upper-middle-income countries,OWID_UMC,1997,42.119
Upper-middle-income countries,OWID_UMC,1998,42.528
Upper-middle-income countries,OWID_UMC,1999,42.923
Upper-middle-income countries,OWID_UMC,2000,43.316
Upper-middle-income countries,OWID_UMC,2001,43.698
Upper-middle-income countries,OWID_UMC,2002,44.068
Upper-middle-income countries,OWID_UMC,2003,44.426
Upper-middle-income countries,OWID_UMC,2004,44.77
Upper-middle-income countries,OWID_UMC,2005,45.121
Upper-middle-income countries,OWID_UMC,2006,45.465
Upper-middle-income countries,OWID_UMC,2007,45.802
Upper-middle-income countries,OWID_UMC,2008,46.163
Upper-middle-income countries,OWID_UMC,2009,46.549
Upper-middle-income countries,OWID_UMC,2010,46.937
Upper-middle-income countries,OWID_UMC,2011,47.319
Upper-middle-income countries,OWID_UMC,2012,47.726
Upper-middle-income countries,OWID_UMC,2013,48.15
Upper-middle-income countries,OWID_UMC,2014,48.563
Upper-middle-income countries,OWID_UMC,2015,48.963
Upper-middle-income countries,OWID_UMC,2016,49.34
Upper-middle-income countries,OWID_UMC,2017,49.716
Upper-middle-income countries,OWID_UMC,2018,50.069
Upper-middle-income countries,OWID_UMC,2019,50.366
Upper-middle-income countries,OWID_UMC,2020,50.599
Upper-middle-income countries,OWID_UMC,2021,50.753
Upper-middle-income countries,OWID_UMC,2022,50.883
Upper-middle-income countries,OWID_UMC,2023,51.002
Uruguay,URY,1950,12.901
Uruguay,URY,1951,13.028
Uruguay,URY,1952,13.171
Uruguay,URY,1953,13.326
Uruguay,URY,1954,13.493
Uruguay,URY,1955,13.667
Uruguay,URY,1956,13.848
Uruguay,URY,1957,14.035
Uruguay,URY,1958,14.226
Uruguay,URY,1959,14.418
Uruguay,URY,1960,14.607
Uruguay,URY,1961,14.793
Uruguay,URY,1962,14.973
Uruguay,URY,1963,15.149
Uruguay,URY,1964,15.319
Uruguay,URY,1965,15.481
Uruguay,URY,1966,15.633
Uruguay,URY,1967,15.776
Uruguay,URY,1968,15.905
Uruguay,URY,1969,16.016
Uruguay,URY,1970,16.114
Uruguay,URY,1971,16.204
Uruguay,URY,1972,16.292
Uruguay,URY,1973,16.381
Uruguay,URY,1974,16.478
Uruguay,URY,1975,16.584
Uruguay,URY,1976,16.694
Uruguay,URY,1977,16.799
Uruguay,URY,1978,16.893
Uruguay,URY,1979,16.974
Uruguay,URY,1980,17.044
Uruguay,URY,1981,17.109
Uruguay,URY,1982,17.18
Uruguay,URY,1983,17.257
Uruguay,URY,1984,17.336
Uruguay,URY,1985,17.42
Uruguay,URY,1986,17.511
Uruguay,URY,1987,17.61
Uruguay,URY,1988,17.714
Uruguay,URY,1989,17.819
Uruguay,URY,1990,17.924
Uruguay,URY,1991,18.028
Uruguay,URY,1992,18.128
Uruguay,URY,1993,18.224
Uruguay,URY,1994,18.319
Uruguay,URY,1995,18.415
Uruguay,URY,1996,18.513
Uruguay,URY,1997,18.611
Uruguay,URY,1998,18.703
Uruguay,URY,1999,18.788
Uruguay,URY,2000,18.858
Uruguay,URY,2001,18.905
Uruguay,URY,2002,18.932
Uruguay,URY,2003,18.945
Uruguay,URY,2004,18.956
Uruguay,URY,2005,18.971
Uruguay,URY,2006,18.993
Uruguay,URY,2007,19.026
Uruguay,URY,2008,19.066
Uruguay,URY,2009,19.112
Uruguay,URY,2010,19.161
Uruguay,URY,2011,19.208
Uruguay,URY,2012,19.258
Uruguay,URY,2013,19.315
Uruguay,URY,2014,19.379
Uruguay,URY,2015,19.446
Uruguay,URY,2016,19.511
Uruguay,URY,2017,19.564
Uruguay,URY,2018,19.599
Uruguay,URY,2019,19.615
Uruguay,URY,2020,19.625
Uruguay,URY,2021,19.612
Uruguay,URY,2022,19.578
Uruguay,URY,2023,19.562
Uzbekistan,UZB,1950,14.668
Uzbekistan,UZB,1951,15.009
Uzbekistan,UZB,1952,15.366
Uzbekistan,UZB,1953,15.745
Uzbekistan,UZB,1954,16.149
Uzbekistan,UZB,1955,16.582
Uzbekistan,UZB,1956,17.048
Uzbekistan,UZB,1957,17.544
Uzbekistan,UZB,1958,18.075
Uzbekistan,UZB,1959,18.654
Uzbekistan,UZB,1960,19.297
Uzbekistan,UZB,1961,20.023
Uzbekistan,UZB,1962,20.814
Uzbekistan,UZB,1963,21.632
Uzbekistan,UZB,1964,22.467
Uzbekistan,UZB,1965,23.323
Uzbekistan,UZB,1966,24.187
Uzbekistan,UZB,1967,25.057
Uzbekistan,UZB,1968,25.934
Uzbekistan,UZB,1969,26.806
Uzbekistan,UZB,1970,27.651
Uzbekistan,UZB,1971,28.471
Uzbekistan,UZB,1972,29.302
Uzbekistan,UZB,1973,30.162
Uzbekistan,UZB,1974,31.051
Uzbekistan,UZB,1975,31.966
Uzbekistan,UZB,1976,32.907
Uzbekistan,UZB,1977,33.871
Uzbekistan,UZB,1978,34.829
Uzbekistan,UZB,1979,35.768
Uzbekistan,UZB,1980,36.718
Uzbekistan,UZB,1981,37.694
Uzbekistan,UZB,1982,38.699
Uzbekistan,UZB,1983,39.747
Uzbekistan,UZB,1984,40.853
Uzbekistan,UZB,1985,42.02
Uzbekistan,UZB,1986,43.243
Uzbekistan,UZB,1987,44.499
Uzbekistan,UZB,1988,45.747
Uzbekistan,UZB,1989,46.961
Uzbekistan,UZB,1990,48.108
Uzbekistan,UZB,1991,49.278
Uzbekistan,UZB,1992,50.506
Uzbekistan,UZB,1993,51.688
Uzbekistan,UZB,1994,52.805
Uzbekistan,UZB,1995,53.873
Uzbekistan,UZB,1996,54.894
Uzbekistan,UZB,1997,55.851
Uzbekistan,UZB,1998,56.735
Uzbekistan,UZB,1999,57.536
Uzbekistan,UZB,2000,58.268
Uzbekistan,UZB,2001,58.98
Uzbekistan,UZB,2002,59.708
Uzbekistan,UZB,2003,60.44
Uzbekistan,UZB,2004,61.188
Uzbekistan,UZB,2005,61.958
Uzbekistan,UZB,2006,62.762
Uzbekistan,UZB,2007,63.648
Uzbekistan,UZB,2008,64.633
Uzbekistan,UZB,2009,65.678
Uzbekistan,UZB,2010,66.727
Uzbekistan,UZB,2011,67.756
Uzbekistan,UZB,2012,68.787
Uzbekistan,UZB,2013,69.873
Uzbekistan,UZB,2014,71.046
Uzbekistan,UZB,2015,72.283
Uzbekistan,UZB,2016,73.542
Uzbekistan,UZB,2017,74.798
Uzbekistan,UZB,2018,76.101
Uzbekistan,UZB,2019,77.491
Uzbekistan,UZB,2020,78.952
Uzbekistan,UZB,2021,80.498
Uzbekistan,UZB,2022,82.132
Uzbekistan,UZB,2023,83.809
Vanuatu,VUT,1950,4.228
Vanuatu,VUT,1951,4.295
Vanuatu,VUT,1952,4.369
Vanuatu,VUT,1953,4.454
Vanuatu,VUT,1954,4.547
Vanuatu,VUT,1955,4.646
Vanuatu,VUT,1956,4.752
Vanuatu,VUT,1957,4.871
Vanuatu,VUT,1958,5.003
Vanuatu,VUT,1959,5.141
Vanuatu,VUT,1960,5.286
Vanuatu,VUT,1961,5.436
Vanuatu,VUT,1962,5.593
Vanuatu,VUT,1963,5.755
Vanuatu,VUT,1964,5.924
Vanuatu,VUT,1965,6.1
Vanuatu,VUT,1966,6.283
Vanuatu,VUT,1967,6.474
Vanuatu,VUT,1968,6.671
Vanuatu,VUT,1969,6.871
Vanuatu,VUT,1970,7.077
Vanuatu,VUT,1971,7.29
Vanuatu,VUT,1972,7.511
Vanuatu,VUT,1973,7.741
Vanuatu,VUT,1974,7.979
Vanuatu,VUT,1975,8.225
Vanuatu,VUT,1976,8.481
Vanuatu,VUT,1977,8.746
Vanuatu,VUT,1978,9.021
Vanuatu,VUT,1979,9.273
Vanuatu,VUT,1980,9.488
Vanuatu,VUT,1981,9.7
Vanuatu,VUT,1982,9.929
Vanuatu,VUT,1983,10.172
Vanuatu,VUT,1984,10.427
Vanuatu,VUT,1985,10.694
Vanuatu,VUT,1986,10.97
Vanuatu,VUT,1987,11.254
Vanuatu,VUT,1988,11.547
Vanuatu,VUT,1989,11.845
Vanuatu,VUT,1990,12.146
Vanuatu,VUT,1991,12.452
Vanuatu,VUT,1992,12.765
Vanuatu,VUT,1993,13.081
Vanuatu,VUT,1994,13.397
Vanuatu,VUT,1995,13.711
Vanuatu,VUT,1996,14.021
Vanuatu,VUT,1997,14.325
Vanuatu,VUT,1998,14.628
Vanuatu,VUT,1999,14.934
Vanuatu,VUT,2000,15.281
Vanuatu,VUT,2001,15.671
Vanuatu,VUT,2002,16.068
Vanuatu,VUT,2003,16.468
Vanuatu,VUT,2004,16.875
Vanuatu,VUT,2005,17.29
Vanuatu,VUT,2006,17.713
Vanuatu,VUT,2007,18.152
Vanuatu,VUT,2008,18.613
Vanuatu,VUT,2009,19.092
Vanuatu,VUT,2010,19.545
Vanuatu,VUT,2011,19.973
Vanuatu,VUT,2012,20.417
Vanuatu,VUT,2013,20.876
Vanuatu,VUT,2014,21.349
Vanuatu,VUT,2015,21.829
Vanuatu,VUT,2016,22.32
Vanuatu,VUT,2017,22.847
Vanuatu,VUT,2018,23.401
Vanuatu,VUT,2019,23.953
Vanuatu,VUT,2020,24.517
Vanuatu,VUT,2021,25.092
Vanuatu,VUT,2022,25.681
Vanuatu,VUT,2023,26.285
Vatican,VAT,1950,2000
Vatican,VAT,1951,2013.636
Vatican,VAT,1952,2027.273
Vatican,VAT,1953,2040.909
Vatican,VAT,1954,2055.682
Vatican,VAT,1955,2070.455
Vatican,VAT,1956,2081.818
Vatican,VAT,1957,2087.5
Vatican,VAT,1958,2089.773
Vatican,VAT,1959,2090.909
Vatican,VAT,1960,2086.364
Vatican,VAT,1961,2082.955
Vatican,VAT,1962,2084.091
Vatican,VAT,1963,2086.364
Vatican,VAT,1964,2094.318
Vatican,VAT,1965,2015.909
Vatican,VAT,1966,1910.227
Vatican,VAT,1967,1830.682
Vatican,VAT,1968,1747.727
Vatican,VAT,1969,1711.364
Vatican,VAT,1970,1692.045
Vatican,VAT,1971,1679.545
Vatican,VAT,1972,1673.864
Vatican,VAT,1973,1669.318
Vatican,VAT,1974,1665.909
Vatican,VAT,1975,1665.909
Vatican,VAT,1976,1669.318
Vatican,VAT,1977,1676.136
Vatican,VAT,1978,1680.682
Vatican,VAT,1979,1685.227
Vatican,VAT,1980,1688.636
Vatican,VAT,1981,1686.364
Vatican,VAT,1982,1681.818
Vatican,VAT,1983,1675
Vatican,VAT,1984,1669.318
Vatican,VAT,1985,1662.5
Vatican,VAT,1986,1659.091
Vatican,VAT,1987,1659.091
Vatican,VAT,1988,1654.545
Vatican,VAT,1989,1651.136
Vatican,VAT,1990,1648.864
Vatican,VAT,1991,1647.727
Vatican,VAT,1992,1645.455
Vatican,VAT,1993,1632.955
Vatican,VAT,1994,1614.773
Vatican,VAT,1995,1601.136
Vatican,VAT,1996,1592.045
Vatican,VAT,1997,1586.364
Vatican,VAT,1998,1584.091
Vatican,VAT,1999,1581.818
Vatican,VAT,2000,1570.455
Vatican,VAT,2001,1548.864
Vatican,VAT,2002,1526.136
Vatican,VAT,2003,1509.091
Vatican,VAT,2004,1501.136
Vatican,VAT,2005,1497.727
Vatican,VAT,2006,1489.773
Vatican,VAT,2007,1471.591
Vatican,VAT,2008,1448.864
Vatican,VAT,2009,1428.409
Vatican,VAT,2010,1410.227
Vatican,VAT,2011,1395.455
Vatican,VAT,2012,1367.045
Vatican,VAT,2013,1339.773
Vatican,VAT,2014,1322.727
Vatican,VAT,2015,1300
Vatican,VAT,2016,1279.545
Vatican,VAT,2017,1261.364
Vatican,VAT,2018,1238.636
Vatican,VAT,2019,1217.045
Vatican,VAT,2020,1200
Vatican,VAT,2021,1178.409
Vatican,VAT,2022,1151.136
Vatican,VAT,2023,1126.136
Venezuela,VEN,1950,5.989
Venezuela,VEN,1951,6.255
Venezuela,VEN,1952,6.527
Venezuela,VEN,1953,6.803
Venezuela,VEN,1954,7.085
Venezuela,VEN,1955,7.372
Venezuela,VEN,1956,7.665
Venezuela,VEN,1957,7.965
Venezuela,VEN,1958,8.273
Venezuela,VEN,1959,8.587
Venezuela,VEN,1960,8.904
Venezuela,VEN,1961,9.227
Venezuela,VEN,1962,9.555
Venezuela,VEN,1963,9.89
Venezuela,VEN,1964,10.233
Venezuela,VEN,1965,10.582
Venezuela,VEN,1966,10.939
Venezuela,VEN,1967,11.303
Venezuela,VEN,1968,11.673
Venezuela,VEN,1969,12.047
Venezuela,VEN,1970,12.426
Venezuela,VEN,1971,12.811
Venezuela,VEN,1972,13.202
Venezuela,VEN,1973,13.6
Venezuela,VEN,1974,14.006
Venezuela,VEN,1975,14.421
Venezuela,VEN,1976,14.847
Venezuela,VEN,1977,15.284
Venezuela,VEN,1978,15.731
Venezuela,VEN,1979,16.187
Venezuela,VEN,1980,16.649
Venezuela,VEN,1981,17.118
Venezuela,VEN,1982,17.592
Venezuela,VEN,1983,18.072
Venezuela,VEN,1984,18.56
Venezuela,VEN,1985,19.053
Venezuela,VEN,1986,19.558
Venezuela,VEN,1987,20.072
Venezuela,VEN,1988,20.592
Venezuela,VEN,1989,21.113
Venezuela,VEN,1990,21.635
Venezuela,VEN,1991,22.156
Venezuela,VEN,1992,22.676
Venezuela,VEN,1993,23.192
Venezuela,VEN,1994,23.706
Venezuela,VEN,1995,24.217
Venezuela,VEN,1996,24.728
Venezuela,VEN,1997,25.241
Venezuela,VEN,1998,25.753
Venezuela,VEN,1999,26.261
Venezuela,VEN,2000,26.763
Venezuela,VEN,2001,27.257
Venezuela,VEN,2002,27.755
Venezuela,VEN,2003,28.253
Venezuela,VEN,2004,28.742
Venezuela,VEN,2005,29.228
Venezuela,VEN,2006,29.707
Venezuela,VEN,2007,30.17
Venezuela,VEN,2008,30.611
Venezuela,VEN,2009,31.031
Venezuela,VEN,2010,31.44
Venezuela,VEN,2011,31.846
Venezuela,VEN,2012,32.248
Venezuela,VEN,2013,32.639
Venezuela,VEN,2014,33.012
Venezuela,VEN,2015,33.361
Venezuela,VEN,2016,33.571
Venezuela,VEN,2017,33.352
Venezuela,VEN,2018,32.525
Venezuela,VEN,2019,31.576
Venezuela,VEN,2020,31.037
Venezuela,VEN,2021,30.812
Venezuela,VEN,2022,30.785
Venezuela,VEN,2023,30.881
Vietnam,VNM,1950,80.089
Vietnam,VNM,1951,81.683
Vietnam,VNM,1952,83.418
Vietnam,VNM,1953,85.377
Vietnam,VNM,1954,87.515
Vietnam,VNM,1955,89.871
Vietnam,VNM,1956,92.283
Vietnam,VNM,1957,94.938
Vietnam,VNM,1958,97.822
Vietnam,VNM,1959,100.781
Vietnam,VNM,1960,103.8
Vietnam,VNM,1961,106.599
Vietnam,VNM,1962,109.405
Vietnam,VNM,1963,112.47
Vietnam,VNM,1964,115.509
Vietnam,VNM,1965,118.47
Vietnam,VNM,1966,121.327
Vietnam,VNM,1967,124.103
Vietnam,VNM,1968,126.782
Vietnam,VNM,1969,129.486
Vietnam,VNM,1970,132.336
Vietnam,VNM,1971,135.444
Vietnam,VNM,1972,138.57
Vietnam,VNM,1973,141.699
Vietnam,VNM,1974,144.902
Vietnam,VNM,1975,148.314
Vietnam,VNM,1976,152.149
Vietnam,VNM,1977,156.201
Vietnam,VNM,1978,160.332
Vietnam,VNM,1979,163.933
Vietnam,VNM,1980,167.481
Vietnam,VNM,1981,171.463
Vietnam,VNM,1982,175.526
Vietnam,VNM,1983,179.758
Vietnam,VNM,1984,184.124
Vietnam,VNM,1985,188.446
Vietnam,VNM,1986,192.55
Vietnam,VNM,1987,196.499
Vietnam,VNM,1988,200.515
Vietnam,VNM,1989,204.676
Vietnam,VNM,1990,209.007
Vietnam,VNM,1991,213.433
Vietnam,VNM,1992,217.8
Vietnam,VNM,1993,222.031
Vietnam,VNM,1994,226.076
Vietnam,VNM,1995,229.891
Vietnam,VNM,1996,233.422
Vietnam,VNM,1997,236.837
Vietnam,VNM,1998,240.26
Vietnam,VNM,1999,243.412
Vietnam,VNM,2000,246.177
Vietnam,VNM,2001,248.778
Vietnam,VNM,2002,251.34
Vietnam,VNM,2003,253.866
Vietnam,VNM,2004,256.339
Vietnam,VNM,2005,258.73
Vietnam,VNM,2006,262.175
Vietnam,VNM,2007,266.851
Vietnam,VNM,2008,271.772
Vietnam,VNM,2009,275.87
Vietnam,VNM,2010,279.045
Vietnam,VNM,2011,282.278
Vietnam,VNM,2012,285.602
Vietnam,VNM,2013,288.993
Vietnam,VNM,2014,292.524
Vietnam,VNM,2015,296.173
Vietnam,VNM,2016,299.928
Vietnam,VNM,2017,303.683
Vietnam,VNM,2018,307.066
Vietnam,VNM,2019,310.054
Vietnam,VNM,2020,312.943
Vietnam,VNM,2021,315.674
Vietnam,VNM,2022,318.053
Vietnam,VNM,2023,320.196
Wallis and Futuna,WLF,1950,60.971
Wallis and Futuna,WLF,1951,62.975
Wallis and Futuna,WLF,1952,65.582
Wallis and Futuna,WLF,1953,68.2
Wallis and Futuna,WLF,1954,69.425
Wallis and Futuna,WLF,1955,68.843
Wallis and Futuna,WLF,1956,67.932
Wallis and Futuna,WLF,1957,66.725
Wallis and Futuna,WLF,1958,65.25
Wallis and Futuna,WLF,1959,63.571
Wallis and Futuna,WLF,1960,61.604
Wallis and Futuna,WLF,1961,59.318
Wallis and Futuna,WLF,1962,58.232
Wallis and Futuna,WLF,1963,58.539
Wallis and Futuna,WLF,1964,58.943
Wallis and Futuna,WLF,1965,59.136
Wallis and Futuna,WLF,1966,59.307
Wallis and Futuna,WLF,1967,59.9
Wallis and Futuna,WLF,1968,60.739
Wallis and Futuna,WLF,1969,61.814
Wallis and Futuna,WLF,1970,63.089
Wallis and Futuna,WLF,1971,64.246
Wallis and Futuna,WLF,1972,65.25
Wallis and Futuna,WLF,1973,66.164
Wallis and Futuna,WLF,1974,66.836
Wallis and Futuna,WLF,1975,66.668
Wallis and Futuna,WLF,1976,67.196
Wallis and Futuna,WLF,1977,69.621
Wallis and Futuna,WLF,1978,72.704
Wallis and Futuna,WLF,1979,75.968
Wallis and Futuna,WLF,1980,79.404
Wallis and Futuna,WLF,1981,82.971
Wallis and Futuna,WLF,1982,86.711
Wallis and Futuna,WLF,1983,89.325
Wallis and Futuna,WLF,1984,90.464
Wallis and Futuna,WLF,1985,91.418
Wallis and Futuna,WLF,1986,92.375
Wallis and Futuna,WLF,1987,93.325
Wallis and Futuna,WLF,1988,94.293
Wallis and Futuna,WLF,1989,95.271
Wallis and Futuna,WLF,1990,96.286
Wallis and Futuna,WLF,1991,97.354
Wallis and Futuna,WLF,1992,98.418
Wallis and Futuna,WLF,1993,99.45
Wallis and Futuna,WLF,1994,100.461
Wallis and Futuna,WLF,1995,101.421
Wallis and Futuna,WLF,1996,102.232
Wallis and Futuna,WLF,1997,102.964
Wallis and Futuna,WLF,1998,103.775
Wallis and Futuna,WLF,1999,104.679
Wallis and Futuna,WLF,2000,105.596
Wallis and Futuna,WLF,2001,106.486
Wallis and Futuna,WLF,2002,107.318
Wallis and Futuna,WLF,2003,107.521
Wallis and Futuna,WLF,2004,106.364
Wallis and Futuna,WLF,2005,104.357
Wallis and Futuna,WLF,2006,102.232
Wallis and Futuna,WLF,2007,99.989
Wallis and Futuna,WLF,2008,97.746
Wallis and Futuna,WLF,2009,95.779
Wallis and Futuna,WLF,2010,94.025
Wallis and Futuna,WLF,2011,92.282
Wallis and Futuna,WLF,2012,90.621
Wallis and Futuna,WLF,2013,89.104
Wallis and Futuna,WLF,2014,87.864
Wallis and Futuna,WLF,2015,86.857
Wallis and Futuna,WLF,2016,85.95
Wallis and Futuna,WLF,2017,85.129
Wallis and Futuna,WLF,2018,84.289
Wallis and Futuna,WLF,2019,83.471
Wallis and Futuna,WLF,2020,82.971
Wallis and Futuna,WLF,2021,82.625
Wallis and Futuna,WLF,2022,81.986
Wallis and Futuna,WLF,2023,81.218
Western Sahara,ESH,1950,0.049
Western Sahara,ESH,1951,0.053
Western Sahara,ESH,1952,0.058
Western Sahara,ESH,1953,0.064
Western Sahara,ESH,1954,0.07
Western Sahara,ESH,1955,0.076
Western Sahara,ESH,1956,0.083
Western Sahara,ESH,1957,0.09
Western Sahara,ESH,1958,0.097
Western Sahara,ESH,1959,0.105
Western Sahara,ESH,1960,0.114
Western Sahara,ESH,1961,0.123
Western Sahara,ESH,1962,0.133
Western Sahara,ESH,1963,0.142
Western Sahara,ESH,1964,0.153
Western Sahara,ESH,1965,0.164
Western Sahara,ESH,1966,0.175
Western Sahara,ESH,1967,0.19
Western Sahara,ESH,1968,0.21
Western Sahara,ESH,1969,0.232
Western Sahara,ESH,1970,0.27
Western Sahara,ESH,1971,0.296
Western Sahara,ESH,1972,0.294
Western Sahara,ESH,1973,0.292
Western Sahara,ESH,1974,0.288
Western Sahara,ESH,1975,0.251
Western Sahara,ESH,1976,0.242
Western Sahara,ESH,1977,0.291
Western Sahara,ESH,1978,0.342
Western Sahara,ESH,1979,0.395
Western Sahara,ESH,1980,0.441
Western Sahara,ESH,1981,0.477
Western Sahara,ESH,1982,0.506
Western Sahara,ESH,1983,0.529
Western Sahara,ESH,1984,0.549
Western Sahara,ESH,1985,0.571
Western Sahara,ESH,1986,0.592
Western Sahara,ESH,1987,0.612
Western Sahara,ESH,1988,0.633
Western Sahara,ESH,1989,0.654
Western Sahara,ESH,1990,0.675
Western Sahara,ESH,1991,0.697
Western Sahara,ESH,1992,0.718
Western Sahara,ESH,1993,0.739
Western Sahara,ESH,1994,0.759
Western Sahara,ESH,1995,0.789
Western Sahara,ESH,1996,0.832
Western Sahara,ESH,1997,0.879
Western Sahara,ESH,1998,0.926
Western Sahara,ESH,1999,0.974
Western Sahara,ESH,2000,1.022
Western Sahara,ESH,2001,1.072
Western Sahara,ESH,2002,1.122
Western Sahara,ESH,2003,1.172
Western Sahara,ESH,2004,1.223
Western Sahara,ESH,2005,1.273
Western Sahara,ESH,2006,1.326
Western Sahara,ESH,2007,1.379
Western Sahara,ESH,2008,1.432
Western Sahara,ESH,2009,1.485
Western Sahara,ESH,2010,1.54
Western Sahara,ESH,2011,1.598
Western Sahara,ESH,2012,1.658
Western Sahara,ESH,2013,1.72
Western Sahara,ESH,2014,1.777
Western Sahara,ESH,2015,1.828
Western Sahara,ESH,2016,1.878
Western Sahara,ESH,2017,1.928
Western Sahara,ESH,2018,1.977
Western Sahara,ESH,2019,2.024
Western Sahara,ESH,2020,2.065
Western Sahara,ESH,2021,2.1
Western Sahara,ESH,2022,2.138
Western Sahara,ESH,2023,2.179
World,OWID_WRL,1950,19.118
World,OWID_WRL,1951,19.454
World,OWID_WRL,1952,19.816
World,OWID_WRL,1953,20.2
World,OWID_WRL,1954,20.597
World,OWID_WRL,1955,21.013
World,OWID_WRL,1956,21.437
World,OWID_WRL,1957,21.875
World,OWID_WRL,1958,22.325
World,OWID_WRL,1959,22.744
World,OWID_WRL,1960,23.124
World,OWID_WRL,1961,23.503
World,OWID_WRL,1962,23.952
World,OWID_WRL,1963,24.484
World,OWID_WRL,1964,25.034
World,OWID_WRL,1965,25.571
World,OWID_WRL,1966,26.104
World,OWID_WRL,1967,26.636
World,OWID_WRL,1968,27.186
World,OWID_WRL,1969,27.756
World,OWID_WRL,1970,28.333
World,OWID_WRL,1971,28.909
World,OWID_WRL,1972,29.485
World,OWID_WRL,1973,30.067
World,OWID_WRL,1974,30.647
World,OWID_WRL,1975,31.216
World,OWID_WRL,1976,31.78
World,OWID_WRL,1977,32.345
World,OWID_WRL,1978,32.914
World,OWID_WRL,1979,33.5
World,OWID_WRL,1980,34.107
World,OWID_WRL,1981,34.729
World,OWID_WRL,1982,35.372
World,OWID_WRL,1983,36.022
World,OWID_WRL,1984,36.672
World,OWID_WRL,1985,37.338
World,OWID_WRL,1986,38.021
World,OWID_WRL,1987,38.724
World,OWID_WRL,1988,39.431
World,OWID_WRL,1989,40.14
World,OWID_WRL,1990,40.856
World,OWID_WRL,1991,41.554
World,OWID_WRL,1992,42.223
World,OWID_WRL,1993,42.879
World,OWID_WRL,1994,43.523
World,OWID_WRL,1995,44.162
World,OWID_WRL,1996,44.8
World,OWID_WRL,1997,45.434
World,OWID_WRL,1998,46.065
World,OWID_WRL,1999,46.694
World,OWID_WRL,2000,47.328
World,OWID_WRL,2001,47.966
World,OWID_WRL,2002,48.601
World,OWID_WRL,2003,49.235
World,OWID_WRL,2004,49.871
World,OWID_WRL,2005,50.512
World,OWID_WRL,2006,51.16
World,OWID_WRL,2007,51.819
World,OWID_WRL,2008,52.487
World,OWID_WRL,2009,53.164
World,OWID_WRL,2010,53.846
World,OWID_WRL,2011,54.53
World,OWID_WRL,2012,55.223
World,OWID_WRL,2013,55.917
World,OWID_WRL,2014,56.606
World,OWID_WRL,2015,57.288
World,OWID_WRL,2016,57.963
World,OWID_WRL,2017,58.631
World,OWID_WRL,2018,59.277
World,OWID_WRL,2019,59.901
World,OWID_WRL,2020,60.482
World,OWID_WRL,2021,60.999
World,OWID_WRL,2022,61.512
World,OWID_WRL,2023,62.052
Yemen,YEM,1950,8.744
Yemen,YEM,1951,8.872
Yemen,YEM,1952,9.012
Yemen,YEM,1953,9.162
Yemen,YEM,1954,9.321
Yemen,YEM,1955,9.489
Yemen,YEM,1956,9.666
Yemen,YEM,1957,9.852
Yemen,YEM,1958,10.049
Yemen,YEM,1959,10.258
Yemen,YEM,1960,10.478
Yemen,YEM,1961,10.711
Yemen,YEM,1962,10.952
Yemen,YEM,1963,11.196
Yemen,YEM,1964,11.455
Yemen,YEM,1965,11.735
Yemen,YEM,1966,12.03
Yemen,YEM,1967,12.342
Yemen,YEM,1968,12.672
Yemen,YEM,1969,13.023
Yemen,YEM,1970,13.382
Yemen,YEM,1971,13.746
Yemen,YEM,1972,14.13
Yemen,YEM,1973,14.533
Yemen,YEM,1974,14.957
Yemen,YEM,1975,15.405
Yemen,YEM,1976,15.88
Yemen,YEM,1977,16.38
Yemen,YEM,1978,16.907
Yemen,YEM,1979,17.471
Yemen,YEM,1980,18.076
Yemen,YEM,1981,18.718
Yemen,YEM,1982,19.397
Yemen,YEM,1983,20.118
Yemen,YEM,1984,20.883
Yemen,YEM,1985,21.694
Yemen,YEM,1986,22.541
Yemen,YEM,1987,23.429
Yemen,YEM,1988,24.357
Yemen,YEM,1989,25.312
Yemen,YEM,1990,26.304
Yemen,YEM,1991,27.331
Yemen,YEM,1992,28.391
Yemen,YEM,1993,29.479
Yemen,YEM,1994,30.587
Yemen,YEM,1995,31.706
Yemen,YEM,1996,32.792
Yemen,YEM,1997,33.854
Yemen,YEM,1998,34.938
Yemen,YEM,1999,36.043
Yemen,YEM,2000,37.169
Yemen,YEM,2001,38.309
Yemen,YEM,2002,39.463
Yemen,YEM,2003,40.639
Yemen,YEM,2004,41.849
Yemen,YEM,2005,43.165
Yemen,YEM,2006,44.592
Yemen,YEM,2007,46.06
Yemen,YEM,2008,47.563
Yemen,YEM,2009,49.108
Yemen,YEM,2010,50.674
Yemen,YEM,2011,52.243
Yemen,YEM,2012,53.855
Yemen,YEM,2013,55.52
Yemen,YEM,2014,57.25
Yemen,YEM,2015,59.017
Yemen,YEM,2016,60.816
Yemen,YEM,2017,62.676
Yemen,YEM,2018,64.559
Yemen,YEM,2019,66.503
Yemen,YEM,2020,68.441
Yemen,YEM,2021,70.345
Yemen,YEM,2022,72.396
Yemen,YEM,2023,74.608
Zambia,ZMB,1950,3.123
Zambia,ZMB,1951,3.219
Zambia,ZMB,1952,3.319
Zambia,ZMB,1953,3.422
Zambia,ZMB,1954,3.527
Zambia,ZMB,1955,3.637
Zambia,ZMB,1956,3.75
Zambia,ZMB,1957,3.866
Zambia,ZMB,1958,3.987
Zambia,ZMB,1959,4.112
Zambia,ZMB,1960,4.242
Zambia,ZMB,1961,4.377
Zambia,ZMB,1962,4.517
Zambia,ZMB,1963,4.662
Zambia,ZMB,1964,4.812
Zambia,ZMB,1965,4.967
Zambia,ZMB,1966,5.128
Zambia,ZMB,1967,5.295
Zambia,ZMB,1968,5.469
Zambia,ZMB,1969,5.646
Zambia,ZMB,1970,5.814
Zambia,ZMB,1971,5.976
Zambia,ZMB,1972,6.147
Zambia,ZMB,1973,6.326
Zambia,ZMB,1974,6.514
Zambia,ZMB,1975,6.713
Zambia,ZMB,1976,6.919
Zambia,ZMB,1977,7.133
Zambia,ZMB,1978,7.352
Zambia,ZMB,1979,7.576
Zambia,ZMB,1980,7.806
Zambia,ZMB,1981,8.049
Zambia,ZMB,1982,8.311
Zambia,ZMB,1983,8.584
Zambia,ZMB,1984,8.852
Zambia,ZMB,1985,9.122
Zambia,ZMB,1986,9.398
Zambia,ZMB,1987,9.674
Zambia,ZMB,1988,9.943
Zambia,ZMB,1989,10.209
Zambia,ZMB,1990,10.474
Zambia,ZMB,1991,10.737
Zambia,ZMB,1992,10.999
Zambia,ZMB,1993,11.265
Zambia,ZMB,1994,11.537
Zambia,ZMB,1995,11.819
Zambia,ZMB,1996,12.112
Zambia,ZMB,1997,12.426
Zambia,ZMB,1998,12.756
Zambia,ZMB,1999,13.102
Zambia,ZMB,2000,13.476
Zambia,ZMB,2001,13.889
Zambia,ZMB,2002,14.324
Zambia,ZMB,2003,14.775
Zambia,ZMB,2004,15.252
Zambia,ZMB,2005,15.764
Zambia,ZMB,2006,16.317
Zambia,ZMB,2007,16.902
Zambia,ZMB,2008,17.516
Zambia,ZMB,2009,18.147
Zambia,ZMB,2010,18.786
Zambia,ZMB,2011,19.422
Zambia,ZMB,2012,20.062
Zambia,ZMB,2013,20.715
Zambia,ZMB,2014,21.382
Zambia,ZMB,2015,22.06
Zambia,ZMB,2016,22.753
Zambia,ZMB,2017,23.462
Zambia,ZMB,2018,24.178
Zambia,ZMB,2019,24.905
Zambia,ZMB,2020,25.638
Zambia,ZMB,2021,26.371
Zambia,ZMB,2022,27.11
Zambia,ZMB,2023,27.878
Zimbabwe,ZWE,1950,7.214
Zimbabwe,ZWE,1951,7.447
Zimbabwe,ZWE,1952,7.685
Zimbabwe,ZWE,1953,7.929
Zimbabwe,ZWE,1954,8.179
Zimbabwe,ZWE,1955,8.435
Zimbabwe,ZWE,1956,8.7
Zimbabwe,ZWE,1957,8.973
Zimbabwe,ZWE,1958,9.255
Zimbabwe,ZWE,1959,9.546
Zimbabwe,ZWE,1960,9.847
Zimbabwe,ZWE,1961,10.16
Zimbabwe,ZWE,1962,10.485
Zimbabwe,ZWE,1963,10.82
Zimbabwe,ZWE,1964,11.167
Zimbabwe,ZWE,1965,11.525
Zimbabwe,ZWE,1966,11.894
Zimbabwe,ZWE,1967,12.274
Zimbabwe,ZWE,1968,12.668
Zimbabwe,ZWE,1969,13.075
Zimbabwe,ZWE,1970,13.483
Zimbabwe,ZWE,1971,13.894
Zimbabwe,ZWE,1972,14.327
Zimbabwe,ZWE,1973,14.787
Zimbabwe,ZWE,1974,15.273
Zimbabwe,ZWE,1975,15.765
Zimbabwe,ZWE,1976,16.252
Zimbabwe,ZWE,1977,16.672
Zimbabwe,ZWE,1978,16.915
Zimbabwe,ZWE,1979,17.184
Zimbabwe,ZWE,1980,18.202
Zimbabwe,ZWE,1981,19.384
Zimbabwe,ZWE,1982,20.154
Zimbabwe,ZWE,1983,20.934
Zimbabwe,ZWE,1984,21.692
Zimbabwe,ZWE,1985,22.455
Zimbabwe,ZWE,1986,23.22
Zimbabwe,ZWE,1987,24.001
Zimbabwe,ZWE,1988,24.772
Zimbabwe,ZWE,1989,25.5
Zimbabwe,ZWE,1990,26.205
Zimbabwe,ZWE,1991,26.896
Zimbabwe,ZWE,1992,27.666
Zimbabwe,ZWE,1993,28.074
Zimbabwe,ZWE,1994,28.107
Zimbabwe,ZWE,1995,28.369
Zimbabwe,ZWE,1996,28.844
Zimbabwe,ZWE,1997,29.391
Zimbabwe,ZWE,1998,29.971
Zimbabwe,ZWE,1999,30.46
Zimbabwe,ZWE,2000,30.741
Zimbabwe,ZWE,2001,30.947
Zimbabwe,ZWE,2002,31.246
Zimbabwe,ZWE,2003,31.62
Zimbabwe,ZWE,2004,31.966
Zimbabwe,ZWE,2005,32.269
Zimbabwe,ZWE,2006,32.665
Zimbabwe,ZWE,2007,33.098
Zimbabwe,ZWE,2008,33.499
Zimbabwe,ZWE,2009,33.974
Zimbabwe,ZWE,2010,34.526
Zimbabwe,ZWE,2011,35.144
Zimbabwe,ZWE,2012,35.719
Zimbabwe,ZWE,2013,36.225
Zimbabwe,ZWE,2014,36.726
Zimbabwe,ZWE,2015,37.221
Zimbabwe,ZWE,2016,37.741
Zimbabwe,ZWE,2017,38.29
Zimbabwe,ZWE,2018,38.864
Zimbabwe,ZWE,2019,39.476
Zimbabwe,ZWE,2020,40.137
Zimbabwe,ZWE,2021,40.835
Zimbabwe,ZWE,2022,41.538
Zimbabwe,ZWE,2023,42.241