Entity,Code,Year,Infant mortality rate
Afghanistan,AFG,1950,28.1608
Afghanistan,AFG,1951,27.7376
Afghanistan,AFG,1952,27.3072
Afghanistan,AFG,1953,26.8729
Afghanistan,AFG,1954,26.4727
Afghanistan,AFG,1955,25.9789
Afghanistan,AFG,1956,25.5383
Afghanistan,AFG,1957,25.0901
Afghanistan,AFG,1958,24.658
Afghanistan,AFG,1959,24.2333
Afghanistan,AFG,1960,23.8298
Afghanistan,AFG,1961,23.4314
Afghanistan,AFG,1962,23.0406
Afghanistan,AFG,1963,22.6706
Afghanistan,AFG,1964,22.2883
Afghanistan,AFG,1965,21.9224
Afghanistan,AFG,1966,21.5625
Afghanistan,AFG,1967,21.2018
Afghanistan,AFG,1968,20.836
Afghanistan,AFG,1969,20.4773
Afghanistan,AFG,1970,20.1173
Afghanistan,AFG,1971,19.7623
Afghanistan,AFG,1972,19.4114
Afghanistan,AFG,1973,19.0411
Afghanistan,AFG,1974,18.6769
Afghanistan,AFG,1975,18.2957
Afghanistan,AFG,1976,17.917
Afghanistan,AFG,1977,17.5212
Afghanistan,AFG,1978,17.3836
Afghanistan,AFG,1979,17.3141
Afghanistan,AFG,1980,16.9379
Afghanistan,AFG,1981,16.6083
Afghanistan,AFG,1982,16.9985
Afghanistan,AFG,1983,16.601
Afghanistan,AFG,1984,17.5734
Afghanistan,AFG,1985,17.1248
Afghanistan,AFG,1986,15.345
Afghanistan,AFG,1987,14.9708
Afghanistan,AFG,1988,13.8433
Afghanistan,AFG,1989,13.3362
Afghanistan,AFG,1990,12.9588
Afghanistan,AFG,1991,12.6544
Afghanistan,AFG,1992,12.1089
Afghanistan,AFG,1993,11.2799
Afghanistan,AFG,1994,10.8938
Afghanistan,AFG,1995,10.6061
Afghanistan,AFG,1996,10.2994
Afghanistan,AFG,1997,10.0756
Afghanistan,AFG,1998,9.8918
Afghanistan,AFG,1999,9.49
Afghanistan,AFG,2000,9.2106
Afghanistan,AFG,2001,8.9492
Afghanistan,AFG,2002,8.6845
Afghanistan,AFG,2003,8.3412
Afghanistan,AFG,2004,8.0574
Afghanistan,AFG,2005,7.8012
Afghanistan,AFG,2006,7.5332
Afghanistan,AFG,2007,7.2364
Afghanistan,AFG,2008,6.9647
Afghanistan,AFG,2009,6.7635
Afghanistan,AFG,2010,6.5419
Afghanistan,AFG,2011,6.2952
Afghanistan,AFG,2012,6.078
Afghanistan,AFG,2013,5.8788
Afghanistan,AFG,2014,5.7475
Afghanistan,AFG,2015,5.6128
Afghanistan,AFG,2016,5.4487
Afghanistan,AFG,2017,5.1546
Afghanistan,AFG,2018,5.0062
Afghanistan,AFG,2019,4.8981
Afghanistan,AFG,2020,4.8009
Afghanistan,AFG,2021,4.6924
Afghanistan,AFG,2022,4.5192
Afghanistan,AFG,2023,4.3951
Africa (UN),UN_AFR,1950,17.236
Africa (UN),UN_AFR,1951,17.0124
Africa (UN),UN_AFR,1952,16.7991
Africa (UN),UN_AFR,1953,16.5846
Africa (UN),UN_AFR,1954,16.3687
Africa (UN),UN_AFR,1955,16.1488
Africa (UN),UN_AFR,1956,15.9349
Africa (UN),UN_AFR,1957,16.0111
Africa (UN),UN_AFR,1958,15.7984
Africa (UN),UN_AFR,1959,15.3061
Africa (UN),UN_AFR,1960,15.119
Africa (UN),UN_AFR,1961,14.9251
Africa (UN),UN_AFR,1962,14.7445
Africa (UN),UN_AFR,1963,14.5662
Africa (UN),UN_AFR,1964,14.387
Africa (UN),UN_AFR,1965,14.2345
Africa (UN),UN_AFR,1966,14.1763
Africa (UN),UN_AFR,1967,13.9313
Africa (UN),UN_AFR,1968,13.7406
Africa (UN),UN_AFR,1969,13.5939
Africa (UN),UN_AFR,1970,13.4366
Africa (UN),UN_AFR,1971,13.2736
Africa (UN),UN_AFR,1972,13.1674
Africa (UN),UN_AFR,1973,12.9681
Africa (UN),UN_AFR,1974,12.9009
Africa (UN),UN_AFR,1975,12.7103
Africa (UN),UN_AFR,1976,12.3561
Africa (UN),UN_AFR,1977,12.1434
Africa (UN),UN_AFR,1978,11.9419
Africa (UN),UN_AFR,1979,11.7046
Africa (UN),UN_AFR,1980,11.5033
Africa (UN),UN_AFR,1981,11.3011
Africa (UN),UN_AFR,1982,11.0747
Africa (UN),UN_AFR,1983,11.3148
Africa (UN),UN_AFR,1984,11.1227
Africa (UN),UN_AFR,1985,10.9138
Africa (UN),UN_AFR,1986,10.6601
Africa (UN),UN_AFR,1987,10.2178
Africa (UN),UN_AFR,1988,10.3873
Africa (UN),UN_AFR,1989,10.003
Africa (UN),UN_AFR,1990,9.9316
Africa (UN),UN_AFR,1991,10.0033
Africa (UN),UN_AFR,1992,9.9199
Africa (UN),UN_AFR,1993,9.657
Africa (UN),UN_AFR,1994,9.6399
Africa (UN),UN_AFR,1995,9.4414
Africa (UN),UN_AFR,1996,9.3304
Africa (UN),UN_AFR,1997,9.1779
Africa (UN),UN_AFR,1998,9.0807
Africa (UN),UN_AFR,1999,8.8026
Africa (UN),UN_AFR,2000,8.5688
Africa (UN),UN_AFR,2001,8.3367
Africa (UN),UN_AFR,2002,8.1089
Africa (UN),UN_AFR,2003,7.8578
Africa (UN),UN_AFR,2004,7.5975
Africa (UN),UN_AFR,2005,7.3425
Africa (UN),UN_AFR,2006,7.0816
Africa (UN),UN_AFR,2007,6.8366
Africa (UN),UN_AFR,2008,6.6062
Africa (UN),UN_AFR,2009,6.4517
Africa (UN),UN_AFR,2010,6.1978
Africa (UN),UN_AFR,2011,6.1415
Africa (UN),UN_AFR,2012,5.8254
Africa (UN),UN_AFR,2013,5.6476
Africa (UN),UN_AFR,2014,5.5539
Africa (UN),UN_AFR,2015,5.4266
Africa (UN),UN_AFR,2016,5.3034
Africa (UN),UN_AFR,2017,5.1971
Africa (UN),UN_AFR,2018,5.007
Africa (UN),UN_AFR,2019,4.8917
Africa (UN),UN_AFR,2020,4.7262
Africa (UN),UN_AFR,2021,4.6419
Africa (UN),UN_AFR,2022,4.6159
Africa (UN),UN_AFR,2023,4.4123
Albania,ALB,1950,19.3565
Albania,ALB,1951,18.9429
Albania,ALB,1952,18.5445
Albania,ALB,1953,18.1303
Albania,ALB,1954,17.6899
Albania,ALB,1955,17.215
Albania,ALB,1956,16.7058
Albania,ALB,1957,16.1704
Albania,ALB,1958,15.6035
Albania,ALB,1959,15.012
Albania,ALB,1960,14.4001
Albania,ALB,1961,13.7762
Albania,ALB,1962,13.1586
Albania,ALB,1963,12.5261
Albania,ALB,1964,11.8943
Albania,ALB,1965,11.2656
Albania,ALB,1966,10.644
Albania,ALB,1967,10.0348
Albania,ALB,1968,9.4393
Albania,ALB,1969,8.8651
Albania,ALB,1970,8.3226
Albania,ALB,1971,7.8069
Albania,ALB,1972,7.316
Albania,ALB,1973,6.8705
Albania,ALB,1974,6.4687
Albania,ALB,1975,6.1088
Albania,ALB,1976,5.7921
Albania,ALB,1977,5.5191
Albania,ALB,1978,5.2864
Albania,ALB,1979,5.093
Albania,ALB,1980,4.9277
Albania,ALB,1981,4.7842
Albania,ALB,1982,4.6529
Albania,ALB,1983,4.5252
Albania,ALB,1984,4.3923
Albania,ALB,1985,4.2551
Albania,ALB,1986,4.0988
Albania,ALB,1987,3.9396
Albania,ALB,1988,3.7765
Albania,ALB,1989,3.6151
Albania,ALB,1990,3.4626
Albania,ALB,1991,3.3205
Albania,ALB,1992,3.1895
Albania,ALB,1993,3.0625
Albania,ALB,1994,2.9486
Albania,ALB,1995,2.8365
Albania,ALB,1996,2.7271
Albania,ALB,1997,2.6928
Albania,ALB,1998,2.51
Albania,ALB,1999,2.3992
Albania,ALB,2000,2.2854
Albania,ALB,2001,2.1698
Albania,ALB,2002,2.0542
Albania,ALB,2003,1.9337
Albania,ALB,2004,1.8128
Albania,ALB,2005,1.6931
Albania,ALB,2006,1.5728
Albania,ALB,2007,1.4571
Albania,ALB,2008,1.347
Albania,ALB,2009,1.2445
Albania,ALB,2010,1.1514
Albania,ALB,2011,1.0692
Albania,ALB,2012,0.9996
Albania,ALB,2013,0.9423
Albania,ALB,2014,0.8974
Albania,ALB,2015,0.8641
Albania,ALB,2016,0.8408
Albania,ALB,2017,0.8251
Albania,ALB,2018,0.8158
Albania,ALB,2019,0.815
Albania,ALB,2020,0.8101
Albania,ALB,2021,0.8107
Albania,ALB,2022,0.8267
Albania,ALB,2023,0.8137
Algeria,DZA,1950,16.9746
Algeria,DZA,1951,16.8176
Algeria,DZA,1952,16.6663
Algeria,DZA,1953,16.5206
Algeria,DZA,1954,16.4171
Algeria,DZA,1955,16.2831
Algeria,DZA,1956,16.187
Algeria,DZA,1957,16.1047
Algeria,DZA,1958,16.0348
Algeria,DZA,1959,15.9756
Algeria,DZA,1960,15.9267
Algeria,DZA,1961,15.9007
Algeria,DZA,1962,16.1126
Algeria,DZA,1963,15.9107
Algeria,DZA,1964,15.9368
Algeria,DZA,1965,15.9659
Algeria,DZA,1966,15.9812
Algeria,DZA,1967,15.9577
Algeria,DZA,1968,15.9011
Algeria,DZA,1969,15.8019
Algeria,DZA,1970,15.6405
Algeria,DZA,1971,15.4278
Algeria,DZA,1972,15.1545
Algeria,DZA,1973,14.8263
Algeria,DZA,1974,14.442
Algeria,DZA,1975,14.0055
Algeria,DZA,1976,13.5132
Algeria,DZA,1977,12.9556
Algeria,DZA,1978,12.3114
Algeria,DZA,1979,11.5739
Algeria,DZA,1980,10.7612
Algeria,DZA,1981,9.7948
Algeria,DZA,1982,8.8026
Algeria,DZA,1983,7.8139
Algeria,DZA,1984,6.8911
Algeria,DZA,1985,6.1006
Algeria,DZA,1986,5.4597
Algeria,DZA,1987,4.9741
Algeria,DZA,1988,4.6263
Algeria,DZA,1989,4.3895
Algeria,DZA,1990,4.2352
Algeria,DZA,1991,4.1354
Algeria,DZA,1992,4.0667
Algeria,DZA,1993,4.0094
Algeria,DZA,1994,3.9533
Algeria,DZA,1995,3.8847
Algeria,DZA,1996,3.8075
Algeria,DZA,1997,3.72
Algeria,DZA,1998,3.6225
Algeria,DZA,1999,3.5176
Algeria,DZA,2000,3.4087
Algeria,DZA,2001,3.3234
Algeria,DZA,2002,3.17
Algeria,DZA,2003,3.0635
Algeria,DZA,2004,2.9227
Algeria,DZA,2005,2.8052
Algeria,DZA,2006,2.6938
Algeria,DZA,2007,2.5943
Algeria,DZA,2008,2.5005
Algeria,DZA,2009,2.4157
Algeria,DZA,2010,2.3422
Algeria,DZA,2011,2.2819
Algeria,DZA,2012,2.232
Algeria,DZA,2013,2.1869
Algeria,DZA,2014,2.1486
Algeria,DZA,2015,2.1128
Algeria,DZA,2016,2.077
Algeria,DZA,2017,2.0403
Algeria,DZA,2018,2.0011
Algeria,DZA,2019,1.959
Algeria,DZA,2020,1.9151
Algeria,DZA,2021,1.8699
Algeria,DZA,2022,1.8243
Algeria,DZA,2023,1.7798
American Samoa,ASM,1950,7.3829
American Samoa,ASM,1951,7.0373
American Samoa,ASM,1952,6.7076
American Samoa,ASM,1953,6.3863
American Samoa,ASM,1954,6.072
American Samoa,ASM,1955,5.7648
American Samoa,ASM,1956,5.4656
American Samoa,ASM,1957,5.1779
American Samoa,ASM,1958,4.9058
American Samoa,ASM,1959,4.6506
American Samoa,ASM,1960,4.414
American Samoa,ASM,1961,4.1945
American Samoa,ASM,1962,3.9941
American Samoa,ASM,1963,3.8098
American Samoa,ASM,1964,3.6384
American Samoa,ASM,1965,3.4778
American Samoa,ASM,1966,4.656
American Samoa,ASM,1967,3.1832
American Samoa,ASM,1968,3.0486
American Samoa,ASM,1969,2.9227
American Samoa,ASM,1970,2.8041
American Samoa,ASM,1971,2.6911
American Samoa,ASM,1972,2.5817
American Samoa,ASM,1973,2.4732
American Samoa,ASM,1974,2.3629
American Samoa,ASM,1975,2.251
American Samoa,ASM,1976,2.1396
American Samoa,ASM,1977,2.0286
American Samoa,ASM,1978,1.9197
American Samoa,ASM,1979,1.8145
American Samoa,ASM,1980,1.7136
American Samoa,ASM,1981,1.6229
American Samoa,ASM,1982,1.5415
American Samoa,ASM,1983,1.4707
American Samoa,ASM,1984,1.4118
American Samoa,ASM,1985,1.3649
American Samoa,ASM,1986,1.3287
American Samoa,ASM,1987,1.3016
American Samoa,ASM,1988,1.2813
American Samoa,ASM,1989,1.2661
American Samoa,ASM,1990,1.2537
American Samoa,ASM,1991,1.2422
American Samoa,ASM,1992,1.2317
American Samoa,ASM,1993,1.2212
American Samoa,ASM,1994,1.21
American Samoa,ASM,1995,1.1985
American Samoa,ASM,1996,1.1854
American Samoa,ASM,1997,1.1712
American Samoa,ASM,1998,1.1554
American Samoa,ASM,1999,1.1377
American Samoa,ASM,2000,1.1169
American Samoa,ASM,2001,1.0933
American Samoa,ASM,2002,1.0659
American Samoa,ASM,2003,1.147
American Samoa,ASM,2004,1.0036
American Samoa,ASM,2005,0.9726
American Samoa,ASM,2006,0.9445
American Samoa,ASM,2007,0.9211
American Samoa,ASM,2008,0.9033
American Samoa,ASM,2009,1.0613
American Samoa,ASM,2010,0.8837
American Samoa,ASM,2011,0.8801
American Samoa,ASM,2012,0.8789
American Samoa,ASM,2013,0.8789
American Samoa,ASM,2014,0.8793
American Samoa,ASM,2015,0.8797
American Samoa,ASM,2016,0.8793
American Samoa,ASM,2017,0.8779
American Samoa,ASM,2018,0.875
American Samoa,ASM,2019,0.8705
American Samoa,ASM,2020,0.8646
American Samoa,ASM,2021,0.8582
American Samoa,ASM,2022,0.8507
American Samoa,ASM,2023,0.8434
Andorra,AND,1950,4.0948
Andorra,AND,1951,3.9447
Andorra,AND,1952,3.794
Andorra,AND,1953,3.5424
Andorra,AND,1954,3.2873
Andorra,AND,1955,3.0863
Andorra,AND,1956,2.9212
Andorra,AND,1957,2.777
Andorra,AND,1958,2.6016
Andorra,AND,1959,2.461
Andorra,AND,1960,2.3179
Andorra,AND,1961,2.193
Andorra,AND,1962,2.0871
Andorra,AND,1963,2.0115
Andorra,AND,1964,1.929
Andorra,AND,1965,1.8702
Andorra,AND,1966,1.8232
Andorra,AND,1967,1.7914
Andorra,AND,1968,1.7572
Andorra,AND,1969,1.7289
Andorra,AND,1970,1.6841
Andorra,AND,1971,1.6404
Andorra,AND,1972,1.5823
Andorra,AND,1973,1.5308
Andorra,AND,1974,1.479
Andorra,AND,1975,1.4325
Andorra,AND,1976,1.3795
Andorra,AND,1977,1.3294
Andorra,AND,1978,1.2743
Andorra,AND,1979,1.221
Andorra,AND,1980,1.1715
Andorra,AND,1981,1.1321
Andorra,AND,1982,1.0984
Andorra,AND,1983,1.0744
Andorra,AND,1984,1.0552
Andorra,AND,1985,1.0413
Andorra,AND,1986,1.0251
Andorra,AND,1987,1.0123
Andorra,AND,1988,0.9895
Andorra,AND,1989,0.9644
Andorra,AND,1990,0.9194
Andorra,AND,1991,0.8777
Andorra,AND,1992,0.8282
Andorra,AND,1993,0.787
Andorra,AND,1994,0.7513
Andorra,AND,1995,0.738
Andorra,AND,1996,0.7212
Andorra,AND,1997,0.7103
Andorra,AND,1998,0.7006
Andorra,AND,1999,0.6805
Andorra,AND,2000,0.6577
Andorra,AND,2001,0.6376
Andorra,AND,2002,0.6202
Andorra,AND,2003,0.6041
Andorra,AND,2004,0.6
Andorra,AND,2005,0.5818
Andorra,AND,2006,0.5628
Andorra,AND,2007,0.5451
Andorra,AND,2008,0.5299
Andorra,AND,2009,0.5144
Andorra,AND,2010,0.509
Andorra,AND,2011,0.5073
Andorra,AND,2012,0.5054
Andorra,AND,2013,0.5032
Andorra,AND,2014,0.5
Andorra,AND,2015,0.4985
Andorra,AND,2016,0.5023
Andorra,AND,2017,0.51
Andorra,AND,2018,0.5169
Andorra,AND,2019,0.5253
Andorra,AND,2020,0.5335
Andorra,AND,2021,0.531
Andorra,AND,2022,0.5292
Andorra,AND,2023,0.5276
Angola,AGO,1950,18.0996
Angola,AGO,1951,18.0264
Angola,AGO,1952,17.955
Angola,AGO,1953,17.8811
Angola,AGO,1954,17.8034
Angola,AGO,1955,17.7205
Angola,AGO,1956,17.6318
Angola,AGO,1957,17.5369
Angola,AGO,1958,17.4357
Angola,AGO,1959,17.328
Angola,AGO,1960,17.2138
Angola,AGO,1961,17.0934
Angola,AGO,1962,16.9667
Angola,AGO,1963,16.8339
Angola,AGO,1964,16.6957
Angola,AGO,1965,16.5524
Angola,AGO,1966,16.4045
Angola,AGO,1967,16.2528
Angola,AGO,1968,16.0982
Angola,AGO,1969,15.9416
Angola,AGO,1970,15.7839
Angola,AGO,1971,15.626
Angola,AGO,1972,15.47
Angola,AGO,1973,15.3146
Angola,AGO,1974,15.1634
Angola,AGO,1975,15.1485
Angola,AGO,1976,15.0655
Angola,AGO,1977,14.9216
Angola,AGO,1978,14.7823
Angola,AGO,1979,14.6516
Angola,AGO,1980,14.5271
Angola,AGO,1981,14.4101
Angola,AGO,1982,14.2991
Angola,AGO,1983,14.3967
Angola,AGO,1984,14.2985
Angola,AGO,1985,14.2127
Angola,AGO,1986,14.1276
Angola,AGO,1987,14.4429
Angola,AGO,1988,14.2992
Angola,AGO,1989,14.2394
Angola,AGO,1990,14.1962
Angola,AGO,1991,13.8463
Angola,AGO,1992,14.1615
Angola,AGO,1993,13.8027
Angola,AGO,1994,13.5401
Angola,AGO,1995,13.4729
Angola,AGO,1996,13.3736
Angola,AGO,1997,13.2452
Angola,AGO,1998,13.3159
Angola,AGO,1999,12.9697
Angola,AGO,2000,12.8509
Angola,AGO,2001,12.465
Angola,AGO,2002,12.2295
Angola,AGO,2003,11.6349
Angola,AGO,2004,11.2209
Angola,AGO,2005,10.7732
Angola,AGO,2006,10.3295
Angola,AGO,2007,9.8195
Angola,AGO,2008,9.3198
Angola,AGO,2009,8.8329
Angola,AGO,2010,8.3593
Angola,AGO,2011,7.9154
Angola,AGO,2012,7.4867
Angola,AGO,2013,7.1028
Angola,AGO,2014,6.7616
Angola,AGO,2015,6.461
Angola,AGO,2016,6.1924
Angola,AGO,2017,5.9481
Angola,AGO,2018,5.7308
Angola,AGO,2019,5.5343
Angola,AGO,2020,5.3517
Angola,AGO,2021,5.1818
Angola,AGO,2022,5.019
Angola,AGO,2023,4.8637
Anguilla,AIA,1950,10.3425
Anguilla,AIA,1951,10.0307
Anguilla,AIA,1952,9.7381
Anguilla,AIA,1953,9.4477
Anguilla,AIA,1954,9.1597
Anguilla,AIA,1955,8.8721
Anguilla,AIA,1956,8.5896
Anguilla,AIA,1957,8.2971
Anguilla,AIA,1958,8.0076
Anguilla,AIA,1959,7.7196
Anguilla,AIA,1960,7.6906
Anguilla,AIA,1961,7.1384
Anguilla,AIA,1962,6.851
Anguilla,AIA,1963,6.5661
Anguilla,AIA,1964,6.2855
Anguilla,AIA,1965,6.0064
Anguilla,AIA,1966,5.7364
Anguilla,AIA,1967,5.4696
Anguilla,AIA,1968,5.2067
Anguilla,AIA,1969,4.9457
Anguilla,AIA,1970,4.689
Anguilla,AIA,1971,4.4384
Anguilla,AIA,1972,4.1904
Anguilla,AIA,1973,3.9492
Anguilla,AIA,1974,3.7155
Anguilla,AIA,1975,3.5003
Anguilla,AIA,1976,3.2913
Anguilla,AIA,1977,3.0908
Anguilla,AIA,1978,2.904
Anguilla,AIA,1979,2.7329
Anguilla,AIA,1980,2.5809
Anguilla,AIA,1981,2.4455
Anguilla,AIA,1982,2.326
Anguilla,AIA,1983,2.2214
Anguilla,AIA,1984,2.1275
Anguilla,AIA,1985,2.0459
Anguilla,AIA,1986,1.9631
Anguilla,AIA,1987,1.8788
Anguilla,AIA,1988,1.7936
Anguilla,AIA,1989,1.7105
Anguilla,AIA,1990,1.6288
Anguilla,AIA,1991,1.551
Anguilla,AIA,1992,1.4716
Anguilla,AIA,1993,1.4032
Anguilla,AIA,1994,1.3382
Anguilla,AIA,1995,1.2769
Anguilla,AIA,1996,1.2208
Anguilla,AIA,1997,1.1677
Anguilla,AIA,1998,1.1172
Anguilla,AIA,1999,1.0712
Anguilla,AIA,2000,1.0298
Anguilla,AIA,2001,0.9925
Anguilla,AIA,2002,0.9562
Anguilla,AIA,2003,0.922
Anguilla,AIA,2004,0.89
Anguilla,AIA,2005,0.8601
Anguilla,AIA,2006,0.8322
Anguilla,AIA,2007,0.8056
Anguilla,AIA,2008,0.7807
Anguilla,AIA,2009,0.7572
Anguilla,AIA,2010,0.7346
Anguilla,AIA,2011,0.7133
Anguilla,AIA,2012,0.6915
Anguilla,AIA,2013,0.6712
Anguilla,AIA,2014,0.6515
Anguilla,AIA,2015,0.632
Anguilla,AIA,2016,0.6127
Anguilla,AIA,2017,0.7066
Anguilla,AIA,2018,0.5745
Anguilla,AIA,2019,0.5557
Anguilla,AIA,2020,0.5374
Anguilla,AIA,2021,0.523
Anguilla,AIA,2022,0.5024
Anguilla,AIA,2023,0.4858
Antigua and Barbuda,ATG,1950,8.3032
Antigua and Barbuda,ATG,1951,8.0747
Antigua and Barbuda,ATG,1952,7.8609
Antigua and Barbuda,ATG,1953,7.6445
Antigua and Barbuda,ATG,1954,7.4284
Antigua and Barbuda,ATG,1955,7.2128
Antigua and Barbuda,ATG,1956,6.9919
Antigua and Barbuda,ATG,1957,6.7618
Antigua and Barbuda,ATG,1958,6.5127
Antigua and Barbuda,ATG,1959,6.238
Antigua and Barbuda,ATG,1960,5.9465
Antigua and Barbuda,ATG,1961,5.5994
Antigua and Barbuda,ATG,1962,5.2386
Antigua and Barbuda,ATG,1963,4.8592
Antigua and Barbuda,ATG,1964,4.4717
Antigua and Barbuda,ATG,1965,4.0889
Antigua and Barbuda,ATG,1966,3.723
Antigua and Barbuda,ATG,1967,3.3836
Antigua and Barbuda,ATG,1968,3.0769
Antigua and Barbuda,ATG,1969,2.8061
Antigua and Barbuda,ATG,1970,2.5709
Antigua and Barbuda,ATG,1971,2.369
Antigua and Barbuda,ATG,1972,2.1951
Antigua and Barbuda,ATG,1973,2.0446
Antigua and Barbuda,ATG,1974,1.9116
Antigua and Barbuda,ATG,1975,1.7902
Antigua and Barbuda,ATG,1976,1.6766
Antigua and Barbuda,ATG,1977,1.569
Antigua and Barbuda,ATG,1978,1.4677
Antigua and Barbuda,ATG,1979,1.374
Antigua and Barbuda,ATG,1980,1.29
Antigua and Barbuda,ATG,1981,1.217
Antigua and Barbuda,ATG,1982,1.1572
Antigua and Barbuda,ATG,1983,1.1108
Antigua and Barbuda,ATG,1984,1.0771
Antigua and Barbuda,ATG,1985,1.0557
Antigua and Barbuda,ATG,1986,1.0455
Antigua and Barbuda,ATG,1987,1.0454
Antigua and Barbuda,ATG,1988,1.0542
Antigua and Barbuda,ATG,1989,1.0828
Antigua and Barbuda,ATG,1990,1.0923
Antigua and Barbuda,ATG,1991,1.1176
Antigua and Barbuda,ATG,1992,1.1451
Antigua and Barbuda,ATG,1993,1.1717
Antigua and Barbuda,ATG,1994,1.1951
Antigua and Barbuda,ATG,1995,1.2247
Antigua and Barbuda,ATG,1996,1.2237
Antigua and Barbuda,ATG,1997,1.2259
Antigua and Barbuda,ATG,1998,1.2312
Antigua and Barbuda,ATG,1999,1.2181
Antigua and Barbuda,ATG,2000,1.1887
Antigua and Barbuda,ATG,2001,1.1664
Antigua and Barbuda,ATG,2002,1.1419
Antigua and Barbuda,ATG,2003,1.1165
Antigua and Barbuda,ATG,2004,1.0911
Antigua and Barbuda,ATG,2005,1.0665
Antigua and Barbuda,ATG,2006,1.0427
Antigua and Barbuda,ATG,2007,1.0202
Antigua and Barbuda,ATG,2008,0.9989
Antigua and Barbuda,ATG,2009,0.9788
Antigua and Barbuda,ATG,2010,0.9598
Antigua and Barbuda,ATG,2011,0.9419
Antigua and Barbuda,ATG,2012,0.9249
Antigua and Barbuda,ATG,2013,0.909
Antigua and Barbuda,ATG,2014,0.8939
Antigua and Barbuda,ATG,2015,0.8792
Antigua and Barbuda,ATG,2016,0.8646
Antigua and Barbuda,ATG,2017,0.8544
Antigua and Barbuda,ATG,2018,0.8344
Antigua and Barbuda,ATG,2019,0.8178
Antigua and Barbuda,ATG,2020,0.8051
Antigua and Barbuda,ATG,2021,0.782
Antigua and Barbuda,ATG,2022,0.7634
Antigua and Barbuda,ATG,2023,0.7475
Argentina,ARG,1950,7.1996
Argentina,ARG,1951,7.0377
Argentina,ARG,1952,6.881
Argentina,ARG,1953,6.7341
Argentina,ARG,1954,6.601
Argentina,ARG,1955,6.4852
Argentina,ARG,1956,6.3881
Argentina,ARG,1957,6.3084
Argentina,ARG,1958,6.2597
Argentina,ARG,1959,6.1814
Argentina,ARG,1960,6.1213
Argentina,ARG,1961,6.055
Argentina,ARG,1962,5.98
Argentina,ARG,1963,5.897
Argentina,ARG,1964,5.8094
Argentina,ARG,1965,5.7206
Argentina,ARG,1966,5.6339
Argentina,ARG,1967,5.5431
Argentina,ARG,1968,5.4446
Argentina,ARG,1969,5.3381
Argentina,ARG,1970,5.2204
Argentina,ARG,1971,5.085
Argentina,ARG,1972,4.9375
Argentina,ARG,1973,4.7809
Argentina,ARG,1974,4.6165
Argentina,ARG,1975,4.4447
Argentina,ARG,1976,4.2743
Argentina,ARG,1977,4.1035
Argentina,ARG,1978,3.9176
Argentina,ARG,1979,3.7366
Argentina,ARG,1980,3.5662
Argentina,ARG,1981,3.4001
Argentina,ARG,1982,3.253
Argentina,ARG,1983,3.1232
Argentina,ARG,1984,3.0102
Argentina,ARG,1985,2.9136
Argentina,ARG,1986,2.8298
Argentina,ARG,1987,2.756
Argentina,ARG,1988,2.6895
Argentina,ARG,1989,2.625
Argentina,ARG,1990,2.5622
Argentina,ARG,1991,2.4977
Argentina,ARG,1992,2.4315
Argentina,ARG,1993,2.3629
Argentina,ARG,1994,2.2919
Argentina,ARG,1995,2.2187
Argentina,ARG,1996,2.1445
Argentina,ARG,1997,2.0704
Argentina,ARG,1998,1.9977
Argentina,ARG,1999,1.9272
Argentina,ARG,2000,1.8596
Argentina,ARG,2001,1.7942
Argentina,ARG,2002,1.7317
Argentina,ARG,2003,1.6714
Argentina,ARG,2004,1.6134
Argentina,ARG,2005,1.5581
Argentina,ARG,2006,1.5059
Argentina,ARG,2007,1.4566
Argentina,ARG,2008,1.41
Argentina,ARG,2009,1.3658
Argentina,ARG,2010,1.3234
Argentina,ARG,2011,1.2821
Argentina,ARG,2012,1.2418
Argentina,ARG,2013,1.2027
Argentina,ARG,2014,1.1652
Argentina,ARG,2015,1.1295
Argentina,ARG,2016,1.0959
Argentina,ARG,2017,1.064
Argentina,ARG,2018,1.0338
Argentina,ARG,2019,1.0049
Argentina,ARG,2020,0.9771
Argentina,ARG,2021,0.95
Argentina,ARG,2022,0.9237
Argentina,ARG,2023,0.898
Armenia,ARM,1950,13.9131
Armenia,ARM,1951,13.6153
Armenia,ARM,1952,13.3211
Armenia,ARM,1953,13.0287
Armenia,ARM,1954,12.7378
Armenia,ARM,1955,12.4473
Armenia,ARM,1956,12.1565
Armenia,ARM,1957,11.8662
Armenia,ARM,1958,11.5771
Armenia,ARM,1959,11.2889
Armenia,ARM,1960,11.0027
Armenia,ARM,1961,10.7199
Armenia,ARM,1962,10.4417
Armenia,ARM,1963,10.1687
Armenia,ARM,1964,9.9025
Armenia,ARM,1965,9.6438
Armenia,ARM,1966,9.3924
Armenia,ARM,1967,9.1488
Armenia,ARM,1968,8.9127
Armenia,ARM,1969,8.6839
Armenia,ARM,1970,8.4612
Armenia,ARM,1971,8.2442
Armenia,ARM,1972,8.0316
Armenia,ARM,1973,7.8187
Armenia,ARM,1974,7.5986
Armenia,ARM,1975,7.3731
Armenia,ARM,1976,7.1415
Armenia,ARM,1977,6.9009
Armenia,ARM,1978,6.6554
Armenia,ARM,1979,6.4136
Armenia,ARM,1980,6.1725
Armenia,ARM,1981,5.9382
Armenia,ARM,1982,5.7147
Armenia,ARM,1983,5.4999
Armenia,ARM,1984,5.2935
Armenia,ARM,1985,5.0948
Armenia,ARM,1986,4.9026
Armenia,ARM,1987,4.7188
Armenia,ARM,1988,6.2609
Armenia,ARM,1989,4.3586
Armenia,ARM,1990,4.1853
Armenia,ARM,1991,4.0132
Armenia,ARM,1992,3.851
Armenia,ARM,1993,3.6857
Armenia,ARM,1994,3.5278
Armenia,ARM,1995,3.3731
Armenia,ARM,1996,3.2242
Armenia,ARM,1997,3.0822
Armenia,ARM,1998,2.943
Armenia,ARM,1999,2.8087
Armenia,ARM,2000,2.6791
Armenia,ARM,2001,2.5543
Armenia,ARM,2002,2.4349
Armenia,ARM,2003,2.3193
Armenia,ARM,2004,2.2088
Armenia,ARM,2005,2.1026
Armenia,ARM,2006,2.0015
Armenia,ARM,2007,1.9048
Armenia,ARM,2008,1.8127
Armenia,ARM,2009,1.7248
Armenia,ARM,2010,1.6412
Armenia,ARM,2011,1.5616
Armenia,ARM,2012,1.4867
Armenia,ARM,2013,1.4142
Armenia,ARM,2014,1.3458
Armenia,ARM,2015,1.2821
Armenia,ARM,2016,1.2197
Armenia,ARM,2017,1.161
Armenia,ARM,2018,1.1057
Armenia,ARM,2019,1.0529
Armenia,ARM,2020,1.0027
Armenia,ARM,2021,0.9549
Armenia,ARM,2022,0.9093
Armenia,ARM,2023,0.8664
Aruba,ABW,1950,8.2585
Aruba,ABW,1951,7.8252
Aruba,ABW,1952,7.4021
Aruba,ABW,1953,6.9994
Aruba,ABW,1954,6.616
Aruba,ABW,1955,6.2519
Aruba,ABW,1956,5.9098
Aruba,ABW,1957,5.5937
Aruba,ABW,1958,5.3056
Aruba,ABW,1959,5.0453
Aruba,ABW,1960,4.811
Aruba,ABW,1961,4.5997
Aruba,ABW,1962,4.4081
Aruba,ABW,1963,4.2327
Aruba,ABW,1964,4.0696
Aruba,ABW,1965,3.9155
Aruba,ABW,1966,3.7682
Aruba,ABW,1967,3.6258
Aruba,ABW,1968,3.4878
Aruba,ABW,1969,3.3533
Aruba,ABW,1970,3.223
Aruba,ABW,1971,3.097
Aruba,ABW,1972,2.9759
Aruba,ABW,1973,2.8603
Aruba,ABW,1974,2.7501
Aruba,ABW,1975,2.6455
Aruba,ABW,1976,2.5463
Aruba,ABW,1977,2.4525
Aruba,ABW,1978,2.3642
Aruba,ABW,1979,2.282
Aruba,ABW,1980,2.2066
Aruba,ABW,1981,2.1388
Aruba,ABW,1982,2.0794
Aruba,ABW,1983,2.0287
Aruba,ABW,1984,1.9868
Aruba,ABW,1985,1.9528
Aruba,ABW,1986,1.9258
Aruba,ABW,1987,1.9044
Aruba,ABW,1988,1.8873
Aruba,ABW,1989,1.8732
Aruba,ABW,1990,1.8614
Aruba,ABW,1991,1.851
Aruba,ABW,1992,1.8415
Aruba,ABW,1993,1.8328
Aruba,ABW,1994,1.8245
Aruba,ABW,1995,1.8164
Aruba,ABW,1996,1.808
Aruba,ABW,1997,1.799
Aruba,ABW,1998,1.7885
Aruba,ABW,1999,1.7763
Aruba,ABW,2000,1.7618
Aruba,ABW,2001,1.7452
Aruba,ABW,2002,1.7255
Aruba,ABW,2003,1.703
Aruba,ABW,2004,1.6779
Aruba,ABW,2005,1.6509
Aruba,ABW,2006,1.6225
Aruba,ABW,2007,1.5933
Aruba,ABW,2008,1.564
Aruba,ABW,2009,1.5349
Aruba,ABW,2010,1.5065
Aruba,ABW,2011,1.4789
Aruba,ABW,2012,1.4523
Aruba,ABW,2013,1.4266
Aruba,ABW,2014,1.4018
Aruba,ABW,2015,1.3776
Aruba,ABW,2016,1.354
Aruba,ABW,2017,1.3308
Aruba,ABW,2018,1.3078
Aruba,ABW,2019,1.2853
Aruba,ABW,2020,1.263
Aruba,ABW,2021,1.2674
Aruba,ABW,2022,1.2191
Aruba,ABW,2023,1.1977
Asia (UN),UN_ASI,1950,15.2162
Asia (UN),UN_ASI,1951,14.9194
Asia (UN),UN_ASI,1952,14.5293
Asia (UN),UN_ASI,1953,14.2866
Asia (UN),UN_ASI,1954,14.0073
Asia (UN),UN_ASI,1955,13.7018
Asia (UN),UN_ASI,1956,13.4982
Asia (UN),UN_ASI,1957,13.2126
Asia (UN),UN_ASI,1958,12.9952
Asia (UN),UN_ASI,1959,14.5227
Asia (UN),UN_ASI,1960,15.6928
Asia (UN),UN_ASI,1961,14.1806
Asia (UN),UN_ASI,1962,12.1992
Asia (UN),UN_ASI,1963,11.748
Asia (UN),UN_ASI,1964,11.5472
Asia (UN),UN_ASI,1965,11.6192
Asia (UN),UN_ASI,1966,11.4072
Asia (UN),UN_ASI,1967,11.2012
Asia (UN),UN_ASI,1968,10.7634
Asia (UN),UN_ASI,1969,10.5235
Asia (UN),UN_ASI,1970,10.3544
Asia (UN),UN_ASI,1971,10.3208
Asia (UN),UN_ASI,1972,9.9521
Asia (UN),UN_ASI,1973,9.7606
Asia (UN),UN_ASI,1974,9.6203
Asia (UN),UN_ASI,1975,9.4933
Asia (UN),UN_ASI,1976,9.36
Asia (UN),UN_ASI,1977,9.1898
Asia (UN),UN_ASI,1978,8.9961
Asia (UN),UN_ASI,1979,8.7329
Asia (UN),UN_ASI,1980,8.506
Asia (UN),UN_ASI,1981,8.2707
Asia (UN),UN_ASI,1982,8.0069
Asia (UN),UN_ASI,1983,7.8941
Asia (UN),UN_ASI,1984,7.7143
Asia (UN),UN_ASI,1985,7.5047
Asia (UN),UN_ASI,1986,7.2738
Asia (UN),UN_ASI,1987,7.0642
Asia (UN),UN_ASI,1988,6.9289
Asia (UN),UN_ASI,1989,6.7647
Asia (UN),UN_ASI,1990,6.5871
Asia (UN),UN_ASI,1991,6.565
Asia (UN),UN_ASI,1992,6.4433
Asia (UN),UN_ASI,1993,6.3072
Asia (UN),UN_ASI,1994,6.1633
Asia (UN),UN_ASI,1995,6.0288
Asia (UN),UN_ASI,1996,5.8698
Asia (UN),UN_ASI,1997,5.7067
Asia (UN),UN_ASI,1998,5.5405
Asia (UN),UN_ASI,1999,5.3612
Asia (UN),UN_ASI,2000,5.1501
Asia (UN),UN_ASI,2001,4.982
Asia (UN),UN_ASI,2002,4.7966
Asia (UN),UN_ASI,2003,4.5943
Asia (UN),UN_ASI,2004,4.4103
Asia (UN),UN_ASI,2005,4.2109
Asia (UN),UN_ASI,2006,4.0144
Asia (UN),UN_ASI,2007,3.8309
Asia (UN),UN_ASI,2008,3.6709
Asia (UN),UN_ASI,2009,3.4982
Asia (UN),UN_ASI,2010,3.3495
Asia (UN),UN_ASI,2011,3.2004
Asia (UN),UN_ASI,2012,3.0278
Asia (UN),UN_ASI,2013,2.9083
Asia (UN),UN_ASI,2014,2.7607
Asia (UN),UN_ASI,2015,2.6648
Asia (UN),UN_ASI,2016,2.538
Asia (UN),UN_ASI,2017,2.4271
Asia (UN),UN_ASI,2018,2.3897
Asia (UN),UN_ASI,2019,2.3213
Asia (UN),UN_ASI,2020,2.2906
Asia (UN),UN_ASI,2021,2.2458
Asia (UN),UN_ASI,2022,2.1923
Asia (UN),UN_ASI,2023,2.1296
Australia,AUS,1950,2.4859
Australia,AUS,1951,2.514
Australia,AUS,1952,2.4145
Australia,AUS,1953,2.3302
Australia,AUS,1954,2.2309
Australia,AUS,1955,2.2129
Australia,AUS,1956,2.1798
Australia,AUS,1957,2.1787
Australia,AUS,1958,2.0581
Australia,AUS,1959,2.1576
Australia,AUS,1960,2.0088
Australia,AUS,1961,1.9826
Australia,AUS,1962,2.027
Australia,AUS,1963,1.9521
Australia,AUS,1964,1.8671
Australia,AUS,1965,1.8544
Australia,AUS,1966,1.818
Australia,AUS,1967,1.8032
Australia,AUS,1968,1.8041
Australia,AUS,1969,1.8453
Australia,AUS,1970,1.8551
Australia,AUS,1971,1.7756
Australia,AUS,1972,1.6583
Australia,AUS,1973,1.5725
Australia,AUS,1974,1.5769
Australia,AUS,1975,1.3842
Australia,AUS,1976,1.3569
Australia,AUS,1977,1.2371
Australia,AUS,1978,1.2168
Australia,AUS,1979,1.1089
Australia,AUS,1980,1.0605
Australia,AUS,1981,1.0387
Australia,AUS,1982,1.0108
Australia,AUS,1983,0.9671
Australia,AUS,1984,0.9433
Australia,AUS,1985,0.9838
Australia,AUS,1986,0.8829
Australia,AUS,1987,0.8962
Australia,AUS,1988,0.8205
Australia,AUS,1989,0.8486
Australia,AUS,1990,0.7917
Australia,AUS,1991,0.6861
Australia,AUS,1992,0.6905
Australia,AUS,1993,0.6032
Australia,AUS,1994,0.5951
Australia,AUS,1995,0.5657
Australia,AUS,1996,0.5725
Australia,AUS,1997,0.5508
Australia,AUS,1998,0.5024
Australia,AUS,1999,0.5683
Australia,AUS,2000,0.5089
Australia,AUS,2001,0.5116
Australia,AUS,2002,0.4996
Australia,AUS,2003,0.4835
Australia,AUS,2004,0.4699
Australia,AUS,2005,0.5078
Australia,AUS,2006,0.4796
Australia,AUS,2007,0.4273
Australia,AUS,2008,0.4252
Australia,AUS,2009,0.4132
Australia,AUS,2010,0.4093
Australia,AUS,2011,0.3783
Australia,AUS,2012,0.3335
Australia,AUS,2013,0.3652
Australia,AUS,2014,0.3397
Australia,AUS,2015,0.3124
Australia,AUS,2016,0.3055
Australia,AUS,2017,0.3352
Australia,AUS,2018,0.3138
Australia,AUS,2019,0.3236
Australia,AUS,2020,0.3081
Australia,AUS,2021,0.3369
Australia,AUS,2022,0.3643
Australia,AUS,2023,0.3191
Austria,AUT,1950,6.5299
Austria,AUT,1951,5.9966
Austria,AUT,1952,5.2225
Austria,AUT,1953,4.9724
Austria,AUT,1954,4.843
Austria,AUT,1955,4.6455
Austria,AUT,1956,4.4393
Austria,AUT,1957,4.4434
Austria,AUT,1958,4.073
Austria,AUT,1959,4.0258
Austria,AUT,1960,3.7536
Austria,AUT,1961,3.3364
Austria,AUT,1962,3.2881
Austria,AUT,1963,3.1098
Austria,AUT,1964,2.9143
Austria,AUT,1965,2.764
Austria,AUT,1966,2.8013
Austria,AUT,1967,2.616
Austria,AUT,1968,2.5235
Austria,AUT,1969,2.4827
Austria,AUT,1970,2.4926
Austria,AUT,1971,2.558
Austria,AUT,1972,2.4586
Austria,AUT,1973,2.3013
Austria,AUT,1974,2.3365
Austria,AUT,1975,2.0067
Austria,AUT,1976,1.7662
Austria,AUT,1977,1.6657
Austria,AUT,1978,1.4979
Austria,AUT,1979,1.4767
Austria,AUT,1980,1.4641
Austria,AUT,1981,1.2592
Austria,AUT,1982,1.2759
Austria,AUT,1983,1.1543
Austria,AUT,1984,1.1325
Austria,AUT,1985,1.0954
Austria,AUT,1986,1.0193
Austria,AUT,1987,0.9784
Austria,AUT,1988,0.8135
Austria,AUT,1989,0.8282
Austria,AUT,1990,0.7874
Austria,AUT,1991,0.7605
Austria,AUT,1992,0.7544
Austria,AUT,1993,0.6451
Austria,AUT,1994,0.6168
Austria,AUT,1995,0.5323
Austria,AUT,1996,0.5084
Austria,AUT,1997,0.4532
Austria,AUT,1998,0.4831
Austria,AUT,1999,0.4245
Austria,AUT,2000,0.4774
Austria,AUT,2001,0.4751
Austria,AUT,2002,0.4187
Austria,AUT,2003,0.4429
Austria,AUT,2004,0.4547
Austria,AUT,2005,0.415
Austria,AUT,2006,0.3605
Austria,AUT,2007,0.3643
Austria,AUT,2008,0.3742
Austria,AUT,2009,0.3774
Austria,AUT,2010,0.3984
Austria,AUT,2011,0.3578
Austria,AUT,2012,0.324
Austria,AUT,2013,0.3131
Austria,AUT,2014,0.3123
Austria,AUT,2015,0.3144
Austria,AUT,2016,0.3166
Austria,AUT,2017,0.293
Austria,AUT,2018,0.2692
Austria,AUT,2019,0.2988
Austria,AUT,2020,0.3159
Austria,AUT,2021,0.2817
Austria,AUT,2022,0.2858
Austria,AUT,2023,0.2753
Azerbaijan,AZE,1950,15.2206
Azerbaijan,AZE,1951,14.9837
Azerbaijan,AZE,1952,14.7482
Azerbaijan,AZE,1953,14.5101
Azerbaijan,AZE,1954,14.2697
Azerbaijan,AZE,1955,14.0226
Azerbaijan,AZE,1956,13.7663
Azerbaijan,AZE,1957,13.5016
Azerbaijan,AZE,1958,13.2258
Azerbaijan,AZE,1959,12.9355
Azerbaijan,AZE,1960,12.6365
Azerbaijan,AZE,1961,12.3333
Azerbaijan,AZE,1962,12.0295
Azerbaijan,AZE,1963,11.7307
Azerbaijan,AZE,1964,11.4418
Azerbaijan,AZE,1965,11.1672
Azerbaijan,AZE,1966,10.9049
Azerbaijan,AZE,1967,10.6544
Azerbaijan,AZE,1968,10.415
Azerbaijan,AZE,1969,10.1855
Azerbaijan,AZE,1970,9.9595
Azerbaijan,AZE,1971,9.7429
Azerbaijan,AZE,1972,9.5356
Azerbaijan,AZE,1973,9.3429
Azerbaijan,AZE,1974,9.1727
Azerbaijan,AZE,1975,9.0285
Azerbaijan,AZE,1976,8.9089
Azerbaijan,AZE,1977,8.8184
Azerbaijan,AZE,1978,8.7538
Azerbaijan,AZE,1979,8.6971
Azerbaijan,AZE,1980,8.6447
Azerbaijan,AZE,1981,8.5789
Azerbaijan,AZE,1982,8.4905
Azerbaijan,AZE,1983,8.3719
Azerbaijan,AZE,1984,8.2352
Azerbaijan,AZE,1985,8.0889
Azerbaijan,AZE,1986,7.9443
Azerbaijan,AZE,1987,7.8149
Azerbaijan,AZE,1988,7.7152
Azerbaijan,AZE,1989,7.6449
Azerbaijan,AZE,1990,7.5987
Azerbaijan,AZE,1991,7.5703
Azerbaijan,AZE,1992,7.5455
Azerbaijan,AZE,1993,7.5072
Azerbaijan,AZE,1994,7.4374
Azerbaijan,AZE,1995,7.3202
Azerbaijan,AZE,1996,7.1478
Azerbaijan,AZE,1997,6.923
Azerbaijan,AZE,1998,6.6459
Azerbaijan,AZE,1999,6.3294
Azerbaijan,AZE,2000,5.9933
Azerbaijan,AZE,2001,5.6416
Azerbaijan,AZE,2002,5.2938
Azerbaijan,AZE,2003,4.96
Azerbaijan,AZE,2004,4.6472
Azerbaijan,AZE,2005,4.3554
Azerbaijan,AZE,2006,4.0862
Azerbaijan,AZE,2007,3.836
Azerbaijan,AZE,2008,3.6017
Azerbaijan,AZE,2009,3.3806
Azerbaijan,AZE,2010,3.171
Azerbaijan,AZE,2011,2.9716
Azerbaijan,AZE,2012,2.7821
Azerbaijan,AZE,2013,2.6026
Azerbaijan,AZE,2014,2.4343
Azerbaijan,AZE,2015,2.2783
Azerbaijan,AZE,2016,2.136
Azerbaijan,AZE,2017,2.0083
Azerbaijan,AZE,2018,1.895
Azerbaijan,AZE,2019,1.7957
Azerbaijan,AZE,2020,1.7085
Azerbaijan,AZE,2021,1.6308
Azerbaijan,AZE,2022,1.5596
Azerbaijan,AZE,2023,1.4946
Bahamas,BHS,1950,7.1698
Bahamas,BHS,1951,6.9986
Bahamas,BHS,1952,6.8308
Bahamas,BHS,1953,6.6647
Bahamas,BHS,1954,6.5
Bahamas,BHS,1955,6.3363
Bahamas,BHS,1956,6.1727
Bahamas,BHS,1957,6.0093
Bahamas,BHS,1958,5.8455
Bahamas,BHS,1959,5.6799
Bahamas,BHS,1960,5.5118
Bahamas,BHS,1961,5.341
Bahamas,BHS,1962,5.1667
Bahamas,BHS,1963,4.9892
Bahamas,BHS,1964,4.8072
Bahamas,BHS,1965,4.6206
Bahamas,BHS,1966,4.4431
Bahamas,BHS,1967,4.2426
Bahamas,BHS,1968,4.0582
Bahamas,BHS,1969,3.8845
Bahamas,BHS,1970,3.727
Bahamas,BHS,1971,3.5887
Bahamas,BHS,1972,3.4693
Bahamas,BHS,1973,3.3676
Bahamas,BHS,1974,3.2804
Bahamas,BHS,1975,3.2024
Bahamas,BHS,1976,3.1272
Bahamas,BHS,1977,3.052
Bahamas,BHS,1978,2.974
Bahamas,BHS,1979,2.8919
Bahamas,BHS,1980,2.8067
Bahamas,BHS,1981,2.7197
Bahamas,BHS,1982,2.634
Bahamas,BHS,1983,2.5515
Bahamas,BHS,1984,2.4726
Bahamas,BHS,1985,2.3959
Bahamas,BHS,1986,2.3224
Bahamas,BHS,1987,2.2477
Bahamas,BHS,1988,2.1703
Bahamas,BHS,1989,2.0897
Bahamas,BHS,1990,2.0067
Bahamas,BHS,1991,1.9198
Bahamas,BHS,1992,1.8408
Bahamas,BHS,1993,1.7524
Bahamas,BHS,1994,1.674
Bahamas,BHS,1995,1.602
Bahamas,BHS,1996,1.5389
Bahamas,BHS,1997,1.4872
Bahamas,BHS,1998,1.4487
Bahamas,BHS,1999,1.4254
Bahamas,BHS,2000,1.4125
Bahamas,BHS,2001,1.4111
Bahamas,BHS,2002,1.4162
Bahamas,BHS,2003,1.4233
Bahamas,BHS,2004,1.4429
Bahamas,BHS,2005,1.4289
Bahamas,BHS,2006,1.4199
Bahamas,BHS,2007,1.4057
Bahamas,BHS,2008,1.383
Bahamas,BHS,2009,1.3571
Bahamas,BHS,2010,1.329
Bahamas,BHS,2011,1.3008
Bahamas,BHS,2012,1.2751
Bahamas,BHS,2013,1.2495
Bahamas,BHS,2014,1.228
Bahamas,BHS,2015,1.2448
Bahamas,BHS,2016,1.1934
Bahamas,BHS,2017,1.1794
Bahamas,BHS,2018,1.1665
Bahamas,BHS,2019,1.5239
Bahamas,BHS,2020,1.1404
Bahamas,BHS,2021,1.1263
Bahamas,BHS,2022,1.1098
Bahamas,BHS,2023,1.0946
Bahrain,BHR,1950,20.3493
Bahrain,BHR,1951,19.9874
Bahrain,BHR,1952,19.6415
Bahrain,BHR,1953,19.2334
Bahrain,BHR,1954,18.7396
Bahrain,BHR,1955,18.1345
Bahrain,BHR,1956,17.387
Bahrain,BHR,1957,16.528
Bahrain,BHR,1958,15.6034
Bahrain,BHR,1959,14.6448
Bahrain,BHR,1960,13.6825
Bahrain,BHR,1961,12.7531
Bahrain,BHR,1962,11.8453
Bahrain,BHR,1963,10.9794
Bahrain,BHR,1964,10.1519
Bahrain,BHR,1965,9.3639
Bahrain,BHR,1966,8.6166
Bahrain,BHR,1967,7.9114
Bahrain,BHR,1968,7.2411
Bahrain,BHR,1969,6.6235
Bahrain,BHR,1970,6.0554
Bahrain,BHR,1971,5.5349
Bahrain,BHR,1972,5.0673
Bahrain,BHR,1973,4.6384
Bahrain,BHR,1974,4.2594
Bahrain,BHR,1975,3.9225
Bahrain,BHR,1976,3.6239
Bahrain,BHR,1977,3.3601
Bahrain,BHR,1978,3.1201
Bahrain,BHR,1979,2.9151
Bahrain,BHR,1980,2.7357
Bahrain,BHR,1981,2.5781
Bahrain,BHR,1982,2.4411
Bahrain,BHR,1983,2.3226
Bahrain,BHR,1984,2.2216
Bahrain,BHR,1985,2.138
Bahrain,BHR,1986,2.0713
Bahrain,BHR,1987,2.0202
Bahrain,BHR,1988,1.9803
Bahrain,BHR,1989,1.9454
Bahrain,BHR,1990,1.9078
Bahrain,BHR,1991,1.8599
Bahrain,BHR,1992,1.7961
Bahrain,BHR,1993,1.7142
Bahrain,BHR,1994,1.6165
Bahrain,BHR,1995,1.5098
Bahrain,BHR,1996,1.402
Bahrain,BHR,1997,1.301
Bahrain,BHR,1998,1.2119
Bahrain,BHR,1999,1.1373
Bahrain,BHR,2000,1.0767
Bahrain,BHR,2001,1.0281
Bahrain,BHR,2002,0.9886
Bahrain,BHR,2003,0.9549
Bahrain,BHR,2004,0.9239
Bahrain,BHR,2005,0.8937
Bahrain,BHR,2006,0.8629
Bahrain,BHR,2007,0.8313
Bahrain,BHR,2008,0.7997
Bahrain,BHR,2009,0.7692
Bahrain,BHR,2010,0.741
Bahrain,BHR,2011,0.7158
Bahrain,BHR,2012,0.6936
Bahrain,BHR,2013,0.6743
Bahrain,BHR,2014,0.6575
Bahrain,BHR,2015,0.6425
Bahrain,BHR,2016,0.6286
Bahrain,BHR,2017,0.6153
Bahrain,BHR,2018,0.6019
Bahrain,BHR,2019,0.5884
Bahrain,BHR,2020,0.6849
Bahrain,BHR,2021,0.5607
Bahrain,BHR,2022,0.5468
Bahrain,BHR,2023,0.5332
Bangladesh,BGD,1950,20.1152
Bangladesh,BGD,1951,19.7565
Bangladesh,BGD,1952,19.3988
Bangladesh,BGD,1953,19.0593
Bangladesh,BGD,1954,18.6664
Bangladesh,BGD,1955,18.3164
Bangladesh,BGD,1956,17.9972
Bangladesh,BGD,1957,17.6152
Bangladesh,BGD,1958,17.3162
Bangladesh,BGD,1959,17.0055
Bangladesh,BGD,1960,16.8789
Bangladesh,BGD,1961,16.4567
Bangladesh,BGD,1962,16.1326
Bangladesh,BGD,1963,16.0193
Bangladesh,BGD,1964,15.6961
Bangladesh,BGD,1965,15.7597
Bangladesh,BGD,1966,15.3649
Bangladesh,BGD,1967,15.238
Bangladesh,BGD,1968,15.1493
Bangladesh,BGD,1969,15.0841
Bangladesh,BGD,1970,16.3613
Bangladesh,BGD,1971,19.5722
Bangladesh,BGD,1972,14.9202
Bangladesh,BGD,1973,14.8691
Bangladesh,BGD,1974,15.0795
Bangladesh,BGD,1975,14.6747
Bangladesh,BGD,1976,14.5531
Bangladesh,BGD,1977,14.403
Bangladesh,BGD,1978,14.2232
Bangladesh,BGD,1979,14.0097
Bangladesh,BGD,1980,13.7806
Bangladesh,BGD,1981,13.5156
Bangladesh,BGD,1982,13.2328
Bangladesh,BGD,1983,12.9301
Bangladesh,BGD,1984,12.6206
Bangladesh,BGD,1985,12.3336
Bangladesh,BGD,1986,11.9389
Bangladesh,BGD,1987,11.5995
Bangladesh,BGD,1988,11.2382
Bangladesh,BGD,1989,10.8424
Bangladesh,BGD,1990,10.458
Bangladesh,BGD,1991,10.5101
Bangladesh,BGD,1992,9.6713
Bangladesh,BGD,1993,9.2786
Bangladesh,BGD,1994,8.8822
Bangladesh,BGD,1995,8.4962
Bangladesh,BGD,1996,8.102
Bangladesh,BGD,1997,7.7177
Bangladesh,BGD,1998,7.3466
Bangladesh,BGD,1999,6.9751
Bangladesh,BGD,2000,6.6249
Bangladesh,BGD,2001,6.2902
Bangladesh,BGD,2002,5.971
Bangladesh,BGD,2003,5.6702
Bangladesh,BGD,2004,5.3897
Bangladesh,BGD,2005,5.1171
Bangladesh,BGD,2006,4.8661
Bangladesh,BGD,2007,4.6499
Bangladesh,BGD,2008,4.4056
Bangladesh,BGD,2009,4.1941
Bangladesh,BGD,2010,3.9928
Bangladesh,BGD,2011,3.8024
Bangladesh,BGD,2012,3.626
Bangladesh,BGD,2013,3.4594
Bangladesh,BGD,2014,3.3027
Bangladesh,BGD,2015,3.1564
Bangladesh,BGD,2016,3.0193
Bangladesh,BGD,2017,2.8903
Bangladesh,BGD,2018,2.7689
Bangladesh,BGD,2019,2.6581
Bangladesh,BGD,2020,2.5555
Bangladesh,BGD,2021,2.4578
Bangladesh,BGD,2022,2.3681
Bangladesh,BGD,2023,2.28
Barbados,BRB,1950,14.6515
Barbados,BRB,1951,13.9595
Barbados,BRB,1952,13.2871
Barbados,BRB,1953,12.5808
Barbados,BRB,1954,11.8225
Barbados,BRB,1955,11.0939
Barbados,BRB,1956,10.1833
Barbados,BRB,1957,9.3727
Barbados,BRB,1958,8.6155
Barbados,BRB,1959,7.9349
Barbados,BRB,1960,7.3166
Barbados,BRB,1961,6.7869
Barbados,BRB,1962,6.3466
Barbados,BRB,1963,5.9692
Barbados,BRB,1964,5.6343
Barbados,BRB,1965,5.3331
Barbados,BRB,1966,5.0611
Barbados,BRB,1967,4.8197
Barbados,BRB,1968,4.5966
Barbados,BRB,1969,4.3797
Barbados,BRB,1970,4.1834
Barbados,BRB,1971,3.9694
Barbados,BRB,1972,3.771
Barbados,BRB,1973,3.5771
Barbados,BRB,1974,3.3884
Barbados,BRB,1975,3.2046
Barbados,BRB,1976,3.0267
Barbados,BRB,1977,2.8572
Barbados,BRB,1978,2.6972
Barbados,BRB,1979,2.55
Barbados,BRB,1980,2.4163
Barbados,BRB,1981,2.2978
Barbados,BRB,1982,2.1946
Barbados,BRB,1983,2.1047
Barbados,BRB,1984,2.0253
Barbados,BRB,1985,1.9532
Barbados,BRB,1986,1.8844
Barbados,BRB,1987,1.817
Barbados,BRB,1988,1.7496
Barbados,BRB,1989,1.6821
Barbados,BRB,1990,1.615
Barbados,BRB,1991,1.5507
Barbados,BRB,1992,1.4908
Barbados,BRB,1993,1.4376
Barbados,BRB,1994,1.3926
Barbados,BRB,1995,1.3567
Barbados,BRB,1996,1.3317
Barbados,BRB,1997,1.3175
Barbados,BRB,1998,1.3126
Barbados,BRB,1999,1.316
Barbados,BRB,2000,1.3255
Barbados,BRB,2001,1.3378
Barbados,BRB,2002,1.3498
Barbados,BRB,2003,1.3588
Barbados,BRB,2004,1.3641
Barbados,BRB,2005,1.3607
Barbados,BRB,2006,1.3531
Barbados,BRB,2007,1.341
Barbados,BRB,2008,1.3258
Barbados,BRB,2009,1.309
Barbados,BRB,2010,1.2916
Barbados,BRB,2011,1.274
Barbados,BRB,2012,1.2558
Barbados,BRB,2013,1.2363
Barbados,BRB,2014,1.2147
Barbados,BRB,2015,1.1903
Barbados,BRB,2016,1.1634
Barbados,BRB,2017,1.1357
Barbados,BRB,2018,1.1037
Barbados,BRB,2019,1.0719
Barbados,BRB,2020,1.0409
Barbados,BRB,2021,1.007
Barbados,BRB,2022,0.9725
Barbados,BRB,2023,0.9392
Belarus,BLR,1950,9.1474
Belarus,BLR,1951,8.568
Belarus,BLR,1952,8.0153
Belarus,BLR,1953,7.4559
Belarus,BLR,1954,6.889
Belarus,BLR,1955,6.3186
Belarus,BLR,1956,5.7446
Belarus,BLR,1957,5.1831
Belarus,BLR,1958,4.6519
Belarus,BLR,1959,4.1656
Belarus,BLR,1960,3.7351
Belarus,BLR,1961,3.363
Belarus,BLR,1962,3.0496
Belarus,BLR,1963,2.7898
Belarus,BLR,1964,2.5749
Belarus,BLR,1965,2.3987
Belarus,BLR,1966,2.2553
Belarus,BLR,1967,2.1392
Belarus,BLR,1968,2.046
Belarus,BLR,1969,1.972
Belarus,BLR,1970,1.913
Belarus,BLR,1971,1.8675
Belarus,BLR,1972,1.8331
Belarus,BLR,1973,1.8067
Belarus,BLR,1974,1.7853
Belarus,BLR,1975,1.7667
Belarus,BLR,1976,1.7485
Belarus,BLR,1977,1.7283
Belarus,BLR,1978,1.7045
Belarus,BLR,1979,1.6763
Belarus,BLR,1980,1.6434
Belarus,BLR,1981,1.6055
Belarus,BLR,1982,1.564
Belarus,BLR,1983,1.5208
Belarus,BLR,1984,1.4763
Belarus,BLR,1985,1.433
Belarus,BLR,1986,1.3922
Belarus,BLR,1987,1.3557
Belarus,BLR,1988,1.325
Belarus,BLR,1989,1.3006
Belarus,BLR,1990,1.2828
Belarus,BLR,1991,1.2707
Belarus,BLR,1992,1.2623
Belarus,BLR,1993,1.2547
Belarus,BLR,1994,1.2451
Belarus,BLR,1995,1.2298
Belarus,BLR,1996,1.2054
Belarus,BLR,1997,1.1712
Belarus,BLR,1998,1.127
Belarus,BLR,1999,1.0742
Belarus,BLR,2000,1.0147
Belarus,BLR,2001,0.9518
Belarus,BLR,2002,0.8875
Belarus,BLR,2003,0.8235
Belarus,BLR,2004,0.7614
Belarus,BLR,2005,0.7019
Belarus,BLR,2006,0.646
Belarus,BLR,2007,0.594
Belarus,BLR,2008,0.5463
Belarus,BLR,2009,0.5032
Belarus,BLR,2010,0.4648
Belarus,BLR,2011,0.4307
Belarus,BLR,2012,0.4006
Belarus,BLR,2013,0.3738
Belarus,BLR,2014,0.3495
Belarus,BLR,2015,0.3271
Belarus,BLR,2016,0.3061
Belarus,BLR,2017,0.2863
Belarus,BLR,2018,0.2676
Belarus,BLR,2019,0.2501
Belarus,BLR,2020,0.2338
Belarus,BLR,2021,0.2184
Belarus,BLR,2022,0.204
Belarus,BLR,2023,0.1905
Belgium,BEL,1950,5.2668
Belgium,BEL,1951,4.9365
Belgium,BEL,1952,4.5182
Belgium,BEL,1953,4.1472
Belgium,BEL,1954,4.146
Belgium,BEL,1955,4.0427
Belgium,BEL,1956,3.9235
Belgium,BEL,1957,3.6078
Belgium,BEL,1958,3.1391
Belgium,BEL,1959,3.0315
Belgium,BEL,1960,3.0629
Belgium,BEL,1961,2.8191
Belgium,BEL,1962,2.7098
Belgium,BEL,1963,2.727
Belgium,BEL,1964,2.5355
Belgium,BEL,1965,2.3154
Belgium,BEL,1966,2.4256
Belgium,BEL,1967,2.2503
Belgium,BEL,1968,2.1323
Belgium,BEL,1969,2.1177
Belgium,BEL,1970,2.1131
Belgium,BEL,1971,2.0165
Belgium,BEL,1972,1.8479
Belgium,BEL,1973,1.7103
Belgium,BEL,1974,1.6993
Belgium,BEL,1975,1.5807
Belgium,BEL,1976,1.535
Belgium,BEL,1977,1.3635
Belgium,BEL,1978,1.3222
Belgium,BEL,1979,1.2319
Belgium,BEL,1980,1.2152
Belgium,BEL,1981,1.1415
Belgium,BEL,1982,1.1017
Belgium,BEL,1983,1.0395
Belgium,BEL,1984,0.9927
Belgium,BEL,1985,0.9716
Belgium,BEL,1986,0.9708
Belgium,BEL,1987,0.9594
Belgium,BEL,1988,0.905
Belgium,BEL,1989,0.8555
Belgium,BEL,1990,0.8018
Belgium,BEL,1991,0.8344
Belgium,BEL,1992,0.8093
Belgium,BEL,1993,0.7899
Belgium,BEL,1994,0.7433
Belgium,BEL,1995,0.6021
Belgium,BEL,1996,0.5333
Belgium,BEL,1997,0.5549
Belgium,BEL,1998,0.5147
Belgium,BEL,1999,0.4875
Belgium,BEL,2000,0.4849
Belgium,BEL,2001,0.452
Belgium,BEL,2002,0.4369
Belgium,BEL,2003,0.4124
Belgium,BEL,2004,0.3828
Belgium,BEL,2005,0.3737
Belgium,BEL,2006,0.4058
Belgium,BEL,2007,0.406
Belgium,BEL,2008,0.3802
Belgium,BEL,2009,0.3464
Belgium,BEL,2010,0.3617
Belgium,BEL,2011,0.3334
Belgium,BEL,2012,0.3746
Belgium,BEL,2013,0.3439
Belgium,BEL,2014,0.3362
Belgium,BEL,2015,0.3244
Belgium,BEL,2016,0.3155
Belgium,BEL,2017,0.3552
Belgium,BEL,2018,0.3722
Belgium,BEL,2019,0.3618
Belgium,BEL,2020,0.3184
Belgium,BEL,2021,0.2976
Belgium,BEL,2022,0.344
Belgium,BEL,2023,0.333
Belize,BLZ,1950,12.8865
Belize,BLZ,1951,12.621
Belize,BLZ,1952,12.3577
Belize,BLZ,1953,12.093
Belize,BLZ,1954,11.8265
Belize,BLZ,1955,11.6196
Belize,BLZ,1956,11.2869
Belize,BLZ,1957,11.0153
Belize,BLZ,1958,10.7432
Belize,BLZ,1959,10.4713
Belize,BLZ,1960,10.202
Belize,BLZ,1961,10.8444
Belize,BLZ,1962,9.6607
Belize,BLZ,1963,9.3834
Belize,BLZ,1964,9.1063
Belize,BLZ,1965,8.8285
Belize,BLZ,1966,8.5496
Belize,BLZ,1967,8.2669
Belize,BLZ,1968,7.9838
Belize,BLZ,1969,7.6981
Belize,BLZ,1970,7.4134
Belize,BLZ,1971,7.1361
Belize,BLZ,1972,6.8719
Belize,BLZ,1973,6.6185
Belize,BLZ,1974,6.3791
Belize,BLZ,1975,6.1508
Belize,BLZ,1976,5.9326
Belize,BLZ,1977,5.7228
Belize,BLZ,1978,5.533
Belize,BLZ,1979,5.324
Belize,BLZ,1980,5.1316
Belize,BLZ,1981,4.9413
Belize,BLZ,1982,4.7512
Belize,BLZ,1983,4.559
Belize,BLZ,1984,4.3662
Belize,BLZ,1985,4.1711
Belize,BLZ,1986,3.9731
Belize,BLZ,1987,3.7744
Belize,BLZ,1988,3.578
Belize,BLZ,1989,3.3871
Belize,BLZ,1990,3.204
Belize,BLZ,1991,3.0317
Belize,BLZ,1992,2.8788
Belize,BLZ,1993,2.7331
Belize,BLZ,1994,2.6001
Belize,BLZ,1995,2.4828
Belize,BLZ,1996,2.3753
Belize,BLZ,1997,2.2786
Belize,BLZ,1998,2.2066
Belize,BLZ,1999,2.1078
Belize,BLZ,2000,2.0525
Belize,BLZ,2001,2.009
Belize,BLZ,2002,1.9001
Belize,BLZ,2003,1.8434
Belize,BLZ,2004,1.7928
Belize,BLZ,2005,1.7519
Belize,BLZ,2006,1.7061
Belize,BLZ,2007,1.6674
Belize,BLZ,2008,1.6427
Belize,BLZ,2009,1.5921
Belize,BLZ,2010,1.5525
Belize,BLZ,2011,1.5119
Belize,BLZ,2012,1.4677
Belize,BLZ,2013,1.4168
Belize,BLZ,2014,1.3622
Belize,BLZ,2015,1.305
Belize,BLZ,2016,1.2467
Belize,BLZ,2017,1.1882
Belize,BLZ,2018,1.1306
Belize,BLZ,2019,1.0743
Belize,BLZ,2020,1.0199
Belize,BLZ,2021,0.9774
Belize,BLZ,2022,0.9229
Belize,BLZ,2023,0.8706
Benin,BEN,1950,20.979
Benin,BEN,1951,20.7275
Benin,BEN,1952,20.4802
Benin,BEN,1953,20.2351
Benin,BEN,1954,19.9773
Benin,BEN,1955,19.7051
Benin,BEN,1956,19.4309
Benin,BEN,1957,19.1538
Benin,BEN,1958,18.8725
Benin,BEN,1959,18.5869
Benin,BEN,1960,18.2933
Benin,BEN,1961,17.9943
Benin,BEN,1962,17.6935
Benin,BEN,1963,17.3933
Benin,BEN,1964,17.0958
Benin,BEN,1965,16.8006
Benin,BEN,1966,16.4885
Benin,BEN,1967,16.1831
Benin,BEN,1968,15.8859
Benin,BEN,1969,15.5962
Benin,BEN,1970,15.3142
Benin,BEN,1971,15.0411
Benin,BEN,1972,14.7332
Benin,BEN,1973,14.4436
Benin,BEN,1974,14.1596
Benin,BEN,1975,13.8775
Benin,BEN,1976,13.5921
Benin,BEN,1977,13.3104
Benin,BEN,1978,13.0405
Benin,BEN,1979,12.7827
Benin,BEN,1980,12.5343
Benin,BEN,1981,12.2992
Benin,BEN,1982,12.0759
Benin,BEN,1983,11.8616
Benin,BEN,1984,11.6546
Benin,BEN,1985,11.4633
Benin,BEN,1986,11.2524
Benin,BEN,1987,11.0408
Benin,BEN,1988,10.8247
Benin,BEN,1989,10.6267
Benin,BEN,1990,10.4117
Benin,BEN,1991,10.2196
Benin,BEN,1992,10.0008
Benin,BEN,1993,9.7906
Benin,BEN,1994,9.5904
Benin,BEN,1995,9.4011
Benin,BEN,1996,9.2225
Benin,BEN,1997,9.0243
Benin,BEN,1998,8.8356
Benin,BEN,1999,8.6547
Benin,BEN,2000,8.4788
Benin,BEN,2001,8.3129
Benin,BEN,2002,8.1474
Benin,BEN,2003,7.9769
Benin,BEN,2004,7.8074
Benin,BEN,2005,7.6439
Benin,BEN,2006,7.4889
Benin,BEN,2007,7.3438
Benin,BEN,2008,7.2075
Benin,BEN,2009,7.068
Benin,BEN,2010,6.9389
Benin,BEN,2011,6.8007
Benin,BEN,2012,6.6681
Benin,BEN,2013,6.5387
Benin,BEN,2014,6.4127
Benin,BEN,2015,6.2886
Benin,BEN,2016,6.1581
Benin,BEN,2017,6.0279
Benin,BEN,2018,5.8982
Benin,BEN,2019,5.7597
Benin,BEN,2020,5.6237
Benin,BEN,2021,5.4917
Benin,BEN,2022,5.3654
Benin,BEN,2023,5.2318
Bermuda,BMU,1950,7.2428
Bermuda,BMU,1951,6.9067
Bermuda,BMU,1952,6.5867
Bermuda,BMU,1953,6.2793
Bermuda,BMU,1954,5.9835
Bermuda,BMU,1955,5.7007
Bermuda,BMU,1956,5.4326
Bermuda,BMU,1957,5.1809
Bermuda,BMU,1958,4.948
Bermuda,BMU,1959,4.7333
Bermuda,BMU,1960,4.5372
Bermuda,BMU,1961,4.3452
Bermuda,BMU,1962,4.1695
Bermuda,BMU,1963,4.0007
Bermuda,BMU,1964,3.8358
Bermuda,BMU,1965,3.6721
Bermuda,BMU,1966,3.5085
Bermuda,BMU,1967,3.3446
Bermuda,BMU,1968,3.1829
Bermuda,BMU,1969,3.0229
Bermuda,BMU,1970,2.8664
Bermuda,BMU,1971,2.7122
Bermuda,BMU,1972,2.5663
Bermuda,BMU,1973,2.4261
Bermuda,BMU,1974,2.2915
Bermuda,BMU,1975,2.162
Bermuda,BMU,1976,2.0369
Bermuda,BMU,1977,1.9156
Bermuda,BMU,1978,1.7988
Bermuda,BMU,1979,1.6872
Bermuda,BMU,1980,1.5815
Bermuda,BMU,1981,1.4819
Bermuda,BMU,1982,1.3933
Bermuda,BMU,1983,1.314
Bermuda,BMU,1984,1.2428
Bermuda,BMU,1985,1.1807
Bermuda,BMU,1986,1.119
Bermuda,BMU,1987,1.0594
Bermuda,BMU,1988,1.0027
Bermuda,BMU,1989,0.949
Bermuda,BMU,1990,0.8965
Bermuda,BMU,1991,0.8445
Bermuda,BMU,1992,0.7905
Bermuda,BMU,1993,0.7334
Bermuda,BMU,1994,0.6737
Bermuda,BMU,1995,0.6137
Bermuda,BMU,1996,0.5565
Bermuda,BMU,1997,0.5059
Bermuda,BMU,1998,0.465
Bermuda,BMU,1999,0.4348
Bermuda,BMU,2000,0.4151
Bermuda,BMU,2001,0.405
Bermuda,BMU,2002,0.4025
Bermuda,BMU,2003,0.4308
Bermuda,BMU,2004,0.41
Bermuda,BMU,2005,0.4145
Bermuda,BMU,2006,0.4162
Bermuda,BMU,2007,0.4139
Bermuda,BMU,2008,0.4076
Bermuda,BMU,2009,0.3986
Bermuda,BMU,2010,0.3877
Bermuda,BMU,2011,0.3737
Bermuda,BMU,2012,0.3611
Bermuda,BMU,2013,0.3482
Bermuda,BMU,2014,0.3345
Bermuda,BMU,2015,0.3199
Bermuda,BMU,2016,0.3048
Bermuda,BMU,2017,0.2872
Bermuda,BMU,2018,0.2702
Bermuda,BMU,2019,0.2536
Bermuda,BMU,2020,0.2381
Bermuda,BMU,2021,0.2237
Bermuda,BMU,2022,0.2106
Bermuda,BMU,2023,0.1981
Bhutan,BTN,1950,21.8137
Bhutan,BTN,1951,21.7911
Bhutan,BTN,1952,21.7732
Bhutan,BTN,1953,21.7462
Bhutan,BTN,1954,21.7049
Bhutan,BTN,1955,21.6446
Bhutan,BTN,1956,21.5626
Bhutan,BTN,1957,21.4568
Bhutan,BTN,1958,21.3256
Bhutan,BTN,1959,21.162
Bhutan,BTN,1960,20.9691
Bhutan,BTN,1961,20.746
Bhutan,BTN,1962,20.4885
Bhutan,BTN,1963,20.2023
Bhutan,BTN,1964,19.8836
Bhutan,BTN,1965,19.5382
Bhutan,BTN,1966,19.1611
Bhutan,BTN,1967,18.7534
Bhutan,BTN,1968,18.3146
Bhutan,BTN,1969,17.8782
Bhutan,BTN,1970,17.4392
Bhutan,BTN,1971,16.997
Bhutan,BTN,1972,16.562
Bhutan,BTN,1973,16.1386
Bhutan,BTN,1974,15.7116
Bhutan,BTN,1975,15.267
Bhutan,BTN,1976,14.8302
Bhutan,BTN,1977,14.3988
Bhutan,BTN,1978,13.9686
Bhutan,BTN,1979,13.5275
Bhutan,BTN,1980,13.0937
Bhutan,BTN,1981,12.6537
Bhutan,BTN,1982,12.2174
Bhutan,BTN,1983,11.7986
Bhutan,BTN,1984,11.3922
Bhutan,BTN,1985,10.9713
Bhutan,BTN,1986,10.558
Bhutan,BTN,1987,10.1653
Bhutan,BTN,1988,9.7593
Bhutan,BTN,1989,9.3737
Bhutan,BTN,1990,9.0164
Bhutan,BTN,1991,8.6708
Bhutan,BTN,1992,8.3136
Bhutan,BTN,1993,7.9823
Bhutan,BTN,1994,7.7236
Bhutan,BTN,1995,7.3375
Bhutan,BTN,1996,7.0164
Bhutan,BTN,1997,6.7153
Bhutan,BTN,1998,6.4155
Bhutan,BTN,1999,6.0986
Bhutan,BTN,2000,6.1486
Bhutan,BTN,2001,5.5304
Bhutan,BTN,2002,5.2472
Bhutan,BTN,2003,4.9603
Bhutan,BTN,2004,4.6967
Bhutan,BTN,2005,4.4534
Bhutan,BTN,2006,4.1966
Bhutan,BTN,2007,3.9289
Bhutan,BTN,2008,3.6945
Bhutan,BTN,2009,3.5026
Bhutan,BTN,2010,3.2916
Bhutan,BTN,2011,3.0994
Bhutan,BTN,2012,2.9273
Bhutan,BTN,2013,2.7844
Bhutan,BTN,2014,2.6648
Bhutan,BTN,2015,2.5639
Bhutan,BTN,2016,2.4633
Bhutan,BTN,2017,2.3746
Bhutan,BTN,2018,2.2858
Bhutan,BTN,2019,2.2014
Bhutan,BTN,2020,2.1257
Bhutan,BTN,2021,2.0722
Bhutan,BTN,2022,1.9935
Bhutan,BTN,2023,1.934
Bolivia,BOL,1950,16.7511
Bolivia,BOL,1951,16.6688
Bolivia,BOL,1952,16.5872
Bolivia,BOL,1953,16.5024
Bolivia,BOL,1954,16.4135
Bolivia,BOL,1955,16.3199
Bolivia,BOL,1956,16.2213
Bolivia,BOL,1957,16.1191
Bolivia,BOL,1958,16.0132
Bolivia,BOL,1959,15.9037
Bolivia,BOL,1960,15.7904
Bolivia,BOL,1961,15.673
Bolivia,BOL,1962,15.5516
Bolivia,BOL,1963,15.426
Bolivia,BOL,1964,15.296
Bolivia,BOL,1965,15.1691
Bolivia,BOL,1966,15.0255
Bolivia,BOL,1967,14.8795
Bolivia,BOL,1968,14.7354
Bolivia,BOL,1969,14.5789
Bolivia,BOL,1970,14.4199
Bolivia,BOL,1971,14.2567
Bolivia,BOL,1972,14.0883
Bolivia,BOL,1973,13.9146
Bolivia,BOL,1974,13.7403
Bolivia,BOL,1975,13.5507
Bolivia,BOL,1976,13.3603
Bolivia,BOL,1977,13.1656
Bolivia,BOL,1978,12.9678
Bolivia,BOL,1979,12.7536
Bolivia,BOL,1980,12.5393
Bolivia,BOL,1981,12.3186
Bolivia,BOL,1982,12.0915
Bolivia,BOL,1983,11.8921
Bolivia,BOL,1984,11.618
Bolivia,BOL,1985,11.3711
Bolivia,BOL,1986,11.121
Bolivia,BOL,1987,10.859
Bolivia,BOL,1988,10.5864
Bolivia,BOL,1989,10.3144
Bolivia,BOL,1990,10.0299
Bolivia,BOL,1991,9.7321
Bolivia,BOL,1992,9.4415
Bolivia,BOL,1993,9.1248
Bolivia,BOL,1994,8.8018
Bolivia,BOL,1995,8.4813
Bolivia,BOL,1996,8.1602
Bolivia,BOL,1997,7.8422
Bolivia,BOL,1998,7.5229
Bolivia,BOL,1999,7.2103
Bolivia,BOL,2000,6.9164
Bolivia,BOL,2001,6.6325
Bolivia,BOL,2002,6.3688
Bolivia,BOL,2003,6.1128
Bolivia,BOL,2004,5.8712
Bolivia,BOL,2005,5.6394
Bolivia,BOL,2006,5.4217
Bolivia,BOL,2007,5.2112
Bolivia,BOL,2008,5.0005
Bolivia,BOL,2009,4.7927
Bolivia,BOL,2010,4.6016
Bolivia,BOL,2011,4.425
Bolivia,BOL,2012,4.2581
Bolivia,BOL,2013,4.1212
Bolivia,BOL,2014,3.9966
Bolivia,BOL,2015,3.8866
Bolivia,BOL,2016,3.7886
Bolivia,BOL,2017,3.701
Bolivia,BOL,2018,3.6175
Bolivia,BOL,2019,3.5379
Bolivia,BOL,2020,3.4473
Bolivia,BOL,2021,3.36
Bolivia,BOL,2022,3.2732
Bolivia,BOL,2023,3.1822
Bonaire Sint Eustatius and Saba,BES,1950,6.5343
Bonaire Sint Eustatius and Saba,BES,1951,6.0032
Bonaire Sint Eustatius and Saba,BES,1952,4.5829
Bonaire Sint Eustatius and Saba,BES,1953,4.6894
Bonaire Sint Eustatius and Saba,BES,1954,4.3963
Bonaire Sint Eustatius and Saba,BES,1955,4.1834
Bonaire Sint Eustatius and Saba,BES,1956,4.3992
Bonaire Sint Eustatius and Saba,BES,1957,3.86
Bonaire Sint Eustatius and Saba,BES,1958,3.5928
Bonaire Sint Eustatius and Saba,BES,1959,3.6595
Bonaire Sint Eustatius and Saba,BES,1960,3.608
Bonaire Sint Eustatius and Saba,BES,1961,3.8018
Bonaire Sint Eustatius and Saba,BES,1962,3.3953
Bonaire Sint Eustatius and Saba,BES,1963,2.715
Bonaire Sint Eustatius and Saba,BES,1964,2.6786
Bonaire Sint Eustatius and Saba,BES,1965,3.2542
Bonaire Sint Eustatius and Saba,BES,1966,2.995
Bonaire Sint Eustatius and Saba,BES,1967,2.6325
Bonaire Sint Eustatius and Saba,BES,1968,3.1923
Bonaire Sint Eustatius and Saba,BES,1969,2.5466
Bonaire Sint Eustatius and Saba,BES,1970,1.977
Bonaire Sint Eustatius and Saba,BES,1971,1.7372
Bonaire Sint Eustatius and Saba,BES,1972,1.6991
Bonaire Sint Eustatius and Saba,BES,1973,1.7046
Bonaire Sint Eustatius and Saba,BES,1974,1.7119
Bonaire Sint Eustatius and Saba,BES,1975,1.6746
Bonaire Sint Eustatius and Saba,BES,1976,1.5729
Bonaire Sint Eustatius and Saba,BES,1977,1.5683
Bonaire Sint Eustatius and Saba,BES,1978,1.6725
Bonaire Sint Eustatius and Saba,BES,1979,1.6792
Bonaire Sint Eustatius and Saba,BES,1980,2.0806
Bonaire Sint Eustatius and Saba,BES,1981,2.3939
Bonaire Sint Eustatius and Saba,BES,1982,1.9274
Bonaire Sint Eustatius and Saba,BES,1983,1.7617
Bonaire Sint Eustatius and Saba,BES,1984,1.7773
Bonaire Sint Eustatius and Saba,BES,1985,1.7365
Bonaire Sint Eustatius and Saba,BES,1986,1.6781
Bonaire Sint Eustatius and Saba,BES,1987,1.7591
Bonaire Sint Eustatius and Saba,BES,1988,1.73
Bonaire Sint Eustatius and Saba,BES,1989,1.6049
Bonaire Sint Eustatius and Saba,BES,1990,1.6929
Bonaire Sint Eustatius and Saba,BES,1991,1.7812
Bonaire Sint Eustatius and Saba,BES,1992,1.9499
Bonaire Sint Eustatius and Saba,BES,1993,1.9086
Bonaire Sint Eustatius and Saba,BES,1994,1.5948
Bonaire Sint Eustatius and Saba,BES,1995,1.4353
Bonaire Sint Eustatius and Saba,BES,1996,1.4159
Bonaire Sint Eustatius and Saba,BES,1997,1.595
Bonaire Sint Eustatius and Saba,BES,1998,1.4066
Bonaire Sint Eustatius and Saba,BES,1999,1.417
Bonaire Sint Eustatius and Saba,BES,2000,1.3571
Bonaire Sint Eustatius and Saba,BES,2001,1.4818
Bonaire Sint Eustatius and Saba,BES,2002,1.4135
Bonaire Sint Eustatius and Saba,BES,2003,1.4427
Bonaire Sint Eustatius and Saba,BES,2004,1.4557
Bonaire Sint Eustatius and Saba,BES,2005,1.4025
Bonaire Sint Eustatius and Saba,BES,2006,1.3622
Bonaire Sint Eustatius and Saba,BES,2007,1.3581
Bonaire Sint Eustatius and Saba,BES,2008,1.2627
Bonaire Sint Eustatius and Saba,BES,2009,1.2613
Bonaire Sint Eustatius and Saba,BES,2010,1.2254
Bonaire Sint Eustatius and Saba,BES,2011,1.2686
Bonaire Sint Eustatius and Saba,BES,2012,1.2883
Bonaire Sint Eustatius and Saba,BES,2013,1.3004
Bonaire Sint Eustatius and Saba,BES,2014,1.1755
Bonaire Sint Eustatius and Saba,BES,2015,1.0606
Bonaire Sint Eustatius and Saba,BES,2016,1.1091
Bonaire Sint Eustatius and Saba,BES,2017,1.0832
Bonaire Sint Eustatius and Saba,BES,2018,1.1419
Bonaire Sint Eustatius and Saba,BES,2019,1.1327
Bonaire Sint Eustatius and Saba,BES,2020,1.1104
Bonaire Sint Eustatius and Saba,BES,2021,0.9535
Bonaire Sint Eustatius and Saba,BES,2022,1.0168
Bonaire Sint Eustatius and Saba,BES,2023,1.101
Bosnia and Herzegovina,BIH,1950,17.7098
Bosnia and Herzegovina,BIH,1951,16.9099
Bosnia and Herzegovina,BIH,1952,16.129
Bosnia and Herzegovina,BIH,1953,15.3684
Bosnia and Herzegovina,BIH,1954,14.6368
Bosnia and Herzegovina,BIH,1955,13.9293
Bosnia and Herzegovina,BIH,1956,13.2521
Bosnia and Herzegovina,BIH,1957,12.6042
Bosnia and Herzegovina,BIH,1958,11.9844
Bosnia and Herzegovina,BIH,1959,11.3886
Bosnia and Herzegovina,BIH,1960,10.8135
Bosnia and Herzegovina,BIH,1961,10.2526
Bosnia and Herzegovina,BIH,1962,9.7231
Bosnia and Herzegovina,BIH,1963,9.2
Bosnia and Herzegovina,BIH,1964,8.6869
Bosnia and Herzegovina,BIH,1965,8.1876
Bosnia and Herzegovina,BIH,1966,7.7007
Bosnia and Herzegovina,BIH,1967,7.227
Bosnia and Herzegovina,BIH,1968,6.776
Bosnia and Herzegovina,BIH,1969,6.3477
Bosnia and Herzegovina,BIH,1970,5.9364
Bosnia and Herzegovina,BIH,1971,5.5477
Bosnia and Herzegovina,BIH,1972,5.1867
Bosnia and Herzegovina,BIH,1973,4.844
Bosnia and Herzegovina,BIH,1974,4.5219
Bosnia and Herzegovina,BIH,1975,4.2221
Bosnia and Herzegovina,BIH,1976,3.9437
Bosnia and Herzegovina,BIH,1977,3.686
Bosnia and Herzegovina,BIH,1978,3.4474
Bosnia and Herzegovina,BIH,1979,3.226
Bosnia and Herzegovina,BIH,1980,3.0207
Bosnia and Herzegovina,BIH,1981,2.8296
Bosnia and Herzegovina,BIH,1982,2.6529
Bosnia and Herzegovina,BIH,1983,2.4861
Bosnia and Herzegovina,BIH,1984,2.3308
Bosnia and Herzegovina,BIH,1985,2.1869
Bosnia and Herzegovina,BIH,1986,2.054
Bosnia and Herzegovina,BIH,1987,1.931
Bosnia and Herzegovina,BIH,1988,1.8169
Bosnia and Herzegovina,BIH,1989,1.7105
Bosnia and Herzegovina,BIH,1990,1.6112
Bosnia and Herzegovina,BIH,1991,1.5177
Bosnia and Herzegovina,BIH,1992,3.06
Bosnia and Herzegovina,BIH,1993,3.0487
Bosnia and Herzegovina,BIH,1994,1.2663
Bosnia and Herzegovina,BIH,1995,1.4299
Bosnia and Herzegovina,BIH,1996,1.1196
Bosnia and Herzegovina,BIH,1997,1.0523
Bosnia and Herzegovina,BIH,1998,0.989
Bosnia and Herzegovina,BIH,1999,0.9299
Bosnia and Herzegovina,BIH,2000,0.8763
Bosnia and Herzegovina,BIH,2001,0.8271
Bosnia and Herzegovina,BIH,2002,0.7838
Bosnia and Herzegovina,BIH,2003,0.7461
Bosnia and Herzegovina,BIH,2004,0.7138
Bosnia and Herzegovina,BIH,2005,0.6869
Bosnia and Herzegovina,BIH,2006,0.6638
Bosnia and Herzegovina,BIH,2007,0.6449
Bosnia and Herzegovina,BIH,2008,0.6292
Bosnia and Herzegovina,BIH,2009,0.616
Bosnia and Herzegovina,BIH,2010,0.6057
Bosnia and Herzegovina,BIH,2011,0.5958
Bosnia and Herzegovina,BIH,2012,0.5882
Bosnia and Herzegovina,BIH,2013,0.5821
Bosnia and Herzegovina,BIH,2014,0.584
Bosnia and Herzegovina,BIH,2015,0.5733
Bosnia and Herzegovina,BIH,2016,0.5698
Bosnia and Herzegovina,BIH,2017,0.5663
Bosnia and Herzegovina,BIH,2018,0.5623
Bosnia and Herzegovina,BIH,2019,0.5578
Bosnia and Herzegovina,BIH,2020,0.5668
Bosnia and Herzegovina,BIH,2021,0.4423
Bosnia and Herzegovina,BIH,2022,0.5646
Bosnia and Herzegovina,BIH,2023,0.5326
Botswana,BWA,1950,12.5403
Botswana,BWA,1951,12.3507
Botswana,BWA,1952,12.1601
Botswana,BWA,1953,11.9642
Botswana,BWA,1954,11.7598
Botswana,BWA,1955,11.5406
Botswana,BWA,1956,11.3094
Botswana,BWA,1957,11.0698
Botswana,BWA,1958,10.8231
Botswana,BWA,1959,10.5733
Botswana,BWA,1960,10.3295
Botswana,BWA,1961,10.093
Botswana,BWA,1962,9.861
Botswana,BWA,1963,9.6433
Botswana,BWA,1964,9.4334
Botswana,BWA,1965,9.2276
Botswana,BWA,1966,9.0219
Botswana,BWA,1967,8.8112
Botswana,BWA,1968,8.592
Botswana,BWA,1969,8.3621
Botswana,BWA,1970,8.1208
Botswana,BWA,1971,7.8672
Botswana,BWA,1972,7.5959
Botswana,BWA,1973,7.3116
Botswana,BWA,1974,7.018
Botswana,BWA,1975,6.7139
Botswana,BWA,1976,6.4014
Botswana,BWA,1977,6.086
Botswana,BWA,1978,5.7753
Botswana,BWA,1979,5.4758
Botswana,BWA,1980,5.1924
Botswana,BWA,1981,4.9279
Botswana,BWA,1982,4.6828
Botswana,BWA,1983,4.4558
Botswana,BWA,1984,4.2473
Botswana,BWA,1985,4.0614
Botswana,BWA,1986,3.9058
Botswana,BWA,1987,3.7916
Botswana,BWA,1988,3.776
Botswana,BWA,1989,3.7353
Botswana,BWA,1990,3.8099
Botswana,BWA,1991,3.9538
Botswana,BWA,1992,4.1487
Botswana,BWA,1993,4.3775
Botswana,BWA,1994,4.616
Botswana,BWA,1995,4.8523
Botswana,BWA,1996,5.0238
Botswana,BWA,1997,5.1751
Botswana,BWA,1998,5.2815
Botswana,BWA,1999,5.3439
Botswana,BWA,2000,5.3696
Botswana,BWA,2001,5.3526
Botswana,BWA,2002,5.2921
Botswana,BWA,2003,5.1997
Botswana,BWA,2004,5.0831
Botswana,BWA,2005,4.945
Botswana,BWA,2006,4.8677
Botswana,BWA,2007,4.668
Botswana,BWA,2008,4.5374
Botswana,BWA,2009,4.4026
Botswana,BWA,2010,4.2698
Botswana,BWA,2011,4.1376
Botswana,BWA,2012,3.9964
Botswana,BWA,2013,3.8615
Botswana,BWA,2014,3.7254
Botswana,BWA,2015,3.6016
Botswana,BWA,2016,3.4843
Botswana,BWA,2017,3.3744
Botswana,BWA,2018,3.2747
Botswana,BWA,2019,3.1793
Botswana,BWA,2020,3.0891
Botswana,BWA,2021,3.0012
Botswana,BWA,2022,2.9185
Botswana,BWA,2023,2.8385
Brazil,BRA,1950,15.7147
Brazil,BRA,1951,15.4394
Brazil,BRA,1952,15.1695
Brazil,BRA,1953,14.8977
Brazil,BRA,1954,14.6215
Brazil,BRA,1955,14.3374
Brazil,BRA,1956,14.0492
Brazil,BRA,1957,13.7587
Brazil,BRA,1958,13.4647
Brazil,BRA,1959,13.1745
Brazil,BRA,1960,12.8847
Brazil,BRA,1961,12.6006
Brazil,BRA,1962,12.3242
Brazil,BRA,1963,12.0578
Brazil,BRA,1964,11.8028
Brazil,BRA,1965,11.5572
Brazil,BRA,1966,11.328
Brazil,BRA,1967,11.101
Brazil,BRA,1968,10.8661
Brazil,BRA,1969,10.6439
Brazil,BRA,1970,10.4158
Brazil,BRA,1971,10.1842
Brazil,BRA,1972,9.9449
Brazil,BRA,1973,9.7036
Brazil,BRA,1974,9.4622
Brazil,BRA,1975,9.2049
Brazil,BRA,1976,8.9409
Brazil,BRA,1977,8.6674
Brazil,BRA,1978,8.3811
Brazil,BRA,1979,8.0874
Brazil,BRA,1980,7.783
Brazil,BRA,1981,7.4781
Brazil,BRA,1982,7.179
Brazil,BRA,1983,6.8974
Brazil,BRA,1984,6.631
Brazil,BRA,1985,6.376
Brazil,BRA,1986,6.1371
Brazil,BRA,1987,5.912
Brazil,BRA,1988,5.6966
Brazil,BRA,1989,5.4743
Brazil,BRA,1990,5.2507
Brazil,BRA,1991,5.0229
Brazil,BRA,1992,4.7895
Brazil,BRA,1993,4.5491
Brazil,BRA,1994,4.3062
Brazil,BRA,1995,4.0657
Brazil,BRA,1996,3.8294
Brazil,BRA,1997,3.6022
Brazil,BRA,1998,3.3841
Brazil,BRA,1999,3.1771
Brazil,BRA,2000,2.9805
Brazil,BRA,2001,2.7943
Brazil,BRA,2002,2.6179
Brazil,BRA,2003,2.4529
Brazil,BRA,2004,2.2996
Brazil,BRA,2005,2.1582
Brazil,BRA,2006,2.0298
Brazil,BRA,2007,1.9148
Brazil,BRA,2008,1.8142
Brazil,BRA,2009,1.7238
Brazil,BRA,2010,1.6475
Brazil,BRA,2011,1.5843
Brazil,BRA,2012,1.5228
Brazil,BRA,2013,1.4751
Brazil,BRA,2014,1.4345
Brazil,BRA,2015,1.3994
Brazil,BRA,2016,1.3691
Brazil,BRA,2017,1.3445
Brazil,BRA,2018,1.3182
Brazil,BRA,2019,1.2941
Brazil,BRA,2020,1.2695
Brazil,BRA,2021,1.2475
Brazil,BRA,2022,1.23
Brazil,BRA,2023,1.2052
British Virgin Islands,VGB,1950,12.3483
British Virgin Islands,VGB,1951,11.8345
British Virgin Islands,VGB,1952,11.3334
British Virgin Islands,VGB,1953,10.8193
British Virgin Islands,VGB,1954,10.2838
British Virgin Islands,VGB,1955,9.7288
British Virgin Islands,VGB,1956,9.1653
British Virgin Islands,VGB,1957,8.6258
British Virgin Islands,VGB,1958,8.1211
British Virgin Islands,VGB,1959,7.6565
British Virgin Islands,VGB,1960,7.229
British Virgin Islands,VGB,1961,6.8423
British Virgin Islands,VGB,1962,6.4754
British Virgin Islands,VGB,1963,6.1261
British Virgin Islands,VGB,1964,5.7923
British Virgin Islands,VGB,1965,5.473
British Virgin Islands,VGB,1966,5.1688
British Virgin Islands,VGB,1967,4.8862
British Virgin Islands,VGB,1968,4.6246
British Virgin Islands,VGB,1969,4.3839
British Virgin Islands,VGB,1970,4.1655
British Virgin Islands,VGB,1971,3.969
British Virgin Islands,VGB,1972,3.7936
British Virgin Islands,VGB,1973,3.6409
British Virgin Islands,VGB,1974,3.507
British Virgin Islands,VGB,1975,3.3898
British Virgin Islands,VGB,1976,3.286
British Virgin Islands,VGB,1977,3.1932
British Virgin Islands,VGB,1978,3.1067
British Virgin Islands,VGB,1979,3.0237
British Virgin Islands,VGB,1980,2.9375
British Virgin Islands,VGB,1981,2.8497
British Virgin Islands,VGB,1982,2.7603
British Virgin Islands,VGB,1983,2.6665
British Virgin Islands,VGB,1984,2.5697
British Virgin Islands,VGB,1985,2.4719
British Virgin Islands,VGB,1986,2.3728
British Virgin Islands,VGB,1987,2.2744
British Virgin Islands,VGB,1988,2.1788
British Virgin Islands,VGB,1989,2.0867
British Virgin Islands,VGB,1990,1.9993
British Virgin Islands,VGB,1991,1.9166
British Virgin Islands,VGB,1992,1.8427
British Virgin Islands,VGB,1993,1.7758
British Virgin Islands,VGB,1994,1.715
British Virgin Islands,VGB,1995,1.6613
British Virgin Islands,VGB,1996,1.6147
British Virgin Islands,VGB,1997,1.5745
British Virgin Islands,VGB,1998,1.5397
British Virgin Islands,VGB,1999,1.5098
British Virgin Islands,VGB,2000,1.4837
British Virgin Islands,VGB,2001,1.4602
British Virgin Islands,VGB,2002,1.4393
British Virgin Islands,VGB,2003,1.4209
British Virgin Islands,VGB,2004,1.4052
British Virgin Islands,VGB,2005,1.3925
British Virgin Islands,VGB,2006,1.3824
British Virgin Islands,VGB,2007,1.3742
British Virgin Islands,VGB,2008,1.3678
British Virgin Islands,VGB,2009,1.3634
British Virgin Islands,VGB,2010,1.3597
British Virgin Islands,VGB,2011,1.3556
British Virgin Islands,VGB,2012,1.3504
British Virgin Islands,VGB,2013,1.3431
British Virgin Islands,VGB,2014,1.3327
British Virgin Islands,VGB,2015,1.3184
British Virgin Islands,VGB,2016,1.3001
British Virgin Islands,VGB,2017,1.4072
British Virgin Islands,VGB,2018,1.2533
British Virgin Islands,VGB,2019,1.2255
British Virgin Islands,VGB,2020,1.1959
British Virgin Islands,VGB,2021,1.1819
British Virgin Islands,VGB,2022,1.1347
British Virgin Islands,VGB,2023,1.1048
Brunei,BRN,1950,12.8595
Brunei,BRN,1951,12.1147
Brunei,BRN,1952,11.4095
Brunei,BRN,1953,10.7307
Brunei,BRN,1954,10.0803
Brunei,BRN,1955,9.4585
Brunei,BRN,1956,8.866
Brunei,BRN,1957,8.3022
Brunei,BRN,1958,7.7671
Brunei,BRN,1959,7.2573
Brunei,BRN,1960,6.7856
Brunei,BRN,1961,6.3542
Brunei,BRN,1962,5.963
Brunei,BRN,1963,5.6088
Brunei,BRN,1964,5.2854
Brunei,BRN,1965,5.0092
Brunei,BRN,1966,4.7308
Brunei,BRN,1967,4.4876
Brunei,BRN,1968,4.2615
Brunei,BRN,1969,4.05
Brunei,BRN,1970,3.8412
Brunei,BRN,1971,3.6317
Brunei,BRN,1972,3.4186
Brunei,BRN,1973,3.202
Brunei,BRN,1974,2.9817
Brunei,BRN,1975,2.7632
Brunei,BRN,1976,2.5501
Brunei,BRN,1977,2.3461
Brunei,BRN,1978,2.1545
Brunei,BRN,1979,1.9779
Brunei,BRN,1980,1.8186
Brunei,BRN,1981,1.6773
Brunei,BRN,1982,1.5543
Brunei,BRN,1983,1.4496
Brunei,BRN,1984,1.3621
Brunei,BRN,1985,1.2908
Brunei,BRN,1986,1.2342
Brunei,BRN,1987,1.1905
Brunei,BRN,1988,1.1574
Brunei,BRN,1989,1.1326
Brunei,BRN,1990,1.1134
Brunei,BRN,1991,1.0967
Brunei,BRN,1992,1.0804
Brunei,BRN,1993,1.0626
Brunei,BRN,1994,1.0418
Brunei,BRN,1995,1.0178
Brunei,BRN,1996,0.9909
Brunei,BRN,1997,0.9623
Brunei,BRN,1998,0.9332
Brunei,BRN,1999,0.9051
Brunei,BRN,2000,0.8793
Brunei,BRN,2001,0.8567
Brunei,BRN,2002,0.838
Brunei,BRN,2003,0.8235
Brunei,BRN,2004,0.813
Brunei,BRN,2005,0.8062
Brunei,BRN,2006,0.8028
Brunei,BRN,2007,0.802
Brunei,BRN,2008,0.8033
Brunei,BRN,2009,0.8062
Brunei,BRN,2010,0.81
Brunei,BRN,2011,0.814
Brunei,BRN,2012,0.8181
Brunei,BRN,2013,0.8217
Brunei,BRN,2014,0.8244
Brunei,BRN,2015,0.8263
Brunei,BRN,2016,0.8271
Brunei,BRN,2017,0.8269
Brunei,BRN,2018,0.8256
Brunei,BRN,2019,0.8235
Brunei,BRN,2020,0.8207
Brunei,BRN,2021,0.8174
Brunei,BRN,2022,0.8137
Brunei,BRN,2023,0.8101
Bulgaria,BGR,1950,9.6043
Bulgaria,BGR,1951,9.7307
Bulgaria,BGR,1952,9.8508
Bulgaria,BGR,1953,7.9892
Bulgaria,BGR,1954,8.5476
Bulgaria,BGR,1955,8.3068
Bulgaria,BGR,1956,7.1764
Bulgaria,BGR,1957,6.4963
Bulgaria,BGR,1958,5.1558
Bulgaria,BGR,1959,5.4429
Bulgaria,BGR,1960,4.5585
Bulgaria,BGR,1961,3.7327
Bulgaria,BGR,1962,3.6347
Bulgaria,BGR,1963,3.5224
Bulgaria,BGR,1964,3.276
Bulgaria,BGR,1965,2.926
Bulgaria,BGR,1966,3.0916
Bulgaria,BGR,1967,3.3194
Bulgaria,BGR,1968,3.0499
Bulgaria,BGR,1969,2.9707
Bulgaria,BGR,1970,2.6959
Bulgaria,BGR,1971,2.4337
Bulgaria,BGR,1972,2.5703
Bulgaria,BGR,1973,2.7087
Bulgaria,BGR,1974,2.5659
Bulgaria,BGR,1975,2.2112
Bulgaria,BGR,1976,2.2588
Bulgaria,BGR,1977,2.3636
Bulgaria,BGR,1978,2.1954
Bulgaria,BGR,1979,2.0087
Bulgaria,BGR,1980,1.9613
Bulgaria,BGR,1981,1.8574
Bulgaria,BGR,1982,1.8227
Bulgaria,BGR,1983,1.6515
Bulgaria,BGR,1984,1.5934
Bulgaria,BGR,1985,1.4963
Bulgaria,BGR,1986,1.4172
Bulgaria,BGR,1987,1.458
Bulgaria,BGR,1988,1.3611
Bulgaria,BGR,1989,1.4049
Bulgaria,BGR,1990,1.439
Bulgaria,BGR,1991,1.6265
Bulgaria,BGR,1992,1.561
Bulgaria,BGR,1993,1.5054
Bulgaria,BGR,1994,1.5849
Bulgaria,BGR,1995,1.4207
Bulgaria,BGR,1996,1.5628
Bulgaria,BGR,1997,1.6305
Bulgaria,BGR,1998,1.5066
Bulgaria,BGR,1999,1.5251
Bulgaria,BGR,2000,1.3615
Bulgaria,BGR,2001,1.4099
Bulgaria,BGR,2002,1.3425
Bulgaria,BGR,2003,1.2349
Bulgaria,BGR,2004,1.1892
Bulgaria,BGR,2005,1.0512
Bulgaria,BGR,2006,1.0003
Bulgaria,BGR,2007,0.9329
Bulgaria,BGR,2008,0.8793
Bulgaria,BGR,2009,0.9266
Bulgaria,BGR,2010,0.9139
Bulgaria,BGR,2011,0.8296
Bulgaria,BGR,2012,0.7844
Bulgaria,BGR,2013,0.7463
Bulgaria,BGR,2014,0.7689
Bulgaria,BGR,2015,0.6492
Bulgaria,BGR,2016,0.6493
Bulgaria,BGR,2017,0.6296
Bulgaria,BGR,2018,0.5652
Bulgaria,BGR,2019,0.5523
Bulgaria,BGR,2020,0.4959
Bulgaria,BGR,2021,0.5546
Bulgaria,BGR,2022,0.5168
Bulgaria,BGR,2023,0.4724
Burkina Faso,BFA,1950,16.6324
Burkina Faso,BFA,1951,16.5475
Burkina Faso,BFA,1952,16.4638
Burkina Faso,BFA,1953,16.3779
Burkina Faso,BFA,1954,16.2896
Burkina Faso,BFA,1955,16.1981
Burkina Faso,BFA,1956,16.1033
Burkina Faso,BFA,1957,16.0059
Burkina Faso,BFA,1958,15.9069
Burkina Faso,BFA,1959,15.8099
Burkina Faso,BFA,1960,15.7145
Burkina Faso,BFA,1961,15.6214
Burkina Faso,BFA,1962,15.5318
Burkina Faso,BFA,1963,15.4472
Burkina Faso,BFA,1964,15.3679
Burkina Faso,BFA,1965,15.293
Burkina Faso,BFA,1966,15.222
Burkina Faso,BFA,1967,15.1528
Burkina Faso,BFA,1968,15.0811
Burkina Faso,BFA,1969,15.0192
Burkina Faso,BFA,1970,14.9094
Burkina Faso,BFA,1971,14.8137
Burkina Faso,BFA,1972,14.65
Burkina Faso,BFA,1973,14.4804
Burkina Faso,BFA,1974,14.2598
Burkina Faso,BFA,1975,14.0133
Burkina Faso,BFA,1976,13.7472
Burkina Faso,BFA,1977,13.4621
Burkina Faso,BFA,1978,13.1832
Burkina Faso,BFA,1979,12.9252
Burkina Faso,BFA,1980,12.6741
Burkina Faso,BFA,1981,12.4912
Burkina Faso,BFA,1982,12.2572
Burkina Faso,BFA,1983,12.0795
Burkina Faso,BFA,1984,11.902
Burkina Faso,BFA,1985,11.7378
Burkina Faso,BFA,1986,11.5802
Burkina Faso,BFA,1987,11.4472
Burkina Faso,BFA,1988,11.3409
Burkina Faso,BFA,1989,11.2575
Burkina Faso,BFA,1990,11.1964
Burkina Faso,BFA,1991,11.1492
Burkina Faso,BFA,1992,11.1003
Burkina Faso,BFA,1993,11.053
Burkina Faso,BFA,1994,10.9977
Burkina Faso,BFA,1995,10.9254
Burkina Faso,BFA,1996,10.8319
Burkina Faso,BFA,1997,10.7701
Burkina Faso,BFA,1998,10.5932
Burkina Faso,BFA,1999,10.4496
Burkina Faso,BFA,2000,10.2893
Burkina Faso,BFA,2001,10.1099
Burkina Faso,BFA,2002,9.932
Burkina Faso,BFA,2003,9.6947
Burkina Faso,BFA,2004,9.4287
Burkina Faso,BFA,2005,9.1462
Burkina Faso,BFA,2006,8.867
Burkina Faso,BFA,2007,8.5834
Burkina Faso,BFA,2008,8.2662
Burkina Faso,BFA,2009,7.9879
Burkina Faso,BFA,2010,7.7276
Burkina Faso,BFA,2011,7.4679
Burkina Faso,BFA,2012,7.2366
Burkina Faso,BFA,2013,7.0159
Burkina Faso,BFA,2014,6.8056
Burkina Faso,BFA,2015,6.6044
Burkina Faso,BFA,2016,6.4099
Burkina Faso,BFA,2017,6.2197
Burkina Faso,BFA,2018,6.0357
Burkina Faso,BFA,2019,5.8733
Burkina Faso,BFA,2020,5.6982
Burkina Faso,BFA,2021,5.5262
Burkina Faso,BFA,2022,5.3752
Burkina Faso,BFA,2023,5.2328
Burundi,BDI,1950,16.2866
Burundi,BDI,1951,16.1198
Burundi,BDI,1952,15.9537
Burundi,BDI,1953,15.7893
Burundi,BDI,1954,15.6261
Burundi,BDI,1955,15.4639
Burundi,BDI,1956,15.3007
Burundi,BDI,1957,15.1344
Burundi,BDI,1958,14.9724
Burundi,BDI,1959,14.82
Burundi,BDI,1960,14.6826
Burundi,BDI,1961,14.5664
Burundi,BDI,1962,14.4784
Burundi,BDI,1963,14.4217
Burundi,BDI,1964,14.3982
Burundi,BDI,1965,14.7006
Burundi,BDI,1966,14.4399
Burundi,BDI,1967,14.4981
Burundi,BDI,1968,14.5515
Burundi,BDI,1969,14.6313
Burundi,BDI,1970,14.666
Burundi,BDI,1971,14.6984
Burundi,BDI,1972,16.0262
Burundi,BDI,1973,14.9952
Burundi,BDI,1974,14.6098
Burundi,BDI,1975,14.4912
Burundi,BDI,1976,14.3109
Burundi,BDI,1977,14.0639
Burundi,BDI,1978,13.7569
Burundi,BDI,1979,13.3533
Burundi,BDI,1980,12.9209
Burundi,BDI,1981,12.472
Burundi,BDI,1982,12.033
Burundi,BDI,1983,11.6306
Burundi,BDI,1984,11.2761
Burundi,BDI,1985,10.9621
Burundi,BDI,1986,10.7189
Burundi,BDI,1987,10.5483
Burundi,BDI,1988,10.7903
Burundi,BDI,1989,10.3833
Burundi,BDI,1990,10.3574
Burundi,BDI,1991,10.352
Burundi,BDI,1992,10.3462
Burundi,BDI,1993,10.7725
Burundi,BDI,1994,10.2944
Burundi,BDI,1995,10.2777
Burundi,BDI,1996,10.2154
Burundi,BDI,1997,9.996
Burundi,BDI,1998,9.7832
Burundi,BDI,1999,9.5679
Burundi,BDI,2000,9.3751
Burundi,BDI,2001,9.0736
Burundi,BDI,2002,8.7414
Burundi,BDI,2003,8.4212
Burundi,BDI,2004,8.0514
Burundi,BDI,2005,7.7027
Burundi,BDI,2006,7.33
Burundi,BDI,2007,6.9572
Burundi,BDI,2008,6.599
Burundi,BDI,2009,6.2571
Burundi,BDI,2010,5.9351
Burundi,BDI,2011,5.6235
Burundi,BDI,2012,5.3448
Burundi,BDI,2013,5.0878
Burundi,BDI,2014,4.8611
Burundi,BDI,2015,4.6615
Burundi,BDI,2016,4.4749
Burundi,BDI,2017,4.2988
Burundi,BDI,2018,4.1501
Burundi,BDI,2019,4.006
Burundi,BDI,2020,3.8756
Burundi,BDI,2021,3.7607
Burundi,BDI,2022,3.6475
Burundi,BDI,2023,3.5397
Cambodia,KHM,1950,16.6612
Cambodia,KHM,1951,16.4995
Cambodia,KHM,1952,16.3347
Cambodia,KHM,1953,16.167
Cambodia,KHM,1954,15.9921
Cambodia,KHM,1955,15.8083
Cambodia,KHM,1956,15.6139
Cambodia,KHM,1957,15.409
Cambodia,KHM,1958,15.1948
Cambodia,KHM,1959,14.9732
Cambodia,KHM,1960,14.7467
Cambodia,KHM,1961,14.5187
Cambodia,KHM,1962,14.2917
Cambodia,KHM,1963,14.068
Cambodia,KHM,1964,13.8492
Cambodia,KHM,1965,13.6349
Cambodia,KHM,1966,13.43
Cambodia,KHM,1967,13.2361
Cambodia,KHM,1968,13.0582
Cambodia,KHM,1969,12.901
Cambodia,KHM,1970,12.7681
Cambodia,KHM,1971,12.6586
Cambodia,KHM,1972,12.5701
Cambodia,KHM,1973,12.4941
Cambodia,KHM,1974,12.4181
Cambodia,KHM,1975,16.7608
Cambodia,KHM,1976,17.6362
Cambodia,KHM,1977,17.742
Cambodia,KHM,1978,17.2839
Cambodia,KHM,1979,11.7458
Cambodia,KHM,1980,11.528
Cambodia,KHM,1981,11.282
Cambodia,KHM,1982,11.014
Cambodia,KHM,1983,10.721
Cambodia,KHM,1984,10.4124
Cambodia,KHM,1985,10.0973
Cambodia,KHM,1986,9.7841
Cambodia,KHM,1987,9.4964
Cambodia,KHM,1988,9.2518
Cambodia,KHM,1989,9.0657
Cambodia,KHM,1990,8.9375
Cambodia,KHM,1991,8.8882
Cambodia,KHM,1992,8.8571
Cambodia,KHM,1993,8.8691
Cambodia,KHM,1994,8.9421
Cambodia,KHM,1995,8.9096
Cambodia,KHM,1996,8.8945
Cambodia,KHM,1997,8.7704
Cambodia,KHM,1998,8.5564
Cambodia,KHM,1999,8.2292
Cambodia,KHM,2000,7.8252
Cambodia,KHM,2001,7.2918
Cambodia,KHM,2002,6.7451
Cambodia,KHM,2003,6.2046
Cambodia,KHM,2004,5.7028
Cambodia,KHM,2005,5.2525
Cambodia,KHM,2006,4.8517
Cambodia,KHM,2007,4.4988
Cambodia,KHM,2008,4.1721
Cambodia,KHM,2009,3.8777
Cambodia,KHM,2010,3.6088
Cambodia,KHM,2011,3.3824
Cambodia,KHM,2012,3.1477
Cambodia,KHM,2013,2.9712
Cambodia,KHM,2014,2.7948
Cambodia,KHM,2015,2.6479
Cambodia,KHM,2016,2.5226
Cambodia,KHM,2017,2.4119
Cambodia,KHM,2018,2.3124
Cambodia,KHM,2019,2.2229
Cambodia,KHM,2020,2.1404
Cambodia,KHM,2021,2.0621
Cambodia,KHM,2022,1.9905
Cambodia,KHM,2023,1.9187
Cameroon,CMR,1950,16.6675
Cameroon,CMR,1951,16.471
Cameroon,CMR,1952,16.2724
Cameroon,CMR,1953,16.062
Cameroon,CMR,1954,15.8257
Cameroon,CMR,1955,15.5669
Cameroon,CMR,1956,15.2933
Cameroon,CMR,1957,15.0143
Cameroon,CMR,1958,14.7403
Cameroon,CMR,1959,14.4865
Cameroon,CMR,1960,14.2523
Cameroon,CMR,1961,14.0432
Cameroon,CMR,1962,13.8501
Cameroon,CMR,1963,13.6641
Cameroon,CMR,1964,13.4693
Cameroon,CMR,1965,13.2652
Cameroon,CMR,1966,13.0326
Cameroon,CMR,1967,12.7748
Cameroon,CMR,1968,12.498
Cameroon,CMR,1969,12.2156
Cameroon,CMR,1970,11.9421
Cameroon,CMR,1971,11.7028
Cameroon,CMR,1972,11.476
Cameroon,CMR,1973,11.2994
Cameroon,CMR,1974,11.1596
Cameroon,CMR,1975,11.0471
Cameroon,CMR,1976,10.9505
Cameroon,CMR,1977,10.8493
Cameroon,CMR,1978,10.7311
Cameroon,CMR,1979,10.5843
Cameroon,CMR,1980,10.4077
Cameroon,CMR,1981,10.1997
Cameroon,CMR,1982,9.961
Cameroon,CMR,1983,9.7053
Cameroon,CMR,1984,9.4507
Cameroon,CMR,1985,9.2098
Cameroon,CMR,1986,9.0331
Cameroon,CMR,1987,8.8276
Cameroon,CMR,1988,8.7186
Cameroon,CMR,1989,8.662
Cameroon,CMR,1990,8.6606
Cameroon,CMR,1991,8.7084
Cameroon,CMR,1992,8.7686
Cameroon,CMR,1993,8.8531
Cameroon,CMR,1994,8.9394
Cameroon,CMR,1995,9.0063
Cameroon,CMR,1996,9.0594
Cameroon,CMR,1997,9.0661
Cameroon,CMR,1998,9.0451
Cameroon,CMR,1999,8.9801
Cameroon,CMR,2000,8.8841
Cameroon,CMR,2001,8.7625
Cameroon,CMR,2002,8.6166
Cameroon,CMR,2003,8.4591
Cameroon,CMR,2004,8.2942
Cameroon,CMR,2005,8.127
Cameroon,CMR,2006,7.9488
Cameroon,CMR,2007,7.7689
Cameroon,CMR,2008,7.5816
Cameroon,CMR,2009,7.3795
Cameroon,CMR,2010,7.1754
Cameroon,CMR,2011,6.9577
Cameroon,CMR,2012,6.723
Cameroon,CMR,2013,6.4937
Cameroon,CMR,2014,6.273
Cameroon,CMR,2015,6.0602
Cameroon,CMR,2016,5.8571
Cameroon,CMR,2017,5.6695
Cameroon,CMR,2018,5.4955
Cameroon,CMR,2019,5.3319
Cameroon,CMR,2020,5.1779
Cameroon,CMR,2021,5.0254
Cameroon,CMR,2022,4.8833
Cameroon,CMR,2023,4.7404
Canada,CAN,1950,4.1557
Canada,CAN,1951,3.8378
Canada,CAN,1952,3.9854
Canada,CAN,1953,3.7918
Canada,CAN,1954,3.4968
Canada,CAN,1955,3.4414
Canada,CAN,1956,3.5065
Canada,CAN,1957,3.3457
Canada,CAN,1958,3.1277
Canada,CAN,1959,2.912
Canada,CAN,1960,2.773
Canada,CAN,1961,2.7116
Canada,CAN,1962,2.7297
Canada,CAN,1963,2.5958
Canada,CAN,1964,2.4369
Canada,CAN,1965,2.2486
Canada,CAN,1966,2.2112
Canada,CAN,1967,2.1318
Canada,CAN,1968,2.0523
Canada,CAN,1969,1.9582
Canada,CAN,1970,1.9133
Canada,CAN,1971,1.7337
Canada,CAN,1972,1.6885
Canada,CAN,1973,1.5362
Canada,CAN,1974,1.5072
Canada,CAN,1975,1.4392
Canada,CAN,1976,1.3039
Canada,CAN,1977,1.2596
Canada,CAN,1978,1.2003
Canada,CAN,1979,1.1035
Canada,CAN,1980,1.058
Canada,CAN,1981,0.9635
Canada,CAN,1982,0.9234
Canada,CAN,1983,0.8568
Canada,CAN,1984,0.8215
Canada,CAN,1985,0.7981
Canada,CAN,1986,0.7877
Canada,CAN,1987,0.7265
Canada,CAN,1988,0.724
Canada,CAN,1989,0.7222
Canada,CAN,1990,0.6848
Canada,CAN,1991,0.6335
Canada,CAN,1992,0.6012
Canada,CAN,1993,0.6199
Canada,CAN,1994,0.6235
Canada,CAN,1995,0.6034
Canada,CAN,1996,0.5469
Canada,CAN,1997,0.5357
Canada,CAN,1998,0.5207
Canada,CAN,1999,0.5208
Canada,CAN,2000,0.5107
Canada,CAN,2001,0.5257
Canada,CAN,2002,0.5352
Canada,CAN,2003,0.5307
Canada,CAN,2004,0.5238
Canada,CAN,2005,0.5445
Canada,CAN,2006,0.5089
Canada,CAN,2007,0.5207
Canada,CAN,2008,0.5118
Canada,CAN,2009,0.4944
Canada,CAN,2010,0.5015
Canada,CAN,2011,0.4877
Canada,CAN,2012,0.4792
Canada,CAN,2013,0.4923
Canada,CAN,2014,0.4682
Canada,CAN,2015,0.4529
Canada,CAN,2016,0.4535
Canada,CAN,2017,0.4531
Canada,CAN,2018,0.4748
Canada,CAN,2019,0.4436
Canada,CAN,2020,0.4448
Canada,CAN,2021,0.4374
Canada,CAN,2022,0.4307
Canada,CAN,2023,0.4264
Cape Verde,CPV,1950,13.8717
Cape Verde,CPV,1951,13.6692
Cape Verde,CPV,1952,13.4695
Cape Verde,CPV,1953,13.2743
Cape Verde,CPV,1954,13.0861
Cape Verde,CPV,1955,12.9055
Cape Verde,CPV,1956,12.735
Cape Verde,CPV,1957,12.5683
Cape Verde,CPV,1958,12.4005
Cape Verde,CPV,1959,12.233
Cape Verde,CPV,1960,12.0632
Cape Verde,CPV,1961,11.8873
Cape Verde,CPV,1962,11.7014
Cape Verde,CPV,1963,11.5028
Cape Verde,CPV,1964,11.2891
Cape Verde,CPV,1965,11.0552
Cape Verde,CPV,1966,10.8012
Cape Verde,CPV,1967,10.5232
Cape Verde,CPV,1968,10.218
Cape Verde,CPV,1969,9.8812
Cape Verde,CPV,1970,9.5173
Cape Verde,CPV,1971,9.13
Cape Verde,CPV,1972,8.7261
Cape Verde,CPV,1973,8.3195
Cape Verde,CPV,1974,7.9293
Cape Verde,CPV,1975,7.5466
Cape Verde,CPV,1976,7.2118
Cape Verde,CPV,1977,6.8978
Cape Verde,CPV,1978,6.6469
Cape Verde,CPV,1979,6.4503
Cape Verde,CPV,1980,6.2999
Cape Verde,CPV,1981,6.1734
Cape Verde,CPV,1982,6.064
Cape Verde,CPV,1983,5.9542
Cape Verde,CPV,1984,5.8676
Cape Verde,CPV,1985,5.6875
Cape Verde,CPV,1986,5.5097
Cape Verde,CPV,1987,5.3108
Cape Verde,CPV,1988,5.1064
Cape Verde,CPV,1989,4.9114
Cape Verde,CPV,1990,4.7393
Cape Verde,CPV,1991,4.5967
Cape Verde,CPV,1992,4.4783
Cape Verde,CPV,1993,4.3679
Cape Verde,CPV,1994,4.2518
Cape Verde,CPV,1995,4.2428
Cape Verde,CPV,1996,3.8919
Cape Verde,CPV,1997,3.6496
Cape Verde,CPV,1998,3.3887
Cape Verde,CPV,1999,3.1213
Cape Verde,CPV,2000,2.8752
Cape Verde,CPV,2001,2.6674
Cape Verde,CPV,2002,2.505
Cape Verde,CPV,2003,2.3882
Cape Verde,CPV,2004,2.3105
Cape Verde,CPV,2005,2.262
Cape Verde,CPV,2006,2.2306
Cape Verde,CPV,2007,2.2024
Cape Verde,CPV,2008,2.1665
Cape Verde,CPV,2009,2.1246
Cape Verde,CPV,2010,2.046
Cape Verde,CPV,2011,1.9581
Cape Verde,CPV,2012,1.8565
Cape Verde,CPV,2013,1.7475
Cape Verde,CPV,2014,1.6367
Cape Verde,CPV,2015,1.5359
Cape Verde,CPV,2016,1.4286
Cape Verde,CPV,2017,1.3378
Cape Verde,CPV,2018,1.2577
Cape Verde,CPV,2019,1.1885
Cape Verde,CPV,2020,1.1308
Cape Verde,CPV,2021,1.0765
Cape Verde,CPV,2022,1.029
Cape Verde,CPV,2023,0.9836
Cayman Islands,CYM,1950,7.9311
Cayman Islands,CYM,1951,7.7218
Cayman Islands,CYM,1952,7.5125
Cayman Islands,CYM,1953,7.3065
Cayman Islands,CYM,1954,7.1014
Cayman Islands,CYM,1955,6.8998
Cayman Islands,CYM,1956,6.7036
Cayman Islands,CYM,1957,6.5098
Cayman Islands,CYM,1958,6.3222
Cayman Islands,CYM,1959,6.1386
Cayman Islands,CYM,1960,5.9405
Cayman Islands,CYM,1961,5.7678
Cayman Islands,CYM,1962,5.5989
Cayman Islands,CYM,1963,5.4328
Cayman Islands,CYM,1964,5.2702
Cayman Islands,CYM,1965,5.1115
Cayman Islands,CYM,1966,4.9534
Cayman Islands,CYM,1967,4.7888
Cayman Islands,CYM,1968,4.609
Cayman Islands,CYM,1969,4.4034
Cayman Islands,CYM,1970,4.1595
Cayman Islands,CYM,1971,3.8754
Cayman Islands,CYM,1972,3.5626
Cayman Islands,CYM,1973,3.2347
Cayman Islands,CYM,1974,2.9104
Cayman Islands,CYM,1975,2.6095
Cayman Islands,CYM,1976,2.3419
Cayman Islands,CYM,1977,2.1089
Cayman Islands,CYM,1978,1.9072
Cayman Islands,CYM,1979,1.7305
Cayman Islands,CYM,1980,1.571
Cayman Islands,CYM,1981,1.4238
Cayman Islands,CYM,1982,1.2915
Cayman Islands,CYM,1983,1.173
Cayman Islands,CYM,1984,1.0695
Cayman Islands,CYM,1985,0.9816
Cayman Islands,CYM,1986,0.9088
Cayman Islands,CYM,1987,0.8499
Cayman Islands,CYM,1988,0.8027
Cayman Islands,CYM,1989,0.7642
Cayman Islands,CYM,1990,0.7314
Cayman Islands,CYM,1991,0.7015
Cayman Islands,CYM,1992,0.6719
Cayman Islands,CYM,1993,0.6416
Cayman Islands,CYM,1994,0.6106
Cayman Islands,CYM,1995,0.5797
Cayman Islands,CYM,1996,0.5503
Cayman Islands,CYM,1997,0.5239
Cayman Islands,CYM,1998,0.5017
Cayman Islands,CYM,1999,0.4843
Cayman Islands,CYM,2000,0.4717
Cayman Islands,CYM,2001,0.4634
Cayman Islands,CYM,2002,0.4579
Cayman Islands,CYM,2003,0.4534
Cayman Islands,CYM,2004,0.4676
Cayman Islands,CYM,2005,0.4381
Cayman Islands,CYM,2006,0.4236
Cayman Islands,CYM,2007,0.4034
Cayman Islands,CYM,2008,0.3781
Cayman Islands,CYM,2009,0.3497
Cayman Islands,CYM,2010,0.3204
Cayman Islands,CYM,2011,0.2923
Cayman Islands,CYM,2012,0.2678
Cayman Islands,CYM,2013,0.2469
Cayman Islands,CYM,2014,0.2296
Cayman Islands,CYM,2015,0.2151
Cayman Islands,CYM,2016,0.2024
Cayman Islands,CYM,2017,0.1902
Cayman Islands,CYM,2018,0.1778
Cayman Islands,CYM,2019,0.1646
Cayman Islands,CYM,2020,0.1507
Cayman Islands,CYM,2021,0.1383
Cayman Islands,CYM,2022,0.1233
Cayman Islands,CYM,2023,0.1111
Central African Republic,CAF,1950,17.4256
Central African Republic,CAF,1951,17.2874
Central African Republic,CAF,1952,17.1502
Central African Republic,CAF,1953,17.0113
Central African Republic,CAF,1954,16.8696
Central African Republic,CAF,1955,16.7277
Central African Republic,CAF,1956,16.584
Central African Republic,CAF,1957,16.4358
Central African Republic,CAF,1958,16.2824
Central African Republic,CAF,1959,16.1237
Central African Republic,CAF,1960,15.9494
Central African Republic,CAF,1961,15.7633
Central African Republic,CAF,1962,15.5656
Central African Republic,CAF,1963,15.3576
Central African Republic,CAF,1964,15.1398
Central African Republic,CAF,1965,14.9177
Central African Republic,CAF,1966,14.6838
Central African Republic,CAF,1967,14.4545
Central African Republic,CAF,1968,14.2254
Central African Republic,CAF,1969,13.9996
Central African Republic,CAF,1970,13.7793
Central African Republic,CAF,1971,13.5666
Central African Republic,CAF,1972,13.3629
Central African Republic,CAF,1973,13.1689
Central African Republic,CAF,1974,12.9841
Central African Republic,CAF,1975,12.8085
Central African Republic,CAF,1976,12.6424
Central African Republic,CAF,1977,12.4857
Central African Republic,CAF,1978,12.3394
Central African Republic,CAF,1979,12.205
Central African Republic,CAF,1980,12.0834
Central African Republic,CAF,1981,11.9755
Central African Republic,CAF,1982,11.8824
Central African Republic,CAF,1983,11.8034
Central African Republic,CAF,1984,11.7376
Central African Republic,CAF,1985,11.6834
Central African Republic,CAF,1986,11.6385
Central African Republic,CAF,1987,11.6004
Central African Republic,CAF,1988,11.5669
Central African Republic,CAF,1989,11.5355
Central African Republic,CAF,1990,11.5045
Central African Republic,CAF,1991,11.473
Central African Republic,CAF,1992,11.4442
Central African Republic,CAF,1993,11.4029
Central African Republic,CAF,1994,11.3605
Central African Republic,CAF,1995,11.3109
Central African Republic,CAF,1996,11.2526
Central African Republic,CAF,1997,11.1836
Central African Republic,CAF,1998,11.0941
Central African Republic,CAF,1999,10.9875
Central African Republic,CAF,2000,10.8942
Central African Republic,CAF,2001,10.7488
Central African Republic,CAF,2002,10.5813
Central African Republic,CAF,2003,10.3952
Central African Republic,CAF,2004,10.2044
Central African Republic,CAF,2005,9.9942
Central African Republic,CAF,2006,9.7848
Central African Republic,CAF,2007,9.5756
Central African Republic,CAF,2008,9.3564
Central African Republic,CAF,2009,22.6372
Central African Republic,CAF,2010,9.6507
Central African Republic,CAF,2011,9.023
Central African Republic,CAF,2012,8.7331
Central African Republic,CAF,2013,8.894
Central African Republic,CAF,2014,10.5829
Central African Republic,CAF,2015,8.4263
Central African Republic,CAF,2016,8.4766
Central African Republic,CAF,2017,9.334
Central African Republic,CAF,2018,8.093
Central African Republic,CAF,2019,12.6031
Central African Republic,CAF,2020,8.0724
Central African Republic,CAF,2021,9.8052
Central African Republic,CAF,2022,18.4474
Central African Republic,CAF,2023,6.8498
Chad,TCD,1950,19.7871
Chad,TCD,1951,19.5808
Chad,TCD,1952,19.3779
Chad,TCD,1953,19.1775
Chad,TCD,1954,18.9795
Chad,TCD,1955,18.7835
Chad,TCD,1956,18.5894
Chad,TCD,1957,18.3961
Chad,TCD,1958,18.2016
Chad,TCD,1959,18.0091
Chad,TCD,1960,17.8177
Chad,TCD,1961,17.6264
Chad,TCD,1962,17.4333
Chad,TCD,1963,17.2358
Chad,TCD,1964,17.0315
Chad,TCD,1965,16.882
Chad,TCD,1966,16.5746
Chad,TCD,1967,16.3209
Chad,TCD,1968,16.0717
Chad,TCD,1969,15.8146
Chad,TCD,1970,15.5616
Chad,TCD,1971,15.4609
Chad,TCD,1972,15.0986
Chad,TCD,1973,14.9728
Chad,TCD,1974,14.8309
Chad,TCD,1975,14.7064
Chad,TCD,1976,14.5481
Chad,TCD,1977,14.451
Chad,TCD,1978,14.3465
Chad,TCD,1979,14.2336
Chad,TCD,1980,14.1105
Chad,TCD,1981,14.0635
Chad,TCD,1982,13.9216
Chad,TCD,1983,13.77
Chad,TCD,1984,13.6092
Chad,TCD,1985,13.4921
Chad,TCD,1986,13.2014
Chad,TCD,1987,13.0334
Chad,TCD,1988,12.8891
Chad,TCD,1989,12.6972
Chad,TCD,1990,12.5294
Chad,TCD,1991,12.424
Chad,TCD,1992,12.2494
Chad,TCD,1993,12.0805
Chad,TCD,1994,11.9489
Chad,TCD,1995,11.7946
Chad,TCD,1996,11.67
Chad,TCD,1997,11.5298
Chad,TCD,1998,11.375
Chad,TCD,1999,11.2243
Chad,TCD,2000,11.0624
Chad,TCD,2001,10.8782
Chad,TCD,2002,10.6824
Chad,TCD,2003,10.5019
Chad,TCD,2004,10.3278
Chad,TCD,2005,10.132
Chad,TCD,2006,9.9467
Chad,TCD,2007,9.7202
Chad,TCD,2008,9.5108
Chad,TCD,2009,9.3033
Chad,TCD,2010,9.0926
Chad,TCD,2011,8.8816
Chad,TCD,2012,8.6582
Chad,TCD,2013,8.4465
Chad,TCD,2014,8.2457
Chad,TCD,2015,8.0411
Chad,TCD,2016,7.8307
Chad,TCD,2017,7.6196
Chad,TCD,2018,7.4145
Chad,TCD,2019,7.2149
Chad,TCD,2020,7.0099
Chad,TCD,2021,6.8108
Chad,TCD,2022,6.6127
Chad,TCD,2023,6.4224
Chile,CHL,1950,12.429
Chile,CHL,1951,12.3382
Chile,CHL,1952,12.2479
Chile,CHL,1953,12.1506
Chile,CHL,1954,12.0412
Chile,CHL,1955,11.9179
Chile,CHL,1956,11.7774
Chile,CHL,1957,11.6193
Chile,CHL,1958,11.4407
Chile,CHL,1959,11.2387
Chile,CHL,1960,11.3311
Chile,CHL,1961,11.1496
Chile,CHL,1962,11.0643
Chile,CHL,1963,10.6919
Chile,CHL,1964,10.5066
Chile,CHL,1965,10.0477
Chile,CHL,1966,9.5444
Chile,CHL,1967,8.879
Chile,CHL,1968,8.3302
Chile,CHL,1969,7.7115
Chile,CHL,1970,7.3059
Chile,CHL,1971,6.9877
Chile,CHL,1972,6.7707
Chile,CHL,1973,6.3767
Chile,CHL,1974,6.0124
Chile,CHL,1975,5.462
Chile,CHL,1976,4.876
Chile,CHL,1977,4.2854
Chile,CHL,1978,3.8324
Chile,CHL,1979,3.3538
Chile,CHL,1980,2.9837
Chile,CHL,1981,2.7169
Chile,CHL,1982,2.4312
Chile,CHL,1983,2.19
Chile,CHL,1984,2.0294
Chile,CHL,1985,1.9116
Chile,CHL,1986,1.8779
Chile,CHL,1987,1.8518
Chile,CHL,1988,1.8137
Chile,CHL,1989,1.7357
Chile,CHL,1990,1.5364
Chile,CHL,1991,1.4714
Chile,CHL,1992,1.4086
Chile,CHL,1993,1.3479
Chile,CHL,1994,1.2891
Chile,CHL,1995,1.2324
Chile,CHL,1996,1.1107
Chile,CHL,1997,1.0764
Chile,CHL,1998,1.0433
Chile,CHL,1999,0.9942
Chile,CHL,2000,0.9534
Chile,CHL,2001,0.9014
Chile,CHL,2002,0.8663
Chile,CHL,2003,0.8436
Chile,CHL,2004,0.8262
Chile,CHL,2005,0.8246
Chile,CHL,2006,0.8141
Chile,CHL,2007,0.8039
Chile,CHL,2008,0.7938
Chile,CHL,2009,0.809
Chile,CHL,2010,0.7875
Chile,CHL,2011,0.7695
Chile,CHL,2012,0.7524
Chile,CHL,2013,0.741
Chile,CHL,2014,0.7236
Chile,CHL,2015,0.7104
Chile,CHL,2016,0.7007
Chile,CHL,2017,0.6696
Chile,CHL,2018,0.6229
Chile,CHL,2019,0.5707
Chile,CHL,2020,0.4969
Chile,CHL,2021,0.4689
Chile,CHL,2022,0.4498
Chile,CHL,2023,0.4139
China,CHN,1950,12.7119
China,CHN,1951,12.4695
China,CHN,1952,12.2187
China,CHN,1953,11.9746
China,CHN,1954,11.7757
China,CHN,1955,11.4942
China,CHN,1956,11.2601
China,CHN,1957,11.0232
China,CHN,1958,10.7886
China,CHN,1959,15.3478
China,CHN,1960,19.6106
China,CHN,1961,15.4337
China,CHN,1962,9.8595
China,CHN,1963,9.6202
China,CHN,1964,9.3762
China,CHN,1965,9.1276
China,CHN,1966,8.8749
China,CHN,1967,8.6132
China,CHN,1968,8.3382
China,CHN,1969,8.051
China,CHN,1970,7.7473
China,CHN,1971,7.4261
China,CHN,1972,7.1017
China,CHN,1973,6.7731
China,CHN,1974,6.451
China,CHN,1975,6.1463
China,CHN,1976,5.8756
China,CHN,1977,5.5203
China,CHN,1978,5.2521
China,CHN,1979,5.0111
China,CHN,1980,4.807
China,CHN,1981,4.6234
China,CHN,1982,4.474
China,CHN,1983,4.3562
China,CHN,1984,4.267
China,CHN,1985,4.2022
China,CHN,1986,4.1534
China,CHN,1987,4.117
China,CHN,1988,4.0879
China,CHN,1989,4.0549
China,CHN,1990,4.0118
China,CHN,1991,3.9603
China,CHN,1992,3.8889
China,CHN,1993,3.803
China,CHN,1994,3.7005
China,CHN,1995,3.5828
China,CHN,1996,3.4489
China,CHN,1997,3.2985
China,CHN,1998,3.1423
China,CHN,1999,2.9708
China,CHN,2000,2.7939
China,CHN,2001,2.613
China,CHN,2002,2.4319
China,CHN,2003,2.2522
China,CHN,2004,2.0795
China,CHN,2005,1.9158
China,CHN,2006,1.7635
China,CHN,2007,1.6228
China,CHN,2008,1.5094
China,CHN,2009,1.3771
China,CHN,2010,1.2733
China,CHN,2011,1.1749
China,CHN,2012,1.0869
China,CHN,2013,1.0066
China,CHN,2014,0.933
China,CHN,2015,0.8653
China,CHN,2016,0.8041
China,CHN,2017,0.7471
China,CHN,2018,0.6958
China,CHN,2019,0.6488
China,CHN,2020,0.6052
China,CHN,2021,0.5651
China,CHN,2022,0.5326
China,CHN,2023,0.5102
Colombia,COL,1950,12.6764
Colombia,COL,1951,12.3829
Colombia,COL,1952,12.0963
Colombia,COL,1953,11.8123
Colombia,COL,1954,11.529
Colombia,COL,1955,11.2363
Colombia,COL,1956,10.9433
Colombia,COL,1957,10.5283
Colombia,COL,1958,10.2342
Colombia,COL,1959,9.889
Colombia,COL,1960,9.5879
Colombia,COL,1961,9.3201
Colombia,COL,1962,9.0727
Colombia,COL,1963,8.8222
Colombia,COL,1964,8.5856
Colombia,COL,1965,8.3543
Colombia,COL,1966,8.1248
Colombia,COL,1967,7.8971
Colombia,COL,1968,7.6614
Colombia,COL,1969,7.422
Colombia,COL,1970,7.1963
Colombia,COL,1971,6.9357
Colombia,COL,1972,6.6775
Colombia,COL,1973,6.4178
Colombia,COL,1974,6.1516
Colombia,COL,1975,5.8753
Colombia,COL,1976,5.6038
Colombia,COL,1977,5.3304
Colombia,COL,1978,5.0624
Colombia,COL,1979,4.8117
Colombia,COL,1980,4.5558
Colombia,COL,1981,4.3248
Colombia,COL,1982,4.1007
Colombia,COL,1983,3.8952
Colombia,COL,1984,3.7023
Colombia,COL,1985,3.7178
Colombia,COL,1986,3.3759
Colombia,COL,1987,3.2447
Colombia,COL,1988,3.1078
Colombia,COL,1989,2.9875
Colombia,COL,1990,2.8802
Colombia,COL,1991,2.7825
Colombia,COL,1992,2.6872
Colombia,COL,1993,2.5981
Colombia,COL,1994,2.5128
Colombia,COL,1995,2.4269
Colombia,COL,1996,2.3456
Colombia,COL,1997,2.2642
Colombia,COL,1998,2.1913
Colombia,COL,1999,2.132
Colombia,COL,2000,2.0719
Colombia,COL,2001,2.0071
Colombia,COL,2002,1.9483
Colombia,COL,2003,1.8695
Colombia,COL,2004,1.8144
Colombia,COL,2005,1.7621
Colombia,COL,2006,1.7087
Colombia,COL,2007,1.659
Colombia,COL,2008,1.6053
Colombia,COL,2009,1.5549
Colombia,COL,2010,1.5143
Colombia,COL,2011,1.4679
Colombia,COL,2012,1.4143
Colombia,COL,2013,1.3686
Colombia,COL,2014,1.3266
Colombia,COL,2015,1.2832
Colombia,COL,2016,1.2421
Colombia,COL,2017,1.2051
Colombia,COL,2018,1.164
Colombia,COL,2019,1.1277
Colombia,COL,2020,1.0886
Colombia,COL,2021,1.053
Colombia,COL,2022,1.0193
Colombia,COL,2023,0.9835
Comoros,COM,1950,18.9315
Comoros,COM,1951,19.6475
Comoros,COM,1952,18.5726
Comoros,COM,1953,18.395
Comoros,COM,1954,18.2124
Comoros,COM,1955,18.0232
Comoros,COM,1956,17.8273
Comoros,COM,1957,17.6251
Comoros,COM,1958,17.4174
Comoros,COM,1959,17.2053
Comoros,COM,1960,16.9899
Comoros,COM,1961,16.7718
Comoros,COM,1962,16.5516
Comoros,COM,1963,16.3296
Comoros,COM,1964,16.1058
Comoros,COM,1965,15.8795
Comoros,COM,1966,15.6465
Comoros,COM,1967,15.4107
Comoros,COM,1968,15.1716
Comoros,COM,1969,14.9308
Comoros,COM,1970,14.6861
Comoros,COM,1971,14.4378
Comoros,COM,1972,14.1847
Comoros,COM,1973,13.9276
Comoros,COM,1974,13.6586
Comoros,COM,1975,13.5679
Comoros,COM,1976,13.1008
Comoros,COM,1977,12.8036
Comoros,COM,1978,12.4931
Comoros,COM,1979,12.1852
Comoros,COM,1980,11.8753
Comoros,COM,1981,11.566
Comoros,COM,1982,11.2584
Comoros,COM,1983,10.9842
Comoros,COM,1984,10.6579
Comoros,COM,1985,10.3699
Comoros,COM,1986,10.0868
Comoros,COM,1987,9.834
Comoros,COM,1988,9.5517
Comoros,COM,1989,9.3
Comoros,COM,1990,9.051
Comoros,COM,1991,8.8135
Comoros,COM,1992,8.5851
Comoros,COM,1993,8.3672
Comoros,COM,1994,8.1617
Comoros,COM,1995,7.9693
Comoros,COM,1996,7.7888
Comoros,COM,1997,7.6179
Comoros,COM,1998,7.5111
Comoros,COM,1999,7.3229
Comoros,COM,2000,7.1953
Comoros,COM,2001,7.0031
Comoros,COM,2002,6.8708
Comoros,COM,2003,6.6955
Comoros,COM,2004,6.5348
Comoros,COM,2005,6.3749
Comoros,COM,2006,6.2123
Comoros,COM,2007,6.0613
Comoros,COM,2008,5.8856
Comoros,COM,2009,5.7259
Comoros,COM,2010,5.5616
Comoros,COM,2011,5.4014
Comoros,COM,2012,5.2482
Comoros,COM,2013,5.0852
Comoros,COM,2014,4.9291
Comoros,COM,2015,4.7749
Comoros,COM,2016,4.6237
Comoros,COM,2017,4.4772
Comoros,COM,2018,4.3366
Comoros,COM,2019,4.2061
Comoros,COM,2020,4.0742
Comoros,COM,2021,3.9509
Comoros,COM,2022,3.833
Comoros,COM,2023,3.7172
Congo,COG,1950,13.5088
Congo,COG,1951,13.2605
Congo,COG,1952,13.0113
Congo,COG,1953,12.7536
Congo,COG,1954,12.4821
Congo,COG,1955,12.1953
Congo,COG,1956,11.8964
Congo,COG,1957,11.59
Congo,COG,1958,11.2811
Congo,COG,1959,10.975
Congo,COG,1960,10.6768
Congo,COG,1961,10.3895
Congo,COG,1962,10.1136
Congo,COG,1963,9.8482
Congo,COG,1964,9.5928
Congo,COG,1965,9.3463
Congo,COG,1966,9.1085
Congo,COG,1967,8.9075
Congo,COG,1968,8.6632
Congo,COG,1969,8.4584
Congo,COG,1970,8.2656
Congo,COG,1971,8.0847
Congo,COG,1972,7.9148
Congo,COG,1973,7.752
Congo,COG,1974,7.5949
Congo,COG,1975,7.4446
Congo,COG,1976,7.2999
Congo,COG,1977,7.1598
Congo,COG,1978,7.0252
Congo,COG,1979,6.889
Congo,COG,1980,6.7549
Congo,COG,1981,6.6212
Congo,COG,1982,6.4889
Congo,COG,1983,6.3605
Congo,COG,1984,6.24
Congo,COG,1985,6.1316
Congo,COG,1986,6.0454
Congo,COG,1987,5.9857
Congo,COG,1988,5.9572
Congo,COG,1989,5.964
Congo,COG,1990,6.007
Congo,COG,1991,6.0851
Congo,COG,1992,6.1944
Congo,COG,1993,6.3318
Congo,COG,1994,6.4779
Congo,COG,1995,6.6327
Congo,COG,1996,6.7768
Congo,COG,1997,7.211
Congo,COG,1998,7.1486
Congo,COG,1999,6.9986
Congo,COG,2000,6.8994
Congo,COG,2001,6.7574
Congo,COG,2002,6.5463
Congo,COG,2003,6.2848
Congo,COG,2004,5.966
Congo,COG,2005,5.6429
Congo,COG,2006,5.3249
Congo,COG,2007,5.0333
Congo,COG,2008,4.7586
Congo,COG,2009,4.5294
Congo,COG,2010,4.3499
Congo,COG,2011,4.1797
Congo,COG,2012,4.0442
Congo,COG,2013,3.9274
Congo,COG,2014,3.8004
Congo,COG,2015,3.6903
Congo,COG,2016,3.5832
Congo,COG,2017,3.4742
Congo,COG,2018,3.3707
Congo,COG,2019,3.4519
Congo,COG,2020,3.1696
Congo,COG,2021,3.0726
Congo,COG,2022,2.9727
Congo,COG,2023,2.8818
Cook Islands,COK,1950,13.0199
Cook Islands,COK,1951,12.5609
Cook Islands,COK,1952,12.1109
Cook Islands,COK,1953,11.6514
Cook Islands,COK,1954,11.1736
Cook Islands,COK,1955,10.6749
Cook Islands,COK,1956,10.1578
Cook Islands,COK,1957,9.633
Cook Islands,COK,1958,9.11
Cook Islands,COK,1959,8.5841
Cook Islands,COK,1960,8.0659
Cook Islands,COK,1961,7.5535
Cook Islands,COK,1962,7.0574
Cook Islands,COK,1963,6.5873
Cook Islands,COK,1964,6.1351
Cook Islands,COK,1965,5.7054
Cook Islands,COK,1966,5.3007
Cook Islands,COK,1967,4.9223
Cook Islands,COK,1968,4.5722
Cook Islands,COK,1969,4.2519
Cook Islands,COK,1970,3.9618
Cook Islands,COK,1971,3.7019
Cook Islands,COK,1972,3.4703
Cook Islands,COK,1973,3.2672
Cook Islands,COK,1974,3.0898
Cook Islands,COK,1975,2.9348
Cook Islands,COK,1976,2.7992
Cook Islands,COK,1977,2.6799
Cook Islands,COK,1978,2.5753
Cook Islands,COK,1979,2.481
Cook Islands,COK,1980,2.396
Cook Islands,COK,1981,2.3195
Cook Islands,COK,1982,2.25
Cook Islands,COK,1983,2.1893
Cook Islands,COK,1984,2.1352
Cook Islands,COK,1985,2.0882
Cook Islands,COK,1986,2.0483
Cook Islands,COK,1987,2.1363
Cook Islands,COK,1988,1.9889
Cook Islands,COK,1989,1.9664
Cook Islands,COK,1990,2.0788
Cook Islands,COK,1991,1.9255
Cook Islands,COK,1992,1.9019
Cook Islands,COK,1993,1.8721
Cook Islands,COK,1994,1.8355
Cook Islands,COK,1995,1.7909
Cook Islands,COK,1996,1.7389
Cook Islands,COK,1997,2.1007
Cook Islands,COK,1998,1.6169
Cook Islands,COK,1999,1.5509
Cook Islands,COK,2000,1.4838
Cook Islands,COK,2001,1.4171
Cook Islands,COK,2002,1.3515
Cook Islands,COK,2003,1.2867
Cook Islands,COK,2004,1.2244
Cook Islands,COK,2005,1.1641
Cook Islands,COK,2006,1.1062
Cook Islands,COK,2007,1.0509
Cook Islands,COK,2008,0.9986
Cook Islands,COK,2009,0.9498
Cook Islands,COK,2010,0.9047
Cook Islands,COK,2011,0.8636
Cook Islands,COK,2012,0.8264
Cook Islands,COK,2013,0.7925
Cook Islands,COK,2014,0.7619
Cook Islands,COK,2015,0.7338
Cook Islands,COK,2016,0.7076
Cook Islands,COK,2017,0.6828
Cook Islands,COK,2018,0.6588
Cook Islands,COK,2019,0.636
Cook Islands,COK,2020,0.6142
Cook Islands,COK,2021,0.5933
Cook Islands,COK,2022,0.5733
Cook Islands,COK,2023,0.554
Costa Rica,CRI,1950,9.955
Costa Rica,CRI,1951,9.8295
Costa Rica,CRI,1952,9.7145
Costa Rica,CRI,1953,9.564
Costa Rica,CRI,1954,9.3865
Costa Rica,CRI,1955,9.1672
Costa Rica,CRI,1956,8.8962
Costa Rica,CRI,1957,8.5925
Costa Rica,CRI,1958,8.2814
Costa Rica,CRI,1959,7.9918
Costa Rica,CRI,1960,7.7384
Costa Rica,CRI,1961,7.5367
Costa Rica,CRI,1962,7.3878
Costa Rica,CRI,1963,7.2726
Costa Rica,CRI,1964,7.1596
Costa Rica,CRI,1965,7.0342
Costa Rica,CRI,1966,6.8802
Costa Rica,CRI,1967,6.6878
Costa Rica,CRI,1968,6.4689
Costa Rica,CRI,1969,6.1876
Costa Rica,CRI,1970,5.8751
Costa Rica,CRI,1971,5.4969
Costa Rica,CRI,1972,5.0873
Costa Rica,CRI,1973,4.6436
Costa Rica,CRI,1974,4.1755
Costa Rica,CRI,1975,3.7163
Costa Rica,CRI,1976,3.2891
Costa Rica,CRI,1977,2.9152
Costa Rica,CRI,1978,2.6069
Costa Rica,CRI,1979,2.368
Costa Rica,CRI,1980,2.1941
Costa Rica,CRI,1981,2.0732
Costa Rica,CRI,1982,1.992
Costa Rica,CRI,1983,1.9346
Costa Rica,CRI,1984,1.8824
Costa Rica,CRI,1985,1.8278
Costa Rica,CRI,1986,1.7645
Costa Rica,CRI,1987,1.6924
Costa Rica,CRI,1988,1.6212
Costa Rica,CRI,1989,1.5392
Costa Rica,CRI,1990,1.4709
Costa Rica,CRI,1991,1.4169
Costa Rica,CRI,1992,1.3661
Costa Rica,CRI,1993,1.3324
Costa Rica,CRI,1994,1.3011
Costa Rica,CRI,1995,1.2757
Costa Rica,CRI,1996,1.2587
Costa Rica,CRI,1997,1.2236
Costa Rica,CRI,1998,1.1936
Costa Rica,CRI,1999,1.1608
Costa Rica,CRI,2000,1.122
Costa Rica,CRI,2001,1.0853
Costa Rica,CRI,2002,1.0543
Costa Rica,CRI,2003,1.0224
Costa Rica,CRI,2004,0.9984
Costa Rica,CRI,2005,0.9787
Costa Rica,CRI,2006,0.9602
Costa Rica,CRI,2007,0.9446
Costa Rica,CRI,2008,0.9286
Costa Rica,CRI,2009,0.911
Costa Rica,CRI,2010,0.8911
Costa Rica,CRI,2011,0.8691
Costa Rica,CRI,2012,0.8456
Costa Rica,CRI,2013,0.822
Costa Rica,CRI,2014,0.7994
Costa Rica,CRI,2015,0.7784
Costa Rica,CRI,2016,0.7588
Costa Rica,CRI,2017,0.7404
Costa Rica,CRI,2018,0.7233
Costa Rica,CRI,2019,0.7073
Costa Rica,CRI,2020,0.692
Costa Rica,CRI,2021,0.6774
Costa Rica,CRI,2022,0.6633
Costa Rica,CRI,2023,0.6494
Cote d'Ivoire,CIV,1950,20.6091
Cote d'Ivoire,CIV,1951,20.3937
Cote d'Ivoire,CIV,1952,20.1751
Cote d'Ivoire,CIV,1953,19.9478
Cote d'Ivoire,CIV,1954,19.7084
Cote d'Ivoire,CIV,1955,19.4549
Cote d'Ivoire,CIV,1956,19.1863
Cote d'Ivoire,CIV,1957,18.907
Cote d'Ivoire,CIV,1958,18.6194
Cote d'Ivoire,CIV,1959,18.3275
Cote d'Ivoire,CIV,1960,18.034
Cote d'Ivoire,CIV,1961,17.7405
Cote d'Ivoire,CIV,1962,17.4353
Cote d'Ivoire,CIV,1963,17.1407
Cote d'Ivoire,CIV,1964,16.8463
Cote d'Ivoire,CIV,1965,16.5511
Cote d'Ivoire,CIV,1966,16.2544
Cote d'Ivoire,CIV,1967,15.9546
Cote d'Ivoire,CIV,1968,15.6496
Cote d'Ivoire,CIV,1969,15.3352
Cote d'Ivoire,CIV,1970,15.0093
Cote d'Ivoire,CIV,1971,14.6646
Cote d'Ivoire,CIV,1972,14.3034
Cote d'Ivoire,CIV,1973,13.926
Cote d'Ivoire,CIV,1974,13.5367
Cote d'Ivoire,CIV,1975,13.1436
Cote d'Ivoire,CIV,1976,12.7572
Cote d'Ivoire,CIV,1977,12.3876
Cote d'Ivoire,CIV,1978,12.0441
Cote d'Ivoire,CIV,1979,11.735
Cote d'Ivoire,CIV,1980,11.4643
Cote d'Ivoire,CIV,1981,11.2318
Cote d'Ivoire,CIV,1982,11.0362
Cote d'Ivoire,CIV,1983,10.8754
Cote d'Ivoire,CIV,1984,10.7468
Cote d'Ivoire,CIV,1985,10.6486
Cote d'Ivoire,CIV,1986,10.579
Cote d'Ivoire,CIV,1987,10.5353
Cote d'Ivoire,CIV,1988,10.5132
Cote d'Ivoire,CIV,1989,10.5074
Cote d'Ivoire,CIV,1990,10.5109
Cote d'Ivoire,CIV,1991,10.518
Cote d'Ivoire,CIV,1992,10.5155
Cote d'Ivoire,CIV,1993,10.5039
Cote d'Ivoire,CIV,1994,10.4746
Cote d'Ivoire,CIV,1995,10.4261
Cote d'Ivoire,CIV,1996,10.3482
Cote d'Ivoire,CIV,1997,10.2438
Cote d'Ivoire,CIV,1998,10.1147
Cote d'Ivoire,CIV,1999,9.9616
Cote d'Ivoire,CIV,2000,9.7884
Cote d'Ivoire,CIV,2001,9.5989
Cote d'Ivoire,CIV,2002,9.3929
Cote d'Ivoire,CIV,2003,9.1811
Cote d'Ivoire,CIV,2004,8.9504
Cote d'Ivoire,CIV,2005,8.7133
Cote d'Ivoire,CIV,2006,8.4742
Cote d'Ivoire,CIV,2007,8.234
Cote d'Ivoire,CIV,2008,7.9956
Cote d'Ivoire,CIV,2009,7.7604
Cote d'Ivoire,CIV,2010,7.5293
Cote d'Ivoire,CIV,2011,7.3117
Cote d'Ivoire,CIV,2012,7.0883
Cote d'Ivoire,CIV,2013,6.8807
Cote d'Ivoire,CIV,2014,6.6807
Cote d'Ivoire,CIV,2015,6.484
Cote d'Ivoire,CIV,2016,6.2997
Cote d'Ivoire,CIV,2017,6.1212
Cote d'Ivoire,CIV,2018,5.9487
Cote d'Ivoire,CIV,2019,5.7817
Cote d'Ivoire,CIV,2020,5.6219
Cote d'Ivoire,CIV,2021,5.4646
Cote d'Ivoire,CIV,2022,5.3133
Cote d'Ivoire,CIV,2023,5.1653
Croatia,HRV,1950,11.6988
Croatia,HRV,1951,11.1838
Croatia,HRV,1952,10.996
Croatia,HRV,1953,9.9963
Croatia,HRV,1954,9.6495
Croatia,HRV,1955,8.9147
Croatia,HRV,1956,8.6304
Croatia,HRV,1957,7.9709
Croatia,HRV,1958,7.5141
Croatia,HRV,1959,7.0874
Croatia,HRV,1960,6.7383
Croatia,HRV,1961,6.2089
Croatia,HRV,1962,5.7074
Croatia,HRV,1963,5.3759
Croatia,HRV,1964,5.1
Croatia,HRV,1965,4.6961
Croatia,HRV,1966,4.3217
Croatia,HRV,1967,4.0165
Croatia,HRV,1968,3.8451
Croatia,HRV,1969,3.603
Croatia,HRV,1970,3.2605
Croatia,HRV,1971,2.9596
Croatia,HRV,1972,2.7427
Croatia,HRV,1973,2.5907
Croatia,HRV,1974,2.4378
Croatia,HRV,1975,2.3076
Croatia,HRV,1976,2.194
Croatia,HRV,1977,2.1362
Croatia,HRV,1978,2.0463
Croatia,HRV,1979,2.0135
Croatia,HRV,1980,1.9377
Croatia,HRV,1981,1.8914
Croatia,HRV,1982,1.817
Croatia,HRV,1983,1.7416
Croatia,HRV,1984,1.6737
Croatia,HRV,1985,1.5655
Croatia,HRV,1986,1.4662
Croatia,HRV,1987,1.3591
Croatia,HRV,1988,1.2348
Croatia,HRV,1989,1.1372
Croatia,HRV,1990,1.068
Croatia,HRV,1991,1.1302
Croatia,HRV,1992,1.0575
Croatia,HRV,1993,1.0297
Croatia,HRV,1994,0.9417
Croatia,HRV,1995,0.8975
Croatia,HRV,1996,0.8298
Croatia,HRV,1997,0.7919
Croatia,HRV,1998,0.764
Croatia,HRV,1999,0.7168
Croatia,HRV,2000,0.7212
Croatia,HRV,2001,0.7182
Croatia,HRV,2002,0.6999
Croatia,HRV,2003,0.6773
Croatia,HRV,2004,0.6137
Croatia,HRV,2005,0.5736
Croatia,HRV,2006,0.5574
Croatia,HRV,2007,0.5177
Croatia,HRV,2008,0.5253
Croatia,HRV,2009,0.4785
Croatia,HRV,2010,0.4778
Croatia,HRV,2011,0.4178
Croatia,HRV,2012,0.4047
Croatia,HRV,2013,0.4189
Croatia,HRV,2014,0.4322
Croatia,HRV,2015,0.4442
Croatia,HRV,2016,0.4105
Croatia,HRV,2017,0.3986
Croatia,HRV,2018,0.4261
Croatia,HRV,2019,0.391
Croatia,HRV,2020,0.3925
Croatia,HRV,2021,0.3894
Croatia,HRV,2022,0.4053
Croatia,HRV,2023,0.3504
Cuba,CUB,1950,8.7409
Cuba,CUB,1951,8.5158
Cuba,CUB,1952,8.2955
Cuba,CUB,1953,8.0718
Cuba,CUB,1954,7.8436
Cuba,CUB,1955,7.6056
Cuba,CUB,1956,7.3633
Cuba,CUB,1957,7.1218
Cuba,CUB,1958,6.8814
Cuba,CUB,1959,6.6436
Cuba,CUB,1960,6.3975
Cuba,CUB,1961,6.1536
Cuba,CUB,1962,5.9089
Cuba,CUB,1963,5.7472
Cuba,CUB,1964,5.4202
Cuba,CUB,1965,5.1784
Cuba,CUB,1966,4.9397
Cuba,CUB,1967,4.7034
Cuba,CUB,1968,4.4694
Cuba,CUB,1969,4.2358
Cuba,CUB,1970,4.0008
Cuba,CUB,1971,3.7603
Cuba,CUB,1972,3.5165
Cuba,CUB,1973,3.2704
Cuba,CUB,1974,3.0264
Cuba,CUB,1975,2.7918
Cuba,CUB,1976,2.5748
Cuba,CUB,1977,2.3799
Cuba,CUB,1978,2.2068
Cuba,CUB,1979,2.0579
Cuba,CUB,1980,1.9292
Cuba,CUB,1981,1.8129
Cuba,CUB,1982,1.7077
Cuba,CUB,1983,1.6113
Cuba,CUB,1984,1.5218
Cuba,CUB,1985,1.4382
Cuba,CUB,1986,1.3626
Cuba,CUB,1987,1.2935
Cuba,CUB,1988,1.2296
Cuba,CUB,1989,1.1701
Cuba,CUB,1990,1.1146
Cuba,CUB,1991,1.0623
Cuba,CUB,1992,1.0132
Cuba,CUB,1993,0.967
Cuba,CUB,1994,0.9237
Cuba,CUB,1995,0.8833
Cuba,CUB,1996,0.8449
Cuba,CUB,1997,0.8083
Cuba,CUB,1998,0.7738
Cuba,CUB,1999,0.7415
Cuba,CUB,2000,0.7112
Cuba,CUB,2001,0.6829
Cuba,CUB,2002,0.6566
Cuba,CUB,2003,0.632
Cuba,CUB,2004,0.6092
Cuba,CUB,2005,0.5882
Cuba,CUB,2006,0.5691
Cuba,CUB,2007,0.5521
Cuba,CUB,2008,0.5375
Cuba,CUB,2009,0.5254
Cuba,CUB,2010,0.5161
Cuba,CUB,2011,0.5098
Cuba,CUB,2012,0.5065
Cuba,CUB,2013,0.5064
Cuba,CUB,2014,0.5094
Cuba,CUB,2015,0.5157
Cuba,CUB,2016,0.5256
Cuba,CUB,2017,0.5389
Cuba,CUB,2018,0.556
Cuba,CUB,2019,0.4857
Cuba,CUB,2020,0.4785
Cuba,CUB,2021,0.7301
Cuba,CUB,2022,0.4575
Cuba,CUB,2023,0.4363
Curacao,CUW,1950,7.7027
Curacao,CUW,1951,7.3097
Curacao,CUW,1952,6.9337
Curacao,CUW,1953,6.5747
Curacao,CUW,1954,6.2343
Curacao,CUW,1955,5.9142
Curacao,CUW,1956,5.616
Curacao,CUW,1957,5.341
Curacao,CUW,1958,5.0896
Curacao,CUW,1959,4.8609
Curacao,CUW,1960,4.6532
Curacao,CUW,1961,4.4637
Curacao,CUW,1962,4.2895
Curacao,CUW,1963,4.1268
Curacao,CUW,1964,3.9726
Curacao,CUW,1965,3.8241
Curacao,CUW,1966,3.6791
Curacao,CUW,1967,3.5359
Curacao,CUW,1968,3.3939
Curacao,CUW,1969,3.2526
Curacao,CUW,1970,3.1126
Curacao,CUW,1971,2.9743
Curacao,CUW,1972,2.8387
Curacao,CUW,1973,2.707
Curacao,CUW,1974,2.5803
Curacao,CUW,1975,2.4597
Curacao,CUW,1976,2.3461
Curacao,CUW,1977,2.2405
Curacao,CUW,1978,2.1435
Curacao,CUW,1979,2.0558
Curacao,CUW,1980,1.9774
Curacao,CUW,1981,1.9083
Curacao,CUW,1982,1.8479
Curacao,CUW,1983,1.7955
Curacao,CUW,1984,1.75
Curacao,CUW,1985,1.7102
Curacao,CUW,1986,1.6749
Curacao,CUW,1987,1.6433
Curacao,CUW,1988,1.6148
Curacao,CUW,1989,1.6173
Curacao,CUW,1990,1.5662
Curacao,CUW,1991,1.5464
Curacao,CUW,1992,1.5301
Curacao,CUW,1993,1.5173
Curacao,CUW,1994,1.5079
Curacao,CUW,1995,1.5066
Curacao,CUW,1996,1.4968
Curacao,CUW,1997,1.493
Curacao,CUW,1998,1.4888
Curacao,CUW,1999,1.4829
Curacao,CUW,2000,1.474
Curacao,CUW,2001,1.4612
Curacao,CUW,2002,1.444
Curacao,CUW,2003,1.4219
Curacao,CUW,2004,1.395
Curacao,CUW,2005,1.3639
Curacao,CUW,2006,1.3294
Curacao,CUW,2007,1.2927
Curacao,CUW,2008,1.2545
Curacao,CUW,2009,1.2153
Curacao,CUW,2010,1.1749
Curacao,CUW,2011,1.1337
Curacao,CUW,2012,1.0924
Curacao,CUW,2013,1.052
Curacao,CUW,2014,1.0141
Curacao,CUW,2015,0.9804
Curacao,CUW,2016,0.9515
Curacao,CUW,2017,0.9277
Curacao,CUW,2018,0.9087
Curacao,CUW,2019,0.8941
Curacao,CUW,2020,0.8831
Curacao,CUW,2021,0.8836
Curacao,CUW,2022,0.8675
Curacao,CUW,2023,0.8605
Cyprus,CYP,1950,10.514
Cyprus,CYP,1951,10.0231
Cyprus,CYP,1952,9.5572
Cyprus,CYP,1953,9.1213
Cyprus,CYP,1954,8.6632
Cyprus,CYP,1955,8.2331
Cyprus,CYP,1956,7.8134
Cyprus,CYP,1957,7.4017
Cyprus,CYP,1958,7.0075
Cyprus,CYP,1959,6.6326
Cyprus,CYP,1960,6.2736
Cyprus,CYP,1961,5.9307
Cyprus,CYP,1962,5.6096
Cyprus,CYP,1963,5.6964
Cyprus,CYP,1964,5.4002
Cyprus,CYP,1965,4.7308
Cyprus,CYP,1966,4.4659
Cyprus,CYP,1967,4.2134
Cyprus,CYP,1968,3.9719
Cyprus,CYP,1969,3.7463
Cyprus,CYP,1970,3.534
Cyprus,CYP,1971,3.3427
Cyprus,CYP,1972,3.1701
Cyprus,CYP,1973,3.0108
Cyprus,CYP,1974,2.8619
Cyprus,CYP,1975,2.7144
Cyprus,CYP,1976,2.5616
Cyprus,CYP,1977,2.3992
Cyprus,CYP,1978,2.232
Cyprus,CYP,1979,2.0623
Cyprus,CYP,1980,1.8943
Cyprus,CYP,1981,1.7339
Cyprus,CYP,1982,1.5861
Cyprus,CYP,1983,1.4532
Cyprus,CYP,1984,1.338
Cyprus,CYP,1985,1.2413
Cyprus,CYP,1986,1.1627
Cyprus,CYP,1987,1.1002
Cyprus,CYP,1988,1.0507
Cyprus,CYP,1989,1.0107
Cyprus,CYP,1990,0.9761
Cyprus,CYP,1991,0.9431
Cyprus,CYP,1992,0.9092
Cyprus,CYP,1993,0.8724
Cyprus,CYP,1994,0.8326
Cyprus,CYP,1995,0.7909
Cyprus,CYP,1996,0.7466
Cyprus,CYP,1997,0.7026
Cyprus,CYP,1998,0.6678
Cyprus,CYP,1999,0.6177
Cyprus,CYP,2000,0.5787
Cyprus,CYP,2001,0.5404
Cyprus,CYP,2002,0.505
Cyprus,CYP,2003,0.4719
Cyprus,CYP,2004,0.4408
Cyprus,CYP,2005,0.4119
Cyprus,CYP,2006,0.3852
Cyprus,CYP,2007,0.3614
Cyprus,CYP,2008,0.3391
Cyprus,CYP,2009,0.3201
Cyprus,CYP,2010,0.304
Cyprus,CYP,2011,0.2908
Cyprus,CYP,2012,0.2807
Cyprus,CYP,2013,0.2736
Cyprus,CYP,2014,0.2695
Cyprus,CYP,2015,0.268
Cyprus,CYP,2016,0.269
Cyprus,CYP,2017,0.2721
Cyprus,CYP,2018,0.2769
Cyprus,CYP,2019,0.2829
Cyprus,CYP,2020,0.2895
Cyprus,CYP,2021,0.2968
Cyprus,CYP,2022,0.3867
Cyprus,CYP,2023,0.312
Czechia,CZE,1950,6.4758
Czechia,CZE,1951,5.6428
Czechia,CZE,1952,4.4061
Czechia,CZE,1953,3.4216
Czechia,CZE,1954,2.9744
Czechia,CZE,1955,2.7452
Czechia,CZE,1956,2.5402
Czechia,CZE,1957,2.4566
Czechia,CZE,1958,2.2712
Czechia,CZE,1959,2.0421
Czechia,CZE,1960,1.9861
Czechia,CZE,1961,1.9487
Czechia,CZE,1962,2.1163
Czechia,CZE,1963,2.0894
Czechia,CZE,1964,1.9067
Czechia,CZE,1965,2.3007
Czechia,CZE,1966,2.1622
Czechia,CZE,1967,2.12
Czechia,CZE,1968,2.1482
Czechia,CZE,1969,2.2021
Czechia,CZE,1970,2.0654
Czechia,CZE,1971,2.0527
Czechia,CZE,1972,2.0326
Czechia,CZE,1973,2.0328
Czechia,CZE,1974,1.9555
Czechia,CZE,1975,1.9244
Czechia,CZE,1976,1.8831
Czechia,CZE,1977,1.844
Czechia,CZE,1978,1.6932
Czechia,CZE,1979,1.551
Czechia,CZE,1980,1.5786
Czechia,CZE,1981,1.4957
Czechia,CZE,1982,1.4853
Czechia,CZE,1983,1.4314
Czechia,CZE,1984,1.402
Czechia,CZE,1985,1.2431
Czechia,CZE,1986,1.2189
Czechia,CZE,1987,1.1874
Czechia,CZE,1988,1.116
Czechia,CZE,1989,0.9787
Czechia,CZE,1990,1.1026
Czechia,CZE,1991,1.0198
Czechia,CZE,1992,0.9702
Czechia,CZE,1993,0.8441
Czechia,CZE,1994,0.7371
Czechia,CZE,1995,0.7399
Czechia,CZE,1996,0.5875
Czechia,CZE,1997,0.5862
Czechia,CZE,1998,0.5242
Czechia,CZE,1999,0.4587
Czechia,CZE,2000,0.4162
Czechia,CZE,2001,0.4003
Czechia,CZE,2002,0.4201
Czechia,CZE,2003,0.3928
Czechia,CZE,2004,0.383
Czechia,CZE,2005,0.3463
Czechia,CZE,2006,0.3393
Czechia,CZE,2007,0.3256
Czechia,CZE,2008,0.2854
Czechia,CZE,2009,0.2847
Czechia,CZE,2010,0.2614
Czechia,CZE,2011,0.2604
Czechia,CZE,2012,0.2636
Czechia,CZE,2013,0.246
Czechia,CZE,2014,0.2423
Czechia,CZE,2015,0.2453
Czechia,CZE,2016,0.2837
Czechia,CZE,2017,0.2676
Czechia,CZE,2018,0.2548
Czechia,CZE,2019,0.2547
Czechia,CZE,2020,0.2251
Czechia,CZE,2021,0.222
Czechia,CZE,2022,0.2331
Czechia,CZE,2023,0.2225
Democratic Republic of Congo,COD,1950,18.0829
Democratic Republic of Congo,COD,1951,17.8503
Democratic Republic of Congo,COD,1952,17.6168
Democratic Republic of Congo,COD,1953,17.3898
Democratic Republic of Congo,COD,1954,17.1707
Democratic Republic of Congo,COD,1955,16.9614
Democratic Republic of Congo,COD,1956,16.7612
Democratic Republic of Congo,COD,1957,16.5566
Democratic Republic of Congo,COD,1958,16.3644
Democratic Republic of Congo,COD,1959,16.183
Democratic Republic of Congo,COD,1960,16.0249
Democratic Republic of Congo,COD,1961,15.9924
Democratic Republic of Congo,COD,1962,15.8257
Democratic Republic of Congo,COD,1963,15.6513
Democratic Republic of Congo,COD,1964,15.5575
Democratic Republic of Congo,COD,1965,15.2843
Democratic Republic of Congo,COD,1966,14.9268
Democratic Republic of Congo,COD,1967,14.7179
Democratic Republic of Congo,COD,1968,14.5084
Democratic Republic of Congo,COD,1969,14.2972
Democratic Republic of Congo,COD,1970,14.0941
Democratic Republic of Congo,COD,1971,13.9007
Democratic Republic of Congo,COD,1972,13.7128
Democratic Republic of Congo,COD,1973,13.5369
Democratic Republic of Congo,COD,1974,13.3745
Democratic Republic of Congo,COD,1975,13.2223
Democratic Republic of Congo,COD,1976,13.0799
Democratic Republic of Congo,COD,1977,12.9446
Democratic Republic of Congo,COD,1978,12.8683
Democratic Republic of Congo,COD,1979,12.659
Democratic Republic of Congo,COD,1980,12.508
Democratic Republic of Congo,COD,1981,12.3638
Democratic Republic of Congo,COD,1982,12.2101
Democratic Republic of Congo,COD,1983,12.055
Democratic Republic of Congo,COD,1984,11.9054
Democratic Republic of Congo,COD,1985,11.7632
Democratic Republic of Congo,COD,1986,11.6317
Democratic Republic of Congo,COD,1987,11.5037
Democratic Republic of Congo,COD,1988,11.3783
Democratic Republic of Congo,COD,1989,11.2557
Democratic Republic of Congo,COD,1990,11.1283
Democratic Republic of Congo,COD,1991,11.0039
Democratic Republic of Congo,COD,1992,10.8822
Democratic Republic of Congo,COD,1993,10.7852
Democratic Republic of Congo,COD,1994,10.6717
Democratic Republic of Congo,COD,1995,10.5246
Democratic Republic of Congo,COD,1996,10.5713
Democratic Republic of Congo,COD,1997,10.3001
Democratic Republic of Congo,COD,1998,10.08
Democratic Republic of Congo,COD,1999,9.8748
Democratic Republic of Congo,COD,2000,9.6677
Democratic Republic of Congo,COD,2001,9.4471
Democratic Republic of Congo,COD,2002,9.2164
Democratic Republic of Congo,COD,2003,8.961
Democratic Republic of Congo,COD,2004,8.6994
Democratic Republic of Congo,COD,2005,8.4456
Democratic Republic of Congo,COD,2006,8.1908
Democratic Republic of Congo,COD,2007,7.9408
Democratic Republic of Congo,COD,2008,7.7021
Democratic Republic of Congo,COD,2009,7.4596
Democratic Republic of Congo,COD,2010,7.2228
Democratic Republic of Congo,COD,2011,6.9969
Democratic Republic of Congo,COD,2012,6.7891
Democratic Republic of Congo,COD,2013,6.5799
Democratic Republic of Congo,COD,2014,6.388
Democratic Republic of Congo,COD,2015,6.2003
Democratic Republic of Congo,COD,2016,6.0233
Democratic Republic of Congo,COD,2017,5.8539
Democratic Republic of Congo,COD,2018,5.6786
Democratic Republic of Congo,COD,2019,5.531
Democratic Republic of Congo,COD,2020,5.3578
Democratic Republic of Congo,COD,2021,5.2005
Democratic Republic of Congo,COD,2022,5.0548
Democratic Republic of Congo,COD,2023,4.933
Denmark,DNK,1950,3.0437
Denmark,DNK,1951,2.8236
Denmark,DNK,1952,2.9049
Denmark,DNK,1953,2.7064
Denmark,DNK,1954,2.6523
Denmark,DNK,1955,2.522
Denmark,DNK,1956,2.4865
Denmark,DNK,1957,2.3088
Denmark,DNK,1958,2.2287
Denmark,DNK,1959,2.2258
Denmark,DNK,1960,2.1964
Denmark,DNK,1961,2.1943
Denmark,DNK,1962,2.0054
Denmark,DNK,1963,1.9725
Denmark,DNK,1964,1.8754
Denmark,DNK,1965,1.8969
Denmark,DNK,1966,1.7151
Denmark,DNK,1967,1.5
Denmark,DNK,1968,1.5674
Denmark,DNK,1969,1.4526
Denmark,DNK,1970,1.4215
Denmark,DNK,1971,1.3932
Denmark,DNK,1972,1.2068
Denmark,DNK,1973,1.1242
Denmark,DNK,1974,1.0771
Denmark,DNK,1975,1.0417
Denmark,DNK,1976,0.9596
Denmark,DNK,1977,0.8474
Denmark,DNK,1978,0.8726
Denmark,DNK,1979,0.8538
Denmark,DNK,1980,0.8248
Denmark,DNK,1981,0.7616
Denmark,DNK,1982,0.8123
Denmark,DNK,1983,0.7587
Denmark,DNK,1984,0.7719
Denmark,DNK,1985,0.8039
Denmark,DNK,1986,0.8232
Denmark,DNK,1987,0.829
Denmark,DNK,1988,0.7774
Denmark,DNK,1989,0.8124
Denmark,DNK,1990,0.7535
Denmark,DNK,1991,0.731
Denmark,DNK,1992,0.6697
Denmark,DNK,1993,0.5387
Denmark,DNK,1994,0.5561
Denmark,DNK,1995,0.4983
Denmark,DNK,1996,0.5455
Denmark,DNK,1997,0.5187
Denmark,DNK,1998,0.4623
Denmark,DNK,1999,0.4209
Denmark,DNK,2000,0.5359
Denmark,DNK,2001,0.478
Denmark,DNK,2002,0.4374
Denmark,DNK,2003,0.4433
Denmark,DNK,2004,0.4335
Denmark,DNK,2005,0.4311
Denmark,DNK,2006,0.3862
Denmark,DNK,2007,0.3947
Denmark,DNK,2008,0.4006
Denmark,DNK,2009,0.299
Denmark,DNK,2010,0.3386
Denmark,DNK,2011,0.3366
Denmark,DNK,2012,0.3351
Denmark,DNK,2013,0.3366
Denmark,DNK,2014,0.4046
Denmark,DNK,2015,0.3748
Denmark,DNK,2016,0.3194
Denmark,DNK,2017,0.3716
Denmark,DNK,2018,0.3626
Denmark,DNK,2019,0.2945
Denmark,DNK,2020,0.3145
Denmark,DNK,2021,0.3172
Denmark,DNK,2022,0.3149
Denmark,DNK,2023,0.2888
Djibouti,DJI,1950,16.6911
Djibouti,DJI,1951,16.4905
Djibouti,DJI,1952,16.2866
Djibouti,DJI,1953,16.0828
Djibouti,DJI,1954,15.8772
Djibouti,DJI,1955,15.6683
Djibouti,DJI,1956,15.4535
Djibouti,DJI,1957,15.2346
Djibouti,DJI,1958,15.0131
Djibouti,DJI,1959,14.78
Djibouti,DJI,1960,14.5452
Djibouti,DJI,1961,14.3095
Djibouti,DJI,1962,14.0699
Djibouti,DJI,1963,13.8246
Djibouti,DJI,1964,13.5715
Djibouti,DJI,1965,13.302
Djibouti,DJI,1966,13.023
Djibouti,DJI,1967,12.7331
Djibouti,DJI,1968,12.4335
Djibouti,DJI,1969,12.138
Djibouti,DJI,1970,11.8549
Djibouti,DJI,1971,11.697
Djibouti,DJI,1972,11.3142
Djibouti,DJI,1973,11.0572
Djibouti,DJI,1974,10.8049
Djibouti,DJI,1975,10.5678
Djibouti,DJI,1976,10.3381
Djibouti,DJI,1977,10.1044
Djibouti,DJI,1978,9.8653
Djibouti,DJI,1979,9.6245
Djibouti,DJI,1980,9.3938
Djibouti,DJI,1981,9.2268
Djibouti,DJI,1982,8.9313
Djibouti,DJI,1983,8.7039
Djibouti,DJI,1984,8.489
Djibouti,DJI,1985,8.2914
Djibouti,DJI,1986,8.0872
Djibouti,DJI,1987,7.9027
Djibouti,DJI,1988,7.727
Djibouti,DJI,1989,7.5879
Djibouti,DJI,1990,7.4549
Djibouti,DJI,1991,7.3059
Djibouti,DJI,1992,7.1946
Djibouti,DJI,1993,7.139
Djibouti,DJI,1994,7.2283
Djibouti,DJI,1995,6.9246
Djibouti,DJI,1996,6.8285
Djibouti,DJI,1997,6.7549
Djibouti,DJI,1998,6.6356
Djibouti,DJI,1999,6.5199
Djibouti,DJI,2000,6.4172
Djibouti,DJI,2001,6.2878
Djibouti,DJI,2002,6.1584
Djibouti,DJI,2003,6.0278
Djibouti,DJI,2004,5.9571
Djibouti,DJI,2005,5.7555
Djibouti,DJI,2006,5.6172
Djibouti,DJI,2007,5.4904
Djibouti,DJI,2008,5.3524
Djibouti,DJI,2009,5.2142
Djibouti,DJI,2010,5.0904
Djibouti,DJI,2011,4.9597
Djibouti,DJI,2012,4.8313
Djibouti,DJI,2013,4.7106
Djibouti,DJI,2014,4.5929
Djibouti,DJI,2015,4.4782
Djibouti,DJI,2016,4.3602
Djibouti,DJI,2017,4.2474
Djibouti,DJI,2018,4.1427
Djibouti,DJI,2019,4.0392
Djibouti,DJI,2020,3.9279
Djibouti,DJI,2021,3.819
Djibouti,DJI,2022,3.7224
Djibouti,DJI,2023,3.6297
Dominica,DMA,1950,15.9437
Dominica,DMA,1951,15.2567
Dominica,DMA,1952,14.5769
Dominica,DMA,1953,13.9116
Dominica,DMA,1954,13.2652
Dominica,DMA,1955,12.6425
Dominica,DMA,1956,12.0472
Dominica,DMA,1957,11.4799
Dominica,DMA,1958,10.9313
Dominica,DMA,1959,10.3907
Dominica,DMA,1960,9.8459
Dominica,DMA,1961,9.2858
Dominica,DMA,1962,8.7059
Dominica,DMA,1963,8.1147
Dominica,DMA,1964,7.5168
Dominica,DMA,1965,6.9354
Dominica,DMA,1966,6.387
Dominica,DMA,1967,5.8729
Dominica,DMA,1968,5.3967
Dominica,DMA,1969,4.9591
Dominica,DMA,1970,4.5589
Dominica,DMA,1971,4.1966
Dominica,DMA,1972,3.8654
Dominica,DMA,1973,3.5642
Dominica,DMA,1974,3.292
Dominica,DMA,1975,3.0468
Dominica,DMA,1976,2.8268
Dominica,DMA,1977,2.6302
Dominica,DMA,1978,2.4552
Dominica,DMA,1979,2.5046
Dominica,DMA,1980,2.1633
Dominica,DMA,1981,2.043
Dominica,DMA,1982,1.9377
Dominica,DMA,1983,1.8457
Dominica,DMA,1984,1.7766
Dominica,DMA,1985,1.6968
Dominica,DMA,1986,1.6379
Dominica,DMA,1987,1.5881
Dominica,DMA,1988,1.5468
Dominica,DMA,1989,1.513
Dominica,DMA,1990,1.4861
Dominica,DMA,1991,1.4657
Dominica,DMA,1992,1.4518
Dominica,DMA,1993,1.4433
Dominica,DMA,1994,1.44
Dominica,DMA,1995,1.453
Dominica,DMA,1996,1.4484
Dominica,DMA,1997,1.4597
Dominica,DMA,1998,1.4754
Dominica,DMA,1999,1.4955
Dominica,DMA,2000,1.5198
Dominica,DMA,2001,1.5483
Dominica,DMA,2002,1.5815
Dominica,DMA,2003,1.6188
Dominica,DMA,2004,1.6597
Dominica,DMA,2005,1.7045
Dominica,DMA,2006,1.7528
Dominica,DMA,2007,1.8158
Dominica,DMA,2008,1.8589
Dominica,DMA,2009,1.9166
Dominica,DMA,2010,1.9769
Dominica,DMA,2011,2.0399
Dominica,DMA,2012,2.1043
Dominica,DMA,2013,2.1696
Dominica,DMA,2014,2.2359
Dominica,DMA,2015,2.4776
Dominica,DMA,2016,2.3684
Dominica,DMA,2017,2.8053
Dominica,DMA,2018,2.4955
Dominica,DMA,2019,2.5581
Dominica,DMA,2020,2.6117
Dominica,DMA,2021,2.6662
Dominica,DMA,2022,2.7196
Dominica,DMA,2023,2.7739
Dominican Republic,DOM,1950,16.1768
Dominican Republic,DOM,1951,15.7513
Dominican Republic,DOM,1952,15.3357
Dominican Republic,DOM,1953,15.0451
Dominican Republic,DOM,1954,14.7498
Dominican Republic,DOM,1955,14.4541
Dominican Republic,DOM,1956,14.1692
Dominican Republic,DOM,1957,13.8901
Dominican Republic,DOM,1958,13.6079
Dominican Republic,DOM,1959,13.3305
Dominican Republic,DOM,1960,13.0492
Dominican Republic,DOM,1961,12.7464
Dominican Republic,DOM,1962,12.4402
Dominican Republic,DOM,1963,12.1731
Dominican Republic,DOM,1964,11.836
Dominican Republic,DOM,1965,11.5375
Dominican Republic,DOM,1966,11.2626
Dominican Republic,DOM,1967,10.9854
Dominican Republic,DOM,1968,10.7176
Dominican Republic,DOM,1969,10.4578
Dominican Republic,DOM,1970,10.1998
Dominican Republic,DOM,1971,9.9547
Dominican Republic,DOM,1972,9.7175
Dominican Republic,DOM,1973,9.4933
Dominican Republic,DOM,1974,9.2761
Dominican Republic,DOM,1975,9.0711
Dominican Republic,DOM,1976,8.8704
Dominican Republic,DOM,1977,8.6659
Dominican Republic,DOM,1978,8.4628
Dominican Republic,DOM,1979,8.382
Dominican Republic,DOM,1980,8.0943
Dominican Republic,DOM,1981,7.8715
Dominican Republic,DOM,1982,7.6271
Dominican Republic,DOM,1983,7.3715
Dominican Republic,DOM,1984,7.0751
Dominican Republic,DOM,1985,6.7959
Dominican Republic,DOM,1986,6.5543
Dominican Republic,DOM,1987,6.3064
Dominican Republic,DOM,1988,6.0545
Dominican Republic,DOM,1989,5.7875
Dominican Republic,DOM,1990,5.5085
Dominican Republic,DOM,1991,5.2215
Dominican Republic,DOM,1992,4.9686
Dominican Republic,DOM,1993,4.7521
Dominican Republic,DOM,1994,4.5708
Dominican Republic,DOM,1995,4.4323
Dominican Republic,DOM,1996,4.3034
Dominican Republic,DOM,1997,4.1756
Dominican Republic,DOM,1998,4.0682
Dominican Republic,DOM,1999,3.9329
Dominican Republic,DOM,2000,3.8193
Dominican Republic,DOM,2001,3.6954
Dominican Republic,DOM,2002,3.5103
Dominican Republic,DOM,2003,3.3392
Dominican Republic,DOM,2004,3.0805
Dominican Republic,DOM,2005,2.9496
Dominican Republic,DOM,2006,2.911
Dominican Republic,DOM,2007,2.8919
Dominican Republic,DOM,2008,2.9022
Dominican Republic,DOM,2009,2.8867
Dominican Republic,DOM,2010,2.8743
Dominican Republic,DOM,2011,2.8387
Dominican Republic,DOM,2012,2.826
Dominican Republic,DOM,2013,2.8218
Dominican Republic,DOM,2014,2.8186
Dominican Republic,DOM,2015,2.8151
Dominican Republic,DOM,2016,2.8099
Dominican Republic,DOM,2017,2.7946
Dominican Republic,DOM,2018,2.7738
Dominican Republic,DOM,2019,2.7444
Dominican Republic,DOM,2020,2.7046
Dominican Republic,DOM,2021,2.6593
Dominican Republic,DOM,2022,2.6106
Dominican Republic,DOM,2023,2.5626
East Timor,TLS,1950,27.2883
East Timor,TLS,1951,26.9907
East Timor,TLS,1952,26.6895
East Timor,TLS,1953,26.391
East Timor,TLS,1954,26.0943
East Timor,TLS,1955,25.7981
East Timor,TLS,1956,25.5013
East Timor,TLS,1957,25.197
East Timor,TLS,1958,24.8885
East Timor,TLS,1959,24.5726
East Timor,TLS,1960,24.2469
East Timor,TLS,1961,23.9091
East Timor,TLS,1962,23.5575
East Timor,TLS,1963,23.1906
East Timor,TLS,1964,22.796
East Timor,TLS,1965,22.3826
East Timor,TLS,1966,21.9633
East Timor,TLS,1967,21.5425
East Timor,TLS,1968,21.1227
East Timor,TLS,1969,20.6934
East Timor,TLS,1970,20.2711
East Timor,TLS,1971,19.8631
East Timor,TLS,1972,19.471
East Timor,TLS,1973,19.081
East Timor,TLS,1974,20.3742
East Timor,TLS,1975,24.3676
East Timor,TLS,1976,22.9487
East Timor,TLS,1977,23.8697
East Timor,TLS,1978,25.7529
East Timor,TLS,1979,24.5751
East Timor,TLS,1980,19.4282
East Timor,TLS,1981,18.6204
East Timor,TLS,1982,17.7788
East Timor,TLS,1983,17.3669
East Timor,TLS,1984,16.0306
East Timor,TLS,1985,16.06
East Timor,TLS,1986,15.7185
East Timor,TLS,1987,14.8497
East Timor,TLS,1988,14.7603
East Timor,TLS,1989,14.3493
East Timor,TLS,1990,14.1682
East Timor,TLS,1991,14.0596
East Timor,TLS,1992,13.4756
East Timor,TLS,1993,12.9745
East Timor,TLS,1994,12.5533
East Timor,TLS,1995,12.5914
East Timor,TLS,1996,12.1461
East Timor,TLS,1997,11.704
East Timor,TLS,1998,11.7994
East Timor,TLS,1999,12.0854
East Timor,TLS,2000,7.9358
East Timor,TLS,2001,7.6165
East Timor,TLS,2002,7.2921
East Timor,TLS,2003,6.9946
East Timor,TLS,2004,6.7198
East Timor,TLS,2005,6.4667
East Timor,TLS,2006,6.21
East Timor,TLS,2007,5.9803
East Timor,TLS,2008,5.7761
East Timor,TLS,2009,5.5967
East Timor,TLS,2010,5.4263
East Timor,TLS,2011,5.2718
East Timor,TLS,2012,5.1187
East Timor,TLS,2013,4.978
East Timor,TLS,2014,4.8477
East Timor,TLS,2015,4.7241
East Timor,TLS,2016,4.6062
East Timor,TLS,2017,4.4874
East Timor,TLS,2018,4.3625
East Timor,TLS,2019,4.2436
East Timor,TLS,2020,4.1214
East Timor,TLS,2021,4.003
East Timor,TLS,2022,3.8736
East Timor,TLS,2023,3.7559
Ecuador,ECU,1950,13.952
Ecuador,ECU,1951,13.7907
Ecuador,ECU,1952,13.6428
Ecuador,ECU,1953,13.4985
Ecuador,ECU,1954,13.3184
Ecuador,ECU,1955,13.1317
Ecuador,ECU,1956,12.9132
Ecuador,ECU,1957,12.6611
Ecuador,ECU,1958,12.3872
Ecuador,ECU,1959,12.0969
Ecuador,ECU,1960,11.7965
Ecuador,ECU,1961,11.5046
Ecuador,ECU,1962,11.242
Ecuador,ECU,1963,10.9905
Ecuador,ECU,1964,10.738
Ecuador,ECU,1965,10.5098
Ecuador,ECU,1966,10.3183
Ecuador,ECU,1967,10.1529
Ecuador,ECU,1968,9.9728
Ecuador,ECU,1969,9.7856
Ecuador,ECU,1970,9.5585
Ecuador,ECU,1971,9.3231
Ecuador,ECU,1972,9.1004
Ecuador,ECU,1973,8.8434
Ecuador,ECU,1974,8.5419
Ecuador,ECU,1975,8.239
Ecuador,ECU,1976,7.943
Ecuador,ECU,1977,7.6361
Ecuador,ECU,1978,7.3359
Ecuador,ECU,1979,7.0428
Ecuador,ECU,1980,6.7473
Ecuador,ECU,1981,6.451
Ecuador,ECU,1982,6.1626
Ecuador,ECU,1983,5.8924
Ecuador,ECU,1984,5.5813
Ecuador,ECU,1985,5.3132
Ecuador,ECU,1986,5.0611
Ecuador,ECU,1987,4.8266
Ecuador,ECU,1988,4.6044
Ecuador,ECU,1989,4.3998
Ecuador,ECU,1990,4.1946
Ecuador,ECU,1991,4.0147
Ecuador,ECU,1992,3.8086
Ecuador,ECU,1993,3.6177
Ecuador,ECU,1994,3.4109
Ecuador,ECU,1995,3.2181
Ecuador,ECU,1996,3.0305
Ecuador,ECU,1997,2.8639
Ecuador,ECU,1998,2.6974
Ecuador,ECU,1999,2.536
Ecuador,ECU,2000,2.4033
Ecuador,ECU,2001,2.2829
Ecuador,ECU,2002,2.1743
Ecuador,ECU,2003,2.0751
Ecuador,ECU,2004,1.987
Ecuador,ECU,2005,1.9056
Ecuador,ECU,2006,1.8298
Ecuador,ECU,2007,1.7545
Ecuador,ECU,2008,1.6861
Ecuador,ECU,2009,1.613
Ecuador,ECU,2010,1.546
Ecuador,ECU,2011,1.4802
Ecuador,ECU,2012,1.4208
Ecuador,ECU,2013,1.3616
Ecuador,ECU,2014,1.3086
Ecuador,ECU,2015,1.2611
Ecuador,ECU,2016,1.2269
Ecuador,ECU,2017,1.1759
Ecuador,ECU,2018,1.138
Ecuador,ECU,2019,1.1025
Ecuador,ECU,2020,1.0662
Ecuador,ECU,2021,1.0316
Ecuador,ECU,2022,0.9977
Ecuador,ECU,2023,0.9649
Egypt,EGY,1950,22.2189
Egypt,EGY,1951,21.7861
Egypt,EGY,1952,21.344
Egypt,EGY,1953,20.9007
Egypt,EGY,1954,20.4694
Egypt,EGY,1955,20.0545
Egypt,EGY,1956,19.665
Egypt,EGY,1957,19.2928
Egypt,EGY,1958,18.9308
Egypt,EGY,1959,18.5701
Egypt,EGY,1960,18.2091
Egypt,EGY,1961,17.851
Egypt,EGY,1962,17.4796
Egypt,EGY,1963,17.1154
Egypt,EGY,1964,16.7682
Egypt,EGY,1965,16.4475
Egypt,EGY,1966,16.1591
Egypt,EGY,1967,15.9049
Egypt,EGY,1968,15.6803
Egypt,EGY,1969,15.4768
Egypt,EGY,1970,15.2784
Egypt,EGY,1971,15.0678
Egypt,EGY,1972,14.8285
Egypt,EGY,1973,14.5465
Egypt,EGY,1974,14.2142
Egypt,EGY,1975,13.8314
Egypt,EGY,1976,13.403
Egypt,EGY,1977,12.9383
Egypt,EGY,1978,12.4466
Egypt,EGY,1979,11.9363
Egypt,EGY,1980,11.407
Egypt,EGY,1981,10.8627
Egypt,EGY,1982,10.3048
Egypt,EGY,1983,9.7389
Egypt,EGY,1984,9.1751
Egypt,EGY,1985,8.6274
Egypt,EGY,1986,8.1117
Egypt,EGY,1987,7.6356
Egypt,EGY,1988,7.2066
Egypt,EGY,1989,6.824
Egypt,EGY,1990,6.4809
Egypt,EGY,1991,6.164
Egypt,EGY,1992,5.8637
Egypt,EGY,1993,5.5662
Egypt,EGY,1994,5.2828
Egypt,EGY,1995,4.9867
Egypt,EGY,1996,4.7069
Egypt,EGY,1997,4.4388
Egypt,EGY,1998,4.1849
Egypt,EGY,1999,3.9461
Egypt,EGY,2000,3.7264
Egypt,EGY,2001,3.5259
Egypt,EGY,2002,3.3435
Egypt,EGY,2003,3.1774
Egypt,EGY,2004,3.0278
Egypt,EGY,2005,2.8917
Egypt,EGY,2006,2.7652
Egypt,EGY,2007,2.6472
Egypt,EGY,2008,2.5369
Egypt,EGY,2009,2.4316
Egypt,EGY,2010,2.3317
Egypt,EGY,2011,2.2384
Egypt,EGY,2012,2.1446
Egypt,EGY,2013,2.0641
Egypt,EGY,2014,1.9799
Egypt,EGY,2015,1.9074
Egypt,EGY,2016,1.8366
Egypt,EGY,2017,1.7712
Egypt,EGY,2018,1.7077
Egypt,EGY,2019,1.6487
Egypt,EGY,2020,1.5907
Egypt,EGY,2021,1.5355
Egypt,EGY,2022,1.4885
Egypt,EGY,2023,1.4556
El Salvador,SLV,1950,14.6054
El Salvador,SLV,1951,14.6705
El Salvador,SLV,1952,14.5335
El Salvador,SLV,1953,14.4916
El Salvador,SLV,1954,14.4395
El Salvador,SLV,1955,14.3739
El Salvador,SLV,1956,14.2931
El Salvador,SLV,1957,14.1968
El Salvador,SLV,1958,14.0843
El Salvador,SLV,1959,13.9553
El Salvador,SLV,1960,13.8094
El Salvador,SLV,1961,13.6469
El Salvador,SLV,1962,13.4688
El Salvador,SLV,1963,13.2784
El Salvador,SLV,1964,13.0755
El Salvador,SLV,1965,12.8729
El Salvador,SLV,1966,12.6489
El Salvador,SLV,1967,12.4327
El Salvador,SLV,1968,12.2194
El Salvador,SLV,1969,12.0125
El Salvador,SLV,1970,11.8109
El Salvador,SLV,1971,11.6175
El Salvador,SLV,1972,11.4317
El Salvador,SLV,1973,11.2507
El Salvador,SLV,1974,11.0722
El Salvador,SLV,1975,10.8916
El Salvador,SLV,1976,10.7046
El Salvador,SLV,1977,10.5062
El Salvador,SLV,1978,10.2909
El Salvador,SLV,1979,10.0525
El Salvador,SLV,1980,9.7858
El Salvador,SLV,1981,9.4865
El Salvador,SLV,1982,9.1513
El Salvador,SLV,1983,8.7783
El Salvador,SLV,1984,8.3674
El Salvador,SLV,1985,7.9207
El Salvador,SLV,1986,7.4345
El Salvador,SLV,1987,6.9306
El Salvador,SLV,1988,6.4184
El Salvador,SLV,1989,5.9052
El Salvador,SLV,1990,5.404
El Salvador,SLV,1991,4.9429
El Salvador,SLV,1992,4.5313
El Salvador,SLV,1993,4.1765
El Salvador,SLV,1994,3.8761
El Salvador,SLV,1995,3.629
El Salvador,SLV,1996,3.4095
El Salvador,SLV,1997,3.2127
El Salvador,SLV,1998,3.0642
El Salvador,SLV,1999,2.8666
El Salvador,SLV,2000,2.7055
El Salvador,SLV,2001,2.5818
El Salvador,SLV,2002,2.4208
El Salvador,SLV,2003,2.3062
El Salvador,SLV,2004,2.1744
El Salvador,SLV,2005,2.0741
El Salvador,SLV,2006,1.9561
El Salvador,SLV,2007,1.858
El Salvador,SLV,2008,1.7708
El Salvador,SLV,2009,1.6981
El Salvador,SLV,2010,1.601
El Salvador,SLV,2011,1.5319
El Salvador,SLV,2012,1.4572
El Salvador,SLV,2013,1.3939
El Salvador,SLV,2014,1.3355
El Salvador,SLV,2015,1.2822
El Salvador,SLV,2016,1.2308
El Salvador,SLV,2017,1.1846
El Salvador,SLV,2018,1.1407
El Salvador,SLV,2019,1.0989
El Salvador,SLV,2020,1.063
El Salvador,SLV,2021,1.0226
El Salvador,SLV,2022,0.9896
El Salvador,SLV,2023,0.9509
Equatorial Guinea,GNQ,1950,16.7023
Equatorial Guinea,GNQ,1951,16.6022
Equatorial Guinea,GNQ,1952,16.5021
Equatorial Guinea,GNQ,1953,16.4012
Equatorial Guinea,GNQ,1954,16.2994
Equatorial Guinea,GNQ,1955,16.1964
Equatorial Guinea,GNQ,1956,16.0922
Equatorial Guinea,GNQ,1957,15.9868
Equatorial Guinea,GNQ,1958,15.8802
Equatorial Guinea,GNQ,1959,15.7727
Equatorial Guinea,GNQ,1960,15.6644
Equatorial Guinea,GNQ,1961,15.5551
Equatorial Guinea,GNQ,1962,15.4453
Equatorial Guinea,GNQ,1963,15.3349
Equatorial Guinea,GNQ,1964,15.2239
Equatorial Guinea,GNQ,1965,15.113
Equatorial Guinea,GNQ,1966,15.0022
Equatorial Guinea,GNQ,1967,14.8918
Equatorial Guinea,GNQ,1968,14.7821
Equatorial Guinea,GNQ,1969,15.5202
Equatorial Guinea,GNQ,1970,15.4201
Equatorial Guinea,GNQ,1971,14.8934
Equatorial Guinea,GNQ,1972,14.412
Equatorial Guinea,GNQ,1973,14.2974
Equatorial Guinea,GNQ,1974,14.3405
Equatorial Guinea,GNQ,1975,14.4539
Equatorial Guinea,GNQ,1976,14.8159
Equatorial Guinea,GNQ,1977,13.9199
Equatorial Guinea,GNQ,1978,13.755
Equatorial Guinea,GNQ,1979,14.0758
Equatorial Guinea,GNQ,1980,13.1311
Equatorial Guinea,GNQ,1981,12.9569
Equatorial Guinea,GNQ,1982,12.7252
Equatorial Guinea,GNQ,1983,12.5177
Equatorial Guinea,GNQ,1984,12.3425
Equatorial Guinea,GNQ,1985,12.1451
Equatorial Guinea,GNQ,1986,11.9843
Equatorial Guinea,GNQ,1987,11.8563
Equatorial Guinea,GNQ,1988,11.7327
Equatorial Guinea,GNQ,1989,11.6335
Equatorial Guinea,GNQ,1990,11.5448
Equatorial Guinea,GNQ,1991,11.4634
Equatorial Guinea,GNQ,1992,11.3853
Equatorial Guinea,GNQ,1993,11.3064
Equatorial Guinea,GNQ,1994,11.2219
Equatorial Guinea,GNQ,1995,11.1256
Equatorial Guinea,GNQ,1996,11.0118
Equatorial Guinea,GNQ,1997,10.8773
Equatorial Guinea,GNQ,1998,10.722
Equatorial Guinea,GNQ,1999,10.5396
Equatorial Guinea,GNQ,2000,10.3397
Equatorial Guinea,GNQ,2001,10.1239
Equatorial Guinea,GNQ,2002,9.8942
Equatorial Guinea,GNQ,2003,9.6544
Equatorial Guinea,GNQ,2004,9.4057
Equatorial Guinea,GNQ,2005,9.159
Equatorial Guinea,GNQ,2006,8.8864
Equatorial Guinea,GNQ,2007,8.6268
Equatorial Guinea,GNQ,2008,8.3708
Equatorial Guinea,GNQ,2009,8.1197
Equatorial Guinea,GNQ,2010,7.8787
Equatorial Guinea,GNQ,2011,7.6394
Equatorial Guinea,GNQ,2012,7.4095
Equatorial Guinea,GNQ,2013,7.1879
Equatorial Guinea,GNQ,2014,6.976
Equatorial Guinea,GNQ,2015,6.7696
Equatorial Guinea,GNQ,2016,6.5681
Equatorial Guinea,GNQ,2017,6.3727
Equatorial Guinea,GNQ,2018,6.1807
Equatorial Guinea,GNQ,2019,5.9939
Equatorial Guinea,GNQ,2020,5.8114
Equatorial Guinea,GNQ,2021,5.6335
Equatorial Guinea,GNQ,2022,5.4597
Equatorial Guinea,GNQ,2023,5.2893
Eritrea,ERI,1950,20.9769
Eritrea,ERI,1951,20.6291
Eritrea,ERI,1952,20.3092
Eritrea,ERI,1953,19.9837
Eritrea,ERI,1954,19.6467
Eritrea,ERI,1955,19.2894
Eritrea,ERI,1956,18.884
Eritrea,ERI,1957,22.1516
Eritrea,ERI,1958,21.6751
Eritrea,ERI,1959,17.6393
Eritrea,ERI,1960,17.2175
Eritrea,ERI,1961,16.8146
Eritrea,ERI,1962,16.4365
Eritrea,ERI,1963,16.0838
Eritrea,ERI,1964,15.7448
Eritrea,ERI,1965,15.4297
Eritrea,ERI,1966,16.4484
Eritrea,ERI,1967,14.8509
Eritrea,ERI,1968,14.5703
Eritrea,ERI,1969,14.2803
Eritrea,ERI,1970,13.9899
Eritrea,ERI,1971,13.7017
Eritrea,ERI,1972,14.0763
Eritrea,ERI,1973,13.7788
Eritrea,ERI,1974,14.6792
Eritrea,ERI,1975,14.3762
Eritrea,ERI,1976,12.3487
Eritrea,ERI,1977,12.1268
Eritrea,ERI,1978,11.9291
Eritrea,ERI,1979,11.7486
Eritrea,ERI,1980,11.572
Eritrea,ERI,1981,11.4135
Eritrea,ERI,1982,11.2579
Eritrea,ERI,1983,15.6669
Eritrea,ERI,1984,15.3914
Eritrea,ERI,1985,14.857
Eritrea,ERI,1986,14.5424
Eritrea,ERI,1987,10.2597
Eritrea,ERI,1988,9.9855
Eritrea,ERI,1989,9.8494
Eritrea,ERI,1990,9.3116
Eritrea,ERI,1991,8.9317
Eritrea,ERI,1992,8.5362
Eritrea,ERI,1993,8.1099
Eritrea,ERI,1994,7.6987
Eritrea,ERI,1995,7.285
Eritrea,ERI,1996,6.9
Eritrea,ERI,1997,6.5526
Eritrea,ERI,1998,6.214
Eritrea,ERI,1999,6.5999
Eritrea,ERI,2000,5.8408
Eritrea,ERI,2001,5.4103
Eritrea,ERI,2002,5.1853
Eritrea,ERI,2003,4.9899
Eritrea,ERI,2004,4.8097
Eritrea,ERI,2005,4.6472
Eritrea,ERI,2006,4.4639
Eritrea,ERI,2007,4.3125
Eritrea,ERI,2008,4.1943
Eritrea,ERI,2009,4.0508
Eritrea,ERI,2010,3.9251
Eritrea,ERI,2011,3.812
Eritrea,ERI,2012,3.704
Eritrea,ERI,2013,3.5987
Eritrea,ERI,2014,3.4959
Eritrea,ERI,2015,3.4012
Eritrea,ERI,2016,3.3135
Eritrea,ERI,2017,3.2243
Eritrea,ERI,2018,3.1333
Eritrea,ERI,2019,3.0474
Eritrea,ERI,2020,2.9664
Eritrea,ERI,2021,2.8766
Eritrea,ERI,2022,2.7918
Eritrea,ERI,2023,2.7089
Estonia,EST,1950,4.2428
Estonia,EST,1951,4.017
Estonia,EST,1952,3.8118
Estonia,EST,1953,3.6153
Estonia,EST,1954,3.4269
Estonia,EST,1955,3.2455
Estonia,EST,1956,3.0708
Estonia,EST,1957,2.9027
Estonia,EST,1958,3.0887
Estonia,EST,1959,3.1126
Estonia,EST,1960,3.1034
Estonia,EST,1961,2.7999
Estonia,EST,1962,2.4587
Estonia,EST,1963,2.5466
Estonia,EST,1964,2.537
Estonia,EST,1965,1.9731
Estonia,EST,1966,1.9892
Estonia,EST,1967,1.9073
Estonia,EST,1968,1.8382
Estonia,EST,1969,1.7379
Estonia,EST,1970,1.8171
Estonia,EST,1971,1.776
Estonia,EST,1972,1.5596
Estonia,EST,1973,1.565
Estonia,EST,1974,1.7591
Estonia,EST,1975,1.798
Estonia,EST,1976,1.7518
Estonia,EST,1977,1.7462
Estonia,EST,1978,1.647
Estonia,EST,1979,1.8324
Estonia,EST,1980,1.7197
Estonia,EST,1981,1.7111
Estonia,EST,1982,1.7187
Estonia,EST,1983,1.6352
Estonia,EST,1984,1.3647
Estonia,EST,1985,1.3827
Estonia,EST,1986,1.6076
Estonia,EST,1987,1.6206
Estonia,EST,1988,1.2447
Estonia,EST,1989,1.4695
Estonia,EST,1990,1.1645
Estonia,EST,1991,1.2449
Estonia,EST,1992,1.534
Estonia,EST,1993,1.4304
Estonia,EST,1994,1.4236
Estonia,EST,1995,1.4628
Estonia,EST,1996,1.0393
Estonia,EST,1997,0.975
Estonia,EST,1998,0.928
Estonia,EST,1999,0.9718
Estonia,EST,2000,0.8645
Estonia,EST,2001,0.8613
Estonia,EST,2002,0.5732
Estonia,EST,2003,0.6955
Estonia,EST,2004,0.6602
Estonia,EST,2005,0.5491
Estonia,EST,2006,0.4506
Estonia,EST,2007,0.5182
Estonia,EST,2008,0.4991
Estonia,EST,2009,0.3586
Estonia,EST,2010,0.3338
Estonia,EST,2011,0.2358
Estonia,EST,2012,0.348
Estonia,EST,2013,0.2011
Estonia,EST,2014,0.2646
Estonia,EST,2015,0.253
Estonia,EST,2016,0.2313
Estonia,EST,2017,0.2322
Estonia,EST,2018,0.1607
Estonia,EST,2019,0.1562
Estonia,EST,2020,0.1385
Estonia,EST,2021,0.2184
Estonia,EST,2022,0.1919
Estonia,EST,2023,0.1399
Eswatini,SWZ,1950,14.3111
Eswatini,SWZ,1951,14.1861
Eswatini,SWZ,1952,14.061
Eswatini,SWZ,1953,13.9348
Eswatini,SWZ,1954,13.8067
Eswatini,SWZ,1955,13.6755
Eswatini,SWZ,1956,13.5411
Eswatini,SWZ,1957,13.4038
Eswatini,SWZ,1958,13.263
Eswatini,SWZ,1959,13.1171
Eswatini,SWZ,1960,12.9664
Eswatini,SWZ,1961,12.8097
Eswatini,SWZ,1962,12.6452
Eswatini,SWZ,1963,12.4728
Eswatini,SWZ,1964,12.293
Eswatini,SWZ,1965,12.1058
Eswatini,SWZ,1966,11.9113
Eswatini,SWZ,1967,11.7088
Eswatini,SWZ,1968,11.4967
Eswatini,SWZ,1969,11.2727
Eswatini,SWZ,1970,11.0338
Eswatini,SWZ,1971,10.7777
Eswatini,SWZ,1972,10.5027
Eswatini,SWZ,1973,10.21
Eswatini,SWZ,1974,9.9024
Eswatini,SWZ,1975,9.5848
Eswatini,SWZ,1976,9.2625
Eswatini,SWZ,1977,8.9367
Eswatini,SWZ,1978,8.6108
Eswatini,SWZ,1979,8.2849
Eswatini,SWZ,1980,7.9578
Eswatini,SWZ,1981,7.6315
Eswatini,SWZ,1982,7.2943
Eswatini,SWZ,1983,7.5191
Eswatini,SWZ,1984,6.6683
Eswatini,SWZ,1985,6.3366
Eswatini,SWZ,1986,6.0525
Eswatini,SWZ,1987,5.8
Eswatini,SWZ,1988,5.5899
Eswatini,SWZ,1989,5.4361
Eswatini,SWZ,1990,5.351
Eswatini,SWZ,1991,5.3514
Eswatini,SWZ,1992,5.4535
Eswatini,SWZ,1993,5.6324
Eswatini,SWZ,1994,5.9058
Eswatini,SWZ,1995,6.245
Eswatini,SWZ,1996,6.6394
Eswatini,SWZ,1997,6.9909
Eswatini,SWZ,1998,7.3424
Eswatini,SWZ,1999,7.6494
Eswatini,SWZ,2000,7.9013
Eswatini,SWZ,2001,8.1082
Eswatini,SWZ,2002,8.1863
Eswatini,SWZ,2003,8.2143
Eswatini,SWZ,2004,8.1652
Eswatini,SWZ,2005,8.0335
Eswatini,SWZ,2006,7.8108
Eswatini,SWZ,2007,7.507
Eswatini,SWZ,2008,7.142
Eswatini,SWZ,2009,6.7279
Eswatini,SWZ,2010,6.2944
Eswatini,SWZ,2011,5.8799
Eswatini,SWZ,2012,5.5158
Eswatini,SWZ,2013,5.229
Eswatini,SWZ,2014,5.02
Eswatini,SWZ,2015,4.8346
Eswatini,SWZ,2016,4.6938
Eswatini,SWZ,2017,4.566
Eswatini,SWZ,2018,4.4229
Eswatini,SWZ,2019,4.2808
Eswatini,SWZ,2020,4.1451
Eswatini,SWZ,2021,4.0186
Eswatini,SWZ,2022,3.8825
Eswatini,SWZ,2023,3.7577
Ethiopia,ETH,1950,20.0115
Ethiopia,ETH,1951,19.7188
Ethiopia,ETH,1952,19.4136
Ethiopia,ETH,1953,19.1021
Ethiopia,ETH,1954,18.7777
Ethiopia,ETH,1955,18.4353
Ethiopia,ETH,1956,18.0797
Ethiopia,ETH,1957,21.3958
Ethiopia,ETH,1958,21.0158
Ethiopia,ETH,1959,16.9661
Ethiopia,ETH,1960,16.5897
Ethiopia,ETH,1961,16.2283
Ethiopia,ETH,1962,15.8884
Ethiopia,ETH,1963,15.5819
Ethiopia,ETH,1964,15.3147
Ethiopia,ETH,1965,15.1496
Ethiopia,ETH,1966,16.2213
Ethiopia,ETH,1967,14.7798
Ethiopia,ETH,1968,14.6862
Ethiopia,ETH,1969,14.626
Ethiopia,ETH,1970,14.5936
Ethiopia,ETH,1971,14.5591
Ethiopia,ETH,1972,15.178
Ethiopia,ETH,1973,15.1448
Ethiopia,ETH,1974,16.2382
Ethiopia,ETH,1975,16.2159
Ethiopia,ETH,1976,14.7847
Ethiopia,ETH,1977,14.733
Ethiopia,ETH,1978,14.6629
Ethiopia,ETH,1979,14.2965
Ethiopia,ETH,1980,14.146
Ethiopia,ETH,1981,14.0033
Ethiopia,ETH,1982,13.8474
Ethiopia,ETH,1983,17.874
Ethiopia,ETH,1984,17.6172
Ethiopia,ETH,1985,17.0493
Ethiopia,ETH,1986,16.7152
Ethiopia,ETH,1987,12.7219
Ethiopia,ETH,1988,12.5601
Ethiopia,ETH,1989,12.3398
Ethiopia,ETH,1990,12.2165
Ethiopia,ETH,1991,11.7566
Ethiopia,ETH,1992,11.4201
Ethiopia,ETH,1993,11.1183
Ethiopia,ETH,1994,10.7927
Ethiopia,ETH,1995,10.4551
Ethiopia,ETH,1996,10.1066
Ethiopia,ETH,1997,9.7647
Ethiopia,ETH,1998,9.413
Ethiopia,ETH,1999,9.1099
Ethiopia,ETH,2000,8.7257
Ethiopia,ETH,2001,8.3757
Ethiopia,ETH,2002,8.0215
Ethiopia,ETH,2003,7.6776
Ethiopia,ETH,2004,7.3215
Ethiopia,ETH,2005,6.9782
Ethiopia,ETH,2006,6.6619
Ethiopia,ETH,2007,6.3253
Ethiopia,ETH,2008,6.0199
Ethiopia,ETH,2009,5.7443
Ethiopia,ETH,2010,5.4732
Ethiopia,ETH,2011,5.2177
Ethiopia,ETH,2012,4.989
Ethiopia,ETH,2013,4.7725
Ethiopia,ETH,2014,4.5659
Ethiopia,ETH,2015,4.3701
Ethiopia,ETH,2016,4.2011
Ethiopia,ETH,2017,4.0419
Ethiopia,ETH,2018,3.8925
Ethiopia,ETH,2019,3.7581
Ethiopia,ETH,2020,3.629
Ethiopia,ETH,2021,3.511
Ethiopia,ETH,2022,3.4005
Ethiopia,ETH,2023,3.2962
Europe (UN),UN_EUR,1950,7.9096
Europe (UN),UN_EUR,1951,7.9076
Europe (UN),UN_EUR,1952,7.2335
Europe (UN),UN_EUR,1953,6.7138
Europe (UN),UN_EUR,1954,6.5197
Europe (UN),UN_EUR,1955,6.0014
Europe (UN),UN_EUR,1956,5.0711
Europe (UN),UN_EUR,1957,4.8958
Europe (UN),UN_EUR,1958,4.5221
Europe (UN),UN_EUR,1959,4.3362
Europe (UN),UN_EUR,1960,4.0081
Europe (UN),UN_EUR,1961,3.7457
Europe (UN),UN_EUR,1962,3.5719
Europe (UN),UN_EUR,1963,3.4197
Europe (UN),UN_EUR,1964,3.2106
Europe (UN),UN_EUR,1965,3.0246
Europe (UN),UN_EUR,1966,2.933
Europe (UN),UN_EUR,1967,2.8598
Europe (UN),UN_EUR,1968,2.8517
Europe (UN),UN_EUR,1969,2.7727
Europe (UN),UN_EUR,1970,2.6398
Europe (UN),UN_EUR,1971,2.4878
Europe (UN),UN_EUR,1972,2.3589
Europe (UN),UN_EUR,1973,2.322
Europe (UN),UN_EUR,1974,2.2886
Europe (UN),UN_EUR,1975,2.231
Europe (UN),UN_EUR,1976,2.1724
Europe (UN),UN_EUR,1977,2.0835
Europe (UN),UN_EUR,1978,2.004
Europe (UN),UN_EUR,1979,1.9217
Europe (UN),UN_EUR,1980,1.8414
Europe (UN),UN_EUR,1981,1.7737
Europe (UN),UN_EUR,1982,1.7101
Europe (UN),UN_EUR,1983,1.6552
Europe (UN),UN_EUR,1984,1.629
Europe (UN),UN_EUR,1985,1.587
Europe (UN),UN_EUR,1986,1.5296
Europe (UN),UN_EUR,1987,1.5085
Europe (UN),UN_EUR,1988,1.4244
Europe (UN),UN_EUR,1989,1.3518
Europe (UN),UN_EUR,1990,1.2879
Europe (UN),UN_EUR,1991,1.2472
Europe (UN),UN_EUR,1992,1.2151
Europe (UN),UN_EUR,1993,1.1835
Europe (UN),UN_EUR,1994,1.1342
Europe (UN),UN_EUR,1995,1.0662
Europe (UN),UN_EUR,1996,1.019
Europe (UN),UN_EUR,1997,0.9689
Europe (UN),UN_EUR,1998,0.9336
Europe (UN),UN_EUR,1999,0.8952
Europe (UN),UN_EUR,2000,0.8523
Europe (UN),UN_EUR,2001,0.8221
Europe (UN),UN_EUR,2002,0.7837
Europe (UN),UN_EUR,2003,0.7411
Europe (UN),UN_EUR,2004,0.7107
Europe (UN),UN_EUR,2005,0.6685
Europe (UN),UN_EUR,2006,0.6464
Europe (UN),UN_EUR,2007,0.6228
Europe (UN),UN_EUR,2008,0.5906
Europe (UN),UN_EUR,2009,0.5717
Europe (UN),UN_EUR,2010,0.5547
Europe (UN),UN_EUR,2011,0.5245
Europe (UN),UN_EUR,2012,0.5497
Europe (UN),UN_EUR,2013,0.5231
Europe (UN),UN_EUR,2014,0.4987
Europe (UN),UN_EUR,2015,0.469
Europe (UN),UN_EUR,2016,0.4512
Europe (UN),UN_EUR,2017,0.4277
Europe (UN),UN_EUR,2018,0.4082
Europe (UN),UN_EUR,2019,0.3966
Europe (UN),UN_EUR,2020,0.3801
Europe (UN),UN_EUR,2021,0.3723
Europe (UN),UN_EUR,2022,0.3629
Europe (UN),UN_EUR,2023,0.3409
Falkland Islands,FLK,1950,12.4295
Falkland Islands,FLK,1951,12.2834
Falkland Islands,FLK,1952,12.1384
Falkland Islands,FLK,1953,11.8812
Falkland Islands,FLK,1954,11.5891
Falkland Islands,FLK,1955,11.3482
Falkland Islands,FLK,1956,11.0959
Falkland Islands,FLK,1957,10.8319
Falkland Islands,FLK,1958,10.5823
Falkland Islands,FLK,1959,10.3642
Falkland Islands,FLK,1960,10.1819
Falkland Islands,FLK,1961,10.0459
Falkland Islands,FLK,1962,9.9139
Falkland Islands,FLK,1963,9.8579
Falkland Islands,FLK,1964,9.7882
Falkland Islands,FLK,1965,9.6891
Falkland Islands,FLK,1966,9.5888
Falkland Islands,FLK,1967,9.5232
Falkland Islands,FLK,1968,9.4397
Falkland Islands,FLK,1969,9.3339
Falkland Islands,FLK,1970,9.25
Falkland Islands,FLK,1971,9.1495
Falkland Islands,FLK,1972,9.0453
Falkland Islands,FLK,1973,8.9498
Falkland Islands,FLK,1974,8.8959
Falkland Islands,FLK,1975,8.8589
Falkland Islands,FLK,1976,8.8919
Falkland Islands,FLK,1977,9.0335
Falkland Islands,FLK,1978,9.2855
Falkland Islands,FLK,1979,9.6092
Falkland Islands,FLK,1980,10.0216
Falkland Islands,FLK,1981,10.4495
Falkland Islands,FLK,1982,10.8231
Falkland Islands,FLK,1983,11.1409
Falkland Islands,FLK,1984,11.3663
Falkland Islands,FLK,1985,11.4644
Falkland Islands,FLK,1986,11.4574
Falkland Islands,FLK,1987,11.3671
Falkland Islands,FLK,1988,11.2313
Falkland Islands,FLK,1989,10.8889
Falkland Islands,FLK,1990,10.3934
Falkland Islands,FLK,1991,9.7636
Falkland Islands,FLK,1992,8.8344
Falkland Islands,FLK,1993,7.8824
Falkland Islands,FLK,1994,6.9265
Falkland Islands,FLK,1995,5.9547
Falkland Islands,FLK,1996,5.0506
Falkland Islands,FLK,1997,4.2489
Falkland Islands,FLK,1998,3.5361
Falkland Islands,FLK,1999,2.9294
Falkland Islands,FLK,2000,2.471
Falkland Islands,FLK,2001,2.1302
Falkland Islands,FLK,2002,1.8664
Falkland Islands,FLK,2003,1.6754
Falkland Islands,FLK,2004,1.5356
Falkland Islands,FLK,2005,1.4146
Falkland Islands,FLK,2006,1.3169
Falkland Islands,FLK,2007,1.2322
Falkland Islands,FLK,2008,1.1646
Falkland Islands,FLK,2009,1.1096
Falkland Islands,FLK,2010,1.0696
Falkland Islands,FLK,2011,1.0406
Falkland Islands,FLK,2012,1.0169
Falkland Islands,FLK,2013,1.0057
Falkland Islands,FLK,2014,0.9997
Falkland Islands,FLK,2015,0.992
Falkland Islands,FLK,2016,0.9867
Falkland Islands,FLK,2017,0.9844
Falkland Islands,FLK,2018,0.9813
Falkland Islands,FLK,2019,0.9776
Falkland Islands,FLK,2020,0.962
Falkland Islands,FLK,2021,0.9416
Falkland Islands,FLK,2022,0.9356
Falkland Islands,FLK,2023,0.9169
Faroe Islands,FRO,1950,6.3999
Faroe Islands,FRO,1951,5.9391
Faroe Islands,FRO,1952,5.5091
Faroe Islands,FRO,1953,5.0848
Faroe Islands,FRO,1954,4.664
Faroe Islands,FRO,1955,4.2499
Faroe Islands,FRO,1956,3.851
Faroe Islands,FRO,1957,3.473
Faroe Islands,FRO,1958,3.1291
Faroe Islands,FRO,1959,2.8263
Faroe Islands,FRO,1960,2.5673
Faroe Islands,FRO,1961,2.3501
Faroe Islands,FRO,1962,2.1695
Faroe Islands,FRO,1963,2.0241
Faroe Islands,FRO,1964,1.9058
Faroe Islands,FRO,1965,1.8084
Faroe Islands,FRO,1966,1.7261
Faroe Islands,FRO,1967,1.6555
Faroe Islands,FRO,1968,1.5915
Faroe Islands,FRO,1969,1.5306
Faroe Islands,FRO,1970,1.4704
Faroe Islands,FRO,1971,1.41
Faroe Islands,FRO,1972,1.3523
Faroe Islands,FRO,1973,1.2982
Faroe Islands,FRO,1974,1.2496
Faroe Islands,FRO,1975,1.2085
Faroe Islands,FRO,1976,1.1768
Faroe Islands,FRO,1977,1.1494
Faroe Islands,FRO,1978,1.1263
Faroe Islands,FRO,1979,1.1068
Faroe Islands,FRO,1980,1.0886
Faroe Islands,FRO,1981,1.0712
Faroe Islands,FRO,1982,1.0582
Faroe Islands,FRO,1983,1.048
Faroe Islands,FRO,1984,1.0398
Faroe Islands,FRO,1985,1.0276
Faroe Islands,FRO,1986,1.0138
Faroe Islands,FRO,1987,0.9949
Faroe Islands,FRO,1988,0.9713
Faroe Islands,FRO,1989,0.9457
Faroe Islands,FRO,1990,0.9198
Faroe Islands,FRO,1991,0.8945
Faroe Islands,FRO,1992,0.8731
Faroe Islands,FRO,1993,0.857
Faroe Islands,FRO,1994,0.8439
Faroe Islands,FRO,1995,0.8335
Faroe Islands,FRO,1996,0.824
Faroe Islands,FRO,1997,0.8117
Faroe Islands,FRO,1998,0.7992
Faroe Islands,FRO,1999,0.7836
Faroe Islands,FRO,2000,0.7673
Faroe Islands,FRO,2001,0.7509
Faroe Islands,FRO,2002,0.736
Faroe Islands,FRO,2003,0.7227
Faroe Islands,FRO,2004,0.7111
Faroe Islands,FRO,2005,0.7022
Faroe Islands,FRO,2006,0.6952
Faroe Islands,FRO,2007,0.6899
Faroe Islands,FRO,2008,0.6858
Faroe Islands,FRO,2009,0.684
Faroe Islands,FRO,2010,0.6817
Faroe Islands,FRO,2011,0.6777
Faroe Islands,FRO,2012,0.673
Faroe Islands,FRO,2013,0.6673
Faroe Islands,FRO,2014,0.6608
Faroe Islands,FRO,2015,0.6539
Faroe Islands,FRO,2016,0.6478
Faroe Islands,FRO,2017,0.6417
Faroe Islands,FRO,2018,0.6359
Faroe Islands,FRO,2019,0.6308
Faroe Islands,FRO,2020,0.6261
Faroe Islands,FRO,2021,0.6245
Faroe Islands,FRO,2022,0.6244
Faroe Islands,FRO,2023,0.6109
Fiji,FJI,1950,8.841
Fiji,FJI,1951,8.5176
Fiji,FJI,1952,8.2267
Fiji,FJI,1953,7.8912
Fiji,FJI,1954,7.578
Fiji,FJI,1955,7.2696
Fiji,FJI,1956,6.9686
Fiji,FJI,1957,6.6761
Fiji,FJI,1958,6.3936
Fiji,FJI,1959,6.1245
Fiji,FJI,1960,5.8701
Fiji,FJI,1961,5.6307
Fiji,FJI,1962,5.4077
Fiji,FJI,1963,5.2022
Fiji,FJI,1964,5.0173
Fiji,FJI,1965,4.8515
Fiji,FJI,1966,4.708
Fiji,FJI,1967,4.5909
Fiji,FJI,1968,4.4974
Fiji,FJI,1969,4.4251
Fiji,FJI,1970,4.3696
Fiji,FJI,1971,4.324
Fiji,FJI,1972,4.283
Fiji,FJI,1973,4.2732
Fiji,FJI,1974,4.1732
Fiji,FJI,1975,4.0963
Fiji,FJI,1976,3.9997
Fiji,FJI,1977,3.8844
Fiji,FJI,1978,3.7522
Fiji,FJI,1979,3.6415
Fiji,FJI,1980,3.4704
Fiji,FJI,1981,3.3113
Fiji,FJI,1982,3.1681
Fiji,FJI,1983,3.0384
Fiji,FJI,1984,2.9079
Fiji,FJI,1985,2.8087
Fiji,FJI,1986,2.7093
Fiji,FJI,1987,2.5811
Fiji,FJI,1988,2.4846
Fiji,FJI,1989,2.4075
Fiji,FJI,1990,2.3088
Fiji,FJI,1991,2.229
Fiji,FJI,1992,2.1559
Fiji,FJI,1993,2.0992
Fiji,FJI,1994,2.0283
Fiji,FJI,1995,1.9756
Fiji,FJI,1996,1.9307
Fiji,FJI,1997,1.9066
Fiji,FJI,1998,1.8649
Fiji,FJI,1999,1.8502
Fiji,FJI,2000,1.8369
Fiji,FJI,2001,1.8271
Fiji,FJI,2002,1.8283
Fiji,FJI,2003,1.8431
Fiji,FJI,2004,1.851
Fiji,FJI,2005,1.85
Fiji,FJI,2006,1.8562
Fiji,FJI,2007,1.8518
Fiji,FJI,2008,1.8324
Fiji,FJI,2009,1.8226
Fiji,FJI,2010,1.7802
Fiji,FJI,2011,1.7516
Fiji,FJI,2012,1.7496
Fiji,FJI,2013,1.7226
Fiji,FJI,2014,1.73
Fiji,FJI,2015,1.7562
Fiji,FJI,2016,1.8234
Fiji,FJI,2017,1.8654
Fiji,FJI,2018,1.9429
Fiji,FJI,2019,2.0178
Fiji,FJI,2020,2.0953
Fiji,FJI,2021,2.1624
Fiji,FJI,2022,2.2223
Fiji,FJI,2023,2.2856
Finland,FIN,1950,4.1824
Finland,FIN,1951,3.4235
Finland,FIN,1952,3.198
Finland,FIN,1953,3.3265
Finland,FIN,1954,3.0339
Finland,FIN,1955,2.9704
Finland,FIN,1956,2.5384
Finland,FIN,1957,2.7571
Finland,FIN,1958,2.3585
Finland,FIN,1959,2.3883
Finland,FIN,1960,2.1013
Finland,FIN,1961,2.1005
Finland,FIN,1962,2.0365
Finland,FIN,1963,1.8264
Finland,FIN,1964,1.6885
Finland,FIN,1965,1.7389
Finland,FIN,1966,1.5191
Finland,FIN,1967,1.4994
Finland,FIN,1968,1.3588
Finland,FIN,1969,1.3909
Finland,FIN,1970,1.3482
Finland,FIN,1971,1.2625
Finland,FIN,1972,1.1728
Finland,FIN,1973,1.0503
Finland,FIN,1974,1.1409
Finland,FIN,1975,0.9745
Finland,FIN,1976,0.9957
Finland,FIN,1977,0.8947
Finland,FIN,1978,0.7533
Finland,FIN,1979,0.7598
Finland,FIN,1980,0.7569
Finland,FIN,1981,0.6507
Finland,FIN,1982,0.6027
Finland,FIN,1983,0.6116
Finland,FIN,1984,0.6384
Finland,FIN,1985,0.6151
Finland,FIN,1986,0.571
Finland,FIN,1987,0.612
Finland,FIN,1988,0.615
Finland,FIN,1989,0.5997
Finland,FIN,1990,0.5632
Finland,FIN,1991,0.5774
Finland,FIN,1992,0.5141
Finland,FIN,1993,0.4284
Finland,FIN,1994,0.4712
Finland,FIN,1995,0.3844
Finland,FIN,1996,0.3883
Finland,FIN,1997,0.3844
Finland,FIN,1998,0.4093
Finland,FIN,1999,0.3634
Finland,FIN,2000,0.3691
Finland,FIN,2001,0.3208
Finland,FIN,2002,0.3046
Finland,FIN,2003,0.3114
Finland,FIN,2004,0.3333
Finland,FIN,2005,0.3022
Finland,FIN,2006,0.2856
Finland,FIN,2007,0.2727
Finland,FIN,2008,0.2629
Finland,FIN,2009,0.2716
Finland,FIN,2010,0.2278
Finland,FIN,2011,0.234
Finland,FIN,2012,0.2347
Finland,FIN,2013,0.1722
Finland,FIN,2014,0.2135
Finland,FIN,2015,0.1716
Finland,FIN,2016,0.1829
Finland,FIN,2017,0.1951
Finland,FIN,2018,0.2025
Finland,FIN,2019,0.2047
Finland,FIN,2020,0.1857
Finland,FIN,2021,0.1827
Finland,FIN,2022,0.2111
Finland,FIN,2023,0.1931
France,FRA,1950,5.1318
France,FRA,1951,4.9535
France,FRA,1952,4.4913
France,FRA,1953,4.1228
France,FRA,1954,4.0663
France,FRA,1955,3.8137
France,FRA,1956,3.585
France,FRA,1957,3.3504
France,FRA,1958,3.1131
France,FRA,1959,2.9333
France,FRA,1960,2.7176
France,FRA,1961,2.5692
France,FRA,1962,2.544
France,FRA,1963,2.5598
France,FRA,1964,2.3263
France,FRA,1965,2.1608
France,FRA,1966,2.1572
France,FRA,1967,2.0435
France,FRA,1968,2.0266
France,FRA,1969,1.9624
France,FRA,1970,1.8305
France,FRA,1971,1.7316
France,FRA,1972,1.6046
France,FRA,1973,1.5221
France,FRA,1974,1.438
France,FRA,1975,1.3416
France,FRA,1976,1.2715
France,FRA,1977,1.1861
France,FRA,1978,1.0764
France,FRA,1979,1.0404
France,FRA,1980,1.0484
France,FRA,1981,0.9903
France,FRA,1982,0.9544
France,FRA,1983,0.8974
France,FRA,1984,0.8516
France,FRA,1985,0.8433
France,FRA,1986,0.8173
France,FRA,1987,0.7872
France,FRA,1988,0.7962
France,FRA,1989,0.7596
France,FRA,1990,0.7409
France,FRA,1991,0.7316
France,FRA,1992,0.6808
France,FRA,1993,0.642
France,FRA,1994,0.5989
France,FRA,1995,0.4996
France,FRA,1996,0.4831
France,FRA,1997,0.4756
France,FRA,1998,0.4718
France,FRA,1999,0.4432
France,FRA,2000,0.4578
France,FRA,2001,0.453
France,FRA,2002,0.416
France,FRA,2003,0.4092
France,FRA,2004,0.4026
France,FRA,2005,0.3679
France,FRA,2006,0.3809
France,FRA,2007,0.3671
France,FRA,2008,0.372
France,FRA,2009,0.3772
France,FRA,2010,0.3587
France,FRA,2011,0.3361
France,FRA,2012,0.3467
France,FRA,2013,0.3597
France,FRA,2014,0.3477
France,FRA,2015,0.3636
France,FRA,2016,0.3607
France,FRA,2017,0.3764
France,FRA,2018,0.3806
France,FRA,2019,0.3738
France,FRA,2020,0.3501
France,FRA,2021,0.3691
France,FRA,2022,0.3639
France,FRA,2023,0.3503
French Guiana,GUF,1950,10.3852
French Guiana,GUF,1951,10.1322
French Guiana,GUF,1952,9.8849
French Guiana,GUF,1953,9.6372
French Guiana,GUF,1954,9.3866
French Guiana,GUF,1955,9.13
French Guiana,GUF,1956,8.8647
French Guiana,GUF,1957,8.5883
French Guiana,GUF,1958,8.2992
French Guiana,GUF,1959,7.9954
French Guiana,GUF,1960,7.6757
French Guiana,GUF,1961,7.3399
French Guiana,GUF,1962,6.9948
French Guiana,GUF,1963,6.6459
French Guiana,GUF,1964,6.3041
French Guiana,GUF,1965,5.9765
French Guiana,GUF,1966,5.6685
French Guiana,GUF,1967,5.3879
French Guiana,GUF,1968,5.1397
French Guiana,GUF,1969,4.9255
French Guiana,GUF,1970,4.7449
French Guiana,GUF,1971,4.5945
French Guiana,GUF,1972,4.468
French Guiana,GUF,1973,4.3586
French Guiana,GUF,1974,4.2563
French Guiana,GUF,1975,4.1544
French Guiana,GUF,1976,4.0476
French Guiana,GUF,1977,3.93
French Guiana,GUF,1978,3.8013
French Guiana,GUF,1979,3.661
French Guiana,GUF,1980,3.5116
French Guiana,GUF,1981,3.3564
French Guiana,GUF,1982,3.1999
French Guiana,GUF,1983,3.0458
French Guiana,GUF,1984,2.8978
French Guiana,GUF,1985,2.7574
French Guiana,GUF,1986,2.6265
French Guiana,GUF,1987,2.5051
French Guiana,GUF,1988,2.3926
French Guiana,GUF,1989,2.2882
French Guiana,GUF,1990,2.1912
French Guiana,GUF,1991,2.1001
French Guiana,GUF,1992,2.0137
French Guiana,GUF,1993,1.9311
French Guiana,GUF,1994,1.8519
French Guiana,GUF,1995,1.7758
French Guiana,GUF,1996,1.7025
French Guiana,GUF,1997,1.6327
French Guiana,GUF,1998,1.5675
French Guiana,GUF,1999,1.5077
French Guiana,GUF,2000,1.4703
French Guiana,GUF,2001,1.4086
French Guiana,GUF,2002,1.3698
French Guiana,GUF,2003,1.3368
French Guiana,GUF,2004,1.307
French Guiana,GUF,2005,1.2787
French Guiana,GUF,2006,1.2491
French Guiana,GUF,2007,1.217
French Guiana,GUF,2008,1.1819
French Guiana,GUF,2009,1.1452
French Guiana,GUF,2010,1.1083
French Guiana,GUF,2011,1.0735
French Guiana,GUF,2012,1.0423
French Guiana,GUF,2013,1.0158
French Guiana,GUF,2014,0.9944
French Guiana,GUF,2015,0.9773
French Guiana,GUF,2016,0.9632
French Guiana,GUF,2017,0.952
French Guiana,GUF,2018,0.9412
French Guiana,GUF,2019,0.9309
French Guiana,GUF,2020,0.9217
French Guiana,GUF,2021,0.912
French Guiana,GUF,2022,0.9018
French Guiana,GUF,2023,0.8919
French Polynesia,PYF,1950,11.0667
French Polynesia,PYF,1951,10.5444
French Polynesia,PYF,1952,10.0582
French Polynesia,PYF,1953,9.5563
French Polynesia,PYF,1954,9.1091
French Polynesia,PYF,1955,8.6984
French Polynesia,PYF,1956,8.3137
French Polynesia,PYF,1957,7.9884
French Polynesia,PYF,1958,7.7162
French Polynesia,PYF,1959,7.4656
French Polynesia,PYF,1960,7.2479
French Polynesia,PYF,1961,7.0653
French Polynesia,PYF,1962,6.9086
French Polynesia,PYF,1963,6.7704
French Polynesia,PYF,1964,6.6443
French Polynesia,PYF,1965,6.5238
French Polynesia,PYF,1966,6.3975
French Polynesia,PYF,1967,6.2679
French Polynesia,PYF,1968,6.142
French Polynesia,PYF,1969,6.0189
French Polynesia,PYF,1970,5.8968
French Polynesia,PYF,1971,5.7731
French Polynesia,PYF,1972,5.6404
French Polynesia,PYF,1973,5.5018
French Polynesia,PYF,1974,5.3401
French Polynesia,PYF,1975,5.1406
French Polynesia,PYF,1976,4.9251
French Polynesia,PYF,1977,4.6959
French Polynesia,PYF,1978,4.4578
French Polynesia,PYF,1979,4.1634
French Polynesia,PYF,1980,3.8419
French Polynesia,PYF,1981,3.544
French Polynesia,PYF,1982,3.2513
French Polynesia,PYF,1983,2.947
French Polynesia,PYF,1984,2.6687
French Polynesia,PYF,1985,2.4528
French Polynesia,PYF,1986,2.2275
French Polynesia,PYF,1987,2.0631
French Polynesia,PYF,1988,1.9162
French Polynesia,PYF,1989,1.8115
French Polynesia,PYF,1990,1.7167
French Polynesia,PYF,1991,1.6324
French Polynesia,PYF,1992,1.5424
French Polynesia,PYF,1993,1.4567
French Polynesia,PYF,1994,1.3729
French Polynesia,PYF,1995,1.2828
French Polynesia,PYF,1996,1.2004
French Polynesia,PYF,1997,1.1245
French Polynesia,PYF,1998,1.0616
French Polynesia,PYF,1999,0.9851
French Polynesia,PYF,2000,0.9388
French Polynesia,PYF,2001,0.9054
French Polynesia,PYF,2002,0.8822
French Polynesia,PYF,2003,0.8655
French Polynesia,PYF,2004,0.8521
French Polynesia,PYF,2005,0.8387
French Polynesia,PYF,2006,0.8232
French Polynesia,PYF,2007,0.8025
French Polynesia,PYF,2008,0.7795
French Polynesia,PYF,2009,0.7551
French Polynesia,PYF,2010,0.7321
French Polynesia,PYF,2011,0.7073
French Polynesia,PYF,2012,0.6861
French Polynesia,PYF,2013,0.6675
French Polynesia,PYF,2014,0.6514
French Polynesia,PYF,2015,0.6374
French Polynesia,PYF,2016,0.6222
French Polynesia,PYF,2017,0.6072
French Polynesia,PYF,2018,0.5929
French Polynesia,PYF,2019,0.5789
French Polynesia,PYF,2020,0.5651
French Polynesia,PYF,2021,0.5514
French Polynesia,PYF,2022,0.5381
French Polynesia,PYF,2023,0.5255
Gabon,GAB,1950,14.5939
Gabon,GAB,1951,14.3485
Gabon,GAB,1952,14.1055
Gabon,GAB,1953,13.8606
Gabon,GAB,1954,13.614
Gabon,GAB,1955,13.3662
Gabon,GAB,1956,13.1173
Gabon,GAB,1957,12.8679
Gabon,GAB,1958,12.6184
Gabon,GAB,1959,12.3691
Gabon,GAB,1960,12.1205
Gabon,GAB,1961,11.8728
Gabon,GAB,1962,11.6267
Gabon,GAB,1963,11.3822
Gabon,GAB,1964,11.1397
Gabon,GAB,1965,10.8994
Gabon,GAB,1966,10.6615
Gabon,GAB,1967,10.4261
Gabon,GAB,1968,10.1932
Gabon,GAB,1969,9.963
Gabon,GAB,1970,9.7354
Gabon,GAB,1971,9.5106
Gabon,GAB,1972,9.2883
Gabon,GAB,1973,9.0684
Gabon,GAB,1974,8.8511
Gabon,GAB,1975,8.6362
Gabon,GAB,1976,8.4241
Gabon,GAB,1977,8.2153
Gabon,GAB,1978,8.0104
Gabon,GAB,1979,7.8099
Gabon,GAB,1980,7.6105
Gabon,GAB,1981,7.4191
Gabon,GAB,1982,7.2358
Gabon,GAB,1983,7.0646
Gabon,GAB,1984,6.9039
Gabon,GAB,1985,6.7543
Gabon,GAB,1986,6.6164
Gabon,GAB,1987,6.4913
Gabon,GAB,1988,6.3792
Gabon,GAB,1989,6.2802
Gabon,GAB,1990,6.1943
Gabon,GAB,1991,6.1208
Gabon,GAB,1992,6.0587
Gabon,GAB,1993,6.0058
Gabon,GAB,1994,5.9644
Gabon,GAB,1995,5.9172
Gabon,GAB,1996,5.8824
Gabon,GAB,1997,5.8275
Gabon,GAB,1998,5.7701
Gabon,GAB,1999,5.7037
Gabon,GAB,2000,5.6245
Gabon,GAB,2001,5.5358
Gabon,GAB,2002,5.4366
Gabon,GAB,2003,5.3155
Gabon,GAB,2004,5.1935
Gabon,GAB,2005,5.0602
Gabon,GAB,2006,4.922
Gabon,GAB,2007,4.7781
Gabon,GAB,2008,4.6304
Gabon,GAB,2009,4.4802
Gabon,GAB,2010,4.3293
Gabon,GAB,2011,4.1797
Gabon,GAB,2012,4.0335
Gabon,GAB,2013,3.8904
Gabon,GAB,2014,3.7531
Gabon,GAB,2015,3.6204
Gabon,GAB,2016,3.4937
Gabon,GAB,2017,3.371
Gabon,GAB,2018,3.2544
Gabon,GAB,2019,3.1433
Gabon,GAB,2020,3.038
Gabon,GAB,2021,2.9372
Gabon,GAB,2022,2.8401
Gabon,GAB,2023,2.7464
Gambia,GMB,1950,14.776
Gambia,GMB,1951,14.7118
Gambia,GMB,1952,14.6543
Gambia,GMB,1953,14.5943
Gambia,GMB,1954,14.5288
Gambia,GMB,1955,14.4553
Gambia,GMB,1956,14.3722
Gambia,GMB,1957,14.2745
Gambia,GMB,1958,14.1649
Gambia,GMB,1959,14.0466
Gambia,GMB,1960,13.9217
Gambia,GMB,1961,13.7922
Gambia,GMB,1962,13.6602
Gambia,GMB,1963,13.5293
Gambia,GMB,1964,13.3971
Gambia,GMB,1965,13.2635
Gambia,GMB,1966,13.1279
Gambia,GMB,1967,12.9902
Gambia,GMB,1968,12.8496
Gambia,GMB,1969,12.706
Gambia,GMB,1970,12.5583
Gambia,GMB,1971,12.4064
Gambia,GMB,1972,12.2496
Gambia,GMB,1973,12.0879
Gambia,GMB,1974,11.9218
Gambia,GMB,1975,11.7521
Gambia,GMB,1976,11.5793
Gambia,GMB,1977,11.4039
Gambia,GMB,1978,11.2945
Gambia,GMB,1979,11.0448
Gambia,GMB,1980,10.8597
Gambia,GMB,1981,10.6707
Gambia,GMB,1982,10.4768
Gambia,GMB,1983,10.2766
Gambia,GMB,1984,10.0707
Gambia,GMB,1985,9.8564
Gambia,GMB,1986,9.6378
Gambia,GMB,1987,9.4187
Gambia,GMB,1988,9.2012
Gambia,GMB,1989,8.9859
Gambia,GMB,1990,8.7707
Gambia,GMB,1991,8.555
Gambia,GMB,1992,8.3379
Gambia,GMB,1993,8.1193
Gambia,GMB,1994,7.8993
Gambia,GMB,1995,7.6783
Gambia,GMB,1996,7.4569
Gambia,GMB,1997,7.2588
Gambia,GMB,1998,7.0163
Gambia,GMB,1999,6.8308
Gambia,GMB,2000,6.5874
Gambia,GMB,2001,6.3735
Gambia,GMB,2002,6.1592
Gambia,GMB,2003,5.9515
Gambia,GMB,2004,5.7466
Gambia,GMB,2005,5.5561
Gambia,GMB,2006,5.3486
Gambia,GMB,2007,5.1604
Gambia,GMB,2008,4.9735
Gambia,GMB,2009,4.8003
Gambia,GMB,2010,4.6281
Gambia,GMB,2011,4.4592
Gambia,GMB,2012,4.3017
Gambia,GMB,2013,4.149
Gambia,GMB,2014,4.002
Gambia,GMB,2015,3.8607
Gambia,GMB,2016,3.7262
Gambia,GMB,2017,3.6
Gambia,GMB,2018,3.475
Gambia,GMB,2019,3.3595
Gambia,GMB,2020,3.2496
Gambia,GMB,2021,3.1467
Gambia,GMB,2022,3.0475
Gambia,GMB,2023,2.9483
Georgia,GEO,1950,10.8109
Georgia,GEO,1951,10.6052
Georgia,GEO,1952,10.4032
Georgia,GEO,1953,10.202
Georgia,GEO,1954,9.9997
Georgia,GEO,1955,9.7965
Georgia,GEO,1956,9.5923
Georgia,GEO,1957,9.387
Georgia,GEO,1958,9.1811
Georgia,GEO,1959,8.9747
Georgia,GEO,1960,8.7681
Georgia,GEO,1961,8.561
Georgia,GEO,1962,8.3541
Georgia,GEO,1963,8.1473
Georgia,GEO,1964,7.9404
Georgia,GEO,1965,7.7319
Georgia,GEO,1966,7.5237
Georgia,GEO,1967,7.3181
Georgia,GEO,1968,7.1191
Georgia,GEO,1969,6.9302
Georgia,GEO,1970,6.7488
Georgia,GEO,1971,6.5754
Georgia,GEO,1972,6.409
Georgia,GEO,1973,6.2449
Georgia,GEO,1974,6.0794
Georgia,GEO,1975,5.9102
Georgia,GEO,1976,5.7337
Georgia,GEO,1977,5.5514
Georgia,GEO,1978,5.3682
Georgia,GEO,1979,5.1876
Georgia,GEO,1980,5.0131
Georgia,GEO,1981,4.857
Georgia,GEO,1982,4.7076
Georgia,GEO,1983,4.5733
Georgia,GEO,1984,4.4571
Georgia,GEO,1985,4.3593
Georgia,GEO,1986,4.2804
Georgia,GEO,1987,4.218
Georgia,GEO,1988,4.1693
Georgia,GEO,1989,4.13
Georgia,GEO,1990,4.0953
Georgia,GEO,1991,4.0599
Georgia,GEO,1992,4.0198
Georgia,GEO,1993,3.9708
Georgia,GEO,1994,3.9082
Georgia,GEO,1995,3.8282
Georgia,GEO,1996,3.7276
Georgia,GEO,1997,3.6043
Georgia,GEO,1998,3.4582
Georgia,GEO,1999,3.2901
Georgia,GEO,2000,3.103
Georgia,GEO,2001,2.9009
Georgia,GEO,2002,2.689
Georgia,GEO,2003,2.4713
Georgia,GEO,2004,2.256
Georgia,GEO,2005,2.051
Georgia,GEO,2006,1.8602
Georgia,GEO,2007,1.6845
Georgia,GEO,2008,1.5277
Georgia,GEO,2009,1.3912
Georgia,GEO,2010,1.2753
Georgia,GEO,2011,1.1783
Georgia,GEO,2012,1.0985
Georgia,GEO,2013,1.0344
Georgia,GEO,2014,0.9843
Georgia,GEO,2015,0.9459
Georgia,GEO,2016,0.9166
Georgia,GEO,2017,0.8942
Georgia,GEO,2018,0.8766
Georgia,GEO,2019,0.8619
Georgia,GEO,2020,0.849
Georgia,GEO,2021,0.8367
Georgia,GEO,2022,0.8248
Georgia,GEO,2023,0.8142
Germany,DEU,1950,5.7614
Germany,DEU,1951,5.4456
Germany,DEU,1952,5.148
Germany,DEU,1953,4.866
Germany,DEU,1954,4.5997
Germany,DEU,1955,4.3482
Germany,DEU,1956,4.1095
Germany,DEU,1957,3.9012
Germany,DEU,1958,3.7864
Germany,DEU,1959,3.6416
Germany,DEU,1960,3.5019
Germany,DEU,1961,3.2683
Germany,DEU,1962,2.9719
Germany,DEU,1963,2.8108
Germany,DEU,1964,2.5901
Germany,DEU,1965,2.3768
Germany,DEU,1966,2.3343
Germany,DEU,1967,2.2131
Germany,DEU,1968,2.1661
Germany,DEU,1969,2.1967
Germany,DEU,1970,2.1738
Germany,DEU,1971,2.171
Germany,DEU,1972,2.0087
Germany,DEU,1973,2.0454
Germany,DEU,1974,1.983
Germany,DEU,1975,1.8599
Germany,DEU,1976,1.6787
Germany,DEU,1977,1.4905
Germany,DEU,1978,1.4175
Germany,DEU,1979,1.3414
Germany,DEU,1980,1.2752
Germany,DEU,1981,1.1725
Germany,DEU,1982,1.1049
Germany,DEU,1983,1.0127
Germany,DEU,1984,0.9682
Germany,DEU,1985,0.9071
Germany,DEU,1986,0.8915
Germany,DEU,1987,0.8449
Germany,DEU,1988,0.7716
Germany,DEU,1989,0.7376
Germany,DEU,1990,0.7072
Germany,DEU,1991,0.6464
Germany,DEU,1992,0.6061
Germany,DEU,1993,0.576
Germany,DEU,1994,0.5486
Germany,DEU,1995,0.5283
Germany,DEU,1996,0.5074
Germany,DEU,1997,0.483
Germany,DEU,1998,0.4595
Germany,DEU,1999,0.4471
Germany,DEU,2000,0.4352
Germany,DEU,2001,0.4198
Germany,DEU,2002,0.4163
Germany,DEU,2003,0.4182
Germany,DEU,2004,0.413
Germany,DEU,2005,0.3854
Germany,DEU,2006,0.3791
Germany,DEU,2007,0.3914
Germany,DEU,2008,0.3495
Germany,DEU,2009,0.3465
Germany,DEU,2010,0.3467
Germany,DEU,2011,0.3587
Germany,DEU,2012,0.3302
Germany,DEU,2013,0.3304
Germany,DEU,2014,0.3258
Germany,DEU,2015,0.3285
Germany,DEU,2016,0.3517
Germany,DEU,2017,0.3233
Germany,DEU,2018,0.3174
Germany,DEU,2019,0.3189
Germany,DEU,2020,0.3061
Germany,DEU,2021,0.3029
Germany,DEU,2022,0.3121
Germany,DEU,2023,0.2969
Ghana,GHA,1950,14.9162
Ghana,GHA,1951,14.5693
Ghana,GHA,1952,14.2522
Ghana,GHA,1953,13.9486
Ghana,GHA,1954,13.6529
Ghana,GHA,1955,13.3723
Ghana,GHA,1956,13.1332
Ghana,GHA,1957,12.9083
Ghana,GHA,1958,12.7211
Ghana,GHA,1959,12.5496
Ghana,GHA,1960,12.4088
Ghana,GHA,1961,12.2879
Ghana,GHA,1962,12.1932
Ghana,GHA,1963,12.1189
Ghana,GHA,1964,12.0776
Ghana,GHA,1965,12.0449
Ghana,GHA,1966,12.0311
Ghana,GHA,1967,12.0209
Ghana,GHA,1968,12.0072
Ghana,GHA,1969,11.9853
Ghana,GHA,1970,11.9398
Ghana,GHA,1971,11.8727
Ghana,GHA,1972,11.741
Ghana,GHA,1973,11.5792
Ghana,GHA,1974,11.3826
Ghana,GHA,1975,11.1651
Ghana,GHA,1976,10.9264
Ghana,GHA,1977,10.7166
Ghana,GHA,1978,10.5172
Ghana,GHA,1979,10.3516
Ghana,GHA,1980,10.2068
Ghana,GHA,1981,10.0807
Ghana,GHA,1982,9.9721
Ghana,GHA,1983,9.8123
Ghana,GHA,1984,9.6155
Ghana,GHA,1985,9.4001
Ghana,GHA,1986,9.153
Ghana,GHA,1987,8.8775
Ghana,GHA,1988,8.589
Ghana,GHA,1989,8.322
Ghana,GHA,1990,8.0699
Ghana,GHA,1991,7.8572
Ghana,GHA,1992,7.6602
Ghana,GHA,1993,7.5023
Ghana,GHA,1994,7.4033
Ghana,GHA,1995,7.2563
Ghana,GHA,1996,7.1117
Ghana,GHA,1997,6.9684
Ghana,GHA,1998,6.8071
Ghana,GHA,1999,6.6237
Ghana,GHA,2000,6.4251
Ghana,GHA,2001,6.2274
Ghana,GHA,2002,6.0329
Ghana,GHA,2003,5.8546
Ghana,GHA,2004,5.6794
Ghana,GHA,2005,5.5204
Ghana,GHA,2006,5.3652
Ghana,GHA,2007,5.2096
Ghana,GHA,2008,5.0494
Ghana,GHA,2009,4.8899
Ghana,GHA,2010,4.72
Ghana,GHA,2011,4.5522
Ghana,GHA,2012,4.3796
Ghana,GHA,2013,4.2213
Ghana,GHA,2014,4.0732
Ghana,GHA,2015,3.9257
Ghana,GHA,2016,3.7956
Ghana,GHA,2017,3.6766
Ghana,GHA,2018,3.5574
Ghana,GHA,2019,3.4497
Ghana,GHA,2020,3.3509
Ghana,GHA,2021,3.2525
Ghana,GHA,2022,3.1571
Ghana,GHA,2023,3.069
Gibraltar,GIB,1950,4.8903
Gibraltar,GIB,1951,4.8284
Gibraltar,GIB,1952,4.7069
Gibraltar,GIB,1953,4.5188
Gibraltar,GIB,1954,4.2911
Gibraltar,GIB,1955,4.0092
Gibraltar,GIB,1956,3.7385
Gibraltar,GIB,1957,3.5483
Gibraltar,GIB,1958,3.355
Gibraltar,GIB,1959,3.2117
Gibraltar,GIB,1960,3.1482
Gibraltar,GIB,1961,3.1324
Gibraltar,GIB,1962,3.1182
Gibraltar,GIB,1963,3.0895
Gibraltar,GIB,1964,3.0282
Gibraltar,GIB,1965,2.9424
Gibraltar,GIB,1966,2.8393
Gibraltar,GIB,1967,2.7509
Gibraltar,GIB,1968,2.7109
Gibraltar,GIB,1969,2.6839
Gibraltar,GIB,1970,2.6604
Gibraltar,GIB,1971,2.6019
Gibraltar,GIB,1972,2.5407
Gibraltar,GIB,1973,2.4535
Gibraltar,GIB,1974,2.3722
Gibraltar,GIB,1975,2.3145
Gibraltar,GIB,1976,2.2893
Gibraltar,GIB,1977,2.2829
Gibraltar,GIB,1978,2.2779
Gibraltar,GIB,1979,2.2595
Gibraltar,GIB,1980,2.2192
Gibraltar,GIB,1981,2.1621
Gibraltar,GIB,1982,2.0887
Gibraltar,GIB,1983,2.0225
Gibraltar,GIB,1984,1.9551
Gibraltar,GIB,1985,1.8983
Gibraltar,GIB,1986,1.8428
Gibraltar,GIB,1987,1.7918
Gibraltar,GIB,1988,1.7432
Gibraltar,GIB,1989,1.6963
Gibraltar,GIB,1990,1.6408
Gibraltar,GIB,1991,1.5933
Gibraltar,GIB,1992,1.5457
Gibraltar,GIB,1993,1.4965
Gibraltar,GIB,1994,1.4487
Gibraltar,GIB,1995,1.406
Gibraltar,GIB,1996,1.3557
Gibraltar,GIB,1997,1.3009
Gibraltar,GIB,1998,1.2541
Gibraltar,GIB,1999,1.2153
Gibraltar,GIB,2000,1.1779
Gibraltar,GIB,2001,1.1477
Gibraltar,GIB,2002,1.1295
Gibraltar,GIB,2003,1.115
Gibraltar,GIB,2004,1.0986
Gibraltar,GIB,2005,1.0828
Gibraltar,GIB,2006,1.0702
Gibraltar,GIB,2007,1.0525
Gibraltar,GIB,2008,1.0247
Gibraltar,GIB,2009,0.9978
Gibraltar,GIB,2010,0.9717
Gibraltar,GIB,2011,0.947
Gibraltar,GIB,2012,0.9304
Gibraltar,GIB,2013,0.9241
Gibraltar,GIB,2014,0.9183
Gibraltar,GIB,2015,0.9155
Gibraltar,GIB,2016,0.908
Gibraltar,GIB,2017,0.8964
Gibraltar,GIB,2018,0.88
Gibraltar,GIB,2019,0.8652
Gibraltar,GIB,2020,0.8506
Gibraltar,GIB,2021,0.8403
Gibraltar,GIB,2022,0.835
Gibraltar,GIB,2023,0.8311
Greece,GRC,1950,5.0511
Greece,GRC,1951,4.9184
Greece,GRC,1952,4.7887
Greece,GRC,1953,4.6778
Greece,GRC,1954,4.5474
Greece,GRC,1955,4.4348
Greece,GRC,1956,4.3312
Greece,GRC,1957,4.2301
Greece,GRC,1958,4.1336
Greece,GRC,1959,4.038
Greece,GRC,1960,3.9411
Greece,GRC,1961,3.8439
Greece,GRC,1962,3.7387
Greece,GRC,1963,3.6305
Greece,GRC,1964,3.5168
Greece,GRC,1965,3.3983
Greece,GRC,1966,3.2689
Greece,GRC,1967,3.1406
Greece,GRC,1968,3.0062
Greece,GRC,1969,2.8779
Greece,GRC,1970,2.7512
Greece,GRC,1971,2.6348
Greece,GRC,1972,2.5259
Greece,GRC,1973,2.4232
Greece,GRC,1974,2.3246
Greece,GRC,1975,2.2265
Greece,GRC,1976,2.1277
Greece,GRC,1977,2.0293
Greece,GRC,1978,1.9248
Greece,GRC,1979,1.8221
Greece,GRC,1980,1.719
Greece,GRC,1981,1.6211
Greece,GRC,1982,1.5264
Greece,GRC,1983,1.437
Greece,GRC,1984,1.3523
Greece,GRC,1985,1.2723
Greece,GRC,1986,1.1969
Greece,GRC,1987,1.1403
Greece,GRC,1988,1.0606
Greece,GRC,1989,0.9999
Greece,GRC,1990,0.9456
Greece,GRC,1991,0.8965
Greece,GRC,1992,0.8524
Greece,GRC,1993,0.8118
Greece,GRC,1994,0.7748
Greece,GRC,1995,0.738
Greece,GRC,1996,0.7007
Greece,GRC,1997,0.6654
Greece,GRC,1998,0.6287
Greece,GRC,1999,0.595
Greece,GRC,2000,0.5573
Greece,GRC,2001,0.5238
Greece,GRC,2002,0.491
Greece,GRC,2003,0.4619
Greece,GRC,2004,0.4362
Greece,GRC,2005,0.414
Greece,GRC,2006,0.3957
Greece,GRC,2007,0.3812
Greece,GRC,2008,0.37
Greece,GRC,2009,0.3627
Greece,GRC,2010,0.3588
Greece,GRC,2011,0.3574
Greece,GRC,2012,0.3581
Greece,GRC,2013,0.3597
Greece,GRC,2014,0.3617
Greece,GRC,2015,0.3633
Greece,GRC,2016,0.3638
Greece,GRC,2017,0.3642
Greece,GRC,2018,0.3598
Greece,GRC,2019,0.3559
Greece,GRC,2020,0.3232
Greece,GRC,2021,0.3488
Greece,GRC,2022,0.3677
Greece,GRC,2023,0.3325
Greenland,GRL,1950,13.9771
Greenland,GRL,1951,13.1247
Greenland,GRL,1952,12.2931
Greenland,GRL,1953,11.4964
Greenland,GRL,1954,10.7497
Greenland,GRL,1955,10.0565
Greenland,GRL,1956,9.4068
Greenland,GRL,1957,8.8414
Greenland,GRL,1958,8.3502
Greenland,GRL,1959,7.929
Greenland,GRL,1960,7.5692
Greenland,GRL,1961,7.2581
Greenland,GRL,1962,6.9789
Greenland,GRL,1963,6.7168
Greenland,GRL,1964,6.4544
Greenland,GRL,1965,6.1801
Greenland,GRL,1966,5.8898
Greenland,GRL,1967,5.5907
Greenland,GRL,1968,5.287
Greenland,GRL,1969,4.9949
Greenland,GRL,1970,4.728
Greenland,GRL,1971,4.4973
Greenland,GRL,1972,4.3065
Greenland,GRL,1973,4.1617
Greenland,GRL,1974,4.056
Greenland,GRL,1975,3.9802
Greenland,GRL,1976,3.9241
Greenland,GRL,1977,3.8764
Greenland,GRL,1978,3.83
Greenland,GRL,1979,3.775
Greenland,GRL,1980,3.7089
Greenland,GRL,1981,3.6342
Greenland,GRL,1982,3.5501
Greenland,GRL,1983,3.4614
Greenland,GRL,1984,3.3716
Greenland,GRL,1985,3.2842
Greenland,GRL,1986,3.1994
Greenland,GRL,1987,3.1211
Greenland,GRL,1988,3.0474
Greenland,GRL,1989,2.9768
Greenland,GRL,1990,2.9064
Greenland,GRL,1991,2.8357
Greenland,GRL,1992,2.7564
Greenland,GRL,1993,2.6671
Greenland,GRL,1994,2.5648
Greenland,GRL,1995,2.4481
Greenland,GRL,1996,2.3172
Greenland,GRL,1997,2.176
Greenland,GRL,1998,2.0295
Greenland,GRL,1999,1.8839
Greenland,GRL,2000,1.7449
Greenland,GRL,2001,1.6174
Greenland,GRL,2002,1.5034
Greenland,GRL,2003,1.4039
Greenland,GRL,2004,1.3182
Greenland,GRL,2005,1.2447
Greenland,GRL,2006,1.182
Greenland,GRL,2007,1.1281
Greenland,GRL,2008,1.0821
Greenland,GRL,2009,1.0431
Greenland,GRL,2010,1.0107
Greenland,GRL,2011,0.9848
Greenland,GRL,2012,0.9649
Greenland,GRL,2013,0.9509
Greenland,GRL,2014,0.9425
Greenland,GRL,2015,0.9385
Greenland,GRL,2016,0.9384
Greenland,GRL,2017,0.9415
Greenland,GRL,2018,0.947
Greenland,GRL,2019,0.9541
Greenland,GRL,2020,0.9623
Greenland,GRL,2021,0.9711
Greenland,GRL,2022,0.9802
Greenland,GRL,2023,0.9894
Grenada,GRD,1950,10.2068
Grenada,GRD,1951,9.8968
Grenada,GRD,1952,9.5897
Grenada,GRD,1953,9.2894
Grenada,GRD,1954,8.9909
Grenada,GRD,1955,8.6889
Grenada,GRD,1956,8.376
Grenada,GRD,1957,8.0466
Grenada,GRD,1958,7.6903
Grenada,GRD,1959,7.3046
Grenada,GRD,1960,6.901
Grenada,GRD,1961,6.4893
Grenada,GRD,1962,6.0766
Grenada,GRD,1963,5.6921
Grenada,GRD,1964,5.2928
Grenada,GRD,1965,4.95
Grenada,GRD,1966,4.6499
Grenada,GRD,1967,4.3933
Grenada,GRD,1968,4.1778
Grenada,GRD,1969,3.9995
Grenada,GRD,1970,3.8517
Grenada,GRD,1971,3.726
Grenada,GRD,1972,3.6188
Grenada,GRD,1973,3.5243
Grenada,GRD,1974,3.437
Grenada,GRD,1975,3.3524
Grenada,GRD,1976,3.2682
Grenada,GRD,1977,3.1805
Grenada,GRD,1978,3.0871
Grenada,GRD,1979,2.9869
Grenada,GRD,1980,2.8802
Grenada,GRD,1981,2.7681
Grenada,GRD,1982,2.6534
Grenada,GRD,1983,2.5381
Grenada,GRD,1984,2.4241
Grenada,GRD,1985,2.3131
Grenada,GRD,1986,2.2055
Grenada,GRD,1987,2.1013
Grenada,GRD,1988,2.001
Grenada,GRD,1989,1.9054
Grenada,GRD,1990,1.8144
Grenada,GRD,1991,1.7285
Grenada,GRD,1992,1.6484
Grenada,GRD,1993,1.5748
Grenada,GRD,1994,1.5088
Grenada,GRD,1995,1.4506
Grenada,GRD,1996,1.4002
Grenada,GRD,1997,1.357
Grenada,GRD,1998,1.3204
Grenada,GRD,1999,1.2894
Grenada,GRD,2000,1.2639
Grenada,GRD,2001,1.2421
Grenada,GRD,2002,1.2236
Grenada,GRD,2003,1.2085
Grenada,GRD,2004,1.3412
Grenada,GRD,2005,1.1865
Grenada,GRD,2006,1.1799
Grenada,GRD,2007,1.1758
Grenada,GRD,2008,1.1744
Grenada,GRD,2009,1.1758
Grenada,GRD,2010,1.1796
Grenada,GRD,2011,1.186
Grenada,GRD,2012,1.1944
Grenada,GRD,2013,1.2047
Grenada,GRD,2014,1.2162
Grenada,GRD,2015,1.228
Grenada,GRD,2016,1.2405
Grenada,GRD,2017,1.2538
Grenada,GRD,2018,1.2669
Grenada,GRD,2019,1.2781
Grenada,GRD,2020,1.288
Grenada,GRD,2021,1.2965
Grenada,GRD,2022,1.3038
Grenada,GRD,2023,1.3111
Guadeloupe,GLP,1950,8.0229
Guadeloupe,GLP,1951,7.6988
Guadeloupe,GLP,1952,7.3817
Guadeloupe,GLP,1953,7.0753
Guadeloupe,GLP,1954,6.779
Guadeloupe,GLP,1955,6.4903
Guadeloupe,GLP,1956,6.2116
Guadeloupe,GLP,1957,5.9455
Guadeloupe,GLP,1958,5.6972
Guadeloupe,GLP,1959,5.4711
Guadeloupe,GLP,1960,5.2713
Guadeloupe,GLP,1961,5.1007
Guadeloupe,GLP,1962,4.9595
Guadeloupe,GLP,1963,4.8436
Guadeloupe,GLP,1964,4.7639
Guadeloupe,GLP,1965,4.6634
Guadeloupe,GLP,1966,4.6091
Guadeloupe,GLP,1967,4.4906
Guadeloupe,GLP,1968,4.3863
Guadeloupe,GLP,1969,4.2624
Guadeloupe,GLP,1970,4.1166
Guadeloupe,GLP,1971,3.9509
Guadeloupe,GLP,1972,3.7692
Guadeloupe,GLP,1973,3.5767
Guadeloupe,GLP,1974,3.3788
Guadeloupe,GLP,1975,3.1808
Guadeloupe,GLP,1976,2.9867
Guadeloupe,GLP,1977,2.7995
Guadeloupe,GLP,1978,2.6205
Guadeloupe,GLP,1979,2.4506
Guadeloupe,GLP,1980,2.2902
Guadeloupe,GLP,1981,2.1386
Guadeloupe,GLP,1982,1.9967
Guadeloupe,GLP,1983,1.8657
Guadeloupe,GLP,1984,1.7465
Guadeloupe,GLP,1985,1.6388
Guadeloupe,GLP,1986,1.543
Guadeloupe,GLP,1987,1.457
Guadeloupe,GLP,1988,1.3788
Guadeloupe,GLP,1989,1.3125
Guadeloupe,GLP,1990,1.2411
Guadeloupe,GLP,1991,1.1797
Guadeloupe,GLP,1992,1.123
Guadeloupe,GLP,1993,1.0708
Guadeloupe,GLP,1994,1.0233
Guadeloupe,GLP,1995,0.9807
Guadeloupe,GLP,1996,0.9431
Guadeloupe,GLP,1997,0.9108
Guadeloupe,GLP,1998,0.884
Guadeloupe,GLP,1999,0.8663
Guadeloupe,GLP,2000,0.8463
Guadeloupe,GLP,2001,0.8345
Guadeloupe,GLP,2002,0.8265
Guadeloupe,GLP,2003,0.8216
Guadeloupe,GLP,2004,0.8192
Guadeloupe,GLP,2005,0.8164
Guadeloupe,GLP,2006,0.8139
Guadeloupe,GLP,2007,0.8102
Guadeloupe,GLP,2008,0.8048
Guadeloupe,GLP,2009,0.7975
Guadeloupe,GLP,2010,0.7886
Guadeloupe,GLP,2011,0.7786
Guadeloupe,GLP,2012,0.7681
Guadeloupe,GLP,2013,0.758
Guadeloupe,GLP,2014,0.749
Guadeloupe,GLP,2015,0.7417
Guadeloupe,GLP,2016,0.7364
Guadeloupe,GLP,2017,0.7371
Guadeloupe,GLP,2018,0.7333
Guadeloupe,GLP,2019,0.7347
Guadeloupe,GLP,2020,0.7386
Guadeloupe,GLP,2021,0.7438
Guadeloupe,GLP,2022,0.755
Guadeloupe,GLP,2023,0.7557
Guam,GUM,1950,3.8812
Guam,GUM,1951,3.8103
Guam,GUM,1952,3.7406
Guam,GUM,1953,3.6691
Guam,GUM,1954,3.5956
Guam,GUM,1955,3.5203
Guam,GUM,1956,3.4444
Guam,GUM,1957,3.3704
Guam,GUM,1958,3.3012
Guam,GUM,1959,3.2383
Guam,GUM,1960,3.1794
Guam,GUM,1961,3.1206
Guam,GUM,1962,3.0938
Guam,GUM,1963,2.9943
Guam,GUM,1964,2.9221
Guam,GUM,1965,2.8447
Guam,GUM,1966,2.7641
Guam,GUM,1967,2.6826
Guam,GUM,1968,2.6019
Guam,GUM,1969,2.5225
Guam,GUM,1970,2.4431
Guam,GUM,1971,2.3622
Guam,GUM,1972,2.2773
Guam,GUM,1973,2.1869
Guam,GUM,1974,2.09
Guam,GUM,1975,1.9871
Guam,GUM,1976,1.9179
Guam,GUM,1977,1.7731
Guam,GUM,1978,1.6693
Guam,GUM,1979,1.5721
Guam,GUM,1980,1.4841
Guam,GUM,1981,1.4075
Guam,GUM,1982,1.342
Guam,GUM,1983,1.2874
Guam,GUM,1984,1.2426
Guam,GUM,1985,1.2063
Guam,GUM,1986,1.1774
Guam,GUM,1987,1.1541
Guam,GUM,1988,1.1352
Guam,GUM,1989,1.1195
Guam,GUM,1990,1.1061
Guam,GUM,1991,1.094
Guam,GUM,1992,1.0857
Guam,GUM,1993,1.0716
Guam,GUM,1994,1.0608
Guam,GUM,1995,1.0506
Guam,GUM,1996,1.0414
Guam,GUM,1997,1.0339
Guam,GUM,1998,1.0286
Guam,GUM,1999,1.0257
Guam,GUM,2000,1.0256
Guam,GUM,2001,1.0288
Guam,GUM,2002,1.0379
Guam,GUM,2003,1.0451
Guam,GUM,2004,1.0606
Guam,GUM,2005,0.9643
Guam,GUM,2006,0.9142
Guam,GUM,2007,0.9317
Guam,GUM,2008,0.9811
Guam,GUM,2009,1.0506
Guam,GUM,2010,1.11
Guam,GUM,2011,1.152
Guam,GUM,2012,1.164
Guam,GUM,2013,1.1587
Guam,GUM,2014,1.1322
Guam,GUM,2015,1.1277
Guam,GUM,2016,1.1262
Guam,GUM,2017,1.1391
Guam,GUM,2018,1.1391
Guam,GUM,2019,1.1391
Guam,GUM,2020,1.1391
Guam,GUM,2021,1.1391
Guam,GUM,2022,1.139
Guam,GUM,2023,1.1434
Guatemala,GTM,1950,16.1308
Guatemala,GTM,1951,15.9935
Guatemala,GTM,1952,15.8572
Guatemala,GTM,1953,15.7144
Guatemala,GTM,1954,15.5598
Guatemala,GTM,1955,15.3886
Guatemala,GTM,1956,15.1978
Guatemala,GTM,1957,14.9885
Guatemala,GTM,1958,14.7598
Guatemala,GTM,1959,14.5178
Guatemala,GTM,1960,14.2679
Guatemala,GTM,1961,14.0138
Guatemala,GTM,1962,13.7586
Guatemala,GTM,1963,13.5049
Guatemala,GTM,1964,13.251
Guatemala,GTM,1965,12.9957
Guatemala,GTM,1966,12.7719
Guatemala,GTM,1967,12.5071
Guatemala,GTM,1968,12.213
Guatemala,GTM,1969,11.957
Guatemala,GTM,1970,11.6663
Guatemala,GTM,1971,11.3882
Guatemala,GTM,1972,11.1068
Guatemala,GTM,1973,10.8242
Guatemala,GTM,1974,10.5393
Guatemala,GTM,1975,10.2588
Guatemala,GTM,1976,10.7987
Guatemala,GTM,1977,9.6913
Guatemala,GTM,1978,9.4042
Guatemala,GTM,1979,9.1359
Guatemala,GTM,1980,8.8748
Guatemala,GTM,1981,8.5575
Guatemala,GTM,1982,9.136
Guatemala,GTM,1983,7.9989
Guatemala,GTM,1984,7.7191
Guatemala,GTM,1985,7.4391
Guatemala,GTM,1986,7.1643
Guatemala,GTM,1987,6.9056
Guatemala,GTM,1988,6.6343
Guatemala,GTM,1989,6.3787
Guatemala,GTM,1990,6.1484
Guatemala,GTM,1991,5.8887
Guatemala,GTM,1992,5.6587
Guatemala,GTM,1993,5.4375
Guatemala,GTM,1994,5.2184
Guatemala,GTM,1995,5.0149
Guatemala,GTM,1996,4.8162
Guatemala,GTM,1997,4.6302
Guatemala,GTM,1998,4.4687
Guatemala,GTM,1999,4.2867
Guatemala,GTM,2000,4.128
Guatemala,GTM,2001,3.9744
Guatemala,GTM,2002,3.8251
Guatemala,GTM,2003,3.6822
Guatemala,GTM,2004,3.5453
Guatemala,GTM,2005,3.4593
Guatemala,GTM,2006,3.2861
Guatemala,GTM,2007,3.1634
Guatemala,GTM,2008,3.0463
Guatemala,GTM,2009,2.9264
Guatemala,GTM,2010,2.8182
Guatemala,GTM,2011,2.7087
Guatemala,GTM,2012,2.5998
Guatemala,GTM,2013,2.4997
Guatemala,GTM,2014,2.4056
Guatemala,GTM,2015,2.3231
Guatemala,GTM,2016,2.2334
Guatemala,GTM,2017,2.1554
Guatemala,GTM,2018,2.0881
Guatemala,GTM,2019,2.0116
Guatemala,GTM,2020,1.9454
Guatemala,GTM,2021,1.8827
Guatemala,GTM,2022,1.8226
Guatemala,GTM,2023,1.7643
Guernsey,GGY,1950,2.6111
Guernsey,GGY,1951,2.4542
Guernsey,GGY,1952,2.0983
Guernsey,GGY,1953,2.6272
Guernsey,GGY,1954,2.0394
Guernsey,GGY,1955,2.455
Guernsey,GGY,1956,1.4348
Guernsey,GGY,1957,2.2786
Guernsey,GGY,1958,1.9166
Guernsey,GGY,1959,1.9315
Guernsey,GGY,1960,1.5083
Guernsey,GGY,1961,2.1235
Guernsey,GGY,1962,1.9684
Guernsey,GGY,1963,2.1205
Guernsey,GGY,1964,2.0415
Guernsey,GGY,1965,2.2643
Guernsey,GGY,1966,1.8317
Guernsey,GGY,1967,1.957
Guernsey,GGY,1968,2.2963
Guernsey,GGY,1969,2.2605
Guernsey,GGY,1970,2.1859
Guernsey,GGY,1971,2.1053
Guernsey,GGY,1972,2.1
Guernsey,GGY,1973,1.8069
Guernsey,GGY,1974,2.037
Guernsey,GGY,1975,1.986
Guernsey,GGY,1976,1.9469
Guernsey,GGY,1977,1.8309
Guernsey,GGY,1978,1.7082
Guernsey,GGY,1979,1.747
Guernsey,GGY,1980,1.4602
Guernsey,GGY,1981,1.7271
Guernsey,GGY,1982,2.1902
Guernsey,GGY,1983,1.3633
Guernsey,GGY,1984,1.3618
Guernsey,GGY,1985,1.438
Guernsey,GGY,1986,1.3699
Guernsey,GGY,1987,1.3252
Guernsey,GGY,1988,1.315
Guernsey,GGY,1989,1.1457
Guernsey,GGY,1990,1.2475
Guernsey,GGY,1991,1.3101
Guernsey,GGY,1992,1.1211
Guernsey,GGY,1993,1.2648
Guernsey,GGY,1994,1.1944
Guernsey,GGY,1995,1.0693
Guernsey,GGY,1996,1.0567
Guernsey,GGY,1997,0.9956
Guernsey,GGY,1998,0.9459
Guernsey,GGY,1999,0.8251
Guernsey,GGY,2000,0.9127
Guernsey,GGY,2001,0.9008
Guernsey,GGY,2002,0.8863
Guernsey,GGY,2003,0.8767
Guernsey,GGY,2004,0.8076
Guernsey,GGY,2005,0.7812
Guernsey,GGY,2006,0.7451
Guernsey,GGY,2007,0.7318
Guernsey,GGY,2008,0.7111
Guernsey,GGY,2009,0.6833
Guernsey,GGY,2010,0.6525
Guernsey,GGY,2011,0.6288
Guernsey,GGY,2012,0.6485
Guernsey,GGY,2013,0.6142
Guernsey,GGY,2014,0.6019
Guernsey,GGY,2015,0.619
Guernsey,GGY,2016,0.6312
Guernsey,GGY,2017,0.6466
Guernsey,GGY,2018,0.6157
Guernsey,GGY,2019,0.581
Guernsey,GGY,2020,0.5612
Guernsey,GGY,2021,0.6575
Guernsey,GGY,2022,0.5903
Guernsey,GGY,2023,0.5793
Guinea,GIN,1950,17.696
Guinea,GIN,1951,17.6789
Guinea,GIN,1952,17.6621
Guinea,GIN,1953,17.6432
Guinea,GIN,1954,17.621
Guinea,GIN,1955,17.594
Guinea,GIN,1956,17.5614
Guinea,GIN,1957,17.523
Guinea,GIN,1958,17.4787
Guinea,GIN,1959,17.4287
Guinea,GIN,1960,17.3733
Guinea,GIN,1961,17.3129
Guinea,GIN,1962,17.2478
Guinea,GIN,1963,17.1782
Guinea,GIN,1964,17.1043
Guinea,GIN,1965,17.0264
Guinea,GIN,1966,16.9445
Guinea,GIN,1967,16.859
Guinea,GIN,1968,16.7701
Guinea,GIN,1969,16.6777
Guinea,GIN,1970,16.5845
Guinea,GIN,1971,16.4809
Guinea,GIN,1972,16.3753
Guinea,GIN,1973,16.2636
Guinea,GIN,1974,16.1451
Guinea,GIN,1975,16.0191
Guinea,GIN,1976,15.8851
Guinea,GIN,1977,15.7435
Guinea,GIN,1978,15.5946
Guinea,GIN,1979,15.4397
Guinea,GIN,1980,15.2798
Guinea,GIN,1981,15.1162
Guinea,GIN,1982,14.9498
Guinea,GIN,1983,14.7982
Guinea,GIN,1984,14.6099
Guinea,GIN,1985,14.4352
Guinea,GIN,1986,14.2578
Guinea,GIN,1987,14.0697
Guinea,GIN,1988,13.8731
Guinea,GIN,1989,13.6654
Guinea,GIN,1990,13.4438
Guinea,GIN,1991,13.2067
Guinea,GIN,1992,12.9532
Guinea,GIN,1993,12.6836
Guinea,GIN,1994,12.4201
Guinea,GIN,1995,12.1189
Guinea,GIN,1996,11.7953
Guinea,GIN,1997,11.4791
Guinea,GIN,1998,11.1627
Guinea,GIN,1999,10.8419
Guinea,GIN,2000,10.5311
Guinea,GIN,2001,10.2299
Guinea,GIN,2002,9.9288
Guinea,GIN,2003,9.6426
Guinea,GIN,2004,9.3797
Guinea,GIN,2005,9.1375
Guinea,GIN,2006,8.9227
Guinea,GIN,2007,8.7301
Guinea,GIN,2008,8.5445
Guinea,GIN,2009,8.3887
Guinea,GIN,2010,8.2415
Guinea,GIN,2011,8.1077
Guinea,GIN,2012,7.9861
Guinea,GIN,2013,7.8643
Guinea,GIN,2014,7.773
Guinea,GIN,2015,7.6563
Guinea,GIN,2016,7.5038
Guinea,GIN,2017,7.3787
Guinea,GIN,2018,7.2482
Guinea,GIN,2019,7.1122
Guinea,GIN,2020,6.9741
Guinea,GIN,2021,6.8295
Guinea,GIN,2022,6.6851
Guinea,GIN,2023,6.5441
Guinea-Bissau,GNB,1950,16.3651
Guinea-Bissau,GNB,1951,16.3096
Guinea-Bissau,GNB,1952,16.254
Guinea-Bissau,GNB,1953,16.1986
Guinea-Bissau,GNB,1954,16.1431
Guinea-Bissau,GNB,1955,16.0872
Guinea-Bissau,GNB,1956,16.0305
Guinea-Bissau,GNB,1957,15.9721
Guinea-Bissau,GNB,1958,15.9114
Guinea-Bissau,GNB,1959,15.8472
Guinea-Bissau,GNB,1960,15.7788
Guinea-Bissau,GNB,1961,15.7054
Guinea-Bissau,GNB,1962,15.6265
Guinea-Bissau,GNB,1963,15.5421
Guinea-Bissau,GNB,1964,15.4528
Guinea-Bissau,GNB,1965,15.3589
Guinea-Bissau,GNB,1966,15.2623
Guinea-Bissau,GNB,1967,15.1639
Guinea-Bissau,GNB,1968,15.0644
Guinea-Bissau,GNB,1969,14.9639
Guinea-Bissau,GNB,1970,14.8622
Guinea-Bissau,GNB,1971,14.7595
Guinea-Bissau,GNB,1972,14.6543
Guinea-Bissau,GNB,1973,14.5468
Guinea-Bissau,GNB,1974,14.436
Guinea-Bissau,GNB,1975,14.3235
Guinea-Bissau,GNB,1976,14.2058
Guinea-Bissau,GNB,1977,14.0859
Guinea-Bissau,GNB,1978,13.9654
Guinea-Bissau,GNB,1979,13.8451
Guinea-Bissau,GNB,1980,13.7241
Guinea-Bissau,GNB,1981,13.6063
Guinea-Bissau,GNB,1982,13.4896
Guinea-Bissau,GNB,1983,13.3723
Guinea-Bissau,GNB,1984,13.2527
Guinea-Bissau,GNB,1985,13.1285
Guinea-Bissau,GNB,1986,13.0049
Guinea-Bissau,GNB,1987,12.8638
Guinea-Bissau,GNB,1988,12.6934
Guinea-Bissau,GNB,1989,12.5316
Guinea-Bissau,GNB,1990,12.3615
Guinea-Bissau,GNB,1991,12.1875
Guinea-Bissau,GNB,1992,12.0097
Guinea-Bissau,GNB,1993,11.8248
Guinea-Bissau,GNB,1994,11.6952
Guinea-Bissau,GNB,1995,11.4374
Guinea-Bissau,GNB,1996,11.2512
Guinea-Bissau,GNB,1997,11.2086
Guinea-Bissau,GNB,1998,10.8083
Guinea-Bissau,GNB,1999,10.6642
Guinea-Bissau,GNB,2000,10.35
Guinea-Bissau,GNB,2001,10.1055
Guinea-Bissau,GNB,2002,9.8505
Guinea-Bissau,GNB,2003,9.5811
Guinea-Bissau,GNB,2004,9.3023
Guinea-Bissau,GNB,2005,9.081
Guinea-Bissau,GNB,2006,8.714
Guinea-Bissau,GNB,2007,8.4058
Guinea-Bissau,GNB,2008,8.1351
Guinea-Bissau,GNB,2009,7.7927
Guinea-Bissau,GNB,2010,7.4912
Guinea-Bissau,GNB,2011,7.2026
Guinea-Bissau,GNB,2012,6.9415
Guinea-Bissau,GNB,2013,6.6963
Guinea-Bissau,GNB,2014,6.4675
Guinea-Bissau,GNB,2015,6.2527
Guinea-Bissau,GNB,2016,6.0551
Guinea-Bissau,GNB,2017,5.8693
Guinea-Bissau,GNB,2018,5.6928
Guinea-Bissau,GNB,2019,5.5223
Guinea-Bissau,GNB,2020,5.3584
Guinea-Bissau,GNB,2021,5.1993
Guinea-Bissau,GNB,2022,5.0441
Guinea-Bissau,GNB,2023,4.893
Guyana,GUY,1950,11.0021
Guyana,GUY,1951,10.5684
Guyana,GUY,1952,10.1407
Guyana,GUY,1953,9.7201
Guyana,GUY,1954,9.3059
Guyana,GUY,1955,8.8998
Guyana,GUY,1956,8.5056
Guyana,GUY,1957,8.1288
Guyana,GUY,1958,7.773
Guyana,GUY,1959,7.4401
Guyana,GUY,1960,7.1414
Guyana,GUY,1961,6.8798
Guyana,GUY,1962,6.6534
Guyana,GUY,1963,6.4602
Guyana,GUY,1964,6.2984
Guyana,GUY,1965,6.166
Guyana,GUY,1966,6.0597
Guyana,GUY,1967,5.9763
Guyana,GUY,1968,5.9127
Guyana,GUY,1969,5.8652
Guyana,GUY,1970,5.8304
Guyana,GUY,1971,5.8041
Guyana,GUY,1972,5.7829
Guyana,GUY,1973,5.7634
Guyana,GUY,1974,5.7429
Guyana,GUY,1975,5.7194
Guyana,GUY,1976,5.6919
Guyana,GUY,1977,5.6604
Guyana,GUY,1978,5.6248
Guyana,GUY,1979,5.5854
Guyana,GUY,1980,5.5422
Guyana,GUY,1981,5.496
Guyana,GUY,1982,5.4466
Guyana,GUY,1983,5.3926
Guyana,GUY,1984,5.3336
Guyana,GUY,1985,5.2685
Guyana,GUY,1986,5.1957
Guyana,GUY,1987,5.1148
Guyana,GUY,1988,5.0251
Guyana,GUY,1989,4.9271
Guyana,GUY,1990,4.8223
Guyana,GUY,1991,4.7123
Guyana,GUY,1992,4.6026
Guyana,GUY,1993,4.4879
Guyana,GUY,1994,4.3759
Guyana,GUY,1995,4.2674
Guyana,GUY,1996,4.1619
Guyana,GUY,1997,4.0601
Guyana,GUY,1998,3.9615
Guyana,GUY,1999,3.8663
Guyana,GUY,2000,3.7746
Guyana,GUY,2001,3.6866
Guyana,GUY,2002,3.6022
Guyana,GUY,2003,3.5221
Guyana,GUY,2004,3.4461
Guyana,GUY,2005,3.4225
Guyana,GUY,2006,3.3067
Guyana,GUY,2007,3.2423
Guyana,GUY,2008,3.19
Guyana,GUY,2009,3.1188
Guyana,GUY,2010,3.0578
Guyana,GUY,2011,2.9954
Guyana,GUY,2012,2.9304
Guyana,GUY,2013,2.8624
Guyana,GUY,2014,2.7915
Guyana,GUY,2015,2.7174
Guyana,GUY,2016,2.6418
Guyana,GUY,2017,2.5661
Guyana,GUY,2018,2.4908
Guyana,GUY,2019,2.4163
Guyana,GUY,2020,2.3432
Guyana,GUY,2021,2.2717
Guyana,GUY,2022,2.2018
Guyana,GUY,2023,2.1338
Haiti,HTI,1950,20.1951
Haiti,HTI,1951,19.8417
Haiti,HTI,1952,19.4826
Haiti,HTI,1953,19.1266
Haiti,HTI,1954,18.8337
Haiti,HTI,1955,18.4612
Haiti,HTI,1956,18.1641
Haiti,HTI,1957,17.9009
Haiti,HTI,1958,17.6664
Haiti,HTI,1959,17.4636
Haiti,HTI,1960,17.2561
Haiti,HTI,1961,17.0674
Haiti,HTI,1962,16.8822
Haiti,HTI,1963,17.1471
Haiti,HTI,1964,16.5003
Haiti,HTI,1965,16.2948
Haiti,HTI,1966,16.1253
Haiti,HTI,1967,15.8822
Haiti,HTI,1968,15.6667
Haiti,HTI,1969,15.4447
Haiti,HTI,1970,15.2156
Haiti,HTI,1971,14.9791
Haiti,HTI,1972,14.7478
Haiti,HTI,1973,14.4842
Haiti,HTI,1974,14.2276
Haiti,HTI,1975,13.9665
Haiti,HTI,1976,13.703
Haiti,HTI,1977,13.4387
Haiti,HTI,1978,13.1741
Haiti,HTI,1979,12.9111
Haiti,HTI,1980,12.6612
Haiti,HTI,1981,12.3881
Haiti,HTI,1982,12.1293
Haiti,HTI,1983,11.8727
Haiti,HTI,1984,11.6186
Haiti,HTI,1985,11.3677
Haiti,HTI,1986,11.1386
Haiti,HTI,1987,10.8781
Haiti,HTI,1988,10.6387
Haiti,HTI,1989,10.3935
Haiti,HTI,1990,10.1525
Haiti,HTI,1991,9.9078
Haiti,HTI,1992,9.6543
Haiti,HTI,1993,9.4013
Haiti,HTI,1994,9.196
Haiti,HTI,1995,8.8851
Haiti,HTI,1996,8.633
Haiti,HTI,1997,8.3734
Haiti,HTI,1998,8.1328
Haiti,HTI,1999,7.8855
Haiti,HTI,2000,7.656
Haiti,HTI,2001,7.4405
Haiti,HTI,2002,7.2382
Haiti,HTI,2003,7.0556
Haiti,HTI,2004,7.2816
Haiti,HTI,2005,6.7162
Haiti,HTI,2006,6.5602
Haiti,HTI,2007,6.4263
Haiti,HTI,2008,6.3064
Haiti,HTI,2009,6.1481
Haiti,HTI,2010,8.2478
Haiti,HTI,2011,5.9657
Haiti,HTI,2012,5.7885
Haiti,HTI,2013,5.6442
Haiti,HTI,2014,5.5069
Haiti,HTI,2015,5.3755
Haiti,HTI,2016,5.2699
Haiti,HTI,2017,5.1028
Haiti,HTI,2018,4.9651
Haiti,HTI,2019,4.8305
Haiti,HTI,2020,4.6959
Haiti,HTI,2021,4.6242
Haiti,HTI,2022,4.4581
Haiti,HTI,2023,4.3374
High-income countries,OWID_HIC,1950,6.1748
High-income countries,OWID_HIC,1951,5.9276
High-income countries,OWID_HIC,1952,5.6231
High-income countries,OWID_HIC,1953,5.3201
High-income countries,OWID_HIC,1954,5.0207
High-income countries,OWID_HIC,1955,4.7965
High-income countries,OWID_HIC,1956,4.6207
High-income countries,OWID_HIC,1957,4.5038
High-income countries,OWID_HIC,1958,4.3034
High-income countries,OWID_HIC,1959,4.1254
High-income countries,OWID_HIC,1960,3.9326
High-income countries,OWID_HIC,1961,3.7647
High-income countries,OWID_HIC,1962,3.6228
High-income countries,OWID_HIC,1963,3.4701
High-income countries,OWID_HIC,1964,3.3031
High-income countries,OWID_HIC,1965,3.145
High-income countries,OWID_HIC,1966,3.0538
High-income countries,OWID_HIC,1967,2.9197
High-income countries,OWID_HIC,1968,2.8555
High-income countries,OWID_HIC,1969,2.7443
High-income countries,OWID_HIC,1970,2.6345
High-income countries,OWID_HIC,1971,2.4748
High-income countries,OWID_HIC,1972,2.3345
High-income countries,OWID_HIC,1973,2.2554
High-income countries,OWID_HIC,1974,2.1768
High-income countries,OWID_HIC,1975,2.0652
High-income countries,OWID_HIC,1976,1.9574
High-income countries,OWID_HIC,1977,1.8518
High-income countries,OWID_HIC,1978,1.7663
High-income countries,OWID_HIC,1979,1.6877
High-income countries,OWID_HIC,1980,1.609
High-income countries,OWID_HIC,1981,1.5291
High-income countries,OWID_HIC,1982,1.4611
High-income countries,OWID_HIC,1983,1.3837
High-income countries,OWID_HIC,1984,1.3299
High-income countries,OWID_HIC,1985,1.2855
High-income countries,OWID_HIC,1986,1.2327
High-income countries,OWID_HIC,1987,1.2031
High-income countries,OWID_HIC,1988,1.1493
High-income countries,OWID_HIC,1989,1.1167
High-income countries,OWID_HIC,1990,1.055
High-income countries,OWID_HIC,1991,0.9993
High-income countries,OWID_HIC,1992,0.9511
High-income countries,OWID_HIC,1993,0.9037
High-income countries,OWID_HIC,1994,0.8639
High-income countries,OWID_HIC,1995,0.8114
High-income countries,OWID_HIC,1996,0.7757
High-income countries,OWID_HIC,1997,0.7444
High-income countries,OWID_HIC,1998,0.7233
High-income countries,OWID_HIC,1999,0.6934
High-income countries,OWID_HIC,2000,0.6733
High-income countries,OWID_HIC,2001,0.6459
High-income countries,OWID_HIC,2002,0.633
High-income countries,OWID_HIC,2003,0.6185
High-income countries,OWID_HIC,2004,0.6041
High-income countries,OWID_HIC,2005,0.5933
High-income countries,OWID_HIC,2006,0.5795
High-income countries,OWID_HIC,2007,0.5665
High-income countries,OWID_HIC,2008,0.5475
High-income countries,OWID_HIC,2009,0.5301
High-income countries,OWID_HIC,2010,0.5058
High-income countries,OWID_HIC,2011,0.4911
High-income countries,OWID_HIC,2012,0.4831
High-income countries,OWID_HIC,2013,0.4739
High-income countries,OWID_HIC,2014,0.4659
High-income countries,OWID_HIC,2015,0.4593
High-income countries,OWID_HIC,2016,0.4549
High-income countries,OWID_HIC,2017,0.4472
High-income countries,OWID_HIC,2018,0.4375
High-income countries,OWID_HIC,2019,0.4321
High-income countries,OWID_HIC,2020,0.4104
High-income countries,OWID_HIC,2021,0.4183
High-income countries,OWID_HIC,2022,0.4181
High-income countries,OWID_HIC,2023,0.4041
Honduras,HND,1950,16.9884
Honduras,HND,1951,16.7376
Honduras,HND,1952,16.4865
Honduras,HND,1953,16.2252
Honduras,HND,1954,15.9464
Honduras,HND,1955,15.6456
Honduras,HND,1956,15.3208
Honduras,HND,1957,14.9749
Honduras,HND,1958,14.612
Honduras,HND,1959,14.2383
Honduras,HND,1960,13.8597
Honduras,HND,1961,13.5197
Honduras,HND,1962,13.1025
Honduras,HND,1963,12.7247
Honduras,HND,1964,12.3486
Honduras,HND,1965,11.9751
Honduras,HND,1966,11.6016
Honduras,HND,1967,11.2392
Honduras,HND,1968,10.8864
Honduras,HND,1969,10.5418
Honduras,HND,1970,10.2049
Honduras,HND,1971,9.8754
Honduras,HND,1972,9.5488
Honduras,HND,1973,9.4354
Honduras,HND,1974,9.7337
Honduras,HND,1975,8.5901
Honduras,HND,1976,8.2835
Honduras,HND,1977,7.9712
Honduras,HND,1978,7.6644
Honduras,HND,1979,7.3607
Honduras,HND,1980,7.0626
Honduras,HND,1981,6.7713
Honduras,HND,1982,6.4986
Honduras,HND,1983,6.2131
Honduras,HND,1984,5.9486
Honduras,HND,1985,5.6915
Honduras,HND,1986,5.4438
Honduras,HND,1987,5.2073
Honduras,HND,1988,4.9859
Honduras,HND,1989,4.7692
Honduras,HND,1990,4.5673
Honduras,HND,1991,4.375
Honduras,HND,1992,4.1949
Honduras,HND,1993,4.0987
Honduras,HND,1994,3.8918
Honduras,HND,1995,3.7149
Honduras,HND,1996,3.5628
Honduras,HND,1997,3.4198
Honduras,HND,1998,4.1488
Honduras,HND,1999,3.157
Honduras,HND,2000,3.0237
Honduras,HND,2001,2.901
Honduras,HND,2002,2.7833
Honduras,HND,2003,2.6713
Honduras,HND,2004,2.5616
Honduras,HND,2005,2.4629
Honduras,HND,2006,2.3644
Honduras,HND,2007,2.2755
Honduras,HND,2008,2.2006
Honduras,HND,2009,2.1121
Honduras,HND,2010,2.0579
Honduras,HND,2011,1.9704
Honduras,HND,2012,1.8979
Honduras,HND,2013,1.8323
Honduras,HND,2014,1.7691
Honduras,HND,2015,1.7067
Honduras,HND,2016,1.6487
Honduras,HND,2017,1.5932
Honduras,HND,2018,1.5373
Honduras,HND,2019,1.488
Honduras,HND,2020,1.4403
Honduras,HND,2021,1.3866
Honduras,HND,2022,1.3403
Honduras,HND,2023,1.2954
Hong Kong,HKG,1950,8.1703
Hong Kong,HKG,1951,7.7269
Hong Kong,HKG,1952,7.297
Hong Kong,HKG,1953,6.8819
Hong Kong,HKG,1954,6.4816
Hong Kong,HKG,1955,6.0955
Hong Kong,HKG,1956,5.7209
Hong Kong,HKG,1957,5.3591
Hong Kong,HKG,1958,5.0068
Hong Kong,HKG,1959,4.6741
Hong Kong,HKG,1960,4.3556
Hong Kong,HKG,1961,4.0408
Hong Kong,HKG,1962,3.7733
Hong Kong,HKG,1963,3.4867
Hong Kong,HKG,1964,3.2482
Hong Kong,HKG,1965,3.0196
Hong Kong,HKG,1966,2.8359
Hong Kong,HKG,1967,2.6217
Hong Kong,HKG,1968,2.4453
Hong Kong,HKG,1969,2.2831
Hong Kong,HKG,1970,2.1339
Hong Kong,HKG,1971,2.0094
Hong Kong,HKG,1972,1.9179
Hong Kong,HKG,1973,1.7617
Hong Kong,HKG,1974,1.6595
Hong Kong,HKG,1975,1.5659
Hong Kong,HKG,1976,1.48
Hong Kong,HKG,1977,1.3915
Hong Kong,HKG,1978,1.3099
Hong Kong,HKG,1979,1.2291
Hong Kong,HKG,1980,1.1489
Hong Kong,HKG,1981,1.0719
Hong Kong,HKG,1982,1.0008
Hong Kong,HKG,1983,0.9332
Hong Kong,HKG,1984,0.8695
Hong Kong,HKG,1985,0.8143
Hong Kong,HKG,1986,0.7641
Hong Kong,HKG,1987,0.7172
Hong Kong,HKG,1988,0.6733
Hong Kong,HKG,1989,0.6321
Hong Kong,HKG,1990,0.5898
Hong Kong,HKG,1991,0.5523
Hong Kong,HKG,1992,0.515
Hong Kong,HKG,1993,0.4805
Hong Kong,HKG,1994,0.4492
Hong Kong,HKG,1995,0.4207
Hong Kong,HKG,1996,0.395
Hong Kong,HKG,1997,0.3852
Hong Kong,HKG,1998,0.3508
Hong Kong,HKG,1999,0.3331
Hong Kong,HKG,2000,0.3183
Hong Kong,HKG,2001,0.3067
Hong Kong,HKG,2002,0.2979
Hong Kong,HKG,2003,0.3023
Hong Kong,HKG,2004,0.2863
Hong Kong,HKG,2005,0.2816
Hong Kong,HKG,2006,0.2767
Hong Kong,HKG,2007,0.2708
Hong Kong,HKG,2008,0.2637
Hong Kong,HKG,2009,0.2551
Hong Kong,HKG,2010,0.2454
Hong Kong,HKG,2011,0.2347
Hong Kong,HKG,2012,0.2234
Hong Kong,HKG,2013,0.212
Hong Kong,HKG,2014,0.201
Hong Kong,HKG,2015,0.191
Hong Kong,HKG,2016,0.1816
Hong Kong,HKG,2017,0.1731
Hong Kong,HKG,2018,0.1653
Hong Kong,HKG,2019,0.1582
Hong Kong,HKG,2020,0.1517
Hong Kong,HKG,2021,0.1458
Hong Kong,HKG,2022,0.1402
Hong Kong,HKG,2023,0.1347
Hungary,HUN,1950,8.4931
Hungary,HUN,1951,8.1925
Hungary,HUN,1952,6.9933
Hungary,HUN,1953,7.3517
Hungary,HUN,1954,6.2503
Hungary,HUN,1955,5.7393
Hungary,HUN,1956,5.6591
Hungary,HUN,1957,5.8808
Hungary,HUN,1958,5.5566
Hungary,HUN,1959,5.0637
Hungary,HUN,1960,4.6617
Hungary,HUN,1961,4.3001
Hungary,HUN,1962,4.5939
Hungary,HUN,1963,4.3353
Hungary,HUN,1964,3.9789
Hungary,HUN,1965,3.8877
Hungary,HUN,1966,3.9112
Hungary,HUN,1967,3.8451
Hungary,HUN,1968,3.5767
Hungary,HUN,1969,3.5627
Hungary,HUN,1970,3.5354
Hungary,HUN,1971,3.5239
Hungary,HUN,1972,3.3639
Hungary,HUN,1973,3.3987
Hungary,HUN,1974,3.7751
Hungary,HUN,1975,3.2647
Hungary,HUN,1976,2.9183
Hungary,HUN,1977,2.5593
Hungary,HUN,1978,2.3601
Hungary,HUN,1979,2.3234
Hungary,HUN,1980,2.2011
Hungary,HUN,1981,2.0313
Hungary,HUN,1982,1.943
Hungary,HUN,1983,1.8607
Hungary,HUN,1984,2.0249
Hungary,HUN,1985,2.0802
Hungary,HUN,1986,1.8778
Hungary,HUN,1987,1.7194
Hungary,HUN,1988,1.5692
Hungary,HUN,1989,1.5656
Hungary,HUN,1990,1.504
Hungary,HUN,1991,1.5598
Hungary,HUN,1992,1.3772
Hungary,HUN,1993,1.227
Hungary,HUN,1994,1.138
Hungary,HUN,1995,1.0652
Hungary,HUN,1996,1.0433
Hungary,HUN,1997,0.9624
Hungary,HUN,1998,0.9559
Hungary,HUN,1999,0.8367
Hungary,HUN,2000,0.9367
Hungary,HUN,2001,0.8081
Hungary,HUN,2002,0.7277
Hungary,HUN,2003,0.7265
Hungary,HUN,2004,0.6734
Hungary,HUN,2005,0.6305
Hungary,HUN,2006,0.5836
Hungary,HUN,2007,0.5887
Hungary,HUN,2008,0.5678
Hungary,HUN,2009,0.5112
Hungary,HUN,2010,0.5183
Hungary,HUN,2011,0.4951
Hungary,HUN,2012,0.4911
Hungary,HUN,2013,0.5095
Hungary,HUN,2014,0.4608
Hungary,HUN,2015,0.411
Hungary,HUN,2016,0.396
Hungary,HUN,2017,0.348
Hungary,HUN,2018,0.3243
Hungary,HUN,2019,0.3625
Hungary,HUN,2020,0.3398
Hungary,HUN,2021,0.3282
Hungary,HUN,2022,0.3352
Hungary,HUN,2023,0.319
Iceland,ISL,1950,2.2274
Iceland,ISL,1951,2.642
Iceland,ISL,1952,2.1011
Iceland,ISL,1953,1.9356
Iceland,ISL,1954,1.8189
Iceland,ISL,1955,2.262
Iceland,ISL,1956,1.7707
Iceland,ISL,1957,1.7015
Iceland,ISL,1958,1.8479
Iceland,ISL,1959,1.6713
Iceland,ISL,1960,1.3186
Iceland,ISL,1961,1.8378
Iceland,ISL,1962,1.7335
Iceland,ISL,1963,1.7192
Iceland,ISL,1964,1.7573
Iceland,ISL,1965,1.5071
Iceland,ISL,1966,1.3741
Iceland,ISL,1967,1.2971
Iceland,ISL,1968,1.3462
Iceland,ISL,1969,1.1595
Iceland,ISL,1970,1.293
Iceland,ISL,1971,1.3635
Iceland,ISL,1972,1.2029
Iceland,ISL,1973,0.9498
Iceland,ISL,1974,1.1512
Iceland,ISL,1975,1.2991
Iceland,ISL,1976,0.7739
Iceland,ISL,1977,0.9349
Iceland,ISL,1978,1.1812
Iceland,ISL,1979,0.5527
Iceland,ISL,1980,0.767
Iceland,ISL,1981,0.5915
Iceland,ISL,1982,0.7002
Iceland,ISL,1983,0.5731
Iceland,ISL,1984,0.5611
Iceland,ISL,1985,0.5543
Iceland,ISL,1986,0.3102
Iceland,ISL,1987,0.7499
Iceland,ISL,1988,0.6478
Iceland,ISL,1989,0.5432
Iceland,ISL,1990,0.5937
Iceland,ISL,1991,0.5327
Iceland,ISL,1992,0.4803
Iceland,ISL,1993,0.4687
Iceland,ISL,1994,0.309
Iceland,ISL,1995,0.6197
Iceland,ISL,1996,0.3708
Iceland,ISL,1997,0.5321
Iceland,ISL,1998,0.2619
Iceland,ISL,1999,0.2385
Iceland,ISL,2000,0.3067
Iceland,ISL,2001,0.2573
Iceland,ISL,2002,0.2167
Iceland,ISL,2003,0.244
Iceland,ISL,2004,0.2817
Iceland,ISL,2005,0.2355
Iceland,ISL,2006,0.1363
Iceland,ISL,2007,0.1997
Iceland,ISL,2008,0.2524
Iceland,ISL,2009,0.1826
Iceland,ISL,2010,0.2215
Iceland,ISL,2011,0.0839
Iceland,ISL,2012,0.1127
Iceland,ISL,2013,0.1771
Iceland,ISL,2014,0.2063
Iceland,ISL,2015,0.2104
Iceland,ISL,2016,0.0736
Iceland,ISL,2017,0.271
Iceland,ISL,2018,0.1683
Iceland,ISL,2019,0.1141
Iceland,ISL,2020,0.2853
Iceland,ISL,2021,0.3384
Iceland,ISL,2022,0.0998
Iceland,ISL,2023,0.0955
India,IND,1950,17.6371
India,IND,1951,17.3727
India,IND,1952,17.0944
India,IND,1953,16.8523
India,IND,1954,16.5317
India,IND,1955,16.286
India,IND,1956,16.0695
India,IND,1957,15.8853
India,IND,1958,15.7004
India,IND,1959,15.5089
India,IND,1960,15.3445
India,IND,1961,15.2117
India,IND,1962,15.0636
India,IND,1963,14.9214
India,IND,1964,14.7889
India,IND,1965,15.3335
India,IND,1966,15.1886
India,IND,1967,15.048
India,IND,1968,14.265
India,IND,1969,14.1151
India,IND,1970,13.9682
India,IND,1971,13.8159
India,IND,1972,13.6908
India,IND,1973,13.4988
India,IND,1974,13.2291
India,IND,1975,13.0017
India,IND,1976,12.7557
India,IND,1977,12.5032
India,IND,1978,12.2298
India,IND,1979,11.9453
India,IND,1980,11.6657
India,IND,1981,11.3834
India,IND,1982,11.1087
India,IND,1983,10.841
India,IND,1984,10.5814
India,IND,1985,10.3307
India,IND,1986,10.0846
India,IND,1987,9.8473
India,IND,1988,9.6145
India,IND,1989,9.3844
India,IND,1990,9.158
India,IND,1991,8.9358
India,IND,1992,8.7142
India,IND,1993,8.497
India,IND,1994,8.2746
India,IND,1995,8.052
India,IND,1996,7.8285
India,IND,1997,7.5985
India,IND,1998,7.3664
India,IND,1999,7.1305
India,IND,2000,6.8896
India,IND,2001,6.6535
India,IND,2002,6.4106
India,IND,2003,6.1745
India,IND,2004,5.944
India,IND,2005,5.7078
India,IND,2006,5.474
India,IND,2007,5.2428
India,IND,2008,5.0113
India,IND,2009,4.7817
India,IND,2010,4.5535
India,IND,2011,4.329
India,IND,2012,4.1089
India,IND,2013,3.9001
India,IND,2014,3.6885
India,IND,2015,3.4906
India,IND,2016,3.3015
India,IND,2017,3.1239
India,IND,2018,2.9562
India,IND,2019,2.8006
India,IND,2020,2.6539
India,IND,2021,2.5158
India,IND,2022,2.3862
India,IND,2023,2.2619
Indonesia,IDN,1950,18.0897
Indonesia,IDN,1951,17.7203
Indonesia,IDN,1952,17.3442
Indonesia,IDN,1953,16.9735
Indonesia,IDN,1954,16.6009
Indonesia,IDN,1955,16.2304
Indonesia,IDN,1956,15.8586
Indonesia,IDN,1957,15.5019
Indonesia,IDN,1958,15.1517
Indonesia,IDN,1959,14.8125
Indonesia,IDN,1960,14.4838
Indonesia,IDN,1961,14.1658
Indonesia,IDN,1962,13.8528
Indonesia,IDN,1963,13.5484
Indonesia,IDN,1964,13.2377
Indonesia,IDN,1965,14.0617
Indonesia,IDN,1966,12.7669
Indonesia,IDN,1967,12.3141
Indonesia,IDN,1968,12.0098
Indonesia,IDN,1969,11.6918
Indonesia,IDN,1970,11.3857
Indonesia,IDN,1971,11.0877
Indonesia,IDN,1972,10.7981
Indonesia,IDN,1973,10.5068
Indonesia,IDN,1974,10.2247
Indonesia,IDN,1975,9.9538
Indonesia,IDN,1976,9.6935
Indonesia,IDN,1977,9.4364
Indonesia,IDN,1978,9.1924
Indonesia,IDN,1979,8.9564
Indonesia,IDN,1980,8.7197
Indonesia,IDN,1981,8.491
Indonesia,IDN,1982,8.2599
Indonesia,IDN,1983,8.0256
Indonesia,IDN,1984,7.7929
Indonesia,IDN,1985,7.5526
Indonesia,IDN,1986,7.3132
Indonesia,IDN,1987,7.0695
Indonesia,IDN,1988,6.8227
Indonesia,IDN,1989,6.5727
Indonesia,IDN,1990,6.3232
Indonesia,IDN,1991,6.0736
Indonesia,IDN,1992,5.8298
Indonesia,IDN,1993,5.5851
Indonesia,IDN,1994,5.3502
Indonesia,IDN,1995,5.1229
Indonesia,IDN,1996,4.9048
Indonesia,IDN,1997,4.6987
Indonesia,IDN,1998,4.4971
Indonesia,IDN,1999,4.307
Indonesia,IDN,2000,4.1259
Indonesia,IDN,2001,3.9543
Indonesia,IDN,2002,3.7901
Indonesia,IDN,2003,3.6357
Indonesia,IDN,2004,3.6858
Indonesia,IDN,2005,3.3491
Indonesia,IDN,2006,3.2253
Indonesia,IDN,2007,3.0932
Indonesia,IDN,2008,2.9714
Indonesia,IDN,2009,2.8595
Indonesia,IDN,2010,2.752
Indonesia,IDN,2011,2.646
Indonesia,IDN,2012,2.5463
Indonesia,IDN,2013,2.4509
Indonesia,IDN,2014,2.3593
Indonesia,IDN,2015,2.2711
Indonesia,IDN,2016,2.1882
Indonesia,IDN,2017,2.109
Indonesia,IDN,2018,2.0396
Indonesia,IDN,2019,1.9648
Indonesia,IDN,2020,1.8973
Indonesia,IDN,2021,1.8332
Indonesia,IDN,2022,1.7718
Indonesia,IDN,2023,1.7117
Iran,IRN,1950,20.1888
Iran,IRN,1951,19.9402
Iran,IRN,1952,19.6765
Iran,IRN,1953,19.4543
Iran,IRN,1954,19.2204
Iran,IRN,1955,18.873
Iran,IRN,1956,18.626
Iran,IRN,1957,18.3529
Iran,IRN,1958,17.9976
Iran,IRN,1959,17.6905
Iran,IRN,1960,17.3846
Iran,IRN,1961,17.0659
Iran,IRN,1962,16.8504
Iran,IRN,1963,16.4194
Iran,IRN,1964,16.0849
Iran,IRN,1965,15.7417
Iran,IRN,1966,15.3792
Iran,IRN,1967,14.9911
Iran,IRN,1968,14.6616
Iran,IRN,1969,14.1378
Iran,IRN,1970,13.6714
Iran,IRN,1971,13.1769
Iran,IRN,1972,12.7073
Iran,IRN,1973,12.1519
Iran,IRN,1974,11.622
Iran,IRN,1975,11.08
Iran,IRN,1976,10.5265
Iran,IRN,1977,9.9762
Iran,IRN,1978,9.5907
Iran,IRN,1979,8.8373
Iran,IRN,1980,8.2906
Iran,IRN,1981,7.7852
Iran,IRN,1982,7.2762
Iran,IRN,1983,6.833
Iran,IRN,1984,6.4337
Iran,IRN,1985,6.0741
Iran,IRN,1986,5.7516
Iran,IRN,1987,5.4623
Iran,IRN,1988,5.1729
Iran,IRN,1989,4.9198
Iran,IRN,1990,4.8663
Iran,IRN,1991,4.4737
Iran,IRN,1992,4.2786
Iran,IRN,1993,4.1114
Iran,IRN,1994,3.9315
Iran,IRN,1995,3.7726
Iran,IRN,1996,3.6181
Iran,IRN,1997,3.4754
Iran,IRN,1998,3.3127
Iran,IRN,1999,3.1549
Iran,IRN,2000,2.9953
Iran,IRN,2001,2.8447
Iran,IRN,2002,2.6791
Iran,IRN,2003,2.6231
Iran,IRN,2004,2.3692
Iran,IRN,2005,2.2272
Iran,IRN,2006,2.0864
Iran,IRN,2007,1.9592
Iran,IRN,2008,1.8434
Iran,IRN,2009,1.7383
Iran,IRN,2010,1.6452
Iran,IRN,2011,1.5627
Iran,IRN,2012,1.4907
Iran,IRN,2013,1.4245
Iran,IRN,2014,1.3662
Iran,IRN,2015,1.3131
Iran,IRN,2016,1.2629
Iran,IRN,2017,1.219
Iran,IRN,2018,1.174
Iran,IRN,2019,1.1352
Iran,IRN,2020,1.0956
Iran,IRN,2021,1.0582
Iran,IRN,2022,1.0242
Iran,IRN,2023,0.9868
Iraq,IRQ,1950,20.6609
Iraq,IRQ,1951,19.8818
Iraq,IRQ,1952,19.0838
Iraq,IRQ,1953,18.284
Iraq,IRQ,1954,17.496
Iraq,IRQ,1955,16.7191
Iraq,IRQ,1956,15.9553
Iraq,IRQ,1957,15.221
Iraq,IRQ,1958,14.5306
Iraq,IRQ,1959,13.8473
Iraq,IRQ,1960,13.2
Iraq,IRQ,1961,12.5963
Iraq,IRQ,1962,12.019
Iraq,IRQ,1963,11.5009
Iraq,IRQ,1964,11.0549
Iraq,IRQ,1965,10.5242
Iraq,IRQ,1966,10.0779
Iraq,IRQ,1967,9.6449
Iraq,IRQ,1968,9.2718
Iraq,IRQ,1969,8.8706
Iraq,IRQ,1970,8.5027
Iraq,IRQ,1971,8.1417
Iraq,IRQ,1972,7.8167
Iraq,IRQ,1973,7.5108
Iraq,IRQ,1974,7.243
Iraq,IRQ,1975,6.957
Iraq,IRQ,1976,6.6484
Iraq,IRQ,1977,6.3937
Iraq,IRQ,1978,6.1549
Iraq,IRQ,1979,5.9262
Iraq,IRQ,1980,5.7181
Iraq,IRQ,1981,5.5221
Iraq,IRQ,1982,5.3398
Iraq,IRQ,1983,5.1756
Iraq,IRQ,1984,5.0238
Iraq,IRQ,1985,4.8829
Iraq,IRQ,1986,4.7544
Iraq,IRQ,1987,4.6365
Iraq,IRQ,1988,5.0131
Iraq,IRQ,1989,5.4069
Iraq,IRQ,1990,5.309
Iraq,IRQ,1991,4.7138
Iraq,IRQ,1992,4.1935
Iraq,IRQ,1993,4.1181
Iraq,IRQ,1994,4.0564
Iraq,IRQ,1995,3.9894
Iraq,IRQ,1996,3.9092
Iraq,IRQ,1997,3.862
Iraq,IRQ,1998,3.7641
Iraq,IRQ,1999,3.696
Iraq,IRQ,2000,3.6225
Iraq,IRQ,2001,3.5496
Iraq,IRQ,2002,3.4809
Iraq,IRQ,2003,3.4104
Iraq,IRQ,2004,3.3371
Iraq,IRQ,2005,3.2651
Iraq,IRQ,2006,3.1897
Iraq,IRQ,2007,3.1093
Iraq,IRQ,2008,3.0324
Iraq,IRQ,2009,2.9532
Iraq,IRQ,2010,2.8728
Iraq,IRQ,2011,2.786
Iraq,IRQ,2012,2.7041
Iraq,IRQ,2013,2.638
Iraq,IRQ,2014,2.5294
Iraq,IRQ,2015,2.4606
Iraq,IRQ,2016,2.3771
Iraq,IRQ,2017,2.2995
Iraq,IRQ,2018,2.2346
Iraq,IRQ,2019,2.173
Iraq,IRQ,2020,2.1027
Iraq,IRQ,2021,2.0364
Iraq,IRQ,2022,1.9692
Iraq,IRQ,2023,1.9019
Ireland,IRL,1950,4.4296
Ireland,IRL,1951,4.4435
Ireland,IRL,1952,4.1741
Ireland,IRL,1953,3.864
Ireland,IRL,1954,3.7638
Ireland,IRL,1955,3.6339
Ireland,IRL,1956,3.5164
Ireland,IRL,1957,3.3047
Ireland,IRL,1958,3.4605
Ireland,IRL,1959,3.1816
Ireland,IRL,1960,2.8657
Ireland,IRL,1961,2.9361
Ireland,IRL,1962,2.9077
Ireland,IRL,1963,2.6639
Ireland,IRL,1964,2.6591
Ireland,IRL,1965,2.4748
Ireland,IRL,1966,2.4243
Ireland,IRL,1967,2.3945
Ireland,IRL,1968,2.0751
Ireland,IRL,1969,2.0638
Ireland,IRL,1970,1.9447
Ireland,IRL,1971,1.8289
Ireland,IRL,1972,1.8121
Ireland,IRL,1973,1.7855
Ireland,IRL,1974,1.7715
Ireland,IRL,1975,1.718
Ireland,IRL,1976,1.5528
Ireland,IRL,1977,1.5592
Ireland,IRL,1978,1.484
Ireland,IRL,1979,1.2877
Ireland,IRL,1980,1.1145
Ireland,IRL,1981,1.0161
Ireland,IRL,1982,1.0403
Ireland,IRL,1983,0.9821
Ireland,IRL,1984,0.9486
Ireland,IRL,1985,0.8735
Ireland,IRL,1986,0.8876
Ireland,IRL,1987,0.7779
Ireland,IRL,1988,0.8544
Ireland,IRL,1989,0.7915
Ireland,IRL,1990,0.8245
Ireland,IRL,1991,0.7546
Ireland,IRL,1992,0.6334
Ireland,IRL,1993,0.604
Ireland,IRL,1994,0.5685
Ireland,IRL,1995,0.6333
Ireland,IRL,1996,0.6163
Ireland,IRL,1997,0.621
Ireland,IRL,1998,0.5981
Ireland,IRL,1999,0.5909
Ireland,IRL,2000,0.6221
Ireland,IRL,2001,0.6027
Ireland,IRL,2002,0.5357
Ireland,IRL,2003,0.5382
Ireland,IRL,2004,0.4676
Ireland,IRL,2005,0.3852
Ireland,IRL,2006,0.4055
Ireland,IRL,2007,0.3395
Ireland,IRL,2008,0.3908
Ireland,IRL,2009,0.3327
Ireland,IRL,2010,0.3663
Ireland,IRL,2011,0.3575
Ireland,IRL,2012,0.3311
Ireland,IRL,2013,0.358
Ireland,IRL,2014,0.3372
Ireland,IRL,2015,0.3507
Ireland,IRL,2016,0.307
Ireland,IRL,2017,0.2977
Ireland,IRL,2018,0.2812
Ireland,IRL,2019,0.3138
Ireland,IRL,2020,0.2841
Ireland,IRL,2021,0.331
Ireland,IRL,2022,0.2937
Ireland,IRL,2023,0.2864
Isle of Man,IMN,1950,5.5616
Isle of Man,IMN,1951,5.459
Isle of Man,IMN,1952,5.3598
Isle of Man,IMN,1953,5.1955
Isle of Man,IMN,1954,5.0713
Isle of Man,IMN,1955,4.9574
Isle of Man,IMN,1956,4.9067
Isle of Man,IMN,1957,4.9059
Isle of Man,IMN,1958,4.9339
Isle of Man,IMN,1959,4.9847
Isle of Man,IMN,1960,5.059
Isle of Man,IMN,1961,5.1106
Isle of Man,IMN,1962,5.1258
Isle of Man,IMN,1963,5.1068
Isle of Man,IMN,1964,5.0328
Isle of Man,IMN,1965,4.9435
Isle of Man,IMN,1966,4.851
Isle of Man,IMN,1967,4.758
Isle of Man,IMN,1968,4.7081
Isle of Man,IMN,1969,4.6732
Isle of Man,IMN,1970,4.6327
Isle of Man,IMN,1971,4.5872
Isle of Man,IMN,1972,4.5285
Isle of Man,IMN,1973,4.4426
Isle of Man,IMN,1974,4.3588
Isle of Man,IMN,1975,4.2583
Isle of Man,IMN,1976,4.1509
Isle of Man,IMN,1977,4.058
Isle of Man,IMN,1978,3.9575
Isle of Man,IMN,1979,3.8405
Isle of Man,IMN,1980,3.7311
Isle of Man,IMN,1981,3.6191
Isle of Man,IMN,1982,3.5224
Isle of Man,IMN,1983,3.4296
Isle of Man,IMN,1984,3.3405
Isle of Man,IMN,1985,3.2631
Isle of Man,IMN,1986,3.1659
Isle of Man,IMN,1987,3.0734
Isle of Man,IMN,1988,2.9732
Isle of Man,IMN,1989,2.8775
Isle of Man,IMN,1990,2.7711
Isle of Man,IMN,1991,2.6663
Isle of Man,IMN,1992,2.5656
Isle of Man,IMN,1993,2.4852
Isle of Man,IMN,1994,2.3932
Isle of Man,IMN,1995,2.3229
Isle of Man,IMN,1996,2.2545
Isle of Man,IMN,1997,2.1852
Isle of Man,IMN,1998,2.1082
Isle of Man,IMN,1999,2.0433
Isle of Man,IMN,2000,1.9574
Isle of Man,IMN,2001,1.8665
Isle of Man,IMN,2002,1.7757
Isle of Man,IMN,2003,1.6814
Isle of Man,IMN,2004,1.5897
Isle of Man,IMN,2005,1.5063
Isle of Man,IMN,2006,1.4356
Isle of Man,IMN,2007,1.3727
Isle of Man,IMN,2008,1.314
Isle of Man,IMN,2009,1.2636
Isle of Man,IMN,2010,1.2272
Isle of Man,IMN,2011,1.2013
Isle of Man,IMN,2012,1.1818
Isle of Man,IMN,2013,1.169
Isle of Man,IMN,2014,1.1597
Isle of Man,IMN,2015,1.1518
Isle of Man,IMN,2016,1.1374
Isle of Man,IMN,2017,1.1239
Isle of Man,IMN,2018,1.1114
Isle of Man,IMN,2019,1.097
Isle of Man,IMN,2020,1.0859
Isle of Man,IMN,2021,1.0815
Isle of Man,IMN,2022,1.0731
Isle of Man,IMN,2023,1.0686
Israel,ISR,1950,3.7407
Israel,ISR,1951,3.9081
Israel,ISR,1952,3.8705
Israel,ISR,1953,4.5334
Israel,ISR,1954,4.3175
Israel,ISR,1955,4.454
Israel,ISR,1956,4.8475
Israel,ISR,1957,4.8494
Israel,ISR,1958,4.2762
Israel,ISR,1959,3.7348
Israel,ISR,1960,3.786
Israel,ISR,1961,3.4111
Israel,ISR,1962,3.8768
Israel,ISR,1963,3.2989
Israel,ISR,1964,3.3635
Israel,ISR,1965,3.1593
Israel,ISR,1966,2.8197
Israel,ISR,1967,2.7148
Israel,ISR,1968,2.649
Israel,ISR,1969,2.4536
Israel,ISR,1970,2.3048
Israel,ISR,1971,2.0844
Israel,ISR,1972,2.1472
Israel,ISR,1973,2.3478
Israel,ISR,1974,2.3956
Israel,ISR,1975,2.3329
Israel,ISR,1976,2.0721
Israel,ISR,1977,1.8186
Israel,ISR,1978,1.7657
Israel,ISR,1979,1.7017
Israel,ISR,1980,1.548
Israel,ISR,1981,1.5746
Israel,ISR,1982,1.4674
Israel,ISR,1983,1.43
Israel,ISR,1984,1.2752
Israel,ISR,1985,1.1816
Israel,ISR,1986,1.1393
Israel,ISR,1987,1.0889
Israel,ISR,1988,0.9841
Israel,ISR,1989,0.9471
Israel,ISR,1990,0.9393
Israel,ISR,1991,0.8741
Israel,ISR,1992,0.94
Israel,ISR,1993,0.8033
Israel,ISR,1994,0.7779
Israel,ISR,1995,0.6977
Israel,ISR,1996,0.6339
Israel,ISR,1997,0.6475
Israel,ISR,1998,0.6176
Israel,ISR,1999,0.599
Israel,ISR,2000,0.5693
Israel,ISR,2001,0.5271
Israel,ISR,2002,0.5591
Israel,ISR,2003,0.5186
Israel,ISR,2004,0.4744
Israel,ISR,2005,0.4443
Israel,ISR,2006,0.4132
Israel,ISR,2007,0.3994
Israel,ISR,2008,0.3975
Israel,ISR,2009,0.3993
Israel,ISR,2010,0.3797
Israel,ISR,2011,0.3498
Israel,ISR,2012,0.3575
Israel,ISR,2013,0.3114
Israel,ISR,2014,0.3134
Israel,ISR,2015,0.3064
Israel,ISR,2016,0.2993
Israel,ISR,2017,0.3016
Israel,ISR,2018,0.2998
Israel,ISR,2019,0.2881
Israel,ISR,2020,0.224
Israel,ISR,2021,0.2795
Israel,ISR,2022,0.2702
Israel,ISR,2023,0.2781
Italy,ITA,1950,6.3631
Italy,ITA,1951,6.4237
Italy,ITA,1952,6.2772
Italy,ITA,1953,5.7796
Italy,ITA,1954,5.3969
Italy,ITA,1955,5.0486
Italy,ITA,1956,4.8559
Italy,ITA,1957,5.0322
Italy,ITA,1958,4.7851
Italy,ITA,1959,4.6115
Italy,ITA,1960,4.3836
Italy,ITA,1961,4.1617
Italy,ITA,1962,4.2174
Italy,ITA,1963,4.0509
Italy,ITA,1964,3.7004
Italy,ITA,1965,3.5279
Italy,ITA,1966,3.4357
Italy,ITA,1967,3.2677
Italy,ITA,1968,3.2171
Italy,ITA,1969,3.0952
Italy,ITA,1970,2.9115
Italy,ITA,1971,2.8751
Italy,ITA,1972,2.6867
Italy,ITA,1973,2.5858
Italy,ITA,1974,2.2873
Italy,ITA,1975,2.0506
Italy,ITA,1976,1.8911
Italy,ITA,1977,1.7617
Italy,ITA,1978,1.6704
Italy,ITA,1979,1.5177
Italy,ITA,1980,1.4311
Italy,ITA,1981,1.4013
Italy,ITA,1982,1.2969
Italy,ITA,1983,1.186
Italy,ITA,1984,1.1075
Italy,ITA,1985,1.0229
Italy,ITA,1986,0.9873
Italy,ITA,1987,0.9665
Italy,ITA,1988,0.928
Italy,ITA,1989,0.8556
Italy,ITA,1990,0.8135
Italy,ITA,1991,0.84
Italy,ITA,1992,0.8228
Italy,ITA,1993,0.6941
Italy,ITA,1994,0.6435
Italy,ITA,1995,0.6156
Italy,ITA,1996,0.6115
Italy,ITA,1997,0.5466
Italy,ITA,1998,0.5374
Italy,ITA,1999,0.5126
Italy,ITA,2000,0.4536
Italy,ITA,2001,0.4636
Italy,ITA,2002,0.4426
Italy,ITA,2003,0.3742
Italy,ITA,2004,0.3824
Italy,ITA,2005,0.3578
Italy,ITA,2006,0.3452
Italy,ITA,2007,0.3307
Italy,ITA,2008,0.3338
Italy,ITA,2009,0.3433
Italy,ITA,2010,0.3175
Italy,ITA,2011,0.3078
Italy,ITA,2012,0.2977
Italy,ITA,2013,0.2909
Italy,ITA,2014,0.275
Italy,ITA,2015,0.2854
Italy,ITA,2016,0.2804
Italy,ITA,2017,0.2863
Italy,ITA,2018,0.284
Italy,ITA,2019,0.249
Italy,ITA,2020,0.2455
Italy,ITA,2021,0.2264
Italy,ITA,2022,0.2595
Italy,ITA,2023,0.2244
Jamaica,JAM,1950,9.9763
Jamaica,JAM,1951,9.6109
Jamaica,JAM,1952,9.1811
Jamaica,JAM,1953,8.7986
Jamaica,JAM,1954,8.4218
Jamaica,JAM,1955,8.0528
Jamaica,JAM,1956,7.6892
Jamaica,JAM,1957,7.3317
Jamaica,JAM,1958,6.991
Jamaica,JAM,1959,6.6776
Jamaica,JAM,1960,6.3876
Jamaica,JAM,1961,6.1232
Jamaica,JAM,1962,5.8854
Jamaica,JAM,1963,5.6744
Jamaica,JAM,1964,5.4802
Jamaica,JAM,1965,5.3049
Jamaica,JAM,1966,5.1409
Jamaica,JAM,1967,4.9822
Jamaica,JAM,1968,4.8241
Jamaica,JAM,1969,4.6635
Jamaica,JAM,1970,4.4991
Jamaica,JAM,1971,4.3322
Jamaica,JAM,1972,4.1657
Jamaica,JAM,1973,4.0041
Jamaica,JAM,1974,3.8469
Jamaica,JAM,1975,3.6997
Jamaica,JAM,1976,3.562
Jamaica,JAM,1977,3.4396
Jamaica,JAM,1978,3.321
Jamaica,JAM,1979,3.2236
Jamaica,JAM,1980,3.0994
Jamaica,JAM,1981,2.9967
Jamaica,JAM,1982,2.902
Jamaica,JAM,1983,2.8127
Jamaica,JAM,1984,2.7285
Jamaica,JAM,1985,2.6502
Jamaica,JAM,1986,2.5964
Jamaica,JAM,1987,2.5075
Jamaica,JAM,1988,2.4449
Jamaica,JAM,1989,2.3734
Jamaica,JAM,1990,2.3119
Jamaica,JAM,1991,2.2579
Jamaica,JAM,1992,2.1922
Jamaica,JAM,1993,2.1359
Jamaica,JAM,1994,2.0726
Jamaica,JAM,1995,2.0099
Jamaica,JAM,1996,1.9483
Jamaica,JAM,1997,1.8875
Jamaica,JAM,1998,1.8294
Jamaica,JAM,1999,1.7758
Jamaica,JAM,2000,1.7283
Jamaica,JAM,2001,1.7
Jamaica,JAM,2002,1.6636
Jamaica,JAM,2003,1.6336
Jamaica,JAM,2004,1.6201
Jamaica,JAM,2005,1.6085
Jamaica,JAM,2006,1.6025
Jamaica,JAM,2007,1.5997
Jamaica,JAM,2008,1.5986
Jamaica,JAM,2009,1.5943
Jamaica,JAM,2010,1.5936
Jamaica,JAM,2011,1.587
Jamaica,JAM,2012,1.582
Jamaica,JAM,2013,1.5765
Jamaica,JAM,2014,1.5717
Jamaica,JAM,2015,1.5683
Jamaica,JAM,2016,1.5667
Jamaica,JAM,2017,1.5673
Jamaica,JAM,2018,1.5819
Jamaica,JAM,2019,1.5909
Jamaica,JAM,2020,1.5873
Jamaica,JAM,2021,1.5895
Jamaica,JAM,2022,1.5917
Jamaica,JAM,2023,1.5904
Japan,JPN,1950,5.6021
Japan,JPN,1951,5.3545
Japan,JPN,1952,4.7545
Japan,JPN,1953,4.6781
Japan,JPN,1954,4.3359
Japan,JPN,1955,3.8961
Japan,JPN,1956,3.9603
Japan,JPN,1957,3.8328
Japan,JPN,1958,3.5338
Japan,JPN,1959,3.2856
Japan,JPN,1960,3.0543
Japan,JPN,1961,2.8437
Japan,JPN,1962,2.6427
Japan,JPN,1963,2.328
Japan,JPN,1964,2.0868
Japan,JPN,1965,1.9351
Japan,JPN,1966,1.6838
Japan,JPN,1967,1.6871
Japan,JPN,1968,1.5366
Japan,JPN,1969,1.4176
Japan,JPN,1970,1.3482
Japan,JPN,1971,1.2771
Japan,JPN,1972,1.1781
Japan,JPN,1973,1.1364
Japan,JPN,1974,1.0651
Japan,JPN,1975,0.9697
Japan,JPN,1976,0.9155
Japan,JPN,1977,0.8787
Japan,JPN,1978,0.8278
Japan,JPN,1979,0.7759
Japan,JPN,1980,0.7337
Japan,JPN,1981,0.7022
Japan,JPN,1982,0.6577
Japan,JPN,1983,0.6212
Japan,JPN,1984,0.5972
Japan,JPN,1985,0.543
Japan,JPN,1986,0.5173
Japan,JPN,1987,0.4911
Japan,JPN,1988,0.4755
Japan,JPN,1989,0.4456
Japan,JPN,1990,0.4553
Japan,JPN,1991,0.4469
Japan,JPN,1992,0.4506
Japan,JPN,1993,0.4308
Japan,JPN,1994,0.4387
Japan,JPN,1995,0.4169
Japan,JPN,1996,0.3831
Japan,JPN,1997,0.367
Japan,JPN,1998,0.3669
Japan,JPN,1999,0.3378
Japan,JPN,2000,0.3283
Japan,JPN,2001,0.3083
Japan,JPN,2002,0.3007
Japan,JPN,2003,0.297
Japan,JPN,2004,0.2819
Japan,JPN,2005,0.275
Japan,JPN,2006,0.2688
Japan,JPN,2007,0.2603
Japan,JPN,2008,0.2577
Japan,JPN,2009,0.2387
Japan,JPN,2010,0.2331
Japan,JPN,2011,0.2351
Japan,JPN,2012,0.2218
Japan,JPN,2013,0.2135
Japan,JPN,2014,0.2079
Japan,JPN,2015,0.1955
Japan,JPN,2016,0.1991
Japan,JPN,2017,0.1843
Japan,JPN,2018,0.1879
Japan,JPN,2019,0.187
Japan,JPN,2020,0.1794
Japan,JPN,2021,0.173
Japan,JPN,2022,0.1708
Japan,JPN,2023,0.1649
Jersey,JEY,1950,3.2005
Jersey,JEY,1951,3.1406
Jersey,JEY,1952,3.0545
Jersey,JEY,1953,2.9932
Jersey,JEY,1954,2.9435
Jersey,JEY,1955,2.8891
Jersey,JEY,1956,2.8616
Jersey,JEY,1957,2.8717
Jersey,JEY,1958,2.8585
Jersey,JEY,1959,2.8567
Jersey,JEY,1960,2.8719
Jersey,JEY,1961,2.8448
Jersey,JEY,1962,2.7646
Jersey,JEY,1963,2.7154
Jersey,JEY,1964,2.6713
Jersey,JEY,1965,2.6138
Jersey,JEY,1966,2.5821
Jersey,JEY,1967,2.6105
Jersey,JEY,1968,2.6401
Jersey,JEY,1969,2.6311
Jersey,JEY,1970,2.6491
Jersey,JEY,1971,2.6458
Jersey,JEY,1972,2.5957
Jersey,JEY,1973,2.516
Jersey,JEY,1974,2.4791
Jersey,JEY,1975,2.4309
Jersey,JEY,1976,2.3943
Jersey,JEY,1977,2.3726
Jersey,JEY,1978,2.3461
Jersey,JEY,1979,2.2917
Jersey,JEY,1980,2.1926
Jersey,JEY,1981,2.0834
Jersey,JEY,1982,1.9566
Jersey,JEY,1983,1.8415
Jersey,JEY,1984,1.7299
Jersey,JEY,1985,1.6616
Jersey,JEY,1986,1.5957
Jersey,JEY,1987,1.5393
Jersey,JEY,1988,1.4752
Jersey,JEY,1989,1.4276
Jersey,JEY,1990,1.3732
Jersey,JEY,1991,1.327
Jersey,JEY,1992,1.283
Jersey,JEY,1993,1.2474
Jersey,JEY,1994,1.1998
Jersey,JEY,1995,1.1584
Jersey,JEY,1996,1.1224
Jersey,JEY,1997,1.09
Jersey,JEY,1998,1.0623
Jersey,JEY,1999,1.0424
Jersey,JEY,2000,1.0189
Jersey,JEY,2001,0.9938
Jersey,JEY,2002,0.9699
Jersey,JEY,2003,0.9366
Jersey,JEY,2004,0.9038
Jersey,JEY,2005,0.8761
Jersey,JEY,2006,0.8521
Jersey,JEY,2007,0.8293
Jersey,JEY,2008,0.8164
Jersey,JEY,2009,0.805
Jersey,JEY,2010,0.792
Jersey,JEY,2011,0.7804
Jersey,JEY,2012,0.7763
Jersey,JEY,2013,0.774
Jersey,JEY,2014,0.7765
Jersey,JEY,2015,0.788
Jersey,JEY,2016,0.8035
Jersey,JEY,2017,0.8177
Jersey,JEY,2018,0.8316
Jersey,JEY,2019,0.8432
Jersey,JEY,2020,0.8513
Jersey,JEY,2021,0.8604
Jersey,JEY,2022,0.8587
Jersey,JEY,2023,0.8607
Jordan,JOR,1950,18.3267
Jordan,JOR,1951,17.3316
Jordan,JOR,1952,16.4089
Jordan,JOR,1953,15.5218
Jordan,JOR,1954,14.7011
Jordan,JOR,1955,13.942
Jordan,JOR,1956,13.2142
Jordan,JOR,1957,12.5152
Jordan,JOR,1958,11.8814
Jordan,JOR,1959,11.2625
Jordan,JOR,1960,10.6937
Jordan,JOR,1961,10.1331
Jordan,JOR,1962,9.6062
Jordan,JOR,1963,9.1353
Jordan,JOR,1964,8.6556
Jordan,JOR,1965,8.2445
Jordan,JOR,1966,8.0151
Jordan,JOR,1967,7.4753
Jordan,JOR,1968,7.1391
Jordan,JOR,1969,6.8242
Jordan,JOR,1970,6.6939
Jordan,JOR,1971,6.2671
Jordan,JOR,1972,5.9823
Jordan,JOR,1973,5.7372
Jordan,JOR,1974,5.5116
Jordan,JOR,1975,5.2852
Jordan,JOR,1976,5.0659
Jordan,JOR,1977,4.8612
Jordan,JOR,1978,4.6756
Jordan,JOR,1979,4.5065
Jordan,JOR,1980,4.3367
Jordan,JOR,1981,4.1521
Jordan,JOR,1982,3.9727
Jordan,JOR,1983,3.8123
Jordan,JOR,1984,3.6641
Jordan,JOR,1985,3.5345
Jordan,JOR,1986,3.4162
Jordan,JOR,1987,3.2998
Jordan,JOR,1988,3.1631
Jordan,JOR,1989,3.0458
Jordan,JOR,1990,2.9417
Jordan,JOR,1991,2.8529
Jordan,JOR,1992,2.7691
Jordan,JOR,1993,2.6939
Jordan,JOR,1994,2.6275
Jordan,JOR,1995,2.5639
Jordan,JOR,1996,2.4995
Jordan,JOR,1997,2.4361
Jordan,JOR,1998,2.3754
Jordan,JOR,1999,2.3126
Jordan,JOR,2000,2.2477
Jordan,JOR,2001,2.1843
Jordan,JOR,2002,2.1238
Jordan,JOR,2003,2.0666
Jordan,JOR,2004,2.0119
Jordan,JOR,2005,1.963
Jordan,JOR,2006,1.9096
Jordan,JOR,2007,1.8557
Jordan,JOR,2008,1.8051
Jordan,JOR,2009,1.7565
Jordan,JOR,2010,1.7104
Jordan,JOR,2011,1.668
Jordan,JOR,2012,1.6277
Jordan,JOR,2013,1.5886
Jordan,JOR,2014,1.5424
Jordan,JOR,2015,1.498
Jordan,JOR,2016,1.455
Jordan,JOR,2017,1.4099
Jordan,JOR,2018,1.3679
Jordan,JOR,2019,1.3226
Jordan,JOR,2020,1.2813
Jordan,JOR,2021,1.2449
Jordan,JOR,2022,1.2096
Jordan,JOR,2023,1.1751
Kazakhstan,KAZ,1950,9.8301
Kazakhstan,KAZ,1951,9.6805
Kazakhstan,KAZ,1952,9.5344
Kazakhstan,KAZ,1953,9.3885
Kazakhstan,KAZ,1954,9.2423
Kazakhstan,KAZ,1955,9.0955
Kazakhstan,KAZ,1956,8.9478
Kazakhstan,KAZ,1957,8.7994
Kazakhstan,KAZ,1958,8.6506
Kazakhstan,KAZ,1959,8.5016
Kazakhstan,KAZ,1960,8.3528
Kazakhstan,KAZ,1961,8.2044
Kazakhstan,KAZ,1962,8.0567
Kazakhstan,KAZ,1963,7.9099
Kazakhstan,KAZ,1964,7.7625
Kazakhstan,KAZ,1965,7.6158
Kazakhstan,KAZ,1966,7.4714
Kazakhstan,KAZ,1967,7.3287
Kazakhstan,KAZ,1968,7.1861
Kazakhstan,KAZ,1969,7.0433
Kazakhstan,KAZ,1970,6.8996
Kazakhstan,KAZ,1971,6.7553
Kazakhstan,KAZ,1972,6.6146
Kazakhstan,KAZ,1973,6.4788
Kazakhstan,KAZ,1974,6.3504
Kazakhstan,KAZ,1975,6.2298
Kazakhstan,KAZ,1976,6.1152
Kazakhstan,KAZ,1977,6.0047
Kazakhstan,KAZ,1978,5.8866
Kazakhstan,KAZ,1979,5.7619
Kazakhstan,KAZ,1980,5.625
Kazakhstan,KAZ,1981,5.4773
Kazakhstan,KAZ,1982,5.3208
Kazakhstan,KAZ,1983,5.1602
Kazakhstan,KAZ,1984,5.0008
Kazakhstan,KAZ,1985,4.8464
Kazakhstan,KAZ,1986,4.7014
Kazakhstan,KAZ,1987,4.5706
Kazakhstan,KAZ,1988,4.4595
Kazakhstan,KAZ,1989,4.3735
Kazakhstan,KAZ,1990,4.3188
Kazakhstan,KAZ,1991,4.2882
Kazakhstan,KAZ,1992,4.2774
Kazakhstan,KAZ,1993,4.2735
Kazakhstan,KAZ,1994,4.2579
Kazakhstan,KAZ,1995,4.2192
Kazakhstan,KAZ,1996,4.1386
Kazakhstan,KAZ,1997,4.0198
Kazakhstan,KAZ,1998,3.8669
Kazakhstan,KAZ,1999,3.6903
Kazakhstan,KAZ,2000,3.5003
Kazakhstan,KAZ,2001,3.3072
Kazakhstan,KAZ,2002,3.1176
Kazakhstan,KAZ,2003,2.9346
Kazakhstan,KAZ,2004,2.7575
Kazakhstan,KAZ,2005,2.5822
Kazakhstan,KAZ,2006,2.4085
Kazakhstan,KAZ,2007,2.2339
Kazakhstan,KAZ,2008,2.0586
Kazakhstan,KAZ,2009,1.883
Kazakhstan,KAZ,2010,1.713
Kazakhstan,KAZ,2011,1.5455
Kazakhstan,KAZ,2012,1.3932
Kazakhstan,KAZ,2013,1.259
Kazakhstan,KAZ,2014,1.1461
Kazakhstan,KAZ,2015,1.0554
Kazakhstan,KAZ,2016,0.9867
Kazakhstan,KAZ,2017,0.9367
Kazakhstan,KAZ,2018,0.9019
Kazakhstan,KAZ,2019,0.8773
Kazakhstan,KAZ,2020,0.8589
Kazakhstan,KAZ,2021,0.8427
Kazakhstan,KAZ,2022,0.8271
Kazakhstan,KAZ,2023,0.812
Kenya,KEN,1950,15.4213
Kenya,KEN,1951,15.0203
Kenya,KEN,1952,14.633
Kenya,KEN,1953,14.2249
Kenya,KEN,1954,13.7993
Kenya,KEN,1955,13.3603
Kenya,KEN,1956,12.915
Kenya,KEN,1957,12.4736
Kenya,KEN,1958,12.0505
Kenya,KEN,1959,11.654
Kenya,KEN,1960,11.2874
Kenya,KEN,1961,10.955
Kenya,KEN,1962,10.6607
Kenya,KEN,1963,10.4023
Kenya,KEN,1964,10.1812
Kenya,KEN,1965,9.9872
Kenya,KEN,1966,9.8162
Kenya,KEN,1967,9.6571
Kenya,KEN,1968,9.5068
Kenya,KEN,1969,9.3557
Kenya,KEN,1970,9.1989
Kenya,KEN,1971,9.034
Kenya,KEN,1972,8.8571
Kenya,KEN,1973,8.6692
Kenya,KEN,1974,8.4704
Kenya,KEN,1975,8.2621
Kenya,KEN,1976,8.0447
Kenya,KEN,1977,7.8267
Kenya,KEN,1978,7.5947
Kenya,KEN,1979,7.3739
Kenya,KEN,1980,7.1668
Kenya,KEN,1981,6.9779
Kenya,KEN,1982,6.8126
Kenya,KEN,1983,6.6659
Kenya,KEN,1984,6.5539
Kenya,KEN,1985,6.4806
Kenya,KEN,1986,6.4463
Kenya,KEN,1987,6.4552
Kenya,KEN,1988,6.5062
Kenya,KEN,1989,6.5917
Kenya,KEN,1990,6.7006
Kenya,KEN,1991,6.8151
Kenya,KEN,1992,6.9237
Kenya,KEN,1993,7.0049
Kenya,KEN,1994,7.0451
Kenya,KEN,1995,7.0425
Kenya,KEN,1996,6.9915
Kenya,KEN,1997,6.8978
Kenya,KEN,1998,6.7573
Kenya,KEN,1999,6.5581
Kenya,KEN,2000,6.3339
Kenya,KEN,2001,6.0796
Kenya,KEN,2002,5.8085
Kenya,KEN,2003,5.5213
Kenya,KEN,2004,5.2384
Kenya,KEN,2005,4.956
Kenya,KEN,2006,4.6953
Kenya,KEN,2007,4.451
Kenya,KEN,2008,4.2377
Kenya,KEN,2009,4.0525
Kenya,KEN,2010,3.9093
Kenya,KEN,2011,3.7869
Kenya,KEN,2012,3.6925
Kenya,KEN,2013,3.6113
Kenya,KEN,2014,3.5303
Kenya,KEN,2015,3.4574
Kenya,KEN,2016,3.3846
Kenya,KEN,2017,3.3169
Kenya,KEN,2018,3.2528
Kenya,KEN,2019,3.1908
Kenya,KEN,2020,3.1366
Kenya,KEN,2021,3.1077
Kenya,KEN,2022,3.0159
Kenya,KEN,2023,2.9652
Kiribati,KIR,1950,14.6068
Kiribati,KIR,1951,14.5562
Kiribati,KIR,1952,14.5055
Kiribati,KIR,1953,14.446
Kiribati,KIR,1954,14.3718
Kiribati,KIR,1955,14.2758
Kiribati,KIR,1956,14.1485
Kiribati,KIR,1957,13.9894
Kiribati,KIR,1958,13.7961
Kiribati,KIR,1959,13.5682
Kiribati,KIR,1960,13.3078
Kiribati,KIR,1961,13.0172
Kiribati,KIR,1962,12.7006
Kiribati,KIR,1963,12.3475
Kiribati,KIR,1964,11.9864
Kiribati,KIR,1965,11.6263
Kiribati,KIR,1966,11.2486
Kiribati,KIR,1967,10.8647
Kiribati,KIR,1968,10.5078
Kiribati,KIR,1969,10.178
Kiribati,KIR,1970,9.86
Kiribati,KIR,1971,9.57
Kiribati,KIR,1972,9.3443
Kiribati,KIR,1973,9.1298
Kiribati,KIR,1974,8.9703
Kiribati,KIR,1975,8.8387
Kiribati,KIR,1976,8.7331
Kiribati,KIR,1977,8.7298
Kiribati,KIR,1978,8.5526
Kiribati,KIR,1979,8.4625
Kiribati,KIR,1980,8.3665
Kiribati,KIR,1981,8.2588
Kiribati,KIR,1982,8.1384
Kiribati,KIR,1983,8.0046
Kiribati,KIR,1984,7.8577
Kiribati,KIR,1985,7.6882
Kiribati,KIR,1986,7.5035
Kiribati,KIR,1987,7.2933
Kiribati,KIR,1988,7.0751
Kiribati,KIR,1989,6.8566
Kiribati,KIR,1990,6.6416
Kiribati,KIR,1991,6.4254
Kiribati,KIR,1992,6.2179
Kiribati,KIR,1993,6.0241
Kiribati,KIR,1994,5.8523
Kiribati,KIR,1995,5.6997
Kiribati,KIR,1996,5.5593
Kiribati,KIR,1997,5.422
Kiribati,KIR,1998,5.2954
Kiribati,KIR,1999,5.1732
Kiribati,KIR,2000,5.0565
Kiribati,KIR,2001,4.9547
Kiribati,KIR,2002,4.8693
Kiribati,KIR,2003,4.8004
Kiribati,KIR,2004,4.7464
Kiribati,KIR,2005,4.7041
Kiribati,KIR,2006,4.6694
Kiribati,KIR,2007,4.6392
Kiribati,KIR,2008,4.6116
Kiribati,KIR,2009,4.5865
Kiribati,KIR,2010,4.5663
Kiribati,KIR,2011,4.5535
Kiribati,KIR,2012,4.55
Kiribati,KIR,2013,4.556
Kiribati,KIR,2014,4.5698
Kiribati,KIR,2015,4.5871
Kiribati,KIR,2016,4.6017
Kiribati,KIR,2017,4.6076
Kiribati,KIR,2018,4.6001
Kiribati,KIR,2019,4.5759
Kiribati,KIR,2020,4.5282
Kiribati,KIR,2021,4.4808
Kiribati,KIR,2022,4.4085
Kiribati,KIR,2023,4.3254
Kosovo,OWID_KOS,1950,20.8739
Kosovo,OWID_KOS,1951,20.8284
Kosovo,OWID_KOS,1952,20.7829
Kosovo,OWID_KOS,1953,20.7294
Kosovo,OWID_KOS,1954,20.6631
Kosovo,OWID_KOS,1955,20.5807
Kosovo,OWID_KOS,1956,20.4807
Kosovo,OWID_KOS,1957,20.3632
Kosovo,OWID_KOS,1958,20.2283
Kosovo,OWID_KOS,1959,20.0768
Kosovo,OWID_KOS,1960,19.9087
Kosovo,OWID_KOS,1961,19.7242
Kosovo,OWID_KOS,1962,19.5238
Kosovo,OWID_KOS,1963,19.3079
Kosovo,OWID_KOS,1964,19.077
Kosovo,OWID_KOS,1965,18.8313
Kosovo,OWID_KOS,1966,18.5713
Kosovo,OWID_KOS,1967,18.2975
Kosovo,OWID_KOS,1968,18.0102
Kosovo,OWID_KOS,1969,17.7119
Kosovo,OWID_KOS,1970,17.3978
Kosovo,OWID_KOS,1971,17.07
Kosovo,OWID_KOS,1972,16.7397
Kosovo,OWID_KOS,1973,16.3949
Kosovo,OWID_KOS,1974,16.0405
Kosovo,OWID_KOS,1975,15.6772
Kosovo,OWID_KOS,1976,15.306
Kosovo,OWID_KOS,1977,14.9274
Kosovo,OWID_KOS,1978,14.5426
Kosovo,OWID_KOS,1979,14.1524
Kosovo,OWID_KOS,1980,13.7575
Kosovo,OWID_KOS,1981,13.3583
Kosovo,OWID_KOS,1982,12.9486
Kosovo,OWID_KOS,1983,12.5142
Kosovo,OWID_KOS,1984,12.0399
Kosovo,OWID_KOS,1985,11.5163
Kosovo,OWID_KOS,1986,10.9565
Kosovo,OWID_KOS,1987,10.3768
Kosovo,OWID_KOS,1988,9.7895
Kosovo,OWID_KOS,1989,9.2095
Kosovo,OWID_KOS,1990,8.6507
Kosovo,OWID_KOS,1991,8.1157
Kosovo,OWID_KOS,1992,7.6114
Kosovo,OWID_KOS,1993,7.1207
Kosovo,OWID_KOS,1994,6.6557
Kosovo,OWID_KOS,1995,6.206
Kosovo,OWID_KOS,1996,5.7706
Kosovo,OWID_KOS,1997,5.35
Kosovo,OWID_KOS,1998,4.9984
Kosovo,OWID_KOS,1999,5.5219
Kosovo,OWID_KOS,2000,4.1908
Kosovo,OWID_KOS,2001,3.8448
Kosovo,OWID_KOS,2002,3.5219
Kosovo,OWID_KOS,2003,3.227
Kosovo,OWID_KOS,2004,2.9521
Kosovo,OWID_KOS,2005,2.7058
Kosovo,OWID_KOS,2006,2.4827
Kosovo,OWID_KOS,2007,2.2843
Kosovo,OWID_KOS,2008,2.103
Kosovo,OWID_KOS,2009,1.9431
Kosovo,OWID_KOS,2010,1.8033
Kosovo,OWID_KOS,2011,1.6732
Kosovo,OWID_KOS,2012,1.5613
Kosovo,OWID_KOS,2013,1.46
Kosovo,OWID_KOS,2014,1.3673
Kosovo,OWID_KOS,2015,1.2814
Kosovo,OWID_KOS,2016,1.2034
Kosovo,OWID_KOS,2017,1.1312
Kosovo,OWID_KOS,2018,1.0648
Kosovo,OWID_KOS,2019,1.0051
Kosovo,OWID_KOS,2020,0.9492
Kosovo,OWID_KOS,2021,0.8987
Kosovo,OWID_KOS,2022,0.8521
Kosovo,OWID_KOS,2023,0.8078
Kuwait,KWT,1950,15.5368
Kuwait,KWT,1951,15.0496
Kuwait,KWT,1952,14.5691
Kuwait,KWT,1953,14.0857
Kuwait,KWT,1954,13.594
Kuwait,KWT,1955,13.0895
Kuwait,KWT,1956,12.5697
Kuwait,KWT,1957,12.0322
Kuwait,KWT,1958,11.479
Kuwait,KWT,1959,10.9139
Kuwait,KWT,1960,10.3424
Kuwait,KWT,1961,9.7725
Kuwait,KWT,1962,9.2119
Kuwait,KWT,1963,8.6676
Kuwait,KWT,1964,8.1464
Kuwait,KWT,1965,7.6484
Kuwait,KWT,1966,7.1783
Kuwait,KWT,1967,6.7456
Kuwait,KWT,1968,6.3439
Kuwait,KWT,1969,5.9702
Kuwait,KWT,1970,5.6224
Kuwait,KWT,1971,5.2974
Kuwait,KWT,1972,4.992
Kuwait,KWT,1973,4.7027
Kuwait,KWT,1974,4.4266
Kuwait,KWT,1975,4.1614
Kuwait,KWT,1976,3.9039
Kuwait,KWT,1977,3.653
Kuwait,KWT,1978,3.408
Kuwait,KWT,1979,3.1692
Kuwait,KWT,1980,2.9382
Kuwait,KWT,1981,2.718
Kuwait,KWT,1982,2.5124
Kuwait,KWT,1983,2.324
Kuwait,KWT,1984,2.1555
Kuwait,KWT,1985,2.0073
Kuwait,KWT,1986,1.8786
Kuwait,KWT,1987,1.7673
Kuwait,KWT,1988,1.6712
Kuwait,KWT,1989,1.5875
Kuwait,KWT,1990,1.6015
Kuwait,KWT,1991,1.4489
Kuwait,KWT,1992,1.3908
Kuwait,KWT,1993,1.339
Kuwait,KWT,1994,1.2926
Kuwait,KWT,1995,1.2507
Kuwait,KWT,1996,1.213
Kuwait,KWT,1997,1.1798
Kuwait,KWT,1998,1.1472
Kuwait,KWT,1999,1.1189
Kuwait,KWT,2000,1.0934
Kuwait,KWT,2001,1.0705
Kuwait,KWT,2002,1.0499
Kuwait,KWT,2003,1.0312
Kuwait,KWT,2004,1.0136
Kuwait,KWT,2005,0.9964
Kuwait,KWT,2006,0.9787
Kuwait,KWT,2007,0.9601
Kuwait,KWT,2008,0.94
Kuwait,KWT,2009,0.9183
Kuwait,KWT,2010,0.8955
Kuwait,KWT,2011,0.8724
Kuwait,KWT,2012,0.8488
Kuwait,KWT,2013,0.8272
Kuwait,KWT,2014,0.8078
Kuwait,KWT,2015,0.7927
Kuwait,KWT,2016,0.7772
Kuwait,KWT,2017,0.766
Kuwait,KWT,2018,0.7573
Kuwait,KWT,2019,0.7494
Kuwait,KWT,2020,0.7426
Kuwait,KWT,2021,0.7363
Kuwait,KWT,2022,0.7302
Kuwait,KWT,2023,0.7246
Kyrgyzstan,KGZ,1950,12.3344
Kyrgyzstan,KGZ,1951,12.1755
Kyrgyzstan,KGZ,1952,12.0206
Kyrgyzstan,KGZ,1953,11.8656
Kyrgyzstan,KGZ,1954,11.7099
Kyrgyzstan,KGZ,1955,11.5533
Kyrgyzstan,KGZ,1956,11.3954
Kyrgyzstan,KGZ,1957,11.2363
Kyrgyzstan,KGZ,1958,11.0761
Kyrgyzstan,KGZ,1959,10.9147
Kyrgyzstan,KGZ,1960,10.7529
Kyrgyzstan,KGZ,1961,10.5908
Kyrgyzstan,KGZ,1962,10.4291
Kyrgyzstan,KGZ,1963,10.2682
Kyrgyzstan,KGZ,1964,10.1087
Kyrgyzstan,KGZ,1965,9.9511
Kyrgyzstan,KGZ,1966,9.7958
Kyrgyzstan,KGZ,1967,9.643
Kyrgyzstan,KGZ,1968,9.4928
Kyrgyzstan,KGZ,1969,9.3449
Kyrgyzstan,KGZ,1970,9.199
Kyrgyzstan,KGZ,1971,9.0537
Kyrgyzstan,KGZ,1972,8.9075
Kyrgyzstan,KGZ,1973,8.7592
Kyrgyzstan,KGZ,1974,8.6079
Kyrgyzstan,KGZ,1975,8.4528
Kyrgyzstan,KGZ,1976,8.2925
Kyrgyzstan,KGZ,1977,8.126
Kyrgyzstan,KGZ,1978,7.9497
Kyrgyzstan,KGZ,1979,7.7571
Kyrgyzstan,KGZ,1980,7.5438
Kyrgyzstan,KGZ,1981,7.3088
Kyrgyzstan,KGZ,1982,7.0544
Kyrgyzstan,KGZ,1983,6.7818
Kyrgyzstan,KGZ,1984,6.4966
Kyrgyzstan,KGZ,1985,6.2092
Kyrgyzstan,KGZ,1986,5.9345
Kyrgyzstan,KGZ,1987,5.6872
Kyrgyzstan,KGZ,1988,5.4812
Kyrgyzstan,KGZ,1989,5.325
Kyrgyzstan,KGZ,1990,5.233
Kyrgyzstan,KGZ,1991,5.1563
Kyrgyzstan,KGZ,1992,5.1132
Kyrgyzstan,KGZ,1993,5.0617
Kyrgyzstan,KGZ,1994,4.9987
Kyrgyzstan,KGZ,1995,4.8833
Kyrgyzstan,KGZ,1996,4.7381
Kyrgyzstan,KGZ,1997,4.565
Kyrgyzstan,KGZ,1998,4.3737
Kyrgyzstan,KGZ,1999,4.1795
Kyrgyzstan,KGZ,2000,4.0029
Kyrgyzstan,KGZ,2001,3.8159
Kyrgyzstan,KGZ,2002,3.6503
Kyrgyzstan,KGZ,2003,3.498
Kyrgyzstan,KGZ,2004,3.3523
Kyrgyzstan,KGZ,2005,3.2076
Kyrgyzstan,KGZ,2006,3.0634
Kyrgyzstan,KGZ,2007,2.9145
Kyrgyzstan,KGZ,2008,2.7655
Kyrgyzstan,KGZ,2009,2.6086
Kyrgyzstan,KGZ,2010,2.4606
Kyrgyzstan,KGZ,2011,2.3169
Kyrgyzstan,KGZ,2012,2.1866
Kyrgyzstan,KGZ,2013,2.0676
Kyrgyzstan,KGZ,2014,1.9589
Kyrgyzstan,KGZ,2015,1.8593
Kyrgyzstan,KGZ,2016,1.7689
Kyrgyzstan,KGZ,2017,1.6865
Kyrgyzstan,KGZ,2018,1.6188
Kyrgyzstan,KGZ,2019,1.5633
Kyrgyzstan,KGZ,2020,1.5188
Kyrgyzstan,KGZ,2021,1.4837
Kyrgyzstan,KGZ,2022,1.4555
Kyrgyzstan,KGZ,2023,1.4264
Laos,LAO,1950,20.7328
Laos,LAO,1951,20.5135
Laos,LAO,1952,20.2772
Laos,LAO,1953,20.0454
Laos,LAO,1954,19.8113
Laos,LAO,1955,19.5806
Laos,LAO,1956,19.3508
Laos,LAO,1957,19.1109
Laos,LAO,1958,18.8651
Laos,LAO,1959,18.6208
Laos,LAO,1960,18.3786
Laos,LAO,1961,18.1494
Laos,LAO,1962,17.913
Laos,LAO,1963,17.6704
Laos,LAO,1964,17.4393
Laos,LAO,1965,17.207
Laos,LAO,1966,17.0668
Laos,LAO,1967,16.7444
Laos,LAO,1968,16.5203
Laos,LAO,1969,16.3018
Laos,LAO,1970,16.0857
Laos,LAO,1971,15.8791
Laos,LAO,1972,15.6661
Laos,LAO,1973,15.4518
Laos,LAO,1974,15.2405
Laos,LAO,1975,15.0301
Laos,LAO,1976,14.8658
Laos,LAO,1977,14.6145
Laos,LAO,1978,14.349
Laos,LAO,1979,14.0364
Laos,LAO,1980,13.6475
Laos,LAO,1981,13.3249
Laos,LAO,1982,13.0058
Laos,LAO,1983,12.6957
Laos,LAO,1984,12.3989
Laos,LAO,1985,12.0906
Laos,LAO,1986,11.7947
Laos,LAO,1987,11.5046
Laos,LAO,1988,11.188
Laos,LAO,1989,10.868
Laos,LAO,1990,10.5692
Laos,LAO,1991,10.2497
Laos,LAO,1992,9.9519
Laos,LAO,1993,9.6307
Laos,LAO,1994,9.3396
Laos,LAO,1995,9.0218
Laos,LAO,1996,8.7216
Laos,LAO,1997,8.4235
Laos,LAO,1998,8.1442
Laos,LAO,1999,7.8784
Laos,LAO,2000,7.6142
Laos,LAO,2001,7.3476
Laos,LAO,2002,7.0809
Laos,LAO,2003,6.825
Laos,LAO,2004,6.5656
Laos,LAO,2005,6.3146
Laos,LAO,2006,6.0631
Laos,LAO,2007,5.8162
Laos,LAO,2008,5.583
Laos,LAO,2009,5.3549
Laos,LAO,2010,5.1378
Laos,LAO,2011,4.9306
Laos,LAO,2012,4.7274
Laos,LAO,2013,4.5511
Laos,LAO,2014,4.3624
Laos,LAO,2015,4.2005
Laos,LAO,2016,4.0394
Laos,LAO,2017,3.8826
Laos,LAO,2018,3.7646
Laos,LAO,2019,3.6232
Laos,LAO,2020,3.5032
Laos,LAO,2021,3.3837
Laos,LAO,2022,3.2741
Laos,LAO,2023,3.1716
Latin America and the Caribbean (UN),UN_LAC,1950,14.1445
Latin America and the Caribbean (UN),UN_LAC,1951,13.865
Latin America and the Caribbean (UN),UN_LAC,1952,13.5845
Latin America and the Caribbean (UN),UN_LAC,1953,13.3029
Latin America and the Caribbean (UN),UN_LAC,1954,13.0232
Latin America and the Caribbean (UN),UN_LAC,1955,12.7403
Latin America and the Caribbean (UN),UN_LAC,1956,12.4565
Latin America and the Caribbean (UN),UN_LAC,1957,12.1652
Latin America and the Caribbean (UN),UN_LAC,1958,11.8873
Latin America and the Caribbean (UN),UN_LAC,1959,11.6
Latin America and the Caribbean (UN),UN_LAC,1960,11.3274
Latin America and the Caribbean (UN),UN_LAC,1961,11.0573
Latin America and the Caribbean (UN),UN_LAC,1962,10.7968
Latin America and the Caribbean (UN),UN_LAC,1963,10.5444
Latin America and the Caribbean (UN),UN_LAC,1964,10.2887
Latin America and the Caribbean (UN),UN_LAC,1965,10.0394
Latin America and the Caribbean (UN),UN_LAC,1966,9.8029
Latin America and the Caribbean (UN),UN_LAC,1967,9.5597
Latin America and the Caribbean (UN),UN_LAC,1968,9.3176
Latin America and the Caribbean (UN),UN_LAC,1969,9.0824
Latin America and the Caribbean (UN),UN_LAC,1970,8.9141
Latin America and the Caribbean (UN),UN_LAC,1971,8.6282
Latin America and the Caribbean (UN),UN_LAC,1972,8.4138
Latin America and the Caribbean (UN),UN_LAC,1973,8.179
Latin America and the Caribbean (UN),UN_LAC,1974,7.9585
Latin America and the Caribbean (UN),UN_LAC,1975,7.7152
Latin America and the Caribbean (UN),UN_LAC,1976,7.5054
Latin America and the Caribbean (UN),UN_LAC,1977,7.2527
Latin America and the Caribbean (UN),UN_LAC,1978,7.0258
Latin America and the Caribbean (UN),UN_LAC,1979,6.7938
Latin America and the Caribbean (UN),UN_LAC,1980,6.555
Latin America and the Caribbean (UN),UN_LAC,1981,6.3158
Latin America and the Caribbean (UN),UN_LAC,1982,6.0937
Latin America and the Caribbean (UN),UN_LAC,1983,5.8393
Latin America and the Caribbean (UN),UN_LAC,1984,5.6131
Latin America and the Caribbean (UN),UN_LAC,1985,5.4099
Latin America and the Caribbean (UN),UN_LAC,1986,5.1876
Latin America and the Caribbean (UN),UN_LAC,1987,4.9898
Latin America and the Caribbean (UN),UN_LAC,1988,4.7947
Latin America and the Caribbean (UN),UN_LAC,1989,4.6024
Latin America and the Caribbean (UN),UN_LAC,1990,4.4079
Latin America and the Caribbean (UN),UN_LAC,1991,4.2228
Latin America and the Caribbean (UN),UN_LAC,1992,4.0381
Latin America and the Caribbean (UN),UN_LAC,1993,3.8601
Latin America and the Caribbean (UN),UN_LAC,1994,3.684
Latin America and the Caribbean (UN),UN_LAC,1995,3.5142
Latin America and the Caribbean (UN),UN_LAC,1996,3.3489
Latin America and the Caribbean (UN),UN_LAC,1997,3.189
Latin America and the Caribbean (UN),UN_LAC,1998,3.0568
Latin America and the Caribbean (UN),UN_LAC,1999,2.8926
Latin America and the Caribbean (UN),UN_LAC,2000,2.7546
Latin America and the Caribbean (UN),UN_LAC,2001,2.6236
Latin America and the Caribbean (UN),UN_LAC,2002,2.4996
Latin America and the Caribbean (UN),UN_LAC,2003,2.3852
Latin America and the Caribbean (UN),UN_LAC,2004,2.2882
Latin America and the Caribbean (UN),UN_LAC,2005,2.1827
Latin America and the Caribbean (UN),UN_LAC,2006,2.0942
Latin America and the Caribbean (UN),UN_LAC,2007,2.0144
Latin America and the Caribbean (UN),UN_LAC,2008,1.9394
Latin America and the Caribbean (UN),UN_LAC,2009,1.8701
Latin America and the Caribbean (UN),UN_LAC,2010,1.8668
Latin America and the Caribbean (UN),UN_LAC,2011,1.7544
Latin America and the Caribbean (UN),UN_LAC,2012,1.7008
Latin America and the Caribbean (UN),UN_LAC,2013,1.652
Latin America and the Caribbean (UN),UN_LAC,2014,1.6084
Latin America and the Caribbean (UN),UN_LAC,2015,1.5706
Latin America and the Caribbean (UN),UN_LAC,2016,1.5391
Latin America and the Caribbean (UN),UN_LAC,2017,1.5056
Latin America and the Caribbean (UN),UN_LAC,2018,1.4699
Latin America and the Caribbean (UN),UN_LAC,2019,1.4365
Latin America and the Caribbean (UN),UN_LAC,2020,1.4029
Latin America and the Caribbean (UN),UN_LAC,2021,1.3765
Latin America and the Caribbean (UN),UN_LAC,2022,1.3496
Latin America and the Caribbean (UN),UN_LAC,2023,1.3115
Latvia,LVA,1950,5.7361
Latvia,LVA,1951,5.4105
Latvia,LVA,1952,5.1009
Latvia,LVA,1953,4.8043
Latvia,LVA,1954,4.5194
Latvia,LVA,1955,4.2458
Latvia,LVA,1956,3.9838
Latvia,LVA,1957,3.609
Latvia,LVA,1958,3.2591
Latvia,LVA,1959,3.034
Latvia,LVA,1960,2.668
Latvia,LVA,1961,2.4171
Latvia,LVA,1962,2.3947
Latvia,LVA,1963,2.4784
Latvia,LVA,1964,2.1761
Latvia,LVA,1965,1.814
Latvia,LVA,1966,1.7271
Latvia,LVA,1967,1.7147
Latvia,LVA,1968,1.8932
Latvia,LVA,1969,1.7901
Latvia,LVA,1970,1.772
Latvia,LVA,1971,1.5372
Latvia,LVA,1972,1.5028
Latvia,LVA,1973,1.4761
Latvia,LVA,1974,1.7535
Latvia,LVA,1975,1.9189
Latvia,LVA,1976,1.8958
Latvia,LVA,1977,1.7659
Latvia,LVA,1978,1.7816
Latvia,LVA,1979,1.817
Latvia,LVA,1980,1.5392
Latvia,LVA,1981,1.5549
Latvia,LVA,1982,1.4068
Latvia,LVA,1983,1.6208
Latvia,LVA,1984,1.3027
Latvia,LVA,1985,1.2661
Latvia,LVA,1986,1.2939
Latvia,LVA,1987,1.1213
Latvia,LVA,1988,1.0992
Latvia,LVA,1989,1.0524
Latvia,LVA,1990,1.2442
Latvia,LVA,1991,1.4207
Latvia,LVA,1992,1.6756
Latvia,LVA,1993,1.503
Latvia,LVA,1994,1.4804
Latvia,LVA,1995,1.7945
Latvia,LVA,1996,1.5411
Latvia,LVA,1997,1.487
Latvia,LVA,1998,1.5026
Latvia,LVA,1999,1.1544
Latvia,LVA,2000,1.0508
Latvia,LVA,2001,1.0827
Latvia,LVA,2002,0.9963
Latvia,LVA,2003,0.9651
Latvia,LVA,2004,0.9185
Latvia,LVA,2005,0.7952
Latvia,LVA,2006,0.7721
Latvia,LVA,2007,0.867
Latvia,LVA,2008,0.668
Latvia,LVA,2009,0.7293
Latvia,LVA,2010,0.5389
Latvia,LVA,2011,0.6489
Latvia,LVA,2012,0.6509
Latvia,LVA,2013,0.453
Latvia,LVA,2014,0.3929
Latvia,LVA,2015,0.4103
Latvia,LVA,2016,0.367
Latvia,LVA,2017,0.4039
Latvia,LVA,2018,0.3042
Latvia,LVA,2019,0.3369
Latvia,LVA,2020,0.3376
Latvia,LVA,2021,0.2707
Latvia,LVA,2022,0.33
Latvia,LVA,2023,0.2902
Least developed countries,,1950,19.1611
Least developed countries,,1951,18.8846
Least developed countries,,1952,18.6237
Least developed countries,,1953,18.3713
Least developed countries,,1954,18.1107
Least developed countries,,1955,17.8535
Least developed countries,,1956,17.6073
Least developed countries,,1957,17.6795
Least developed countries,,1958,17.4364
Least developed countries,,1959,16.8605
Least developed countries,,1960,16.6598
Least developed countries,,1961,16.4056
Least developed countries,,1962,16.1648
Least developed countries,,1963,15.9932
Least developed countries,,1964,15.7306
Least developed countries,,1965,15.5894
Least developed countries,,1966,15.4557
Least developed countries,,1967,15.1374
Least developed countries,,1968,14.9623
Least developed countries,,1969,14.7975
Least developed countries,,1970,14.9338
Least developed countries,,1971,15.5033
Least developed countries,,1972,14.4122
Least developed countries,,1973,14.2412
Least developed countries,,1974,14.2968
Least developed countries,,1975,14.1364
Least developed countries,,1976,13.8375
Least developed countries,,1977,13.6533
Least developed countries,,1978,13.4972
Least developed countries,,1979,13.2452
Least developed countries,,1980,13.0483
Least developed countries,,1981,12.8669
Least developed countries,,1982,12.6476
Least developed countries,,1983,12.9524
Least developed countries,,1984,12.7777
Least developed countries,,1985,12.5425
Least developed countries,,1986,12.1684
Least developed countries,,1987,11.5949
Least developed countries,,1988,11.7112
Least developed countries,,1989,11.1522
Least developed countries,,1990,10.9639
Least developed countries,,1991,11.0309
Least developed countries,,1992,10.753
Least developed countries,,1993,10.3205
Least developed countries,,1994,10.192
Least developed countries,,1995,9.8717
Least developed countries,,1996,9.6682
Least developed countries,,1997,9.4286
Least developed countries,,1998,9.277
Least developed countries,,1999,8.9026
Least developed countries,,2000,8.6164
Least developed countries,,2001,8.3235
Least developed countries,,2002,8.0397
Least developed countries,,2003,7.7492
Least developed countries,,2004,7.4763
Least developed countries,,2005,7.1981
Least developed countries,,2006,6.9223
Least developed countries,,2007,6.6635
Least developed countries,,2008,6.4584
Least developed countries,,2009,6.2837
Least developed countries,,2010,6.0298
Least developed countries,,2011,5.9966
Least developed countries,,2012,5.6157
Least developed countries,,2013,5.3987
Least developed countries,,2014,5.2996
Least developed countries,,2015,5.1596
Least developed countries,,2016,5.0151
Least developed countries,,2017,4.9032
Least developed countries,,2018,4.6593
Least developed countries,,2019,4.529
Least developed countries,,2020,4.3727
Least developed countries,,2021,4.2688
Least developed countries,,2022,4.2553
Least developed countries,,2023,4.0318
Lebanon,LBN,1950,7.5841
Lebanon,LBN,1951,7.3536
Lebanon,LBN,1952,7.1372
Lebanon,LBN,1953,6.9329
Lebanon,LBN,1954,6.7406
Lebanon,LBN,1955,6.7799
Lebanon,LBN,1956,6.3752
Lebanon,LBN,1957,6.1546
Lebanon,LBN,1958,5.9622
Lebanon,LBN,1959,5.7794
Lebanon,LBN,1960,5.6131
Lebanon,LBN,1961,5.4636
Lebanon,LBN,1962,5.3166
Lebanon,LBN,1963,5.1761
Lebanon,LBN,1964,5.0564
Lebanon,LBN,1965,4.954
Lebanon,LBN,1966,4.868
Lebanon,LBN,1967,4.7972
Lebanon,LBN,1968,4.7399
Lebanon,LBN,1969,4.6931
Lebanon,LBN,1970,4.6537
Lebanon,LBN,1971,4.6182
Lebanon,LBN,1972,4.5833
Lebanon,LBN,1973,4.5453
Lebanon,LBN,1974,4.5017
Lebanon,LBN,1975,4.4978
Lebanon,LBN,1976,9.4462
Lebanon,LBN,1977,5.0531
Lebanon,LBN,1978,5.0124
Lebanon,LBN,1979,4.9771
Lebanon,LBN,1980,4.8387
Lebanon,LBN,1981,4.6955
Lebanon,LBN,1982,6.5627
Lebanon,LBN,1983,3.9252
Lebanon,LBN,1984,3.7908
Lebanon,LBN,1985,3.6595
Lebanon,LBN,1986,3.4899
Lebanon,LBN,1987,3.7926
Lebanon,LBN,1988,3.6394
Lebanon,LBN,1989,2.753
Lebanon,LBN,1990,2.638
Lebanon,LBN,1991,2.5361
Lebanon,LBN,1992,2.4467
Lebanon,LBN,1993,2.3224
Lebanon,LBN,1994,2.2096
Lebanon,LBN,1995,2.1108
Lebanon,LBN,1996,2.0245
Lebanon,LBN,1997,1.9279
Lebanon,LBN,1998,1.8511
Lebanon,LBN,1999,1.771
Lebanon,LBN,2000,1.6894
Lebanon,LBN,2001,1.5971
Lebanon,LBN,2002,1.5106
Lebanon,LBN,2003,1.4328
Lebanon,LBN,2004,1.3623
Lebanon,LBN,2005,1.2945
Lebanon,LBN,2006,1.2373
Lebanon,LBN,2007,1.1907
Lebanon,LBN,2008,1.1557
Lebanon,LBN,2009,1.122
Lebanon,LBN,2010,1.0981
Lebanon,LBN,2011,1.0821
Lebanon,LBN,2012,1.0774
Lebanon,LBN,2013,1.0847
Lebanon,LBN,2014,1.0973
Lebanon,LBN,2015,1.1174
Lebanon,LBN,2016,1.1386
Lebanon,LBN,2017,1.1714
Lebanon,LBN,2018,1.2145
Lebanon,LBN,2019,1.2668
Lebanon,LBN,2020,1.6232
Lebanon,LBN,2021,1.4047
Lebanon,LBN,2022,1.4803
Lebanon,LBN,2023,1.5717
Lesotho,LSO,1950,16.2262
Lesotho,LSO,1951,15.8519
Lesotho,LSO,1952,15.4921
Lesotho,LSO,1953,15.1324
Lesotho,LSO,1954,14.7727
Lesotho,LSO,1955,14.4204
Lesotho,LSO,1956,14.0845
Lesotho,LSO,1957,13.7888
Lesotho,LSO,1958,13.5421
Lesotho,LSO,1959,13.3538
Lesotho,LSO,1960,13.2244
Lesotho,LSO,1961,13.1506
Lesotho,LSO,1962,13.116
Lesotho,LSO,1963,13.1051
Lesotho,LSO,1964,13.1005
Lesotho,LSO,1965,13.0853
Lesotho,LSO,1966,13.0443
Lesotho,LSO,1967,12.9688
Lesotho,LSO,1968,12.8548
Lesotho,LSO,1969,12.7038
Lesotho,LSO,1970,12.5196
Lesotho,LSO,1971,12.3068
Lesotho,LSO,1972,12.0669
Lesotho,LSO,1973,11.8005
Lesotho,LSO,1974,11.5065
Lesotho,LSO,1975,11.1841
Lesotho,LSO,1976,10.8344
Lesotho,LSO,1977,10.4622
Lesotho,LSO,1978,10.074
Lesotho,LSO,1979,9.6785
Lesotho,LSO,1980,9.285
Lesotho,LSO,1981,8.903
Lesotho,LSO,1982,8.54
Lesotho,LSO,1983,8.2021
Lesotho,LSO,1984,7.893
Lesotho,LSO,1985,7.6089
Lesotho,LSO,1986,7.3582
Lesotho,LSO,1987,7.1552
Lesotho,LSO,1988,6.9753
Lesotho,LSO,1989,6.8514
Lesotho,LSO,1990,6.7933
Lesotho,LSO,1991,6.7746
Lesotho,LSO,1992,6.8331
Lesotho,LSO,1993,6.9555
Lesotho,LSO,1994,7.1316
Lesotho,LSO,1995,7.3473
Lesotho,LSO,1996,7.582
Lesotho,LSO,1997,7.814
Lesotho,LSO,1998,8.0239
Lesotho,LSO,1999,8.216
Lesotho,LSO,2000,8.3679
Lesotho,LSO,2001,8.4928
Lesotho,LSO,2002,8.5984
Lesotho,LSO,2003,8.6691
Lesotho,LSO,2004,8.7029
Lesotho,LSO,2005,8.6714
Lesotho,LSO,2006,8.5502
Lesotho,LSO,2007,8.3353
Lesotho,LSO,2008,8.0472
Lesotho,LSO,2009,7.7002
Lesotho,LSO,2010,7.3519
Lesotho,LSO,2011,7.069
Lesotho,LSO,2012,6.8149
Lesotho,LSO,2013,6.6217
Lesotho,LSO,2014,6.4805
Lesotho,LSO,2015,6.3711
Lesotho,LSO,2016,6.2708
Lesotho,LSO,2017,6.1841
Lesotho,LSO,2018,6.107
Lesotho,LSO,2019,6.0299
Lesotho,LSO,2020,5.9932
Lesotho,LSO,2021,5.8496
Lesotho,LSO,2022,5.75
Lesotho,LSO,2023,5.6514
Less developed regions,,1950,15.7432
Less developed regions,,1951,15.4263
Less developed regions,,1952,15.0385
Less developed regions,,1953,14.7695
Less developed regions,,1954,14.4807
Less developed regions,,1955,14.1802
Less developed regions,,1956,13.9565
Less developed regions,,1957,13.6996
Less developed regions,,1958,13.4885
Less developed regions,,1959,14.5562
Less developed regions,,1960,15.3674
Less developed regions,,1961,14.1718
Less developed regions,,1962,12.6244
Less developed regions,,1963,12.2004
Less developed regions,,1964,12.0072
Less developed regions,,1965,12.0339
Less developed regions,,1966,11.818
Less developed regions,,1967,11.647
Less developed regions,,1968,11.2569
Less developed regions,,1969,11.0296
Less developed regions,,1970,10.8675
Less developed regions,,1971,10.8061
Less developed regions,,1972,10.5078
Less developed regions,,1973,10.3222
Less developed regions,,1974,10.1972
Less developed regions,,1975,10.0557
Less developed regions,,1976,9.8768
Less developed regions,,1977,9.6934
Less developed regions,,1978,9.4958
Less developed regions,,1979,9.2358
Less developed regions,,1980,9.0067
Less developed regions,,1981,8.7713
Less developed regions,,1982,8.5134
Less developed regions,,1983,8.4723
Less developed regions,,1984,8.2859
Less developed regions,,1985,8.0745
Less developed regions,,1986,7.8341
Less developed regions,,1987,7.576
Less developed regions,,1988,7.5069
Less developed regions,,1989,7.295
Less developed regions,,1990,7.1398
Less developed regions,,1991,7.1509
Less developed regions,,1992,7.0519
Less developed regions,,1993,6.8961
Less developed regions,,1994,6.7919
Less developed regions,,1995,6.6523
Less developed regions,,1996,6.5227
Less developed regions,,1997,6.3774
Less developed regions,,1998,6.2475
Less developed regions,,1999,6.0604
Less developed regions,,2000,5.8618
Less developed regions,,2001,5.6993
Less developed regions,,2002,5.526
Less developed regions,,2003,5.3367
Less developed regions,,2004,5.1549
Less developed regions,,2005,4.9647
Less developed regions,,2006,4.7742
Less developed regions,,2007,4.5935
Less developed regions,,2008,4.4301
Less developed regions,,2009,4.2798
Less developed regions,,2010,4.1236
Less developed regions,,2011,4.0162
Less developed regions,,2012,3.8106
Less developed regions,,2013,3.6934
Less developed regions,,2014,3.5825
Less developed regions,,2015,3.497
Less developed regions,,2016,3.3835
Less developed regions,,2017,3.2929
Less developed regions,,2018,3.2266
Less developed regions,,2019,3.1622
Less developed regions,,2020,3.1144
Less developed regions,,2021,3.0773
Less developed regions,,2022,3.0525
Less developed regions,,2023,2.9501
"Less developed regions, excluding China",,1950,17.1342
"Less developed regions, excluding China",,1951,16.7977
"Less developed regions, excluding China",,1952,16.4418
"Less developed regions, excluding China",,1953,16.1311
"Less developed regions, excluding China",,1954,15.7926
"Less developed regions, excluding China",,1955,15.4834
"Less developed regions, excluding China",,1956,15.1977
"Less developed regions, excluding China",,1957,14.9693
"Less developed regions, excluding China",,1958,14.6923
"Less developed regions, excluding China",,1959,14.3684
"Less developed regions, excluding China",,1960,14.1342
"Less developed regions, excluding China",,1961,13.9204
"Less developed regions, excluding China",,1962,13.6919
"Less developed regions, excluding China",,1963,13.4797
"Less developed regions, excluding China",,1964,13.2717
"Less developed regions, excluding China",,1965,13.3671
"Less developed regions, excluding China",,1966,13.1251
"Less developed regions, excluding China",,1967,12.906
"Less developed regions, excluding China",,1968,12.5371
"Less developed regions, excluding China",,1969,12.3444
"Less developed regions, excluding China",,1970,12.2269
"Less developed regions, excluding China",,1971,12.2022
"Less developed regions, excluding China",,1972,11.8337
"Less developed regions, excluding China",,1973,11.6342
"Less developed regions, excluding China",,1974,11.4774
"Less developed regions, excluding China",,1975,11.2551
"Less developed regions, excluding China",,1976,11.0128
"Less developed regions, excluding China",,1977,10.7787
"Less developed regions, excluding China",,1978,10.5578
"Less developed regions, excluding China",,1979,10.3055
"Less developed regions, excluding China",,1980,10.0764
"Less developed regions, excluding China",,1981,9.8426
"Less developed regions, excluding China",,1982,9.6112
"Less developed regions, excluding China",,1983,9.4927
"Less developed regions, excluding China",,1984,9.2865
"Less developed regions, excluding China",,1985,9.0766
"Less developed regions, excluding China",,1986,8.8436
"Less developed regions, excluding China",,1987,8.5753
"Less developed regions, excluding China",,1988,8.4664
"Less developed regions, excluding China",,1989,8.2117
"Less developed regions, excluding China",,1990,8.0461
"Less developed regions, excluding China",,1991,7.9315
"Less developed regions, excluding China",,1992,7.7509
"Less developed regions, excluding China",,1993,7.5464
"Less developed regions, excluding China",,1994,7.417
"Less developed regions, excluding China",,1995,7.2528
"Less developed regions, excluding China",,1996,7.1005
"Less developed regions, excluding China",,1997,6.9331
"Less developed regions, excluding China",,1998,6.7872
"Less developed regions, excluding China",,1999,6.5829
"Less developed regions, excluding China",,2000,6.3913
"Less developed regions, excluding China",,2001,6.2052
"Less developed regions, excluding China",,2002,6.0212
"Less developed regions, excluding China",,2003,5.8229
"Less developed regions, excluding China",,2004,5.642
"Less developed regions, excluding China",,2005,5.4492
"Less developed regions, excluding China",,2006,5.2563
"Less developed regions, excluding China",,2007,5.0743
"Less developed regions, excluding China",,2008,4.9113
"Less developed regions, excluding China",,2009,4.7619
"Less developed regions, excluding China",,2010,4.592
"Less developed regions, excluding China",,2011,4.478
"Less developed regions, excluding China",,2012,4.2814
"Less developed regions, excluding China",,2013,4.1415
"Less developed regions, excluding China",,2014,4.0316
"Less developed regions, excluding China",,2015,3.9179
"Less developed regions, excluding China",,2016,3.8087
"Less developed regions, excluding China",,2017,3.7154
"Less developed regions, excluding China",,2018,3.5896
"Less developed regions, excluding China",,2019,3.5007
"Less developed regions, excluding China",,2020,3.3973
"Less developed regions, excluding China",,2021,3.3245
"Less developed regions, excluding China",,2022,3.2749
"Less developed regions, excluding China",,2023,3.1509
"Less developed regions, excluding least developed countries",,1950,15.2313
"Less developed regions, excluding least developed countries",,1951,14.9104
"Less developed regions, excluding least developed countries",,1952,14.5198
"Less developed regions, excluding least developed countries",,1953,14.2471
"Less developed regions, excluding least developed countries",,1954,13.956
"Less developed regions, excluding least developed countries",,1955,13.6504
"Less developed regions, excluding least developed countries",,1956,13.4198
"Less developed regions, excluding least developed countries",,1957,13.1223
"Less developed regions, excluding least developed countries",,1958,12.9034
"Less developed regions, excluding least developed countries",,1959,14.1961
"Less developed regions, excluding least developed countries",,1960,15.1578
"Less developed regions, excluding least developed countries",,1961,13.7928
"Less developed regions, excluding least developed countries",,1962,12.0669
"Less developed regions, excluding least developed countries",,1963,11.652
"Less developed regions, excluding least developed countries",,1964,11.4602
"Less developed regions, excluding least developed countries",,1965,11.498
"Less developed regions, excluding least developed countries",,1966,11.2566
"Less developed regions, excluding least developed countries",,1967,11.0907
"Less developed regions, excluding least developed countries",,1968,10.6721
"Less developed regions, excluding least developed countries",,1969,10.4306
"Less developed regions, excluding least developed countries",,1970,10.2118
"Less developed regions, excluding least developed countries",,1971,10.0291
"Less developed regions, excluding least developed countries",,1972,9.8463
"Less developed regions, excluding least developed countries",,1973,9.6414
"Less developed regions, excluding least developed countries",,1974,9.4606
"Less developed regions, excluding least developed countries",,1975,9.2935
"Less developed regions, excluding least developed countries",,1976,9.1181
"Less developed regions, excluding least developed countries",,1977,8.9136
"Less developed regions, excluding least developed countries",,1978,8.6954
"Less developed regions, excluding least developed countries",,1979,8.429
"Less developed regions, excluding least developed countries",,1980,8.19
"Less developed regions, excluding least developed countries",,1981,7.9471
"Less developed regions, excluding least developed countries",,1982,7.6911
"Less developed regions, excluding least developed countries",,1983,7.5544
"Less developed regions, excluding least developed countries",,1984,7.3612
"Less developed regions, excluding least developed countries",,1985,7.1546
"Less developed regions, excluding least developed countries",,1986,6.9497
"Less developed regions, excluding least developed countries",,1987,6.7602
"Less developed regions, excluding least developed countries",,1988,6.6381
"Less developed regions, excluding least developed countries",,1989,6.493
"Less developed regions, excluding least developed countries",,1990,6.3387
"Less developed regions, excluding least developed countries",,1991,6.295
"Less developed regions, excluding least developed countries",,1992,6.206
"Less developed regions, excluding least developed countries",,1993,6.0894
"Less developed regions, excluding least developed countries",,1994,5.9673
"Less developed regions, excluding least developed countries",,1995,5.8532
"Less developed regions, excluding least developed countries",,1996,5.7213
"Less developed regions, excluding least developed countries",,1997,5.5815
"Less developed regions, excluding least developed countries",,1998,5.4403
"Less developed regions, excluding least developed countries",,1999,5.2885
"Less developed regions, excluding least developed countries",,2000,5.1084
"Less developed regions, excluding least developed countries",,2001,4.969
"Less developed regions, excluding least developed countries",,2002,4.8141
"Less developed regions, excluding least developed countries",,2003,4.6416
"Less developed regions, excluding least developed countries",,2004,4.4788
"Less developed regions, excluding least developed countries",,2005,4.3074
"Less developed regions, excluding least developed countries",,2006,4.1367
"Less developed regions, excluding least developed countries",,2007,3.9764
"Less developed regions, excluding least developed countries",,2008,3.8261
"Less developed regions, excluding least developed countries",,2009,3.6816
"Less developed regions, excluding least developed countries",,2010,3.5504
"Less developed regions, excluding least developed countries",,2011,3.4165
"Less developed regions, excluding least developed countries",,2012,3.2656
"Less developed regions, excluding least developed countries",,2013,3.1662
"Less developed regions, excluding least developed countries",,2014,3.0414
"Less developed regions, excluding least developed countries",,2015,2.958
"Less developed regions, excluding least developed countries",,2016,2.8453
"Less developed regions, excluding least developed countries",,2017,2.7465
"Less developed regions, excluding least developed countries",,2018,2.7153
"Less developed regions, excluding least developed countries",,2019,2.6544
"Less developed regions, excluding least developed countries",,2020,2.6192
"Less developed regions, excluding least developed countries",,2021,2.589
"Less developed regions, excluding least developed countries",,2022,2.5445
"Less developed regions, excluding least developed countries",,2023,2.4838
Liberia,LBR,1950,18.6059
Liberia,LBR,1951,18.5996
Liberia,LBR,1952,18.5936
Liberia,LBR,1953,18.5893
Liberia,LBR,1954,18.5877
Liberia,LBR,1955,18.5907
Liberia,LBR,1956,18.5988
Liberia,LBR,1957,18.6115
Liberia,LBR,1958,18.6261
Liberia,LBR,1959,18.6383
Liberia,LBR,1960,18.6432
Liberia,LBR,1961,18.6362
Liberia,LBR,1962,18.6117
Liberia,LBR,1963,18.5666
Liberia,LBR,1964,18.4986
Liberia,LBR,1965,18.4063
Liberia,LBR,1966,18.2896
Liberia,LBR,1967,18.1502
Liberia,LBR,1968,17.9906
Liberia,LBR,1969,17.8145
Liberia,LBR,1970,17.6298
Liberia,LBR,1971,17.4449
Liberia,LBR,1972,17.2335
Liberia,LBR,1973,17.0314
Liberia,LBR,1974,16.8292
Liberia,LBR,1975,16.6337
Liberia,LBR,1976,16.4437
Liberia,LBR,1977,16.2652
Liberia,LBR,1978,16.0984
Liberia,LBR,1979,15.9504
Liberia,LBR,1980,15.8322
Liberia,LBR,1981,15.7366
Liberia,LBR,1982,15.6823
Liberia,LBR,1983,15.6643
Liberia,LBR,1984,15.6952
Liberia,LBR,1985,15.8702
Liberia,LBR,1986,15.8789
Liberia,LBR,1987,16.011
Liberia,LBR,1988,16.1462
Liberia,LBR,1989,16.2623
Liberia,LBR,1990,16.3365
Liberia,LBR,1991,16.4168
Liberia,LBR,1992,16.2809
Liberia,LBR,1993,16.4049
Liberia,LBR,1994,16.3185
Liberia,LBR,1995,15.7912
Liberia,LBR,1996,15.4516
Liberia,LBR,1997,14.6197
Liberia,LBR,1998,14.0631
Liberia,LBR,1999,13.453
Liberia,LBR,2000,12.8126
Liberia,LBR,2001,12.1471
Liberia,LBR,2002,11.489
Liberia,LBR,2003,11.0769
Liberia,LBR,2004,10.2373
Liberia,LBR,2005,9.6755
Liberia,LBR,2006,9.1666
Liberia,LBR,2007,8.7178
Liberia,LBR,2008,8.3284
Liberia,LBR,2009,7.9959
Liberia,LBR,2010,7.7102
Liberia,LBR,2011,7.4646
Liberia,LBR,2012,7.2543
Liberia,LBR,2013,7.0735
Liberia,LBR,2014,7.0309
Liberia,LBR,2015,6.8983
Liberia,LBR,2016,6.6214
Liberia,LBR,2017,6.463
Liberia,LBR,2018,6.3157
Liberia,LBR,2019,6.169
Liberia,LBR,2020,6.0217
Liberia,LBR,2021,5.8765
Liberia,LBR,2022,5.7334
Liberia,LBR,2023,5.5929
Libya,LBY,1950,21.7937
Libya,LBY,1951,21.6167
Libya,LBY,1952,21.4473
Libya,LBY,1953,21.2466
Libya,LBY,1954,20.9924
Libya,LBY,1955,20.665
Libya,LBY,1956,20.2516
Libya,LBY,1957,19.7459
Libya,LBY,1958,19.1472
Libya,LBY,1959,18.4613
Libya,LBY,1960,17.6985
Libya,LBY,1961,16.8725
Libya,LBY,1962,16.002
Libya,LBY,1963,15.1465
Libya,LBY,1964,14.213
Libya,LBY,1965,13.3366
Libya,LBY,1966,12.4965
Libya,LBY,1967,11.7043
Libya,LBY,1968,10.9647
Libya,LBY,1969,10.2785
Libya,LBY,1970,9.6471
Libya,LBY,1971,9.0559
Libya,LBY,1972,8.5124
Libya,LBY,1973,8.0113
Libya,LBY,1974,7.5449
Libya,LBY,1975,7.1142
Libya,LBY,1976,6.7217
Libya,LBY,1977,6.3639
Libya,LBY,1978,6.0372
Libya,LBY,1979,5.7378
Libya,LBY,1980,5.4615
Libya,LBY,1981,5.2034
Libya,LBY,1982,4.9602
Libya,LBY,1983,4.7308
Libya,LBY,1984,4.5117
Libya,LBY,1985,4.2978
Libya,LBY,1986,4.0953
Libya,LBY,1987,3.9016
Libya,LBY,1988,3.7169
Libya,LBY,1989,3.5419
Libya,LBY,1990,3.3776
Libya,LBY,1991,3.2253
Libya,LBY,1992,3.0851
Libya,LBY,1993,2.957
Libya,LBY,1994,2.8401
Libya,LBY,1995,2.7333
Libya,LBY,1996,2.6357
Libya,LBY,1997,2.5468
Libya,LBY,1998,2.4631
Libya,LBY,1999,2.3838
Libya,LBY,2000,2.3088
Libya,LBY,2001,2.2276
Libya,LBY,2002,2.1461
Libya,LBY,2003,2.0596
Libya,LBY,2004,1.9681
Libya,LBY,2005,1.8724
Libya,LBY,2006,1.7753
Libya,LBY,2007,1.6766
Libya,LBY,2008,1.5823
Libya,LBY,2009,1.4944
Libya,LBY,2010,1.4135
Libya,LBY,2011,1.4857
Libya,LBY,2012,1.2803
Libya,LBY,2013,1.232
Libya,LBY,2014,1.2077
Libya,LBY,2015,1.1649
Libya,LBY,2016,1.1231
Libya,LBY,2017,1.0665
Libya,LBY,2018,1.0185
Libya,LBY,2019,1.0061
Libya,LBY,2020,0.9593
Libya,LBY,2021,0.9
Libya,LBY,2022,0.8682
Libya,LBY,2023,1.6029
Liechtenstein,LIE,1950,4.7657
Liechtenstein,LIE,1951,4.5584
Liechtenstein,LIE,1952,4.4089
Liechtenstein,LIE,1953,4.1367
Liechtenstein,LIE,1954,3.89
Liechtenstein,LIE,1955,3.5996
Liechtenstein,LIE,1956,3.3783
Liechtenstein,LIE,1957,3.1329
Liechtenstein,LIE,1958,2.9551
Liechtenstein,LIE,1959,2.7931
Liechtenstein,LIE,1960,2.6885
Liechtenstein,LIE,1961,2.6548
Liechtenstein,LIE,1962,2.6803
Liechtenstein,LIE,1963,2.6607
Liechtenstein,LIE,1964,2.6165
Liechtenstein,LIE,1965,2.574
Liechtenstein,LIE,1966,2.4739
Liechtenstein,LIE,1967,2.3893
Liechtenstein,LIE,1968,2.3165
Liechtenstein,LIE,1969,2.2651
Liechtenstein,LIE,1970,2.2021
Liechtenstein,LIE,1971,2.1405
Liechtenstein,LIE,1972,2.0387
Liechtenstein,LIE,1973,1.9537
Liechtenstein,LIE,1974,1.8482
Liechtenstein,LIE,1975,1.7614
Liechtenstein,LIE,1976,1.6821
Liechtenstein,LIE,1977,1.6241
Liechtenstein,LIE,1978,1.627
Liechtenstein,LIE,1979,1.6192
Liechtenstein,LIE,1980,1.6135
Liechtenstein,LIE,1981,1.6029
Liechtenstein,LIE,1982,1.5992
Liechtenstein,LIE,1983,1.4836
Liechtenstein,LIE,1984,1.402
Liechtenstein,LIE,1985,1.3219
Liechtenstein,LIE,1986,1.2439
Liechtenstein,LIE,1987,1.1635
Liechtenstein,LIE,1988,1.1262
Liechtenstein,LIE,1989,1.0815
Liechtenstein,LIE,1990,1.0428
Liechtenstein,LIE,1991,1.0205
Liechtenstein,LIE,1992,1.0192
Liechtenstein,LIE,1993,1.0411
Liechtenstein,LIE,1994,1.0781
Liechtenstein,LIE,1995,1.1179
Liechtenstein,LIE,1996,1.16
Liechtenstein,LIE,1997,1.1712
Liechtenstein,LIE,1998,1.1394
Liechtenstein,LIE,1999,1.0839
Liechtenstein,LIE,2000,1.023
Liechtenstein,LIE,2001,0.9505
Liechtenstein,LIE,2002,0.8864
Liechtenstein,LIE,2003,0.8341
Liechtenstein,LIE,2004,0.7876
Liechtenstein,LIE,2005,0.7539
Liechtenstein,LIE,2006,0.7301
Liechtenstein,LIE,2007,0.71
Liechtenstein,LIE,2008,0.6927
Liechtenstein,LIE,2009,0.6849
Liechtenstein,LIE,2010,0.6744
Liechtenstein,LIE,2011,0.6652
Liechtenstein,LIE,2012,0.6571
Liechtenstein,LIE,2013,0.6483
Liechtenstein,LIE,2014,0.6366
Liechtenstein,LIE,2015,0.6212
Liechtenstein,LIE,2016,0.6111
Liechtenstein,LIE,2017,0.5968
Liechtenstein,LIE,2018,0.5859
Liechtenstein,LIE,2019,0.5763
Liechtenstein,LIE,2020,0.5748
Liechtenstein,LIE,2021,0.5636
Liechtenstein,LIE,2022,0.5624
Liechtenstein,LIE,2023,0.5608
Lithuania,LTU,1950,5.2638
Lithuania,LTU,1951,5.2018
Lithuania,LTU,1952,5.1409
Lithuania,LTU,1953,5.0717
Lithuania,LTU,1954,4.9872
Lithuania,LTU,1955,4.8795
Lithuania,LTU,1956,4.7401
Lithuania,LTU,1957,4.4727
Lithuania,LTU,1958,4.1547
Lithuania,LTU,1959,3.85
Lithuania,LTU,1960,3.7923
Lithuania,LTU,1961,3.5311
Lithuania,LTU,1962,3.4983
Lithuania,LTU,1963,3.4109
Lithuania,LTU,1964,2.9434
Lithuania,LTU,1965,2.4175
Lithuania,LTU,1966,2.3285
Lithuania,LTU,1967,2.0232
Lithuania,LTU,1968,1.9871
Lithuania,LTU,1969,2.1118
Lithuania,LTU,1970,1.9824
Lithuania,LTU,1971,1.4928
Lithuania,LTU,1972,1.7028
Lithuania,LTU,1973,1.7566
Lithuania,LTU,1974,1.9346
Lithuania,LTU,1975,1.9428
Lithuania,LTU,1976,1.8209
Lithuania,LTU,1977,1.7074
Lithuania,LTU,1978,1.8363
Lithuania,LTU,1979,1.7093
Lithuania,LTU,1980,1.4412
Lithuania,LTU,1981,1.6492
Lithuania,LTU,1982,1.5123
Lithuania,LTU,1983,1.4309
Lithuania,LTU,1984,1.3294
Lithuania,LTU,1985,1.4146
Lithuania,LTU,1986,1.1531
Lithuania,LTU,1987,1.2156
Lithuania,LTU,1988,1.1167
Lithuania,LTU,1989,1.0611
Lithuania,LTU,1990,1.046
Lithuania,LTU,1991,1.4247
Lithuania,LTU,1992,1.6175
Lithuania,LTU,1993,1.4619
Lithuania,LTU,1994,1.3605
Lithuania,LTU,1995,1.236
Lithuania,LTU,1996,0.9893
Lithuania,LTU,1997,1.0172
Lithuania,LTU,1998,0.9184
Lithuania,LTU,1999,0.8562
Lithuania,LTU,2000,0.8385
Lithuania,LTU,2001,0.7714
Lithuania,LTU,2002,0.7915
Lithuania,LTU,2003,0.7001
Lithuania,LTU,2004,0.8024
Lithuania,LTU,2005,0.7125
Lithuania,LTU,2006,0.7344
Lithuania,LTU,2007,0.6452
Lithuania,LTU,2008,0.567
Lithuania,LTU,2009,0.5678
Lithuania,LTU,2010,0.4826
Lithuania,LTU,2011,0.4686
Lithuania,LTU,2012,0.3954
Lithuania,LTU,2013,0.3609
Lithuania,LTU,2014,0.3928
Lithuania,LTU,2015,0.4249
Lithuania,LTU,2016,0.4443
Lithuania,LTU,2017,0.287
Lithuania,LTU,2018,0.3355
Lithuania,LTU,2019,0.3226
Lithuania,LTU,2020,0.2666
Lithuania,LTU,2021,0.3004
Lithuania,LTU,2022,0.3138
Lithuania,LTU,2023,0.2828
Low-income countries,OWID_LIC,1950,19.4213
Low-income countries,OWID_LIC,1951,18.8514
Low-income countries,OWID_LIC,1952,18.3253
Low-income countries,OWID_LIC,1953,17.9872
Low-income countries,OWID_LIC,1954,17.6216
Low-income countries,OWID_LIC,1955,17.3254
Low-income countries,OWID_LIC,1956,17.0698
Low-income countries,OWID_LIC,1957,17.3499
Low-income countries,OWID_LIC,1958,17.0573
Low-income countries,OWID_LIC,1959,16.2715
Low-income countries,OWID_LIC,1960,16.0587
Low-income countries,OWID_LIC,1961,15.8724
Low-income countries,OWID_LIC,1962,15.6517
Low-income countries,OWID_LIC,1963,15.4406
Low-income countries,OWID_LIC,1964,15.2035
Low-income countries,OWID_LIC,1965,15.0294
Low-income countries,OWID_LIC,1966,15.0261
Low-income countries,OWID_LIC,1967,14.5637
Low-income countries,OWID_LIC,1968,14.3806
Low-income countries,OWID_LIC,1969,14.2112
Low-income countries,OWID_LIC,1970,14.0403
Low-income countries,OWID_LIC,1971,13.8867
Low-income countries,OWID_LIC,1972,13.8507
Low-income countries,OWID_LIC,1973,13.7086
Low-income countries,OWID_LIC,1974,13.8454
Low-income countries,OWID_LIC,1975,13.7145
Low-income countries,OWID_LIC,1976,13.3502
Low-income countries,OWID_LIC,1977,13.1997
Low-income countries,OWID_LIC,1978,13.0787
Low-income countries,OWID_LIC,1979,12.8735
Low-income countries,OWID_LIC,1980,12.7118
Low-income countries,OWID_LIC,1981,12.5646
Low-income countries,OWID_LIC,1982,12.3782
Low-income countries,OWID_LIC,1983,13.0701
Low-income countries,OWID_LIC,1984,12.9475
Low-income countries,OWID_LIC,1985,12.6979
Low-income countries,OWID_LIC,1986,12.2453
Low-income countries,OWID_LIC,1987,11.4297
Low-income countries,OWID_LIC,1988,11.8104
Low-income countries,OWID_LIC,1989,11.0671
Low-income countries,OWID_LIC,1990,10.9355
Low-income countries,OWID_LIC,1991,11.1044
Low-income countries,OWID_LIC,1992,10.923
Low-income countries,OWID_LIC,1993,10.3941
Low-income countries,OWID_LIC,1994,10.3518
Low-income countries,OWID_LIC,1995,10.0861
Low-income countries,OWID_LIC,1996,9.9152
Low-income countries,OWID_LIC,1997,9.701
Low-income countries,OWID_LIC,1998,9.6194
Low-income countries,OWID_LIC,1999,9.2065
Low-income countries,OWID_LIC,2000,8.9347
Low-income countries,OWID_LIC,2001,8.6583
Low-income countries,OWID_LIC,2002,8.3839
Low-income countries,OWID_LIC,2003,8.0465
Low-income countries,OWID_LIC,2004,7.7769
Low-income countries,OWID_LIC,2005,7.5033
Low-income countries,OWID_LIC,2006,7.2135
Low-income countries,OWID_LIC,2007,6.9351
Low-income countries,OWID_LIC,2008,6.6807
Low-income countries,OWID_LIC,2009,6.5918
Low-income countries,OWID_LIC,2010,6.2861
Low-income countries,OWID_LIC,2011,6.3626
Low-income countries,OWID_LIC,2012,5.9141
Low-income countries,OWID_LIC,2013,5.6957
Low-income countries,OWID_LIC,2014,5.6451
Low-income countries,OWID_LIC,2015,5.5244
Low-income countries,OWID_LIC,2016,5.3899
Low-income countries,OWID_LIC,2017,5.2899
Low-income countries,OWID_LIC,2018,4.9952
Low-income countries,OWID_LIC,2019,4.8535
Low-income countries,OWID_LIC,2020,4.6765
Low-income countries,OWID_LIC,2021,4.5764
Low-income countries,OWID_LIC,2022,4.6094
Low-income countries,OWID_LIC,2023,4.332
Lower-middle-income countries,OWID_LMC,1950,17.3726
Lower-middle-income countries,OWID_LMC,1951,17.1142
Lower-middle-income countries,OWID_LMC,1952,16.806
Lower-middle-income countries,OWID_LMC,1953,16.5336
Lower-middle-income countries,OWID_LMC,1954,16.2174
Lower-middle-income countries,OWID_LMC,1955,15.9348
Lower-middle-income countries,OWID_LMC,1956,15.6741
Lower-middle-income countries,OWID_LMC,1957,15.4067
Lower-middle-income countries,OWID_LMC,1958,15.1543
Lower-middle-income countries,OWID_LMC,1959,14.9067
Lower-middle-income countries,OWID_LMC,1960,14.6972
Lower-middle-income countries,OWID_LMC,1961,14.5272
Lower-middle-income countries,OWID_LMC,1962,14.3297
Lower-middle-income countries,OWID_LMC,1963,14.1573
Lower-middle-income countries,OWID_LMC,1964,13.9908
Lower-middle-income countries,OWID_LMC,1965,14.1897
Lower-middle-income countries,OWID_LMC,1966,14.0075
Lower-middle-income countries,OWID_LMC,1967,13.8608
Lower-middle-income countries,OWID_LMC,1968,13.4041
Lower-middle-income countries,OWID_LMC,1969,13.2348
Lower-middle-income countries,OWID_LMC,1970,13.1674
Lower-middle-income countries,OWID_LMC,1971,13.2628
Lower-middle-income countries,OWID_LMC,1972,12.7666
Lower-middle-income countries,OWID_LMC,1973,12.5732
Lower-middle-income countries,OWID_LMC,1974,12.3854
Lower-middle-income countries,OWID_LMC,1975,12.1435
Lower-middle-income countries,OWID_LMC,1976,11.9048
Lower-middle-income countries,OWID_LMC,1977,11.6558
Lower-middle-income countries,OWID_LMC,1978,11.4069
Lower-middle-income countries,OWID_LMC,1979,11.1292
Lower-middle-income countries,OWID_LMC,1980,10.8779
Lower-middle-income countries,OWID_LMC,1981,10.6245
Lower-middle-income countries,OWID_LMC,1982,10.371
Lower-middle-income countries,OWID_LMC,1983,10.1123
Lower-middle-income countries,OWID_LMC,1984,9.8731
Lower-middle-income countries,OWID_LMC,1985,9.6526
Lower-middle-income countries,OWID_LMC,1986,9.4345
Lower-middle-income countries,OWID_LMC,1987,9.2384
Lower-middle-income countries,OWID_LMC,1988,9.0429
Lower-middle-income countries,OWID_LMC,1989,8.8522
Lower-middle-income countries,OWID_LMC,1990,8.6745
Lower-middle-income countries,OWID_LMC,1991,8.5193
Lower-middle-income countries,OWID_LMC,1992,8.3321
Lower-middle-income countries,OWID_LMC,1993,8.1724
Lower-middle-income countries,OWID_LMC,1994,8.0206
Lower-middle-income countries,OWID_LMC,1995,7.8635
Lower-middle-income countries,OWID_LMC,1996,7.6973
Lower-middle-income countries,OWID_LMC,1997,7.5163
Lower-middle-income countries,OWID_LMC,1998,7.3315
Lower-middle-income countries,OWID_LMC,1999,7.1259
Lower-middle-income countries,OWID_LMC,2000,6.9125
Lower-middle-income countries,OWID_LMC,2001,6.6967
Lower-middle-income countries,OWID_LMC,2002,6.4796
Lower-middle-income countries,OWID_LMC,2003,6.2647
Lower-middle-income countries,OWID_LMC,2004,6.0578
Lower-middle-income countries,OWID_LMC,2005,5.8589
Lower-middle-income countries,OWID_LMC,2006,5.6494
Lower-middle-income countries,OWID_LMC,2007,5.4541
Lower-middle-income countries,OWID_LMC,2008,5.2804
Lower-middle-income countries,OWID_LMC,2009,5.0874
Lower-middle-income countries,OWID_LMC,2010,4.9251
Lower-middle-income countries,OWID_LMC,2011,4.7488
Lower-middle-income countries,OWID_LMC,2012,4.5804
Lower-middle-income countries,OWID_LMC,2013,4.4238
Lower-middle-income countries,OWID_LMC,2014,4.2764
Lower-middle-income countries,OWID_LMC,2015,4.134
Lower-middle-income countries,OWID_LMC,2016,3.9972
Lower-middle-income countries,OWID_LMC,2017,3.8772
Lower-middle-income countries,OWID_LMC,2018,3.7608
Lower-middle-income countries,OWID_LMC,2019,3.6491
Lower-middle-income countries,OWID_LMC,2020,3.5391
Lower-middle-income countries,OWID_LMC,2021,3.4364
Lower-middle-income countries,OWID_LMC,2022,3.3328
Lower-middle-income countries,OWID_LMC,2023,3.2312
Luxembourg,LUX,1950,4.988
Luxembourg,LUX,1951,5.3321
Luxembourg,LUX,1952,4.8148
Luxembourg,LUX,1953,4.8629
Luxembourg,LUX,1954,4.7466
Luxembourg,LUX,1955,4.1657
Luxembourg,LUX,1956,4.4641
Luxembourg,LUX,1957,4.109
Luxembourg,LUX,1958,3.7835
Luxembourg,LUX,1959,4.0322
Luxembourg,LUX,1960,3.1064
Luxembourg,LUX,1961,2.6195
Luxembourg,LUX,1962,3.0838
Luxembourg,LUX,1963,2.8446
Luxembourg,LUX,1964,2.942
Luxembourg,LUX,1965,2.3945
Luxembourg,LUX,1966,2.6381
Luxembourg,LUX,1967,2.0004
Luxembourg,LUX,1968,1.6478
Luxembourg,LUX,1969,1.6776
Luxembourg,LUX,1970,2.4722
Luxembourg,LUX,1971,2.2495
Luxembourg,LUX,1972,1.3229
Luxembourg,LUX,1973,1.4534
Luxembourg,LUX,1974,1.3821
Luxembourg,LUX,1975,1.4591
Luxembourg,LUX,1976,1.7792
Luxembourg,LUX,1977,1.0898
Luxembourg,LUX,1978,1.0232
Luxembourg,LUX,1979,1.236
Luxembourg,LUX,1980,1.159
Luxembourg,LUX,1981,1.364
Luxembourg,LUX,1982,1.2018
Luxembourg,LUX,1983,1.1045
Luxembourg,LUX,1984,1.154
Luxembourg,LUX,1985,0.8793
Luxembourg,LUX,1986,0.8109
Luxembourg,LUX,1987,0.9207
Luxembourg,LUX,1988,0.8998
Luxembourg,LUX,1989,0.9784
Luxembourg,LUX,1990,0.7441
Luxembourg,LUX,1991,0.9129
Luxembourg,LUX,1992,0.8632
Luxembourg,LUX,1993,0.6025
Luxembourg,LUX,1994,0.5263
Luxembourg,LUX,1995,0.5474
Luxembourg,LUX,1996,0.5062
Luxembourg,LUX,1997,0.4078
Luxembourg,LUX,1998,0.495
Luxembourg,LUX,1999,0.4764
Luxembourg,LUX,2000,0.5154
Luxembourg,LUX,2001,0.5779
Luxembourg,LUX,2002,0.5006
Luxembourg,LUX,2003,0.4863
Luxembourg,LUX,2004,0.3923
Luxembourg,LUX,2005,0.2578
Luxembourg,LUX,2006,0.2593
Luxembourg,LUX,2007,0.1829
Luxembourg,LUX,2008,0.1797
Luxembourg,LUX,2009,0.2479
Luxembourg,LUX,2010,0.3471
Luxembourg,LUX,2011,0.4124
Luxembourg,LUX,2012,0.2517
Luxembourg,LUX,2013,0.3933
Luxembourg,LUX,2014,0.2817
Luxembourg,LUX,2015,0.2773
Luxembourg,LUX,2016,0.3733
Luxembourg,LUX,2017,0.3225
Luxembourg,LUX,2018,0.4342
Luxembourg,LUX,2019,0.4604
Luxembourg,LUX,2020,0.4469
Luxembourg,LUX,2021,0.3186
Luxembourg,LUX,2022,0.3494
Luxembourg,LUX,2023,0.4445
Macao,MAC,1950,6.6211
Macao,MAC,1951,6.4221
Macao,MAC,1952,6.2291
Macao,MAC,1953,6.0365
Macao,MAC,1954,5.8426
Macao,MAC,1955,5.6442
Macao,MAC,1956,5.4487
Macao,MAC,1957,5.2539
Macao,MAC,1958,5.0505
Macao,MAC,1959,4.8572
Macao,MAC,1960,4.6652
Macao,MAC,1961,4.4789
Macao,MAC,1962,4.2947
Macao,MAC,1963,4.1171
Macao,MAC,1964,3.9441
Macao,MAC,1965,3.7754
Macao,MAC,1966,3.6093
Macao,MAC,1967,3.4465
Macao,MAC,1968,3.2865
Macao,MAC,1969,3.1297
Macao,MAC,1970,2.9768
Macao,MAC,1971,2.8244
Macao,MAC,1972,2.6787
Macao,MAC,1973,2.5402
Macao,MAC,1974,2.4034
Macao,MAC,1975,2.2763
Macao,MAC,1976,2.156
Macao,MAC,1977,2.0431
Macao,MAC,1978,1.9375
Macao,MAC,1979,1.8381
Macao,MAC,1980,1.7446
Macao,MAC,1981,1.6565
Macao,MAC,1982,1.5731
Macao,MAC,1983,1.4939
Macao,MAC,1984,1.4184
Macao,MAC,1985,1.3465
Macao,MAC,1986,1.2779
Macao,MAC,1987,1.2124
Macao,MAC,1988,1.1502
Macao,MAC,1989,1.0908
Macao,MAC,1990,1.0338
Macao,MAC,1991,0.9796
Macao,MAC,1992,0.9273
Macao,MAC,1993,0.877
Macao,MAC,1994,0.829
Macao,MAC,1995,0.7831
Macao,MAC,1996,0.7397
Macao,MAC,1997,0.6985
Macao,MAC,1998,0.66
Macao,MAC,1999,0.624
Macao,MAC,2000,0.5903
Macao,MAC,2001,0.5595
Macao,MAC,2002,0.5304
Macao,MAC,2003,0.5033
Macao,MAC,2004,0.478
Macao,MAC,2005,0.4539
Macao,MAC,2006,0.4314
Macao,MAC,2007,0.41
Macao,MAC,2008,0.3905
Macao,MAC,2009,0.3727
Macao,MAC,2010,0.3555
Macao,MAC,2011,0.3403
Macao,MAC,2012,0.3261
Macao,MAC,2013,0.3138
Macao,MAC,2014,0.3025
Macao,MAC,2015,0.2918
Macao,MAC,2016,0.2825
Macao,MAC,2017,0.28
Macao,MAC,2018,0.2655
Macao,MAC,2019,0.2575
Macao,MAC,2020,0.2495
Macao,MAC,2021,0.242
Macao,MAC,2022,0.2353
Macao,MAC,2023,0.2284
Madagascar,MDG,1950,14.0221
Madagascar,MDG,1951,13.8483
Madagascar,MDG,1952,13.6783
Madagascar,MDG,1953,13.5046
Madagascar,MDG,1954,13.3312
Madagascar,MDG,1955,13.1584
Madagascar,MDG,1956,12.986
Madagascar,MDG,1957,12.8138
Madagascar,MDG,1958,12.6387
Madagascar,MDG,1959,12.464
Madagascar,MDG,1960,12.2923
Madagascar,MDG,1961,12.1246
Madagascar,MDG,1962,11.9588
Madagascar,MDG,1963,11.7948
Madagascar,MDG,1964,11.6317
Madagascar,MDG,1965,11.4663
Madagascar,MDG,1966,11.2979
Madagascar,MDG,1967,11.1212
Madagascar,MDG,1968,10.9309
Madagascar,MDG,1969,10.7482
Madagascar,MDG,1970,10.5729
Madagascar,MDG,1971,10.4083
Madagascar,MDG,1972,10.2721
Madagascar,MDG,1973,10.1616
Madagascar,MDG,1974,10.0859
Madagascar,MDG,1975,10.0466
Madagascar,MDG,1976,10.0481
Madagascar,MDG,1977,10.0885
Madagascar,MDG,1978,10.1605
Madagascar,MDG,1979,10.2539
Madagascar,MDG,1980,10.365
Madagascar,MDG,1981,10.4735
Madagascar,MDG,1982,10.5563
Madagascar,MDG,1983,10.5938
Madagascar,MDG,1984,10.5982
Madagascar,MDG,1985,10.5434
Madagascar,MDG,1986,10.4343
Madagascar,MDG,1987,10.2614
Madagascar,MDG,1988,10.0409
Madagascar,MDG,1989,9.7799
Madagascar,MDG,1990,9.5059
Madagascar,MDG,1991,9.2368
Madagascar,MDG,1992,8.9546
Madagascar,MDG,1993,8.6676
Madagascar,MDG,1994,8.3994
Madagascar,MDG,1995,8.1221
Madagascar,MDG,1996,7.8422
Madagascar,MDG,1997,7.5591
Madagascar,MDG,1998,7.2797
Madagascar,MDG,1999,7.0118
Madagascar,MDG,2000,6.7604
Madagascar,MDG,2001,6.4766
Madagascar,MDG,2002,6.2398
Madagascar,MDG,2003,5.9986
Madagascar,MDG,2004,5.7832
Madagascar,MDG,2005,5.573
Madagascar,MDG,2006,5.3869
Madagascar,MDG,2007,5.2162
Madagascar,MDG,2008,5.0662
Madagascar,MDG,2009,4.9331
Madagascar,MDG,2010,4.8184
Madagascar,MDG,2011,4.7249
Madagascar,MDG,2012,4.6547
Madagascar,MDG,2013,4.6012
Madagascar,MDG,2014,4.5626
Madagascar,MDG,2015,4.5407
Madagascar,MDG,2016,4.5257
Madagascar,MDG,2017,4.5251
Madagascar,MDG,2018,4.5233
Madagascar,MDG,2019,4.5237
Madagascar,MDG,2020,4.5234
Madagascar,MDG,2021,4.5169
Madagascar,MDG,2022,4.5127
Madagascar,MDG,2023,4.5017
Malawi,MWI,1950,18.2696
Malawi,MWI,1951,18.2319
Malawi,MWI,1952,18.1803
Malawi,MWI,1953,18.1267
Malawi,MWI,1954,18.0699
Malawi,MWI,1955,18.0093
Malawi,MWI,1956,17.9447
Malawi,MWI,1957,17.8769
Malawi,MWI,1958,17.8095
Malawi,MWI,1959,17.7444
Malawi,MWI,1960,17.6832
Malawi,MWI,1961,17.6346
Malawi,MWI,1962,17.5883
Malawi,MWI,1963,17.5391
Malawi,MWI,1964,17.4856
Malawi,MWI,1965,17.4288
Malawi,MWI,1966,17.3669
Malawi,MWI,1967,17.2982
Malawi,MWI,1968,17.2218
Malawi,MWI,1969,17.1285
Malawi,MWI,1970,17.0098
Malawi,MWI,1971,16.8065
Malawi,MWI,1972,16.6241
Malawi,MWI,1973,16.4108
Malawi,MWI,1974,16.1643
Malawi,MWI,1975,15.888
Malawi,MWI,1976,15.5881
Malawi,MWI,1977,15.2744
Malawi,MWI,1978,14.9544
Malawi,MWI,1979,14.6563
Malawi,MWI,1980,14.4006
Malawi,MWI,1981,14.2038
Malawi,MWI,1982,14.0821
Malawi,MWI,1983,14.0324
Malawi,MWI,1984,14.0276
Malawi,MWI,1985,14.0436
Malawi,MWI,1986,14.0562
Malawi,MWI,1987,14.037
Malawi,MWI,1988,13.9652
Malawi,MWI,1989,13.8339
Malawi,MWI,1990,13.6538
Malawi,MWI,1991,13.4518
Malawi,MWI,1992,13.1518
Malawi,MWI,1993,12.8935
Malawi,MWI,1994,12.6133
Malawi,MWI,1995,12.3476
Malawi,MWI,1996,12.0739
Malawi,MWI,1997,11.7757
Malawi,MWI,1998,11.4314
Malawi,MWI,1999,11.0277
Malawi,MWI,2000,10.519
Malawi,MWI,2001,9.9577
Malawi,MWI,2002,9.397
Malawi,MWI,2003,8.7458
Malawi,MWI,2004,8.1756
Malawi,MWI,2005,7.6615
Malawi,MWI,2006,7.2082
Malawi,MWI,2007,6.8136
Malawi,MWI,2008,6.4637
Malawi,MWI,2009,6.1243
Malawi,MWI,2010,5.779
Malawi,MWI,2011,5.432
Malawi,MWI,2012,5.0889
Malawi,MWI,2013,4.7651
Malawi,MWI,2014,4.4693
Malawi,MWI,2015,4.2222
Malawi,MWI,2016,3.9762
Malawi,MWI,2017,3.771
Malawi,MWI,2018,3.5909
Malawi,MWI,2019,3.4338
Malawi,MWI,2020,3.2879
Malawi,MWI,2021,3.1591
Malawi,MWI,2022,3.0602
Malawi,MWI,2023,2.9546
Malaysia,MYS,1950,11.4826
Malaysia,MYS,1951,10.9631
Malaysia,MYS,1952,10.4773
Malaysia,MYS,1953,10.0052
Malaysia,MYS,1954,9.5486
Malaysia,MYS,1955,9.107
Malaysia,MYS,1956,8.6776
Malaysia,MYS,1957,8.2554
Malaysia,MYS,1958,7.8373
Malaysia,MYS,1959,7.4161
Malaysia,MYS,1960,7.0101
Malaysia,MYS,1961,6.6222
Malaysia,MYS,1962,6.2563
Malaysia,MYS,1963,5.9188
Malaysia,MYS,1964,5.6161
Malaysia,MYS,1965,5.3398
Malaysia,MYS,1966,5.0978
Malaysia,MYS,1967,4.8876
Malaysia,MYS,1968,4.6868
Malaysia,MYS,1969,4.5004
Malaysia,MYS,1970,4.3254
Malaysia,MYS,1971,4.1365
Malaysia,MYS,1972,3.9477
Malaysia,MYS,1973,3.7526
Malaysia,MYS,1974,3.5531
Malaysia,MYS,1975,3.3541
Malaysia,MYS,1976,3.1578
Malaysia,MYS,1977,2.9681
Malaysia,MYS,1978,2.7876
Malaysia,MYS,1979,2.6135
Malaysia,MYS,1980,2.45
Malaysia,MYS,1981,2.2963
Malaysia,MYS,1982,2.1529
Malaysia,MYS,1983,2.0213
Malaysia,MYS,1984,1.8981
Malaysia,MYS,1985,1.787
Malaysia,MYS,1986,1.6868
Malaysia,MYS,1987,1.595
Malaysia,MYS,1988,1.5138
Malaysia,MYS,1989,1.4364
Malaysia,MYS,1990,1.368
Malaysia,MYS,1991,1.3045
Malaysia,MYS,1992,1.2468
Malaysia,MYS,1993,1.1969
Malaysia,MYS,1994,1.1452
Malaysia,MYS,1995,1.099
Malaysia,MYS,1996,1.057
Malaysia,MYS,1997,1.0013
Malaysia,MYS,1998,0.949
Malaysia,MYS,1999,0.8951
Malaysia,MYS,2000,0.8419
Malaysia,MYS,2001,0.7938
Malaysia,MYS,2002,0.7537
Malaysia,MYS,2003,0.7225
Malaysia,MYS,2004,0.7017
Malaysia,MYS,2005,0.6861
Malaysia,MYS,2006,0.6773
Malaysia,MYS,2007,0.6746
Malaysia,MYS,2008,0.6695
Malaysia,MYS,2009,0.668
Malaysia,MYS,2010,0.6669
Malaysia,MYS,2011,0.6665
Malaysia,MYS,2012,0.666
Malaysia,MYS,2013,0.6671
Malaysia,MYS,2014,0.6676
Malaysia,MYS,2015,0.6676
Malaysia,MYS,2016,0.6671
Malaysia,MYS,2017,0.6661
Malaysia,MYS,2018,0.6632
Malaysia,MYS,2019,0.6594
Malaysia,MYS,2020,0.6547
Malaysia,MYS,2021,0.6513
Malaysia,MYS,2022,0.6459
Malaysia,MYS,2023,0.639
Maldives,MDV,1950,20.9198
Maldives,MDV,1951,20.8574
Maldives,MDV,1952,20.7998
Maldives,MDV,1953,20.7341
Maldives,MDV,1954,20.6546
Maldives,MDV,1955,20.5564
Maldives,MDV,1956,20.4353
Maldives,MDV,1957,20.2872
Maldives,MDV,1958,20.1154
Maldives,MDV,1959,19.9176
Maldives,MDV,1960,19.6932
Maldives,MDV,1961,19.4428
Maldives,MDV,1962,19.1703
Maldives,MDV,1963,18.8665
Maldives,MDV,1964,18.5373
Maldives,MDV,1965,18.1859
Maldives,MDV,1966,17.8166
Maldives,MDV,1967,17.425
Maldives,MDV,1968,17.0181
Maldives,MDV,1969,16.5901
Maldives,MDV,1970,16.1344
Maldives,MDV,1971,15.6455
Maldives,MDV,1972,15.1266
Maldives,MDV,1973,14.5804
Maldives,MDV,1974,14.0137
Maldives,MDV,1975,13.4365
Maldives,MDV,1976,12.8589
Maldives,MDV,1977,12.2897
Maldives,MDV,1978,12.0632
Maldives,MDV,1979,11.2005
Maldives,MDV,1980,10.6867
Maldives,MDV,1981,10.1951
Maldives,MDV,1982,9.7251
Maldives,MDV,1983,9.2753
Maldives,MDV,1984,8.8452
Maldives,MDV,1985,8.4335
Maldives,MDV,1986,8.0348
Maldives,MDV,1987,7.6487
Maldives,MDV,1988,7.274
Maldives,MDV,1989,6.9169
Maldives,MDV,1990,6.5679
Maldives,MDV,1991,6.2242
Maldives,MDV,1992,5.8857
Maldives,MDV,1993,5.548
Maldives,MDV,1994,5.2086
Maldives,MDV,1995,4.8646
Maldives,MDV,1996,4.516
Maldives,MDV,1997,4.1671
Maldives,MDV,1998,3.8183
Maldives,MDV,1999,3.4731
Maldives,MDV,2000,3.1379
Maldives,MDV,2001,2.8188
Maldives,MDV,2002,2.5229
Maldives,MDV,2003,2.2551
Maldives,MDV,2004,2.1165
Maldives,MDV,2005,1.8139
Maldives,MDV,2006,1.6387
Maldives,MDV,2007,1.49
Maldives,MDV,2008,1.3646
Maldives,MDV,2009,1.2578
Maldives,MDV,2010,1.1653
Maldives,MDV,2011,1.0863
Maldives,MDV,2012,1.009
Maldives,MDV,2013,0.9396
Maldives,MDV,2014,0.8732
Maldives,MDV,2015,0.8091
Maldives,MDV,2016,0.7474
Maldives,MDV,2017,0.6893
Maldives,MDV,2018,0.6351
Maldives,MDV,2019,0.5859
Maldives,MDV,2020,0.5496
Maldives,MDV,2021,0.4999
Maldives,MDV,2022,0.4644
Maldives,MDV,2023,0.4312
Mali,MLI,1950,17.9476
Mali,MLI,1951,17.8897
Mali,MLI,1952,17.833
Mali,MLI,1953,17.7772
Mali,MLI,1954,17.7233
Mali,MLI,1955,17.6723
Mali,MLI,1956,17.6243
Mali,MLI,1957,17.5794
Mali,MLI,1958,17.5366
Mali,MLI,1959,17.4946
Mali,MLI,1960,17.452
Mali,MLI,1961,17.4064
Mali,MLI,1962,17.3556
Mali,MLI,1963,17.2974
Mali,MLI,1964,17.23
Mali,MLI,1965,17.1517
Mali,MLI,1966,17.0613
Mali,MLI,1967,16.9581
Mali,MLI,1968,16.8421
Mali,MLI,1969,16.7314
Mali,MLI,1970,16.5786
Mali,MLI,1971,16.4626
Mali,MLI,1972,16.2501
Mali,MLI,1973,16.072
Mali,MLI,1974,15.8808
Mali,MLI,1975,15.6785
Mali,MLI,1976,15.4672
Mali,MLI,1977,15.2481
Mali,MLI,1978,15.0229
Mali,MLI,1979,14.7942
Mali,MLI,1980,14.5606
Mali,MLI,1981,14.3384
Mali,MLI,1982,14.0913
Mali,MLI,1983,13.8571
Mali,MLI,1984,13.637
Mali,MLI,1985,13.4217
Mali,MLI,1986,13.1827
Mali,MLI,1987,12.9696
Mali,MLI,1988,12.769
Mali,MLI,1989,12.5765
Mali,MLI,1990,12.4091
Mali,MLI,1991,12.2358
Mali,MLI,1992,12.071
Mali,MLI,1993,11.913
Mali,MLI,1994,11.7724
Mali,MLI,1995,11.6051
Mali,MLI,1996,11.4511
Mali,MLI,1997,11.2555
Mali,MLI,1998,11.0629
Mali,MLI,1999,10.8561
Mali,MLI,2000,10.6382
Mali,MLI,2001,10.4073
Mali,MLI,2002,10.1702
Mali,MLI,2003,9.9295
Mali,MLI,2004,9.683
Mali,MLI,2005,9.435
Mali,MLI,2006,9.1972
Mali,MLI,2007,8.9686
Mali,MLI,2008,8.7451
Mali,MLI,2009,8.5321
Mali,MLI,2010,8.3231
Mali,MLI,2011,8.1246
Mali,MLI,2012,7.9307
Mali,MLI,2013,7.748
Mali,MLI,2014,7.5588
Mali,MLI,2015,7.3802
Mali,MLI,2016,7.2057
Mali,MLI,2017,7.0368
Mali,MLI,2018,6.8752
Mali,MLI,2019,6.7092
Mali,MLI,2020,6.5452
Mali,MLI,2021,6.377
Mali,MLI,2022,6.2401
Mali,MLI,2023,6.0771
Malta,MLT,1950,7.4848
Malta,MLT,1951,7.1237
Malta,MLT,1952,7.0747
Malta,MLT,1953,6.7411
Malta,MLT,1954,6.3204
Malta,MLT,1955,4.9946
Malta,MLT,1956,4.4406
Malta,MLT,1957,3.7824
Malta,MLT,1958,3.6609
Malta,MLT,1959,3.4672
Malta,MLT,1960,3.3751
Malta,MLT,1961,3.281
Malta,MLT,1962,3.3
Malta,MLT,1963,3.2212
Malta,MLT,1964,3.2747
Malta,MLT,1965,3.1654
Malta,MLT,1966,3.0802
Malta,MLT,1967,2.8964
Malta,MLT,1968,2.7988
Malta,MLT,1969,2.6952
Malta,MLT,1970,2.4641
Malta,MLT,1971,2.3704
Malta,MLT,1972,2.2511
Malta,MLT,1973,2.0361
Malta,MLT,1974,1.8357
Malta,MLT,1975,1.7644
Malta,MLT,1976,1.6045
Malta,MLT,1977,1.5386
Malta,MLT,1978,1.473
Malta,MLT,1979,1.3862
Malta,MLT,1980,1.4242
Malta,MLT,1981,1.4213
Malta,MLT,1982,1.3389
Malta,MLT,1983,1.3293
Malta,MLT,1984,1.3144
Malta,MLT,1985,1.1511
Malta,MLT,1986,1.0166
Malta,MLT,1987,0.9899
Malta,MLT,1988,0.879
Malta,MLT,1989,0.8736
Malta,MLT,1990,0.9484
Malta,MLT,1991,0.9544
Malta,MLT,1992,0.9283
Malta,MLT,1993,0.929
Malta,MLT,1994,0.9656
Malta,MLT,1995,1.029
Malta,MLT,1996,1.2833
Malta,MLT,1997,0.6636
Malta,MLT,1998,0.714
Malta,MLT,1999,0.7343
Malta,MLT,2000,0.5289
Malta,MLT,2001,0.3664
Malta,MLT,2002,0.5346
Malta,MLT,2003,0.5784
Malta,MLT,2004,0.5553
Malta,MLT,2005,0.5485
Malta,MLT,2006,0.3698
Malta,MLT,2007,0.665
Malta,MLT,2008,0.8641
Malta,MLT,2009,0.5442
Malta,MLT,2010,0.5525
Malta,MLT,2011,0.6659
Malta,MLT,2012,0.5252
Malta,MLT,2013,0.6482
Malta,MLT,2014,0.4997
Malta,MLT,2015,0.5679
Malta,MLT,2016,0.7195
Malta,MLT,2017,0.6346
Malta,MLT,2018,0.5557
Malta,MLT,2019,0.6479
Malta,MLT,2020,0.3859
Malta,MLT,2021,0.384
Malta,MLT,2022,0.6448
Malta,MLT,2023,0.6233
Marshall Islands,MHL,1950,9.0607
Marshall Islands,MHL,1951,9.0392
Marshall Islands,MHL,1952,9.0178
Marshall Islands,MHL,1953,8.9912
Marshall Islands,MHL,1954,8.9547
Marshall Islands,MHL,1955,8.9034
Marshall Islands,MHL,1956,8.8312
Marshall Islands,MHL,1957,8.7324
Marshall Islands,MHL,1958,8.602
Marshall Islands,MHL,1959,8.4449
Marshall Islands,MHL,1960,8.2567
Marshall Islands,MHL,1961,8.0365
Marshall Islands,MHL,1962,7.7935
Marshall Islands,MHL,1963,7.5339
Marshall Islands,MHL,1964,7.2702
Marshall Islands,MHL,1965,7.0133
Marshall Islands,MHL,1966,6.7654
Marshall Islands,MHL,1967,6.5288
Marshall Islands,MHL,1968,6.3036
Marshall Islands,MHL,1969,6.0948
Marshall Islands,MHL,1970,5.9051
Marshall Islands,MHL,1971,5.731
Marshall Islands,MHL,1972,5.5756
Marshall Islands,MHL,1973,5.4408
Marshall Islands,MHL,1974,5.3239
Marshall Islands,MHL,1975,5.2214
Marshall Islands,MHL,1976,5.1326
Marshall Islands,MHL,1977,5.0517
Marshall Islands,MHL,1978,4.9739
Marshall Islands,MHL,1979,4.8955
Marshall Islands,MHL,1980,4.8129
Marshall Islands,MHL,1981,4.7248
Marshall Islands,MHL,1982,4.6298
Marshall Islands,MHL,1983,4.5274
Marshall Islands,MHL,1984,4.4183
Marshall Islands,MHL,1985,4.3036
Marshall Islands,MHL,1986,4.1847
Marshall Islands,MHL,1987,4.0634
Marshall Islands,MHL,1988,3.9418
Marshall Islands,MHL,1989,3.824
Marshall Islands,MHL,1990,3.7086
Marshall Islands,MHL,1991,3.6036
Marshall Islands,MHL,1992,3.511
Marshall Islands,MHL,1993,3.4335
Marshall Islands,MHL,1994,3.3728
Marshall Islands,MHL,1995,3.3292
Marshall Islands,MHL,1996,3.3014
Marshall Islands,MHL,1997,3.2864
Marshall Islands,MHL,1998,3.2804
Marshall Islands,MHL,1999,3.2785
Marshall Islands,MHL,2000,3.3079
Marshall Islands,MHL,2001,3.2739
Marshall Islands,MHL,2002,3.2666
Marshall Islands,MHL,2003,3.2541
Marshall Islands,MHL,2004,3.2363
Marshall Islands,MHL,2005,3.2137
Marshall Islands,MHL,2006,3.1881
Marshall Islands,MHL,2007,3.1595
Marshall Islands,MHL,2008,3.1269
Marshall Islands,MHL,2009,3.0908
Marshall Islands,MHL,2010,3.0518
Marshall Islands,MHL,2011,3.0103
Marshall Islands,MHL,2012,2.9599
Marshall Islands,MHL,2013,2.9048
Marshall Islands,MHL,2014,2.8461
Marshall Islands,MHL,2015,2.7833
Marshall Islands,MHL,2016,2.7164
Marshall Islands,MHL,2017,2.6467
Marshall Islands,MHL,2018,2.5752
Marshall Islands,MHL,2019,2.5023
Marshall Islands,MHL,2020,2.4289
Marshall Islands,MHL,2021,2.3559
Marshall Islands,MHL,2022,2.2833
Marshall Islands,MHL,2023,2.2132
Martinique,MTQ,1950,7.1359
Martinique,MTQ,1951,6.8722
Martinique,MTQ,1952,6.6164
Martinique,MTQ,1953,6.3771
Martinique,MTQ,1954,6.1585
Martinique,MTQ,1955,5.9619
Martinique,MTQ,1956,5.7851
Martinique,MTQ,1957,5.6231
Martinique,MTQ,1958,5.4695
Martinique,MTQ,1959,5.3178
Martinique,MTQ,1960,5.1627
Martinique,MTQ,1961,5
Martinique,MTQ,1962,4.829
Martinique,MTQ,1963,4.6608
Martinique,MTQ,1964,4.4629
Martinique,MTQ,1965,4.2702
Martinique,MTQ,1966,4.0723
Martinique,MTQ,1967,3.8863
Martinique,MTQ,1968,3.6638
Martinique,MTQ,1969,3.4559
Martinique,MTQ,1970,3.2977
Martinique,MTQ,1971,3.0427
Martinique,MTQ,1972,2.8422
Martinique,MTQ,1973,2.6489
Martinique,MTQ,1974,2.4644
Martinique,MTQ,1975,2.2895
Martinique,MTQ,1976,2.1248
Martinique,MTQ,1977,1.9697
Martinique,MTQ,1978,1.8238
Martinique,MTQ,1979,1.6869
Martinique,MTQ,1980,1.5595
Martinique,MTQ,1981,1.442
Martinique,MTQ,1982,1.3347
Martinique,MTQ,1983,1.2379
Martinique,MTQ,1984,1.1515
Martinique,MTQ,1985,1.0749
Martinique,MTQ,1986,1.0073
Martinique,MTQ,1987,0.9474
Martinique,MTQ,1988,0.8944
Martinique,MTQ,1989,0.8471
Martinique,MTQ,1990,0.8134
Martinique,MTQ,1991,0.7665
Martinique,MTQ,1992,0.7322
Martinique,MTQ,1993,0.7034
Martinique,MTQ,1994,0.6739
Martinique,MTQ,1995,0.65
Martinique,MTQ,1996,0.6297
Martinique,MTQ,1997,0.6135
Martinique,MTQ,1998,0.6018
Martinique,MTQ,1999,0.5952
Martinique,MTQ,2000,0.5943
Martinique,MTQ,2001,0.5996
Martinique,MTQ,2002,0.6112
Martinique,MTQ,2003,0.6287
Martinique,MTQ,2004,0.6507
Martinique,MTQ,2005,0.675
Martinique,MTQ,2006,0.6987
Martinique,MTQ,2007,0.72
Martinique,MTQ,2008,0.7321
Martinique,MTQ,2009,0.7383
Martinique,MTQ,2010,0.745
Martinique,MTQ,2011,0.7326
Martinique,MTQ,2012,0.7235
Martinique,MTQ,2013,0.7153
Martinique,MTQ,2014,0.709
Martinique,MTQ,2015,0.7056
Martinique,MTQ,2016,0.7051
Martinique,MTQ,2017,0.707
Martinique,MTQ,2018,0.7105
Martinique,MTQ,2019,0.7147
Martinique,MTQ,2020,0.7192
Martinique,MTQ,2021,0.7236
Martinique,MTQ,2022,0.7342
Martinique,MTQ,2023,0.7323
Mauritania,MRT,1950,18.5435
Mauritania,MRT,1951,18.3153
Mauritania,MRT,1952,18.0904
Mauritania,MRT,1953,17.8585
Mauritania,MRT,1954,17.6117
Mauritania,MRT,1955,17.3516
Mauritania,MRT,1956,17.0777
Mauritania,MRT,1957,16.7962
Mauritania,MRT,1958,16.5082
Mauritania,MRT,1959,16.2102
Mauritania,MRT,1960,15.9047
Mauritania,MRT,1961,15.5932
Mauritania,MRT,1962,15.2757
Mauritania,MRT,1963,14.9512
Mauritania,MRT,1964,14.6193
Mauritania,MRT,1965,14.2829
Mauritania,MRT,1966,13.9496
Mauritania,MRT,1967,13.6317
Mauritania,MRT,1968,13.346
Mauritania,MRT,1969,13.109
Mauritania,MRT,1970,12.9288
Mauritania,MRT,1971,12.8135
Mauritania,MRT,1972,12.7233
Mauritania,MRT,1973,12.657
Mauritania,MRT,1974,12.5784
Mauritania,MRT,1975,12.473
Mauritania,MRT,1976,12.3244
Mauritania,MRT,1977,12.1302
Mauritania,MRT,1978,11.8972
Mauritania,MRT,1979,11.6369
Mauritania,MRT,1980,11.3586
Mauritania,MRT,1981,11.0659
Mauritania,MRT,1982,10.7603
Mauritania,MRT,1983,10.4393
Mauritania,MRT,1984,10.11
Mauritania,MRT,1985,9.776
Mauritania,MRT,1986,9.4649
Mauritania,MRT,1987,9.1664
Mauritania,MRT,1988,8.9011
Mauritania,MRT,1989,8.7069
Mauritania,MRT,1990,8.5287
Mauritania,MRT,1991,8.4045
Mauritania,MRT,1992,8.3115
Mauritania,MRT,1993,8.2356
Mauritania,MRT,1994,8.162
Mauritania,MRT,1995,8.0785
Mauritania,MRT,1996,7.9887
Mauritania,MRT,1997,7.8381
Mauritania,MRT,1998,7.6606
Mauritania,MRT,1999,7.4407
Mauritania,MRT,2000,7.1796
Mauritania,MRT,2001,6.8827
Mauritania,MRT,2002,6.5683
Mauritania,MRT,2003,6.2293
Mauritania,MRT,2004,5.8925
Mauritania,MRT,2005,5.5821
Mauritania,MRT,2006,5.2888
Mauritania,MRT,2007,5.0324
Mauritania,MRT,2008,4.8115
Mauritania,MRT,2009,4.6261
Mauritania,MRT,2010,4.4683
Mauritania,MRT,2011,4.3335
Mauritania,MRT,2012,4.2126
Mauritania,MRT,2013,4.1026
Mauritania,MRT,2014,3.9915
Mauritania,MRT,2015,3.8844
Mauritania,MRT,2016,3.7777
Mauritania,MRT,2017,3.6732
Mauritania,MRT,2018,3.5665
Mauritania,MRT,2019,3.4643
Mauritania,MRT,2020,3.3651
Mauritania,MRT,2021,3.2654
Mauritania,MRT,2022,3.1707
Mauritania,MRT,2023,3.0781
Mauritius,MUS,1950,8.8694
Mauritius,MUS,1951,8.595
Mauritius,MUS,1952,8.9242
Mauritius,MUS,1953,8.6975
Mauritius,MUS,1954,8.0807
Mauritius,MUS,1955,7.1783
Mauritius,MUS,1956,7.1298
Mauritius,MUS,1957,7.0936
Mauritius,MUS,1958,6.6846
Mauritius,MUS,1959,6.2947
Mauritius,MUS,1960,6.0908
Mauritius,MUS,1961,6.0598
Mauritius,MUS,1962,5.8924
Mauritius,MUS,1963,5.8325
Mauritius,MUS,1964,6.0029
Mauritius,MUS,1965,6.1654
Mauritius,MUS,1966,6.3981
Mauritius,MUS,1967,6.5619
Mauritius,MUS,1968,6.5075
Mauritius,MUS,1969,6.1421
Mauritius,MUS,1970,5.509
Mauritius,MUS,1971,5.3806
Mauritius,MUS,1972,5.421
Mauritius,MUS,1973,5.3734
Mauritius,MUS,1974,4.948
Mauritius,MUS,1975,4.4726
Mauritius,MUS,1976,4.3859
Mauritius,MUS,1977,3.9998
Mauritius,MUS,1978,3.8163
Mauritius,MUS,1979,3.4468
Mauritius,MUS,1980,3.3787
Mauritius,MUS,1981,3.1369
Mauritius,MUS,1982,2.7938
Mauritius,MUS,1983,2.3607
Mauritius,MUS,1984,2.1249
Mauritius,MUS,1985,2.091
Mauritius,MUS,1986,2.1337
Mauritius,MUS,1987,2.1453
Mauritius,MUS,1988,2.0991
Mauritius,MUS,1989,2.0709
Mauritius,MUS,1990,1.9926
Mauritius,MUS,1991,1.9172
Mauritius,MUS,1992,1.8564
Mauritius,MUS,1993,1.8289
Mauritius,MUS,1994,1.827
Mauritius,MUS,1995,1.9101
Mauritius,MUS,1996,1.9761
Mauritius,MUS,1997,1.9833
Mauritius,MUS,1998,1.9202
Mauritius,MUS,1999,1.7955
Mauritius,MUS,2000,1.637
Mauritius,MUS,2001,1.4759
Mauritius,MUS,2002,1.3725
Mauritius,MUS,2003,1.3374
Mauritius,MUS,2004,1.2709
Mauritius,MUS,2005,1.3013
Mauritius,MUS,2006,1.3593
Mauritius,MUS,2007,1.3942
Mauritius,MUS,2008,1.3669
Mauritius,MUS,2009,1.2765
Mauritius,MUS,2010,1.2284
Mauritius,MUS,2011,1.2462
Mauritius,MUS,2012,1.2274
Mauritius,MUS,2013,1.2908
Mauritius,MUS,2014,1.2694
Mauritius,MUS,2015,1.2746
Mauritius,MUS,2016,1.212
Mauritius,MUS,2017,1.2062
Mauritius,MUS,2018,1.3319
Mauritius,MUS,2019,1.3994
Mauritius,MUS,2020,1.4927
Mauritius,MUS,2021,1.3316
Mauritius,MUS,2022,1.2862
Mauritius,MUS,2023,1.2898
Mayotte,MYT,1950,14.3953
Mayotte,MYT,1951,13.8294
Mayotte,MYT,1952,13.2624
Mayotte,MYT,1953,12.6921
Mayotte,MYT,1954,12.1196
Mayotte,MYT,1955,11.548
Mayotte,MYT,1956,10.9828
Mayotte,MYT,1957,10.4303
Mayotte,MYT,1958,9.8953
Mayotte,MYT,1959,9.3811
Mayotte,MYT,1960,8.8893
Mayotte,MYT,1961,8.4201
Mayotte,MYT,1962,7.9727
Mayotte,MYT,1963,7.5401
Mayotte,MYT,1964,7.1286
Mayotte,MYT,1965,6.7435
Mayotte,MYT,1966,6.3764
Mayotte,MYT,1967,6.0269
Mayotte,MYT,1968,5.6941
Mayotte,MYT,1969,5.3775
Mayotte,MYT,1970,5.0767
Mayotte,MYT,1971,4.7911
Mayotte,MYT,1972,4.5203
Mayotte,MYT,1973,4.2638
Mayotte,MYT,1974,4.0207
Mayotte,MYT,1975,3.7905
Mayotte,MYT,1976,3.5727
Mayotte,MYT,1977,3.3666
Mayotte,MYT,1978,3.1718
Mayotte,MYT,1979,2.9879
Mayotte,MYT,1980,2.8142
Mayotte,MYT,1981,2.6504
Mayotte,MYT,1982,2.4958
Mayotte,MYT,1983,2.3501
Mayotte,MYT,1984,2.2127
Mayotte,MYT,1985,2.0834
Mayotte,MYT,1986,1.9614
Mayotte,MYT,1987,1.8463
Mayotte,MYT,1988,1.7378
Mayotte,MYT,1989,1.6356
Mayotte,MYT,1990,1.5394
Mayotte,MYT,1991,1.4489
Mayotte,MYT,1992,1.3638
Mayotte,MYT,1993,1.2837
Mayotte,MYT,1994,1.2084
Mayotte,MYT,1995,1.1375
Mayotte,MYT,1996,1.0708
Mayotte,MYT,1997,1.008
Mayotte,MYT,1998,0.949
Mayotte,MYT,1999,0.8933
Mayotte,MYT,2000,0.8409
Mayotte,MYT,2001,0.7915
Mayotte,MYT,2002,0.7449
Mayotte,MYT,2003,0.7009
Mayotte,MYT,2004,0.6594
Mayotte,MYT,2005,0.6202
Mayotte,MYT,2006,0.5836
Mayotte,MYT,2007,0.5495
Mayotte,MYT,2008,0.528
Mayotte,MYT,2009,0.5205
Mayotte,MYT,2010,0.529
Mayotte,MYT,2011,0.5566
Mayotte,MYT,2012,0.6074
Mayotte,MYT,2013,0.6643
Mayotte,MYT,2014,0.722
Mayotte,MYT,2015,0.7742
Mayotte,MYT,2016,0.814
Mayotte,MYT,2017,0.8357
Mayotte,MYT,2018,0.8509
Mayotte,MYT,2019,0.8616
Mayotte,MYT,2020,0.8701
Mayotte,MYT,2021,0.8833
Mayotte,MYT,2022,0.8861
Mayotte,MYT,2023,0.8893
Mexico,MEX,1950,15.7461
Mexico,MEX,1951,15.2236
Mexico,MEX,1952,14.7063
Mexico,MEX,1953,14.1912
Mexico,MEX,1954,13.6829
Mexico,MEX,1955,13.185
Mexico,MEX,1956,12.6999
Mexico,MEX,1957,12.2382
Mexico,MEX,1958,11.796
Mexico,MEX,1959,11.376
Mexico,MEX,1960,10.9781
Mexico,MEX,1961,10.6026
Mexico,MEX,1962,10.2495
Mexico,MEX,1963,9.9169
Mexico,MEX,1964,9.6028
Mexico,MEX,1965,9.3046
Mexico,MEX,1966,9.0194
Mexico,MEX,1967,8.7442
Mexico,MEX,1968,8.4768
Mexico,MEX,1969,8.2154
Mexico,MEX,1970,7.9586
Mexico,MEX,1971,7.7026
Mexico,MEX,1972,7.4482
Mexico,MEX,1973,7.1992
Mexico,MEX,1974,6.9558
Mexico,MEX,1975,6.7167
Mexico,MEX,1976,6.48
Mexico,MEX,1977,6.2462
Mexico,MEX,1978,6.0154
Mexico,MEX,1979,5.7869
Mexico,MEX,1980,5.5618
Mexico,MEX,1981,5.3408
Mexico,MEX,1982,5.1251
Mexico,MEX,1983,4.9151
Mexico,MEX,1984,4.7118
Mexico,MEX,1985,4.5154
Mexico,MEX,1986,4.3261
Mexico,MEX,1987,4.1435
Mexico,MEX,1988,3.9674
Mexico,MEX,1989,3.7976
Mexico,MEX,1990,3.6337
Mexico,MEX,1991,3.4757
Mexico,MEX,1992,3.3237
Mexico,MEX,1993,3.1775
Mexico,MEX,1994,3.0371
Mexico,MEX,1995,2.9024
Mexico,MEX,1996,2.7735
Mexico,MEX,1997,2.6504
Mexico,MEX,1998,2.5332
Mexico,MEX,1999,2.4223
Mexico,MEX,2000,2.3177
Mexico,MEX,2001,2.2198
Mexico,MEX,2002,2.1283
Mexico,MEX,2003,2.0431
Mexico,MEX,2004,1.964
Mexico,MEX,2005,1.8917
Mexico,MEX,2006,1.8225
Mexico,MEX,2007,1.759
Mexico,MEX,2008,1.6995
Mexico,MEX,2009,1.6433
Mexico,MEX,2010,1.5898
Mexico,MEX,2011,1.5384
Mexico,MEX,2012,1.489
Mexico,MEX,2013,1.4411
Mexico,MEX,2014,1.3948
Mexico,MEX,2015,1.3499
Mexico,MEX,2016,1.3062
Mexico,MEX,2017,1.2637
Mexico,MEX,2018,1.2224
Mexico,MEX,2019,1.1821
Mexico,MEX,2020,1.1428
Mexico,MEX,2021,1.1046
Mexico,MEX,2022,1.0938
Mexico,MEX,2023,1.0347
Micronesia (country),FSM,1950,11.4812
Micronesia (country),FSM,1951,11.2279
Micronesia (country),FSM,1952,10.9769
Micronesia (country),FSM,1953,10.7244
Micronesia (country),FSM,1954,10.4651
Micronesia (country),FSM,1955,10.1996
Micronesia (country),FSM,1956,9.926
Micronesia (country),FSM,1957,9.6436
Micronesia (country),FSM,1958,9.352
Micronesia (country),FSM,1959,9.0548
Micronesia (country),FSM,1960,8.7555
Micronesia (country),FSM,1961,8.4576
Micronesia (country),FSM,1962,8.1629
Micronesia (country),FSM,1963,7.8734
Micronesia (country),FSM,1964,7.5866
Micronesia (country),FSM,1965,7.3068
Micronesia (country),FSM,1966,7.0411
Micronesia (country),FSM,1967,6.7874
Micronesia (country),FSM,1968,6.5448
Micronesia (country),FSM,1969,6.3142
Micronesia (country),FSM,1970,6.0957
Micronesia (country),FSM,1971,5.8896
Micronesia (country),FSM,1972,5.6969
Micronesia (country),FSM,1973,5.5176
Micronesia (country),FSM,1974,5.3522
Micronesia (country),FSM,1975,5.2009
Micronesia (country),FSM,1976,5.0644
Micronesia (country),FSM,1977,4.9429
Micronesia (country),FSM,1978,4.8363
Micronesia (country),FSM,1979,4.7445
Micronesia (country),FSM,1980,4.6656
Micronesia (country),FSM,1981,4.596
Micronesia (country),FSM,1982,4.5307
Micronesia (country),FSM,1983,4.4649
Micronesia (country),FSM,1984,4.3946
Micronesia (country),FSM,1985,4.3167
Micronesia (country),FSM,1986,4.2301
Micronesia (country),FSM,1987,4.1558
Micronesia (country),FSM,1988,4.0379
Micronesia (country),FSM,1989,3.9395
Micronesia (country),FSM,1990,3.8482
Micronesia (country),FSM,1991,3.7568
Micronesia (country),FSM,1992,3.6747
Micronesia (country),FSM,1993,3.5976
Micronesia (country),FSM,1994,3.5216
Micronesia (country),FSM,1995,3.4451
Micronesia (country),FSM,1996,3.3683
Micronesia (country),FSM,1997,3.2888
Micronesia (country),FSM,1998,3.2094
Micronesia (country),FSM,1999,3.1329
Micronesia (country),FSM,2000,3.1122
Micronesia (country),FSM,2001,3.0017
Micronesia (country),FSM,2002,3.1155
Micronesia (country),FSM,2003,2.9118
Micronesia (country),FSM,2004,2.8871
Micronesia (country),FSM,2005,2.8628
Micronesia (country),FSM,2006,2.8443
Micronesia (country),FSM,2007,2.8238
Micronesia (country),FSM,2008,2.7984
Micronesia (country),FSM,2009,2.7632
Micronesia (country),FSM,2010,2.7187
Micronesia (country),FSM,2011,2.6667
Micronesia (country),FSM,2012,2.6074
Micronesia (country),FSM,2013,2.5435
Micronesia (country),FSM,2014,2.4763
Micronesia (country),FSM,2015,2.426
Micronesia (country),FSM,2016,2.3377
Micronesia (country),FSM,2017,2.2683
Micronesia (country),FSM,2018,2.1999
Micronesia (country),FSM,2019,2.1329
Micronesia (country),FSM,2020,2.0679
Micronesia (country),FSM,2021,2.0049
Micronesia (country),FSM,2022,1.9436
Micronesia (country),FSM,2023,1.884
Moldova,MDA,1950,10.2246
Moldova,MDA,1951,9.922
Moldova,MDA,1952,9.6205
Moldova,MDA,1953,9.3212
Moldova,MDA,1954,9.0219
Moldova,MDA,1955,8.7215
Moldova,MDA,1956,8.4204
Moldova,MDA,1957,8.1193
Moldova,MDA,1958,7.8199
Moldova,MDA,1959,7.5186
Moldova,MDA,1960,7.2256
Moldova,MDA,1961,6.9447
Moldova,MDA,1962,6.6768
Moldova,MDA,1963,6.423
Moldova,MDA,1964,6.1858
Moldova,MDA,1965,5.9677
Moldova,MDA,1966,5.7694
Moldova,MDA,1967,5.5913
Moldova,MDA,1968,5.4318
Moldova,MDA,1969,5.2882
Moldova,MDA,1970,5.1571
Moldova,MDA,1971,5.0343
Moldova,MDA,1972,4.9164
Moldova,MDA,1973,4.8008
Moldova,MDA,1974,4.6858
Moldova,MDA,1975,4.571
Moldova,MDA,1976,4.456
Moldova,MDA,1977,4.3407
Moldova,MDA,1978,4.2243
Moldova,MDA,1979,4.1056
Moldova,MDA,1980,3.983
Moldova,MDA,1981,3.8553
Moldova,MDA,1982,3.7223
Moldova,MDA,1983,3.5857
Moldova,MDA,1984,3.448
Moldova,MDA,1985,3.3154
Moldova,MDA,1986,3.1929
Moldova,MDA,1987,3.0876
Moldova,MDA,1988,3.0049
Moldova,MDA,1989,2.9483
Moldova,MDA,1990,2.9218
Moldova,MDA,1991,2.9183
Moldova,MDA,1992,2.9339
Moldova,MDA,1993,2.9586
Moldova,MDA,1994,2.9903
Moldova,MDA,1995,2.9828
Moldova,MDA,1996,2.9565
Moldova,MDA,1997,2.896
Moldova,MDA,1998,2.7927
Moldova,MDA,1999,2.6585
Moldova,MDA,2000,2.5016
Moldova,MDA,2001,2.3343
Moldova,MDA,2002,2.17
Moldova,MDA,2003,2.0162
Moldova,MDA,2004,1.8801
Moldova,MDA,2005,1.7646
Moldova,MDA,2006,1.6697
Moldova,MDA,2007,1.5937
Moldova,MDA,2008,1.5343
Moldova,MDA,2009,1.4857
Moldova,MDA,2010,1.4475
Moldova,MDA,2011,1.4152
Moldova,MDA,2012,1.3878
Moldova,MDA,2013,1.3632
Moldova,MDA,2014,1.3405
Moldova,MDA,2015,1.319
Moldova,MDA,2016,1.2985
Moldova,MDA,2017,1.2787
Moldova,MDA,2018,1.2596
Moldova,MDA,2019,1.2408
Moldova,MDA,2020,1.2222
Moldova,MDA,2021,1.2038
Moldova,MDA,2022,1.1856
Moldova,MDA,2023,1.1681
Monaco,MCO,1950,3.781
Monaco,MCO,1951,3.6264
Monaco,MCO,1952,3.4157
Monaco,MCO,1953,3.1615
Monaco,MCO,1954,2.9958
Monaco,MCO,1955,2.8761
Monaco,MCO,1956,2.7834
Monaco,MCO,1957,2.7421
Monaco,MCO,1958,2.6659
Monaco,MCO,1959,2.581
Monaco,MCO,1960,2.4305
Monaco,MCO,1961,2.3385
Monaco,MCO,1962,2.2618
Monaco,MCO,1963,2.2406
Monaco,MCO,1964,2.1737
Monaco,MCO,1965,2.1327
Monaco,MCO,1966,2.1028
Monaco,MCO,1967,2.1054
Monaco,MCO,1968,2.0812
Monaco,MCO,1969,2.057
Monaco,MCO,1970,2.0242
Monaco,MCO,1971,2.0147
Monaco,MCO,1972,2.0075
Monaco,MCO,1973,2.0059
Monaco,MCO,1974,1.9969
Monaco,MCO,1975,1.9845
Monaco,MCO,1976,1.9247
Monaco,MCO,1977,1.8213
Monaco,MCO,1978,1.6974
Monaco,MCO,1979,1.6378
Monaco,MCO,1980,1.6191
Monaco,MCO,1981,1.6216
Monaco,MCO,1982,1.56
Monaco,MCO,1983,1.4747
Monaco,MCO,1984,1.3509
Monaco,MCO,1985,1.1911
Monaco,MCO,1986,1.0411
Monaco,MCO,1987,0.9438
Monaco,MCO,1988,0.9311
Monaco,MCO,1989,0.9337
Monaco,MCO,1990,0.9333
Monaco,MCO,1991,0.8999
Monaco,MCO,1992,0.8678
Monaco,MCO,1993,0.8376
Monaco,MCO,1994,0.8083
Monaco,MCO,1995,0.7833
Monaco,MCO,1996,0.7599
Monaco,MCO,1997,0.7375
Monaco,MCO,1998,0.7155
Monaco,MCO,1999,0.6969
Monaco,MCO,2000,0.6731
Monaco,MCO,2001,0.6453
Monaco,MCO,2002,0.6046
Monaco,MCO,2003,0.566
Monaco,MCO,2004,0.5317
Monaco,MCO,2005,0.5192
Monaco,MCO,2006,0.5258
Monaco,MCO,2007,0.5414
Monaco,MCO,2008,0.5446
Monaco,MCO,2009,0.5223
Monaco,MCO,2010,0.4945
Monaco,MCO,2011,0.4723
Monaco,MCO,2012,0.4675
Monaco,MCO,2013,0.4643
Monaco,MCO,2014,0.4603
Monaco,MCO,2015,0.4471
Monaco,MCO,2016,0.4305
Monaco,MCO,2017,0.4181
Monaco,MCO,2018,0.4081
Monaco,MCO,2019,0.4048
Monaco,MCO,2020,0.397
Monaco,MCO,2021,0.3944
Monaco,MCO,2022,0.3925
Monaco,MCO,2023,0.3941
Mongolia,MNG,1950,17.7973
Mongolia,MNG,1951,17.658
Mongolia,MNG,1952,17.5238
Mongolia,MNG,1953,17.3713
Mongolia,MNG,1954,17.188
Mongolia,MNG,1955,16.9632
Mongolia,MNG,1956,16.6904
Mongolia,MNG,1957,16.6375
Mongolia,MNG,1958,16.0065
Mongolia,MNG,1959,15.6006
Mongolia,MNG,1960,15.1668
Mongolia,MNG,1961,14.7181
Mongolia,MNG,1962,14.2668
Mongolia,MNG,1963,13.825
Mongolia,MNG,1964,13.4119
Mongolia,MNG,1965,13.0237
Mongolia,MNG,1966,12.7016
Mongolia,MNG,1967,12.3436
Mongolia,MNG,1968,12.0518
Mongolia,MNG,1969,11.7981
Mongolia,MNG,1970,11.5815
Mongolia,MNG,1971,11.3916
Mongolia,MNG,1972,11.2291
Mongolia,MNG,1973,11.0928
Mongolia,MNG,1974,10.9796
Mongolia,MNG,1975,10.8859
Mongolia,MNG,1976,10.807
Mongolia,MNG,1977,10.7357
Mongolia,MNG,1978,10.6632
Mongolia,MNG,1979,10.5776
Mongolia,MNG,1980,10.4816
Mongolia,MNG,1981,10.3487
Mongolia,MNG,1982,10.1812
Mongolia,MNG,1983,9.9741
Mongolia,MNG,1984,9.7294
Mongolia,MNG,1985,9.453
Mongolia,MNG,1986,9.1529
Mongolia,MNG,1987,8.8399
Mongolia,MNG,1988,8.5222
Mongolia,MNG,1989,8.2055
Mongolia,MNG,1990,7.9121
Mongolia,MNG,1991,7.6021
Mongolia,MNG,1992,7.3053
Mongolia,MNG,1993,7.0156
Mongolia,MNG,1994,6.7269
Mongolia,MNG,1995,6.4296
Mongolia,MNG,1996,6.1459
Mongolia,MNG,1997,5.8135
Mongolia,MNG,1998,5.4913
Mongolia,MNG,1999,5.1613
Mongolia,MNG,2000,4.8309
Mongolia,MNG,2001,4.4997
Mongolia,MNG,2002,4.171
Mongolia,MNG,2003,3.8621
Mongolia,MNG,2004,3.5547
Mongolia,MNG,2005,3.2726
Mongolia,MNG,2006,3.0113
Mongolia,MNG,2007,2.7718
Mongolia,MNG,2008,2.5641
Mongolia,MNG,2009,2.3729
Mongolia,MNG,2010,2.191
Mongolia,MNG,2011,2.0411
Mongolia,MNG,2012,1.9098
Mongolia,MNG,2013,1.7951
Mongolia,MNG,2014,1.6927
Mongolia,MNG,2015,1.6001
Mongolia,MNG,2016,1.5152
Mongolia,MNG,2017,1.4377
Mongolia,MNG,2018,1.3626
Mongolia,MNG,2019,1.2973
Mongolia,MNG,2020,1.2315
Mongolia,MNG,2021,1.1683
Mongolia,MNG,2022,1.1087
Mongolia,MNG,2023,1.0551
Montenegro,MNE,1950,9.243
Montenegro,MNE,1951,8.8574
Montenegro,MNE,1952,8.4862
Montenegro,MNE,1953,8.1365
Montenegro,MNE,1954,7.8748
Montenegro,MNE,1955,8.1177
Montenegro,MNE,1956,7.7728
Montenegro,MNE,1957,7.457
Montenegro,MNE,1958,7.1308
Montenegro,MNE,1959,6.9002
Montenegro,MNE,1960,6.4002
Montenegro,MNE,1961,6.131
Montenegro,MNE,1962,5.9796
Montenegro,MNE,1963,5.7526
Montenegro,MNE,1964,5.4702
Montenegro,MNE,1965,5.074
Montenegro,MNE,1966,4.6713
Montenegro,MNE,1967,4.3004
Montenegro,MNE,1968,3.7879
Montenegro,MNE,1969,3.4266
Montenegro,MNE,1970,3.2303
Montenegro,MNE,1971,3.0691
Montenegro,MNE,1972,2.852
Montenegro,MNE,1973,2.8243
Montenegro,MNE,1974,2.7902
Montenegro,MNE,1975,2.6981
Montenegro,MNE,1976,2.5638
Montenegro,MNE,1977,2.5151
Montenegro,MNE,1978,2.4305
Montenegro,MNE,1979,2.4297
Montenegro,MNE,1980,2.2489
Montenegro,MNE,1981,2.2572
Montenegro,MNE,1982,2.2511
Montenegro,MNE,1983,2.2305
Montenegro,MNE,1984,2.3366
Montenegro,MNE,1985,2.2763
Montenegro,MNE,1986,2.1232
Montenegro,MNE,1987,1.9361
Montenegro,MNE,1988,1.8315
Montenegro,MNE,1989,1.5187
Montenegro,MNE,1990,1.3892
Montenegro,MNE,1991,1.3342
Montenegro,MNE,1992,1.3443
Montenegro,MNE,1993,1.2897
Montenegro,MNE,1994,1.3536
Montenegro,MNE,1995,1.3837
Montenegro,MNE,1996,1.3818
Montenegro,MNE,1997,1.3618
Montenegro,MNE,1998,1.3537
Montenegro,MNE,1999,1.3822
Montenegro,MNE,2000,1.3069
Montenegro,MNE,2001,1.2342
Montenegro,MNE,2002,1.1074
Montenegro,MNE,2003,1.0291
Montenegro,MNE,2004,0.9431
Montenegro,MNE,2005,0.8728
Montenegro,MNE,2006,0.8038
Montenegro,MNE,2007,0.7696
Montenegro,MNE,2008,0.7265
Montenegro,MNE,2009,0.5959
Montenegro,MNE,2010,0.5408
Montenegro,MNE,2011,0.4816
Montenegro,MNE,2012,0.4698
Montenegro,MNE,2013,0.3969
Montenegro,MNE,2014,0.3818
Montenegro,MNE,2015,0.2129
Montenegro,MNE,2016,0.3429
Montenegro,MNE,2017,0.1317
Montenegro,MNE,2018,0.1617
Montenegro,MNE,2019,0.2317
Montenegro,MNE,2020,0.2759
Montenegro,MNE,2021,0.1397
Montenegro,MNE,2022,0.3708
Montenegro,MNE,2023,0.1718
Montserrat,MSR,1950,14.1068
Montserrat,MSR,1951,13.5775
Montserrat,MSR,1952,13.0552
Montserrat,MSR,1953,12.545
Montserrat,MSR,1954,12.0485
Montserrat,MSR,1955,11.5615
Montserrat,MSR,1956,11.0752
Montserrat,MSR,1957,10.5797
Montserrat,MSR,1958,10.066
Montserrat,MSR,1959,9.5285
Montserrat,MSR,1960,8.9717
Montserrat,MSR,1961,8.4074
Montserrat,MSR,1962,7.8499
Montserrat,MSR,1963,7.3144
Montserrat,MSR,1964,6.8142
Montserrat,MSR,1965,6.3557
Montserrat,MSR,1966,5.9407
Montserrat,MSR,1967,5.5671
Montserrat,MSR,1968,5.231
Montserrat,MSR,1969,4.9273
Montserrat,MSR,1970,4.6512
Montserrat,MSR,1971,4.398
Montserrat,MSR,1972,4.1648
Montserrat,MSR,1973,3.9486
Montserrat,MSR,1974,3.7465
Montserrat,MSR,1975,3.5567
Montserrat,MSR,1976,3.3776
Montserrat,MSR,1977,3.2081
Montserrat,MSR,1978,3.0474
Montserrat,MSR,1979,2.895
Montserrat,MSR,1980,2.7509
Montserrat,MSR,1981,2.6144
Montserrat,MSR,1982,2.4857
Montserrat,MSR,1983,2.3649
Montserrat,MSR,1984,2.2518
Montserrat,MSR,1985,2.1461
Montserrat,MSR,1986,2.0476
Montserrat,MSR,1987,1.9558
Montserrat,MSR,1988,1.8703
Montserrat,MSR,1989,2.1691
Montserrat,MSR,1990,1.7162
Montserrat,MSR,1991,1.6467
Montserrat,MSR,1992,1.5817
Montserrat,MSR,1993,1.5205
Montserrat,MSR,1994,1.463
Montserrat,MSR,1995,1.4086
Montserrat,MSR,1996,1.3571
Montserrat,MSR,1997,2.2601
Montserrat,MSR,1998,1.2619
Montserrat,MSR,1999,1.2176
Montserrat,MSR,2000,1.1754
Montserrat,MSR,2001,1.1349
Montserrat,MSR,2002,1.0959
Montserrat,MSR,2003,1.0585
Montserrat,MSR,2004,1.0226
Montserrat,MSR,2005,0.9883
Montserrat,MSR,2006,0.9552
Montserrat,MSR,2007,0.9234
Montserrat,MSR,2008,0.8928
Montserrat,MSR,2009,0.8633
Montserrat,MSR,2010,0.8348
Montserrat,MSR,2011,0.8073
Montserrat,MSR,2012,0.7806
Montserrat,MSR,2013,0.7547
Montserrat,MSR,2014,0.7296
Montserrat,MSR,2015,0.7052
Montserrat,MSR,2016,0.6816
Montserrat,MSR,2017,0.6586
Montserrat,MSR,2018,0.6363
Montserrat,MSR,2019,0.6145
Montserrat,MSR,2020,0.5934
Montserrat,MSR,2021,0.5729
Montserrat,MSR,2022,0.553
Montserrat,MSR,2023,0.5338
More developed regions,,1950,6.5555
More developed regions,,1951,6.484
More developed regions,,1952,5.9673
More developed regions,,1953,5.5847
More developed regions,,1954,5.3765
More developed regions,,1955,4.981
More developed regions,,1956,4.3672
More developed regions,,1957,4.2356
More developed regions,,1958,3.9553
More developed regions,,1959,3.7954
More developed regions,,1960,3.5487
More developed regions,,1961,3.3338
More developed regions,,1962,3.1995
More developed regions,,1963,3.0668
More developed regions,,1964,2.8954
More developed regions,,1965,2.7364
More developed regions,,1966,2.6537
More developed regions,,1967,2.5625
More developed regions,,1968,2.5317
More developed regions,,1969,2.4478
More developed regions,,1970,2.3372
More developed regions,,1971,2.1807
More developed regions,,1972,2.0639
More developed regions,,1973,2.0166
More developed regions,,1974,1.9806
More developed regions,,1975,1.9142
More developed regions,,1976,1.8562
More developed regions,,1977,1.7734
More developed regions,,1978,1.7051
More developed regions,,1979,1.6325
More developed regions,,1980,1.5692
More developed regions,,1981,1.5029
More developed regions,,1982,1.4499
More developed regions,,1983,1.4011
More developed regions,,1984,1.377
More developed regions,,1985,1.3439
More developed regions,,1986,1.2984
More developed regions,,1987,1.2783
More developed regions,,1988,1.2209
More developed regions,,1989,1.1717
More developed regions,,1990,1.1122
More developed regions,,1991,1.0668
More developed regions,,1992,1.0288
More developed regions,,1993,0.9984
More developed regions,,1994,0.9581
More developed regions,,1995,0.902
More developed regions,,1996,0.8634
More developed regions,,1997,0.8281
More developed regions,,1998,0.8068
More developed regions,,1999,0.7778
More developed regions,,2000,0.7476
More developed regions,,2001,0.7209
More developed regions,,2002,0.7032
More developed regions,,2003,0.6791
More developed regions,,2004,0.6597
More developed regions,,2005,0.6403
More developed regions,,2006,0.625
More developed regions,,2007,0.6109
More developed regions,,2008,0.5842
More developed regions,,2009,0.5642
More developed regions,,2010,0.5435
More developed regions,,2011,0.5206
More developed regions,,2012,0.5317
More developed regions,,2013,0.5149
More developed regions,,2014,0.4979
More developed regions,,2015,0.4792
More developed regions,,2016,0.4679
More developed regions,,2017,0.4509
More developed regions,,2018,0.4363
More developed regions,,2019,0.4292
More developed regions,,2020,0.4104
More developed regions,,2021,0.4155
More developed regions,,2022,0.4089
More developed regions,,2023,0.3917
Morocco,MAR,1950,19.2073
Morocco,MAR,1951,18.9417
Morocco,MAR,1952,18.6419
Morocco,MAR,1953,18.3521
Morocco,MAR,1954,18.0615
Morocco,MAR,1955,17.7627
Morocco,MAR,1956,17.4544
Morocco,MAR,1957,17.132
Morocco,MAR,1958,16.8045
Morocco,MAR,1959,16.4777
Morocco,MAR,1960,16.3821
Morocco,MAR,1961,15.8233
Morocco,MAR,1962,15.485
Morocco,MAR,1963,15.1515
Morocco,MAR,1964,14.8014
Morocco,MAR,1965,14.4563
Morocco,MAR,1966,14.1162
Morocco,MAR,1967,13.7733
Morocco,MAR,1968,13.4486
Morocco,MAR,1969,13.1454
Morocco,MAR,1970,12.8588
Morocco,MAR,1971,12.5734
Morocco,MAR,1972,12.2977
Morocco,MAR,1973,12.0191
Morocco,MAR,1974,11.7273
Morocco,MAR,1975,11.4079
Morocco,MAR,1976,11.0354
Morocco,MAR,1977,10.6393
Morocco,MAR,1978,10.239
Morocco,MAR,1979,9.804
Morocco,MAR,1980,9.365
Morocco,MAR,1981,8.9531
Morocco,MAR,1982,8.5327
Morocco,MAR,1983,8.1339
Morocco,MAR,1984,7.7719
Morocco,MAR,1985,7.4138
Morocco,MAR,1986,7.0747
Morocco,MAR,1987,6.7733
Morocco,MAR,1988,6.499
Morocco,MAR,1989,6.2284
Morocco,MAR,1990,5.9766
Morocco,MAR,1991,5.75
Morocco,MAR,1992,5.5455
Morocco,MAR,1993,5.3412
Morocco,MAR,1994,5.139
Morocco,MAR,1995,4.9774
Morocco,MAR,1996,4.7704
Morocco,MAR,1997,4.6086
Morocco,MAR,1998,4.4476
Morocco,MAR,1999,4.2868
Morocco,MAR,2000,4.1272
Morocco,MAR,2001,3.9599
Morocco,MAR,2002,3.8037
Morocco,MAR,2003,3.6507
Morocco,MAR,2004,3.5095
Morocco,MAR,2005,3.3436
Morocco,MAR,2006,3.1897
Morocco,MAR,2007,3.0197
Morocco,MAR,2008,2.864
Morocco,MAR,2009,2.7206
Morocco,MAR,2010,2.5916
Morocco,MAR,2011,2.4543
Morocco,MAR,2012,2.3314
Morocco,MAR,2013,2.2013
Morocco,MAR,2014,2.085
Morocco,MAR,2015,1.9821
Morocco,MAR,2016,1.8922
Morocco,MAR,2017,1.8031
Morocco,MAR,2018,1.7262
Morocco,MAR,2019,1.6599
Morocco,MAR,2020,1.5998
Morocco,MAR,2021,1.5366
Morocco,MAR,2022,1.4758
Morocco,MAR,2023,1.4328
Mozambique,MOZ,1950,18.5733
Mozambique,MOZ,1951,18.3946
Mozambique,MOZ,1952,18.2168
Mozambique,MOZ,1953,18.038
Mozambique,MOZ,1954,17.8583
Mozambique,MOZ,1955,17.6787
Mozambique,MOZ,1956,17.5059
Mozambique,MOZ,1957,17.3277
Mozambique,MOZ,1958,17.1624
Mozambique,MOZ,1959,17.0083
Mozambique,MOZ,1960,16.8687
Mozambique,MOZ,1961,16.7465
Mozambique,MOZ,1962,16.6433
Mozambique,MOZ,1963,16.5592
Mozambique,MOZ,1964,16.5493
Mozambique,MOZ,1965,16.4981
Mozambique,MOZ,1966,16.4605
Mozambique,MOZ,1967,16.4294
Mozambique,MOZ,1968,16.4025
Mozambique,MOZ,1969,16.3767
Mozambique,MOZ,1970,16.3494
Mozambique,MOZ,1971,16.3628
Mozambique,MOZ,1972,16.2929
Mozambique,MOZ,1973,16.2617
Mozambique,MOZ,1974,16.2248
Mozambique,MOZ,1975,16.1454
Mozambique,MOZ,1976,16.12
Mozambique,MOZ,1977,16.1161
Mozambique,MOZ,1978,16.0729
Mozambique,MOZ,1979,16.0575
Mozambique,MOZ,1980,16.0227
Mozambique,MOZ,1981,17.0889
Mozambique,MOZ,1982,17.0265
Mozambique,MOZ,1983,16.9514
Mozambique,MOZ,1984,16.8496
Mozambique,MOZ,1985,16.7366
Mozambique,MOZ,1986,15.598
Mozambique,MOZ,1987,15.4802
Mozambique,MOZ,1988,15.3479
Mozambique,MOZ,1989,15.2008
Mozambique,MOZ,1990,15.0559
Mozambique,MOZ,1991,14.8787
Mozambique,MOZ,1992,14.6576
Mozambique,MOZ,1993,14.4072
Mozambique,MOZ,1994,14.1161
Mozambique,MOZ,1995,13.778
Mozambique,MOZ,1996,13.4024
Mozambique,MOZ,1997,12.9936
Mozambique,MOZ,1998,12.5649
Mozambique,MOZ,1999,12.1009
Mozambique,MOZ,2000,11.6556
Mozambique,MOZ,2001,11.1548
Mozambique,MOZ,2002,10.6997
Mozambique,MOZ,2003,10.2579
Mozambique,MOZ,2004,9.8318
Mozambique,MOZ,2005,9.4244
Mozambique,MOZ,2006,9.036
Mozambique,MOZ,2007,8.6674
Mozambique,MOZ,2008,8.3162
Mozambique,MOZ,2009,7.9837
Mozambique,MOZ,2010,7.6646
Mozambique,MOZ,2011,7.3597
Mozambique,MOZ,2012,7.075
Mozambique,MOZ,2013,6.8116
Mozambique,MOZ,2014,6.5559
Mozambique,MOZ,2015,6.3255
Mozambique,MOZ,2016,6.1036
Mozambique,MOZ,2017,5.902
Mozambique,MOZ,2018,5.7194
Mozambique,MOZ,2019,5.5614
Mozambique,MOZ,2020,5.4021
Mozambique,MOZ,2021,5.2508
Mozambique,MOZ,2022,5.1136
Mozambique,MOZ,2023,4.9744
Myanmar,MMR,1950,20.1351
Myanmar,MMR,1951,19.6825
Myanmar,MMR,1952,19.1532
Myanmar,MMR,1953,18.6741
Myanmar,MMR,1954,18.2068
Myanmar,MMR,1955,17.7556
Myanmar,MMR,1956,17.3254
Myanmar,MMR,1957,16.9187
Myanmar,MMR,1958,16.5337
Myanmar,MMR,1959,16.164
Myanmar,MMR,1960,15.8026
Myanmar,MMR,1961,15.434
Myanmar,MMR,1962,15.0562
Myanmar,MMR,1963,14.6716
Myanmar,MMR,1964,14.2514
Myanmar,MMR,1965,13.8342
Myanmar,MMR,1966,13.4245
Myanmar,MMR,1967,13.0455
Myanmar,MMR,1968,12.7069
Myanmar,MMR,1969,12.3973
Myanmar,MMR,1970,12.1436
Myanmar,MMR,1971,11.9129
Myanmar,MMR,1972,11.7021
Myanmar,MMR,1973,11.5003
Myanmar,MMR,1974,11.3004
Myanmar,MMR,1975,11.097
Myanmar,MMR,1976,10.8897
Myanmar,MMR,1977,10.6881
Myanmar,MMR,1978,10.5161
Myanmar,MMR,1979,10.311
Myanmar,MMR,1980,10.1254
Myanmar,MMR,1981,9.95
Myanmar,MMR,1982,9.7787
Myanmar,MMR,1983,9.6141
Myanmar,MMR,1984,9.4548
Myanmar,MMR,1985,9.3037
Myanmar,MMR,1986,9.1529
Myanmar,MMR,1987,9.0021
Myanmar,MMR,1988,8.8554
Myanmar,MMR,1989,8.6929
Myanmar,MMR,1990,8.5311
Myanmar,MMR,1991,8.37
Myanmar,MMR,1992,8.1964
Myanmar,MMR,1993,8.0213
Myanmar,MMR,1994,7.8475
Myanmar,MMR,1995,7.6839
Myanmar,MMR,1996,7.5045
Myanmar,MMR,1997,7.3363
Myanmar,MMR,1998,7.1639
Myanmar,MMR,1999,6.9945
Myanmar,MMR,2000,6.8274
Myanmar,MMR,2001,6.6581
Myanmar,MMR,2002,6.4868
Myanmar,MMR,2003,6.3123
Myanmar,MMR,2004,6.1352
Myanmar,MMR,2005,5.9516
Myanmar,MMR,2006,5.7641
Myanmar,MMR,2007,5.5731
Myanmar,MMR,2008,6.5065
Myanmar,MMR,2009,5.1823
Myanmar,MMR,2010,4.9911
Myanmar,MMR,2011,4.8063
Myanmar,MMR,2012,4.6241
Myanmar,MMR,2013,4.45
Myanmar,MMR,2014,4.2861
Myanmar,MMR,2015,4.1364
Myanmar,MMR,2016,3.9896
Myanmar,MMR,2017,3.8562
Myanmar,MMR,2018,3.7236
Myanmar,MMR,2019,3.6034
Myanmar,MMR,2020,3.4851
Myanmar,MMR,2021,3.3918
Myanmar,MMR,2022,3.2909
Myanmar,MMR,2023,3.1785
Namibia,NAM,1950,13.9197
Namibia,NAM,1951,13.7066
Namibia,NAM,1952,13.4931
Namibia,NAM,1953,13.2746
Namibia,NAM,1954,13.0487
Namibia,NAM,1955,12.8137
Namibia,NAM,1956,12.5694
Namibia,NAM,1957,12.3167
Namibia,NAM,1958,12.0566
Namibia,NAM,1959,11.7907
Namibia,NAM,1960,11.5207
Namibia,NAM,1961,11.2489
Namibia,NAM,1962,10.9773
Namibia,NAM,1963,10.7078
Namibia,NAM,1964,10.4421
Namibia,NAM,1965,10.1815
Namibia,NAM,1966,9.9267
Namibia,NAM,1967,9.6777
Namibia,NAM,1968,9.4343
Namibia,NAM,1969,9.1958
Namibia,NAM,1970,8.962
Namibia,NAM,1971,8.7327
Namibia,NAM,1972,8.5085
Namibia,NAM,1973,8.2905
Namibia,NAM,1974,8.0798
Namibia,NAM,1975,7.8778
Namibia,NAM,1976,7.6815
Namibia,NAM,1977,7.4935
Namibia,NAM,1978,7.3136
Namibia,NAM,1979,7.1401
Namibia,NAM,1980,6.9704
Namibia,NAM,1981,6.8001
Namibia,NAM,1982,6.628
Namibia,NAM,1983,6.4516
Namibia,NAM,1984,6.2716
Namibia,NAM,1985,6.0899
Namibia,NAM,1986,5.9013
Namibia,NAM,1987,5.7111
Namibia,NAM,1988,5.5485
Namibia,NAM,1989,5.355
Namibia,NAM,1990,5.202
Namibia,NAM,1991,5.0888
Namibia,NAM,1992,5.0202
Namibia,NAM,1993,4.9977
Namibia,NAM,1994,5.0179
Namibia,NAM,1995,5.0734
Namibia,NAM,1996,5.1343
Namibia,NAM,1997,5.201
Namibia,NAM,1998,5.2509
Namibia,NAM,1999,5.2748
Namibia,NAM,2000,5.2739
Namibia,NAM,2001,5.2612
Namibia,NAM,2002,5.1751
Namibia,NAM,2003,5.0771
Namibia,NAM,2004,4.9347
Namibia,NAM,2005,4.7463
Namibia,NAM,2006,4.5245
Namibia,NAM,2007,4.2894
Namibia,NAM,2008,4.0877
Namibia,NAM,2009,3.9149
Namibia,NAM,2010,3.7171
Namibia,NAM,2011,3.6532
Namibia,NAM,2012,3.5193
Namibia,NAM,2013,3.4489
Namibia,NAM,2014,3.3814
Namibia,NAM,2015,3.3192
Namibia,NAM,2016,3.2509
Namibia,NAM,2017,3.177
Namibia,NAM,2018,3.1033
Namibia,NAM,2019,3.0269
Namibia,NAM,2020,2.9464
Namibia,NAM,2021,2.8686
Namibia,NAM,2022,2.7941
Namibia,NAM,2023,2.7194
Nauru,NRU,1950,6.4125
Nauru,NRU,1951,6.3083
Nauru,NRU,1952,6.2023
Nauru,NRU,1953,6.1021
Nauru,NRU,1954,6.004
Nauru,NRU,1955,5.9103
Nauru,NRU,1956,5.82
Nauru,NRU,1957,5.7348
Nauru,NRU,1958,5.6557
Nauru,NRU,1959,5.5803
Nauru,NRU,1960,5.5095
Nauru,NRU,1961,5.4421
Nauru,NRU,1962,5.3846
Nauru,NRU,1963,5.3312
Nauru,NRU,1964,5.2774
Nauru,NRU,1965,5.2295
Nauru,NRU,1966,5.1849
Nauru,NRU,1967,5.1385
Nauru,NRU,1968,5.0991
Nauru,NRU,1969,5.0618
Nauru,NRU,1970,5.0287
Nauru,NRU,1971,4.9985
Nauru,NRU,1972,4.9707
Nauru,NRU,1973,4.9454
Nauru,NRU,1974,4.9228
Nauru,NRU,1975,4.9025
Nauru,NRU,1976,4.8845
Nauru,NRU,1977,4.8688
Nauru,NRU,1978,4.8545
Nauru,NRU,1979,4.8425
Nauru,NRU,1980,4.8334
Nauru,NRU,1981,4.826
Nauru,NRU,1982,4.8207
Nauru,NRU,1983,4.8174
Nauru,NRU,1984,4.8156
Nauru,NRU,1985,4.8122
Nauru,NRU,1986,4.8041
Nauru,NRU,1987,4.7891
Nauru,NRU,1988,4.7611
Nauru,NRU,1989,4.7149
Nauru,NRU,1990,4.6479
Nauru,NRU,1991,4.5574
Nauru,NRU,1992,4.4443
Nauru,NRU,1993,4.3069
Nauru,NRU,1994,4.1588
Nauru,NRU,1995,4.0071
Nauru,NRU,1996,3.8566
Nauru,NRU,1997,3.7131
Nauru,NRU,1998,3.5797
Nauru,NRU,1999,3.4593
Nauru,NRU,2000,3.3531
Nauru,NRU,2001,3.2618
Nauru,NRU,2002,3.1852
Nauru,NRU,2003,3.1231
Nauru,NRU,2004,3.0743
Nauru,NRU,2005,3.0353
Nauru,NRU,2006,3.0037
Nauru,NRU,2007,2.9761
Nauru,NRU,2008,2.9485
Nauru,NRU,2009,2.9175
Nauru,NRU,2010,2.8808
Nauru,NRU,2011,2.8367
Nauru,NRU,2012,2.7846
Nauru,NRU,2013,2.7227
Nauru,NRU,2014,2.6582
Nauru,NRU,2015,2.5901
Nauru,NRU,2016,2.52
Nauru,NRU,2017,2.4491
Nauru,NRU,2018,2.3783
Nauru,NRU,2019,2.3087
Nauru,NRU,2020,2.2391
Nauru,NRU,2021,2.1714
Nauru,NRU,2022,2.1083
Nauru,NRU,2023,2.0454
Nepal,NPL,1950,22.7522
Nepal,NPL,1951,22.6927
Nepal,NPL,1952,22.6342
Nepal,NPL,1953,22.5746
Nepal,NPL,1954,22.5178
Nepal,NPL,1955,22.4443
Nepal,NPL,1956,22.36
Nepal,NPL,1957,22.2412
Nepal,NPL,1958,22.1093
Nepal,NPL,1959,21.9202
Nepal,NPL,1960,21.6866
Nepal,NPL,1961,21.406
Nepal,NPL,1962,21.0802
Nepal,NPL,1963,20.7362
Nepal,NPL,1964,20.3176
Nepal,NPL,1965,19.8966
Nepal,NPL,1966,19.453
Nepal,NPL,1967,19.0123
Nepal,NPL,1968,18.6012
Nepal,NPL,1969,18.1655
Nepal,NPL,1970,17.7551
Nepal,NPL,1971,17.3227
Nepal,NPL,1972,16.9321
Nepal,NPL,1973,16.5515
Nepal,NPL,1974,16.1689
Nepal,NPL,1975,15.7881
Nepal,NPL,1976,15.4077
Nepal,NPL,1977,15.0219
Nepal,NPL,1978,14.6352
Nepal,NPL,1979,14.2341
Nepal,NPL,1980,13.8429
Nepal,NPL,1981,13.4811
Nepal,NPL,1982,13.0281
Nepal,NPL,1983,12.6111
Nepal,NPL,1984,12.1978
Nepal,NPL,1985,11.7838
Nepal,NPL,1986,11.3558
Nepal,NPL,1987,10.9416
Nepal,NPL,1988,10.5039
Nepal,NPL,1989,10.0425
Nepal,NPL,1990,9.5966
Nepal,NPL,1991,9.1625
Nepal,NPL,1992,8.7214
Nepal,NPL,1993,8.3473
Nepal,NPL,1994,7.9086
Nepal,NPL,1995,7.5362
Nepal,NPL,1996,7.1825
Nepal,NPL,1997,6.8045
Nepal,NPL,1998,6.4932
Nepal,NPL,1999,6.1588
Nepal,NPL,2000,5.8573
Nepal,NPL,2001,5.5824
Nepal,NPL,2002,5.3395
Nepal,NPL,2003,5.0861
Nepal,NPL,2004,4.8632
Nepal,NPL,2005,4.6644
Nepal,NPL,2006,4.4935
Nepal,NPL,2007,4.3378
Nepal,NPL,2008,4.1454
Nepal,NPL,2009,3.9753
Nepal,NPL,2010,3.8143
Nepal,NPL,2011,3.6649
Nepal,NPL,2012,3.5258
Nepal,NPL,2013,3.4017
Nepal,NPL,2014,3.2621
Nepal,NPL,2015,3.1719
Nepal,NPL,2016,2.9562
Nepal,NPL,2017,2.8279
Nepal,NPL,2018,2.704
Nepal,NPL,2019,2.6032
Nepal,NPL,2020,2.5176
Nepal,NPL,2021,2.4081
Nepal,NPL,2022,2.2994
Nepal,NPL,2023,2.1905
Netherlands,NLD,1950,2.484
Netherlands,NLD,1951,2.5226
Netherlands,NLD,1952,2.3127
Netherlands,NLD,1953,2.2295
Netherlands,NLD,1954,2.1611
Netherlands,NLD,1955,2.0839
Netherlands,NLD,1956,1.9348
Netherlands,NLD,1957,1.7843
Netherlands,NLD,1958,1.7845
Netherlands,NLD,1959,1.734
Netherlands,NLD,1960,1.6886
Netherlands,NLD,1961,1.6756
Netherlands,NLD,1962,1.6399
Netherlands,NLD,1963,1.5335
Netherlands,NLD,1964,1.4395
Netherlands,NLD,1965,1.3897
Netherlands,NLD,1966,1.411
Netherlands,NLD,1967,1.3018
Netherlands,NLD,1968,1.313
Netherlands,NLD,1969,1.3089
Netherlands,NLD,1970,1.2004
Netherlands,NLD,1971,1.1417
Netherlands,NLD,1972,1.0999
Netherlands,NLD,1973,1.0673
Netherlands,NLD,1974,1.0768
Netherlands,NLD,1975,0.9976
Netherlands,NLD,1976,1.0372
Netherlands,NLD,1977,0.9065
Netherlands,NLD,1978,0.9181
Netherlands,NLD,1979,0.8393
Netherlands,NLD,1980,0.8736
Netherlands,NLD,1981,0.8151
Netherlands,NLD,1982,0.8121
Netherlands,NLD,1983,0.8369
Netherlands,NLD,1984,0.8359
Netherlands,NLD,1985,0.8097
Netherlands,NLD,1986,0.7823
Netherlands,NLD,1987,0.759
Netherlands,NLD,1988,0.6811
Netherlands,NLD,1989,0.6857
Netherlands,NLD,1990,0.7208
Netherlands,NLD,1991,0.6476
Netherlands,NLD,1992,0.622
Netherlands,NLD,1993,0.6262
Netherlands,NLD,1994,0.56
Netherlands,NLD,1995,0.5359
Netherlands,NLD,1996,0.5712
Netherlands,NLD,1997,0.4999
Netherlands,NLD,1998,0.5286
Netherlands,NLD,1999,0.5188
Netherlands,NLD,2000,0.5151
Netherlands,NLD,2001,0.5265
Netherlands,NLD,2002,0.4976
Netherlands,NLD,2003,0.4723
Netherlands,NLD,2004,0.4317
Netherlands,NLD,2005,0.4833
Netherlands,NLD,2006,0.4411
Netherlands,NLD,2007,0.4021
Netherlands,NLD,2008,0.3813
Netherlands,NLD,2009,0.3835
Netherlands,NLD,2010,0.3773
Netherlands,NLD,2011,0.356
Netherlands,NLD,2012,0.3647
Netherlands,NLD,2013,0.3715
Netherlands,NLD,2014,0.3637
Netherlands,NLD,2015,0.3248
Netherlands,NLD,2016,0.346
Netherlands,NLD,2017,0.3545
Netherlands,NLD,2018,0.3424
Netherlands,NLD,2019,0.3641
Netherlands,NLD,2020,0.3825
Netherlands,NLD,2021,0.3433
Netherlands,NLD,2022,0.3449
Netherlands,NLD,2023,0.3388
New Caledonia,NCL,1950,11.5973
New Caledonia,NCL,1951,11.2825
New Caledonia,NCL,1952,10.9524
New Caledonia,NCL,1953,10.634
New Caledonia,NCL,1954,10.3161
New Caledonia,NCL,1955,10.0032
New Caledonia,NCL,1956,9.6807
New Caledonia,NCL,1957,9.365
New Caledonia,NCL,1958,9.0524
New Caledonia,NCL,1959,8.749
New Caledonia,NCL,1960,8.4421
New Caledonia,NCL,1961,8.1462
New Caledonia,NCL,1962,7.857
New Caledonia,NCL,1963,7.5707
New Caledonia,NCL,1964,7.2925
New Caledonia,NCL,1965,7.022
New Caledonia,NCL,1966,6.7591
New Caledonia,NCL,1967,6.5053
New Caledonia,NCL,1968,6.2578
New Caledonia,NCL,1969,6.0171
New Caledonia,NCL,1970,5.7823
New Caledonia,NCL,1971,5.5545
New Caledonia,NCL,1972,5.3408
New Caledonia,NCL,1973,5.1152
New Caledonia,NCL,1974,4.9053
New Caledonia,NCL,1975,4.7023
New Caledonia,NCL,1976,4.5057
New Caledonia,NCL,1977,4.3163
New Caledonia,NCL,1978,4.134
New Caledonia,NCL,1979,3.9591
New Caledonia,NCL,1980,3.7918
New Caledonia,NCL,1981,3.6422
New Caledonia,NCL,1982,3.4791
New Caledonia,NCL,1983,3.3336
New Caledonia,NCL,1984,3.1954
New Caledonia,NCL,1985,3.0642
New Caledonia,NCL,1986,2.9399
New Caledonia,NCL,1987,2.8222
New Caledonia,NCL,1988,2.7109
New Caledonia,NCL,1989,2.6055
New Caledonia,NCL,1990,2.506
New Caledonia,NCL,1991,2.4116
New Caledonia,NCL,1992,2.3222
New Caledonia,NCL,1993,2.2375
New Caledonia,NCL,1994,2.1573
New Caledonia,NCL,1995,2.0813
New Caledonia,NCL,1996,2.0091
New Caledonia,NCL,1997,1.9405
New Caledonia,NCL,1998,1.8752
New Caledonia,NCL,1999,1.8133
New Caledonia,NCL,2000,1.7546
New Caledonia,NCL,2001,1.6987
New Caledonia,NCL,2002,1.6457
New Caledonia,NCL,2003,1.5986
New Caledonia,NCL,2004,1.5468
New Caledonia,NCL,2005,1.5005
New Caledonia,NCL,2006,1.4562
New Caledonia,NCL,2007,1.4136
New Caledonia,NCL,2008,1.3728
New Caledonia,NCL,2009,1.3336
New Caledonia,NCL,2010,1.296
New Caledonia,NCL,2011,1.26
New Caledonia,NCL,2012,1.2257
New Caledonia,NCL,2013,1.193
New Caledonia,NCL,2014,1.1618
New Caledonia,NCL,2015,1.1323
New Caledonia,NCL,2016,1.1045
New Caledonia,NCL,2017,1.0781
New Caledonia,NCL,2018,1.0528
New Caledonia,NCL,2019,1.0284
New Caledonia,NCL,2020,1.0048
New Caledonia,NCL,2021,0.982
New Caledonia,NCL,2022,0.9597
New Caledonia,NCL,2023,0.9378
New Zealand,NZL,1950,2.7739
New Zealand,NZL,1951,2.7547
New Zealand,NZL,1952,2.8881
New Zealand,NZL,1953,2.5616
New Zealand,NZL,1954,2.4389
New Zealand,NZL,1955,2.4847
New Zealand,NZL,1956,2.3327
New Zealand,NZL,1957,2.4527
New Zealand,NZL,1958,2.3738
New Zealand,NZL,1959,2.4107
New Zealand,NZL,1960,2.2713
New Zealand,NZL,1961,2.3326
New Zealand,NZL,1962,2.0566
New Zealand,NZL,1963,1.9597
New Zealand,NZL,1964,1.8779
New Zealand,NZL,1965,1.9031
New Zealand,NZL,1966,1.7559
New Zealand,NZL,1967,1.8091
New Zealand,NZL,1968,1.8875
New Zealand,NZL,1969,1.7
New Zealand,NZL,1970,1.6626
New Zealand,NZL,1971,1.6922
New Zealand,NZL,1972,1.5674
New Zealand,NZL,1973,1.5862
New Zealand,NZL,1974,1.5364
New Zealand,NZL,1975,1.5712
New Zealand,NZL,1976,1.3797
New Zealand,NZL,1977,1.4177
New Zealand,NZL,1978,1.3298
New Zealand,NZL,1979,1.2616
New Zealand,NZL,1980,1.2724
New Zealand,NZL,1981,1.1455
New Zealand,NZL,1982,1.1756
New Zealand,NZL,1983,1.2534
New Zealand,NZL,1984,1.1708
New Zealand,NZL,1985,1.0854
New Zealand,NZL,1986,1.1289
New Zealand,NZL,1987,1.0216
New Zealand,NZL,1988,1.096
New Zealand,NZL,1989,1.0369
New Zealand,NZL,1990,0.8507
New Zealand,NZL,1991,0.8063
New Zealand,NZL,1992,0.7113
New Zealand,NZL,1993,0.7161
New Zealand,NZL,1994,0.6918
New Zealand,NZL,1995,0.6564
New Zealand,NZL,1996,0.7089
New Zealand,NZL,1997,0.6587
New Zealand,NZL,1998,0.5282
New Zealand,NZL,1999,0.5672
New Zealand,NZL,2000,0.6143
New Zealand,NZL,2001,0.534
New Zealand,NZL,2002,0.5392
New Zealand,NZL,2003,0.4952
New Zealand,NZL,2004,0.5611
New Zealand,NZL,2005,0.5224
New Zealand,NZL,2006,0.5155
New Zealand,NZL,2007,0.5053
New Zealand,NZL,2008,0.4612
New Zealand,NZL,2009,0.481
New Zealand,NZL,2010,0.5039
New Zealand,NZL,2011,0.4563
New Zealand,NZL,2012,0.4169
New Zealand,NZL,2013,0.4301
New Zealand,NZL,2014,0.5575
New Zealand,NZL,2015,0.4244
New Zealand,NZL,2016,0.3532
New Zealand,NZL,2017,0.3846
New Zealand,NZL,2018,0.3645
New Zealand,NZL,2019,0.4507
New Zealand,NZL,2020,0.3762
New Zealand,NZL,2021,0.4583
New Zealand,NZL,2022,0.471
New Zealand,NZL,2023,0.4342
Nicaragua,NIC,1950,16.6653
Nicaragua,NIC,1951,16.4813
Nicaragua,NIC,1952,16.1482
Nicaragua,NIC,1953,15.8871
Nicaragua,NIC,1954,15.6231
Nicaragua,NIC,1955,15.3565
Nicaragua,NIC,1956,15.0878
Nicaragua,NIC,1957,14.819
Nicaragua,NIC,1958,14.5502
Nicaragua,NIC,1959,14.2815
Nicaragua,NIC,1960,14.1471
Nicaragua,NIC,1961,13.7442
Nicaragua,NIC,1962,13.4757
Nicaragua,NIC,1963,13.2069
Nicaragua,NIC,1964,12.9377
Nicaragua,NIC,1965,12.6677
Nicaragua,NIC,1966,12.397
Nicaragua,NIC,1967,12.1326
Nicaragua,NIC,1968,11.8599
Nicaragua,NIC,1969,11.599
Nicaragua,NIC,1970,11.348
Nicaragua,NIC,1971,11.1149
Nicaragua,NIC,1972,11.7521
Nicaragua,NIC,1973,10.684
Nicaragua,NIC,1974,10.4928
Nicaragua,NIC,1975,10.3109
Nicaragua,NIC,1976,10.1362
Nicaragua,NIC,1977,9.9479
Nicaragua,NIC,1978,9.9545
Nicaragua,NIC,1979,9.7363
Nicaragua,NIC,1980,9.3014
Nicaragua,NIC,1981,9.0406
Nicaragua,NIC,1982,8.7617
Nicaragua,NIC,1983,8.4453
Nicaragua,NIC,1984,8.113
Nicaragua,NIC,1985,7.7581
Nicaragua,NIC,1986,7.3802
Nicaragua,NIC,1987,6.9938
Nicaragua,NIC,1988,6.6135
Nicaragua,NIC,1989,6.2079
Nicaragua,NIC,1990,5.8189
Nicaragua,NIC,1991,5.4424
Nicaragua,NIC,1992,5.1
Nicaragua,NIC,1993,4.7727
Nicaragua,NIC,1994,4.4617
Nicaragua,NIC,1995,4.1924
Nicaragua,NIC,1996,3.9396
Nicaragua,NIC,1997,3.7046
Nicaragua,NIC,1998,3.7551
Nicaragua,NIC,1999,3.308
Nicaragua,NIC,2000,3.1305
Nicaragua,NIC,2001,2.97
Nicaragua,NIC,2002,2.8203
Nicaragua,NIC,2003,2.6824
Nicaragua,NIC,2004,2.5558
Nicaragua,NIC,2005,2.4361
Nicaragua,NIC,2006,2.3249
Nicaragua,NIC,2007,2.2369
Nicaragua,NIC,2008,2.1306
Nicaragua,NIC,2009,2.0375
Nicaragua,NIC,2010,1.9673
Nicaragua,NIC,2011,1.8789
Nicaragua,NIC,2012,1.8044
Nicaragua,NIC,2013,1.7394
Nicaragua,NIC,2014,1.6704
Nicaragua,NIC,2015,1.6105
Nicaragua,NIC,2016,1.5536
Nicaragua,NIC,2017,1.5023
Nicaragua,NIC,2018,1.4501
Nicaragua,NIC,2019,1.4017
Nicaragua,NIC,2020,1.3549
Nicaragua,NIC,2021,1.3105
Nicaragua,NIC,2022,1.2677
Nicaragua,NIC,2023,1.2262
Niger,NER,1950,12.4932
Niger,NER,1951,12.4922
Niger,NER,1952,12.4913
Niger,NER,1953,12.4904
Niger,NER,1954,12.4894
Niger,NER,1955,12.488
Niger,NER,1956,12.4862
Niger,NER,1957,12.4837
Niger,NER,1958,12.4805
Niger,NER,1959,12.4768
Niger,NER,1960,12.473
Niger,NER,1961,12.4698
Niger,NER,1962,12.4686
Niger,NER,1963,12.4709
Niger,NER,1964,12.4787
Niger,NER,1965,12.494
Niger,NER,1966,12.5268
Niger,NER,1967,12.5622
Niger,NER,1968,12.6026
Niger,NER,1969,12.6464
Niger,NER,1970,12.6911
Niger,NER,1971,12.854
Niger,NER,1972,12.7814
Niger,NER,1973,12.8088
Niger,NER,1974,12.8187
Niger,NER,1975,12.8002
Niger,NER,1976,12.7635
Niger,NER,1977,12.7136
Niger,NER,1978,12.6591
Niger,NER,1979,12.6116
Niger,NER,1980,12.5823
Niger,NER,1981,12.5775
Niger,NER,1982,12.5983
Niger,NER,1983,12.6386
Niger,NER,1984,12.6984
Niger,NER,1985,12.7346
Niger,NER,1986,12.7662
Niger,NER,1987,12.7736
Niger,NER,1988,12.7528
Niger,NER,1989,12.7006
Niger,NER,1990,12.609
Niger,NER,1991,12.4845
Niger,NER,1992,12.3095
Niger,NER,1993,12.1103
Niger,NER,1994,11.8887
Niger,NER,1995,11.6351
Niger,NER,1996,11.3771
Niger,NER,1997,11.1072
Niger,NER,1998,10.8423
Niger,NER,1999,10.571
Niger,NER,2000,10.2924
Niger,NER,2001,9.9989
Niger,NER,2002,9.6789
Niger,NER,2003,9.3418
Niger,NER,2004,8.9998
Niger,NER,2005,8.6602
Niger,NER,2006,8.338
Niger,NER,2007,8.0426
Niger,NER,2008,7.7896
Niger,NER,2009,7.5769
Niger,NER,2010,7.3964
Niger,NER,2011,7.2525
Niger,NER,2012,7.145
Niger,NER,2013,7.0542
Niger,NER,2014,6.985
Niger,NER,2015,6.9273
Niger,NER,2016,6.8744
Niger,NER,2017,6.8239
Niger,NER,2018,6.7696
Niger,NER,2019,6.7125
Niger,NER,2020,6.6546
Niger,NER,2021,6.5938
Niger,NER,2022,6.5261
Niger,NER,2023,6.456
Nigeria,NGA,1950,16.2644
Nigeria,NGA,1951,16.1958
Nigeria,NGA,1952,16.1271
Nigeria,NGA,1953,16.0591
Nigeria,NGA,1954,15.9918
Nigeria,NGA,1955,15.9251
Nigeria,NGA,1956,15.8584
Nigeria,NGA,1957,15.7908
Nigeria,NGA,1958,15.7204
Nigeria,NGA,1959,15.6462
Nigeria,NGA,1960,15.5684
Nigeria,NGA,1961,15.4877
Nigeria,NGA,1962,15.4061
Nigeria,NGA,1963,15.3258
Nigeria,NGA,1964,15.2487
Nigeria,NGA,1965,15.1742
Nigeria,NGA,1966,15.1013
Nigeria,NGA,1967,15.1463
Nigeria,NGA,1968,14.7972
Nigeria,NGA,1969,14.6672
Nigeria,NGA,1970,14.5127
Nigeria,NGA,1971,14.3362
Nigeria,NGA,1972,14.1234
Nigeria,NGA,1973,13.9165
Nigeria,NGA,1974,13.6924
Nigeria,NGA,1975,13.462
Nigeria,NGA,1976,12.9821
Nigeria,NGA,1977,12.7353
Nigeria,NGA,1978,12.5124
Nigeria,NGA,1979,12.3184
Nigeria,NGA,1980,12.1756
Nigeria,NGA,1981,12.0379
Nigeria,NGA,1982,11.9564
Nigeria,NGA,1983,11.9036
Nigeria,NGA,1984,11.8862
Nigeria,NGA,1985,11.8838
Nigeria,NGA,1986,11.8965
Nigeria,NGA,1987,11.9133
Nigeria,NGA,1988,11.927
Nigeria,NGA,1989,11.9304
Nigeria,NGA,1990,11.9232
Nigeria,NGA,1991,11.9214
Nigeria,NGA,1992,11.8717
Nigeria,NGA,1993,11.8207
Nigeria,NGA,1994,11.7481
Nigeria,NGA,1995,11.6531
Nigeria,NGA,1996,11.5349
Nigeria,NGA,1997,11.384
Nigeria,NGA,1998,11.2074
Nigeria,NGA,1999,11.015
Nigeria,NGA,2000,10.785
Nigeria,NGA,2001,10.5553
Nigeria,NGA,2002,10.3109
Nigeria,NGA,2003,10.0658
Nigeria,NGA,2004,9.8217
Nigeria,NGA,2005,9.5757
Nigeria,NGA,2006,9.3476
Nigeria,NGA,2007,9.1397
Nigeria,NGA,2008,8.9531
Nigeria,NGA,2009,8.7883
Nigeria,NGA,2010,8.6455
Nigeria,NGA,2011,8.5195
Nigeria,NGA,2012,8.4093
Nigeria,NGA,2013,8.3095
Nigeria,NGA,2014,8.2247
Nigeria,NGA,2015,8.1307
Nigeria,NGA,2016,8.0223
Nigeria,NGA,2017,7.91
Nigeria,NGA,2018,7.7803
Nigeria,NGA,2019,7.6299
Nigeria,NGA,2020,7.4699
Nigeria,NGA,2021,7.3016
Nigeria,NGA,2022,7.1232
Nigeria,NGA,2023,6.9469
Niue,NIU,1950,9.3214
Niue,NIU,1951,9.1322
Niue,NIU,1952,8.9469
Niue,NIU,1953,8.7654
Niue,NIU,1954,8.5738
Niue,NIU,1955,8.3687
Niue,NIU,1956,8.1515
Niue,NIU,1957,7.9159
Niue,NIU,1958,7.6741
Niue,NIU,1959,7.428
Niue,NIU,1960,7.1693
Niue,NIU,1961,6.9008
Niue,NIU,1962,6.6367
Niue,NIU,1963,6.37
Niue,NIU,1964,6.0948
Niue,NIU,1965,5.8182
Niue,NIU,1966,5.5373
Niue,NIU,1967,5.2569
Niue,NIU,1968,4.9837
Niue,NIU,1969,4.7049
Niue,NIU,1970,4.4372
Niue,NIU,1971,4.166
Niue,NIU,1972,3.898
Niue,NIU,1973,3.6454
Niue,NIU,1974,3.4038
Niue,NIU,1975,3.1701
Niue,NIU,1976,2.95
Niue,NIU,1977,2.7525
Niue,NIU,1978,2.5811
Niue,NIU,1979,2.4329
Niue,NIU,1980,2.3118
Niue,NIU,1981,2.2113
Niue,NIU,1982,2.1393
Niue,NIU,1983,2.0867
Niue,NIU,1984,2.054
Niue,NIU,1985,2.0368
Niue,NIU,1986,2.0299
Niue,NIU,1987,2.0346
Niue,NIU,1988,2.0445
Niue,NIU,1989,2.0608
Niue,NIU,1990,2.0793
Niue,NIU,1991,2.1038
Niue,NIU,1992,2.1369
Niue,NIU,1993,2.1766
Niue,NIU,1994,2.2226
Niue,NIU,1995,2.2753
Niue,NIU,1996,2.3346
Niue,NIU,1997,2.3993
Niue,NIU,1998,2.468
Niue,NIU,1999,2.6482
Niue,NIU,2000,2.6093
Niue,NIU,2001,2.6785
Niue,NIU,2002,2.7437
Niue,NIU,2003,2.8048
Niue,NIU,2004,3.0483
Niue,NIU,2005,2.8856
Niue,NIU,2006,2.9118
Niue,NIU,2007,2.9107
Niue,NIU,2008,2.8972
Niue,NIU,2009,2.8621
Niue,NIU,2010,2.8086
Niue,NIU,2011,2.7538
Niue,NIU,2012,2.6941
Niue,NIU,2013,2.6218
Niue,NIU,2014,2.5528
Niue,NIU,2015,2.4798
Niue,NIU,2016,2.4091
Niue,NIU,2017,2.3353
Niue,NIU,2018,2.2644
Niue,NIU,2019,2.1959
Niue,NIU,2020,2.1318
Niue,NIU,2021,2.0698
Niue,NIU,2022,2.0065
Niue,NIU,2023,1.9481
North Korea,PRK,1950,24.1224
North Korea,PRK,1951,21.3079
North Korea,PRK,1952,15.2397
North Korea,PRK,1953,13.1993
North Korea,PRK,1954,11.1315
North Korea,PRK,1955,10.4158
North Korea,PRK,1956,9.786
North Korea,PRK,1957,9.256
North Korea,PRK,1958,8.8188
North Korea,PRK,1959,8.4654
North Korea,PRK,1960,8.1774
North Korea,PRK,1961,7.9262
North Korea,PRK,1962,7.686
North Korea,PRK,1963,7.436
North Korea,PRK,1964,7.1662
North Korea,PRK,1965,6.8729
North Korea,PRK,1966,6.557
North Korea,PRK,1967,6.2266
North Korea,PRK,1968,5.8932
North Korea,PRK,1969,5.5686
North Korea,PRK,1970,5.2614
North Korea,PRK,1971,4.9769
North Korea,PRK,1972,4.7169
North Korea,PRK,1973,4.4801
North Korea,PRK,1974,4.2656
North Korea,PRK,1975,4.0701
North Korea,PRK,1976,3.8909
North Korea,PRK,1977,3.7263
North Korea,PRK,1978,3.574
North Korea,PRK,1979,3.4323
North Korea,PRK,1980,3.3008
North Korea,PRK,1981,3.1807
North Korea,PRK,1982,3.0747
North Korea,PRK,1983,2.9883
North Korea,PRK,1984,2.9276
North Korea,PRK,1985,2.8985
North Korea,PRK,1986,2.9047
North Korea,PRK,1987,2.9643
North Korea,PRK,1988,3.0164
North Korea,PRK,1989,3.1044
North Korea,PRK,1990,3.1951
North Korea,PRK,1991,3.2722
North Korea,PRK,1992,3.3224
North Korea,PRK,1993,3.3398
North Korea,PRK,1994,3.3253
North Korea,PRK,1995,6.4286
North Korea,PRK,1996,6.3359
North Korea,PRK,1997,6.2347
North Korea,PRK,1998,6.1394
North Korea,PRK,1999,6.039
North Korea,PRK,2000,5.9425
North Korea,PRK,2001,5.8575
North Korea,PRK,2002,5.7697
North Korea,PRK,2003,2.7314
North Korea,PRK,2004,2.6759
North Korea,PRK,2005,2.6346
North Korea,PRK,2006,2.5924
North Korea,PRK,2007,2.5573
North Korea,PRK,2008,2.4666
North Korea,PRK,2009,2.3853
North Korea,PRK,2010,2.2853
North Korea,PRK,2011,2.1744
North Korea,PRK,2012,2.0556
North Korea,PRK,2013,1.9333
North Korea,PRK,2014,1.8186
North Korea,PRK,2015,1.7179
North Korea,PRK,2016,1.6476
North Korea,PRK,2017,1.5425
North Korea,PRK,2018,1.4819
North Korea,PRK,2019,1.4299
North Korea,PRK,2020,1.4095
North Korea,PRK,2021,1.4096
North Korea,PRK,2022,1.4316
North Korea,PRK,2023,1.4535
North Macedonia,MKD,1950,15.7814
North Macedonia,MKD,1951,15.4749
North Macedonia,MKD,1952,13.8056
North Macedonia,MKD,1953,13.8794
North Macedonia,MKD,1954,13.3196
North Macedonia,MKD,1955,14.1967
North Macedonia,MKD,1956,11.0639
North Macedonia,MKD,1957,13.0612
North Macedonia,MKD,1958,10.9341
North Macedonia,MKD,1959,11.8721
North Macedonia,MKD,1960,11.1302
North Macedonia,MKD,1961,10.6848
North Macedonia,MKD,1962,12.7462
North Macedonia,MKD,1963,10.7373
North Macedonia,MKD,1964,12.155
North Macedonia,MKD,1965,11.1086
North Macedonia,MKD,1966,10.2599
North Macedonia,MKD,1967,10.1464
North Macedonia,MKD,1968,9.2542
North Macedonia,MKD,1969,9.6523
North Macedonia,MKD,1970,8.8471
North Macedonia,MKD,1971,8.3336
North Macedonia,MKD,1972,7.7407
North Macedonia,MKD,1973,6.8047
North Macedonia,MKD,1974,6.7985
North Macedonia,MKD,1975,6.742
North Macedonia,MKD,1976,6.2375
North Macedonia,MKD,1977,5.9757
North Macedonia,MKD,1978,5.3095
North Macedonia,MKD,1979,4.9934
North Macedonia,MKD,1980,5.2462
North Macedonia,MKD,1981,4.8151
North Macedonia,MKD,1982,4.4833
North Macedonia,MKD,1983,4.4483
North Macedonia,MKD,1984,4.0921
North Macedonia,MKD,1985,4.0866
North Macedonia,MKD,1986,4.1668
North Macedonia,MKD,1987,4.1463
North Macedonia,MKD,1988,3.9935
North Macedonia,MKD,1989,3.632
North Macedonia,MKD,1990,3.1985
North Macedonia,MKD,1991,2.8925
North Macedonia,MKD,1992,3.1381
North Macedonia,MKD,1993,2.5485
North Macedonia,MKD,1994,2.5159
North Macedonia,MKD,1995,2.2877
North Macedonia,MKD,1996,1.6223
North Macedonia,MKD,1997,1.5888
North Macedonia,MKD,1998,1.7784
North Macedonia,MKD,1999,1.5734
North Macedonia,MKD,2000,1.3528
North Macedonia,MKD,2001,1.2758
North Macedonia,MKD,2002,1.1957
North Macedonia,MKD,2003,1.3016
North Macedonia,MKD,2004,1.312
North Macedonia,MKD,2005,1.254
North Macedonia,MKD,2006,1.1578
North Macedonia,MKD,2007,1.0347
North Macedonia,MKD,2008,0.9779
North Macedonia,MKD,2009,1.1919
North Macedonia,MKD,2010,0.7726
North Macedonia,MKD,2011,0.7312
North Macedonia,MKD,2012,0.9921
North Macedonia,MKD,2013,1.0152
North Macedonia,MKD,2014,0.9977
North Macedonia,MKD,2015,0.8499
North Macedonia,MKD,2016,1.1842
North Macedonia,MKD,2017,0.8993
North Macedonia,MKD,2018,0.5674
North Macedonia,MKD,2019,0.5439
North Macedonia,MKD,2020,0.5557
North Macedonia,MKD,2021,0.4645
North Macedonia,MKD,2022,0.2899
North Macedonia,MKD,2023,0.4716
Northern America (UN),UN_NAM,1950,3.2612
Northern America (UN),UN_NAM,1951,3.2094
Northern America (UN),UN_NAM,1952,3.2039
Northern America (UN),UN_NAM,1953,3.066
Northern America (UN),UN_NAM,1954,2.9132
Northern America (UN),UN_NAM,1955,2.8408
Northern America (UN),UN_NAM,1956,2.8078
Northern America (UN),UN_NAM,1957,2.7972
Northern America (UN),UN_NAM,1958,2.7756
Northern America (UN),UN_NAM,1959,2.6972
Northern America (UN),UN_NAM,1960,2.6517
Northern America (UN),UN_NAM,1961,2.5538
Northern America (UN),UN_NAM,1962,2.5408
Northern America (UN),UN_NAM,1963,2.5206
Northern America (UN),UN_NAM,1964,2.4792
Northern America (UN),UN_NAM,1965,2.3944
Northern America (UN),UN_NAM,1966,2.3278
Northern America (UN),UN_NAM,1967,2.2244
Northern America (UN),UN_NAM,1968,2.1972
Northern America (UN),UN_NAM,1969,2.1257
Northern America (UN),UN_NAM,1970,2.0744
Northern America (UN),UN_NAM,1971,1.868
Northern America (UN),UN_NAM,1972,1.7747
Northern America (UN),UN_NAM,1973,1.712
Northern America (UN),UN_NAM,1974,1.6686
Northern America (UN),UN_NAM,1975,1.5732
Northern America (UN),UN_NAM,1976,1.4929
Northern America (UN),UN_NAM,1977,1.4029
Northern America (UN),UN_NAM,1978,1.3494
Northern America (UN),UN_NAM,1979,1.2934
Northern America (UN),UN_NAM,1980,1.2521
Northern America (UN),UN_NAM,1981,1.168
Northern America (UN),UN_NAM,1982,1.1324
Northern America (UN),UN_NAM,1983,1.0831
Northern America (UN),UN_NAM,1984,1.0654
Northern America (UN),UN_NAM,1985,1.0561
Northern America (UN),UN_NAM,1986,1.0193
Northern America (UN),UN_NAM,1987,1.0002
Northern America (UN),UN_NAM,1988,0.9982
Northern America (UN),UN_NAM,1989,1.0018
Northern America (UN),UN_NAM,1990,0.9435
Northern America (UN),UN_NAM,1991,0.8957
Northern America (UN),UN_NAM,1992,0.8467
Northern America (UN),UN_NAM,1993,0.8319
Northern America (UN),UN_NAM,1994,0.8036
Northern America (UN),UN_NAM,1995,0.7614
Northern America (UN),UN_NAM,1996,0.7372
Northern America (UN),UN_NAM,1997,0.7248
Northern America (UN),UN_NAM,1998,0.7297
Northern America (UN),UN_NAM,1999,0.7138
Northern America (UN),UN_NAM,2000,0.7018
Northern America (UN),UN_NAM,2001,0.6777
Northern America (UN),UN_NAM,2002,0.6895
Northern America (UN),UN_NAM,2003,0.687
Northern America (UN),UN_NAM,2004,0.6808
Northern America (UN),UN_NAM,2005,0.6915
Northern America (UN),UN_NAM,2006,0.685
Northern America (UN),UN_NAM,2007,0.6869
Northern America (UN),UN_NAM,2008,0.663
Northern America (UN),UN_NAM,2009,0.6399
Northern America (UN),UN_NAM,2010,0.6084
Northern America (UN),UN_NAM,2011,0.5935
Northern America (UN),UN_NAM,2012,0.5876
Northern America (UN),UN_NAM,2013,0.583
Northern America (UN),UN_NAM,2014,0.5731
Northern America (UN),UN_NAM,2015,0.5749
Northern America (UN),UN_NAM,2016,0.5718
Northern America (UN),UN_NAM,2017,0.5609
Northern America (UN),UN_NAM,2018,0.5498
Northern America (UN),UN_NAM,2019,0.5437
Northern America (UN),UN_NAM,2020,0.5193
Northern America (UN),UN_NAM,2021,0.5432
Northern America (UN),UN_NAM,2022,0.5311
Northern America (UN),UN_NAM,2023,0.5192
Northern Mariana Islands,MNP,1950,4.6141
Northern Mariana Islands,MNP,1951,4.4864
Northern Mariana Islands,MNP,1952,4.3626
Northern Mariana Islands,MNP,1953,4.2363
Northern Mariana Islands,MNP,1954,4.1095
Northern Mariana Islands,MNP,1955,3.9817
Northern Mariana Islands,MNP,1956,3.8746
Northern Mariana Islands,MNP,1957,3.745
Northern Mariana Islands,MNP,1958,3.6131
Northern Mariana Islands,MNP,1959,3.4849
Northern Mariana Islands,MNP,1960,3.3584
Northern Mariana Islands,MNP,1961,3.2326
Northern Mariana Islands,MNP,1962,3.1109
Northern Mariana Islands,MNP,1963,2.9932
Northern Mariana Islands,MNP,1964,2.8788
Northern Mariana Islands,MNP,1965,2.7661
Northern Mariana Islands,MNP,1966,2.653
Northern Mariana Islands,MNP,1967,2.5399
Northern Mariana Islands,MNP,1968,2.4298
Northern Mariana Islands,MNP,1969,2.3222
Northern Mariana Islands,MNP,1970,2.2172
Northern Mariana Islands,MNP,1971,2.12
Northern Mariana Islands,MNP,1972,2.0209
Northern Mariana Islands,MNP,1973,1.918
Northern Mariana Islands,MNP,1974,1.8125
Northern Mariana Islands,MNP,1975,1.7071
Northern Mariana Islands,MNP,1976,1.607
Northern Mariana Islands,MNP,1977,1.5166
Northern Mariana Islands,MNP,1978,1.4377
Northern Mariana Islands,MNP,1979,1.368
Northern Mariana Islands,MNP,1980,1.303
Northern Mariana Islands,MNP,1981,1.2356
Northern Mariana Islands,MNP,1982,1.1634
Northern Mariana Islands,MNP,1983,1.0877
Northern Mariana Islands,MNP,1984,1.0134
Northern Mariana Islands,MNP,1985,0.9462
Northern Mariana Islands,MNP,1986,0.8897
Northern Mariana Islands,MNP,1987,0.8442
Northern Mariana Islands,MNP,1988,0.8073
Northern Mariana Islands,MNP,1989,0.7755
Northern Mariana Islands,MNP,1990,0.7455
Northern Mariana Islands,MNP,1991,0.715
Northern Mariana Islands,MNP,1992,0.6849
Northern Mariana Islands,MNP,1993,0.6583
Northern Mariana Islands,MNP,1994,0.6374
Northern Mariana Islands,MNP,1995,0.6227
Northern Mariana Islands,MNP,1996,0.6117
Northern Mariana Islands,MNP,1997,0.6005
Northern Mariana Islands,MNP,1998,0.5857
Northern Mariana Islands,MNP,1999,0.5666
Northern Mariana Islands,MNP,2000,0.5449
Northern Mariana Islands,MNP,2001,0.5254
Northern Mariana Islands,MNP,2002,0.5125
Northern Mariana Islands,MNP,2003,0.5073
Northern Mariana Islands,MNP,2004,0.528
Northern Mariana Islands,MNP,2005,0.5175
Northern Mariana Islands,MNP,2006,0.528
Northern Mariana Islands,MNP,2007,0.539
Northern Mariana Islands,MNP,2008,0.5508
Northern Mariana Islands,MNP,2009,0.5642
Northern Mariana Islands,MNP,2010,0.5802
Northern Mariana Islands,MNP,2011,0.5992
Northern Mariana Islands,MNP,2012,0.6203
Northern Mariana Islands,MNP,2013,0.6402
Northern Mariana Islands,MNP,2014,0.6557
Northern Mariana Islands,MNP,2015,0.6639
Northern Mariana Islands,MNP,2016,0.6624
Northern Mariana Islands,MNP,2017,0.6502
Northern Mariana Islands,MNP,2018,0.6462
Northern Mariana Islands,MNP,2019,0.6028
Northern Mariana Islands,MNP,2020,0.5732
Northern Mariana Islands,MNP,2021,0.5429
Northern Mariana Islands,MNP,2022,0.5137
Northern Mariana Islands,MNP,2023,0.486
Norway,NOR,1950,2.5309
Norway,NOR,1951,2.3259
Norway,NOR,1952,2.3053
Norway,NOR,1953,2.0131
Norway,NOR,1954,1.981
Norway,NOR,1955,1.9239
Norway,NOR,1956,1.9868
Norway,NOR,1957,1.8979
Norway,NOR,1958,1.8681
Norway,NOR,1959,1.7698
Norway,NOR,1960,1.7676
Norway,NOR,1961,1.7245
Norway,NOR,1962,1.6917
Norway,NOR,1963,1.6133
Norway,NOR,1964,1.6292
Norway,NOR,1965,1.5973
Norway,NOR,1966,1.3492
Norway,NOR,1967,1.3904
Norway,NOR,1968,1.3067
Norway,NOR,1969,1.3095
Norway,NOR,1970,1.2017
Norway,NOR,1971,1.2313
Norway,NOR,1972,1.1186
Norway,NOR,1973,1.1005
Norway,NOR,1974,0.9827
Norway,NOR,1975,1.018
Norway,NOR,1976,0.9622
Norway,NOR,1977,0.8568
Norway,NOR,1978,0.8424
Norway,NOR,1979,0.8249
Norway,NOR,1980,0.8031
Norway,NOR,1981,0.7469
Norway,NOR,1982,0.8083
Norway,NOR,1983,0.7818
Norway,NOR,1984,0.8328
Norway,NOR,1985,0.8518
Norway,NOR,1986,0.7851
Norway,NOR,1987,0.8504
Norway,NOR,1988,0.8214
Norway,NOR,1989,0.7939
Norway,NOR,1990,0.6901
Norway,NOR,1991,0.6165
Norway,NOR,1992,0.5712
Norway,NOR,1993,0.5017
Norway,NOR,1994,0.5204
Norway,NOR,1995,0.4031
Norway,NOR,1996,0.4065
Norway,NOR,1997,0.4051
Norway,NOR,1998,0.3937
Norway,NOR,1999,0.3936
Norway,NOR,2000,0.3771
Norway,NOR,2001,0.3827
Norway,NOR,2002,0.3426
Norway,NOR,2003,0.3398
Norway,NOR,2004,0.3225
Norway,NOR,2005,0.3057
Norway,NOR,2006,0.319
Norway,NOR,2007,0.3061
Norway,NOR,2008,0.2729
Norway,NOR,2009,0.312
Norway,NOR,2010,0.2756
Norway,NOR,2011,0.2317
Norway,NOR,2012,0.2474
Norway,NOR,2013,0.2444
Norway,NOR,2014,0.2415
Norway,NOR,2015,0.2338
Norway,NOR,2016,0.2141
Norway,NOR,2017,0.2236
Norway,NOR,2018,0.2294
Norway,NOR,2019,0.2063
Norway,NOR,2020,0.1703
Norway,NOR,2021,0.1901
Norway,NOR,2022,0.1784
Norway,NOR,2023,0.1881
Oceania (UN),UN_OCE,1950,6.2922
Oceania (UN),UN_OCE,1951,6.4124
Oceania (UN),UN_OCE,1952,6.0627
Oceania (UN),UN_OCE,1953,5.9234
Oceania (UN),UN_OCE,1954,5.7871
Oceania (UN),UN_OCE,1955,5.6798
Oceania (UN),UN_OCE,1956,5.5451
Oceania (UN),UN_OCE,1957,5.4334
Oceania (UN),UN_OCE,1958,5.2697
Oceania (UN),UN_OCE,1959,5.2239
Oceania (UN),UN_OCE,1960,5.0298
Oceania (UN),UN_OCE,1961,4.8939
Oceania (UN),UN_OCE,1962,4.8532
Oceania (UN),UN_OCE,1963,4.7329
Oceania (UN),UN_OCE,1964,4.6802
Oceania (UN),UN_OCE,1965,4.6482
Oceania (UN),UN_OCE,1966,4.549
Oceania (UN),UN_OCE,1967,4.4457
Oceania (UN),UN_OCE,1968,4.3251
Oceania (UN),UN_OCE,1969,4.2104
Oceania (UN),UN_OCE,1970,4.1152
Oceania (UN),UN_OCE,1971,3.917
Oceania (UN),UN_OCE,1972,3.8042
Oceania (UN),UN_OCE,1973,3.7774
Oceania (UN),UN_OCE,1974,3.734
Oceania (UN),UN_OCE,1975,3.6405
Oceania (UN),UN_OCE,1976,3.587
Oceania (UN),UN_OCE,1977,3.4783
Oceania (UN),UN_OCE,1978,3.4153
Oceania (UN),UN_OCE,1979,3.2966
Oceania (UN),UN_OCE,1980,3.2103
Oceania (UN),UN_OCE,1981,3.0965
Oceania (UN),UN_OCE,1982,3.0257
Oceania (UN),UN_OCE,1983,2.9678
Oceania (UN),UN_OCE,1984,2.9228
Oceania (UN),UN_OCE,1985,2.881
Oceania (UN),UN_OCE,1986,2.8091
Oceania (UN),UN_OCE,1987,2.7633
Oceania (UN),UN_OCE,1988,2.6907
Oceania (UN),UN_OCE,1989,2.654
Oceania (UN),UN_OCE,1990,2.5387
Oceania (UN),UN_OCE,1991,2.4725
Oceania (UN),UN_OCE,1992,2.4315
Oceania (UN),UN_OCE,1993,2.3984
Oceania (UN),UN_OCE,1994,2.3945
Oceania (UN),UN_OCE,1995,2.381
Oceania (UN),UN_OCE,1996,2.3985
Oceania (UN),UN_OCE,1997,2.3957
Oceania (UN),UN_OCE,1998,2.4138
Oceania (UN),UN_OCE,1999,2.4065
Oceania (UN),UN_OCE,2000,2.381
Oceania (UN),UN_OCE,2001,2.3836
Oceania (UN),UN_OCE,2002,2.3728
Oceania (UN),UN_OCE,2003,2.3456
Oceania (UN),UN_OCE,2004,2.3161
Oceania (UN),UN_OCE,2005,2.286
Oceania (UN),UN_OCE,2006,2.2322
Oceania (UN),UN_OCE,2007,2.1337
Oceania (UN),UN_OCE,2008,2.0792
Oceania (UN),UN_OCE,2009,2.0612
Oceania (UN),UN_OCE,2010,2.0294
Oceania (UN),UN_OCE,2011,1.991
Oceania (UN),UN_OCE,2012,1.9283
Oceania (UN),UN_OCE,2013,1.918
Oceania (UN),UN_OCE,2014,1.906
Oceania (UN),UN_OCE,2015,1.8344
Oceania (UN),UN_OCE,2016,1.7837
Oceania (UN),UN_OCE,2017,1.7676
Oceania (UN),UN_OCE,2018,1.7189
Oceania (UN),UN_OCE,2019,1.7062
Oceania (UN),UN_OCE,2020,1.6774
Oceania (UN),UN_OCE,2021,1.6369
Oceania (UN),UN_OCE,2022,1.6085
Oceania (UN),UN_OCE,2023,1.5415
Oman,OMN,1950,23.0014
Oman,OMN,1951,22.8162
Oman,OMN,1952,22.63
Oman,OMN,1953,22.4356
Oman,OMN,1954,22.2283
Oman,OMN,1955,22.0027
Oman,OMN,1956,21.7532
Oman,OMN,1957,21.4736
Oman,OMN,1958,21.158
Oman,OMN,1959,20.8023
Oman,OMN,1960,20.4032
Oman,OMN,1961,19.9601
Oman,OMN,1962,19.4756
Oman,OMN,1963,18.954
Oman,OMN,1964,18.4006
Oman,OMN,1965,17.8219
Oman,OMN,1966,17.2226
Oman,OMN,1967,16.6055
Oman,OMN,1968,15.9729
Oman,OMN,1969,15.3272
Oman,OMN,1970,14.7036
Oman,OMN,1971,14.0415
Oman,OMN,1972,13.3387
Oman,OMN,1973,12.67
Oman,OMN,1974,12.001
Oman,OMN,1975,11.3319
Oman,OMN,1976,10.6619
Oman,OMN,1977,10.0296
Oman,OMN,1978,9.3201
Oman,OMN,1979,8.6538
Oman,OMN,1980,7.9973
Oman,OMN,1981,7.3556
Oman,OMN,1982,6.7311
Oman,OMN,1983,6.1471
Oman,OMN,1984,5.5988
Oman,OMN,1985,5.09
Oman,OMN,1986,4.6231
Oman,OMN,1987,4.1976
Oman,OMN,1988,3.8121
Oman,OMN,1989,3.4642
Oman,OMN,1990,3.1508
Oman,OMN,1991,2.8691
Oman,OMN,1992,2.6164
Oman,OMN,1993,2.3901
Oman,OMN,1994,2.1882
Oman,OMN,1995,2.0084
Oman,OMN,1996,1.8486
Oman,OMN,1997,1.707
Oman,OMN,1998,1.5822
Oman,OMN,1999,1.473
Oman,OMN,2000,1.3781
Oman,OMN,2001,1.2963
Oman,OMN,2002,1.2281
Oman,OMN,2003,1.1741
Oman,OMN,2004,1.12
Oman,OMN,2005,1.0803
Oman,OMN,2006,1.0482
Oman,OMN,2007,1.0366
Oman,OMN,2008,1.002
Oman,OMN,2009,0.9857
Oman,OMN,2010,0.9726
Oman,OMN,2011,0.9618
Oman,OMN,2012,0.9521
Oman,OMN,2013,0.943
Oman,OMN,2014,0.9339
Oman,OMN,2015,0.9248
Oman,OMN,2016,0.9153
Oman,OMN,2017,0.9062
Oman,OMN,2018,0.8973
Oman,OMN,2019,0.8889
Oman,OMN,2020,0.8805
Oman,OMN,2021,0.8722
Oman,OMN,2022,0.864
Oman,OMN,2023,0.8557
Pakistan,PAK,1950,23.4572
Pakistan,PAK,1951,22.7424
Pakistan,PAK,1952,22.113
Pakistan,PAK,1953,21.4413
Pakistan,PAK,1954,20.8332
Pakistan,PAK,1955,20.2259
Pakistan,PAK,1956,19.6453
Pakistan,PAK,1957,19.0756
Pakistan,PAK,1958,18.5288
Pakistan,PAK,1959,18.0057
Pakistan,PAK,1960,17.5066
Pakistan,PAK,1961,17.022
Pakistan,PAK,1962,16.5672
Pakistan,PAK,1963,16.1786
Pakistan,PAK,1964,15.752
Pakistan,PAK,1965,15.44
Pakistan,PAK,1966,15.0492
Pakistan,PAK,1967,14.752
Pakistan,PAK,1968,14.4838
Pakistan,PAK,1969,14.2412
Pakistan,PAK,1970,14.0199
Pakistan,PAK,1971,14.3746
Pakistan,PAK,1972,13.6263
Pakistan,PAK,1973,13.4583
Pakistan,PAK,1974,13.2958
Pakistan,PAK,1975,13.1221
Pakistan,PAK,1976,12.9753
Pakistan,PAK,1977,12.8363
Pakistan,PAK,1978,12.6901
Pakistan,PAK,1979,12.5456
Pakistan,PAK,1980,12.405
Pakistan,PAK,1981,12.2622
Pakistan,PAK,1982,12.1129
Pakistan,PAK,1983,11.9594
Pakistan,PAK,1984,11.7996
Pakistan,PAK,1985,11.6345
Pakistan,PAK,1986,11.4658
Pakistan,PAK,1987,11.293
Pakistan,PAK,1988,11.1196
Pakistan,PAK,1989,10.9395
Pakistan,PAK,1990,10.7562
Pakistan,PAK,1991,10.5671
Pakistan,PAK,1992,10.3793
Pakistan,PAK,1993,10.1698
Pakistan,PAK,1994,9.958
Pakistan,PAK,1995,9.7375
Pakistan,PAK,1996,9.5023
Pakistan,PAK,1997,9.2746
Pakistan,PAK,1998,9.0534
Pakistan,PAK,1999,8.8283
Pakistan,PAK,2000,8.6185
Pakistan,PAK,2001,8.4235
Pakistan,PAK,2002,8.2407
Pakistan,PAK,2003,8.0743
Pakistan,PAK,2004,7.9175
Pakistan,PAK,2005,7.8758
Pakistan,PAK,2006,7.6321
Pakistan,PAK,2007,7.4946
Pakistan,PAK,2008,7.3513
Pakistan,PAK,2009,7.2145
Pakistan,PAK,2010,7.0711
Pakistan,PAK,2011,6.9043
Pakistan,PAK,2012,6.7419
Pakistan,PAK,2013,6.5772
Pakistan,PAK,2014,6.4086
Pakistan,PAK,2015,6.2393
Pakistan,PAK,2016,6.0662
Pakistan,PAK,2017,5.8961
Pakistan,PAK,2018,5.7279
Pakistan,PAK,2019,5.5626
Pakistan,PAK,2020,5.3993
Pakistan,PAK,2021,5.2384
Pakistan,PAK,2022,5.0916
Pakistan,PAK,2023,4.9363
Palau,PLW,1950,8.8642
Palau,PLW,1951,8.7725
Palau,PLW,1952,8.6811
Palau,PLW,1953,8.5871
Palau,PLW,1954,8.4881
Palau,PLW,1955,8.3829
Palau,PLW,1956,8.2737
Palau,PLW,1957,8.1588
Palau,PLW,1958,8.0379
Palau,PLW,1959,7.9079
Palau,PLW,1960,7.7702
Palau,PLW,1961,7.6359
Palau,PLW,1962,7.5029
Palau,PLW,1963,7.3721
Palau,PLW,1964,7.2435
Palau,PLW,1965,7.1159
Palau,PLW,1966,6.9665
Palau,PLW,1967,6.7952
Palau,PLW,1968,6.5923
Palau,PLW,1969,6.3659
Palau,PLW,1970,6.1141
Palau,PLW,1971,5.8679
Palau,PLW,1972,5.6049
Palau,PLW,1973,5.3342
Palau,PLW,1974,5.0627
Palau,PLW,1975,4.7958
Palau,PLW,1976,4.5457
Palau,PLW,1977,4.3132
Palau,PLW,1978,4.1016
Palau,PLW,1979,3.9113
Palau,PLW,1980,3.7422
Palau,PLW,1981,3.5965
Palau,PLW,1982,3.4695
Palau,PLW,1983,3.3581
Palau,PLW,1984,3.261
Palau,PLW,1985,3.1771
Palau,PLW,1986,3.1027
Palau,PLW,1987,3.0373
Palau,PLW,1988,2.9779
Palau,PLW,1989,2.9224
Palau,PLW,1990,2.8681
Palau,PLW,1991,2.8171
Palau,PLW,1992,2.7578
Palau,PLW,1993,2.694
Palau,PLW,1994,2.6253
Palau,PLW,1995,2.5525
Palau,PLW,1996,2.4765
Palau,PLW,1997,2.3985
Palau,PLW,1998,2.3207
Palau,PLW,1999,2.2438
Palau,PLW,2000,2.1688
Palau,PLW,2001,2.0929
Palau,PLW,2002,2.0201
Palau,PLW,2003,1.9507
Palau,PLW,2004,1.8845
Palau,PLW,2005,1.8223
Palau,PLW,2006,1.7687
Palau,PLW,2007,1.7218
Palau,PLW,2008,1.6841
Palau,PLW,2009,1.6579
Palau,PLW,2010,1.6445
Palau,PLW,2011,1.6443
Palau,PLW,2012,1.6571
Palau,PLW,2013,1.6821
Palau,PLW,2014,1.7186
Palau,PLW,2015,1.7603
Palau,PLW,2016,1.7996
Palau,PLW,2017,1.8348
Palau,PLW,2018,1.8599
Palau,PLW,2019,1.8709
Palau,PLW,2020,1.8679
Palau,PLW,2021,1.8548
Palau,PLW,2022,1.8338
Palau,PLW,2023,1.813
Palestine,PSE,1950,14.253
Palestine,PSE,1951,14.0882
Palestine,PSE,1952,13.9267
Palestine,PSE,1953,13.7616
Palestine,PSE,1954,13.5888
Palestine,PSE,1955,13.4045
Palestine,PSE,1956,13.2073
Palestine,PSE,1957,12.9959
Palestine,PSE,1958,12.7702
Palestine,PSE,1959,12.5313
Palestine,PSE,1960,12.2692
Palestine,PSE,1961,11.9894
Palestine,PSE,1962,11.6914
Palestine,PSE,1963,11.3792
Palestine,PSE,1964,11.0647
Palestine,PSE,1965,10.7301
Palestine,PSE,1966,10.3963
Palestine,PSE,1967,10.0612
Palestine,PSE,1968,9.723
Palestine,PSE,1969,9.3778
Palestine,PSE,1970,9.0431
Palestine,PSE,1971,8.7095
Palestine,PSE,1972,8.3741
Palestine,PSE,1973,8.0518
Palestine,PSE,1974,7.7441
Palestine,PSE,1975,7.4187
Palestine,PSE,1976,7.0925
Palestine,PSE,1977,6.782
Palestine,PSE,1978,6.4789
Palestine,PSE,1979,6.158
Palestine,PSE,1980,5.8549
Palestine,PSE,1981,5.5773
Palestine,PSE,1982,5.3093
Palestine,PSE,1983,5.0354
Palestine,PSE,1984,4.7921
Palestine,PSE,1985,4.5764
Palestine,PSE,1986,4.3849
Palestine,PSE,1987,4.1627
Palestine,PSE,1988,3.9579
Palestine,PSE,1989,3.779
Palestine,PSE,1990,3.6225
Palestine,PSE,1991,3.4852
Palestine,PSE,1992,3.3603
Palestine,PSE,1993,3.2235
Palestine,PSE,1994,3.0908
Palestine,PSE,1995,2.973
Palestine,PSE,1996,2.87
Palestine,PSE,1997,2.7737
Palestine,PSE,1998,2.6891
Palestine,PSE,1999,2.6116
Palestine,PSE,2000,2.5411
Palestine,PSE,2001,2.4678
Palestine,PSE,2002,2.4145
Palestine,PSE,2003,2.3214
Palestine,PSE,2004,2.2451
Palestine,PSE,2005,2.1729
Palestine,PSE,2006,2.1047
Palestine,PSE,2007,2.0399
Palestine,PSE,2008,2.0397
Palestine,PSE,2009,1.9946
Palestine,PSE,2010,1.8623
Palestine,PSE,2011,1.8004
Palestine,PSE,2012,1.7449
Palestine,PSE,2013,1.6827
Palestine,PSE,2014,1.7434
Palestine,PSE,2015,1.5802
Palestine,PSE,2016,1.5185
Palestine,PSE,2017,1.4628
Palestine,PSE,2018,1.4222
Palestine,PSE,2019,1.3614
Palestine,PSE,2020,1.3111
Palestine,PSE,2021,1.2813
Palestine,PSE,2022,1.2357
Palestine,PSE,2023,1.4182
Panama,PAN,1950,8.2794
Panama,PAN,1951,8.08
Panama,PAN,1952,7.8817
Panama,PAN,1953,7.6855
Panama,PAN,1954,7.4964
Panama,PAN,1955,7.315
Panama,PAN,1956,7.1294
Panama,PAN,1957,6.9603
Panama,PAN,1958,6.7957
Panama,PAN,1959,6.6351
Panama,PAN,1960,6.477
Panama,PAN,1961,6.3203
Panama,PAN,1962,6.1664
Panama,PAN,1963,6.0158
Panama,PAN,1964,5.8685
Panama,PAN,1965,5.7232
Panama,PAN,1966,5.5902
Panama,PAN,1967,5.425
Panama,PAN,1968,5.2605
Panama,PAN,1969,5.0801
Panama,PAN,1970,4.9126
Panama,PAN,1971,4.6766
Panama,PAN,1972,4.4644
Panama,PAN,1973,4.2614
Panama,PAN,1974,4.064
Panama,PAN,1975,3.8899
Panama,PAN,1976,3.7371
Panama,PAN,1977,3.6039
Panama,PAN,1978,3.4967
Panama,PAN,1979,3.3796
Panama,PAN,1980,3.2762
Panama,PAN,1981,3.1733
Panama,PAN,1982,3.0696
Panama,PAN,1983,2.9653
Panama,PAN,1984,2.8627
Panama,PAN,1985,2.7627
Panama,PAN,1986,2.6691
Panama,PAN,1987,2.5801
Panama,PAN,1988,2.5046
Panama,PAN,1989,2.4789
Panama,PAN,1990,2.3636
Panama,PAN,1991,2.3202
Panama,PAN,1992,2.2703
Panama,PAN,1993,2.2254
Panama,PAN,1994,2.1922
Panama,PAN,1995,2.1628
Panama,PAN,1996,2.1325
Panama,PAN,1997,2.1003
Panama,PAN,1998,2.0638
Panama,PAN,1999,2.0213
Panama,PAN,2000,1.9731
Panama,PAN,2001,1.92
Panama,PAN,2002,1.8654
Panama,PAN,2003,1.806
Panama,PAN,2004,1.7532
Panama,PAN,2005,1.6923
Panama,PAN,2006,1.6404
Panama,PAN,2007,1.5864
Panama,PAN,2008,1.5472
Panama,PAN,2009,1.4963
Panama,PAN,2010,1.4633
Panama,PAN,2011,1.4272
Panama,PAN,2012,1.403
Panama,PAN,2013,1.3806
Panama,PAN,2014,1.3656
Panama,PAN,2015,1.3463
Panama,PAN,2016,1.3205
Panama,PAN,2017,1.3449
Panama,PAN,2018,1.3887
Panama,PAN,2019,1.3787
Panama,PAN,2020,1.0199
Panama,PAN,2021,1.0543
Panama,PAN,2022,1.2857
Panama,PAN,2023,1.2561
Papua New Guinea,PNG,1950,16.5339
Papua New Guinea,PNG,1951,17.0165
Papua New Guinea,PNG,1952,15.8115
Papua New Guinea,PNG,1953,15.4587
Papua New Guinea,PNG,1954,15.1122
Papua New Guinea,PNG,1955,14.7724
Papua New Guinea,PNG,1956,14.4404
Papua New Guinea,PNG,1957,14.1091
Papua New Guinea,PNG,1958,13.7801
Papua New Guinea,PNG,1959,13.4525
Papua New Guinea,PNG,1960,13.1257
Papua New Guinea,PNG,1961,12.8003
Papua New Guinea,PNG,1962,12.5298
Papua New Guinea,PNG,1963,12.1567
Papua New Guinea,PNG,1964,11.8406
Papua New Guinea,PNG,1965,11.5291
Papua New Guinea,PNG,1966,11.2225
Papua New Guinea,PNG,1967,10.9211
Papua New Guinea,PNG,1968,10.6247
Papua New Guinea,PNG,1969,10.3345
Papua New Guinea,PNG,1970,10.0525
Papua New Guinea,PNG,1971,9.7847
Papua New Guinea,PNG,1972,9.5086
Papua New Guinea,PNG,1973,9.2519
Papua New Guinea,PNG,1974,9.0059
Papua New Guinea,PNG,1975,8.7711
Papua New Guinea,PNG,1976,8.5475
Papua New Guinea,PNG,1977,8.3352
Papua New Guinea,PNG,1978,8.1342
Papua New Guinea,PNG,1979,7.9455
Papua New Guinea,PNG,1980,7.7639
Papua New Guinea,PNG,1981,7.5926
Papua New Guinea,PNG,1982,7.4318
Papua New Guinea,PNG,1983,7.2974
Papua New Guinea,PNG,1984,7.1379
Papua New Guinea,PNG,1985,7.0034
Papua New Guinea,PNG,1986,6.8756
Papua New Guinea,PNG,1987,6.7538
Papua New Guinea,PNG,1988,6.6421
Papua New Guinea,PNG,1989,6.5242
Papua New Guinea,PNG,1990,6.415
Papua New Guinea,PNG,1991,6.3238
Papua New Guinea,PNG,1992,6.2072
Papua New Guinea,PNG,1993,6.1125
Papua New Guinea,PNG,1994,6.0133
Papua New Guinea,PNG,1995,5.9216
Papua New Guinea,PNG,1996,5.8369
Papua New Guinea,PNG,1997,5.7568
Papua New Guinea,PNG,1998,5.7906
Papua New Guinea,PNG,1999,5.5867
Papua New Guinea,PNG,2000,5.502
Papua New Guinea,PNG,2001,5.4213
Papua New Guinea,PNG,2002,5.3424
Papua New Guinea,PNG,2003,5.2478
Papua New Guinea,PNG,2004,5.1582
Papua New Guinea,PNG,2005,5.0667
Papua New Guinea,PNG,2006,4.9732
Papua New Guinea,PNG,2007,4.8856
Papua New Guinea,PNG,2008,4.778
Papua New Guinea,PNG,2009,4.6807
Papua New Guinea,PNG,2010,4.582
Papua New Guinea,PNG,2011,4.4789
Papua New Guinea,PNG,2012,4.3836
Papua New Guinea,PNG,2013,4.2791
Papua New Guinea,PNG,2014,4.1778
Papua New Guinea,PNG,2015,4.0773
Papua New Guinea,PNG,2016,3.9697
Papua New Guinea,PNG,2017,3.8632
Papua New Guinea,PNG,2018,3.7605
Papua New Guinea,PNG,2019,3.6476
Papua New Guinea,PNG,2020,3.5393
Papua New Guinea,PNG,2021,3.4277
Papua New Guinea,PNG,2022,3.318
Papua New Guinea,PNG,2023,3.215
Paraguay,PRY,1950,7.6944
Paraguay,PRY,1951,7.6644
Paraguay,PRY,1952,7.6353
Paraguay,PRY,1953,7.5974
Paraguay,PRY,1954,7.5459
Paraguay,PRY,1955,7.4773
Paraguay,PRY,1956,7.3908
Paraguay,PRY,1957,7.288
Paraguay,PRY,1958,7.1729
Paraguay,PRY,1959,7.05
Paraguay,PRY,1960,6.9226
Paraguay,PRY,1961,6.7955
Paraguay,PRY,1962,6.6732
Paraguay,PRY,1963,6.559
Paraguay,PRY,1964,6.4549
Paraguay,PRY,1965,6.3637
Paraguay,PRY,1966,6.2774
Paraguay,PRY,1967,6.2011
Paraguay,PRY,1968,6.1301
Paraguay,PRY,1969,6.062
Paraguay,PRY,1970,5.9946
Paraguay,PRY,1971,5.9255
Paraguay,PRY,1972,5.8531
Paraguay,PRY,1973,5.7763
Paraguay,PRY,1974,5.6934
Paraguay,PRY,1975,5.6036
Paraguay,PRY,1976,5.5064
Paraguay,PRY,1977,5.401
Paraguay,PRY,1978,5.2875
Paraguay,PRY,1979,5.1663
Paraguay,PRY,1980,5.038
Paraguay,PRY,1981,4.9039
Paraguay,PRY,1982,4.7651
Paraguay,PRY,1983,4.644
Paraguay,PRY,1984,4.4801
Paraguay,PRY,1985,4.3368
Paraguay,PRY,1986,4.1949
Paraguay,PRY,1987,4.0556
Paraguay,PRY,1988,3.9203
Paraguay,PRY,1989,3.7928
Paraguay,PRY,1990,3.6644
Paraguay,PRY,1991,3.5453
Paraguay,PRY,1992,3.4327
Paraguay,PRY,1993,3.3268
Paraguay,PRY,1994,3.2279
Paraguay,PRY,1995,3.1356
Paraguay,PRY,1996,3.0496
Paraguay,PRY,1997,2.9719
Paraguay,PRY,1998,2.9049
Paraguay,PRY,1999,2.8227
Paraguay,PRY,2000,2.7543
Paraguay,PRY,2001,2.6883
Paraguay,PRY,2002,2.6238
Paraguay,PRY,2003,2.5598
Paraguay,PRY,2004,2.4966
Paraguay,PRY,2005,2.4337
Paraguay,PRY,2006,2.3712
Paraguay,PRY,2007,2.3084
Paraguay,PRY,2008,2.2465
Paraguay,PRY,2009,2.1837
Paraguay,PRY,2010,2.1216
Paraguay,PRY,2011,2.0626
Paraguay,PRY,2012,2.0006
Paraguay,PRY,2013,1.9407
Paraguay,PRY,2014,1.882
Paraguay,PRY,2015,1.8257
Paraguay,PRY,2016,1.7679
Paraguay,PRY,2017,1.7111
Paraguay,PRY,2018,1.6559
Paraguay,PRY,2019,1.6082
Paraguay,PRY,2020,1.5486
Paraguay,PRY,2021,1.4968
Paraguay,PRY,2022,1.4464
Paraguay,PRY,2023,1.3976
Peru,PER,1950,15.1541
Peru,PER,1951,15.0304
Peru,PER,1952,14.9131
Peru,PER,1953,14.785
Peru,PER,1954,14.6389
Peru,PER,1955,14.4721
Peru,PER,1956,14.2831
Peru,PER,1957,14.0744
Peru,PER,1958,13.8479
Peru,PER,1959,13.606
Peru,PER,1960,13.352
Peru,PER,1961,13.0824
Peru,PER,1962,12.8448
Peru,PER,1963,12.5153
Peru,PER,1964,12.2215
Peru,PER,1965,11.9306
Peru,PER,1966,11.6378
Peru,PER,1967,11.3538
Peru,PER,1968,11.0785
Peru,PER,1969,10.8165
Peru,PER,1970,11.6352
Peru,PER,1971,10.3334
Peru,PER,1972,10.0678
Peru,PER,1973,9.8409
Peru,PER,1974,9.6145
Peru,PER,1975,9.3959
Peru,PER,1976,9.196
Peru,PER,1977,9.0086
Peru,PER,1978,8.8249
Peru,PER,1979,8.6426
Peru,PER,1980,8.4556
Peru,PER,1981,8.2511
Peru,PER,1982,8.0409
Peru,PER,1983,7.7838
Peru,PER,1984,7.5071
Peru,PER,1985,7.2273
Peru,PER,1986,6.9443
Peru,PER,1987,6.6553
Peru,PER,1988,6.3569
Peru,PER,1989,6.0582
Peru,PER,1990,5.7668
Peru,PER,1991,5.5016
Peru,PER,1992,5.1752
Peru,PER,1993,4.8743
Peru,PER,1994,4.5676
Peru,PER,1995,4.2615
Peru,PER,1996,3.9639
Peru,PER,1997,3.6837
Peru,PER,1998,3.4212
Peru,PER,1999,3.1623
Peru,PER,2000,2.9301
Peru,PER,2001,2.7234
Peru,PER,2002,2.5359
Peru,PER,2003,2.368
Peru,PER,2004,2.2185
Peru,PER,2005,2.0861
Peru,PER,2006,1.9681
Peru,PER,2007,1.8682
Peru,PER,2008,1.7699
Peru,PER,2009,1.6873
Peru,PER,2010,1.6162
Peru,PER,2011,1.547
Peru,PER,2012,1.4922
Peru,PER,2013,1.4435
Peru,PER,2014,1.401
Peru,PER,2015,1.3646
Peru,PER,2016,1.3336
Peru,PER,2017,1.3129
Peru,PER,2018,1.2815
Peru,PER,2019,1.2603
Peru,PER,2020,1.2355
Peru,PER,2021,1.2131
Peru,PER,2022,1.1908
Peru,PER,2023,1.1689
Philippines,PHL,1950,9.3672
Philippines,PHL,1951,9.1236
Philippines,PHL,1952,8.8629
Philippines,PHL,1953,8.5872
Philippines,PHL,1954,8.3251
Philippines,PHL,1955,8.0673
Philippines,PHL,1956,7.7987
Philippines,PHL,1957,7.5403
Philippines,PHL,1958,7.2976
Philippines,PHL,1959,7.0822
Philippines,PHL,1960,6.8924
Philippines,PHL,1961,6.7225
Philippines,PHL,1962,6.5716
Philippines,PHL,1963,6.42
Philippines,PHL,1964,6.3117
Philippines,PHL,1965,6.1873
Philippines,PHL,1966,6.0813
Philippines,PHL,1967,5.9888
Philippines,PHL,1968,5.9061
Philippines,PHL,1969,5.8301
Philippines,PHL,1970,5.8137
Philippines,PHL,1971,5.739
Philippines,PHL,1972,5.7433
Philippines,PHL,1973,5.7431
Philippines,PHL,1974,5.728
Philippines,PHL,1975,5.709
Philippines,PHL,1976,5.7016
Philippines,PHL,1977,5.6221
Philippines,PHL,1978,5.5912
Philippines,PHL,1979,5.5423
Philippines,PHL,1980,5.4874
Philippines,PHL,1981,5.4377
Philippines,PHL,1982,5.3518
Philippines,PHL,1983,5.2577
Philippines,PHL,1984,5.1649
Philippines,PHL,1985,5.0176
Philippines,PHL,1986,4.8745
Philippines,PHL,1987,4.6849
Philippines,PHL,1988,4.4952
Philippines,PHL,1989,4.2855
Philippines,PHL,1990,4.0841
Philippines,PHL,1991,3.9024
Philippines,PHL,1992,3.6744
Philippines,PHL,1993,3.5054
Philippines,PHL,1994,3.3526
Philippines,PHL,1995,3.23
Philippines,PHL,1996,3.1006
Philippines,PHL,1997,3.0004
Philippines,PHL,1998,2.9155
Philippines,PHL,1999,2.8393
Philippines,PHL,2000,2.7676
Philippines,PHL,2001,2.7052
Philippines,PHL,2002,2.6463
Philippines,PHL,2003,2.5897
Philippines,PHL,2004,2.5345
Philippines,PHL,2005,2.4807
Philippines,PHL,2006,2.4289
Philippines,PHL,2007,2.3794
Philippines,PHL,2008,2.3329
Philippines,PHL,2009,2.2898
Philippines,PHL,2010,2.2508
Philippines,PHL,2011,2.2165
Philippines,PHL,2012,2.1872
Philippines,PHL,2013,2.1632
Philippines,PHL,2014,2.1449
Philippines,PHL,2015,2.1325
Philippines,PHL,2016,2.1252
Philippines,PHL,2017,2.1217
Philippines,PHL,2018,2.1197
Philippines,PHL,2019,2.1159
Philippines,PHL,2020,2.1087
Philippines,PHL,2021,2.0982
Philippines,PHL,2022,2.0873
Philippines,PHL,2023,2.0711
Poland,POL,1950,9.9245
Poland,POL,1951,9.5014
Poland,POL,1952,10.0001
Poland,POL,1953,8.9229
Poland,POL,1954,8.5079
Poland,POL,1955,7.9419
Poland,POL,1956,7.73
Poland,POL,1957,7.3166
Poland,POL,1958,7.2987
Poland,POL,1959,6.5688
Poland,POL,1960,5.9622
Poland,POL,1961,5.3812
Poland,POL,1962,5.1446
Poland,POL,1963,4.9272
Poland,POL,1964,4.5093
Poland,POL,1965,4.1718
Poland,POL,1966,3.8693
Poland,POL,1967,3.6128
Poland,POL,1968,3.4878
Poland,POL,1969,3.5184
Poland,POL,1970,3.5674
Poland,POL,1971,3.5021
Poland,POL,1972,3.2278
Poland,POL,1973,3.0055
Poland,POL,1974,2.9007
Poland,POL,1975,2.8408
Poland,POL,1976,2.854
Poland,POL,1977,2.7885
Poland,POL,1978,2.7078
Poland,POL,1979,2.6114
Poland,POL,1980,2.5254
Poland,POL,1981,2.4915
Poland,POL,1982,2.4204
Poland,POL,1983,2.3532
Poland,POL,1984,2.2406
Poland,POL,1985,2.1504
Poland,POL,1986,2.0918
Poland,POL,1987,2.0557
Poland,POL,1988,2.0252
Poland,POL,1989,1.9671
Poland,POL,1990,1.8931
Poland,POL,1991,1.8043
Poland,POL,1992,1.6964
Poland,POL,1993,1.5894
Poland,POL,1994,1.4543
Poland,POL,1995,1.3312
Poland,POL,1996,1.1684
Poland,POL,1997,1.0497
Poland,POL,1998,0.9337
Poland,POL,1999,0.8695
Poland,POL,2000,0.8057
Poland,POL,2001,0.7599
Poland,POL,2002,0.7228
Poland,POL,2003,0.6984
Poland,POL,2004,0.6666
Poland,POL,2005,0.6336
Poland,POL,2006,0.6042
Poland,POL,2007,0.5788
Poland,POL,2008,0.5588
Poland,POL,2009,0.5257
Poland,POL,2010,0.4932
Poland,POL,2011,0.4693
Poland,POL,2012,0.4593
Poland,POL,2013,0.4511
Poland,POL,2014,0.4311
Poland,POL,2015,0.4172
Poland,POL,2016,0.4096
Poland,POL,2017,0.4113
Poland,POL,2018,0.3847
Poland,POL,2019,0.3787
Poland,POL,2020,0.3535
Poland,POL,2021,0.3867
Poland,POL,2022,0.3352
Poland,POL,2023,0.319
Portugal,PRT,1950,9.7839
Portugal,PRT,1951,9.2279
Portugal,PRT,1952,9.5193
Portugal,PRT,1953,9.2931
Portugal,PRT,1954,8.454
Portugal,PRT,1955,9.2082
Portugal,PRT,1956,8.665
Portugal,PRT,1957,9.0378
Portugal,PRT,1958,8.438
Portugal,PRT,1959,8.949
Portugal,PRT,1960,8.1639
Portugal,PRT,1961,9.1759
Portugal,PRT,1962,7.9189
Portugal,PRT,1963,7.212
Portugal,PRT,1964,7.0509
Portugal,PRT,1965,6.413
Portugal,PRT,1966,6.4289
Portugal,PRT,1967,5.9542
Portugal,PRT,1968,6.0499
Portugal,PRT,1969,5.7078
Portugal,PRT,1970,6.0526
Portugal,PRT,1971,5.5039
Portugal,PRT,1972,3.9925
Portugal,PRT,1973,4.3743
Portugal,PRT,1974,3.7758
Portugal,PRT,1975,3.9631
Portugal,PRT,1976,3.3771
Portugal,PRT,1977,2.9787
Portugal,PRT,1978,2.814
Portugal,PRT,1979,2.5361
Portugal,PRT,1980,2.4431
Portugal,PRT,1981,2.1796
Portugal,PRT,1982,1.9842
Portugal,PRT,1983,1.8748
Portugal,PRT,1984,1.6631
Portugal,PRT,1985,1.6991
Portugal,PRT,1986,1.5772
Portugal,PRT,1987,1.4
Portugal,PRT,1988,1.3172
Portugal,PRT,1989,1.2078
Portugal,PRT,1990,1.0895
Portugal,PRT,1991,1.0924
Portugal,PRT,1992,0.9175
Portugal,PRT,1993,0.8609
Portugal,PRT,1994,0.7799
Portugal,PRT,1995,0.7381
Portugal,PRT,1996,0.694
Portugal,PRT,1997,0.651
Portugal,PRT,1998,0.6089
Portugal,PRT,1999,0.5763
Portugal,PRT,2000,0.5746
Portugal,PRT,2001,0.4918
Portugal,PRT,2002,0.5119
Portugal,PRT,2003,0.4072
Portugal,PRT,2004,0.3785
Portugal,PRT,2005,0.3505
Portugal,PRT,2006,0.3247
Portugal,PRT,2007,0.3413
Portugal,PRT,2008,0.3296
Portugal,PRT,2009,0.3561
Portugal,PRT,2010,0.2584
Portugal,PRT,2011,0.3007
Portugal,PRT,2012,0.3256
Portugal,PRT,2013,0.2815
Portugal,PRT,2014,0.2877
Portugal,PRT,2015,0.2974
Portugal,PRT,2016,0.3248
Portugal,PRT,2017,0.2608
Portugal,PRT,2018,0.3312
Portugal,PRT,2019,0.2849
Portugal,PRT,2020,0.2376
Portugal,PRT,2021,0.2372
Portugal,PRT,2022,0.2865
Portugal,PRT,2023,0.2582
Puerto Rico,PRI,1950,6.8141
Puerto Rico,PRI,1951,6.7118
Puerto Rico,PRI,1952,6.2078
Puerto Rico,PRI,1953,5.3946
Puerto Rico,PRI,1954,5.0137
Puerto Rico,PRI,1955,4.8434
Puerto Rico,PRI,1956,4.7995
Puerto Rico,PRI,1957,4.5201
Puerto Rico,PRI,1958,4.5671
Puerto Rico,PRI,1959,4.2209
Puerto Rico,PRI,1960,3.9964
Puerto Rico,PRI,1961,3.9413
Puerto Rico,PRI,1962,3.883
Puerto Rico,PRI,1963,3.984
Puerto Rico,PRI,1964,4.2432
Puerto Rico,PRI,1965,3.7791
Puerto Rico,PRI,1966,3.3437
Puerto Rico,PRI,1967,3.0891
Puerto Rico,PRI,1968,2.9483
Puerto Rico,PRI,1969,2.9741
Puerto Rico,PRI,1970,2.9394
Puerto Rico,PRI,1971,2.8083
Puerto Rico,PRI,1972,2.7623
Puerto Rico,PRI,1973,2.6403
Puerto Rico,PRI,1974,2.5562
Puerto Rico,PRI,1975,2.3923
Puerto Rico,PRI,1976,2.3804
Puerto Rico,PRI,1977,2.3596
Puerto Rico,PRI,1978,2.2925
Puerto Rico,PRI,1979,2.2994
Puerto Rico,PRI,1980,2.1839
Puerto Rico,PRI,1981,2.1475
Puerto Rico,PRI,1982,2.0753
Puerto Rico,PRI,1983,2.0227
Puerto Rico,PRI,1984,1.9267
Puerto Rico,PRI,1985,2.0663
Puerto Rico,PRI,1986,1.832
Puerto Rico,PRI,1987,1.8284
Puerto Rico,PRI,1988,1.7291
Puerto Rico,PRI,1989,1.9743
Puerto Rico,PRI,1990,1.8497
Puerto Rico,PRI,1991,1.5922
Puerto Rico,PRI,1992,1.5858
Puerto Rico,PRI,1993,1.593
Puerto Rico,PRI,1994,1.4313
Puerto Rico,PRI,1995,1.4649
Puerto Rico,PRI,1996,1.2747
Puerto Rico,PRI,1997,1.2669
Puerto Rico,PRI,1998,1.1299
Puerto Rico,PRI,1999,1.0725
Puerto Rico,PRI,2000,0.9882
Puerto Rico,PRI,2001,0.8943
Puerto Rico,PRI,2002,0.8632
Puerto Rico,PRI,2003,0.8529
Puerto Rico,PRI,2004,0.7633
Puerto Rico,PRI,2005,0.8733
Puerto Rico,PRI,2006,0.8264
Puerto Rico,PRI,2007,0.7861
Puerto Rico,PRI,2008,0.7596
Puerto Rico,PRI,2009,0.7038
Puerto Rico,PRI,2010,0.7094
Puerto Rico,PRI,2011,0.7585
Puerto Rico,PRI,2012,0.8047
Puerto Rico,PRI,2013,0.5912
Puerto Rico,PRI,2014,0.5843
Puerto Rico,PRI,2015,0.5915
Puerto Rico,PRI,2016,0.6426
Puerto Rico,PRI,2017,0.7163
Puerto Rico,PRI,2018,0.553
Puerto Rico,PRI,2019,0.5585
Puerto Rico,PRI,2020,0.5434
Puerto Rico,PRI,2021,0.5495
Puerto Rico,PRI,2022,0.544
Puerto Rico,PRI,2023,0.5183
Qatar,QAT,1950,12.97
Qatar,QAT,1951,12.6123
Qatar,QAT,1952,12.2599
Qatar,QAT,1953,11.9072
Qatar,QAT,1954,11.5515
Qatar,QAT,1955,11.191
Qatar,QAT,1956,10.8248
Qatar,QAT,1957,10.4522
Qatar,QAT,1958,10.0725
Qatar,QAT,1959,9.6853
Qatar,QAT,1960,9.2898
Qatar,QAT,1961,8.8858
Qatar,QAT,1962,8.4743
Qatar,QAT,1963,8.0576
Qatar,QAT,1964,7.6346
Qatar,QAT,1965,7.2126
Qatar,QAT,1966,6.8048
Qatar,QAT,1967,6.4104
Qatar,QAT,1968,6.0328
Qatar,QAT,1969,5.675
Qatar,QAT,1970,5.3388
Qatar,QAT,1971,5.027
Qatar,QAT,1972,4.7319
Qatar,QAT,1973,4.4537
Qatar,QAT,1974,4.1918
Qatar,QAT,1975,3.9468
Qatar,QAT,1976,3.7178
Qatar,QAT,1977,3.5116
Qatar,QAT,1978,3.3258
Qatar,QAT,1979,3.1582
Qatar,QAT,1980,3.006
Qatar,QAT,1981,2.8647
Qatar,QAT,1982,2.7315
Qatar,QAT,1983,2.6028
Qatar,QAT,1984,2.477
Qatar,QAT,1985,2.3528
Qatar,QAT,1986,2.2293
Qatar,QAT,1987,2.1059
Qatar,QAT,1988,1.9845
Qatar,QAT,1989,1.8659
Qatar,QAT,1990,1.752
Qatar,QAT,1991,1.6447
Qatar,QAT,1992,1.5457
Qatar,QAT,1993,1.4561
Qatar,QAT,1994,1.3765
Qatar,QAT,1995,1.3067
Qatar,QAT,1996,1.2458
Qatar,QAT,1997,1.1921
Qatar,QAT,1998,1.1443
Qatar,QAT,1999,1.1004
Qatar,QAT,2000,1.0596
Qatar,QAT,2001,1.0212
Qatar,QAT,2002,0.9847
Qatar,QAT,2003,0.9505
Qatar,QAT,2004,0.9188
Qatar,QAT,2005,0.8894
Qatar,QAT,2006,0.8627
Qatar,QAT,2007,0.8383
Qatar,QAT,2008,0.8153
Qatar,QAT,2009,0.7938
Qatar,QAT,2010,0.7727
Qatar,QAT,2011,0.7513
Qatar,QAT,2012,0.7286
Qatar,QAT,2013,0.7036
Qatar,QAT,2014,0.6764
Qatar,QAT,2015,0.6472
Qatar,QAT,2016,0.6162
Qatar,QAT,2017,0.5846
Qatar,QAT,2018,0.5533
Qatar,QAT,2019,0.5231
Qatar,QAT,2020,0.4942
Qatar,QAT,2021,0.4671
Qatar,QAT,2022,0.4417
Qatar,QAT,2023,0.4176
Reunion,REU,1950,15.1085
Reunion,REU,1951,14.3631
Reunion,REU,1952,13.2587
Reunion,REU,1953,12.1372
Reunion,REU,1954,11.1134
Reunion,REU,1955,10.4226
Reunion,REU,1956,10.1117
Reunion,REU,1957,10.1695
Reunion,REU,1958,10.0664
Reunion,REU,1959,9.6518
Reunion,REU,1960,8.8816
Reunion,REU,1961,8.2103
Reunion,REU,1962,7.7676
Reunion,REU,1963,7.4736
Reunion,REU,1964,7.4052
Reunion,REU,1965,7.2597
Reunion,REU,1966,7.0506
Reunion,REU,1967,6.5187
Reunion,REU,1968,5.984
Reunion,REU,1969,5.6314
Reunion,REU,1970,5.371
Reunion,REU,1971,5.1653
Reunion,REU,1972,4.7998
Reunion,REU,1973,4.3191
Reunion,REU,1974,3.8268
Reunion,REU,1975,3.3284
Reunion,REU,1976,2.9537
Reunion,REU,1977,2.6044
Reunion,REU,1978,2.2798
Reunion,REU,1979,1.8655
Reunion,REU,1980,1.5366
Reunion,REU,1981,1.2337
Reunion,REU,1982,1.143
Reunion,REU,1983,1.0716
Reunion,REU,1984,1.0117
Reunion,REU,1985,0.9576
Reunion,REU,1986,0.9278
Reunion,REU,1987,0.9137
Reunion,REU,1988,0.8921
Reunion,REU,1989,0.8761
Reunion,REU,1990,0.8476
Reunion,REU,1991,0.8257
Reunion,REU,1992,0.8041
Reunion,REU,1993,0.7909
Reunion,REU,1994,0.7616
Reunion,REU,1995,0.7406
Reunion,REU,1996,0.72
Reunion,REU,1997,0.6996
Reunion,REU,1998,0.6772
Reunion,REU,1999,0.6614
Reunion,REU,2000,0.6533
Reunion,REU,2001,0.648
Reunion,REU,2002,0.6397
Reunion,REU,2003,0.649
Reunion,REU,2004,0.6524
Reunion,REU,2005,0.661
Reunion,REU,2006,0.6529
Reunion,REU,2007,0.664
Reunion,REU,2008,0.6656
Reunion,REU,2009,0.6577
Reunion,REU,2010,0.6398
Reunion,REU,2011,0.6303
Reunion,REU,2012,0.6195
Reunion,REU,2013,0.5962
Reunion,REU,2014,0.5736
Reunion,REU,2015,0.5572
Reunion,REU,2016,0.5529
Reunion,REU,2017,0.5443
Reunion,REU,2018,0.5514
Reunion,REU,2019,0.5288
Reunion,REU,2020,0.5746
Reunion,REU,2021,0.6079
Reunion,REU,2022,0.5198
Reunion,REU,2023,0.5096
Romania,ROU,1950,9.7534
Romania,ROU,1951,9.3606
Romania,ROU,1952,8.981
Romania,ROU,1953,8.6325
Romania,ROU,1954,8.3238
Romania,ROU,1955,8.0605
Romania,ROU,1956,7.8302
Romania,ROU,1957,7.6028
Romania,ROU,1958,7.3396
Romania,ROU,1959,7.0141
Romania,ROU,1960,6.5991
Romania,ROU,1961,6.1222
Romania,ROU,1962,5.645
Romania,ROU,1963,5.2812
Romania,ROU,1964,5.0079
Romania,ROU,1965,4.8717
Romania,ROU,1966,4.8972
Romania,ROU,1967,4.9493
Romania,ROU,1968,5.5018
Romania,ROU,1969,5.1781
Romania,ROU,1970,4.747
Romania,ROU,1971,4.105
Romania,ROU,1972,3.9367
Romania,ROU,1973,3.7545
Romania,ROU,1974,3.6994
Romania,ROU,1975,3.4435
Romania,ROU,1976,3.1242
Romania,ROU,1977,3.1522
Romania,ROU,1978,3.023
Romania,ROU,1979,3.1352
Romania,ROU,1980,2.8849
Romania,ROU,1981,2.7872
Romania,ROU,1982,2.6572
Romania,ROU,1983,2.3037
Romania,ROU,1984,2.4364
Romania,ROU,1985,2.5812
Romania,ROU,1986,2.3721
Romania,ROU,1987,2.8985
Romania,ROU,1988,2.5216
Romania,ROU,1989,2.6423
Romania,ROU,1990,2.4742
Romania,ROU,1991,2.1637
Romania,ROU,1992,2.3051
Romania,ROU,1993,2.277
Romania,ROU,1994,2.3694
Romania,ROU,1995,2.0808
Romania,ROU,1996,2.1996
Romania,ROU,1997,2.2194
Romania,ROU,1998,2.0516
Romania,ROU,1999,1.849
Romania,ROU,2000,1.8612
Romania,ROU,2001,1.799
Romania,ROU,2002,1.6994
Romania,ROU,2003,1.6653
Romania,ROU,2004,1.708
Romania,ROU,2005,1.5617
Romania,ROU,2006,1.4511
Romania,ROU,2007,1.2477
Romania,ROU,2008,1.2096
Romania,ROU,2009,1.1279
Romania,ROU,2010,1.0467
Romania,ROU,2011,0.9626
Romania,ROU,2012,0.9862
Romania,ROU,2013,0.9251
Romania,ROU,2014,0.8698
Romania,ROU,2015,0.7646
Romania,ROU,2016,0.6893
Romania,ROU,2017,0.6607
Romania,ROU,2018,0.597
Romania,ROU,2019,0.5748
Romania,ROU,2020,0.5558
Romania,ROU,2021,0.5441
Romania,ROU,2022,0.5201
Romania,ROU,2023,0.4849
Russia,RUS,1950,10.8694
Russia,RUS,1951,11.4713
Russia,RUS,1952,9.6601
Russia,RUS,1953,8.8255
Russia,RUS,1954,8.9951
Russia,RUS,1955,7.6067
Russia,RUS,1956,4.8026
Russia,RUS,1957,4.6581
Russia,RUS,1958,4.0465
Russia,RUS,1959,4.0563
Russia,RUS,1960,3.6404
Russia,RUS,1961,3.2526
Russia,RUS,1962,3.1351
Russia,RUS,1963,3.0391
Russia,RUS,1964,2.8004
Russia,RUS,1965,2.6232
Russia,RUS,1966,2.5265
Russia,RUS,1967,2.4771
Russia,RUS,1968,2.5181
Russia,RUS,1969,2.4487
Russia,RUS,1970,2.2409
Russia,RUS,1971,2.0446
Russia,RUS,1972,2.0676
Russia,RUS,1973,2.0851
Russia,RUS,1974,2.176
Russia,RUS,1975,2.2701
Russia,RUS,1976,2.3969
Russia,RUS,1977,2.3547
Russia,RUS,1978,2.3215
Russia,RUS,1979,2.2356
Russia,RUS,1980,2.187
Russia,RUS,1981,2.1378
Russia,RUS,1982,2.0455
Russia,RUS,1983,2.005
Russia,RUS,1984,2.0548
Russia,RUS,1985,2.0349
Russia,RUS,1986,1.9516
Russia,RUS,1987,1.9171
Russia,RUS,1988,1.843
Russia,RUS,1989,1.7289
Russia,RUS,1990,1.687
Russia,RUS,1991,1.7027
Russia,RUS,1992,1.7144
Russia,RUS,1993,1.9092
Russia,RUS,1994,1.8714
Russia,RUS,1995,1.7842
Russia,RUS,1996,1.7238
Russia,RUS,1997,1.6867
Russia,RUS,1998,1.6606
Russia,RUS,1999,1.6544
Russia,RUS,2000,1.57
Russia,RUS,2001,1.5036
Russia,RUS,2002,1.4004
Russia,RUS,2003,1.2571
Russia,RUS,2004,1.1741
Russia,RUS,2005,1.0926
Russia,RUS,2006,1.0386
Russia,RUS,2007,0.9778
Russia,RUS,2008,0.8703
Russia,RUS,2009,0.8287
Russia,RUS,2010,0.8419
Russia,RUS,2011,0.7676
Russia,RUS,2012,0.8827
Russia,RUS,2013,0.8158
Russia,RUS,2014,0.7417
Russia,RUS,2015,0.6564
Russia,RUS,2016,0.5959
Russia,RUS,2017,0.5343
Russia,RUS,2018,0.4997
Russia,RUS,2019,0.4742
Russia,RUS,2020,0.4598
Russia,RUS,2021,0.4463
Russia,RUS,2022,0.3886
Russia,RUS,2023,0.3542
Rwanda,RWA,1950,13.8806
Rwanda,RWA,1951,13.7741
Rwanda,RWA,1952,13.6691
Rwanda,RWA,1953,13.5556
Rwanda,RWA,1954,13.4252
Rwanda,RWA,1955,13.2891
Rwanda,RWA,1956,13.149
Rwanda,RWA,1957,12.9982
Rwanda,RWA,1958,12.8354
Rwanda,RWA,1959,12.6608
Rwanda,RWA,1960,12.4836
Rwanda,RWA,1961,12.3153
Rwanda,RWA,1962,12.1818
Rwanda,RWA,1963,12.2763
Rwanda,RWA,1964,12.0382
Rwanda,RWA,1965,12.023
Rwanda,RWA,1966,12.0589
Rwanda,RWA,1967,12.1097
Rwanda,RWA,1968,12.2133
Rwanda,RWA,1969,12.3306
Rwanda,RWA,1970,12.4542
Rwanda,RWA,1971,12.5946
Rwanda,RWA,1972,12.7508
Rwanda,RWA,1973,12.9049
Rwanda,RWA,1974,13.0578
Rwanda,RWA,1975,13.1766
Rwanda,RWA,1976,13.2187
Rwanda,RWA,1977,13.1489
Rwanda,RWA,1978,12.9459
Rwanda,RWA,1979,12.6065
Rwanda,RWA,1980,12.1643
Rwanda,RWA,1981,11.6612
Rwanda,RWA,1982,11.153
Rwanda,RWA,1983,10.6862
Rwanda,RWA,1984,10.2849
Rwanda,RWA,1985,9.9584
Rwanda,RWA,1986,9.7156
Rwanda,RWA,1987,9.5639
Rwanda,RWA,1988,9.522
Rwanda,RWA,1989,9.6159
Rwanda,RWA,1990,9.8265
Rwanda,RWA,1991,10.148
Rwanda,RWA,1992,10.5895
Rwanda,RWA,1993,11.071
Rwanda,RWA,1994,19.3042
Rwanda,RWA,1995,12.0545
Rwanda,RWA,1996,12.0126
Rwanda,RWA,1997,12.1116
Rwanda,RWA,1998,11.7139
Rwanda,RWA,1999,11.2777
Rwanda,RWA,2000,10.6906
Rwanda,RWA,2001,10.0039
Rwanda,RWA,2002,9.2939
Rwanda,RWA,2003,8.5043
Rwanda,RWA,2004,7.7694
Rwanda,RWA,2005,7.0706
Rwanda,RWA,2006,6.4499
Rwanda,RWA,2007,5.8963
Rwanda,RWA,2008,5.4033
Rwanda,RWA,2009,4.9771
Rwanda,RWA,2010,4.6139
Rwanda,RWA,2011,4.3065
Rwanda,RWA,2012,4.0509
Rwanda,RWA,2013,3.8403
Rwanda,RWA,2014,3.668
Rwanda,RWA,2015,3.5252
Rwanda,RWA,2016,3.4099
Rwanda,RWA,2017,3.2946
Rwanda,RWA,2018,3.2008
Rwanda,RWA,2019,3.1037
Rwanda,RWA,2020,3.0189
Rwanda,RWA,2021,2.9208
Rwanda,RWA,2022,2.8346
Rwanda,RWA,2023,2.7509
Saint Barthelemy,BLM,1950,10.0738
Saint Barthelemy,BLM,1951,9.5088
Saint Barthelemy,BLM,1952,8.6951
Saint Barthelemy,BLM,1953,8.2118
Saint Barthelemy,BLM,1954,7.8973
Saint Barthelemy,BLM,1955,7.7471
Saint Barthelemy,BLM,1956,7.5243
Saint Barthelemy,BLM,1957,7.3668
Saint Barthelemy,BLM,1958,7.2371
Saint Barthelemy,BLM,1959,7.1119
Saint Barthelemy,BLM,1960,7.0027
Saint Barthelemy,BLM,1961,6.8036
Saint Barthelemy,BLM,1962,6.5947
Saint Barthelemy,BLM,1963,6.5728
Saint Barthelemy,BLM,1964,6.3557
Saint Barthelemy,BLM,1965,6.1598
Saint Barthelemy,BLM,1966,6.1031
Saint Barthelemy,BLM,1967,5.9504
Saint Barthelemy,BLM,1968,5.4547
Saint Barthelemy,BLM,1969,5.1034
Saint Barthelemy,BLM,1970,4.7722
Saint Barthelemy,BLM,1971,4.4041
Saint Barthelemy,BLM,1972,4.1124
Saint Barthelemy,BLM,1973,3.8946
Saint Barthelemy,BLM,1974,3.6159
Saint Barthelemy,BLM,1975,3.327
Saint Barthelemy,BLM,1976,3.0696
Saint Barthelemy,BLM,1977,2.8478
Saint Barthelemy,BLM,1978,2.6575
Saint Barthelemy,BLM,1979,2.5053
Saint Barthelemy,BLM,1980,2.3115
Saint Barthelemy,BLM,1981,2.1753
Saint Barthelemy,BLM,1982,2.0588
Saint Barthelemy,BLM,1983,1.9724
Saint Barthelemy,BLM,1984,1.8799
Saint Barthelemy,BLM,1985,1.8384
Saint Barthelemy,BLM,1986,1.7542
Saint Barthelemy,BLM,1987,1.6766
Saint Barthelemy,BLM,1988,1.5925
Saint Barthelemy,BLM,1989,1.5136
Saint Barthelemy,BLM,1990,1.4285
Saint Barthelemy,BLM,1991,1.3563
Saint Barthelemy,BLM,1992,1.2896
Saint Barthelemy,BLM,1993,1.2243
Saint Barthelemy,BLM,1994,1.1765
Saint Barthelemy,BLM,1995,1.1352
Saint Barthelemy,BLM,1996,1.0985
Saint Barthelemy,BLM,1997,1.0586
Saint Barthelemy,BLM,1998,1.0197
Saint Barthelemy,BLM,1999,0.9825
Saint Barthelemy,BLM,2000,0.9483
Saint Barthelemy,BLM,2001,0.9165
Saint Barthelemy,BLM,2002,0.8857
Saint Barthelemy,BLM,2003,0.8559
Saint Barthelemy,BLM,2004,0.8229
Saint Barthelemy,BLM,2005,0.7906
Saint Barthelemy,BLM,2006,0.7602
Saint Barthelemy,BLM,2007,0.7325
Saint Barthelemy,BLM,2008,0.7098
Saint Barthelemy,BLM,2009,0.6993
Saint Barthelemy,BLM,2010,0.6856
Saint Barthelemy,BLM,2011,0.6717
Saint Barthelemy,BLM,2012,0.6578
Saint Barthelemy,BLM,2013,0.6512
Saint Barthelemy,BLM,2014,0.6318
Saint Barthelemy,BLM,2015,0.6199
Saint Barthelemy,BLM,2016,0.6082
Saint Barthelemy,BLM,2017,0.7702
Saint Barthelemy,BLM,2018,0.5742
Saint Barthelemy,BLM,2019,0.5566
Saint Barthelemy,BLM,2020,0.5419
Saint Barthelemy,BLM,2021,0.5339
Saint Barthelemy,BLM,2022,0.5269
Saint Barthelemy,BLM,2023,0.526
Saint Helena,SHN,1950,4.4295
Saint Helena,SHN,1951,4.3492
Saint Helena,SHN,1952,4.2785
Saint Helena,SHN,1953,4.1845
Saint Helena,SHN,1954,4.0555
Saint Helena,SHN,1955,3.9942
Saint Helena,SHN,1956,3.9395
Saint Helena,SHN,1957,3.8996
Saint Helena,SHN,1958,3.8438
Saint Helena,SHN,1959,3.8209
Saint Helena,SHN,1960,3.8004
Saint Helena,SHN,1961,3.7968
Saint Helena,SHN,1962,3.7504
Saint Helena,SHN,1963,3.7176
Saint Helena,SHN,1964,3.6745
Saint Helena,SHN,1965,3.5956
Saint Helena,SHN,1966,3.533
Saint Helena,SHN,1967,3.5288
Saint Helena,SHN,1968,3.5157
Saint Helena,SHN,1969,3.4683
Saint Helena,SHN,1970,3.4725
Saint Helena,SHN,1971,3.4451
Saint Helena,SHN,1972,3.4044
Saint Helena,SHN,1973,3.3612
Saint Helena,SHN,1974,3.3356
Saint Helena,SHN,1975,3.2711
Saint Helena,SHN,1976,3.2205
Saint Helena,SHN,1977,3.1754
Saint Helena,SHN,1978,3.1316
Saint Helena,SHN,1979,3.0676
Saint Helena,SHN,1980,3.0184
Saint Helena,SHN,1981,2.9564
Saint Helena,SHN,1982,2.8824
Saint Helena,SHN,1983,2.8315
Saint Helena,SHN,1984,2.8037
Saint Helena,SHN,1985,2.7416
Saint Helena,SHN,1986,2.6981
Saint Helena,SHN,1987,2.6546
Saint Helena,SHN,1988,2.6009
Saint Helena,SHN,1989,2.5515
Saint Helena,SHN,1990,2.4843
Saint Helena,SHN,1991,2.4512
Saint Helena,SHN,1992,2.3025
Saint Helena,SHN,1993,2.2816
Saint Helena,SHN,1994,2.1625
Saint Helena,SHN,1995,2.0466
Saint Helena,SHN,1996,1.9331
Saint Helena,SHN,1997,1.7343
Saint Helena,SHN,1998,1.521
Saint Helena,SHN,1999,1.3875
Saint Helena,SHN,2000,1.4159
Saint Helena,SHN,2001,1.371
Saint Helena,SHN,2002,1.3891
Saint Helena,SHN,2003,1.3019
Saint Helena,SHN,2004,1.1985
Saint Helena,SHN,2005,1.1818
Saint Helena,SHN,2006,1.2386
Saint Helena,SHN,2007,1.4073
Saint Helena,SHN,2008,1.387
Saint Helena,SHN,2009,1.3196
Saint Helena,SHN,2010,1.275
Saint Helena,SHN,2011,1.2542
Saint Helena,SHN,2012,1.3068
Saint Helena,SHN,2013,1.297
Saint Helena,SHN,2014,1.4036
Saint Helena,SHN,2015,1.4583
Saint Helena,SHN,2016,1.3401
Saint Helena,SHN,2017,1.2639
Saint Helena,SHN,2018,1.2595
Saint Helena,SHN,2019,1.217
Saint Helena,SHN,2020,1.1869
Saint Helena,SHN,2021,1.2072
Saint Helena,SHN,2022,1.225
Saint Helena,SHN,2023,1.2142
Saint Kitts and Nevis,KNA,1950,9.4422
Saint Kitts and Nevis,KNA,1951,9.4152
Saint Kitts and Nevis,KNA,1952,9.3906
Saint Kitts and Nevis,KNA,1953,9.4148
Saint Kitts and Nevis,KNA,1954,9.5102
Saint Kitts and Nevis,KNA,1955,9.6806
Saint Kitts and Nevis,KNA,1956,9.902
Saint Kitts and Nevis,KNA,1957,10.1271
Saint Kitts and Nevis,KNA,1958,10.2973
Saint Kitts and Nevis,KNA,1959,10.3579
Saint Kitts and Nevis,KNA,1960,10.2723
Saint Kitts and Nevis,KNA,1961,10.0438
Saint Kitts and Nevis,KNA,1962,9.6766
Saint Kitts and Nevis,KNA,1963,9.2145
Saint Kitts and Nevis,KNA,1964,8.7079
Saint Kitts and Nevis,KNA,1965,8.1977
Saint Kitts and Nevis,KNA,1966,7.7085
Saint Kitts and Nevis,KNA,1967,7.262
Saint Kitts and Nevis,KNA,1968,6.8423
Saint Kitts and Nevis,KNA,1969,6.4699
Saint Kitts and Nevis,KNA,1970,6.1353
Saint Kitts and Nevis,KNA,1971,5.8404
Saint Kitts and Nevis,KNA,1972,5.5634
Saint Kitts and Nevis,KNA,1973,5.334
Saint Kitts and Nevis,KNA,1974,5.1311
Saint Kitts and Nevis,KNA,1975,4.9558
Saint Kitts and Nevis,KNA,1976,4.7947
Saint Kitts and Nevis,KNA,1977,4.6429
Saint Kitts and Nevis,KNA,1978,4.416
Saint Kitts and Nevis,KNA,1979,4.2408
Saint Kitts and Nevis,KNA,1980,4.0552
Saint Kitts and Nevis,KNA,1981,3.8626
Saint Kitts and Nevis,KNA,1982,3.6665
Saint Kitts and Nevis,KNA,1983,3.4723
Saint Kitts and Nevis,KNA,1984,3.2877
Saint Kitts and Nevis,KNA,1985,3.1181
Saint Kitts and Nevis,KNA,1986,2.9671
Saint Kitts and Nevis,KNA,1987,2.8366
Saint Kitts and Nevis,KNA,1988,2.7269
Saint Kitts and Nevis,KNA,1989,2.6455
Saint Kitts and Nevis,KNA,1990,2.5629
Saint Kitts and Nevis,KNA,1991,2.5031
Saint Kitts and Nevis,KNA,1992,2.4533
Saint Kitts and Nevis,KNA,1993,2.4093
Saint Kitts and Nevis,KNA,1994,2.3665
Saint Kitts and Nevis,KNA,1995,2.3211
Saint Kitts and Nevis,KNA,1996,2.2698
Saint Kitts and Nevis,KNA,1997,2.2109
Saint Kitts and Nevis,KNA,1998,2.1887
Saint Kitts and Nevis,KNA,1999,2.0697
Saint Kitts and Nevis,KNA,2000,1.9909
Saint Kitts and Nevis,KNA,2001,1.9112
Saint Kitts and Nevis,KNA,2002,1.8343
Saint Kitts and Nevis,KNA,2003,1.7636
Saint Kitts and Nevis,KNA,2004,1.7016
Saint Kitts and Nevis,KNA,2005,1.6496
Saint Kitts and Nevis,KNA,2006,1.6085
Saint Kitts and Nevis,KNA,2007,1.5784
Saint Kitts and Nevis,KNA,2008,1.5587
Saint Kitts and Nevis,KNA,2009,1.5478
Saint Kitts and Nevis,KNA,2010,1.5434
Saint Kitts and Nevis,KNA,2011,1.5426
Saint Kitts and Nevis,KNA,2012,1.5429
Saint Kitts and Nevis,KNA,2013,1.5408
Saint Kitts and Nevis,KNA,2014,1.5341
Saint Kitts and Nevis,KNA,2015,1.5208
Saint Kitts and Nevis,KNA,2016,1.5011
Saint Kitts and Nevis,KNA,2017,1.4753
Saint Kitts and Nevis,KNA,2018,1.4493
Saint Kitts and Nevis,KNA,2019,1.4105
Saint Kitts and Nevis,KNA,2020,1.3743
Saint Kitts and Nevis,KNA,2021,1.3372
Saint Kitts and Nevis,KNA,2022,1.3
Saint Kitts and Nevis,KNA,2023,1.2638
Saint Lucia,LCA,1950,11.819
Saint Lucia,LCA,1951,11.6157
Saint Lucia,LCA,1952,11.415
Saint Lucia,LCA,1953,11.2133
Saint Lucia,LCA,1954,11.0046
Saint Lucia,LCA,1955,10.788
Saint Lucia,LCA,1956,10.5619
Saint Lucia,LCA,1957,10.3201
Saint Lucia,LCA,1958,10.058
Saint Lucia,LCA,1959,9.7728
Saint Lucia,LCA,1960,9.462
Saint Lucia,LCA,1961,9.1245
Saint Lucia,LCA,1962,8.7615
Saint Lucia,LCA,1963,8.4088
Saint Lucia,LCA,1964,7.9725
Saint Lucia,LCA,1965,7.5501
Saint Lucia,LCA,1966,7.1198
Saint Lucia,LCA,1967,6.6902
Saint Lucia,LCA,1968,6.264
Saint Lucia,LCA,1969,5.8467
Saint Lucia,LCA,1970,5.442
Saint Lucia,LCA,1971,5.0546
Saint Lucia,LCA,1972,4.687
Saint Lucia,LCA,1973,4.3411
Saint Lucia,LCA,1974,4.0204
Saint Lucia,LCA,1975,3.7268
Saint Lucia,LCA,1976,3.4583
Saint Lucia,LCA,1977,3.215
Saint Lucia,LCA,1978,2.9963
Saint Lucia,LCA,1979,2.8003
Saint Lucia,LCA,1980,2.6521
Saint Lucia,LCA,1981,2.4711
Saint Lucia,LCA,1982,2.3348
Saint Lucia,LCA,1983,2.2153
Saint Lucia,LCA,1984,2.1112
Saint Lucia,LCA,1985,2.0205
Saint Lucia,LCA,1986,1.9418
Saint Lucia,LCA,1987,1.8736
Saint Lucia,LCA,1988,1.8148
Saint Lucia,LCA,1989,1.7644
Saint Lucia,LCA,1990,1.7214
Saint Lucia,LCA,1991,1.6852
Saint Lucia,LCA,1992,1.6542
Saint Lucia,LCA,1993,1.6276
Saint Lucia,LCA,1994,1.6153
Saint Lucia,LCA,1995,1.5858
Saint Lucia,LCA,1996,1.5697
Saint Lucia,LCA,1997,1.5557
Saint Lucia,LCA,1998,1.544
Saint Lucia,LCA,1999,1.5345
Saint Lucia,LCA,2000,1.5271
Saint Lucia,LCA,2001,1.5218
Saint Lucia,LCA,2002,1.517
Saint Lucia,LCA,2003,1.5133
Saint Lucia,LCA,2004,1.5106
Saint Lucia,LCA,2005,1.5083
Saint Lucia,LCA,2006,1.5063
Saint Lucia,LCA,2007,1.5069
Saint Lucia,LCA,2008,1.5027
Saint Lucia,LCA,2009,1.5009
Saint Lucia,LCA,2010,1.5333
Saint Lucia,LCA,2011,1.4953
Saint Lucia,LCA,2012,1.4921
Saint Lucia,LCA,2013,1.5264
Saint Lucia,LCA,2014,1.4918
Saint Lucia,LCA,2015,1.489
Saint Lucia,LCA,2016,1.4806
Saint Lucia,LCA,2017,1.4712
Saint Lucia,LCA,2018,1.4662
Saint Lucia,LCA,2019,1.4623
Saint Lucia,LCA,2020,1.461
Saint Lucia,LCA,2021,1.4549
Saint Lucia,LCA,2022,1.4449
Saint Lucia,LCA,2023,1.4365
Saint Martin (French part),MAF,1950,4.9518
Saint Martin (French part),MAF,1951,4.8566
Saint Martin (French part),MAF,1952,4.8505
Saint Martin (French part),MAF,1953,4.7415
Saint Martin (French part),MAF,1954,4.6285
Saint Martin (French part),MAF,1955,4.4963
Saint Martin (French part),MAF,1956,4.3736
Saint Martin (French part),MAF,1957,4.2521
Saint Martin (French part),MAF,1958,4.1404
Saint Martin (French part),MAF,1959,4.035
Saint Martin (French part),MAF,1960,3.9264
Saint Martin (French part),MAF,1961,3.8247
Saint Martin (French part),MAF,1962,3.7167
Saint Martin (French part),MAF,1963,3.6069
Saint Martin (French part),MAF,1964,3.512
Saint Martin (French part),MAF,1965,3.4267
Saint Martin (French part),MAF,1966,3.3088
Saint Martin (French part),MAF,1967,3.1876
Saint Martin (French part),MAF,1968,3.0666
Saint Martin (French part),MAF,1969,2.9345
Saint Martin (French part),MAF,1970,2.8052
Saint Martin (French part),MAF,1971,2.7091
Saint Martin (French part),MAF,1972,2.6327
Saint Martin (French part),MAF,1973,2.5721
Saint Martin (French part),MAF,1974,2.5294
Saint Martin (French part),MAF,1975,2.498
Saint Martin (French part),MAF,1976,2.4656
Saint Martin (French part),MAF,1977,2.4348
Saint Martin (French part),MAF,1978,2.4012
Saint Martin (French part),MAF,1979,2.3693
Saint Martin (French part),MAF,1980,2.3379
Saint Martin (French part),MAF,1981,2.3089
Saint Martin (French part),MAF,1982,2.2766
Saint Martin (French part),MAF,1983,2.252
Saint Martin (French part),MAF,1984,2.2128
Saint Martin (French part),MAF,1985,2.1635
Saint Martin (French part),MAF,1986,2.0966
Saint Martin (French part),MAF,1987,2.0131
Saint Martin (French part),MAF,1988,1.92
Saint Martin (French part),MAF,1989,1.8258
Saint Martin (French part),MAF,1990,1.7311
Saint Martin (French part),MAF,1991,1.6452
Saint Martin (French part),MAF,1992,1.5841
Saint Martin (French part),MAF,1993,1.533
Saint Martin (French part),MAF,1994,1.4867
Saint Martin (French part),MAF,1995,1.4464
Saint Martin (French part),MAF,1996,1.4111
Saint Martin (French part),MAF,1997,1.3714
Saint Martin (French part),MAF,1998,1.333
Saint Martin (French part),MAF,1999,1.2964
Saint Martin (French part),MAF,2000,1.2612
Saint Martin (French part),MAF,2001,1.2279
Saint Martin (French part),MAF,2002,1.196
Saint Martin (French part),MAF,2003,1.1654
Saint Martin (French part),MAF,2004,1.1357
Saint Martin (French part),MAF,2005,1.107
Saint Martin (French part),MAF,2006,1.0796
Saint Martin (French part),MAF,2007,1.056
Saint Martin (French part),MAF,2008,1.0332
Saint Martin (French part),MAF,2009,1.0093
Saint Martin (French part),MAF,2010,0.9826
Saint Martin (French part),MAF,2011,0.9549
Saint Martin (French part),MAF,2012,0.9246
Saint Martin (French part),MAF,2013,0.9019
Saint Martin (French part),MAF,2014,0.8834
Saint Martin (French part),MAF,2015,0.8751
Saint Martin (French part),MAF,2016,0.8704
Saint Martin (French part),MAF,2017,1.0058
Saint Martin (French part),MAF,2018,0.8591
Saint Martin (French part),MAF,2019,0.8548
Saint Martin (French part),MAF,2020,0.8479
Saint Martin (French part),MAF,2021,0.8385
Saint Martin (French part),MAF,2022,0.8335
Saint Martin (French part),MAF,2023,0.8347
Saint Pierre and Miquelon,SPM,1950,3.6716
Saint Pierre and Miquelon,SPM,1951,3.4892
Saint Pierre and Miquelon,SPM,1952,3.3179
Saint Pierre and Miquelon,SPM,1953,3.1536
Saint Pierre and Miquelon,SPM,1954,2.9991
Saint Pierre and Miquelon,SPM,1955,2.8554
Saint Pierre and Miquelon,SPM,1956,2.7232
Saint Pierre and Miquelon,SPM,1957,2.6008
Saint Pierre and Miquelon,SPM,1958,2.489
Saint Pierre and Miquelon,SPM,1959,2.3943
Saint Pierre and Miquelon,SPM,1960,2.3102
Saint Pierre and Miquelon,SPM,1961,2.2457
Saint Pierre and Miquelon,SPM,1962,2.1991
Saint Pierre and Miquelon,SPM,1963,2.1771
Saint Pierre and Miquelon,SPM,1964,2.1711
Saint Pierre and Miquelon,SPM,1965,2.1736
Saint Pierre and Miquelon,SPM,1966,2.1779
Saint Pierre and Miquelon,SPM,1967,2.1739
Saint Pierre and Miquelon,SPM,1968,2.1547
Saint Pierre and Miquelon,SPM,1969,2.114
Saint Pierre and Miquelon,SPM,1970,2.0527
Saint Pierre and Miquelon,SPM,1971,1.9781
Saint Pierre and Miquelon,SPM,1972,1.9015
Saint Pierre and Miquelon,SPM,1973,1.8347
Saint Pierre and Miquelon,SPM,1974,1.7916
Saint Pierre and Miquelon,SPM,1975,1.7777
Saint Pierre and Miquelon,SPM,1976,1.7952
Saint Pierre and Miquelon,SPM,1977,1.8398
Saint Pierre and Miquelon,SPM,1978,1.8939
Saint Pierre and Miquelon,SPM,1979,1.9406
Saint Pierre and Miquelon,SPM,1980,1.963
Saint Pierre and Miquelon,SPM,1981,1.9568
Saint Pierre and Miquelon,SPM,1982,1.9149
Saint Pierre and Miquelon,SPM,1983,1.8478
Saint Pierre and Miquelon,SPM,1984,1.772
Saint Pierre and Miquelon,SPM,1985,1.6955
Saint Pierre and Miquelon,SPM,1986,1.6171
Saint Pierre and Miquelon,SPM,1987,1.5519
Saint Pierre and Miquelon,SPM,1988,1.4919
Saint Pierre and Miquelon,SPM,1989,1.4343
Saint Pierre and Miquelon,SPM,1990,1.3792
Saint Pierre and Miquelon,SPM,1991,1.3336
Saint Pierre and Miquelon,SPM,1992,1.289
Saint Pierre and Miquelon,SPM,1993,1.2481
Saint Pierre and Miquelon,SPM,1994,1.2098
Saint Pierre and Miquelon,SPM,1995,1.1708
Saint Pierre and Miquelon,SPM,1996,1.1327
Saint Pierre and Miquelon,SPM,1997,1.0966
Saint Pierre and Miquelon,SPM,1998,1.0623
Saint Pierre and Miquelon,SPM,1999,1.0307
Saint Pierre and Miquelon,SPM,2000,1.0026
Saint Pierre and Miquelon,SPM,2001,0.9755
Saint Pierre and Miquelon,SPM,2002,0.9525
Saint Pierre and Miquelon,SPM,2003,0.9328
Saint Pierre and Miquelon,SPM,2004,0.9162
Saint Pierre and Miquelon,SPM,2005,0.9015
Saint Pierre and Miquelon,SPM,2006,0.8901
Saint Pierre and Miquelon,SPM,2007,0.8814
Saint Pierre and Miquelon,SPM,2008,0.8741
Saint Pierre and Miquelon,SPM,2009,0.8712
Saint Pierre and Miquelon,SPM,2010,0.8701
Saint Pierre and Miquelon,SPM,2011,0.8695
Saint Pierre and Miquelon,SPM,2012,0.8731
Saint Pierre and Miquelon,SPM,2013,0.8721
Saint Pierre and Miquelon,SPM,2014,0.8654
Saint Pierre and Miquelon,SPM,2015,0.8638
Saint Pierre and Miquelon,SPM,2016,0.8605
Saint Pierre and Miquelon,SPM,2017,0.8569
Saint Pierre and Miquelon,SPM,2018,0.8504
Saint Pierre and Miquelon,SPM,2019,0.845
Saint Pierre and Miquelon,SPM,2020,0.8404
Saint Pierre and Miquelon,SPM,2021,0.831
Saint Pierre and Miquelon,SPM,2022,0.8229
Saint Pierre and Miquelon,SPM,2023,0.8148
Saint Vincent and the Grenadines,VCT,1950,15.1922
Saint Vincent and the Grenadines,VCT,1951,14.7457
Saint Vincent and the Grenadines,VCT,1952,14.3042
Saint Vincent and the Grenadines,VCT,1953,13.9152
Saint Vincent and the Grenadines,VCT,1954,13.5986
Saint Vincent and the Grenadines,VCT,1955,13.3577
Saint Vincent and the Grenadines,VCT,1956,13.1605
Saint Vincent and the Grenadines,VCT,1957,12.9676
Saint Vincent and the Grenadines,VCT,1958,12.0657
Saint Vincent and the Grenadines,VCT,1959,11.5689
Saint Vincent and the Grenadines,VCT,1960,10.9184
Saint Vincent and the Grenadines,VCT,1961,10.4224
Saint Vincent and the Grenadines,VCT,1962,9.9258
Saint Vincent and the Grenadines,VCT,1963,9.4322
Saint Vincent and the Grenadines,VCT,1964,8.9447
Saint Vincent and the Grenadines,VCT,1965,8.5859
Saint Vincent and the Grenadines,VCT,1966,8.2584
Saint Vincent and the Grenadines,VCT,1967,7.9415
Saint Vincent and the Grenadines,VCT,1968,7.6108
Saint Vincent and the Grenadines,VCT,1969,7.2909
Saint Vincent and the Grenadines,VCT,1970,6.9114
Saint Vincent and the Grenadines,VCT,1971,6.605
Saint Vincent and the Grenadines,VCT,1972,6.3791
Saint Vincent and the Grenadines,VCT,1973,6.1424
Saint Vincent and the Grenadines,VCT,1974,5.9178
Saint Vincent and the Grenadines,VCT,1975,5.6892
Saint Vincent and the Grenadines,VCT,1976,5.4005
Saint Vincent and the Grenadines,VCT,1977,5.0583
Saint Vincent and the Grenadines,VCT,1978,4.7374
Saint Vincent and the Grenadines,VCT,1979,4.2308
Saint Vincent and the Grenadines,VCT,1980,4.1543
Saint Vincent and the Grenadines,VCT,1981,3.8901
Saint Vincent and the Grenadines,VCT,1982,3.6428
Saint Vincent and the Grenadines,VCT,1983,3.4259
Saint Vincent and the Grenadines,VCT,1984,3.1017
Saint Vincent and the Grenadines,VCT,1985,2.7351
Saint Vincent and the Grenadines,VCT,1986,2.4417
Saint Vincent and the Grenadines,VCT,1987,2.2169
Saint Vincent and the Grenadines,VCT,1988,2.099
Saint Vincent and the Grenadines,VCT,1989,2.0476
Saint Vincent and the Grenadines,VCT,1990,2.0055
Saint Vincent and the Grenadines,VCT,1991,1.9646
Saint Vincent and the Grenadines,VCT,1992,1.7508
Saint Vincent and the Grenadines,VCT,1993,1.8856
Saint Vincent and the Grenadines,VCT,1994,1.848
Saint Vincent and the Grenadines,VCT,1995,1.8115
Saint Vincent and the Grenadines,VCT,1996,1.7994
Saint Vincent and the Grenadines,VCT,1997,1.7948
Saint Vincent and the Grenadines,VCT,1998,1.8396
Saint Vincent and the Grenadines,VCT,1999,1.8744
Saint Vincent and the Grenadines,VCT,2000,1.9276
Saint Vincent and the Grenadines,VCT,2001,1.9819
Saint Vincent and the Grenadines,VCT,2002,1.6998
Saint Vincent and the Grenadines,VCT,2003,2.0956
Saint Vincent and the Grenadines,VCT,2004,2.1551
Saint Vincent and the Grenadines,VCT,2005,2.2163
Saint Vincent and the Grenadines,VCT,2006,2.2616
Saint Vincent and the Grenadines,VCT,2007,2.3009
Saint Vincent and the Grenadines,VCT,2008,2.2222
Saint Vincent and the Grenadines,VCT,2009,2.1583
Saint Vincent and the Grenadines,VCT,2010,2.0739
Saint Vincent and the Grenadines,VCT,2011,1.9519
Saint Vincent and the Grenadines,VCT,2012,1.8369
Saint Vincent and the Grenadines,VCT,2013,1.8068
Saint Vincent and the Grenadines,VCT,2014,1.6265
Saint Vincent and the Grenadines,VCT,2015,1.5843
Saint Vincent and the Grenadines,VCT,2016,1.5103
Saint Vincent and the Grenadines,VCT,2017,1.3867
Saint Vincent and the Grenadines,VCT,2018,1.3241
Saint Vincent and the Grenadines,VCT,2019,1.2252
Saint Vincent and the Grenadines,VCT,2020,1.5123
Saint Vincent and the Grenadines,VCT,2021,1.6868
Saint Vincent and the Grenadines,VCT,2022,1.3241
Saint Vincent and the Grenadines,VCT,2023,1.3241
Samoa,WSM,1950,10.7754
Samoa,WSM,1951,10.4939
Samoa,WSM,1952,10.217
Samoa,WSM,1953,9.9368
Samoa,WSM,1954,9.6508
Samoa,WSM,1955,9.3578
Samoa,WSM,1956,9.0598
Samoa,WSM,1957,8.7611
Samoa,WSM,1958,8.4657
Samoa,WSM,1959,8.1771
Samoa,WSM,1960,7.8979
Samoa,WSM,1961,7.6259
Samoa,WSM,1962,7.3663
Samoa,WSM,1963,7.1191
Samoa,WSM,1964,7.5346
Samoa,WSM,1965,6.6513
Samoa,WSM,1966,6.448
Samoa,WSM,1967,6.1945
Samoa,WSM,1968,5.9643
Samoa,WSM,1969,5.7333
Samoa,WSM,1970,5.5027
Samoa,WSM,1971,5.275
Samoa,WSM,1972,5.0515
Samoa,WSM,1973,4.8333
Samoa,WSM,1974,4.6209
Samoa,WSM,1975,4.4158
Samoa,WSM,1976,4.2173
Samoa,WSM,1977,4.0269
Samoa,WSM,1978,3.8467
Samoa,WSM,1979,3.6774
Samoa,WSM,1980,3.5197
Samoa,WSM,1981,3.3735
Samoa,WSM,1982,3.2384
Samoa,WSM,1983,3.1135
Samoa,WSM,1984,2.9975
Samoa,WSM,1985,2.8894
Samoa,WSM,1986,2.7884
Samoa,WSM,1987,2.6944
Samoa,WSM,1988,2.6074
Samoa,WSM,1989,2.5255
Samoa,WSM,1990,2.4664
Samoa,WSM,1991,2.4031
Samoa,WSM,1992,2.3005
Samoa,WSM,1993,2.2292
Samoa,WSM,1994,2.1593
Samoa,WSM,1995,2.0904
Samoa,WSM,1996,2.0223
Samoa,WSM,1997,1.9563
Samoa,WSM,1998,1.8924
Samoa,WSM,1999,1.8322
Samoa,WSM,2000,1.7768
Samoa,WSM,2001,1.7285
Samoa,WSM,2002,1.6882
Samoa,WSM,2003,1.6567
Samoa,WSM,2004,1.6366
Samoa,WSM,2005,1.639
Samoa,WSM,2006,1.6133
Samoa,WSM,2007,1.6104
Samoa,WSM,2008,1.6094
Samoa,WSM,2009,1.8152
Samoa,WSM,2010,1.6047
Samoa,WSM,2011,1.5983
Samoa,WSM,2012,1.6122
Samoa,WSM,2013,1.5771
Samoa,WSM,2014,1.5629
Samoa,WSM,2015,1.5468
Samoa,WSM,2016,1.5282
Samoa,WSM,2017,1.5065
Samoa,WSM,2018,1.4815
Samoa,WSM,2019,1.5384
Samoa,WSM,2020,1.4366
Samoa,WSM,2021,1.384
Samoa,WSM,2022,1.3475
Samoa,WSM,2023,1.3118
San Marino,SMR,1950,2.1201
San Marino,SMR,1951,2.0553
San Marino,SMR,1952,1.9923
San Marino,SMR,1953,1.9309
San Marino,SMR,1954,1.8708
San Marino,SMR,1955,1.8122
San Marino,SMR,1956,1.7549
San Marino,SMR,1957,1.6991
San Marino,SMR,1958,1.6447
San Marino,SMR,1959,1.5926
San Marino,SMR,1960,1.5434
San Marino,SMR,1961,1.4978
San Marino,SMR,1962,1.4566
San Marino,SMR,1963,1.4208
San Marino,SMR,1964,1.3907
San Marino,SMR,1965,1.3666
San Marino,SMR,1966,1.348
San Marino,SMR,1967,1.3342
San Marino,SMR,1968,1.3246
San Marino,SMR,1969,1.3181
San Marino,SMR,1970,1.3118
San Marino,SMR,1971,1.3036
San Marino,SMR,1972,1.2909
San Marino,SMR,1973,1.2749
San Marino,SMR,1974,1.2548
San Marino,SMR,1975,1.2275
San Marino,SMR,1976,1.1937
San Marino,SMR,1977,1.1544
San Marino,SMR,1978,1.1123
San Marino,SMR,1979,1.0687
San Marino,SMR,1980,1.0295
San Marino,SMR,1981,0.995
San Marino,SMR,1982,0.9711
San Marino,SMR,1983,0.9585
San Marino,SMR,1984,0.9573
San Marino,SMR,1985,0.9647
San Marino,SMR,1986,0.9781
San Marino,SMR,1987,0.991
San Marino,SMR,1988,0.9958
San Marino,SMR,1989,0.9829
San Marino,SMR,1990,0.9543
San Marino,SMR,1991,0.9096
San Marino,SMR,1992,0.8538
San Marino,SMR,1993,0.7905
San Marino,SMR,1994,0.7264
San Marino,SMR,1995,0.6656
San Marino,SMR,1996,0.6084
San Marino,SMR,1997,0.5568
San Marino,SMR,1998,0.5103
San Marino,SMR,1999,0.4686
San Marino,SMR,2000,0.4311
San Marino,SMR,2001,0.3974
San Marino,SMR,2002,0.3671
San Marino,SMR,2003,0.3399
San Marino,SMR,2004,0.3155
San Marino,SMR,2005,0.2935
San Marino,SMR,2006,0.2737
San Marino,SMR,2007,0.2558
San Marino,SMR,2008,0.2396
San Marino,SMR,2009,0.2248
San Marino,SMR,2010,0.2114
San Marino,SMR,2011,0.199
San Marino,SMR,2012,0.1873
San Marino,SMR,2013,0.177
San Marino,SMR,2014,0.1675
San Marino,SMR,2015,0.1582
San Marino,SMR,2016,0.1501
San Marino,SMR,2017,0.1425
San Marino,SMR,2018,0.1358
San Marino,SMR,2019,0.1293
San Marino,SMR,2020,0.1235
San Marino,SMR,2021,0.1181
San Marino,SMR,2022,0.1131
San Marino,SMR,2023,0.1081
Sao Tome and Principe,STP,1950,17.9034
Sao Tome and Principe,STP,1951,17.8985
Sao Tome and Principe,STP,1952,17.9033
Sao Tome and Principe,STP,1953,17.9017
Sao Tome and Principe,STP,1954,17.8896
Sao Tome and Principe,STP,1955,17.8485
Sao Tome and Principe,STP,1956,17.7496
Sao Tome and Principe,STP,1957,17.5561
Sao Tome and Principe,STP,1958,17.2313
Sao Tome and Principe,STP,1959,16.7479
Sao Tome and Principe,STP,1960,16.101
Sao Tome and Principe,STP,1961,15.3158
Sao Tome and Principe,STP,1962,14.4426
Sao Tome and Principe,STP,1963,13.5569
Sao Tome and Principe,STP,1964,12.7127
Sao Tome and Principe,STP,1965,11.9536
Sao Tome and Principe,STP,1966,11.2993
Sao Tome and Principe,STP,1967,10.7482
Sao Tome and Principe,STP,1968,10.2849
Sao Tome and Principe,STP,1969,9.8895
Sao Tome and Principe,STP,1970,9.5438
Sao Tome and Principe,STP,1971,9.2257
Sao Tome and Principe,STP,1972,8.9532
Sao Tome and Principe,STP,1973,8.7181
Sao Tome and Principe,STP,1974,8.5277
Sao Tome and Principe,STP,1975,8.3916
Sao Tome and Principe,STP,1976,8.3188
Sao Tome and Principe,STP,1977,8.3142
Sao Tome and Principe,STP,1978,8.3756
Sao Tome and Principe,STP,1979,8.4906
Sao Tome and Principe,STP,1980,8.6356
Sao Tome and Principe,STP,1981,8.7777
Sao Tome and Principe,STP,1982,8.882
Sao Tome and Principe,STP,1983,8.9214
Sao Tome and Principe,STP,1984,8.8826
Sao Tome and Principe,STP,1985,8.7726
Sao Tome and Principe,STP,1986,8.9445
Sao Tome and Principe,STP,1987,8.4392
Sao Tome and Principe,STP,1988,8.2723
Sao Tome and Principe,STP,1989,8.2644
Sao Tome and Principe,STP,1990,8.0391
Sao Tome and Principe,STP,1991,7.933
Sao Tome and Principe,STP,1992,7.8475
Sao Tome and Principe,STP,1993,7.7496
Sao Tome and Principe,STP,1994,7.6234
Sao Tome and Principe,STP,1995,7.4592
Sao Tome and Principe,STP,1996,7.2524
Sao Tome and Principe,STP,1997,7.0043
Sao Tome and Principe,STP,1998,6.7196
Sao Tome and Principe,STP,1999,6.4056
Sao Tome and Principe,STP,2000,6.0702
Sao Tome and Principe,STP,2001,5.7214
Sao Tome and Principe,STP,2002,5.3667
Sao Tome and Principe,STP,2003,5.0145
Sao Tome and Principe,STP,2004,4.6696
Sao Tome and Principe,STP,2005,4.3901
Sao Tome and Principe,STP,2006,4.0329
Sao Tome and Principe,STP,2007,3.7175
Sao Tome and Principe,STP,2008,3.44
Sao Tome and Principe,STP,2009,3.168
Sao Tome and Principe,STP,2010,2.9196
Sao Tome and Principe,STP,2011,2.688
Sao Tome and Principe,STP,2012,2.4733
Sao Tome and Principe,STP,2013,2.2748
Sao Tome and Principe,STP,2014,2.094
Sao Tome and Principe,STP,2015,1.9306
Sao Tome and Principe,STP,2016,1.7846
Sao Tome and Principe,STP,2017,1.6558
Sao Tome and Principe,STP,2018,1.5432
Sao Tome and Principe,STP,2019,1.4452
Sao Tome and Principe,STP,2020,1.3595
Sao Tome and Principe,STP,2021,1.3221
Sao Tome and Principe,STP,2022,1.2142
Sao Tome and Principe,STP,2023,1.1483
Saudi Arabia,SAU,1950,18.23
Saudi Arabia,SAU,1951,17.9891
Saudi Arabia,SAU,1952,17.7483
Saudi Arabia,SAU,1953,17.506
Saudi Arabia,SAU,1954,17.2618
Saudi Arabia,SAU,1955,17.0152
Saudi Arabia,SAU,1956,16.7659
Saudi Arabia,SAU,1957,16.513
Saudi Arabia,SAU,1958,16.2553
Saudi Arabia,SAU,1959,15.9918
Saudi Arabia,SAU,1960,15.7207
Saudi Arabia,SAU,1961,15.4399
Saudi Arabia,SAU,1962,15.1468
Saudi Arabia,SAU,1963,14.838
Saudi Arabia,SAU,1964,14.5126
Saudi Arabia,SAU,1965,14.1573
Saudi Arabia,SAU,1966,13.777
Saudi Arabia,SAU,1967,13.3655
Saudi Arabia,SAU,1968,12.9214
Saudi Arabia,SAU,1969,12.4462
Saudi Arabia,SAU,1970,11.9444
Saudi Arabia,SAU,1971,11.4211
Saudi Arabia,SAU,1972,10.8864
Saudi Arabia,SAU,1973,10.3485
Saudi Arabia,SAU,1974,9.8151
Saudi Arabia,SAU,1975,9.2942
Saudi Arabia,SAU,1976,8.7857
Saudi Arabia,SAU,1977,8.2962
Saudi Arabia,SAU,1978,7.8249
Saudi Arabia,SAU,1979,7.366
Saudi Arabia,SAU,1980,6.9304
Saudi Arabia,SAU,1981,6.5163
Saudi Arabia,SAU,1982,6.1196
Saudi Arabia,SAU,1983,5.7392
Saudi Arabia,SAU,1984,5.3743
Saudi Arabia,SAU,1985,5.0272
Saudi Arabia,SAU,1986,4.6913
Saudi Arabia,SAU,1987,4.3739
Saudi Arabia,SAU,1988,4.0736
Saudi Arabia,SAU,1989,3.7914
Saudi Arabia,SAU,1990,3.528
Saudi Arabia,SAU,1991,3.2849
Saudi Arabia,SAU,1992,3.0579
Saudi Arabia,SAU,1993,2.8506
Saudi Arabia,SAU,1994,2.6607
Saudi Arabia,SAU,1995,2.4868
Saudi Arabia,SAU,1996,2.3278
Saudi Arabia,SAU,1997,2.1823
Saudi Arabia,SAU,1998,2.0489
Saudi Arabia,SAU,1999,1.9263
Saudi Arabia,SAU,2000,1.8151
Saudi Arabia,SAU,2001,1.7091
Saudi Arabia,SAU,2002,1.6123
Saudi Arabia,SAU,2003,1.5213
Saudi Arabia,SAU,2004,1.4361
Saudi Arabia,SAU,2005,1.3574
Saudi Arabia,SAU,2006,1.2776
Saudi Arabia,SAU,2007,1.2047
Saudi Arabia,SAU,2008,1.1355
Saudi Arabia,SAU,2009,1.0766
Saudi Arabia,SAU,2010,1.0085
Saudi Arabia,SAU,2011,0.9488
Saudi Arabia,SAU,2012,0.8936
Saudi Arabia,SAU,2013,0.842
Saudi Arabia,SAU,2014,0.7939
Saudi Arabia,SAU,2015,0.7494
Saudi Arabia,SAU,2016,0.7085
Saudi Arabia,SAU,2017,0.6711
Saudi Arabia,SAU,2018,0.6371
Saudi Arabia,SAU,2019,0.6062
Saudi Arabia,SAU,2020,0.578
Saudi Arabia,SAU,2021,0.5521
Saudi Arabia,SAU,2022,0.5278
Saudi Arabia,SAU,2023,0.5059
Senegal,SEN,1950,13.376
Senegal,SEN,1951,13.2637
Senegal,SEN,1952,13.1502
Senegal,SEN,1953,13.0389
Senegal,SEN,1954,12.9327
Senegal,SEN,1955,12.8343
Senegal,SEN,1956,12.7462
Senegal,SEN,1957,12.6712
Senegal,SEN,1958,12.6112
Senegal,SEN,1959,12.5678
Senegal,SEN,1960,12.5407
Senegal,SEN,1961,12.5282
Senegal,SEN,1962,12.5269
Senegal,SEN,1963,12.5314
Senegal,SEN,1964,12.536
Senegal,SEN,1965,12.5387
Senegal,SEN,1966,12.5231
Senegal,SEN,1967,12.496
Senegal,SEN,1968,12.4495
Senegal,SEN,1969,12.3809
Senegal,SEN,1970,12.2874
Senegal,SEN,1971,12.1699
Senegal,SEN,1972,12.0189
Senegal,SEN,1973,11.8374
Senegal,SEN,1974,11.6285
Senegal,SEN,1975,11.3931
Senegal,SEN,1976,11.1371
Senegal,SEN,1977,10.8695
Senegal,SEN,1978,10.6014
Senegal,SEN,1979,10.3429
Senegal,SEN,1980,10.0957
Senegal,SEN,1981,9.8551
Senegal,SEN,1982,9.6169
Senegal,SEN,1983,9.3758
Senegal,SEN,1984,9.1323
Senegal,SEN,1985,8.8885
Senegal,SEN,1986,8.6093
Senegal,SEN,1987,8.3615
Senegal,SEN,1988,8.1185
Senegal,SEN,1989,7.9278
Senegal,SEN,1990,7.7759
Senegal,SEN,1991,7.6792
Senegal,SEN,1992,7.6279
Senegal,SEN,1993,7.6126
Senegal,SEN,1994,7.6146
Senegal,SEN,1995,7.6269
Senegal,SEN,1996,7.6292
Senegal,SEN,1997,7.5705
Senegal,SEN,1998,7.4837
Senegal,SEN,1999,7.3447
Senegal,SEN,2000,7.131
Senegal,SEN,2001,6.8731
Senegal,SEN,2002,6.5724
Senegal,SEN,2003,6.2388
Senegal,SEN,2004,5.8988
Senegal,SEN,2005,5.5774
Senegal,SEN,2006,5.2512
Senegal,SEN,2007,4.9621
Senegal,SEN,2008,4.6978
Senegal,SEN,2009,4.4596
Senegal,SEN,2010,4.2421
Senegal,SEN,2011,4.0425
Senegal,SEN,2012,3.8573
Senegal,SEN,2013,3.6807
Senegal,SEN,2014,3.5134
Senegal,SEN,2015,3.3548
Senegal,SEN,2016,3.2054
Senegal,SEN,2017,3.0647
Senegal,SEN,2018,2.9351
Senegal,SEN,2019,2.8156
Senegal,SEN,2020,2.7059
Senegal,SEN,2021,2.6034
Senegal,SEN,2022,2.5069
Senegal,SEN,2023,2.4144
Serbia,SRB,1950,11.6828
Serbia,SRB,1951,11.2335
Serbia,SRB,1952,10.4497
Serbia,SRB,1953,9.4149
Serbia,SRB,1954,9.0527
Serbia,SRB,1955,8.6947
Serbia,SRB,1956,8.4319
Serbia,SRB,1957,7.7459
Serbia,SRB,1958,7.4814
Serbia,SRB,1959,7.0776
Serbia,SRB,1960,6.8637
Serbia,SRB,1961,6.3771
Serbia,SRB,1962,5.8823
Serbia,SRB,1963,5.4865
Serbia,SRB,1964,5.1835
Serbia,SRB,1965,4.7564
Serbia,SRB,1966,4.3813
Serbia,SRB,1967,3.9419
Serbia,SRB,1968,3.8871
Serbia,SRB,1969,3.7318
Serbia,SRB,1970,3.6806
Serbia,SRB,1971,3.4467
Serbia,SRB,1972,3.2748
Serbia,SRB,1973,3.0343
Serbia,SRB,1974,2.8837
Serbia,SRB,1975,2.7102
Serbia,SRB,1976,2.5529
Serbia,SRB,1977,2.3947
Serbia,SRB,1978,2.3343
Serbia,SRB,1979,2.2854
Serbia,SRB,1980,2.2239
Serbia,SRB,1981,2.1927
Serbia,SRB,1982,2.1757
Serbia,SRB,1983,2.165
Serbia,SRB,1984,2.1202
Serbia,SRB,1985,2.0668
Serbia,SRB,1986,1.9594
Serbia,SRB,1987,1.8425
Serbia,SRB,1988,1.7156
Serbia,SRB,1989,1.6413
Serbia,SRB,1990,1.5264
Serbia,SRB,1991,1.4847
Serbia,SRB,1992,1.5041
Serbia,SRB,1993,1.5211
Serbia,SRB,1994,1.4564
Serbia,SRB,1995,1.3637
Serbia,SRB,1996,1.2533
Serbia,SRB,1997,1.2067
Serbia,SRB,1998,1.1926
Serbia,SRB,1999,1.237
Serbia,SRB,2000,1.134
Serbia,SRB,2001,1.0804
Serbia,SRB,2002,1.008
Serbia,SRB,2003,0.9111
Serbia,SRB,2004,0.8256
Serbia,SRB,2005,0.7697
Serbia,SRB,2006,0.7337
Serbia,SRB,2007,0.7008
Serbia,SRB,2008,0.6913
Serbia,SRB,2009,0.6805
Serbia,SRB,2010,0.6661
Serbia,SRB,2011,0.6393
Serbia,SRB,2012,0.6259
Serbia,SRB,2013,0.6095
Serbia,SRB,2014,0.5818
Serbia,SRB,2015,0.5455
Serbia,SRB,2016,0.5097
Serbia,SRB,2017,0.4709
Serbia,SRB,2018,0.4833
Serbia,SRB,2019,0.4802
Serbia,SRB,2020,0.4906
Serbia,SRB,2021,0.4734
Serbia,SRB,2022,0.382
Serbia,SRB,2023,0.4166
Seychelles,SYC,1950,8.4889
Seychelles,SYC,1951,8.4026
Seychelles,SYC,1952,8.3213
Seychelles,SYC,1953,8.2398
Seychelles,SYC,1954,8.1587
Seychelles,SYC,1955,8.0787
Seychelles,SYC,1956,8.0019
Seychelles,SYC,1957,7.9241
Seychelles,SYC,1958,7.8486
Seychelles,SYC,1959,7.7683
Seychelles,SYC,1960,7.6857
Seychelles,SYC,1961,7.5815
Seychelles,SYC,1962,7.4693
Seychelles,SYC,1963,7.3454
Seychelles,SYC,1964,7.2001
Seychelles,SYC,1965,7.0332
Seychelles,SYC,1966,6.8335
Seychelles,SYC,1967,6.5996
Seychelles,SYC,1968,6.334
Seychelles,SYC,1969,6.0392
Seychelles,SYC,1970,5.721
Seychelles,SYC,1971,5.3845
Seychelles,SYC,1972,5.0332
Seychelles,SYC,1973,4.6754
Seychelles,SYC,1974,4.3164
Seychelles,SYC,1975,3.9616
Seychelles,SYC,1976,3.6167
Seychelles,SYC,1977,3.2899
Seychelles,SYC,1978,2.9872
Seychelles,SYC,1979,2.7125
Seychelles,SYC,1980,2.4693
Seychelles,SYC,1981,2.2581
Seychelles,SYC,1982,2.0782
Seychelles,SYC,1983,1.9264
Seychelles,SYC,1984,1.7989
Seychelles,SYC,1985,1.6924
Seychelles,SYC,1986,1.6026
Seychelles,SYC,1987,1.5256
Seychelles,SYC,1988,1.4595
Seychelles,SYC,1989,1.4021
Seychelles,SYC,1990,1.3522
Seychelles,SYC,1991,1.3087
Seychelles,SYC,1992,1.2711
Seychelles,SYC,1993,1.2387
Seychelles,SYC,1994,1.2114
Seychelles,SYC,1995,1.1895
Seychelles,SYC,1996,1.172
Seychelles,SYC,1997,1.2295
Seychelles,SYC,1998,1.1488
Seychelles,SYC,1999,1.1417
Seychelles,SYC,2000,1.1371
Seychelles,SYC,2001,1.1348
Seychelles,SYC,2002,1.1333
Seychelles,SYC,2003,1.1336
Seychelles,SYC,2004,1.1454
Seychelles,SYC,2005,1.1385
Seychelles,SYC,2006,1.1419
Seychelles,SYC,2007,1.1488
Seychelles,SYC,2008,1.1502
Seychelles,SYC,2009,1.1554
Seychelles,SYC,2010,1.1616
Seychelles,SYC,2011,1.1684
Seychelles,SYC,2012,1.1752
Seychelles,SYC,2013,1.1824
Seychelles,SYC,2014,1.1896
Seychelles,SYC,2015,1.1967
Seychelles,SYC,2016,1.2032
Seychelles,SYC,2017,1.2087
Seychelles,SYC,2018,1.2116
Seychelles,SYC,2019,1.2113
Seychelles,SYC,2020,1.2074
Seychelles,SYC,2021,1.2001
Seychelles,SYC,2022,1.1907
Seychelles,SYC,2023,1.181
Sierra Leone,SLE,1950,22.1979
Sierra Leone,SLE,1951,22.0381
Sierra Leone,SLE,1952,21.8784
Sierra Leone,SLE,1953,21.7158
Sierra Leone,SLE,1954,21.5497
Sierra Leone,SLE,1955,21.3798
Sierra Leone,SLE,1956,21.2098
Sierra Leone,SLE,1957,21.0361
Sierra Leone,SLE,1958,20.859
Sierra Leone,SLE,1959,20.6775
Sierra Leone,SLE,1960,20.4932
Sierra Leone,SLE,1961,20.3033
Sierra Leone,SLE,1962,20.1097
Sierra Leone,SLE,1963,19.9119
Sierra Leone,SLE,1964,19.7117
Sierra Leone,SLE,1965,19.5101
Sierra Leone,SLE,1966,19.317
Sierra Leone,SLE,1967,19.1179
Sierra Leone,SLE,1968,18.922
Sierra Leone,SLE,1969,18.7296
Sierra Leone,SLE,1970,18.5469
Sierra Leone,SLE,1971,18.3587
Sierra Leone,SLE,1972,18.1766
Sierra Leone,SLE,1973,17.9989
Sierra Leone,SLE,1974,17.8248
Sierra Leone,SLE,1975,17.6537
Sierra Leone,SLE,1976,17.4863
Sierra Leone,SLE,1977,17.3237
Sierra Leone,SLE,1978,17.1659
Sierra Leone,SLE,1979,17.0133
Sierra Leone,SLE,1980,16.8668
Sierra Leone,SLE,1981,16.7265
Sierra Leone,SLE,1982,16.5924
Sierra Leone,SLE,1983,16.464
Sierra Leone,SLE,1984,16.3462
Sierra Leone,SLE,1985,16.2445
Sierra Leone,SLE,1986,16.1503
Sierra Leone,SLE,1987,16.0088
Sierra Leone,SLE,1988,15.9061
Sierra Leone,SLE,1989,15.8088
Sierra Leone,SLE,1990,15.7133
Sierra Leone,SLE,1991,15.6677
Sierra Leone,SLE,1992,15.5147
Sierra Leone,SLE,1993,15.4057
Sierra Leone,SLE,1994,15.3895
Sierra Leone,SLE,1995,15.2771
Sierra Leone,SLE,1996,15.0275
Sierra Leone,SLE,1997,14.8521
Sierra Leone,SLE,1998,14.7641
Sierra Leone,SLE,1999,14.3892
Sierra Leone,SLE,2000,14.1918
Sierra Leone,SLE,2001,13.9036
Sierra Leone,SLE,2002,13.6368
Sierra Leone,SLE,2003,13.3547
Sierra Leone,SLE,2004,13.058
Sierra Leone,SLE,2005,12.7407
Sierra Leone,SLE,2006,12.4078
Sierra Leone,SLE,2007,12.0572
Sierra Leone,SLE,2008,11.6917
Sierra Leone,SLE,2009,11.3364
Sierra Leone,SLE,2010,10.9525
Sierra Leone,SLE,2011,10.5891
Sierra Leone,SLE,2012,10.2412
Sierra Leone,SLE,2013,9.8885
Sierra Leone,SLE,2014,9.6349
Sierra Leone,SLE,2015,9.3065
Sierra Leone,SLE,2016,8.9469
Sierra Leone,SLE,2017,8.6952
Sierra Leone,SLE,2018,8.3884
Sierra Leone,SLE,2019,8.1272
Sierra Leone,SLE,2020,7.876
Sierra Leone,SLE,2021,7.6293
Sierra Leone,SLE,2022,7.3938
Sierra Leone,SLE,2023,7.1619
Singapore,SGP,1950,9.3281
Singapore,SGP,1951,8.4969
Singapore,SGP,1952,7.6984
Singapore,SGP,1953,6.9405
Singapore,SGP,1954,6.2606
Singapore,SGP,1955,5.6723
Singapore,SGP,1956,5.1737
Singapore,SGP,1957,4.7489
Singapore,SGP,1958,4.3817
Singapore,SGP,1959,4.0615
Singapore,SGP,1960,3.7623
Singapore,SGP,1961,3.4998
Singapore,SGP,1962,3.2757
Singapore,SGP,1963,3.0864
Singapore,SGP,1964,2.9262
Singapore,SGP,1965,2.7868
Singapore,SGP,1966,2.6595
Singapore,SGP,1967,2.5362
Singapore,SGP,1968,2.4152
Singapore,SGP,1969,2.2917
Singapore,SGP,1970,2.1645
Singapore,SGP,1971,2.0322
Singapore,SGP,1972,1.8915
Singapore,SGP,1973,1.7482
Singapore,SGP,1974,1.6114
Singapore,SGP,1975,1.4892
Singapore,SGP,1976,1.3908
Singapore,SGP,1977,1.3171
Singapore,SGP,1978,1.2619
Singapore,SGP,1979,1.2149
Singapore,SGP,1980,1.1707
Singapore,SGP,1981,1.1228
Singapore,SGP,1982,1.069
Singapore,SGP,1983,1.0119
Singapore,SGP,1984,0.9549
Singapore,SGP,1985,0.8967
Singapore,SGP,1986,0.8407
Singapore,SGP,1987,0.7855
Singapore,SGP,1988,0.7298
Singapore,SGP,1989,0.6738
Singapore,SGP,1990,0.619
Singapore,SGP,1991,0.5666
Singapore,SGP,1992,0.5189
Singapore,SGP,1993,0.4771
Singapore,SGP,1994,0.4431
Singapore,SGP,1995,0.4146
Singapore,SGP,1996,0.3903
Singapore,SGP,1997,0.3687
Singapore,SGP,1998,0.3486
Singapore,SGP,1999,0.329
Singapore,SGP,2000,0.31
Singapore,SGP,2001,0.2918
Singapore,SGP,2002,0.2756
Singapore,SGP,2003,0.2634
Singapore,SGP,2004,0.2501
Singapore,SGP,2005,0.2416
Singapore,SGP,2006,0.2353
Singapore,SGP,2007,0.2307
Singapore,SGP,2008,0.2275
Singapore,SGP,2009,0.2253
Singapore,SGP,2010,0.2236
Singapore,SGP,2011,0.2218
Singapore,SGP,2012,0.2196
Singapore,SGP,2013,0.2175
Singapore,SGP,2014,0.215
Singapore,SGP,2015,0.2122
Singapore,SGP,2016,0.2088
Singapore,SGP,2017,0.2042
Singapore,SGP,2018,0.1985
Singapore,SGP,2019,0.1919
Singapore,SGP,2020,0.2075
Singapore,SGP,2021,0.1842
Singapore,SGP,2022,0.185
Singapore,SGP,2023,0.1727
Sint Maarten (Dutch part),SXM,1950,6.1588
Sint Maarten (Dutch part),SXM,1951,5.8427
Sint Maarten (Dutch part),SXM,1952,5.8588
Sint Maarten (Dutch part),SXM,1953,5.5851
Sint Maarten (Dutch part),SXM,1954,5.3896
Sint Maarten (Dutch part),SXM,1955,5.1174
Sint Maarten (Dutch part),SXM,1956,4.9232
Sint Maarten (Dutch part),SXM,1957,4.7712
Sint Maarten (Dutch part),SXM,1958,4.6317
Sint Maarten (Dutch part),SXM,1959,4.499
Sint Maarten (Dutch part),SXM,1960,4.3558
Sint Maarten (Dutch part),SXM,1961,4.2107
Sint Maarten (Dutch part),SXM,1962,4.0491
Sint Maarten (Dutch part),SXM,1963,3.8777
Sint Maarten (Dutch part),SXM,1964,3.7492
Sint Maarten (Dutch part),SXM,1965,3.6435
Sint Maarten (Dutch part),SXM,1966,3.4631
Sint Maarten (Dutch part),SXM,1967,3.2687
Sint Maarten (Dutch part),SXM,1968,3.072
Sint Maarten (Dutch part),SXM,1969,2.8329
Sint Maarten (Dutch part),SXM,1970,2.6019
Sint Maarten (Dutch part),SXM,1971,2.4495
Sint Maarten (Dutch part),SXM,1972,2.3213
Sint Maarten (Dutch part),SXM,1973,2.2221
Sint Maarten (Dutch part),SXM,1974,2.1683
Sint Maarten (Dutch part),SXM,1975,2.151
Sint Maarten (Dutch part),SXM,1976,2.1619
Sint Maarten (Dutch part),SXM,1977,2.2065
Sint Maarten (Dutch part),SXM,1978,2.2595
Sint Maarten (Dutch part),SXM,1979,2.3074
Sint Maarten (Dutch part),SXM,1980,2.3328
Sint Maarten (Dutch part),SXM,1981,2.3203
Sint Maarten (Dutch part),SXM,1982,2.276
Sint Maarten (Dutch part),SXM,1983,2.2328
Sint Maarten (Dutch part),SXM,1984,2.1901
Sint Maarten (Dutch part),SXM,1985,2.1565
Sint Maarten (Dutch part),SXM,1986,2.1394
Sint Maarten (Dutch part),SXM,1987,2.1372
Sint Maarten (Dutch part),SXM,1988,2.1294
Sint Maarten (Dutch part),SXM,1989,2.1333
Sint Maarten (Dutch part),SXM,1990,2.1414
Sint Maarten (Dutch part),SXM,1991,2.1494
Sint Maarten (Dutch part),SXM,1992,2.1439
Sint Maarten (Dutch part),SXM,1993,2.1274
Sint Maarten (Dutch part),SXM,1994,2.0895
Sint Maarten (Dutch part),SXM,1995,2.0205
Sint Maarten (Dutch part),SXM,1996,1.9338
Sint Maarten (Dutch part),SXM,1997,1.8438
Sint Maarten (Dutch part),SXM,1998,1.7594
Sint Maarten (Dutch part),SXM,1999,1.6839
Sint Maarten (Dutch part),SXM,2000,1.6403
Sint Maarten (Dutch part),SXM,2001,1.6179
Sint Maarten (Dutch part),SXM,2002,1.6093
Sint Maarten (Dutch part),SXM,2003,1.6123
Sint Maarten (Dutch part),SXM,2004,1.6111
Sint Maarten (Dutch part),SXM,2005,1.6048
Sint Maarten (Dutch part),SXM,2006,1.5902
Sint Maarten (Dutch part),SXM,2007,1.5896
Sint Maarten (Dutch part),SXM,2008,1.586
Sint Maarten (Dutch part),SXM,2009,1.6005
Sint Maarten (Dutch part),SXM,2010,1.596
Sint Maarten (Dutch part),SXM,2011,1.5864
Sint Maarten (Dutch part),SXM,2012,1.5321
Sint Maarten (Dutch part),SXM,2013,1.4765
Sint Maarten (Dutch part),SXM,2014,1.4144
Sint Maarten (Dutch part),SXM,2015,1.3822
Sint Maarten (Dutch part),SXM,2016,1.3693
Sint Maarten (Dutch part),SXM,2017,1.432
Sint Maarten (Dutch part),SXM,2018,1.4008
Sint Maarten (Dutch part),SXM,2019,1.4001
Sint Maarten (Dutch part),SXM,2020,1.3772
Sint Maarten (Dutch part),SXM,2021,1.3548
Sint Maarten (Dutch part),SXM,2022,1.3126
Sint Maarten (Dutch part),SXM,2023,1.2846
Slovakia,SVK,1950,11.1526
Slovakia,SVK,1951,10.7441
Slovakia,SVK,1952,7.5208
Slovakia,SVK,1953,6.1808
Slovakia,SVK,1954,5.0192
Slovakia,SVK,1955,4.4302
Slovakia,SVK,1956,4.0565
Slovakia,SVK,1957,4.5587
Slovakia,SVK,1958,3.604
Slovakia,SVK,1959,3.172
Slovakia,SVK,1960,2.8575
Slovakia,SVK,1961,2.7392
Slovakia,SVK,1962,2.4863
Slovakia,SVK,1963,2.6776
Slovakia,SVK,1964,2.5418
Slovakia,SVK,1965,2.7948
Slovakia,SVK,1966,2.6549
Slovakia,SVK,1967,2.4651
Slovakia,SVK,1968,2.3009
Slovakia,SVK,1969,2.5875
Slovakia,SVK,1970,2.5029
Slovakia,SVK,1971,2.3947
Slovakia,SVK,1972,2.6201
Slovakia,SVK,1973,2.5337
Slovakia,SVK,1974,2.3268
Slovakia,SVK,1975,2.3625
Slovakia,SVK,1976,2.462
Slovakia,SVK,1977,2.1447
Slovakia,SVK,1978,2.1799
Slovakia,SVK,1979,2.0953
Slovakia,SVK,1980,2.0298
Slovakia,SVK,1981,1.9122
Slovakia,SVK,1982,1.7908
Slovakia,SVK,1983,1.742
Slovakia,SVK,1984,1.6972
Slovakia,SVK,1985,1.6254
Slovakia,SVK,1986,1.4809
Slovakia,SVK,1987,1.3836
Slovakia,SVK,1988,1.3361
Slovakia,SVK,1989,1.3215
Slovakia,SVK,1990,1.2214
Slovakia,SVK,1991,1.3091
Slovakia,SVK,1992,1.2332
Slovakia,SVK,1993,1.0482
Slovakia,SVK,1994,1.0576
Slovakia,SVK,1995,1.0618
Slovakia,SVK,1996,1.0094
Slovakia,SVK,1997,0.8619
Slovakia,SVK,1998,0.875
Slovakia,SVK,1999,0.8204
Slovakia,SVK,2000,0.8505
Slovakia,SVK,2001,0.6054
Slovakia,SVK,2002,0.7667
Slovakia,SVK,2003,0.7898
Slovakia,SVK,2004,0.6867
Slovakia,SVK,2005,0.7223
Slovakia,SVK,2006,0.6568
Slovakia,SVK,2007,0.6139
Slovakia,SVK,2008,0.6008
Slovakia,SVK,2009,0.5826
Slovakia,SVK,2010,0.5682
Slovakia,SVK,2011,0.4958
Slovakia,SVK,2012,0.561
Slovakia,SVK,2013,0.5368
Slovakia,SVK,2014,0.5732
Slovakia,SVK,2015,0.5082
Slovakia,SVK,2016,0.5422
Slovakia,SVK,2017,0.445
Slovakia,SVK,2018,0.4894
Slovakia,SVK,2019,0.5003
Slovakia,SVK,2020,0.499
Slovakia,SVK,2021,0.485
Slovakia,SVK,2022,0.4744
Slovakia,SVK,2023,0.4517
Slovenia,SVN,1950,8.0967
Slovenia,SVN,1951,7.7038
Slovenia,SVN,1952,6.9046
Slovenia,SVN,1953,5.8748
Slovenia,SVN,1954,5.5215
Slovenia,SVN,1955,5.2533
Slovenia,SVN,1956,4.7996
Slovenia,SVN,1957,4.1889
Slovenia,SVN,1958,3.7142
Slovenia,SVN,1959,3.485
Slovenia,SVN,1960,3.2448
Slovenia,SVN,1961,3.0791
Slovenia,SVN,1962,2.9516
Slovenia,SVN,1963,2.9039
Slovenia,SVN,1964,2.9236
Slovenia,SVN,1965,2.8314
Slovenia,SVN,1966,2.7807
Slovenia,SVN,1967,2.6382
Slovenia,SVN,1968,2.5642
Slovenia,SVN,1969,2.4735
Slovenia,SVN,1970,2.4429
Slovenia,SVN,1971,2.3201
Slovenia,SVN,1972,2.2434
Slovenia,SVN,1973,2.0152
Slovenia,SVN,1974,1.8952
Slovenia,SVN,1975,1.831
Slovenia,SVN,1976,1.789
Slovenia,SVN,1977,1.7585
Slovenia,SVN,1978,1.6183
Slovenia,SVN,1979,1.5389
Slovenia,SVN,1980,1.4168
Slovenia,SVN,1981,1.3661
Slovenia,SVN,1982,1.3199
Slovenia,SVN,1983,1.3523
Slovenia,SVN,1984,1.3244
Slovenia,SVN,1985,1.2837
Slovenia,SVN,1986,1.2005
Slovenia,SVN,1987,1.0979
Slovenia,SVN,1988,0.9568
Slovenia,SVN,1989,0.8603
Slovenia,SVN,1990,0.8033
Slovenia,SVN,1991,0.83
Slovenia,SVN,1992,0.7812
Slovenia,SVN,1993,0.7286
Slovenia,SVN,1994,0.6217
Slovenia,SVN,1995,0.5547
Slovenia,SVN,1996,0.5072
Slovenia,SVN,1997,0.4967
Slovenia,SVN,1998,0.4888
Slovenia,SVN,1999,0.4871
Slovenia,SVN,2000,0.4519
Slovenia,SVN,2001,0.4295
Slovenia,SVN,2002,0.396
Slovenia,SVN,2003,0.4019
Slovenia,SVN,2004,0.3945
Slovenia,SVN,2005,0.3771
Slovenia,SVN,2006,0.3468
Slovenia,SVN,2007,0.294
Slovenia,SVN,2008,0.257
Slovenia,SVN,2009,0.2467
Slovenia,SVN,2010,0.2587
Slovenia,SVN,2011,0.2344
Slovenia,SVN,2012,0.2461
Slovenia,SVN,2013,0.2115
Slovenia,SVN,2014,0.2107
Slovenia,SVN,2015,0.1803
Slovenia,SVN,2016,0.1881
Slovenia,SVN,2017,0.207
Slovenia,SVN,2018,0.1654
Slovenia,SVN,2019,0.2061
Slovenia,SVN,2020,0.2079
Slovenia,SVN,2021,0.1812
Slovenia,SVN,2022,0.2385
Slovenia,SVN,2023,0.181
Solomon Islands,SLB,1950,14.4083
Solomon Islands,SLB,1951,14.1095
Solomon Islands,SLB,1952,13.8174
Solomon Islands,SLB,1953,13.523
Solomon Islands,SLB,1954,13.2242
Solomon Islands,SLB,1955,12.9193
Solomon Islands,SLB,1956,13.1464
Solomon Islands,SLB,1957,12.2862
Solomon Islands,SLB,1958,11.9575
Solomon Islands,SLB,1959,11.6205
Solomon Islands,SLB,1960,11.2758
Solomon Islands,SLB,1961,10.9248
Solomon Islands,SLB,1962,10.5658
Solomon Islands,SLB,1963,10.2022
Solomon Islands,SLB,1964,9.8234
Solomon Islands,SLB,1965,9.4277
Solomon Islands,SLB,1966,9.0319
Solomon Islands,SLB,1967,8.6362
Solomon Islands,SLB,1968,8.1866
Solomon Islands,SLB,1969,7.7521
Solomon Islands,SLB,1970,7.3196
Solomon Islands,SLB,1971,6.8955
Solomon Islands,SLB,1972,6.4856
Solomon Islands,SLB,1973,6.0963
Solomon Islands,SLB,1974,5.7322
Solomon Islands,SLB,1975,5.6509
Solomon Islands,SLB,1976,5.0886
Solomon Islands,SLB,1977,4.8479
Solomon Islands,SLB,1978,4.5597
Solomon Islands,SLB,1979,4.3417
Solomon Islands,SLB,1980,4.1435
Solomon Islands,SLB,1981,3.9724
Solomon Islands,SLB,1982,3.822
Solomon Islands,SLB,1983,3.6895
Solomon Islands,SLB,1984,3.5718
Solomon Islands,SLB,1985,3.4661
Solomon Islands,SLB,1986,3.4979
Solomon Islands,SLB,1987,3.2803
Solomon Islands,SLB,1988,3.1967
Solomon Islands,SLB,1989,3.1159
Solomon Islands,SLB,1990,3.0387
Solomon Islands,SLB,1991,2.964
Solomon Islands,SLB,1992,2.8936
Solomon Islands,SLB,1993,2.8278
Solomon Islands,SLB,1994,2.7595
Solomon Islands,SLB,1995,2.7008
Solomon Islands,SLB,1996,2.6478
Solomon Islands,SLB,1997,2.6005
Solomon Islands,SLB,1998,2.5585
Solomon Islands,SLB,1999,2.5214
Solomon Islands,SLB,2000,2.4886
Solomon Islands,SLB,2001,2.4596
Solomon Islands,SLB,2002,2.433
Solomon Islands,SLB,2003,2.4073
Solomon Islands,SLB,2004,2.3808
Solomon Islands,SLB,2005,2.3515
Solomon Islands,SLB,2006,2.3179
Solomon Islands,SLB,2007,2.3071
Solomon Islands,SLB,2008,2.2349
Solomon Islands,SLB,2009,2.225
Solomon Islands,SLB,2010,2.1371
Solomon Islands,SLB,2011,2.0786
Solomon Islands,SLB,2012,2.0224
Solomon Islands,SLB,2013,1.9741
Solomon Islands,SLB,2014,1.9867
Solomon Islands,SLB,2015,1.8587
Solomon Islands,SLB,2016,1.7977
Solomon Islands,SLB,2017,1.7435
Solomon Islands,SLB,2018,1.6907
Solomon Islands,SLB,2019,1.6395
Solomon Islands,SLB,2020,1.6173
Solomon Islands,SLB,2021,1.5441
Solomon Islands,SLB,2022,1.4964
Solomon Islands,SLB,2023,1.4515
Somalia,SOM,1950,15.1819
Somalia,SOM,1951,15.0581
Somalia,SOM,1952,14.9362
Somalia,SOM,1953,14.8153
Somalia,SOM,1954,14.6954
Somalia,SOM,1955,14.5762
Somalia,SOM,1956,14.458
Somalia,SOM,1957,14.3409
Somalia,SOM,1958,14.2249
Somalia,SOM,1959,14.1102
Somalia,SOM,1960,13.9961
Somalia,SOM,1961,13.9325
Somalia,SOM,1962,13.7672
Somalia,SOM,1963,13.6502
Somalia,SOM,1964,13.5456
Somalia,SOM,1965,13.4221
Somalia,SOM,1966,13.3117
Somalia,SOM,1967,13.2043
Somalia,SOM,1968,13.0999
Somalia,SOM,1969,12.9982
Somalia,SOM,1970,12.8995
Somalia,SOM,1971,12.8019
Somalia,SOM,1972,12.7047
Somalia,SOM,1973,12.6071
Somalia,SOM,1974,13.5568
Somalia,SOM,1975,13.4375
Somalia,SOM,1976,13.3177
Somalia,SOM,1977,12.2201
Somalia,SOM,1978,12.1237
Somalia,SOM,1979,12.026
Somalia,SOM,1980,11.927
Somalia,SOM,1981,11.8279
Somalia,SOM,1982,11.7274
Somalia,SOM,1983,11.6278
Somalia,SOM,1984,11.5294
Somalia,SOM,1985,11.4866
Somalia,SOM,1986,11.3933
Somalia,SOM,1987,11.2703
Somalia,SOM,1988,11.5028
Somalia,SOM,1989,10.9421
Somalia,SOM,1990,10.7975
Somalia,SOM,1991,24.581
Somalia,SOM,1992,25.4444
Somalia,SOM,1993,10.5066
Somalia,SOM,1994,10.5158
Somalia,SOM,1995,10.422
Somalia,SOM,1996,10.4386
Somalia,SOM,1997,10.6461
Somalia,SOM,1998,10.4145
Somalia,SOM,1999,10.433
Somalia,SOM,2000,10.4165
Somalia,SOM,2001,10.4044
Somalia,SOM,2002,10.4042
Somalia,SOM,2003,10.4058
Somalia,SOM,2004,10.3893
Somalia,SOM,2005,10.3339
Somalia,SOM,2006,10.2674
Somalia,SOM,2007,10.1837
Somalia,SOM,2008,9.9877
Somalia,SOM,2009,9.7683
Somalia,SOM,2010,11.0047
Somalia,SOM,2011,20.1114
Somalia,SOM,2012,10.9097
Somalia,SOM,2013,8.7945
Somalia,SOM,2014,8.5454
Somalia,SOM,2015,8.3076
Somalia,SOM,2016,8.1026
Somalia,SOM,2017,9.4429
Somalia,SOM,2018,8.3697
Somalia,SOM,2019,7.4295
Somalia,SOM,2020,7.2098
Somalia,SOM,2021,7.0048
Somalia,SOM,2022,8.6656
Somalia,SOM,2023,6.6277
South Africa,ZAF,1950,13.8484
South Africa,ZAF,1951,13.4513
South Africa,ZAF,1952,13.0558
South Africa,ZAF,1953,12.6447
South Africa,ZAF,1954,12.2169
South Africa,ZAF,1955,11.7765
South Africa,ZAF,1956,11.3405
South Africa,ZAF,1957,10.9266
South Africa,ZAF,1958,10.553
South Africa,ZAF,1959,10.2341
South Africa,ZAF,1960,9.9669
South Africa,ZAF,1961,9.7549
South Africa,ZAF,1962,9.5858
South Africa,ZAF,1963,9.4484
South Africa,ZAF,1964,9.332
South Africa,ZAF,1965,9.2267
South Africa,ZAF,1966,9.1253
South Africa,ZAF,1967,9.0223
South Africa,ZAF,1968,8.9138
South Africa,ZAF,1969,8.7964
South Africa,ZAF,1970,8.6677
South Africa,ZAF,1971,8.5273
South Africa,ZAF,1972,8.3759
South Africa,ZAF,1973,8.2145
South Africa,ZAF,1974,8.0441
South Africa,ZAF,1975,7.862
South Africa,ZAF,1976,7.6659
South Africa,ZAF,1977,7.4562
South Africa,ZAF,1978,7.2336
South Africa,ZAF,1979,6.9981
South Africa,ZAF,1980,6.7532
South Africa,ZAF,1981,6.5051
South Africa,ZAF,1982,6.2513
South Africa,ZAF,1983,6.0039
South Africa,ZAF,1984,5.7694
South Africa,ZAF,1985,5.5464
South Africa,ZAF,1986,5.3426
South Africa,ZAF,1987,5.1702
South Africa,ZAF,1988,4.9936
South Africa,ZAF,1989,4.8571
South Africa,ZAF,1990,4.7505
South Africa,ZAF,1991,4.6645
South Africa,ZAF,1992,4.6168
South Africa,ZAF,1993,4.6051
South Africa,ZAF,1994,4.6236
South Africa,ZAF,1995,4.6767
South Africa,ZAF,1996,4.7588
South Africa,ZAF,1997,4.8593
South Africa,ZAF,1998,4.9809
South Africa,ZAF,1999,5.1112
South Africa,ZAF,2000,4.58
South Africa,ZAF,2001,4.7297
South Africa,ZAF,2002,5.1857
South Africa,ZAF,2003,5.3505
South Africa,ZAF,2004,5.117
South Africa,ZAF,2005,5.1872
South Africa,ZAF,2006,4.9621
South Africa,ZAF,2007,4.8298
South Africa,ZAF,2008,4.5352
South Africa,ZAF,2009,3.9737
South Africa,ZAF,2010,3.5386
South Africa,ZAF,2011,2.8505
South Africa,ZAF,2012,2.76
South Africa,ZAF,2013,2.963
South Africa,ZAF,2014,2.9168
South Africa,ZAF,2015,2.7952
South Africa,ZAF,2016,2.6152
South Africa,ZAF,2017,2.3774
South Africa,ZAF,2018,2.6083
South Africa,ZAF,2019,2.7826
South Africa,ZAF,2020,2.1769
South Africa,ZAF,2021,2.7586
South Africa,ZAF,2022,3.0126
South Africa,ZAF,2023,2.7848
South Korea,KOR,1950,17.867
South Korea,KOR,1951,16.4752
South Korea,KOR,1952,15.0186
South Korea,KOR,1953,13.5992
South Korea,KOR,1954,12.2939
South Korea,KOR,1955,11.1543
South Korea,KOR,1956,10.198
South Korea,KOR,1957,9.4519
South Korea,KOR,1958,8.803
South Korea,KOR,1959,8.2909
South Korea,KOR,1960,7.8514
South Korea,KOR,1961,7.4813
South Korea,KOR,1962,7.145
South Korea,KOR,1963,6.8187
South Korea,KOR,1964,6.505
South Korea,KOR,1965,6.1929
South Korea,KOR,1966,5.8604
South Korea,KOR,1967,5.5269
South Korea,KOR,1968,5.2007
South Korea,KOR,1969,4.9002
South Korea,KOR,1970,4.5917
South Korea,KOR,1971,4.3223
South Korea,KOR,1972,4.1042
South Korea,KOR,1973,3.8714
South Korea,KOR,1974,3.687
South Korea,KOR,1975,3.5232
South Korea,KOR,1976,3.3716
South Korea,KOR,1977,3.2341
South Korea,KOR,1978,3.0793
South Korea,KOR,1979,2.9287
South Korea,KOR,1980,2.7713
South Korea,KOR,1981,2.6071
South Korea,KOR,1982,2.4357
South Korea,KOR,1983,2.2627
South Korea,KOR,1984,2.0975
South Korea,KOR,1985,1.9273
South Korea,KOR,1986,1.7694
South Korea,KOR,1987,1.6278
South Korea,KOR,1988,1.4853
South Korea,KOR,1989,1.3629
South Korea,KOR,1990,1.2558
South Korea,KOR,1991,1.1529
South Korea,KOR,1992,1.061
South Korea,KOR,1993,0.9807
South Korea,KOR,1994,0.9074
South Korea,KOR,1995,0.8414
South Korea,KOR,1996,0.7834
South Korea,KOR,1997,0.7281
South Korea,KOR,1998,0.6924
South Korea,KOR,1999,0.641
South Korea,KOR,2000,0.6024
South Korea,KOR,2001,0.5682
South Korea,KOR,2002,0.5353
South Korea,KOR,2003,0.5016
South Korea,KOR,2004,0.4691
South Korea,KOR,2005,0.4389
South Korea,KOR,2006,0.411
South Korea,KOR,2007,0.3844
South Korea,KOR,2008,0.3619
South Korea,KOR,2009,0.3426
South Korea,KOR,2010,0.3267
South Korea,KOR,2011,0.3146
South Korea,KOR,2012,0.3016
South Korea,KOR,2013,0.2911
South Korea,KOR,2014,0.2824
South Korea,KOR,2015,0.2733
South Korea,KOR,2016,0.2649
South Korea,KOR,2017,0.2567
South Korea,KOR,2018,0.2483
South Korea,KOR,2019,0.2401
South Korea,KOR,2020,0.2325
South Korea,KOR,2021,0.2229
South Korea,KOR,2022,0.2148
South Korea,KOR,2023,0.2074
South Sudan,SSD,1950,23.5925
South Sudan,SSD,1951,23.2754
South Sudan,SSD,1952,22.9704
South Sudan,SSD,1953,22.685
South Sudan,SSD,1954,22.4264
South Sudan,SSD,1955,22.1971
South Sudan,SSD,1956,22.0898
South Sudan,SSD,1957,21.9742
South Sudan,SSD,1958,22.0679
South Sudan,SSD,1959,21.901
South Sudan,SSD,1960,21.7347
South Sudan,SSD,1961,21.5651
South Sudan,SSD,1962,21.3907
South Sudan,SSD,1963,22.0895
South Sudan,SSD,1964,20.898
South Sudan,SSD,1965,21.6942
South Sudan,SSD,1966,22.5212
South Sudan,SSD,1967,22.3083
South Sudan,SSD,1968,22.0885
South Sudan,SSD,1969,22.178
South Sudan,SSD,1970,21.9503
South Sudan,SSD,1971,20.1961
South Sudan,SSD,1972,19.9578
South Sudan,SSD,1973,18.7227
South Sudan,SSD,1974,18.4992
South Sudan,SSD,1975,18.277
South Sudan,SSD,1976,18.0657
South Sudan,SSD,1977,17.8382
South Sudan,SSD,1978,17.6251
South Sudan,SSD,1979,17.4175
South Sudan,SSD,1980,17.2142
South Sudan,SSD,1981,17.0108
South Sudan,SSD,1982,16.7998
South Sudan,SSD,1983,16.8784
South Sudan,SSD,1984,16.8793
South Sudan,SSD,1985,16.6247
South Sudan,SSD,1986,16.3636
South Sudan,SSD,1987,17.4557
South Sudan,SSD,1988,42.3809
South Sudan,SSD,1989,15.9929
South Sudan,SSD,1990,15.6874
South Sudan,SSD,1991,15.357
South Sudan,SSD,1992,15.9305
South Sudan,SSD,1993,15.5698
South Sudan,SSD,1994,13.3753
South Sudan,SSD,1995,13.8521
South Sudan,SSD,1996,13.4752
South Sudan,SSD,1997,13.0012
South Sudan,SSD,1998,21.012
South Sudan,SSD,1999,11.5245
South Sudan,SSD,2000,10.9482
South Sudan,SSD,2001,10.5037
South Sudan,SSD,2002,10.0624
South Sudan,SSD,2003,9.5297
South Sudan,SSD,2004,9.132
South Sudan,SSD,2005,8.7053
South Sudan,SSD,2006,8.3543
South Sudan,SSD,2007,7.9988
South Sudan,SSD,2008,7.6425
South Sudan,SSD,2009,7.3566
South Sudan,SSD,2010,7.1068
South Sudan,SSD,2011,6.913
South Sudan,SSD,2012,6.7202
South Sudan,SSD,2013,6.6162
South Sudan,SSD,2014,10.6612
South Sudan,SSD,2015,13.4452
South Sudan,SSD,2016,14.8608
South Sudan,SSD,2017,15.6514
South Sudan,SSD,2018,8.4259
South Sudan,SSD,2019,6.3894
South Sudan,SSD,2020,6.3807
South Sudan,SSD,2021,6.3895
South Sudan,SSD,2022,6.393
South Sudan,SSD,2023,6.3815
Spain,ESP,1950,7.4509
Spain,ESP,1951,7.2391
Spain,ESP,1952,6.2205
Spain,ESP,1953,5.8088
Spain,ESP,1954,5.4749
Spain,ESP,1955,5.7263
Spain,ESP,1956,5.2519
Spain,ESP,1957,5.4544
Spain,ESP,1958,4.8164
Spain,ESP,1959,4.7908
Spain,ESP,1960,4.5499
Spain,ESP,1961,4.7634
Spain,ESP,1962,4.1535
Spain,ESP,1963,4.0587
Spain,ESP,1964,3.9643
Spain,ESP,1965,3.7104
Spain,ESP,1966,3.5698
Spain,ESP,1967,3.4164
Spain,ESP,1968,3.1821
Spain,ESP,1969,3.0463
Spain,ESP,1970,2.813
Spain,ESP,1971,2.5848
Spain,ESP,1972,2.2783
Spain,ESP,1973,2.1401
Spain,ESP,1974,2.0198
Spain,ESP,1975,1.8501
Spain,ESP,1976,1.7169
Spain,ESP,1977,1.5696
Spain,ESP,1978,1.4996
Spain,ESP,1979,1.3882
Spain,ESP,1980,1.1903
Spain,ESP,1981,1.1724
Spain,ESP,1982,1.1013
Spain,ESP,1983,1.0529
Spain,ESP,1984,0.9717
Spain,ESP,1985,0.8726
Spain,ESP,1986,0.9051
Spain,ESP,1987,0.8678
Spain,ESP,1988,0.7977
Spain,ESP,1989,0.7715
Spain,ESP,1990,0.7608
Spain,ESP,1991,0.718
Spain,ESP,1992,0.7051
Spain,ESP,1993,0.6526
Spain,ESP,1994,0.5881
Spain,ESP,1995,0.5426
Spain,ESP,1996,0.5497
Spain,ESP,1997,0.5009
Spain,ESP,1998,0.4789
Spain,ESP,1999,0.4509
Spain,ESP,2000,0.4413
Spain,ESP,2001,0.4026
Spain,ESP,2002,0.4119
Spain,ESP,2003,0.3941
Spain,ESP,2004,0.399
Spain,ESP,2005,0.3732
Spain,ESP,2006,0.3518
Spain,ESP,2007,0.3437
Spain,ESP,2008,0.3376
Spain,ESP,2009,0.3095
Spain,ESP,2010,0.315
Spain,ESP,2011,0.3052
Spain,ESP,2012,0.2979
Spain,ESP,2013,0.2624
Spain,ESP,2014,0.2829
Spain,ESP,2015,0.264
Spain,ESP,2016,0.2644
Spain,ESP,2017,0.2657
Spain,ESP,2018,0.2614
Spain,ESP,2019,0.2591
Spain,ESP,2020,0.2496
Spain,ESP,2021,0.2524
Spain,ESP,2022,0.2727
Spain,ESP,2023,0.2386
Sri Lanka,LKA,1950,10.3997
Sri Lanka,LKA,1951,10.0325
Sri Lanka,LKA,1952,9.6747
Sri Lanka,LKA,1953,9.325
Sri Lanka,LKA,1954,8.9847
Sri Lanka,LKA,1955,8.6522
Sri Lanka,LKA,1956,8.3233
Sri Lanka,LKA,1957,8.0009
Sri Lanka,LKA,1958,7.6569
Sri Lanka,LKA,1959,7.3275
Sri Lanka,LKA,1960,7.0219
Sri Lanka,LKA,1961,6.7504
Sri Lanka,LKA,1962,6.5207
Sri Lanka,LKA,1963,6.3309
Sri Lanka,LKA,1964,6.1692
Sri Lanka,LKA,1965,6.0062
Sri Lanka,LKA,1966,5.8589
Sri Lanka,LKA,1967,5.7159
Sri Lanka,LKA,1968,5.5818
Sri Lanka,LKA,1969,5.4701
Sri Lanka,LKA,1970,5.3649
Sri Lanka,LKA,1971,5.2766
Sri Lanka,LKA,1972,5.1893
Sri Lanka,LKA,1973,5.0885
Sri Lanka,LKA,1974,4.9681
Sri Lanka,LKA,1975,4.802
Sri Lanka,LKA,1976,4.605
Sri Lanka,LKA,1977,4.3782
Sri Lanka,LKA,1978,4.1532
Sri Lanka,LKA,1979,3.8803
Sri Lanka,LKA,1980,3.6261
Sri Lanka,LKA,1981,3.3761
Sri Lanka,LKA,1982,3.1312
Sri Lanka,LKA,1983,2.9029
Sri Lanka,LKA,1984,2.6595
Sri Lanka,LKA,1985,2.443
Sri Lanka,LKA,1986,2.2583
Sri Lanka,LKA,1987,2.102
Sri Lanka,LKA,1988,1.9815
Sri Lanka,LKA,1989,2.0616
Sri Lanka,LKA,1990,1.8337
Sri Lanka,LKA,1991,1.7978
Sri Lanka,LKA,1992,1.7585
Sri Lanka,LKA,1993,1.7206
Sri Lanka,LKA,1994,1.6819
Sri Lanka,LKA,1995,1.6404
Sri Lanka,LKA,1996,1.6072
Sri Lanka,LKA,1997,1.5407
Sri Lanka,LKA,1998,1.485
Sri Lanka,LKA,1999,1.4284
Sri Lanka,LKA,2000,1.3741
Sri Lanka,LKA,2001,1.3247
Sri Lanka,LKA,2002,1.2747
Sri Lanka,LKA,2003,1.2403
Sri Lanka,LKA,2004,1.6701
Sri Lanka,LKA,2005,1.1326
Sri Lanka,LKA,2006,1.0847
Sri Lanka,LKA,2007,1.0378
Sri Lanka,LKA,2008,0.9942
Sri Lanka,LKA,2009,1.3115
Sri Lanka,LKA,2010,0.9138
Sri Lanka,LKA,2011,0.8798
Sri Lanka,LKA,2012,0.8391
Sri Lanka,LKA,2013,0.8029
Sri Lanka,LKA,2014,0.7641
Sri Lanka,LKA,2015,0.7209
Sri Lanka,LKA,2016,0.6932
Sri Lanka,LKA,2017,0.6691
Sri Lanka,LKA,2018,0.6226
Sri Lanka,LKA,2019,0.5992
Sri Lanka,LKA,2020,0.5716
Sri Lanka,LKA,2021,0.5509
Sri Lanka,LKA,2022,0.5297
Sri Lanka,LKA,2023,0.5098
Sudan,SDN,1950,12.462
Sudan,SDN,1951,12.2635
Sudan,SDN,1952,12.069
Sudan,SDN,1953,11.8802
Sudan,SDN,1954,11.6998
Sudan,SDN,1955,11.5277
Sudan,SDN,1956,11.3622
Sudan,SDN,1957,11.1963
Sudan,SDN,1958,11.029
Sudan,SDN,1959,10.8646
Sudan,SDN,1960,10.7115
Sudan,SDN,1961,10.5657
Sudan,SDN,1962,10.4284
Sudan,SDN,1963,10.2998
Sudan,SDN,1964,10.1753
Sudan,SDN,1965,10.0573
Sudan,SDN,1966,9.9489
Sudan,SDN,1967,9.8528
Sudan,SDN,1968,9.7694
Sudan,SDN,1969,9.6968
Sudan,SDN,1970,9.6336
Sudan,SDN,1971,9.5768
Sudan,SDN,1972,9.5239
Sudan,SDN,1973,9.4725
Sudan,SDN,1974,9.421
Sudan,SDN,1975,9.3679
Sudan,SDN,1976,9.3129
Sudan,SDN,1977,9.2563
Sudan,SDN,1978,9.1989
Sudan,SDN,1979,9.1374
Sudan,SDN,1980,9.0721
Sudan,SDN,1981,9.0089
Sudan,SDN,1982,8.9427
Sudan,SDN,1983,10.8087
Sudan,SDN,1984,10.6991
Sudan,SDN,1985,10.5954
Sudan,SDN,1986,8.6284
Sudan,SDN,1987,8.535
Sudan,SDN,1988,8.4537
Sudan,SDN,1989,8.3716
Sudan,SDN,1990,8.2067
Sudan,SDN,1991,8.0794
Sudan,SDN,1992,7.9531
Sudan,SDN,1993,7.8594
Sudan,SDN,1994,7.6613
Sudan,SDN,1995,7.5078
Sudan,SDN,1996,7.3561
Sudan,SDN,1997,7.1883
Sudan,SDN,1998,7.0086
Sudan,SDN,1999,6.841
Sudan,SDN,2000,6.6293
Sudan,SDN,2001,6.4383
Sudan,SDN,2002,6.2858
Sudan,SDN,2003,6.2818
Sudan,SDN,2004,6.3558
Sudan,SDN,2005,6.2055
Sudan,SDN,2006,5.7054
Sudan,SDN,2007,5.4817
Sudan,SDN,2008,5.3947
Sudan,SDN,2009,5.1367
Sudan,SDN,2010,5.0142
Sudan,SDN,2011,4.8918
Sudan,SDN,2012,4.7806
Sudan,SDN,2013,4.6759
Sudan,SDN,2014,4.5671
Sudan,SDN,2015,4.457
Sudan,SDN,2016,4.3499
Sudan,SDN,2017,4.2401
Sudan,SDN,2018,4.1315
Sudan,SDN,2019,4.0211
Sudan,SDN,2020,3.9138
Sudan,SDN,2021,3.8087
Sudan,SDN,2022,3.7088
Sudan,SDN,2023,3.6222
Suriname,SUR,1950,9.7933
Suriname,SUR,1951,9.5639
Suriname,SUR,1952,9.3426
Suriname,SUR,1953,9.121
Suriname,SUR,1954,8.8968
Suriname,SUR,1955,8.669
Suriname,SUR,1956,8.4381
Suriname,SUR,1957,8.2062
Suriname,SUR,1958,7.9765
Suriname,SUR,1959,7.7507
Suriname,SUR,1960,7.5325
Suriname,SUR,1961,7.3282
Suriname,SUR,1962,7.1418
Suriname,SUR,1963,6.9788
Suriname,SUR,1964,6.8411
Suriname,SUR,1965,6.6981
Suriname,SUR,1966,6.5747
Suriname,SUR,1967,6.4653
Suriname,SUR,1968,6.3624
Suriname,SUR,1969,6.263
Suriname,SUR,1970,6.1646
Suriname,SUR,1971,6.0654
Suriname,SUR,1972,5.9648
Suriname,SUR,1973,5.8617
Suriname,SUR,1974,5.7591
Suriname,SUR,1975,5.6555
Suriname,SUR,1976,5.551
Suriname,SUR,1977,5.443
Suriname,SUR,1978,5.3324
Suriname,SUR,1979,5.2211
Suriname,SUR,1980,5.108
Suriname,SUR,1981,4.9917
Suriname,SUR,1982,4.8774
Suriname,SUR,1983,4.761
Suriname,SUR,1984,4.6369
Suriname,SUR,1985,4.5073
Suriname,SUR,1986,4.3759
Suriname,SUR,1987,4.2414
Suriname,SUR,1988,4.1063
Suriname,SUR,1989,3.971
Suriname,SUR,1990,3.8416
Suriname,SUR,1991,3.7139
Suriname,SUR,1992,3.5888
Suriname,SUR,1993,3.4642
Suriname,SUR,1994,3.3428
Suriname,SUR,1995,3.2247
Suriname,SUR,1996,3.1103
Suriname,SUR,1997,2.9999
Suriname,SUR,1998,2.8942
Suriname,SUR,1999,2.7937
Suriname,SUR,2000,2.6986
Suriname,SUR,2001,2.6091
Suriname,SUR,2002,2.5254
Suriname,SUR,2003,2.4472
Suriname,SUR,2004,2.3742
Suriname,SUR,2005,2.3061
Suriname,SUR,2006,2.2483
Suriname,SUR,2007,2.1824
Suriname,SUR,2008,2.1299
Suriname,SUR,2009,2.0723
Suriname,SUR,2010,2.0211
Suriname,SUR,2011,1.9715
Suriname,SUR,2012,1.9235
Suriname,SUR,2013,1.8763
Suriname,SUR,2014,1.8295
Suriname,SUR,2015,1.7827
Suriname,SUR,2016,1.7361
Suriname,SUR,2017,1.6901
Suriname,SUR,2018,1.6431
Suriname,SUR,2019,1.596
Suriname,SUR,2020,1.5491
Suriname,SUR,2021,1.5022
Suriname,SUR,2022,1.4558
Suriname,SUR,2023,1.4105
Sweden,SWE,1950,2.0421
Sweden,SWE,1951,2.104
Sweden,SWE,1952,2.0117
Sweden,SWE,1953,1.8611
Sweden,SWE,1954,1.8196
Sweden,SWE,1955,1.763
Sweden,SWE,1956,1.7332
Sweden,SWE,1957,1.763
Sweden,SWE,1958,1.5736
Sweden,SWE,1959,1.6471
Sweden,SWE,1960,1.6404
Sweden,SWE,1961,1.5904
Sweden,SWE,1962,1.5571
Sweden,SWE,1963,1.575
Sweden,SWE,1964,1.4804
Sweden,SWE,1965,1.3203
Sweden,SWE,1966,1.2651
Sweden,SWE,1967,1.2601
Sweden,SWE,1968,1.2698
Sweden,SWE,1969,1.1521
Sweden,SWE,1970,1.1285
Sweden,SWE,1971,1.1352
Sweden,SWE,1972,1.0734
Sweden,SWE,1973,0.9665
Sweden,SWE,1974,0.9535
Sweden,SWE,1975,0.8302
Sweden,SWE,1976,0.81
Sweden,SWE,1977,0.7902
Sweden,SWE,1978,0.7657
Sweden,SWE,1979,0.7566
Sweden,SWE,1980,0.689
Sweden,SWE,1981,0.6826
Sweden,SWE,1982,0.6759
Sweden,SWE,1983,0.6968
Sweden,SWE,1984,0.6454
Sweden,SWE,1985,0.6883
Sweden,SWE,1986,0.6008
Sweden,SWE,1987,0.6192
Sweden,SWE,1988,0.5992
Sweden,SWE,1989,0.5864
Sweden,SWE,1990,0.6101
Sweden,SWE,1991,0.6086
Sweden,SWE,1992,0.5293
Sweden,SWE,1993,0.4746
Sweden,SWE,1994,0.4339
Sweden,SWE,1995,0.398
Sweden,SWE,1996,0.3823
Sweden,SWE,1997,0.3527
Sweden,SWE,1998,0.3529
Sweden,SWE,1999,0.3335
Sweden,SWE,2000,0.3452
Sweden,SWE,2001,0.363
Sweden,SWE,2002,0.3337
Sweden,SWE,2003,0.3152
Sweden,SWE,2004,0.3112
Sweden,SWE,2005,0.2427
Sweden,SWE,2006,0.284
Sweden,SWE,2007,0.2505
Sweden,SWE,2008,0.249
Sweden,SWE,2009,0.2512
Sweden,SWE,2010,0.2554
Sweden,SWE,2011,0.2065
Sweden,SWE,2012,0.2592
Sweden,SWE,2013,0.2674
Sweden,SWE,2014,0.2182
Sweden,SWE,2015,0.2431
Sweden,SWE,2016,0.2468
Sweden,SWE,2017,0.2352
Sweden,SWE,2018,0.2012
Sweden,SWE,2019,0.2031
Sweden,SWE,2020,0.2334
Sweden,SWE,2021,0.1847
Sweden,SWE,2022,0.2068
Sweden,SWE,2023,0.1861
Switzerland,CHE,1950,3.1026
Switzerland,CHE,1951,2.9274
Switzerland,CHE,1952,2.908
Switzerland,CHE,1953,2.8977
Switzerland,CHE,1954,2.6765
Switzerland,CHE,1955,2.5993
Switzerland,CHE,1956,2.5408
Switzerland,CHE,1957,2.2725
Switzerland,CHE,1958,2.1765
Switzerland,CHE,1959,2.1869
Switzerland,CHE,1960,2.1187
Switzerland,CHE,1961,2.1517
Switzerland,CHE,1962,2.1715
Switzerland,CHE,1963,2.0913
Switzerland,CHE,1964,1.9423
Switzerland,CHE,1965,1.77
Switzerland,CHE,1966,1.696
Switzerland,CHE,1967,1.7488
Switzerland,CHE,1968,1.6138
Switzerland,CHE,1969,1.5592
Switzerland,CHE,1970,1.534
Switzerland,CHE,1971,1.4218
Switzerland,CHE,1972,1.3029
Switzerland,CHE,1973,1.3103
Switzerland,CHE,1974,1.2536
Switzerland,CHE,1975,1.061
Switzerland,CHE,1976,1.0817
Switzerland,CHE,1977,0.9792
Switzerland,CHE,1978,0.8579
Switzerland,CHE,1979,0.8593
Switzerland,CHE,1980,0.9211
Switzerland,CHE,1981,0.7538
Switzerland,CHE,1982,0.7687
Switzerland,CHE,1983,0.7478
Switzerland,CHE,1984,0.7204
Switzerland,CHE,1985,0.6887
Switzerland,CHE,1986,0.6936
Switzerland,CHE,1987,0.6908
Switzerland,CHE,1988,0.7017
Switzerland,CHE,1989,0.7385
Switzerland,CHE,1990,0.6946
Switzerland,CHE,1991,0.6348
Switzerland,CHE,1992,0.6434
Switzerland,CHE,1993,0.5481
Switzerland,CHE,1994,0.5159
Switzerland,CHE,1995,0.5063
Switzerland,CHE,1996,0.4733
Switzerland,CHE,1997,0.4727
Switzerland,CHE,1998,0.4759
Switzerland,CHE,1999,0.4614
Switzerland,CHE,2000,0.4933
Switzerland,CHE,2001,0.485
Switzerland,CHE,2002,0.4536
Switzerland,CHE,2003,0.4284
Switzerland,CHE,2004,0.4309
Switzerland,CHE,2005,0.4244
Switzerland,CHE,2006,0.4431
Switzerland,CHE,2007,0.4008
Switzerland,CHE,2008,0.4054
Switzerland,CHE,2009,0.438
Switzerland,CHE,2010,0.3905
Switzerland,CHE,2011,0.3851
Switzerland,CHE,2012,0.3789
Switzerland,CHE,2013,0.395
Switzerland,CHE,2014,0.405
Switzerland,CHE,2015,0.4004
Switzerland,CHE,2016,0.3559
Switzerland,CHE,2017,0.3595
Switzerland,CHE,2018,0.3325
Switzerland,CHE,2019,0.3298
Switzerland,CHE,2020,0.3692
Switzerland,CHE,2021,0.3239
Switzerland,CHE,2022,0.3306
Switzerland,CHE,2023,0.3176
Syria,SYR,1950,15.093
Syria,SYR,1951,14.6985
Syria,SYR,1952,14.3011
Syria,SYR,1953,13.8888
Syria,SYR,1954,13.4556
Syria,SYR,1955,13.0005
Syria,SYR,1956,12.5294
Syria,SYR,1957,12.052
Syria,SYR,1958,11.5791
Syria,SYR,1959,11.1211
Syria,SYR,1960,10.6843
Syria,SYR,1961,10.2712
Syria,SYR,1962,9.8827
Syria,SYR,1963,9.5097
Syria,SYR,1964,9.1537
Syria,SYR,1965,8.8078
Syria,SYR,1966,8.4684
Syria,SYR,1967,8.1332
Syria,SYR,1968,7.8015
Syria,SYR,1969,7.4742
Syria,SYR,1970,7.1528
Syria,SYR,1971,6.8388
Syria,SYR,1972,6.5345
Syria,SYR,1973,6.2377
Syria,SYR,1974,5.9511
Syria,SYR,1975,5.6737
Syria,SYR,1976,5.4047
Syria,SYR,1977,5.1456
Syria,SYR,1978,4.8916
Syria,SYR,1979,4.6526
Syria,SYR,1980,4.4204
Syria,SYR,1981,4.4342
Syria,SYR,1982,4.6178
Syria,SYR,1983,3.8015
Syria,SYR,1984,3.6238
Syria,SYR,1985,3.4599
Syria,SYR,1986,3.3086
Syria,SYR,1987,3.1687
Syria,SYR,1988,3.0381
Syria,SYR,1989,2.9149
Syria,SYR,1990,2.7972
Syria,SYR,1991,2.6834
Syria,SYR,1992,2.5724
Syria,SYR,1993,2.4637
Syria,SYR,1994,2.3575
Syria,SYR,1995,2.2545
Syria,SYR,1996,2.1555
Syria,SYR,1997,2.0617
Syria,SYR,1998,1.974
Syria,SYR,1999,1.8932
Syria,SYR,2000,1.82
Syria,SYR,2001,1.7553
Syria,SYR,2002,1.6986
Syria,SYR,2003,1.6481
Syria,SYR,2004,1.6069
Syria,SYR,2005,1.5729
Syria,SYR,2006,1.5468
Syria,SYR,2007,1.5273
Syria,SYR,2008,1.5151
Syria,SYR,2009,1.5094
Syria,SYR,2010,1.5099
Syria,SYR,2011,1.6167
Syria,SYR,2012,2.0896
Syria,SYR,2013,2.1983
Syria,SYR,2014,2.1566
Syria,SYR,2015,2.2256
Syria,SYR,2016,2.0449
Syria,SYR,2017,2.073
Syria,SYR,2018,2.0578
Syria,SYR,2019,1.7652
Syria,SYR,2020,1.6668
Syria,SYR,2021,1.6165
Syria,SYR,2022,1.6243
Syria,SYR,2023,1.6736
Taiwan,TWN,1950,6.0337
Taiwan,TWN,1951,5.7283
Taiwan,TWN,1952,5.4243
Taiwan,TWN,1953,5.1457
Taiwan,TWN,1954,4.876
Taiwan,TWN,1955,4.6227
Taiwan,TWN,1956,4.3819
Taiwan,TWN,1957,4.1536
Taiwan,TWN,1958,3.9383
Taiwan,TWN,1959,3.8768
Taiwan,TWN,1960,3.4101
Taiwan,TWN,1961,3.2707
Taiwan,TWN,1962,3.0058
Taiwan,TWN,1963,2.7015
Taiwan,TWN,1964,2.7721
Taiwan,TWN,1965,2.8561
Taiwan,TWN,1966,2.6286
Taiwan,TWN,1967,2.4262
Taiwan,TWN,1968,2.2418
Taiwan,TWN,1969,2.0814
Taiwan,TWN,1970,1.925
Taiwan,TWN,1971,1.7902
Taiwan,TWN,1972,1.6731
Taiwan,TWN,1973,1.5743
Taiwan,TWN,1974,1.4866
Taiwan,TWN,1975,1.4063
Taiwan,TWN,1976,1.3371
Taiwan,TWN,1977,1.2756
Taiwan,TWN,1978,1.2176
Taiwan,TWN,1979,1.1585
Taiwan,TWN,1980,1.0957
Taiwan,TWN,1981,1.0331
Taiwan,TWN,1982,0.9711
Taiwan,TWN,1983,0.9073
Taiwan,TWN,1984,0.845
Taiwan,TWN,1985,0.7911
Taiwan,TWN,1986,0.7453
Taiwan,TWN,1987,0.7084
Taiwan,TWN,1988,0.6758
Taiwan,TWN,1989,0.6504
Taiwan,TWN,1990,0.6344
Taiwan,TWN,1991,0.6282
Taiwan,TWN,1992,0.6286
Taiwan,TWN,1993,0.6309
Taiwan,TWN,1994,0.6359
Taiwan,TWN,1995,0.6384
Taiwan,TWN,1996,0.6437
Taiwan,TWN,1997,0.6459
Taiwan,TWN,1998,0.6414
Taiwan,TWN,1999,0.6245
Taiwan,TWN,2000,0.6016
Taiwan,TWN,2001,0.5787
Taiwan,TWN,2002,0.5557
Taiwan,TWN,2003,0.5327
Taiwan,TWN,2004,0.5105
Taiwan,TWN,2005,0.4893
Taiwan,TWN,2006,0.4676
Taiwan,TWN,2007,0.4494
Taiwan,TWN,2008,0.436
Taiwan,TWN,2009,0.4227
Taiwan,TWN,2010,0.4078
Taiwan,TWN,2011,0.3927
Taiwan,TWN,2012,0.3816
Taiwan,TWN,2013,0.3739
Taiwan,TWN,2014,0.3663
Taiwan,TWN,2015,0.3569
Taiwan,TWN,2016,0.3476
Taiwan,TWN,2017,0.3394
Taiwan,TWN,2018,0.3323
Taiwan,TWN,2019,0.3251
Taiwan,TWN,2020,0.318
Taiwan,TWN,2021,0.311
Taiwan,TWN,2022,0.3042
Taiwan,TWN,2023,0.2979
Tajikistan,TJK,1950,14.9468
Tajikistan,TJK,1951,14.8049
Tajikistan,TJK,1952,14.6487
Tajikistan,TJK,1953,14.4925
Tajikistan,TJK,1954,14.3361
Tajikistan,TJK,1955,14.1791
Tajikistan,TJK,1956,14.0215
Tajikistan,TJK,1957,13.8633
Tajikistan,TJK,1958,13.7043
Tajikistan,TJK,1959,13.5442
Tajikistan,TJK,1960,13.3835
Tajikistan,TJK,1961,13.2221
Tajikistan,TJK,1962,13.0597
Tajikistan,TJK,1963,12.896
Tajikistan,TJK,1964,12.7295
Tajikistan,TJK,1965,12.5588
Tajikistan,TJK,1966,12.382
Tajikistan,TJK,1967,12.1973
Tajikistan,TJK,1968,12.0014
Tajikistan,TJK,1969,11.7923
Tajikistan,TJK,1970,11.5675
Tajikistan,TJK,1971,11.3277
Tajikistan,TJK,1972,11.0746
Tajikistan,TJK,1973,10.8147
Tajikistan,TJK,1974,10.5595
Tajikistan,TJK,1975,10.3192
Tajikistan,TJK,1976,10.1061
Tajikistan,TJK,1977,9.9263
Tajikistan,TJK,1978,9.7815
Tajikistan,TJK,1979,9.6658
Tajikistan,TJK,1980,9.5682
Tajikistan,TJK,1981,9.4713
Tajikistan,TJK,1982,9.3562
Tajikistan,TJK,1983,9.2072
Tajikistan,TJK,1984,9.0167
Tajikistan,TJK,1985,8.7905
Tajikistan,TJK,1986,8.5474
Tajikistan,TJK,1987,8.3206
Tajikistan,TJK,1988,8.1509
Tajikistan,TJK,1989,8.0526
Tajikistan,TJK,1990,8.0365
Tajikistan,TJK,1991,8.0891
Tajikistan,TJK,1992,8.0865
Tajikistan,TJK,1993,7.7761
Tajikistan,TJK,1994,8.2317
Tajikistan,TJK,1995,8.133
Tajikistan,TJK,1996,8.037
Tajikistan,TJK,1997,7.6404
Tajikistan,TJK,1998,7.2857
Tajikistan,TJK,1999,6.853
Tajikistan,TJK,2000,6.4266
Tajikistan,TJK,2001,6.0115
Tajikistan,TJK,2002,5.5989
Tajikistan,TJK,2003,5.2104
Tajikistan,TJK,2004,4.8547
Tajikistan,TJK,2005,4.5375
Tajikistan,TJK,2006,4.2631
Tajikistan,TJK,2007,4.0274
Tajikistan,TJK,2008,3.8314
Tajikistan,TJK,2009,3.6691
Tajikistan,TJK,2010,3.5456
Tajikistan,TJK,2011,3.422
Tajikistan,TJK,2012,3.3245
Tajikistan,TJK,2013,3.237
Tajikistan,TJK,2014,3.1549
Tajikistan,TJK,2015,3.0755
Tajikistan,TJK,2016,2.9962
Tajikistan,TJK,2017,2.9162
Tajikistan,TJK,2018,2.8368
Tajikistan,TJK,2019,2.7556
Tajikistan,TJK,2020,2.6764
Tajikistan,TJK,2021,2.5994
Tajikistan,TJK,2022,2.5235
Tajikistan,TJK,2023,2.4502
Tanzania,TZA,1950,13.9602
Tanzania,TZA,1951,13.8941
Tanzania,TZA,1952,13.8282
Tanzania,TZA,1953,13.7622
Tanzania,TZA,1954,13.6965
Tanzania,TZA,1955,13.6316
Tanzania,TZA,1956,13.5677
Tanzania,TZA,1957,13.4966
Tanzania,TZA,1958,13.4312
Tanzania,TZA,1959,13.3662
Tanzania,TZA,1960,13.2993
Tanzania,TZA,1961,13.2291
Tanzania,TZA,1962,13.1538
Tanzania,TZA,1963,13.0716
Tanzania,TZA,1964,12.9814
Tanzania,TZA,1965,12.8835
Tanzania,TZA,1966,12.7788
Tanzania,TZA,1967,12.6679
Tanzania,TZA,1968,12.5539
Tanzania,TZA,1969,12.4293
Tanzania,TZA,1970,12.3009
Tanzania,TZA,1971,12.1653
Tanzania,TZA,1972,12.0212
Tanzania,TZA,1973,11.8685
Tanzania,TZA,1974,11.7097
Tanzania,TZA,1975,11.5431
Tanzania,TZA,1976,11.3701
Tanzania,TZA,1977,11.1999
Tanzania,TZA,1978,11.0583
Tanzania,TZA,1979,10.9331
Tanzania,TZA,1980,10.8536
Tanzania,TZA,1981,10.7991
Tanzania,TZA,1982,10.7694
Tanzania,TZA,1983,10.7452
Tanzania,TZA,1984,10.7218
Tanzania,TZA,1985,10.6797
Tanzania,TZA,1986,10.622
Tanzania,TZA,1987,10.542
Tanzania,TZA,1988,10.4485
Tanzania,TZA,1989,10.3437
Tanzania,TZA,1990,10.2445
Tanzania,TZA,1991,10.1401
Tanzania,TZA,1992,10.0513
Tanzania,TZA,1993,9.9265
Tanzania,TZA,1994,9.8054
Tanzania,TZA,1995,9.6584
Tanzania,TZA,1996,9.4784
Tanzania,TZA,1997,9.2746
Tanzania,TZA,1998,8.9923
Tanzania,TZA,1999,8.6777
Tanzania,TZA,2000,8.322
Tanzania,TZA,2001,7.9372
Tanzania,TZA,2002,7.5355
Tanzania,TZA,2003,7.1325
Tanzania,TZA,2004,6.7528
Tanzania,TZA,2005,6.3901
Tanzania,TZA,2006,6.0531
Tanzania,TZA,2007,5.7375
Tanzania,TZA,2008,5.4484
Tanzania,TZA,2009,5.1789
Tanzania,TZA,2010,4.9315
Tanzania,TZA,2011,4.7068
Tanzania,TZA,2012,4.5021
Tanzania,TZA,2013,4.3144
Tanzania,TZA,2014,4.1413
Tanzania,TZA,2015,3.9807
Tanzania,TZA,2016,3.8274
Tanzania,TZA,2017,3.6794
Tanzania,TZA,2018,3.5334
Tanzania,TZA,2019,3.3971
Tanzania,TZA,2020,3.2641
Tanzania,TZA,2021,3.1346
Tanzania,TZA,2022,3.0109
Tanzania,TZA,2023,2.8922
Thailand,THA,1950,12.3671
Thailand,THA,1951,12.0733
Thailand,THA,1952,11.7762
Thailand,THA,1953,11.4823
Thailand,THA,1954,11.1931
Thailand,THA,1955,10.9091
Thailand,THA,1956,10.6303
Thailand,THA,1957,10.3562
Thailand,THA,1958,10.0995
Thailand,THA,1959,9.8252
Thailand,THA,1960,9.5558
Thailand,THA,1961,9.2943
Thailand,THA,1962,9.0441
Thailand,THA,1963,8.7784
Thailand,THA,1964,8.5195
Thailand,THA,1965,8.2601
Thailand,THA,1966,7.9998
Thailand,THA,1967,7.7324
Thailand,THA,1968,7.4589
Thailand,THA,1969,7.184
Thailand,THA,1970,6.9096
Thailand,THA,1971,6.6358
Thailand,THA,1972,6.3641
Thailand,THA,1973,6.0987
Thailand,THA,1974,5.8407
Thailand,THA,1975,5.5987
Thailand,THA,1976,5.3575
Thailand,THA,1977,5.1315
Thailand,THA,1978,4.9195
Thailand,THA,1979,4.7111
Thailand,THA,1980,4.5147
Thailand,THA,1981,4.3238
Thailand,THA,1982,4.1422
Thailand,THA,1983,3.968
Thailand,THA,1984,3.7955
Thailand,THA,1985,3.6281
Thailand,THA,1986,3.4647
Thailand,THA,1987,3.3034
Thailand,THA,1988,3.1591
Thailand,THA,1989,2.9946
Thailand,THA,1990,2.8401
Thailand,THA,1991,2.6954
Thailand,THA,1992,2.5558
Thailand,THA,1993,2.4245
Thailand,THA,1994,2.3005
Thailand,THA,1995,2.1845
Thailand,THA,1996,2.0691
Thailand,THA,1997,1.9621
Thailand,THA,1998,1.8588
Thailand,THA,1999,1.7625
Thailand,THA,2000,1.6726
Thailand,THA,2001,1.5866
Thailand,THA,2002,1.5034
Thailand,THA,2003,1.422
Thailand,THA,2004,1.3823
Thailand,THA,2005,1.2783
Thailand,THA,2006,1.2174
Thailand,THA,2007,1.1513
Thailand,THA,2008,1.0948
Thailand,THA,2009,1.0437
Thailand,THA,2010,1.0003
Thailand,THA,2011,0.9662
Thailand,THA,2012,0.9185
Thailand,THA,2013,0.8835
Thailand,THA,2014,0.8506
Thailand,THA,2015,0.8199
Thailand,THA,2016,0.7919
Thailand,THA,2017,0.7664
Thailand,THA,2018,0.7381
Thailand,THA,2019,0.7133
Thailand,THA,2020,0.6891
Thailand,THA,2021,0.6652
Thailand,THA,2022,0.6425
Thailand,THA,2023,0.6204
Togo,TGO,1950,14.0687
Togo,TGO,1951,14.0092
Togo,TGO,1952,13.9556
Togo,TGO,1953,13.901
Togo,TGO,1954,13.8438
Togo,TGO,1955,13.7841
Togo,TGO,1956,13.7226
Togo,TGO,1957,13.657
Togo,TGO,1958,13.5866
Togo,TGO,1959,13.5111
Togo,TGO,1960,13.43
Togo,TGO,1961,13.3433
Togo,TGO,1962,13.2503
Togo,TGO,1963,13.1502
Togo,TGO,1964,13.0422
Togo,TGO,1965,12.9259
Togo,TGO,1966,12.8009
Togo,TGO,1967,12.6669
Togo,TGO,1968,12.5239
Togo,TGO,1969,12.3713
Togo,TGO,1970,12.2118
Togo,TGO,1971,12.048
Togo,TGO,1972,11.874
Togo,TGO,1973,11.6988
Togo,TGO,1974,11.5211
Togo,TGO,1975,11.3389
Togo,TGO,1976,11.1554
Togo,TGO,1977,10.9721
Togo,TGO,1978,10.7872
Togo,TGO,1979,10.6057
Togo,TGO,1980,10.4277
Togo,TGO,1981,10.2535
Togo,TGO,1982,10.0843
Togo,TGO,1983,9.9191
Togo,TGO,1984,9.7598
Togo,TGO,1985,9.61
Togo,TGO,1986,9.4703
Togo,TGO,1987,9.3411
Togo,TGO,1988,9.2261
Togo,TGO,1989,9.1126
Togo,TGO,1990,9.0078
Togo,TGO,1991,8.9118
Togo,TGO,1992,8.805
Togo,TGO,1993,8.6953
Togo,TGO,1994,8.5753
Togo,TGO,1995,8.4458
Togo,TGO,1996,8.3054
Togo,TGO,1997,8.1527
Togo,TGO,1998,8.0033
Togo,TGO,1999,7.822
Togo,TGO,2000,7.6455
Togo,TGO,2001,7.4728
Togo,TGO,2002,7.2889
Togo,TGO,2003,7.1134
Togo,TGO,2004,6.9407
Togo,TGO,2005,6.774
Togo,TGO,2006,6.6047
Togo,TGO,2007,6.4474
Togo,TGO,2008,6.2818
Togo,TGO,2009,6.122
Togo,TGO,2010,5.9678
Togo,TGO,2011,5.8084
Togo,TGO,2012,5.6541
Togo,TGO,2013,5.5013
Togo,TGO,2014,5.351
Togo,TGO,2015,5.2032
Togo,TGO,2016,5.0588
Togo,TGO,2017,4.9177
Togo,TGO,2018,4.7787
Togo,TGO,2019,4.6439
Togo,TGO,2020,4.5137
Togo,TGO,2021,4.3834
Togo,TGO,2022,4.2585
Togo,TGO,2023,4.1355
Tokelau,TKL,1950,5.0735
Tokelau,TKL,1951,4.938
Tokelau,TKL,1952,4.8039
Tokelau,TKL,1953,4.6711
Tokelau,TKL,1954,4.5405
Tokelau,TKL,1955,4.4189
Tokelau,TKL,1956,4.3013
Tokelau,TKL,1957,4.1832
Tokelau,TKL,1958,4.0608
Tokelau,TKL,1959,3.9529
Tokelau,TKL,1960,3.8451
Tokelau,TKL,1961,3.7397
Tokelau,TKL,1962,3.6343
Tokelau,TKL,1963,3.5292
Tokelau,TKL,1964,3.4282
Tokelau,TKL,1965,3.3253
Tokelau,TKL,1966,3.2239
Tokelau,TKL,1967,3.1158
Tokelau,TKL,1968,2.9992
Tokelau,TKL,1969,2.8885
Tokelau,TKL,1970,2.7857
Tokelau,TKL,1971,2.6997
Tokelau,TKL,1972,2.6358
Tokelau,TKL,1973,2.5948
Tokelau,TKL,1974,2.5763
Tokelau,TKL,1975,2.5655
Tokelau,TKL,1976,2.5511
Tokelau,TKL,1977,2.5229
Tokelau,TKL,1978,2.4752
Tokelau,TKL,1979,2.405
Tokelau,TKL,1980,2.3209
Tokelau,TKL,1981,2.2293
Tokelau,TKL,1982,2.1375
Tokelau,TKL,1983,2.0468
Tokelau,TKL,1984,1.9627
Tokelau,TKL,1985,1.8865
Tokelau,TKL,1986,1.8188
Tokelau,TKL,1987,1.7585
Tokelau,TKL,1988,1.7041
Tokelau,TKL,1989,1.6526
Tokelau,TKL,1990,1.6009
Tokelau,TKL,1991,1.5493
Tokelau,TKL,1992,1.4966
Tokelau,TKL,1993,1.4411
Tokelau,TKL,1994,1.3889
Tokelau,TKL,1995,1.3391
Tokelau,TKL,1996,1.2927
Tokelau,TKL,1997,1.2485
Tokelau,TKL,1998,1.2038
Tokelau,TKL,1999,1.1612
Tokelau,TKL,2000,1.1185
Tokelau,TKL,2001,1.0764
Tokelau,TKL,2002,1.034
Tokelau,TKL,2003,0.9976
Tokelau,TKL,2004,0.9583
Tokelau,TKL,2005,0.9219
Tokelau,TKL,2006,0.8854
Tokelau,TKL,2007,0.8483
Tokelau,TKL,2008,0.8093
Tokelau,TKL,2009,0.773
Tokelau,TKL,2010,0.7361
Tokelau,TKL,2011,0.7001
Tokelau,TKL,2012,0.6642
Tokelau,TKL,2013,0.632
Tokelau,TKL,2014,0.6018
Tokelau,TKL,2015,0.5746
Tokelau,TKL,2016,0.5489
Tokelau,TKL,2017,0.5254
Tokelau,TKL,2018,0.5015
Tokelau,TKL,2019,0.4799
Tokelau,TKL,2020,0.4595
Tokelau,TKL,2021,0.4392
Tokelau,TKL,2022,0.4202
Tokelau,TKL,2023,0.402
Tonga,TON,1950,11.6273
Tonga,TON,1951,10.9269
Tonga,TON,1952,10.2537
Tonga,TON,1953,9.6066
Tonga,TON,1954,8.9928
Tonga,TON,1955,8.4243
Tonga,TON,1956,7.9159
Tonga,TON,1957,7.4671
Tonga,TON,1958,7.0848
Tonga,TON,1959,6.7586
Tonga,TON,1960,6.471
Tonga,TON,1961,6.2137
Tonga,TON,1962,5.9451
Tonga,TON,1963,5.6883
Tonga,TON,1964,5.4313
Tonga,TON,1965,5.1749
Tonga,TON,1966,4.9225
Tonga,TON,1967,4.6722
Tonga,TON,1968,4.4237
Tonga,TON,1969,4.1772
Tonga,TON,1970,3.9343
Tonga,TON,1971,3.6968
Tonga,TON,1972,3.4784
Tonga,TON,1973,3.2948
Tonga,TON,1974,3.113
Tonga,TON,1975,2.9694
Tonga,TON,1976,2.8517
Tonga,TON,1977,2.7478
Tonga,TON,1978,2.6482
Tonga,TON,1979,2.5579
Tonga,TON,1980,2.4734
Tonga,TON,1981,2.3928
Tonga,TON,1982,2.3476
Tonga,TON,1983,2.2535
Tonga,TON,1984,2.192
Tonga,TON,1985,2.1331
Tonga,TON,1986,2.0756
Tonga,TON,1987,2.0182
Tonga,TON,1988,1.9606
Tonga,TON,1989,1.9026
Tonga,TON,1990,1.8488
Tonga,TON,1991,1.7884
Tonga,TON,1992,1.7344
Tonga,TON,1993,1.6836
Tonga,TON,1994,1.6365
Tonga,TON,1995,1.5932
Tonga,TON,1996,1.5532
Tonga,TON,1997,1.516
Tonga,TON,1998,1.4801
Tonga,TON,1999,1.4449
Tonga,TON,2000,1.4096
Tonga,TON,2001,1.3796
Tonga,TON,2002,1.3395
Tonga,TON,2003,1.3053
Tonga,TON,2004,1.2721
Tonga,TON,2005,1.2405
Tonga,TON,2006,1.2109
Tonga,TON,2007,1.1836
Tonga,TON,2008,1.1589
Tonga,TON,2009,1.159
Tonga,TON,2010,1.1167
Tonga,TON,2011,1.099
Tonga,TON,2012,1.0829
Tonga,TON,2013,1.0682
Tonga,TON,2014,1.0581
Tonga,TON,2015,1.0412
Tonga,TON,2016,1.0272
Tonga,TON,2017,1.0122
Tonga,TON,2018,0.9957
Tonga,TON,2019,0.9777
Tonga,TON,2020,0.9581
Tonga,TON,2021,0.9375
Tonga,TON,2022,0.9258
Tonga,TON,2023,0.896
Trinidad and Tobago,TTO,1950,7.9128
Trinidad and Tobago,TTO,1951,7.6641
Trinidad and Tobago,TTO,1952,7.418
Trinidad and Tobago,TTO,1953,7.1797
Trinidad and Tobago,TTO,1954,6.9503
Trinidad and Tobago,TTO,1955,6.7289
Trinidad and Tobago,TTO,1956,6.5137
Trinidad and Tobago,TTO,1957,6.3048
Trinidad and Tobago,TTO,1958,6.1021
Trinidad and Tobago,TTO,1959,5.902
Trinidad and Tobago,TTO,1960,5.713
Trinidad and Tobago,TTO,1961,5.533
Trinidad and Tobago,TTO,1962,5.3642
Trinidad and Tobago,TTO,1963,5.2175
Trinidad and Tobago,TTO,1964,5.0641
Trinidad and Tobago,TTO,1965,4.9322
Trinidad and Tobago,TTO,1966,4.8106
Trinidad and Tobago,TTO,1967,4.6992
Trinidad and Tobago,TTO,1968,4.5964
Trinidad and Tobago,TTO,1969,4.4994
Trinidad and Tobago,TTO,1970,4.4053
Trinidad and Tobago,TTO,1971,4.3128
Trinidad and Tobago,TTO,1972,4.2202
Trinidad and Tobago,TTO,1973,4.1258
Trinidad and Tobago,TTO,1974,4.0285
Trinidad and Tobago,TTO,1975,3.926
Trinidad and Tobago,TTO,1976,3.8211
Trinidad and Tobago,TTO,1977,3.7144
Trinidad and Tobago,TTO,1978,3.6066
Trinidad and Tobago,TTO,1979,3.4995
Trinidad and Tobago,TTO,1980,3.3944
Trinidad and Tobago,TTO,1981,3.2921
Trinidad and Tobago,TTO,1982,3.1935
Trinidad and Tobago,TTO,1983,3.1005
Trinidad and Tobago,TTO,1984,3.0135
Trinidad and Tobago,TTO,1985,2.9326
Trinidad and Tobago,TTO,1986,2.8581
Trinidad and Tobago,TTO,1987,2.7909
Trinidad and Tobago,TTO,1988,2.7305
Trinidad and Tobago,TTO,1989,2.6764
Trinidad and Tobago,TTO,1990,2.6307
Trinidad and Tobago,TTO,1991,2.5875
Trinidad and Tobago,TTO,1992,2.552
Trinidad and Tobago,TTO,1993,2.5264
Trinidad and Tobago,TTO,1994,2.4971
Trinidad and Tobago,TTO,1995,2.4764
Trinidad and Tobago,TTO,1996,2.4595
Trinidad and Tobago,TTO,1997,2.445
Trinidad and Tobago,TTO,1998,2.432
Trinidad and Tobago,TTO,1999,2.4182
Trinidad and Tobago,TTO,2000,2.402
Trinidad and Tobago,TTO,2001,2.3813
Trinidad and Tobago,TTO,2002,2.3545
Trinidad and Tobago,TTO,2003,2.3205
Trinidad and Tobago,TTO,2004,2.2804
Trinidad and Tobago,TTO,2005,2.2331
Trinidad and Tobago,TTO,2006,2.1817
Trinidad and Tobago,TTO,2007,2.1264
Trinidad and Tobago,TTO,2008,2.0692
Trinidad and Tobago,TTO,2009,2.0109
Trinidad and Tobago,TTO,2010,1.9527
Trinidad and Tobago,TTO,2011,1.8956
Trinidad and Tobago,TTO,2012,1.8407
Trinidad and Tobago,TTO,2013,1.7876
Trinidad and Tobago,TTO,2014,1.7359
Trinidad and Tobago,TTO,2015,1.6855
Trinidad and Tobago,TTO,2016,1.636
Trinidad and Tobago,TTO,2017,1.5867
Trinidad and Tobago,TTO,2018,1.5634
Trinidad and Tobago,TTO,2019,1.511
Trinidad and Tobago,TTO,2020,1.4619
Trinidad and Tobago,TTO,2021,1.4217
Trinidad and Tobago,TTO,2022,1.3885
Trinidad and Tobago,TTO,2023,1.3516
Tunisia,TUN,1950,18.2973
Tunisia,TUN,1951,18.2085
Tunisia,TUN,1952,18.1207
Tunisia,TUN,1953,18.0255
Tunisia,TUN,1954,17.9177
Tunisia,TUN,1955,17.7923
Tunisia,TUN,1956,17.6458
Tunisia,TUN,1957,17.4812
Tunisia,TUN,1958,17.2933
Tunisia,TUN,1959,17.0794
Tunisia,TUN,1960,16.8353
Tunisia,TUN,1961,16.5541
Tunisia,TUN,1962,16.2429
Tunisia,TUN,1963,15.8761
Tunisia,TUN,1964,15.4853
Tunisia,TUN,1965,15.0406
Tunisia,TUN,1966,14.579
Tunisia,TUN,1967,14.0795
Tunisia,TUN,1968,13.5555
Tunisia,TUN,1969,13.1021
Tunisia,TUN,1970,12.4673
Tunisia,TUN,1971,11.9109
Tunisia,TUN,1972,11.358
Tunisia,TUN,1973,10.8283
Tunisia,TUN,1974,10.2659
Tunisia,TUN,1975,9.7266
Tunisia,TUN,1976,9.1963
Tunisia,TUN,1977,8.682
Tunisia,TUN,1978,8.1909
Tunisia,TUN,1979,7.7256
Tunisia,TUN,1980,7.288
Tunisia,TUN,1981,6.8864
Tunisia,TUN,1982,6.5337
Tunisia,TUN,1983,6.1771
Tunisia,TUN,1984,5.8621
Tunisia,TUN,1985,5.5671
Tunisia,TUN,1986,5.3002
Tunisia,TUN,1987,5.0486
Tunisia,TUN,1988,4.8193
Tunisia,TUN,1989,4.6059
Tunisia,TUN,1990,4.408
Tunisia,TUN,1991,4.2071
Tunisia,TUN,1992,4.0119
Tunisia,TUN,1993,3.8138
Tunisia,TUN,1994,3.6115
Tunisia,TUN,1995,3.4061
Tunisia,TUN,1996,3.1991
Tunisia,TUN,1997,2.9945
Tunisia,TUN,1998,2.7977
Tunisia,TUN,1999,2.6124
Tunisia,TUN,2000,2.4413
Tunisia,TUN,2001,2.2861
Tunisia,TUN,2002,2.1488
Tunisia,TUN,2003,2.029
Tunisia,TUN,2004,1.9233
Tunisia,TUN,2005,1.8346
Tunisia,TUN,2006,1.7607
Tunisia,TUN,2007,1.7024
Tunisia,TUN,2008,1.653
Tunisia,TUN,2009,1.617
Tunisia,TUN,2010,1.5856
Tunisia,TUN,2011,1.5654
Tunisia,TUN,2012,1.5383
Tunisia,TUN,2013,1.514
Tunisia,TUN,2014,1.4843
Tunisia,TUN,2015,1.447
Tunisia,TUN,2016,1.396
Tunisia,TUN,2017,1.3355
Tunisia,TUN,2018,1.2669
Tunisia,TUN,2019,1.1902
Tunisia,TUN,2020,1.1134
Tunisia,TUN,2021,1.0373
Tunisia,TUN,2022,0.9649
Tunisia,TUN,2023,0.8975
Turkey,TUR,1950,19.3369
Turkey,TUR,1951,19.1138
Turkey,TUR,1952,18.8898
Turkey,TUR,1953,18.6764
Turkey,TUR,1954,18.4375
Turkey,TUR,1955,18.2037
Turkey,TUR,1956,17.9646
Turkey,TUR,1957,17.7093
Turkey,TUR,1958,17.4284
Turkey,TUR,1959,17.0898
Turkey,TUR,1960,16.7574
Turkey,TUR,1961,16.3996
Turkey,TUR,1962,16.0233
Turkey,TUR,1963,15.6371
Turkey,TUR,1964,15.2518
Turkey,TUR,1965,14.8765
Turkey,TUR,1966,14.5223
Turkey,TUR,1967,14.1564
Turkey,TUR,1968,13.8189
Turkey,TUR,1969,13.4845
Turkey,TUR,1970,13.1651
Turkey,TUR,1971,12.8374
Turkey,TUR,1972,12.5015
Turkey,TUR,1973,12.163
Turkey,TUR,1974,11.8164
Turkey,TUR,1975,11.472
Turkey,TUR,1976,11.1126
Turkey,TUR,1977,10.7127
Turkey,TUR,1978,10.3276
Turkey,TUR,1979,9.9394
Turkey,TUR,1980,9.5494
Turkey,TUR,1981,9.1542
Turkey,TUR,1982,8.7602
Turkey,TUR,1983,8.3764
Turkey,TUR,1984,7.9856
Turkey,TUR,1985,7.605
Turkey,TUR,1986,7.2356
Turkey,TUR,1987,6.8781
Turkey,TUR,1988,6.5339
Turkey,TUR,1989,6.1986
Turkey,TUR,1990,5.8731
Turkey,TUR,1991,5.5533
Turkey,TUR,1992,5.2446
Turkey,TUR,1993,4.9377
Turkey,TUR,1994,4.643
Turkey,TUR,1995,4.3602
Turkey,TUR,1996,4.0846
Turkey,TUR,1997,3.8236
Turkey,TUR,1998,3.577
Turkey,TUR,1999,3.4108
Turkey,TUR,2000,3.1116
Turkey,TUR,2001,2.8975
Turkey,TUR,2002,2.6955
Turkey,TUR,2003,2.5063
Turkey,TUR,2004,2.3293
Turkey,TUR,2005,2.165
Turkey,TUR,2006,2.0147
Turkey,TUR,2007,1.8752
Turkey,TUR,2008,1.7472
Turkey,TUR,2009,1.632
Turkey,TUR,2010,1.5264
Turkey,TUR,2011,1.4337
Turkey,TUR,2012,1.3473
Turkey,TUR,2013,1.2695
Turkey,TUR,2014,1.2005
Turkey,TUR,2015,1.1381
Turkey,TUR,2016,1.0807
Turkey,TUR,2017,1.0288
Turkey,TUR,2018,0.9814
Turkey,TUR,2019,0.9379
Turkey,TUR,2020,0.896
Turkey,TUR,2021,0.8548
Turkey,TUR,2022,0.8152
Turkey,TUR,2023,0.9163
Turkmenistan,TKM,1950,14.0412
Turkmenistan,TKM,1951,13.8304
Turkmenistan,TKM,1952,13.6273
Turkmenistan,TKM,1953,13.4238
Turkmenistan,TKM,1954,13.2177
Turkmenistan,TKM,1955,13.0095
Turkmenistan,TKM,1956,12.799
Turkmenistan,TKM,1957,12.5867
Turkmenistan,TKM,1958,12.3733
Turkmenistan,TKM,1959,12.1589
Turkmenistan,TKM,1960,11.9443
Turkmenistan,TKM,1961,11.7299
Turkmenistan,TKM,1962,11.5158
Turkmenistan,TKM,1963,11.3026
Turkmenistan,TKM,1964,11.0908
Turkmenistan,TKM,1965,10.8808
Turkmenistan,TKM,1966,10.6736
Turkmenistan,TKM,1967,10.4698
Turkmenistan,TKM,1968,10.2701
Turkmenistan,TKM,1969,10.075
Turkmenistan,TKM,1970,9.8847
Turkmenistan,TKM,1971,9.6995
Turkmenistan,TKM,1972,9.5184
Turkmenistan,TKM,1973,9.341
Turkmenistan,TKM,1974,9.1658
Turkmenistan,TKM,1975,8.9916
Turkmenistan,TKM,1976,8.817
Turkmenistan,TKM,1977,8.6409
Turkmenistan,TKM,1978,8.4621
Turkmenistan,TKM,1979,8.28
Turkmenistan,TKM,1980,8.0937
Turkmenistan,TKM,1981,7.9041
Turkmenistan,TKM,1982,7.7041
Turkmenistan,TKM,1983,7.4933
Turkmenistan,TKM,1984,7.274
Turkmenistan,TKM,1985,7.0474
Turkmenistan,TKM,1986,6.8224
Turkmenistan,TKM,1987,6.6067
Turkmenistan,TKM,1988,6.4142
Turkmenistan,TKM,1989,6.2555
Turkmenistan,TKM,1990,6.1381
Turkmenistan,TKM,1991,6.0645
Turkmenistan,TKM,1992,6.0254
Turkmenistan,TKM,1993,6.0082
Turkmenistan,TKM,1994,5.9957
Turkmenistan,TKM,1995,5.9701
Turkmenistan,TKM,1996,5.9155
Turkmenistan,TKM,1997,5.821
Turkmenistan,TKM,1998,5.6828
Turkmenistan,TKM,1999,5.5036
Turkmenistan,TKM,2000,5.2928
Turkmenistan,TKM,2001,5.0596
Turkmenistan,TKM,2002,4.8184
Turkmenistan,TKM,2003,4.5806
Turkmenistan,TKM,2004,4.3552
Turkmenistan,TKM,2005,4.1489
Turkmenistan,TKM,2006,3.9663
Turkmenistan,TKM,2007,3.8101
Turkmenistan,TKM,2008,3.6809
Turkmenistan,TKM,2009,3.5784
Turkmenistan,TKM,2010,3.5019
Turkmenistan,TKM,2011,3.4489
Turkmenistan,TKM,2012,3.4171
Turkmenistan,TKM,2013,3.4035
Turkmenistan,TKM,2014,3.4035
Turkmenistan,TKM,2015,3.4111
Turkmenistan,TKM,2016,3.4197
Turkmenistan,TKM,2017,3.4225
Turkmenistan,TKM,2018,3.4134
Turkmenistan,TKM,2019,3.3887
Turkmenistan,TKM,2020,3.3482
Turkmenistan,TKM,2021,3.2958
Turkmenistan,TKM,2022,3.236
Turkmenistan,TKM,2023,3.1771
Turks and Caicos Islands,TCA,1950,13.3121
Turks and Caicos Islands,TCA,1951,12.8823
Turks and Caicos Islands,TCA,1952,12.4611
Turks and Caicos Islands,TCA,1953,12.0468
Turks and Caicos Islands,TCA,1954,11.6412
Turks and Caicos Islands,TCA,1955,11.2652
Turks and Caicos Islands,TCA,1956,10.9027
Turks and Caicos Islands,TCA,1957,10.5495
Turks and Caicos Islands,TCA,1958,10.1924
Turks and Caicos Islands,TCA,1959,9.8282
Turks and Caicos Islands,TCA,1960,9.4616
Turks and Caicos Islands,TCA,1961,9.0662
Turks and Caicos Islands,TCA,1962,8.6458
Turks and Caicos Islands,TCA,1963,8.2102
Turks and Caicos Islands,TCA,1964,7.7727
Turks and Caicos Islands,TCA,1965,7.3303
Turks and Caicos Islands,TCA,1966,6.9017
Turks and Caicos Islands,TCA,1967,6.4923
Turks and Caicos Islands,TCA,1968,6.1028
Turks and Caicos Islands,TCA,1969,5.7316
Turks and Caicos Islands,TCA,1970,5.3808
Turks and Caicos Islands,TCA,1971,5.0499
Turks and Caicos Islands,TCA,1972,4.7556
Turks and Caicos Islands,TCA,1973,4.4676
Turks and Caicos Islands,TCA,1974,4.1967
Turks and Caicos Islands,TCA,1975,3.9395
Turks and Caicos Islands,TCA,1976,3.6988
Turks and Caicos Islands,TCA,1977,3.4723
Turks and Caicos Islands,TCA,1978,3.2585
Turks and Caicos Islands,TCA,1979,3.0575
Turks and Caicos Islands,TCA,1980,2.8674
Turks and Caicos Islands,TCA,1981,2.6928
Turks and Caicos Islands,TCA,1982,2.5285
Turks and Caicos Islands,TCA,1983,2.3731
Turks and Caicos Islands,TCA,1984,2.2278
Turks and Caicos Islands,TCA,1985,2.0922
Turks and Caicos Islands,TCA,1986,1.9655
Turks and Caicos Islands,TCA,1987,1.8472
Turks and Caicos Islands,TCA,1988,1.7365
Turks and Caicos Islands,TCA,1989,1.6336
Turks and Caicos Islands,TCA,1990,1.538
Turks and Caicos Islands,TCA,1991,1.4489
Turks and Caicos Islands,TCA,1992,1.3665
Turks and Caicos Islands,TCA,1993,1.2897
Turks and Caicos Islands,TCA,1994,1.218
Turks and Caicos Islands,TCA,1995,1.1514
Turks and Caicos Islands,TCA,1996,1.0893
Turks and Caicos Islands,TCA,1997,1.0316
Turks and Caicos Islands,TCA,1998,0.9787
Turks and Caicos Islands,TCA,1999,0.93
Turks and Caicos Islands,TCA,2000,0.8855
Turks and Caicos Islands,TCA,2001,0.8452
Turks and Caicos Islands,TCA,2002,0.8084
Turks and Caicos Islands,TCA,2003,0.774
Turks and Caicos Islands,TCA,2004,0.7447
Turks and Caicos Islands,TCA,2005,0.7191
Turks and Caicos Islands,TCA,2006,0.6968
Turks and Caicos Islands,TCA,2007,0.6775
Turks and Caicos Islands,TCA,2008,0.7241
Turks and Caicos Islands,TCA,2009,0.645
Turks and Caicos Islands,TCA,2010,0.631
Turks and Caicos Islands,TCA,2011,0.6176
Turks and Caicos Islands,TCA,2012,0.605
Turks and Caicos Islands,TCA,2013,0.5934
Turks and Caicos Islands,TCA,2014,0.5815
Turks and Caicos Islands,TCA,2015,0.5699
Turks and Caicos Islands,TCA,2016,0.5584
Turks and Caicos Islands,TCA,2017,0.5469
Turks and Caicos Islands,TCA,2018,0.5353
Turks and Caicos Islands,TCA,2019,0.5236
Turks and Caicos Islands,TCA,2020,0.5119
Turks and Caicos Islands,TCA,2021,0.5049
Turks and Caicos Islands,TCA,2022,0.4886
Turks and Caicos Islands,TCA,2023,0.4773
Tuvalu,TUV,1950,15.8587
Tuvalu,TUV,1951,15.4626
Tuvalu,TUV,1952,15.068
Tuvalu,TUV,1953,14.6671
Tuvalu,TUV,1954,14.2567
Tuvalu,TUV,1955,13.8397
Tuvalu,TUV,1956,13.4191
Tuvalu,TUV,1957,13.0059
Tuvalu,TUV,1958,12.6011
Tuvalu,TUV,1959,12.2049
Tuvalu,TUV,1960,11.8114
Tuvalu,TUV,1961,11.4284
Tuvalu,TUV,1962,11.0461
Tuvalu,TUV,1963,10.6633
Tuvalu,TUV,1964,10.2803
Tuvalu,TUV,1965,9.8995
Tuvalu,TUV,1966,9.5191
Tuvalu,TUV,1967,9.1444
Tuvalu,TUV,1968,8.7734
Tuvalu,TUV,1969,8.4044
Tuvalu,TUV,1970,8.0225
Tuvalu,TUV,1971,7.6535
Tuvalu,TUV,1972,7.6433
Tuvalu,TUV,1973,6.9364
Tuvalu,TUV,1974,6.5972
Tuvalu,TUV,1975,6.2611
Tuvalu,TUV,1976,5.9624
Tuvalu,TUV,1977,5.6894
Tuvalu,TUV,1978,5.4448
Tuvalu,TUV,1979,5.2279
Tuvalu,TUV,1980,5.0323
Tuvalu,TUV,1981,4.8671
Tuvalu,TUV,1982,4.7252
Tuvalu,TUV,1983,4.6054
Tuvalu,TUV,1984,4.5063
Tuvalu,TUV,1985,4.4259
Tuvalu,TUV,1986,4.3628
Tuvalu,TUV,1987,4.3116
Tuvalu,TUV,1988,4.2678
Tuvalu,TUV,1989,4.2264
Tuvalu,TUV,1990,4.1829
Tuvalu,TUV,1991,4.1325
Tuvalu,TUV,1992,4.2823
Tuvalu,TUV,1993,4.0105
Tuvalu,TUV,1994,3.9368
Tuvalu,TUV,1995,3.854
Tuvalu,TUV,1996,3.7639
Tuvalu,TUV,1997,3.6696
Tuvalu,TUV,1998,3.5747
Tuvalu,TUV,1999,3.4829
Tuvalu,TUV,2000,3.3961
Tuvalu,TUV,2001,3.3159
Tuvalu,TUV,2002,3.2408
Tuvalu,TUV,2003,3.1668
Tuvalu,TUV,2004,3.0879
Tuvalu,TUV,2005,3.0069
Tuvalu,TUV,2006,2.9195
Tuvalu,TUV,2007,2.8261
Tuvalu,TUV,2008,2.7281
Tuvalu,TUV,2009,2.6285
Tuvalu,TUV,2010,2.5301
Tuvalu,TUV,2011,2.4352
Tuvalu,TUV,2012,2.3453
Tuvalu,TUV,2013,2.2606
Tuvalu,TUV,2014,2.1814
Tuvalu,TUV,2015,2.1066
Tuvalu,TUV,2016,2.0354
Tuvalu,TUV,2017,1.967
Tuvalu,TUV,2018,1.9013
Tuvalu,TUV,2019,1.8367
Tuvalu,TUV,2020,1.777
Tuvalu,TUV,2021,1.7204
Tuvalu,TUV,2022,1.6664
Tuvalu,TUV,2023,1.6121
Uganda,UGA,1950,14.019
Uganda,UGA,1951,13.8247
Uganda,UGA,1952,13.636
Uganda,UGA,1953,13.4495
Uganda,UGA,1954,13.2695
Uganda,UGA,1955,13.0975
Uganda,UGA,1956,12.9313
Uganda,UGA,1957,12.7714
Uganda,UGA,1958,12.6166
Uganda,UGA,1959,12.4645
Uganda,UGA,1960,12.3064
Uganda,UGA,1961,12.1613
Uganda,UGA,1962,12.0212
Uganda,UGA,1963,11.8853
Uganda,UGA,1964,11.7552
Uganda,UGA,1965,11.6289
Uganda,UGA,1966,11.5384
Uganda,UGA,1967,11.3983
Uganda,UGA,1968,11.3016
Uganda,UGA,1969,11.2277
Uganda,UGA,1970,11.1851
Uganda,UGA,1971,11.5451
Uganda,UGA,1972,11.564
Uganda,UGA,1973,11.3901
Uganda,UGA,1974,11.7251
Uganda,UGA,1975,11.6157
Uganda,UGA,1976,11.7499
Uganda,UGA,1977,11.8788
Uganda,UGA,1978,12.1587
Uganda,UGA,1979,12.2159
Uganda,UGA,1980,12.7417
Uganda,UGA,1981,12.675
Uganda,UGA,1982,12.1128
Uganda,UGA,1983,11.9637
Uganda,UGA,1984,11.7964
Uganda,UGA,1985,11.3651
Uganda,UGA,1986,11.2129
Uganda,UGA,1987,11.0547
Uganda,UGA,1988,10.92
Uganda,UGA,1989,10.7872
Uganda,UGA,1990,10.655
Uganda,UGA,1991,10.4927
Uganda,UGA,1992,10.3427
Uganda,UGA,1993,10.194
Uganda,UGA,1994,10.052
Uganda,UGA,1995,9.9187
Uganda,UGA,1996,9.7881
Uganda,UGA,1997,9.6311
Uganda,UGA,1998,9.447
Uganda,UGA,1999,9.2014
Uganda,UGA,2000,8.9162
Uganda,UGA,2001,8.5863
Uganda,UGA,2002,8.2136
Uganda,UGA,2003,7.8589
Uganda,UGA,2004,7.4388
Uganda,UGA,2005,7.0319
Uganda,UGA,2006,6.6417
Uganda,UGA,2007,6.2688
Uganda,UGA,2008,5.9184
Uganda,UGA,2009,5.5836
Uganda,UGA,2010,5.2744
Uganda,UGA,2011,4.9771
Uganda,UGA,2012,4.7022
Uganda,UGA,2013,4.4476
Uganda,UGA,2014,4.2161
Uganda,UGA,2015,4.0046
Uganda,UGA,2016,3.812
Uganda,UGA,2017,3.6388
Uganda,UGA,2018,3.4826
Uganda,UGA,2019,3.3433
Uganda,UGA,2020,3.2122
Uganda,UGA,2021,3.0956
Uganda,UGA,2022,3.0331
Uganda,UGA,2023,2.8805
Ukraine,UKR,1950,7.951
Ukraine,UKR,1951,7.8011
Ukraine,UKR,1952,7.4805
Ukraine,UKR,1953,7.0727
Ukraine,UKR,1954,6.4796
Ukraine,UKR,1955,5.9778
Ukraine,UKR,1956,5.2595
Ukraine,UKR,1957,4.6458
Ukraine,UKR,1958,4.1768
Ukraine,UKR,1959,3.5833
Ukraine,UKR,1960,3.0481
Ukraine,UKR,1961,2.6424
Ukraine,UKR,1962,2.4478
Ukraine,UKR,1963,2.3382
Ukraine,UKR,1964,2.1665
Ukraine,UKR,1965,2.0085
Ukraine,UKR,1966,1.897
Ukraine,UKR,1967,1.8447
Ukraine,UKR,1968,1.8397
Ukraine,UKR,1969,1.8093
Ukraine,UKR,1970,1.7243
Ukraine,UKR,1971,1.6506
Ukraine,UKR,1972,1.6199
Ukraine,UKR,1973,1.7139
Ukraine,UKR,1974,1.7863
Ukraine,UKR,1975,1.8869
Ukraine,UKR,1976,1.8912
Ukraine,UKR,1977,1.8684
Ukraine,UKR,1978,1.7981
Ukraine,UKR,1979,1.7313
Ukraine,UKR,1980,1.6589
Ukraine,UKR,1981,1.6206
Ukraine,UKR,1982,1.5976
Ukraine,UKR,1983,1.5873
Ukraine,UKR,1984,1.5607
Ukraine,UKR,1985,1.5246
Ukraine,UKR,1986,1.4792
Ukraine,UKR,1987,1.4433
Ukraine,UKR,1988,1.3718
Ukraine,UKR,1989,1.315
Ukraine,UKR,1990,1.2941
Ukraine,UKR,1991,1.3299
Ukraine,UKR,1992,1.3909
Ukraine,UKR,1993,1.4086
Ukraine,UKR,1994,1.4408
Ukraine,UKR,1995,1.4336
Ukraine,UKR,1996,1.4205
Ukraine,UKR,1997,1.3523
Ukraine,UKR,1998,1.2991
Ukraine,UKR,1999,1.2388
Ukraine,UKR,2000,1.2115
Ukraine,UKR,2001,1.1598
Ukraine,UKR,2002,1.0844
Ukraine,UKR,2003,1.0103
Ukraine,UKR,2004,0.9767
Ukraine,UKR,2005,0.9881
Ukraine,UKR,2006,1.0369
Ukraine,UKR,2007,1.0476
Ukraine,UKR,2008,1.0218
Ukraine,UKR,2009,0.955
Ukraine,UKR,2010,0.9121
Ukraine,UKR,2011,0.8867
Ukraine,UKR,2012,0.8478
Ukraine,UKR,2013,0.7904
Ukraine,UKR,2014,0.7679
Ukraine,UKR,2015,0.7435
Ukraine,UKR,2016,0.7391
Ukraine,UKR,2017,0.7316
Ukraine,UKR,2018,0.6845
Ukraine,UKR,2019,0.6524
Ukraine,UKR,2020,0.6065
Ukraine,UKR,2021,0.5367
Ukraine,UKR,2022,0.6089
Ukraine,UKR,2023,0.5893
United Arab Emirates,ARE,1950,17.3238
United Arab Emirates,ARE,1951,16.9539
United Arab Emirates,ARE,1952,16.5773
United Arab Emirates,ARE,1953,16.1892
United Arab Emirates,ARE,1954,15.7859
United Arab Emirates,ARE,1955,15.3643
United Arab Emirates,ARE,1956,14.9234
United Arab Emirates,ARE,1957,14.4622
United Arab Emirates,ARE,1958,13.9823
United Arab Emirates,ARE,1959,13.4831
United Arab Emirates,ARE,1960,12.9655
United Arab Emirates,ARE,1961,12.4344
United Arab Emirates,ARE,1962,11.8899
United Arab Emirates,ARE,1963,11.3307
United Arab Emirates,ARE,1964,10.7568
United Arab Emirates,ARE,1965,10.1688
United Arab Emirates,ARE,1966,9.5609
United Arab Emirates,ARE,1967,8.9511
United Arab Emirates,ARE,1968,8.3394
United Arab Emirates,ARE,1969,7.7244
United Arab Emirates,ARE,1970,7.123
United Arab Emirates,ARE,1971,6.5548
United Arab Emirates,ARE,1972,6.0138
United Arab Emirates,ARE,1973,5.5041
United Arab Emirates,ARE,1974,5.0275
United Arab Emirates,ARE,1975,4.5841
United Arab Emirates,ARE,1976,4.1735
United Arab Emirates,ARE,1977,3.7881
United Arab Emirates,ARE,1978,3.4403
United Arab Emirates,ARE,1979,3.1246
United Arab Emirates,ARE,1980,2.8407
United Arab Emirates,ARE,1981,2.5878
United Arab Emirates,ARE,1982,2.365
United Arab Emirates,ARE,1983,2.1726
United Arab Emirates,ARE,1984,2.0054
United Arab Emirates,ARE,1985,1.8601
United Arab Emirates,ARE,1986,1.734
United Arab Emirates,ARE,1987,1.6225
United Arab Emirates,ARE,1988,1.525
United Arab Emirates,ARE,1989,1.4383
United Arab Emirates,ARE,1990,1.3609
United Arab Emirates,ARE,1991,1.2917
United Arab Emirates,ARE,1992,1.2298
United Arab Emirates,ARE,1993,1.1742
United Arab Emirates,ARE,1994,1.1246
United Arab Emirates,ARE,1995,1.0819
United Arab Emirates,ARE,1996,1.0425
United Arab Emirates,ARE,1997,1.0064
United Arab Emirates,ARE,1998,0.9743
United Arab Emirates,ARE,1999,0.9457
United Arab Emirates,ARE,2000,0.9192
United Arab Emirates,ARE,2001,0.8944
United Arab Emirates,ARE,2002,0.8674
United Arab Emirates,ARE,2003,0.8423
United Arab Emirates,ARE,2004,0.8186
United Arab Emirates,ARE,2005,0.8005
United Arab Emirates,ARE,2006,0.7846
United Arab Emirates,ARE,2007,0.7663
United Arab Emirates,ARE,2008,0.7468
United Arab Emirates,ARE,2009,0.7271
United Arab Emirates,ARE,2010,0.7075
United Arab Emirates,ARE,2011,0.6883
United Arab Emirates,ARE,2012,0.6701
United Arab Emirates,ARE,2013,0.6527
United Arab Emirates,ARE,2014,0.6361
United Arab Emirates,ARE,2015,0.6198
United Arab Emirates,ARE,2016,0.6034
United Arab Emirates,ARE,2017,0.5867
United Arab Emirates,ARE,2018,0.5697
United Arab Emirates,ARE,2019,0.5526
United Arab Emirates,ARE,2020,0.5355
United Arab Emirates,ARE,2021,0.5187
United Arab Emirates,ARE,2022,0.5023
United Arab Emirates,ARE,2023,0.4864
United Kingdom,GBR,1950,3.0099
United Kingdom,GBR,1951,3.0377
United Kingdom,GBR,1952,2.8906
United Kingdom,GBR,1953,2.7742
United Kingdom,GBR,1954,2.6147
United Kingdom,GBR,1955,2.5771
United Kingdom,GBR,1956,2.4793
United Kingdom,GBR,1957,2.4325
United Kingdom,GBR,1958,2.3515
United Kingdom,GBR,1959,2.3012
United Kingdom,GBR,1960,2.3081
United Kingdom,GBR,1961,2.2375
United Kingdom,GBR,1962,2.2652
United Kingdom,GBR,1963,2.1927
United Kingdom,GBR,1964,2.1052
United Kingdom,GBR,1965,1.9698
United Kingdom,GBR,1966,1.9601
United Kingdom,GBR,1967,1.8628
United Kingdom,GBR,1968,1.8737
United Kingdom,GBR,1969,1.8244
United Kingdom,GBR,1970,1.8498
United Kingdom,GBR,1971,1.7834
United Kingdom,GBR,1972,1.7039
United Kingdom,GBR,1973,1.6665
United Kingdom,GBR,1974,1.641
United Kingdom,GBR,1975,1.5579
United Kingdom,GBR,1976,1.4244
United Kingdom,GBR,1977,1.4082
United Kingdom,GBR,1978,1.3619
United Kingdom,GBR,1979,1.3205
United Kingdom,GBR,1980,1.2363
United Kingdom,GBR,1981,1.1105
United Kingdom,GBR,1982,1.0911
United Kingdom,GBR,1983,1.0192
United Kingdom,GBR,1984,0.9681
United Kingdom,GBR,1985,0.9404
United Kingdom,GBR,1986,0.9511
United Kingdom,GBR,1987,0.9236
United Kingdom,GBR,1988,0.9024
United Kingdom,GBR,1989,0.8424
United Kingdom,GBR,1990,0.8038
United Kingdom,GBR,1991,0.7347
United Kingdom,GBR,1992,0.6528
United Kingdom,GBR,1993,0.6328
United Kingdom,GBR,1994,0.6131
United Kingdom,GBR,1995,0.6141
United Kingdom,GBR,1996,0.6166
United Kingdom,GBR,1997,0.579
United Kingdom,GBR,1998,0.5678
United Kingdom,GBR,1999,0.5739
United Kingdom,GBR,2000,0.5526
United Kingdom,GBR,2001,0.5456
United Kingdom,GBR,2002,0.5244
United Kingdom,GBR,2003,0.538
United Kingdom,GBR,2004,0.5115
United Kingdom,GBR,2005,0.5102
United Kingdom,GBR,2006,0.5063
United Kingdom,GBR,2007,0.4902
United Kingdom,GBR,2008,0.4758
United Kingdom,GBR,2009,0.4678
United Kingdom,GBR,2010,0.4411
United Kingdom,GBR,2011,0.4334
United Kingdom,GBR,2012,0.4128
United Kingdom,GBR,2013,0.3843
United Kingdom,GBR,2014,0.3844
United Kingdom,GBR,2015,0.3871
United Kingdom,GBR,2016,0.3845
United Kingdom,GBR,2017,0.3881
United Kingdom,GBR,2018,0.3791
United Kingdom,GBR,2019,0.3898
United Kingdom,GBR,2020,0.3692
United Kingdom,GBR,2021,0.3872
United Kingdom,GBR,2022,0.3824
United Kingdom,GBR,2023,0.3703
United States,USA,1950,3.1698
United States,USA,1951,3.1445
United States,USA,1952,3.1225
United States,USA,1953,2.989
United States,USA,1954,2.8502
United States,USA,1955,2.776
United States,USA,1956,2.7337
United States,USA,1957,2.7376
United States,USA,1958,2.7366
United States,USA,1959,2.6721
United States,USA,1960,2.6367
United States,USA,1961,2.535
United States,USA,1962,2.5186
United States,USA,1963,2.5105
United States,USA,1964,2.4818
United States,USA,1965,2.4076
United States,USA,1966,2.3376
United States,USA,1967,2.2318
United States,USA,1968,2.2098
United States,USA,1969,2.1405
United States,USA,1970,2.0883
United States,USA,1971,1.8797
United States,USA,1972,1.7822
United States,USA,1973,1.7288
United States,USA,1974,1.6843
United States,USA,1975,1.5866
United States,USA,1976,1.5121
United States,USA,1977,1.4168
United States,USA,1978,1.3637
United States,USA,1979,1.3114
United States,USA,1980,1.2702
United States,USA,1981,1.1871
United States,USA,1982,1.1519
United States,USA,1983,1.1046
United States,USA,1984,1.0888
United States,USA,1985,1.0805
United States,USA,1986,1.0409
United States,USA,1987,1.0255
United States,USA,1988,1.0234
United States,USA,1989,1.0277
United States,USA,1990,0.9679
United States,USA,1991,0.921
United States,USA,1992,0.8705
United States,USA,1993,0.8523
United States,USA,1994,0.821
United States,USA,1995,0.7765
United States,USA,1996,0.7552
United States,USA,1997,0.7419
United States,USA,1998,0.7481
United States,USA,1999,0.7305
United States,USA,2000,0.7176
United States,USA,2001,0.6904
United States,USA,2002,0.7023
United States,USA,2003,0.7001
United States,USA,2004,0.694
United States,USA,2005,0.7039
United States,USA,2006,0.6998
United States,USA,2007,0.7013
United States,USA,2008,0.6765
United States,USA,2009,0.6533
United States,USA,2010,0.6185
United States,USA,2011,0.6036
United States,USA,2012,0.5981
United States,USA,2013,0.5918
United States,USA,2014,0.5832
United States,USA,2015,0.5867
United States,USA,2016,0.5832
United States,USA,2017,0.5714
United States,USA,2018,0.5571
United States,USA,2019,0.5535
United States,USA,2020,0.5266
United States,USA,2021,0.5538
United States,USA,2022,0.5406
United States,USA,2023,0.5282
United States Virgin Islands,VIR,1950,6.033
United States Virgin Islands,VIR,1951,5.7859
United States Virgin Islands,VIR,1952,5.551
United States Virgin Islands,VIR,1953,5.3333
United States Virgin Islands,VIR,1954,5.1362
United States Virgin Islands,VIR,1955,4.9498
United States Virgin Islands,VIR,1956,4.7524
United States Virgin Islands,VIR,1957,4.5532
United States Virgin Islands,VIR,1958,4.3691
United States Virgin Islands,VIR,1959,4.2
United States Virgin Islands,VIR,1960,4.0363
United States Virgin Islands,VIR,1961,3.8613
United States Virgin Islands,VIR,1962,3.7029
United States Virgin Islands,VIR,1963,3.5619
United States Virgin Islands,VIR,1964,3.4285
United States Virgin Islands,VIR,1965,3.2991
United States Virgin Islands,VIR,1966,3.1806
United States Virgin Islands,VIR,1967,3.0598
United States Virgin Islands,VIR,1968,2.9538
United States Virgin Islands,VIR,1969,2.8608
United States Virgin Islands,VIR,1970,2.7793
United States Virgin Islands,VIR,1971,2.7084
United States Virgin Islands,VIR,1972,2.6464
United States Virgin Islands,VIR,1973,2.5867
United States Virgin Islands,VIR,1974,2.5307
United States Virgin Islands,VIR,1975,2.4823
United States Virgin Islands,VIR,1976,2.4391
United States Virgin Islands,VIR,1977,2.3988
United States Virgin Islands,VIR,1978,2.3576
United States Virgin Islands,VIR,1979,2.3138
United States Virgin Islands,VIR,1980,2.2662
United States Virgin Islands,VIR,1981,2.2056
United States Virgin Islands,VIR,1982,2.1347
United States Virgin Islands,VIR,1983,2.0612
United States Virgin Islands,VIR,1984,1.9883
United States Virgin Islands,VIR,1985,1.9069
United States Virgin Islands,VIR,1986,1.8293
United States Virgin Islands,VIR,1987,1.7563
United States Virgin Islands,VIR,1988,1.6878
United States Virgin Islands,VIR,1989,1.6232
United States Virgin Islands,VIR,1990,1.5628
United States Virgin Islands,VIR,1991,1.4919
United States Virgin Islands,VIR,1992,1.4167
United States Virgin Islands,VIR,1993,1.3472
United States Virgin Islands,VIR,1994,1.2829
United States Virgin Islands,VIR,1995,1.2491
United States Virgin Islands,VIR,1996,1.1661
United States Virgin Islands,VIR,1997,1.1117
United States Virgin Islands,VIR,1998,1.0596
United States Virgin Islands,VIR,1999,1.0223
United States Virgin Islands,VIR,2000,0.9759
United States Virgin Islands,VIR,2001,0.9529
United States Virgin Islands,VIR,2002,0.9416
United States Virgin Islands,VIR,2003,0.9392
United States Virgin Islands,VIR,2004,0.9419
United States Virgin Islands,VIR,2005,0.9445
United States Virgin Islands,VIR,2006,0.9416
United States Virgin Islands,VIR,2007,0.9298
United States Virgin Islands,VIR,2008,0.908
United States Virgin Islands,VIR,2009,0.8753
United States Virgin Islands,VIR,2010,0.8395
United States Virgin Islands,VIR,2011,0.804
United States Virgin Islands,VIR,2012,0.7712
United States Virgin Islands,VIR,2013,0.7368
United States Virgin Islands,VIR,2014,0.7054
United States Virgin Islands,VIR,2015,0.6763
United States Virgin Islands,VIR,2016,0.6486
United States Virgin Islands,VIR,2017,0.6475
United States Virgin Islands,VIR,2018,0.6003
United States Virgin Islands,VIR,2019,0.5762
United States Virgin Islands,VIR,2020,0.5531
United States Virgin Islands,VIR,2021,0.5368
United States Virgin Islands,VIR,2022,0.5153
United States Virgin Islands,VIR,2023,0.4946
Upper-middle-income countries,OWID_UMC,1950,13.4401
Upper-middle-income countries,OWID_UMC,1951,13.2498
Upper-middle-income countries,OWID_UMC,1952,12.8421
Upper-middle-income countries,OWID_UMC,1953,12.5427
Upper-middle-income countries,OWID_UMC,1954,12.3408
Upper-middle-income countries,OWID_UMC,1955,11.9769
Upper-middle-income countries,OWID_UMC,1956,11.564
Upper-middle-income countries,OWID_UMC,1957,11.3114
Upper-middle-income countries,OWID_UMC,1958,11.0377
Upper-middle-income countries,OWID_UMC,1959,13.3492
Upper-middle-income countries,OWID_UMC,1960,15.207
Upper-middle-income countries,OWID_UMC,1961,12.8343
Upper-middle-income countries,OWID_UMC,1962,10.1313
Upper-middle-income countries,OWID_UMC,1963,9.8756
Upper-middle-income countries,OWID_UMC,1964,9.6618
Upper-middle-income countries,OWID_UMC,1965,9.5409
Upper-middle-income countries,OWID_UMC,1966,9.2236
Upper-middle-income countries,OWID_UMC,1967,8.9889
Upper-middle-income countries,OWID_UMC,1968,8.7221
Upper-middle-income countries,OWID_UMC,1969,8.452
Upper-middle-income countries,OWID_UMC,1970,8.1791
Upper-middle-income countries,OWID_UMC,1971,7.8788
Upper-middle-income countries,OWID_UMC,1972,7.6086
Upper-middle-income countries,OWID_UMC,1973,7.3404
Upper-middle-income countries,OWID_UMC,1974,7.081
Upper-middle-income countries,OWID_UMC,1975,6.8536
Upper-middle-income countries,OWID_UMC,1976,6.6439
Upper-middle-income countries,OWID_UMC,1977,6.3866
Upper-middle-income countries,OWID_UMC,1978,6.1616
Upper-middle-income countries,OWID_UMC,1979,5.923
Upper-middle-income countries,OWID_UMC,1980,5.7009
Upper-middle-income countries,OWID_UMC,1981,5.4836
Upper-middle-income countries,OWID_UMC,1982,5.2707
Upper-middle-income countries,OWID_UMC,1983,5.118
Upper-middle-income countries,OWID_UMC,1984,4.966
Upper-middle-income countries,OWID_UMC,1985,4.8142
Upper-middle-income countries,OWID_UMC,1986,4.6549
Upper-middle-income countries,OWID_UMC,1987,4.5289
Upper-middle-income countries,OWID_UMC,1988,4.4444
Upper-middle-income countries,OWID_UMC,1989,4.347
Upper-middle-income countries,OWID_UMC,1990,4.2414
Upper-middle-income countries,OWID_UMC,1991,4.1533
Upper-middle-income countries,OWID_UMC,1992,4.0454
Upper-middle-income countries,OWID_UMC,1993,3.9392
Upper-middle-income countries,OWID_UMC,1994,3.8062
Upper-middle-income countries,OWID_UMC,1995,3.6713
Upper-middle-income countries,OWID_UMC,1996,3.5315
Upper-middle-income countries,OWID_UMC,1997,3.3883
Upper-middle-income countries,OWID_UMC,1998,3.2401
Upper-middle-income countries,OWID_UMC,1999,3.0936
Upper-middle-income countries,OWID_UMC,2000,2.9175
Upper-middle-income countries,OWID_UMC,2001,2.7716
Upper-middle-income countries,OWID_UMC,2002,2.6336
Upper-middle-income countries,OWID_UMC,2003,2.4927
Upper-middle-income countries,OWID_UMC,2004,2.3794
Upper-middle-income countries,OWID_UMC,2005,2.2352
Upper-middle-income countries,OWID_UMC,2006,2.113
Upper-middle-income countries,OWID_UMC,2007,1.9929
Upper-middle-income countries,OWID_UMC,2008,1.8807
Upper-middle-income countries,OWID_UMC,2009,1.7576
Upper-middle-income countries,OWID_UMC,2010,1.6639
Upper-middle-income countries,OWID_UMC,2011,1.568
Upper-middle-income countries,OWID_UMC,2012,1.4862
Upper-middle-income countries,OWID_UMC,2013,1.4275
Upper-middle-income countries,OWID_UMC,2014,1.3558
Upper-middle-income countries,OWID_UMC,2015,1.2983
Upper-middle-income countries,OWID_UMC,2016,1.2291
Upper-middle-income countries,OWID_UMC,2017,1.1686
Upper-middle-income countries,OWID_UMC,2018,1.1588
Upper-middle-income countries,OWID_UMC,2019,1.1366
Upper-middle-income countries,OWID_UMC,2020,1.1123
Upper-middle-income countries,OWID_UMC,2021,1.1238
Upper-middle-income countries,OWID_UMC,2022,1.1207
Upper-middle-income countries,OWID_UMC,2023,1.0984
Uruguay,URY,1950,6.0566
Uruguay,URY,1951,5.8557
Uruguay,URY,1952,5.758
Uruguay,URY,1953,5.6644
Uruguay,URY,1954,5.5721
Uruguay,URY,1955,5.4805
Uruguay,URY,1956,5.3897
Uruguay,URY,1957,5.2995
Uruguay,URY,1958,5.2102
Uruguay,URY,1959,5.1256
Uruguay,URY,1960,5.0676
Uruguay,URY,1961,5.0229
Uruguay,URY,1962,4.9872
Uruguay,URY,1963,4.9386
Uruguay,URY,1964,4.8902
Uruguay,URY,1965,4.842
Uruguay,URY,1966,4.7941
Uruguay,URY,1967,4.7491
Uruguay,URY,1968,4.6996
Uruguay,URY,1969,4.6749
Uruguay,URY,1970,4.5891
Uruguay,URY,1971,4.4852
Uruguay,URY,1972,4.3377
Uruguay,URY,1973,4.2361
Uruguay,URY,1974,4.1369
Uruguay,URY,1975,4.0384
Uruguay,URY,1976,3.9413
Uruguay,URY,1977,3.844
Uruguay,URY,1978,3.8098
Uruguay,URY,1979,3.7518
Uruguay,URY,1980,3.6203
Uruguay,URY,1981,3.3401
Uruguay,URY,1982,3.0739
Uruguay,URY,1983,2.9632
Uruguay,URY,1984,2.9484
Uruguay,URY,1985,2.9208
Uruguay,URY,1986,2.7151
Uruguay,URY,1987,2.4528
Uruguay,URY,1988,2.2195
Uruguay,URY,1989,2.1094
Uruguay,URY,1990,2.0845
Uruguay,URY,1991,1.9944
Uruguay,URY,1992,1.979
Uruguay,URY,1993,1.9341
Uruguay,URY,1994,1.9406
Uruguay,URY,1995,1.8745
Uruguay,URY,1996,1.7938
Uruguay,URY,1997,1.7376
Uruguay,URY,1998,1.6102
Uruguay,URY,1999,1.5085
Uruguay,URY,2000,1.4129
Uruguay,URY,2001,1.3903
Uruguay,URY,2002,1.4702
Uruguay,URY,2003,1.4477
Uruguay,URY,2004,1.3851
Uruguay,URY,2005,1.1672
Uruguay,URY,2006,1.109
Uruguay,URY,2007,1.0509
Uruguay,URY,2008,1.0053
Uruguay,URY,2009,0.8695
Uruguay,URY,2010,0.8346
Uruguay,URY,2011,0.8613
Uruguay,URY,2012,0.9181
Uruguay,URY,2013,0.8781
Uruguay,URY,2014,0.8209
Uruguay,URY,2015,0.785
Uruguay,URY,2016,0.7315
Uruguay,URY,2017,0.624
Uruguay,URY,2018,0.6582
Uruguay,URY,2019,0.6668
Uruguay,URY,2020,0.6121
Uruguay,URY,2021,0.6082
Uruguay,URY,2022,0.6225
Uruguay,URY,2023,0.5599
Uzbekistan,UZB,1950,12.3797
Uzbekistan,UZB,1951,12.2187
Uzbekistan,UZB,1952,12.0543
Uzbekistan,UZB,1953,11.8889
Uzbekistan,UZB,1954,11.7214
Uzbekistan,UZB,1955,11.5512
Uzbekistan,UZB,1956,11.3779
Uzbekistan,UZB,1957,11.2019
Uzbekistan,UZB,1958,11.0237
Uzbekistan,UZB,1959,10.8439
Uzbekistan,UZB,1960,10.6626
Uzbekistan,UZB,1961,10.4799
Uzbekistan,UZB,1962,10.2961
Uzbekistan,UZB,1963,10.1106
Uzbekistan,UZB,1964,9.9241
Uzbekistan,UZB,1965,9.7362
Uzbekistan,UZB,1966,9.5475
Uzbekistan,UZB,1967,9.3587
Uzbekistan,UZB,1968,9.1714
Uzbekistan,UZB,1969,8.9873
Uzbekistan,UZB,1970,8.8077
Uzbekistan,UZB,1971,8.6346
Uzbekistan,UZB,1972,8.4691
Uzbekistan,UZB,1973,8.3118
Uzbekistan,UZB,1974,8.1625
Uzbekistan,UZB,1975,8.0201
Uzbekistan,UZB,1976,7.8825
Uzbekistan,UZB,1977,7.7448
Uzbekistan,UZB,1978,7.6056
Uzbekistan,UZB,1979,7.4621
Uzbekistan,UZB,1980,7.311
Uzbekistan,UZB,1981,7.1527
Uzbekistan,UZB,1982,6.9798
Uzbekistan,UZB,1983,6.7902
Uzbekistan,UZB,1984,6.5847
Uzbekistan,UZB,1985,6.3715
Uzbekistan,UZB,1986,6.1578
Uzbekistan,UZB,1987,5.961
Uzbekistan,UZB,1988,5.7935
Uzbekistan,UZB,1989,5.6643
Uzbekistan,UZB,1990,5.5698
Uzbekistan,UZB,1991,5.516
Uzbekistan,UZB,1992,5.4751
Uzbekistan,UZB,1993,5.4428
Uzbekistan,UZB,1994,5.4085
Uzbekistan,UZB,1995,5.3623
Uzbekistan,UZB,1996,5.2973
Uzbekistan,UZB,1997,5.2096
Uzbekistan,UZB,1998,5.097
Uzbekistan,UZB,1999,4.9562
Uzbekistan,UZB,2000,4.7895
Uzbekistan,UZB,2001,4.5955
Uzbekistan,UZB,2002,4.3813
Uzbekistan,UZB,2003,4.1507
Uzbekistan,UZB,2004,3.9084
Uzbekistan,UZB,2005,3.66
Uzbekistan,UZB,2006,3.4102
Uzbekistan,UZB,2007,3.1638
Uzbekistan,UZB,2008,2.9246
Uzbekistan,UZB,2009,2.6967
Uzbekistan,UZB,2010,2.4825
Uzbekistan,UZB,2011,2.2844
Uzbekistan,UZB,2012,2.1037
Uzbekistan,UZB,2013,1.941
Uzbekistan,UZB,2014,1.7959
Uzbekistan,UZB,2015,1.6683
Uzbekistan,UZB,2016,1.5567
Uzbekistan,UZB,2017,1.4595
Uzbekistan,UZB,2018,1.3747
Uzbekistan,UZB,2019,1.2997
Uzbekistan,UZB,2020,1.2327
Uzbekistan,UZB,2021,1.1757
Uzbekistan,UZB,2022,1.116
Uzbekistan,UZB,2023,1.1137
Vanuatu,VUT,1950,13.0267
Vanuatu,VUT,1951,13.3406
Vanuatu,VUT,1952,12.4334
Vanuatu,VUT,1953,12.1543
Vanuatu,VUT,1954,11.8929
Vanuatu,VUT,1955,11.6483
Vanuatu,VUT,1956,11.4152
Vanuatu,VUT,1957,11.1901
Vanuatu,VUT,1958,10.9626
Vanuatu,VUT,1959,10.7315
Vanuatu,VUT,1960,10.492
Vanuatu,VUT,1961,10.2419
Vanuatu,VUT,1962,9.9811
Vanuatu,VUT,1963,9.7104
Vanuatu,VUT,1964,9.4319
Vanuatu,VUT,1965,9.1486
Vanuatu,VUT,1966,8.8625
Vanuatu,VUT,1967,8.5761
Vanuatu,VUT,1968,8.2916
Vanuatu,VUT,1969,8.0109
Vanuatu,VUT,1970,7.7303
Vanuatu,VUT,1971,7.453
Vanuatu,VUT,1972,7.1986
Vanuatu,VUT,1973,6.9207
Vanuatu,VUT,1974,6.6649
Vanuatu,VUT,1975,6.4143
Vanuatu,VUT,1976,6.1658
Vanuatu,VUT,1977,5.9158
Vanuatu,VUT,1978,5.6619
Vanuatu,VUT,1979,5.4026
Vanuatu,VUT,1980,5.1383
Vanuatu,VUT,1981,4.8717
Vanuatu,VUT,1982,4.6068
Vanuatu,VUT,1983,4.3478
Vanuatu,VUT,1984,4.1002
Vanuatu,VUT,1985,3.893
Vanuatu,VUT,1986,3.6557
Vanuatu,VUT,1987,3.5886
Vanuatu,VUT,1988,3.2957
Vanuatu,VUT,1989,3.1665
Vanuatu,VUT,1990,3.0151
Vanuatu,VUT,1991,2.9029
Vanuatu,VUT,1992,2.8108
Vanuatu,VUT,1993,2.7323
Vanuatu,VUT,1994,2.6522
Vanuatu,VUT,1995,2.5914
Vanuatu,VUT,1996,2.5392
Vanuatu,VUT,1997,2.4938
Vanuatu,VUT,1998,2.4534
Vanuatu,VUT,1999,2.4977
Vanuatu,VUT,2000,2.3837
Vanuatu,VUT,2001,2.3566
Vanuatu,VUT,2002,2.3233
Vanuatu,VUT,2003,2.294
Vanuatu,VUT,2004,2.2665
Vanuatu,VUT,2005,2.2278
Vanuatu,VUT,2006,2.1869
Vanuatu,VUT,2007,2.1396
Vanuatu,VUT,2008,2.0867
Vanuatu,VUT,2009,2.0302
Vanuatu,VUT,2010,1.973
Vanuatu,VUT,2011,1.9182
Vanuatu,VUT,2012,1.8682
Vanuatu,VUT,2013,1.8245
Vanuatu,VUT,2014,1.8039
Vanuatu,VUT,2015,1.7691
Vanuatu,VUT,2016,1.7234
Vanuatu,VUT,2017,1.6934
Vanuatu,VUT,2018,1.6619
Vanuatu,VUT,2019,1.6282
Vanuatu,VUT,2020,1.5955
Vanuatu,VUT,2021,1.5535
Vanuatu,VUT,2022,1.5154
Vanuatu,VUT,2023,1.4765
Vatican,VAT,1950,4.5614
Vatican,VAT,1951,4.8129
Vatican,VAT,1952,4.6262
Vatican,VAT,1953,4.3996
Vatican,VAT,1954,3.9047
Vatican,VAT,1955,3.7758
Vatican,VAT,1956,3.9837
Vatican,VAT,1957,3.8917
Vatican,VAT,1958,3.4254
Vatican,VAT,1959,3.232
Vatican,VAT,1960,3.2566
Vatican,VAT,1961,3.0343
Vatican,VAT,1962,3.2487
Vatican,VAT,1963,3.2214
Vatican,VAT,1964,2.8774
Vatican,VAT,1965,2.9223
Vatican,VAT,1966,2.6788
Vatican,VAT,1967,2.6735
Vatican,VAT,1968,2.7385
Vatican,VAT,1969,2.7601
Vatican,VAT,1970,2.4944
Vatican,VAT,1971,2.4179
Vatican,VAT,1972,2.3505
Vatican,VAT,1973,2.355
Vatican,VAT,1974,2.1626
Vatican,VAT,1975,2.1849
Vatican,VAT,1976,2.0968
Vatican,VAT,1977,2.0081
Vatican,VAT,1978,1.9004
Vatican,VAT,1979,1.8413
Vatican,VAT,1980,1.8065
Vatican,VAT,1981,1.7593
Vatican,VAT,1982,1.6562
Vatican,VAT,1983,1.6819
Vatican,VAT,1984,1.5931
Vatican,VAT,1985,1.5097
Vatican,VAT,1986,1.4523
Vatican,VAT,1987,1.3776
Vatican,VAT,1988,1.3463
Vatican,VAT,1989,1.2795
Vatican,VAT,1990,1.2614
Vatican,VAT,1991,1.2598
Vatican,VAT,1992,1.1991
Vatican,VAT,1993,1.2405
Vatican,VAT,1994,1.1458
Vatican,VAT,1995,1.1263
Vatican,VAT,1996,1.0303
Vatican,VAT,1997,1.0629
Vatican,VAT,1998,1.0479
Vatican,VAT,1999,1.0085
Vatican,VAT,2000,0.9276
Vatican,VAT,2001,0.8751
Vatican,VAT,2002,0.863
Vatican,VAT,2003,0.8719
Vatican,VAT,2004,0.8361
Vatican,VAT,2005,0.7939
Vatican,VAT,2006,0.7453
Vatican,VAT,2007,0.7381
Vatican,VAT,2008,0.7313
Vatican,VAT,2009,0.736
Vatican,VAT,2010,0.7159
Vatican,VAT,2011,0.702
Vatican,VAT,2012,0.6802
Vatican,VAT,2013,0.643
Vatican,VAT,2014,0.6319
Vatican,VAT,2015,0.6428
Vatican,VAT,2016,0.6142
Vatican,VAT,2017,0.624
Vatican,VAT,2018,0.5841
Vatican,VAT,2019,0.5635
Vatican,VAT,2020,0.6037
Vatican,VAT,2021,0.6062
Vatican,VAT,2022,0.5801
Vatican,VAT,2023,0.6024
Venezuela,VEN,1950,10.7775
Venezuela,VEN,1951,10.5092
Venezuela,VEN,1952,10.2487
Venezuela,VEN,1953,9.9842
Venezuela,VEN,1954,9.7149
Venezuela,VEN,1955,9.4404
Venezuela,VEN,1956,9.1613
Venezuela,VEN,1957,8.8837
Venezuela,VEN,1958,8.609
Venezuela,VEN,1959,8.3386
Venezuela,VEN,1960,8.0741
Venezuela,VEN,1961,7.8157
Venezuela,VEN,1962,7.5607
Venezuela,VEN,1963,7.3114
Venezuela,VEN,1964,7.0693
Venezuela,VEN,1965,6.8302
Venezuela,VEN,1966,6.5894
Venezuela,VEN,1967,6.35
Venezuela,VEN,1968,6.0942
Venezuela,VEN,1969,5.8399
Venezuela,VEN,1970,5.5845
Venezuela,VEN,1971,5.3314
Venezuela,VEN,1972,5.0851
Venezuela,VEN,1973,4.8506
Venezuela,VEN,1974,4.6304
Venezuela,VEN,1975,4.4258
Venezuela,VEN,1976,4.2365
Venezuela,VEN,1977,4.0618
Venezuela,VEN,1978,3.898
Venezuela,VEN,1979,3.7441
Venezuela,VEN,1980,3.5991
Venezuela,VEN,1981,3.4624
Venezuela,VEN,1982,3.3319
Venezuela,VEN,1983,3.2084
Venezuela,VEN,1984,3.0903
Venezuela,VEN,1985,2.9789
Venezuela,VEN,1986,2.8671
Venezuela,VEN,1987,2.7651
Venezuela,VEN,1988,2.6652
Venezuela,VEN,1989,2.5692
Venezuela,VEN,1990,2.484
Venezuela,VEN,1991,2.4048
Venezuela,VEN,1992,2.3353
Venezuela,VEN,1993,2.2695
Venezuela,VEN,1994,2.2061
Venezuela,VEN,1995,2.1397
Venezuela,VEN,1996,2.0757
Venezuela,VEN,1997,2.0118
Venezuela,VEN,1998,1.9439
Venezuela,VEN,1999,1.9171
Venezuela,VEN,2000,1.817
Venezuela,VEN,2001,1.7572
Venezuela,VEN,2002,1.7019
Venezuela,VEN,2003,1.6504
Venezuela,VEN,2004,1.605
Venezuela,VEN,2005,1.5656
Venezuela,VEN,2006,1.5259
Venezuela,VEN,2007,1.4974
Venezuela,VEN,2008,1.4772
Venezuela,VEN,2009,1.466
Venezuela,VEN,2010,1.4649
Venezuela,VEN,2011,1.4684
Venezuela,VEN,2012,1.4785
Venezuela,VEN,2013,1.4927
Venezuela,VEN,2014,1.5093
Venezuela,VEN,2015,1.5252
Venezuela,VEN,2016,1.5397
Venezuela,VEN,2017,1.5556
Venezuela,VEN,2018,1.564
Venezuela,VEN,2019,1.565
Venezuela,VEN,2020,1.5674
Venezuela,VEN,2021,1.5707
Venezuela,VEN,2022,1.572
Venezuela,VEN,2023,1.571
Vietnam,VNM,1950,9.3808
Vietnam,VNM,1951,9.1107
Vietnam,VNM,1952,8.8383
Vietnam,VNM,1953,8.5894
Vietnam,VNM,1954,8.5
Vietnam,VNM,1955,7.9389
Vietnam,VNM,1956,7.6823
Vietnam,VNM,1957,7.4271
Vietnam,VNM,1958,7.1787
Vietnam,VNM,1959,6.9366
Vietnam,VNM,1960,6.7071
Vietnam,VNM,1961,6.5072
Vietnam,VNM,1962,6.4048
Vietnam,VNM,1963,6.4568
Vietnam,VNM,1964,6.3193
Vietnam,VNM,1965,6.2888
Vietnam,VNM,1966,6.2471
Vietnam,VNM,1967,6.2326
Vietnam,VNM,1968,6.7708
Vietnam,VNM,1969,6.4492
Vietnam,VNM,1970,6.4098
Vietnam,VNM,1971,6.294
Vietnam,VNM,1972,6.7885
Vietnam,VNM,1973,6.217
Vietnam,VNM,1974,6.3067
Vietnam,VNM,1975,5.3606
Vietnam,VNM,1976,5.1181
Vietnam,VNM,1977,5.0281
Vietnam,VNM,1978,4.9364
Vietnam,VNM,1979,4.841
Vietnam,VNM,1980,4.7509
Vietnam,VNM,1981,4.6542
Vietnam,VNM,1982,4.5624
Vietnam,VNM,1983,4.4739
Vietnam,VNM,1984,4.3758
Vietnam,VNM,1985,4.2806
Vietnam,VNM,1986,4.1706
Vietnam,VNM,1987,4.0468
Vietnam,VNM,1988,3.9156
Vietnam,VNM,1989,3.7778
Vietnam,VNM,1990,3.6233
Vietnam,VNM,1991,3.4686
Vietnam,VNM,1992,3.3049
Vietnam,VNM,1993,3.1431
Vietnam,VNM,1994,2.9874
Vietnam,VNM,1995,2.8338
Vietnam,VNM,1996,2.6928
Vietnam,VNM,1997,2.5697
Vietnam,VNM,1998,2.4289
Vietnam,VNM,1999,2.3252
Vietnam,VNM,2000,2.2232
Vietnam,VNM,2001,2.1359
Vietnam,VNM,2002,2.0525
Vietnam,VNM,2003,1.9796
Vietnam,VNM,2004,1.9267
Vietnam,VNM,2005,1.8758
Vietnam,VNM,2006,1.8397
Vietnam,VNM,2007,1.806
Vietnam,VNM,2008,1.7762
Vietnam,VNM,2009,1.7469
Vietnam,VNM,2010,1.726
Vietnam,VNM,2011,1.7064
Vietnam,VNM,2012,1.688
Vietnam,VNM,2013,1.6747
Vietnam,VNM,2014,1.6553
Vietnam,VNM,2015,1.6407
Vietnam,VNM,2016,1.6258
Vietnam,VNM,2017,1.6107
Vietnam,VNM,2018,1.5968
Vietnam,VNM,2019,1.5761
Vietnam,VNM,2020,1.5613
Vietnam,VNM,2021,1.543
Vietnam,VNM,2022,1.5246
Vietnam,VNM,2023,1.5067
Wallis and Futuna,WLF,1950,11.4072
Wallis and Futuna,WLF,1951,11.3546
Wallis and Futuna,WLF,1952,11.292
Wallis and Futuna,WLF,1953,11.1735
Wallis and Futuna,WLF,1954,11.0355
Wallis and Futuna,WLF,1955,10.8784
Wallis and Futuna,WLF,1956,10.7178
Wallis and Futuna,WLF,1957,10.5556
Wallis and Futuna,WLF,1958,10.3916
Wallis and Futuna,WLF,1959,10.2257
Wallis and Futuna,WLF,1960,10.0567
Wallis and Futuna,WLF,1961,9.8815
Wallis and Futuna,WLF,1962,9.7018
Wallis and Futuna,WLF,1963,9.5193
Wallis and Futuna,WLF,1964,9.3347
Wallis and Futuna,WLF,1965,9.1459
Wallis and Futuna,WLF,1966,8.951
Wallis and Futuna,WLF,1967,8.7545
Wallis and Futuna,WLF,1968,8.5482
Wallis and Futuna,WLF,1969,8.3398
Wallis and Futuna,WLF,1970,8.1273
Wallis and Futuna,WLF,1971,7.9136
Wallis and Futuna,WLF,1972,7.6968
Wallis and Futuna,WLF,1973,7.4731
Wallis and Futuna,WLF,1974,7.2373
Wallis and Futuna,WLF,1975,7.0008
Wallis and Futuna,WLF,1976,6.7618
Wallis and Futuna,WLF,1977,6.4958
Wallis and Futuna,WLF,1978,6.2245
Wallis and Futuna,WLF,1979,5.9556
Wallis and Futuna,WLF,1980,5.678
Wallis and Futuna,WLF,1981,5.3997
Wallis and Futuna,WLF,1982,5.1281
Wallis and Futuna,WLF,1983,4.8401
Wallis and Futuna,WLF,1984,4.5345
Wallis and Futuna,WLF,1985,4.2141
Wallis and Futuna,WLF,1986,3.8868
Wallis and Futuna,WLF,1987,3.509
Wallis and Futuna,WLF,1988,3.1574
Wallis and Futuna,WLF,1989,2.8631
Wallis and Futuna,WLF,1990,2.6295
Wallis and Futuna,WLF,1991,2.4766
Wallis and Futuna,WLF,1992,2.3521
Wallis and Futuna,WLF,1993,2.3444
Wallis and Futuna,WLF,1994,2.1587
Wallis and Futuna,WLF,1995,2.0519
Wallis and Futuna,WLF,1996,1.9225
Wallis and Futuna,WLF,1997,1.7977
Wallis and Futuna,WLF,1998,1.6823
Wallis and Futuna,WLF,1999,1.5949
Wallis and Futuna,WLF,2000,1.5332
Wallis and Futuna,WLF,2001,1.4912
Wallis and Futuna,WLF,2002,1.4757
Wallis and Futuna,WLF,2003,1.4638
Wallis and Futuna,WLF,2004,1.4364
Wallis and Futuna,WLF,2005,1.4085
Wallis and Futuna,WLF,2006,1.3827
Wallis and Futuna,WLF,2007,1.3521
Wallis and Futuna,WLF,2008,1.3287
Wallis and Futuna,WLF,2009,1.3186
Wallis and Futuna,WLF,2010,1.3151
Wallis and Futuna,WLF,2011,1.3012
Wallis and Futuna,WLF,2012,1.2897
Wallis and Futuna,WLF,2013,1.2798
Wallis and Futuna,WLF,2014,1.2657
Wallis and Futuna,WLF,2015,1.2453
Wallis and Futuna,WLF,2016,1.2338
Wallis and Futuna,WLF,2017,1.2235
Wallis and Futuna,WLF,2018,1.2084
Wallis and Futuna,WLF,2019,1.1793
Wallis and Futuna,WLF,2020,1.1618
Wallis and Futuna,WLF,2021,1.139
Wallis and Futuna,WLF,2022,1.1239
Wallis and Futuna,WLF,2023,1.111
Western Sahara,ESH,1950,22.1879
Western Sahara,ESH,1951,21.8935
Western Sahara,ESH,1952,21.601
Western Sahara,ESH,1953,21.3116
Western Sahara,ESH,1954,21.019
Western Sahara,ESH,1955,20.7236
Western Sahara,ESH,1956,20.4267
Western Sahara,ESH,1957,20.1338
Western Sahara,ESH,1958,19.8464
Western Sahara,ESH,1959,19.564
Western Sahara,ESH,1960,19.2822
Western Sahara,ESH,1961,18.9955
Western Sahara,ESH,1962,18.7109
Western Sahara,ESH,1963,18.4336
Western Sahara,ESH,1964,18.1634
Western Sahara,ESH,1965,17.8987
Western Sahara,ESH,1966,17.6372
Western Sahara,ESH,1967,17.3713
Western Sahara,ESH,1968,17.0955
Western Sahara,ESH,1969,16.8039
Western Sahara,ESH,1970,16.4955
Western Sahara,ESH,1971,16.2174
Western Sahara,ESH,1972,15.8125
Western Sahara,ESH,1973,15.4193
Western Sahara,ESH,1974,14.9857
Western Sahara,ESH,1975,14.5221
Western Sahara,ESH,1976,14.0393
Western Sahara,ESH,1977,13.5505
Western Sahara,ESH,1978,13.0694
Western Sahara,ESH,1979,12.5994
Western Sahara,ESH,1980,12.1148
Western Sahara,ESH,1981,11.6543
Western Sahara,ESH,1982,11.184
Western Sahara,ESH,1983,10.7169
Western Sahara,ESH,1984,10.2851
Western Sahara,ESH,1985,9.8667
Western Sahara,ESH,1986,9.4582
Western Sahara,ESH,1987,9.095
Western Sahara,ESH,1988,8.7531
Western Sahara,ESH,1989,8.435
Western Sahara,ESH,1990,8.1492
Western Sahara,ESH,1991,7.8937
Western Sahara,ESH,1992,7.6491
Western Sahara,ESH,1993,7.4137
Western Sahara,ESH,1994,7.1768
Western Sahara,ESH,1995,6.9497
Western Sahara,ESH,1996,6.73
Western Sahara,ESH,1997,6.5027
Western Sahara,ESH,1998,6.275
Western Sahara,ESH,1999,6.0387
Western Sahara,ESH,2000,5.8129
Western Sahara,ESH,2001,5.5964
Western Sahara,ESH,2002,5.3737
Western Sahara,ESH,2003,5.1606
Western Sahara,ESH,2004,4.9432
Western Sahara,ESH,2005,4.7413
Western Sahara,ESH,2006,4.5538
Western Sahara,ESH,2007,4.3562
Western Sahara,ESH,2008,4.1758
Western Sahara,ESH,2009,3.9784
Western Sahara,ESH,2010,3.7997
Western Sahara,ESH,2011,3.6407
Western Sahara,ESH,2012,3.4982
Western Sahara,ESH,2013,3.3504
Western Sahara,ESH,2014,3.2209
Western Sahara,ESH,2015,3.1
Western Sahara,ESH,2016,2.9823
Western Sahara,ESH,2017,2.878
Western Sahara,ESH,2018,2.7844
Western Sahara,ESH,2019,2.6992
Western Sahara,ESH,2020,2.6181
Western Sahara,ESH,2021,2.5315
Western Sahara,ESH,2022,2.4507
Western Sahara,ESH,2023,2.375
World,OWID_WRL,1950,13.8135
World,OWID_WRL,1951,13.6046
World,OWID_WRL,1952,13.2666
World,OWID_WRL,1953,13.0128
World,OWID_WRL,1954,12.771
World,OWID_WRL,1955,12.482
World,OWID_WRL,1956,12.1917
World,OWID_WRL,1957,12.0017
World,OWID_WRL,1958,11.7712
World,OWID_WRL,1959,12.5721
World,OWID_WRL,1960,13.1791
World,OWID_WRL,1961,12.1522
World,OWID_WRL,1962,11.0161
World,OWID_WRL,1963,10.7748
World,OWID_WRL,1964,10.6096
World,OWID_WRL,1965,10.6409
World,OWID_WRL,1966,10.4943
World,OWID_WRL,1967,10.3138
World,OWID_WRL,1968,10.0222
World,OWID_WRL,1969,9.8345
World,OWID_WRL,1970,9.6886
World,OWID_WRL,1971,9.6141
World,OWID_WRL,1972,9.3599
World,OWID_WRL,1973,9.212
World,OWID_WRL,1974,9.0924
World,OWID_WRL,1975,8.9643
World,OWID_WRL,1976,8.8087
World,OWID_WRL,1977,8.6376
World,OWID_WRL,1978,8.469
World,OWID_WRL,1979,8.2502
World,OWID_WRL,1980,8.0584
World,OWID_WRL,1981,7.8674
World,OWID_WRL,1982,7.6556
World,OWID_WRL,1983,7.6099
World,OWID_WRL,1984,7.4589
World,OWID_WRL,1985,7.2862
World,OWID_WRL,1986,7.0823
World,OWID_WRL,1987,6.8641
World,OWID_WRL,1988,6.8006
World,OWID_WRL,1989,6.6221
World,OWID_WRL,1990,6.4902
World,OWID_WRL,1991,6.4939
World,OWID_WRL,1992,6.411
World,OWID_WRL,1993,6.2867
World,OWID_WRL,1994,6.1983
World,OWID_WRL,1995,6.0784
World,OWID_WRL,1996,5.962
World,OWID_WRL,1997,5.8318
World,OWID_WRL,1998,5.7141
World,OWID_WRL,1999,5.5479
World,OWID_WRL,2000,5.3676
World,OWID_WRL,2001,5.2206
World,OWID_WRL,2002,5.0618
World,OWID_WRL,2003,4.8834
World,OWID_WRL,2004,4.7151
World,OWID_WRL,2005,4.5431
World,OWID_WRL,2006,4.3651
World,OWID_WRL,2007,4.1968
World,OWID_WRL,2008,4.0444
World,OWID_WRL,2009,3.9117
World,OWID_WRL,2010,3.7728
World,OWID_WRL,2011,3.6796
World,OWID_WRL,2012,3.4978
World,OWID_WRL,2013,3.3925
World,OWID_WRL,2014,3.2903
World,OWID_WRL,2015,3.2108
World,OWID_WRL,2016,3.1092
World,OWID_WRL,2017,3.0313
World,OWID_WRL,2018,2.9711
World,OWID_WRL,2019,2.9152
World,OWID_WRL,2020,2.8706
World,OWID_WRL,2021,2.8355
World,OWID_WRL,2022,2.8166
World,OWID_WRL,2023,2.7271
Yemen,YEM,1950,34.3395
Yemen,YEM,1951,33.9332
Yemen,YEM,1952,33.5381
Yemen,YEM,1953,33.1216
Yemen,YEM,1954,32.6734
Yemen,YEM,1955,32.1739
Yemen,YEM,1956,31.6298
Yemen,YEM,1957,31.06
Yemen,YEM,1958,30.4784
Yemen,YEM,1959,29.8873
Yemen,YEM,1960,29.304
Yemen,YEM,1961,28.7218
Yemen,YEM,1962,28.2491
Yemen,YEM,1963,27.7701
Yemen,YEM,1964,26.9295
Yemen,YEM,1965,26.2064
Yemen,YEM,1966,25.4412
Yemen,YEM,1967,24.6531
Yemen,YEM,1968,23.8604
Yemen,YEM,1969,22.9197
Yemen,YEM,1970,22.0744
Yemen,YEM,1971,21.2455
Yemen,YEM,1972,20.4085
Yemen,YEM,1973,19.5888
Yemen,YEM,1974,18.7616
Yemen,YEM,1975,17.9295
Yemen,YEM,1976,17.0917
Yemen,YEM,1977,16.2657
Yemen,YEM,1978,15.4495
Yemen,YEM,1979,14.648
Yemen,YEM,1980,13.8868
Yemen,YEM,1981,13.167
Yemen,YEM,1982,12.5615
Yemen,YEM,1983,11.8771
Yemen,YEM,1984,11.3223
Yemen,YEM,1985,10.7814
Yemen,YEM,1986,10.32
Yemen,YEM,1987,9.9004
Yemen,YEM,1988,9.5166
Yemen,YEM,1989,9.197
Yemen,YEM,1990,8.9181
Yemen,YEM,1991,8.6577
Yemen,YEM,1992,8.4219
Yemen,YEM,1993,8.2125
Yemen,YEM,1994,8.0176
Yemen,YEM,1995,7.8305
Yemen,YEM,1996,7.6554
Yemen,YEM,1997,7.4165
Yemen,YEM,1998,7.1853
Yemen,YEM,1999,6.934
Yemen,YEM,2000,6.6825
Yemen,YEM,2001,6.4199
Yemen,YEM,2002,6.1317
Yemen,YEM,2003,5.8566
Yemen,YEM,2004,5.605
Yemen,YEM,2005,5.3657
Yemen,YEM,2006,5.1235
Yemen,YEM,2007,4.907
Yemen,YEM,2008,4.7144
Yemen,YEM,2009,4.5448
Yemen,YEM,2010,4.39
Yemen,YEM,2011,4.2525
Yemen,YEM,2012,4.1197
Yemen,YEM,2013,3.9831
Yemen,YEM,2014,3.8858
Yemen,YEM,2015,3.8599
Yemen,YEM,2016,3.7662
Yemen,YEM,2017,3.6854
Yemen,YEM,2018,3.6636
Yemen,YEM,2019,3.5936
Yemen,YEM,2020,3.4613
Yemen,YEM,2021,3.3966
Yemen,YEM,2022,3.3095
Yemen,YEM,2023,3.2274
Zambia,ZMB,1950,12.6231
Zambia,ZMB,1951,12.4833
Zambia,ZMB,1952,12.3462
Zambia,ZMB,1953,12.2126
Zambia,ZMB,1954,12.0793
Zambia,ZMB,1955,11.9488
Zambia,ZMB,1956,11.8157
Zambia,ZMB,1957,11.6803
Zambia,ZMB,1958,11.5415
Zambia,ZMB,1959,11.402
Zambia,ZMB,1960,11.2723
Zambia,ZMB,1961,11.1472
Zambia,ZMB,1962,11.0327
Zambia,ZMB,1963,10.9322
Zambia,ZMB,1964,10.9131
Zambia,ZMB,1965,10.7597
Zambia,ZMB,1966,10.6775
Zambia,ZMB,1967,10.5918
Zambia,ZMB,1968,10.4933
Zambia,ZMB,1969,10.3748
Zambia,ZMB,1970,10.2311
Zambia,ZMB,1971,10.0627
Zambia,ZMB,1972,9.8803
Zambia,ZMB,1973,9.7007
Zambia,ZMB,1974,9.5401
Zambia,ZMB,1975,9.4119
Zambia,ZMB,1976,9.3243
Zambia,ZMB,1977,9.2779
Zambia,ZMB,1978,9.2695
Zambia,ZMB,1979,9.2831
Zambia,ZMB,1980,9.3231
Zambia,ZMB,1981,9.3794
Zambia,ZMB,1982,9.4642
Zambia,ZMB,1983,9.5619
Zambia,ZMB,1984,9.6833
Zambia,ZMB,1985,9.8177
Zambia,ZMB,1986,9.9557
Zambia,ZMB,1987,10.0872
Zambia,ZMB,1988,10.2013
Zambia,ZMB,1989,10.2938
Zambia,ZMB,1990,10.3564
Zambia,ZMB,1991,10.399
Zambia,ZMB,1992,10.3764
Zambia,ZMB,1993,10.3099
Zambia,ZMB,1994,10.2144
Zambia,ZMB,1995,10.1051
Zambia,ZMB,1996,9.9723
Zambia,ZMB,1997,9.8087
Zambia,ZMB,1998,9.6095
Zambia,ZMB,1999,9.3776
Zambia,ZMB,2000,9.0668
Zambia,ZMB,2001,8.6965
Zambia,ZMB,2002,8.2722
Zambia,ZMB,2003,7.8237
Zambia,ZMB,2004,7.3697
Zambia,ZMB,2005,6.9263
Zambia,ZMB,2006,6.5354
Zambia,ZMB,2007,6.1853
Zambia,ZMB,2008,5.8827
Zambia,ZMB,2009,5.6235
Zambia,ZMB,2010,5.3994
Zambia,ZMB,2011,5.2151
Zambia,ZMB,2012,5.0548
Zambia,ZMB,2013,4.9122
Zambia,ZMB,2014,4.7734
Zambia,ZMB,2015,4.6739
Zambia,ZMB,2016,4.5621
Zambia,ZMB,2017,4.4559
Zambia,ZMB,2018,4.3515
Zambia,ZMB,2019,4.2457
Zambia,ZMB,2020,4.1384
Zambia,ZMB,2021,4.032
Zambia,ZMB,2022,3.927
Zambia,ZMB,2023,3.824
Zimbabwe,ZWE,1950,10.3028
Zimbabwe,ZWE,1951,10.1627
Zimbabwe,ZWE,1952,10.0237
Zimbabwe,ZWE,1953,9.8863
Zimbabwe,ZWE,1954,9.7498
Zimbabwe,ZWE,1955,9.6152
Zimbabwe,ZWE,1956,9.4793
Zimbabwe,ZWE,1957,9.3411
Zimbabwe,ZWE,1958,9.1962
Zimbabwe,ZWE,1959,9.0428
Zimbabwe,ZWE,1960,8.8744
Zimbabwe,ZWE,1961,8.7031
Zimbabwe,ZWE,1962,8.5243
Zimbabwe,ZWE,1963,8.3416
Zimbabwe,ZWE,1964,8.1591
Zimbabwe,ZWE,1965,7.9812
Zimbabwe,ZWE,1966,7.8113
Zimbabwe,ZWE,1967,7.6546
Zimbabwe,ZWE,1968,7.5179
Zimbabwe,ZWE,1969,7.4038
Zimbabwe,ZWE,1970,7.3134
Zimbabwe,ZWE,1971,7.2455
Zimbabwe,ZWE,1972,7.1986
Zimbabwe,ZWE,1973,7.1702
Zimbabwe,ZWE,1974,7.1549
Zimbabwe,ZWE,1975,7.1479
Zimbabwe,ZWE,1976,7.1348
Zimbabwe,ZWE,1977,7.1084
Zimbabwe,ZWE,1978,7.0535
Zimbabwe,ZWE,1979,6.9801
Zimbabwe,ZWE,1980,6.8084
Zimbabwe,ZWE,1981,6.613
Zimbabwe,ZWE,1982,6.3679
Zimbabwe,ZWE,1983,6.1367
Zimbabwe,ZWE,1984,5.8407
Zimbabwe,ZWE,1985,5.6103
Zimbabwe,ZWE,1986,5.426
Zimbabwe,ZWE,1987,5.3174
Zimbabwe,ZWE,1988,5.2796
Zimbabwe,ZWE,1989,5.3202
Zimbabwe,ZWE,1990,5.4232
Zimbabwe,ZWE,1991,5.5735
Zimbabwe,ZWE,1992,5.7517
Zimbabwe,ZWE,1993,5.9345
Zimbabwe,ZWE,1994,6.0849
Zimbabwe,ZWE,1995,6.206
Zimbabwe,ZWE,1996,6.3087
Zimbabwe,ZWE,1997,6.2958
Zimbabwe,ZWE,1998,6.273
Zimbabwe,ZWE,1999,6.2165
Zimbabwe,ZWE,2000,6.142
Zimbabwe,ZWE,2001,6.0578
Zimbabwe,ZWE,2002,6.0054
Zimbabwe,ZWE,2003,5.9717
Zimbabwe,ZWE,2004,5.9665
Zimbabwe,ZWE,2005,5.9761
Zimbabwe,ZWE,2006,5.9792
Zimbabwe,ZWE,2007,5.9485
Zimbabwe,ZWE,2008,5.9213
Zimbabwe,ZWE,2009,5.7488
Zimbabwe,ZWE,2010,5.4628
Zimbabwe,ZWE,2011,5.1899
Zimbabwe,ZWE,2012,4.8985
Zimbabwe,ZWE,2013,4.633
Zimbabwe,ZWE,2014,4.3845
Zimbabwe,ZWE,2015,4.1845
Zimbabwe,ZWE,2016,4.0197
Zimbabwe,ZWE,2017,3.8904
Zimbabwe,ZWE,2018,3.7668
Zimbabwe,ZWE,2019,3.682
Zimbabwe,ZWE,2020,3.5705
Zimbabwe,ZWE,2021,3.4817
Zimbabwe,ZWE,2022,3.4116
Zimbabwe,ZWE,2023,3.3196