Entity,Code,Year,Population growth rate
Afghanistan,AFG,1950,1.275
Afghanistan,AFG,1951,1.36
Afghanistan,AFG,1952,1.374
Afghanistan,AFG,1953,1.335
Afghanistan,AFG,1954,1.394
Afghanistan,AFG,1955,1.485
Afghanistan,AFG,1956,1.55
Afghanistan,AFG,1957,1.596
Afghanistan,AFG,1958,1.525
Afghanistan,AFG,1959,1.789
Afghanistan,AFG,1960,1.913
Afghanistan,AFG,1961,2.01
Afghanistan,AFG,1962,2.078
Afghanistan,AFG,1963,2.132
Afghanistan,AFG,1964,2.19
Afghanistan,AFG,1965,2.276
Afghanistan,AFG,1966,2.263
Afghanistan,AFG,1967,2.349
Afghanistan,AFG,1968,2.372
Afghanistan,AFG,1969,2.413
Afghanistan,AFG,1970,2.477
Afghanistan,AFG,1971,2.382
Afghanistan,AFG,1972,2.502
Afghanistan,AFG,1973,2.567
Afghanistan,AFG,1974,2.488
Afghanistan,AFG,1975,2.344
Afghanistan,AFG,1976,2.086
Afghanistan,AFG,1977,2.17
Afghanistan,AFG,1978,1.851
Afghanistan,AFG,1979,-1.199
Afghanistan,AFG,1980,-6.144
Afghanistan,AFG,1981,-13.883
Afghanistan,AFG,1982,-2.164
Afghanistan,AFG,1983,0.833
Afghanistan,AFG,1984,4.053
Afghanistan,AFG,1985,0.173
Afghanistan,AFG,1986,-0.292
Afghanistan,AFG,1987,-0.274
Afghanistan,AFG,1988,2.622
Afghanistan,AFG,1989,3.364
Afghanistan,AFG,1990,-0.467
Afghanistan,AFG,1991,3.618
Afghanistan,AFG,1992,12.347
Afghanistan,AFG,1993,11.328
Afghanistan,AFG,1994,5.689
Afghanistan,AFG,1995,4.136
Afghanistan,AFG,1996,3.88
Afghanistan,AFG,1997,3.732
Afghanistan,AFG,1998,3.796
Afghanistan,AFG,1999,3.663
Afghanistan,AFG,2000,-1.208
Afghanistan,AFG,2001,2.718
Afghanistan,AFG,2002,7.658
Afghanistan,AFG,2003,4.723
Afghanistan,AFG,2004,2.469
Afghanistan,AFG,2005,4.533
Afghanistan,AFG,2006,3.67
Afghanistan,AFG,2007,0.149
Afghanistan,AFG,2008,4.181
Afghanistan,AFG,2009,3.131
Afghanistan,AFG,2010,2.744
Afghanistan,AFG,2011,4.605
Afghanistan,AFG,2012,3.513
Afghanistan,AFG,2013,3.327
Afghanistan,AFG,2014,3.927
Afghanistan,AFG,2015,2.337
Afghanistan,AFG,2016,2.729
Afghanistan,AFG,2017,2.885
Afghanistan,AFG,2018,2.935
Afghanistan,AFG,2019,3.032
Afghanistan,AFG,2020,3.272
Afghanistan,AFG,2021,1.462
Afghanistan,AFG,2022,1.41
Afghanistan,AFG,2023,2.846
Africa (UN),UN_AFR,1950,2.052
Africa (UN),UN_AFR,1951,2.102
Africa (UN),UN_AFR,1952,2.137
Africa (UN),UN_AFR,1953,2.149
Africa (UN),UN_AFR,1954,2.188
Africa (UN),UN_AFR,1955,2.223
Africa (UN),UN_AFR,1956,2.249
Africa (UN),UN_AFR,1957,2.219
Africa (UN),UN_AFR,1958,2.192
Africa (UN),UN_AFR,1959,2.351
Africa (UN),UN_AFR,1960,2.389
Africa (UN),UN_AFR,1961,2.407
Africa (UN),UN_AFR,1962,2.447
Africa (UN),UN_AFR,1963,2.467
Africa (UN),UN_AFR,1964,2.507
Africa (UN),UN_AFR,1965,2.51
Africa (UN),UN_AFR,1966,2.557
Africa (UN),UN_AFR,1967,2.599
Africa (UN),UN_AFR,1968,2.63
Africa (UN),UN_AFR,1969,2.624
Africa (UN),UN_AFR,1970,2.653
Africa (UN),UN_AFR,1971,2.625
Africa (UN),UN_AFR,1972,2.627
Africa (UN),UN_AFR,1973,2.754
Africa (UN),UN_AFR,1974,2.752
Africa (UN),UN_AFR,1975,2.851
Africa (UN),UN_AFR,1976,2.834
Africa (UN),UN_AFR,1977,2.74
Africa (UN),UN_AFR,1978,2.992
Africa (UN),UN_AFR,1979,2.918
Africa (UN),UN_AFR,1980,2.902
Africa (UN),UN_AFR,1981,3.039
Africa (UN),UN_AFR,1982,3.032
Africa (UN),UN_AFR,1983,2.839
Africa (UN),UN_AFR,1984,2.91
Africa (UN),UN_AFR,1985,2.901
Africa (UN),UN_AFR,1986,2.843
Africa (UN),UN_AFR,1987,2.851
Africa (UN),UN_AFR,1988,2.737
Africa (UN),UN_AFR,1989,2.757
Africa (UN),UN_AFR,1990,2.729
Africa (UN),UN_AFR,1991,2.585
Africa (UN),UN_AFR,1992,2.626
Africa (UN),UN_AFR,1993,2.629
Africa (UN),UN_AFR,1994,2.443
Africa (UN),UN_AFR,1995,2.584
Africa (UN),UN_AFR,1996,2.478
Africa (UN),UN_AFR,1997,2.492
Africa (UN),UN_AFR,1998,2.531
Africa (UN),UN_AFR,1999,2.494
Africa (UN),UN_AFR,2000,2.505
Africa (UN),UN_AFR,2001,2.514
Africa (UN),UN_AFR,2002,2.523
Africa (UN),UN_AFR,2003,2.525
Africa (UN),UN_AFR,2004,2.555
Africa (UN),UN_AFR,2005,2.553
Africa (UN),UN_AFR,2006,2.555
Africa (UN),UN_AFR,2007,2.574
Africa (UN),UN_AFR,2008,2.601
Africa (UN),UN_AFR,2009,2.579
Africa (UN),UN_AFR,2010,2.605
Africa (UN),UN_AFR,2011,2.539
Africa (UN),UN_AFR,2012,2.61
Africa (UN),UN_AFR,2013,2.625
Africa (UN),UN_AFR,2014,2.562
Africa (UN),UN_AFR,2015,2.561
Africa (UN),UN_AFR,2016,2.479
Africa (UN),UN_AFR,2017,2.523
Africa (UN),UN_AFR,2018,2.482
Africa (UN),UN_AFR,2019,2.414
Africa (UN),UN_AFR,2020,2.396
Africa (UN),UN_AFR,2021,2.318
Africa (UN),UN_AFR,2022,2.315
Africa (UN),UN_AFR,2023,2.316
Albania,ALB,1950,2.144
Albania,ALB,1951,2.372
Albania,ALB,1952,2.577
Albania,ALB,1953,2.733
Albania,ALB,1954,2.774
Albania,ALB,1955,2.623
Albania,ALB,1956,2.658
Albania,ALB,1957,2.907
Albania,ALB,1958,3.141
Albania,ALB,1959,3.359
Albania,ALB,1960,3.346
Albania,ALB,1961,2.568
Albania,ALB,1962,2.653
Albania,ALB,1963,2.727
Albania,ALB,1964,2.795
Albania,ALB,1965,2.865
Albania,ALB,1966,2.933
Albania,ALB,1967,2.975
Albania,ALB,1968,2.943
Albania,ALB,1969,2.595
Albania,ALB,1970,2.453
Albania,ALB,1971,2.418
Albania,ALB,1972,2.381
Albania,ALB,1973,2.354
Albania,ALB,1974,2.31
Albania,ALB,1975,2.261
Albania,ALB,1976,2.228
Albania,ALB,1977,2.186
Albania,ALB,1978,2.284
Albania,ALB,1979,1.998
Albania,ALB,1980,1.992
Albania,ALB,1981,1.989
Albania,ALB,1982,2.019
Albania,ALB,1983,2.03
Albania,ALB,1984,2.047
Albania,ALB,1985,2.045
Albania,ALB,1986,1.974
Albania,ALB,1987,1.951
Albania,ALB,1988,2.077
Albania,ALB,1989,0.864
Albania,ALB,1990,0.214
Albania,ALB,1991,0.069
Albania,ALB,1992,-0.075
Albania,ALB,1993,-0.21
Albania,ALB,1994,-0.304
Albania,ALB,1995,-0.36
Albania,ALB,1996,-0.433
Albania,ALB,1997,-0.557
Albania,ALB,1998,-0.656
Albania,ALB,1999,-0.691
Albania,ALB,2000,-0.723
Albania,ALB,2001,-0.43
Albania,ALB,2002,-0.452
Albania,ALB,2003,-0.572
Albania,ALB,2004,-0.678
Albania,ALB,2005,-0.779
Albania,ALB,2006,-0.876
Albania,ALB,2007,-0.963
Albania,ALB,2008,-1.029
Albania,ALB,2009,-1.084
Albania,ALB,2010,-1.141
Albania,ALB,2011,-0.035
Albania,ALB,2012,-0.068
Albania,ALB,2013,-0.099
Albania,ALB,2014,-0.164
Albania,ALB,2015,-0.189
Albania,ALB,2016,0.136
Albania,ALB,2017,-0.11
Albania,ALB,2018,-0.167
Albania,ALB,2019,-0.472
Albania,ALB,2020,-0.435
Albania,ALB,2021,-1.128
Albania,ALB,2022,-0.421
Albania,ALB,2023,-0.711
Algeria,DZA,1950,2.786
Algeria,DZA,1951,2.714
Algeria,DZA,1952,2.637
Algeria,DZA,1953,2.577
Algeria,DZA,1954,2.314
Algeria,DZA,1955,2.288
Algeria,DZA,1956,2.243
Algeria,DZA,1957,2.198
Algeria,DZA,1958,2.161
Algeria,DZA,1959,2.102
Algeria,DZA,1960,2.06
Algeria,DZA,1961,1.484
Algeria,DZA,1962,1.451
Algeria,DZA,1963,1.598
Algeria,DZA,1964,1.674
Algeria,DZA,1965,1.362
Algeria,DZA,1966,2.222
Algeria,DZA,1967,2.27
Algeria,DZA,1968,2.283
Algeria,DZA,1969,2.271
Algeria,DZA,1970,2.246
Algeria,DZA,1971,2.276
Algeria,DZA,1972,2.325
Algeria,DZA,1973,2.389
Algeria,DZA,1974,2.458
Algeria,DZA,1975,4.582
Algeria,DZA,1976,4.528
Algeria,DZA,1977,2.767
Algeria,DZA,1978,2.92
Algeria,DZA,1979,3.039
Algeria,DZA,1980,3.186
Algeria,DZA,1981,3.3
Algeria,DZA,1982,3.367
Algeria,DZA,1983,3.417
Algeria,DZA,1984,3.41
Algeria,DZA,1985,3.399
Algeria,DZA,1986,3.192
Algeria,DZA,1987,2.859
Algeria,DZA,1988,2.744
Algeria,DZA,1989,2.538
Algeria,DZA,1990,2.421
Algeria,DZA,1991,2.347
Algeria,DZA,1992,2.521
Algeria,DZA,1993,2.294
Algeria,DZA,1994,2.133
Algeria,DZA,1995,2.005
Algeria,DZA,1996,1.911
Algeria,DZA,1997,1.818
Algeria,DZA,1998,1.371
Algeria,DZA,1999,1.406
Algeria,DZA,2000,1.393
Algeria,DZA,2001,1.354
Algeria,DZA,2002,1.307
Algeria,DZA,2003,1.351
Algeria,DZA,2004,1.441
Algeria,DZA,2005,1.486
Algeria,DZA,2006,1.596
Algeria,DZA,2007,1.741
Algeria,DZA,2008,1.896
Algeria,DZA,2009,1.936
Algeria,DZA,2010,1.958
Algeria,DZA,2011,1.956
Algeria,DZA,2012,2.029
Algeria,DZA,2013,2.01
Algeria,DZA,2014,2.065
Algeria,DZA,2015,2.048
Algeria,DZA,2016,2.064
Algeria,DZA,2017,2.001
Algeria,DZA,2018,1.876
Algeria,DZA,2019,1.806
Algeria,DZA,2020,1.62
Algeria,DZA,2021,1.619
Algeria,DZA,2022,1.557
Algeria,DZA,2023,1.442
American Samoa,ASM,1950,3.419
American Samoa,ASM,1951,0.592
American Samoa,ASM,1952,0.716
American Samoa,ASM,1953,0.437
American Samoa,ASM,1954,0.511
American Samoa,ASM,1955,0.488
American Samoa,ASM,1956,0.296
American Samoa,ASM,1957,-0.08
American Samoa,ASM,1958,-0.196
American Samoa,ASM,1959,-0.025
American Samoa,ASM,1960,2.25
American Samoa,ASM,1961,2.967
American Samoa,ASM,1962,3.062
American Samoa,ASM,1963,3.119
American Samoa,ASM,1964,3.211
American Samoa,ASM,1965,3.149
American Samoa,ASM,1966,2.996
American Samoa,ASM,1967,2.948
American Samoa,ASM,1968,2.999
American Samoa,ASM,1969,2.855
American Samoa,ASM,1970,2.031
American Samoa,ASM,1971,1.693
American Samoa,ASM,1972,1.64
American Samoa,ASM,1973,1.488
American Samoa,ASM,1974,1.572
American Samoa,ASM,1975,1.957
American Samoa,ASM,1976,1.883
American Samoa,ASM,1977,1.835
American Samoa,ASM,1978,1.767
American Samoa,ASM,1979,1.651
American Samoa,ASM,1980,3.275
American Samoa,ASM,1981,3.88
American Samoa,ASM,1982,3.856
American Samoa,ASM,1983,3.8
American Samoa,ASM,1984,3.754
American Samoa,ASM,1985,3.732
American Samoa,ASM,1986,3.638
American Samoa,ASM,1987,3.628
American Samoa,ASM,1988,3.577
American Samoa,ASM,1989,3.523
American Samoa,ASM,1990,2.8
American Samoa,ASM,1991,2.46
American Samoa,ASM,1992,2.315
American Samoa,ASM,1993,2.205
American Samoa,ASM,1994,2.103
American Samoa,ASM,1995,2.011
American Samoa,ASM,1996,1.917
American Samoa,ASM,1997,1.829
American Samoa,ASM,1998,1.715
American Samoa,ASM,1999,1.565
American Samoa,ASM,2000,0.586
American Samoa,ASM,2001,0.114
American Samoa,ASM,2002,-0.086
American Samoa,ASM,2003,-0.233
American Samoa,ASM,2004,-0.303
American Samoa,ASM,2005,-0.406
American Samoa,ASM,2006,-0.452
American Samoa,ASM,2007,-0.478
American Samoa,ASM,2008,-0.541
American Samoa,ASM,2009,-0.537
American Samoa,ASM,2010,-0.545
American Samoa,ASM,2011,-0.665
American Samoa,ASM,2012,-0.822
American Samoa,ASM,2013,-0.959
American Samoa,ASM,2014,-1.051
American Samoa,ASM,2015,-1.161
American Samoa,ASM,2016,-1.25
American Samoa,ASM,2017,-1.287
American Samoa,ASM,2018,-1.357
American Samoa,ASM,2019,-1.41
American Samoa,ASM,2020,-0.376
American Samoa,ASM,2021,-1.8
American Samoa,ASM,2022,-1.823
American Samoa,ASM,2023,-1.599
Andorra,AND,1950,1.601
Andorra,AND,1951,-7.755
Andorra,AND,1952,-5.042
Andorra,AND,1953,0.188
Andorra,AND,1954,9.79
Andorra,AND,1955,9.398
Andorra,AND,1956,9.157
Andorra,AND,1957,8.804
Andorra,AND,1958,8.496
Andorra,AND,1959,8.225
Andorra,AND,1960,7.975
Andorra,AND,1961,7.658
Andorra,AND,1962,7.4
Andorra,AND,1963,7.036
Andorra,AND,1964,6.733
Andorra,AND,1965,6.471
Andorra,AND,1966,7.538
Andorra,AND,1967,8.34
Andorra,AND,1968,7.911
Andorra,AND,1969,7.549
Andorra,AND,1970,7.227
Andorra,AND,1971,6.938
Andorra,AND,1972,6.728
Andorra,AND,1973,6.478
Andorra,AND,1974,6.221
Andorra,AND,1975,5.99
Andorra,AND,1976,5.644
Andorra,AND,1977,5.346
Andorra,AND,1978,4.932
Andorra,AND,1979,4.455
Andorra,AND,1980,3.977
Andorra,AND,1981,3.635
Andorra,AND,1982,4.75
Andorra,AND,1983,4.337
Andorra,AND,1984,3.923
Andorra,AND,1985,3.298
Andorra,AND,1986,5.194
Andorra,AND,1987,3.068
Andorra,AND,1988,4.177
Andorra,AND,1989,0.678
Andorra,AND,1990,6.87
Andorra,AND,1991,7.996
Andorra,AND,1992,4.212
Andorra,AND,1993,5.707
Andorra,AND,1994,-1.438
Andorra,AND,1995,-0.739
Andorra,AND,1996,0.963
Andorra,AND,1997,1.26
Andorra,AND,1998,0.84
Andorra,AND,1999,0.163
Andorra,AND,2000,-0.237
Andorra,AND,2001,0.744
Andorra,AND,2002,1.23
Andorra,AND,2003,7.402
Andorra,AND,2004,6.108
Andorra,AND,2005,2.135
Andorra,AND,2006,3.364
Andorra,AND,2007,2.329
Andorra,AND,2008,1.589
Andorra,AND,2009,-0.644
Andorra,AND,2010,-7.219
Andorra,AND,2011,-0.028
Andorra,AND,2012,-2.442
Andorra,AND,2013,-1.869
Andorra,AND,2014,-2.045
Andorra,AND,2015,-2.243
Andorra,AND,2016,2.265
Andorra,AND,2017,2.07
Andorra,AND,2018,1.692
Andorra,AND,2019,1.767
Andorra,AND,2020,0.597
Andorra,AND,2021,1.921
Andorra,AND,2022,1.478
Andorra,AND,2023,1.39
Angola,AGO,1950,1.208
Angola,AGO,1951,1.008
Angola,AGO,1952,1.115
Angola,AGO,1953,1.222
Angola,AGO,1954,1.326
Angola,AGO,1955,1.425
Angola,AGO,1956,1.512
Angola,AGO,1957,1.578
Angola,AGO,1958,1.628
Angola,AGO,1959,1.663
Angola,AGO,1960,1.673
Angola,AGO,1961,0.987
Angola,AGO,1962,0.992
Angola,AGO,1963,1.015
Angola,AGO,1964,1.04
Angola,AGO,1965,1.064
Angola,AGO,1966,1.076
Angola,AGO,1967,1.077
Angola,AGO,1968,1.07
Angola,AGO,1969,1.058
Angola,AGO,1970,2.003
Angola,AGO,1971,2.66
Angola,AGO,1972,3.352
Angola,AGO,1973,3.469
Angola,AGO,1974,3.449
Angola,AGO,1975,3.377
Angola,AGO,1976,3.285
Angola,AGO,1977,3.471
Angola,AGO,1978,3.483
Angola,AGO,1979,3.532
Angola,AGO,1980,3.642
Angola,AGO,1981,3.643
Angola,AGO,1982,3.712
Angola,AGO,1983,3.72
Angola,AGO,1984,3.693
Angola,AGO,1985,3.665
Angola,AGO,1986,3.574
Angola,AGO,1987,3.377
Angola,AGO,1988,3.429
Angola,AGO,1989,3.401
Angola,AGO,1990,3.384
Angola,AGO,1991,3.335
Angola,AGO,1992,3.215
Angola,AGO,1993,3.176
Angola,AGO,1994,3.305
Angola,AGO,1995,3.374
Angola,AGO,1996,3.389
Angola,AGO,1997,3.402
Angola,AGO,1998,3.294
Angola,AGO,1999,3.297
Angola,AGO,2000,3.327
Angola,AGO,2001,3.379
Angola,AGO,2002,3.435
Angola,AGO,2003,3.55
Angola,AGO,2004,3.637
Angola,AGO,2005,3.655
Angola,AGO,2006,3.714
Angola,AGO,2007,3.77
Angola,AGO,2008,3.786
Angola,AGO,2009,3.817
Angola,AGO,2010,3.884
Angola,AGO,2011,3.891
Angola,AGO,2012,3.876
Angola,AGO,2013,3.825
Angola,AGO,2014,3.644
Angola,AGO,2015,3.568
Angola,AGO,2016,3.585
Angola,AGO,2017,3.498
Angola,AGO,2018,3.41
Angola,AGO,2019,3.366
Angola,AGO,2020,3.173
Angola,AGO,2021,3.19
Angola,AGO,2022,3.098
Angola,AGO,2023,3.064
Anguilla,AIA,1950,4.479
Anguilla,AIA,1951,3.704
Anguilla,AIA,1952,2.31
Anguilla,AIA,1953,2.617
Anguilla,AIA,1954,2.445
Anguilla,AIA,1955,0.975
Anguilla,AIA,1956,0.398
Anguilla,AIA,1957,0.138
Anguilla,AIA,1958,-0.19
Anguilla,AIA,1959,-0.415
Anguilla,AIA,1960,0.571
Anguilla,AIA,1961,0.842
Anguilla,AIA,1962,0.953
Anguilla,AIA,1963,0.692
Anguilla,AIA,1964,0.854
Anguilla,AIA,1965,0.748
Anguilla,AIA,1966,1.038
Anguilla,AIA,1967,0.881
Anguilla,AIA,1968,0.841
Anguilla,AIA,1969,0.93
Anguilla,AIA,1970,1
Anguilla,AIA,1971,0.787
Anguilla,AIA,1972,0.718
Anguilla,AIA,1973,0.651
Anguilla,AIA,1974,0.324
Anguilla,AIA,1975,0.308
Anguilla,AIA,1976,0.353
Anguilla,AIA,1977,0.321
Anguilla,AIA,1978,0.244
Anguilla,AIA,1979,0.228
Anguilla,AIA,1980,0.121
Anguilla,AIA,1981,0.363
Anguilla,AIA,1982,0.347
Anguilla,AIA,1983,0.241
Anguilla,AIA,1984,2.581
Anguilla,AIA,1985,3.61
Anguilla,AIA,1986,3.851
Anguilla,AIA,1987,3.669
Anguilla,AIA,1988,3.842
Anguilla,AIA,1989,3.907
Anguilla,AIA,1990,3.596
Anguilla,AIA,1991,3.505
Anguilla,AIA,1992,2.828
Anguilla,AIA,1993,2.579
Anguilla,AIA,1994,2.535
Anguilla,AIA,1995,2.615
Anguilla,AIA,1996,2.736
Anguilla,AIA,1997,2.721
Anguilla,AIA,1998,2.724
Anguilla,AIA,1999,2.97
Anguilla,AIA,2000,3.123
Anguilla,AIA,2001,2.101
Anguilla,AIA,2002,1.617
Anguilla,AIA,2003,1.575
Anguilla,AIA,2004,1.649
Anguilla,AIA,2005,1.622
Anguilla,AIA,2006,1.66
Anguilla,AIA,2007,1.625
Anguilla,AIA,2008,1.715
Anguilla,AIA,2009,1.731
Anguilla,AIA,2010,1.761
Anguilla,AIA,2011,1.584
Anguilla,AIA,2012,-4.455
Anguilla,AIA,2013,2.581
Anguilla,AIA,2014,4.451
Anguilla,AIA,2015,2.47
Anguilla,AIA,2016,-0.901
Anguilla,AIA,2017,2.343
Anguilla,AIA,2018,1.725
Anguilla,AIA,2019,-0.331
Anguilla,AIA,2020,0.593
Anguilla,AIA,2021,-5.701
Anguilla,AIA,2022,1.657
Anguilla,AIA,2023,1.568
Antigua and Barbuda,ATG,1950,2.181
Antigua and Barbuda,ATG,1951,2.072
Antigua and Barbuda,ATG,1952,2.093
Antigua and Barbuda,ATG,1953,2.024
Antigua and Barbuda,ATG,1954,2.021
Antigua and Barbuda,ATG,1955,2.001
Antigua and Barbuda,ATG,1956,1.962
Antigua and Barbuda,ATG,1957,1.979
Antigua and Barbuda,ATG,1958,1.998
Antigua and Barbuda,ATG,1959,1.961
Antigua and Barbuda,ATG,1960,1.953
Antigua and Barbuda,ATG,1961,1.394
Antigua and Barbuda,ATG,1962,1.401
Antigua and Barbuda,ATG,1963,1.379
Antigua and Barbuda,ATG,1964,1.632
Antigua and Barbuda,ATG,1965,1.561
Antigua and Barbuda,ATG,1966,1.516
Antigua and Barbuda,ATG,1967,1.541
Antigua and Barbuda,ATG,1968,1.576
Antigua and Barbuda,ATG,1969,1.614
Antigua and Barbuda,ATG,1970,0.6
Antigua and Barbuda,ATG,1971,0.025
Antigua and Barbuda,ATG,1972,-0.378
Antigua and Barbuda,ATG,1973,-0.469
Antigua and Barbuda,ATG,1974,-0.414
Antigua and Barbuda,ATG,1975,-0.273
Antigua and Barbuda,ATG,1976,0.031
Antigua and Barbuda,ATG,1977,0.283
Antigua and Barbuda,ATG,1978,0.267
Antigua and Barbuda,ATG,1979,0.467
Antigua and Barbuda,ATG,1980,0.274
Antigua and Barbuda,ATG,1981,0.196
Antigua and Barbuda,ATG,1982,0.176
Antigua and Barbuda,ATG,1983,0.283
Antigua and Barbuda,ATG,1984,-0.442
Antigua and Barbuda,ATG,1985,-0.458
Antigua and Barbuda,ATG,1986,-0.518
Antigua and Barbuda,ATG,1987,-0.513
Antigua and Barbuda,ATG,1988,-0.501
Antigua and Barbuda,ATG,1989,-0.434
Antigua and Barbuda,ATG,1990,-0.385
Antigua and Barbuda,ATG,1991,1.395
Antigua and Barbuda,ATG,1992,1.787
Antigua and Barbuda,ATG,1993,1.851
Antigua and Barbuda,ATG,1994,1.94
Antigua and Barbuda,ATG,1995,2.046
Antigua and Barbuda,ATG,1996,2.085
Antigua and Barbuda,ATG,1997,2.015
Antigua and Barbuda,ATG,1998,1.777
Antigua and Barbuda,ATG,1999,1.658
Antigua and Barbuda,ATG,2000,1.695
Antigua and Barbuda,ATG,2001,1.372
Antigua and Barbuda,ATG,2002,1.145
Antigua and Barbuda,ATG,2003,1.055
Antigua and Barbuda,ATG,2004,1.079
Antigua and Barbuda,ATG,2005,1.172
Antigua and Barbuda,ATG,2006,1.308
Antigua and Barbuda,ATG,2007,1.403
Antigua and Barbuda,ATG,2008,1.532
Antigua and Barbuda,ATG,2009,1.487
Antigua and Barbuda,ATG,2010,1.222
Antigua and Barbuda,ATG,2011,1.135
Antigua and Barbuda,ATG,2012,1.004
Antigua and Barbuda,ATG,2013,0.832
Antigua and Barbuda,ATG,2014,0.753
Antigua and Barbuda,ATG,2015,0.693
Antigua and Barbuda,ATG,2016,0.556
Antigua and Barbuda,ATG,2017,0.55
Antigua and Barbuda,ATG,2018,0.46
Antigua and Barbuda,ATG,2019,0.5
Antigua and Barbuda,ATG,2020,0.553
Antigua and Barbuda,ATG,2021,0.539
Antigua and Barbuda,ATG,2022,0.521
Antigua and Barbuda,ATG,2023,0.5
Argentina,ARG,1950,1.979
Argentina,ARG,1951,1.96
Argentina,ARG,1952,1.947
Argentina,ARG,1953,1.886
Argentina,ARG,1954,1.848
Argentina,ARG,1955,1.763
Argentina,ARG,1956,1.774
Argentina,ARG,1957,1.694
Argentina,ARG,1958,1.695
Argentina,ARG,1959,1.679
Argentina,ARG,1960,1.65
Argentina,ARG,1961,1.66
Argentina,ARG,1962,1.653
Argentina,ARG,1963,1.634
Argentina,ARG,1964,1.587
Argentina,ARG,1965,1.541
Argentina,ARG,1966,1.522
Argentina,ARG,1967,1.529
Argentina,ARG,1968,1.531
Argentina,ARG,1969,1.539
Argentina,ARG,1970,1.581
Argentina,ARG,1971,1.568
Argentina,ARG,1972,1.598
Argentina,ARG,1973,1.635
Argentina,ARG,1974,1.654
Argentina,ARG,1975,1.562
Argentina,ARG,1976,1.568
Argentina,ARG,1977,1.599
Argentina,ARG,1978,1.599
Argentina,ARG,1979,1.595
Argentina,ARG,1980,1.591
Argentina,ARG,1981,1.613
Argentina,ARG,1982,1.596
Argentina,ARG,1983,1.608
Argentina,ARG,1984,1.577
Argentina,ARG,1985,1.568
Argentina,ARG,1986,1.543
Argentina,ARG,1987,1.548
Argentina,ARG,1988,1.552
Argentina,ARG,1989,1.511
Argentina,ARG,1990,1.473
Argentina,ARG,1991,1.404
Argentina,ARG,1992,1.365
Argentina,ARG,1993,1.342
Argentina,ARG,1994,1.338
Argentina,ARG,1995,1.283
Argentina,ARG,1996,1.233
Argentina,ARG,1997,1.197
Argentina,ARG,1998,1.154
Argentina,ARG,1999,1.152
Argentina,ARG,2000,1.115
Argentina,ARG,2001,1.081
Argentina,ARG,2002,1.058
Argentina,ARG,2003,1.009
Argentina,ARG,2004,1.019
Argentina,ARG,2005,1.036
Argentina,ARG,2006,1.021
Argentina,ARG,2007,0.962
Argentina,ARG,2008,1.064
Argentina,ARG,2009,1.056
Argentina,ARG,2010,1.057
Argentina,ARG,2011,1.073
Argentina,ARG,2012,0.983
Argentina,ARG,2013,1.003
Argentina,ARG,2014,1.06
Argentina,ARG,2015,1.034
Argentina,ARG,2016,0.904
Argentina,ARG,2017,0.858
Argentina,ARG,2018,0.788
Argentina,ARG,2019,0.635
Argentina,ARG,2020,0.336
Argentina,ARG,2021,0.196
Argentina,ARG,2022,0.225
Argentina,ARG,2023,0.349
Armenia,ARM,1950,2.401
Armenia,ARM,1951,2.51
Armenia,ARM,1952,2.618
Armenia,ARM,1953,2.736
Armenia,ARM,1954,2.86
Armenia,ARM,1955,2.98
Armenia,ARM,1956,3.158
Armenia,ARM,1957,3.274
Armenia,ARM,1958,3.353
Armenia,ARM,1959,3.436
Armenia,ARM,1960,3.408
Armenia,ARM,1961,3.323
Armenia,ARM,1962,3.232
Armenia,ARM,1963,3.128
Armenia,ARM,1964,3.015
Armenia,ARM,1965,2.889
Armenia,ARM,1966,2.759
Armenia,ARM,1967,2.631
Armenia,ARM,1968,2.491
Armenia,ARM,1969,2.247
Armenia,ARM,1970,1.969
Armenia,ARM,1971,2.007
Armenia,ARM,1972,2.048
Armenia,ARM,1973,2.082
Armenia,ARM,1974,2.099
Armenia,ARM,1975,2.116
Armenia,ARM,1976,3.228
Armenia,ARM,1977,3.377
Armenia,ARM,1978,3.372
Armenia,ARM,1979,0.968
Armenia,ARM,1980,0.902
Armenia,ARM,1981,0.888
Armenia,ARM,1982,0.878
Armenia,ARM,1983,0.91
Armenia,ARM,1984,1.147
Armenia,ARM,1985,1.067
Armenia,ARM,1986,1.033
Armenia,ARM,1987,1
Armenia,ARM,1988,0.593
Armenia,ARM,1989,4.533
Armenia,ARM,1990,1.746
Armenia,ARM,1991,1.707
Armenia,ARM,1992,-4.086
Armenia,ARM,1993,-2.639
Armenia,ARM,1994,-2.565
Armenia,ARM,1995,-0.839
Armenia,ARM,1996,-0.913
Armenia,ARM,1997,-1.077
Armenia,ARM,1998,-1.272
Armenia,ARM,1999,-1.308
Armenia,ARM,2000,-1.341
Armenia,ARM,2001,-1.318
Armenia,ARM,2002,-0.549
Armenia,ARM,2003,-0.544
Armenia,ARM,2004,-0.54
Armenia,ARM,2005,-0.534
Armenia,ARM,2006,-0.531
Armenia,ARM,2007,-0.512
Armenia,ARM,2008,-0.487
Armenia,ARM,2009,-0.493
Armenia,ARM,2010,-0.49
Armenia,ARM,2011,-0.043
Armenia,ARM,2012,-0.008
Armenia,ARM,2013,0.007
Armenia,ARM,2014,-0.014
Armenia,ARM,2015,-0.072
Armenia,ARM,2016,-0.092
Armenia,ARM,2017,-0.171
Armenia,ARM,2018,-0.173
Armenia,ARM,2019,-0.24
Armenia,ARM,2020,-0.664
Armenia,ARM,2021,-0.763
Armenia,ARM,2022,1.491
Armenia,ARM,2023,2.789
Aruba,ABW,1950,2.546
Aruba,ABW,1951,2.627
Aruba,ABW,1952,2.643
Aruba,ABW,1953,2.688
Aruba,ABW,1954,2.64
Aruba,ABW,1955,2.654
Aruba,ABW,1956,2.591
Aruba,ABW,1957,2.543
Aruba,ABW,1958,2.468
Aruba,ABW,1959,2.458
Aruba,ABW,1960,1.009
Aruba,ABW,1961,1.366
Aruba,ABW,1962,1.286
Aruba,ABW,1963,1.121
Aruba,ABW,1964,1.034
Aruba,ABW,1965,0.938
Aruba,ABW,1966,0.789
Aruba,ABW,1967,0.219
Aruba,ABW,1968,0.049
Aruba,ABW,1969,-0.108
Aruba,ABW,1970,-0.236
Aruba,ABW,1971,-0.342
Aruba,ABW,1972,0.732
Aruba,ABW,1973,1.092
Aruba,ABW,1974,1.204
Aruba,ABW,1975,1.08
Aruba,ABW,1976,0.424
Aruba,ABW,1977,0.358
Aruba,ABW,1978,0.318
Aruba,ABW,1979,0.255
Aruba,ABW,1980,0.206
Aruba,ABW,1981,0.524
Aruba,ABW,1982,0.712
Aruba,ABW,1983,0.702
Aruba,ABW,1984,0.477
Aruba,ABW,1985,0.127
Aruba,ABW,1986,-0.253
Aruba,ABW,1987,-0.42
Aruba,ABW,1988,-0.226
Aruba,ABW,1989,0.814
Aruba,ABW,1990,2.437
Aruba,ABW,1991,3.983
Aruba,ABW,1992,2.92
Aruba,ABW,1993,3.356
Aruba,ABW,1994,3.251
Aruba,ABW,1995,3.335
Aruba,ABW,1996,3.308
Aruba,ABW,1997,3.271
Aruba,ABW,1998,3.209
Aruba,ABW,1999,3.124
Aruba,ABW,2000,2.117
Aruba,ABW,2001,1.338
Aruba,ABW,2002,1.028
Aruba,ABW,2003,1.001
Aruba,ABW,2004,0.945
Aruba,ABW,2005,1.225
Aruba,ABW,2006,1.228
Aruba,ABW,2007,1.261
Aruba,ABW,2008,1.244
Aruba,ABW,2009,1.237
Aruba,ABW,2010,0.95
Aruba,ABW,2011,0.776
Aruba,ABW,2012,0.767
Aruba,ABW,2013,0.787
Aruba,ABW,2014,0.796
Aruba,ABW,2015,0.769
Aruba,ABW,2016,0.746
Aruba,ABW,2017,0.686
Aruba,ABW,2018,0.637
Aruba,ABW,2019,0.57
Aruba,ABW,2020,0.036
Aruba,ABW,2021,0.257
Aruba,ABW,2022,0.16
Aruba,ABW,2023,0.131
Asia (UN),UN_ASI,1950,1.921
Asia (UN),UN_ASI,1951,1.95
Asia (UN),UN_ASI,1952,2.251
Asia (UN),UN_ASI,1953,2.153
Asia (UN),UN_ASI,1954,2.299
Asia (UN),UN_ASI,1955,2.313
Asia (UN),UN_ASI,1956,2.246
Asia (UN),UN_ASI,1957,2.372
Asia (UN),UN_ASI,1958,2.24
Asia (UN),UN_ASI,1959,1.748
Asia (UN),UN_ASI,1960,1.48
Asia (UN),UN_ASI,1961,1.616
Asia (UN),UN_ASI,1962,2.427
Asia (UN),UN_ASI,1963,2.746
Asia (UN),UN_ASI,1964,2.536
Asia (UN),UN_ASI,1965,2.445
Asia (UN),UN_ASI,1966,2.371
Asia (UN),UN_ASI,1967,2.328
Asia (UN),UN_ASI,1968,2.49
Asia (UN),UN_ASI,1969,2.428
Asia (UN),UN_ASI,1970,2.448
Asia (UN),UN_ASI,1971,2.248
Asia (UN),UN_ASI,1972,2.284
Asia (UN),UN_ASI,1973,2.225
Asia (UN),UN_ASI,1974,2.143
Asia (UN),UN_ASI,1975,2.012
Asia (UN),UN_ASI,1976,1.963
Asia (UN),UN_ASI,1977,1.919
Asia (UN),UN_ASI,1978,1.877
Asia (UN),UN_ASI,1979,1.949
Asia (UN),UN_ASI,1980,1.956
Asia (UN),UN_ASI,1981,1.983
Asia (UN),UN_ASI,1982,2.048
Asia (UN),UN_ASI,1983,1.957
Asia (UN),UN_ASI,1984,1.971
Asia (UN),UN_ASI,1985,1.973
Asia (UN),UN_ASI,1986,2.024
Asia (UN),UN_ASI,1987,2.032
Asia (UN),UN_ASI,1988,1.96
Asia (UN),UN_ASI,1989,1.957
Asia (UN),UN_ASI,1990,1.907
Asia (UN),UN_ASI,1991,1.744
Asia (UN),UN_ASI,1992,1.69
Asia (UN),UN_ASI,1993,1.605
Asia (UN),UN_ASI,1994,1.544
Asia (UN),UN_ASI,1995,1.527
Asia (UN),UN_ASI,1996,1.492
Asia (UN),UN_ASI,1997,1.454
Asia (UN),UN_ASI,1998,1.419
Asia (UN),UN_ASI,1999,1.376
Asia (UN),UN_ASI,2000,1.377
Asia (UN),UN_ASI,2001,1.334
Asia (UN),UN_ASI,2002,1.252
Asia (UN),UN_ASI,2003,1.251
Asia (UN),UN_ASI,2004,1.228
Asia (UN),UN_ASI,2005,1.217
Asia (UN),UN_ASI,2006,1.217
Asia (UN),UN_ASI,2007,1.184
Asia (UN),UN_ASI,2008,1.184
Asia (UN),UN_ASI,2009,1.197
Asia (UN),UN_ASI,2010,1.17
Asia (UN),UN_ASI,2011,1.159
Asia (UN),UN_ASI,2012,1.164
Asia (UN),UN_ASI,2013,1.098
Asia (UN),UN_ASI,2014,1.078
Asia (UN),UN_ASI,2015,1.001
Asia (UN),UN_ASI,2016,1.001
Asia (UN),UN_ASI,2017,0.936
Asia (UN),UN_ASI,2018,0.856
Asia (UN),UN_ASI,2019,0.817
Asia (UN),UN_ASI,2020,0.713
Asia (UN),UN_ASI,2021,0.572
Asia (UN),UN_ASI,2022,0.668
Asia (UN),UN_ASI,2023,0.606
Australia,AUS,1950,3.127
Australia,AUS,1951,2.709
Australia,AUS,1952,2.273
Australia,AUS,1953,1.98
Australia,AUS,1954,2.134
Australia,AUS,1955,2.385
Australia,AUS,1956,2.328
Australia,AUS,1957,2.167
Australia,AUS,1958,2.121
Australia,AUS,1959,2.146
Australia,AUS,1960,2.195
Australia,AUS,1961,2.034
Australia,AUS,1962,1.868
Australia,AUS,1963,1.944
Australia,AUS,1964,1.958
Australia,AUS,1965,2.118
Australia,AUS,1966,1.979
Australia,AUS,1967,1.75
Australia,AUS,1968,1.932
Australia,AUS,1969,2.057
Australia,AUS,1970,3.188
Australia,AUS,1971,3.042
Australia,AUS,1972,1.642
Australia,AUS,1973,1.547
Australia,AUS,1974,1.403
Australia,AUS,1975,1.126
Australia,AUS,1976,1.061
Australia,AUS,1977,1.158
Australia,AUS,1978,1.132
Australia,AUS,1979,1.164
Australia,AUS,1980,1.409
Australia,AUS,1981,1.661
Australia,AUS,1982,1.569
Australia,AUS,1983,1.34
Australia,AUS,1984,1.312
Australia,AUS,1985,1.422
Australia,AUS,1986,1.51
Australia,AUS,1987,1.609
Australia,AUS,1988,1.693
Australia,AUS,1989,1.598
Australia,AUS,1990,1.427
Australia,AUS,1991,1.207
Australia,AUS,1992,1.041
Australia,AUS,1993,0.928
Australia,AUS,1994,1.031
Australia,AUS,1995,1.168
Australia,AUS,1996,1.14
Australia,AUS,1997,1.03
Australia,AUS,1998,1.086
Australia,AUS,1999,1.129
Australia,AUS,2000,1.21
Australia,AUS,2001,1.211
Australia,AUS,2002,1.15
Australia,AUS,2003,1.124
Australia,AUS,2004,1.156
Australia,AUS,2005,1.301
Australia,AUS,2006,1.594
Australia,AUS,2007,1.908
Australia,AUS,2008,2.023
Australia,AUS,2009,1.802
Australia,AUS,2010,1.466
Australia,AUS,2011,1.565
Australia,AUS,2012,1.724
Australia,AUS,2013,1.607
Australia,AUS,2014,1.463
Australia,AUS,2015,1.501
Australia,AUS,2016,1.662
Australia,AUS,2017,1.608
Australia,AUS,2018,1.511
Australia,AUS,2019,1.359
Australia,AUS,2020,0.683
Australia,AUS,2021,0.961
Australia,AUS,2022,0.915
Australia,AUS,2023,0.985
Austria,AUT,1950,-0.039
Austria,AUT,1951,-0.133
Austria,AUT,1952,0.04
Austria,AUT,1953,0.1
Austria,AUT,1954,0.126
Austria,AUT,1955,0.069
Austria,AUT,1956,0.092
Austria,AUT,1957,0.298
Austria,AUT,1958,0.319
Austria,AUT,1959,0.45
Austria,AUT,1960,0.489
Austria,AUT,1961,0.609
Austria,AUT,1962,0.616
Austria,AUT,1963,0.668
Austria,AUT,1964,0.663
Austria,AUT,1965,0.635
Austria,AUT,1966,0.766
Austria,AUT,1967,0.725
Austria,AUT,1968,0.313
Austria,AUT,1969,0.379
Austria,AUT,1970,0.32
Austria,AUT,1971,0.57
Austria,AUT,1972,0.59
Austria,AUT,1973,0.517
Austria,AUT,1974,-0.178
Austria,AUT,1975,-0.353
Austria,AUT,1976,0
Austria,AUT,1977,0.076
Austria,AUT,1978,-0.238
Austria,AUT,1979,-0.103
Austria,AUT,1980,0.104
Austria,AUT,1981,0.402
Austria,AUT,1982,-0.256
Austria,AUT,1983,-0.059
Austria,AUT,1984,0.047
Austria,AUT,1985,0.048
Austria,AUT,1986,0.086
Austria,AUT,1987,0.044
Austria,AUT,1988,0.247
Austria,AUT,1989,0.674
Austria,AUT,1990,0.873
Austria,AUT,1991,1.134
Austria,AUT,1992,1.06
Austria,AUT,1993,0.587
Austria,AUT,1994,0.188
Austria,AUT,1995,0.118
Austria,AUT,1996,0.148
Austria,AUT,1997,0.075
Austria,AUT,1998,0.142
Austria,AUT,1999,0.244
Austria,AUT,2000,0.231
Austria,AUT,2001,0.498
Austria,AUT,2002,0.479
Austria,AUT,2003,0.532
Austria,AUT,2004,0.717
Austria,AUT,2005,0.642
Austria,AUT,2006,0.345
Austria,AUT,2007,0.308
Austria,AUT,2008,0.325
Austria,AUT,2009,0.199
Austria,AUT,2010,0.28
Austria,AUT,2011,0.392
Austria,AUT,2012,0.519
Austria,AUT,2013,0.658
Austria,AUT,2014,0.901
Austria,AUT,2015,1.336
Austria,AUT,2016,0.827
Austria,AUT,2017,0.562
Austria,AUT,2018,0.411
Austria,AUT,2019,0.475
Austria,AUT,2020,0.436
Austria,AUT,2021,0.584
Austria,AUT,2022,1.576
Austria,AUT,2023,-0.124
Azerbaijan,AZE,1950,1.698
Azerbaijan,AZE,1951,1.794
Azerbaijan,AZE,1952,1.925
Azerbaijan,AZE,1953,2.074
Azerbaijan,AZE,1954,2.231
Azerbaijan,AZE,1955,2.403
Azerbaijan,AZE,1956,2.573
Azerbaijan,AZE,1957,2.731
Azerbaijan,AZE,1958,2.881
Azerbaijan,AZE,1959,3.008
Azerbaijan,AZE,1960,3.103
Azerbaijan,AZE,1961,3.139
Azerbaijan,AZE,1962,3.111
Azerbaijan,AZE,1963,3.051
Azerbaijan,AZE,1964,2.883
Azerbaijan,AZE,1965,2.667
Azerbaijan,AZE,1966,2.519
Azerbaijan,AZE,1967,2.283
Azerbaijan,AZE,1968,2.155
Azerbaijan,AZE,1969,2.034
Azerbaijan,AZE,1970,1.944
Azerbaijan,AZE,1971,1.866
Azerbaijan,AZE,1972,1.788
Azerbaijan,AZE,1973,1.738
Azerbaijan,AZE,1974,1.724
Azerbaijan,AZE,1975,1.729
Azerbaijan,AZE,1976,2.514
Azerbaijan,AZE,1977,2.486
Azerbaijan,AZE,1978,2.095
Azerbaijan,AZE,1979,1.566
Azerbaijan,AZE,1980,1.564
Azerbaijan,AZE,1981,1.621
Azerbaijan,AZE,1982,1.666
Azerbaijan,AZE,1983,1.721
Azerbaijan,AZE,1984,1.406
Azerbaijan,AZE,1985,1.365
Azerbaijan,AZE,1986,1.31
Azerbaijan,AZE,1987,1.18
Azerbaijan,AZE,1988,1.767
Azerbaijan,AZE,1989,0.659
Azerbaijan,AZE,1990,1.103
Azerbaijan,AZE,1991,1.185
Azerbaijan,AZE,1992,1.3
Azerbaijan,AZE,1993,1.338
Azerbaijan,AZE,1994,1.435
Azerbaijan,AZE,1995,1.446
Azerbaijan,AZE,1996,1.427
Azerbaijan,AZE,1997,1.244
Azerbaijan,AZE,1998,1.003
Azerbaijan,AZE,1999,0.85
Azerbaijan,AZE,2000,0.976
Azerbaijan,AZE,2001,0.899
Azerbaijan,AZE,2002,0.895
Azerbaijan,AZE,2003,0.884
Azerbaijan,AZE,2004,1.23
Azerbaijan,AZE,2005,1.283
Azerbaijan,AZE,2006,1.354
Azerbaijan,AZE,2007,1.313
Azerbaijan,AZE,2008,1.26
Azerbaijan,AZE,2009,1.047
Azerbaijan,AZE,2010,1.163
Azerbaijan,AZE,2011,1.213
Azerbaijan,AZE,2012,1.363
Azerbaijan,AZE,2013,1.354
Azerbaijan,AZE,2014,1.296
Azerbaijan,AZE,2015,1.216
Azerbaijan,AZE,2016,1.14
Azerbaijan,AZE,2017,0.879
Azerbaijan,AZE,2018,0.547
Azerbaijan,AZE,2019,0.855
Azerbaijan,AZE,2020,0.551
Azerbaijan,AZE,2021,0.481
Azerbaijan,AZE,2022,0.706
Azerbaijan,AZE,2023,-0.26
Bahamas,BHS,1950,1.039
Bahamas,BHS,1951,1.574
Bahamas,BHS,1952,2.118
Bahamas,BHS,1953,2.632
Bahamas,BHS,1954,3.14
Bahamas,BHS,1955,3.561
Bahamas,BHS,1956,3.92
Bahamas,BHS,1957,4.179
Bahamas,BHS,1958,4.415
Bahamas,BHS,1959,4.651
Bahamas,BHS,1960,4.851
Bahamas,BHS,1961,5.008
Bahamas,BHS,1962,5.039
Bahamas,BHS,1963,4.973
Bahamas,BHS,1964,4.357
Bahamas,BHS,1965,4.516
Bahamas,BHS,1966,4.627
Bahamas,BHS,1967,4.698
Bahamas,BHS,1968,4.717
Bahamas,BHS,1969,4.363
Bahamas,BHS,1970,3.372
Bahamas,BHS,1971,2.889
Bahamas,BHS,1972,2.49
Bahamas,BHS,1973,2.286
Bahamas,BHS,1974,2.197
Bahamas,BHS,1975,2.18
Bahamas,BHS,1976,2.171
Bahamas,BHS,1977,2.124
Bahamas,BHS,1978,2.035
Bahamas,BHS,1979,1.921
Bahamas,BHS,1980,1.81
Bahamas,BHS,1981,1.677
Bahamas,BHS,1982,1.676
Bahamas,BHS,1983,1.691
Bahamas,BHS,1984,1.685
Bahamas,BHS,1985,1.733
Bahamas,BHS,1986,1.7
Bahamas,BHS,1987,1.687
Bahamas,BHS,1988,1.729
Bahamas,BHS,1989,1.79
Bahamas,BHS,1990,1.696
Bahamas,BHS,1991,1.743
Bahamas,BHS,1992,1.923
Bahamas,BHS,1993,1.829
Bahamas,BHS,1994,1.69
Bahamas,BHS,1995,1.623
Bahamas,BHS,1996,1.542
Bahamas,BHS,1997,1.463
Bahamas,BHS,1998,1.389
Bahamas,BHS,1999,1.287
Bahamas,BHS,2000,1.337
Bahamas,BHS,2001,1.12
Bahamas,BHS,2002,1.171
Bahamas,BHS,2003,1.228
Bahamas,BHS,2004,1.238
Bahamas,BHS,2005,1.168
Bahamas,BHS,2006,1.419
Bahamas,BHS,2007,1.408
Bahamas,BHS,2008,1.284
Bahamas,BHS,2009,1.318
Bahamas,BHS,2010,1.239
Bahamas,BHS,2011,1.063
Bahamas,BHS,2012,0.94
Bahamas,BHS,2013,0.907
Bahamas,BHS,2014,0.851
Bahamas,BHS,2015,0.738
Bahamas,BHS,2016,0.664
Bahamas,BHS,2017,0.585
Bahamas,BHS,2018,0.555
Bahamas,BHS,2019,0.439
Bahamas,BHS,2020,0.162
Bahamas,BHS,2021,0.095
Bahamas,BHS,2022,0.491
Bahamas,BHS,2023,0.463
Bahrain,BHR,1950,2.886
Bahrain,BHR,1951,2.973
Bahrain,BHR,1952,3.059
Bahrain,BHR,1953,3.149
Bahrain,BHR,1954,3.27
Bahrain,BHR,1955,3.418
Bahrain,BHR,1956,3.533
Bahrain,BHR,1957,3.698
Bahrain,BHR,1958,3.852
Bahrain,BHR,1959,3.988
Bahrain,BHR,1960,4.096
Bahrain,BHR,1961,4.04
Bahrain,BHR,1962,3.928
Bahrain,BHR,1963,3.893
Bahrain,BHR,1964,3.803
Bahrain,BHR,1965,3.351
Bahrain,BHR,1966,3.192
Bahrain,BHR,1967,3.113
Bahrain,BHR,1968,1.655
Bahrain,BHR,1969,1.184
Bahrain,BHR,1970,0.91
Bahrain,BHR,1971,4.25
Bahrain,BHR,1972,5.351
Bahrain,BHR,1973,5.274
Bahrain,BHR,1974,5.196
Bahrain,BHR,1975,5.097
Bahrain,BHR,1976,4.972
Bahrain,BHR,1977,4.832
Bahrain,BHR,1978,4.675
Bahrain,BHR,1979,4.511
Bahrain,BHR,1980,4.333
Bahrain,BHR,1981,3.625
Bahrain,BHR,1982,3.457
Bahrain,BHR,1983,3.512
Bahrain,BHR,1984,3.571
Bahrain,BHR,1985,3.621
Bahrain,BHR,1986,3.647
Bahrain,BHR,1987,3.644
Bahrain,BHR,1988,3.602
Bahrain,BHR,1989,3.522
Bahrain,BHR,1990,3.385
Bahrain,BHR,1991,3.144
Bahrain,BHR,1992,2.746
Bahrain,BHR,1993,2.68
Bahrain,BHR,1994,2.631
Bahrain,BHR,1995,2.585
Bahrain,BHR,1996,2.532
Bahrain,BHR,1997,2.471
Bahrain,BHR,1998,2.397
Bahrain,BHR,1999,2.313
Bahrain,BHR,2000,2.209
Bahrain,BHR,2001,6.568
Bahrain,BHR,2002,7.784
Bahrain,BHR,2003,7.354
Bahrain,BHR,2004,6.968
Bahrain,BHR,2005,6.61
Bahrain,BHR,2006,6.276
Bahrain,BHR,2007,5.976
Bahrain,BHR,2008,5.663
Bahrain,BHR,2009,5.268
Bahrain,BHR,2010,-0.252
Bahrain,BHR,2011,-0.826
Bahrain,BHR,2012,2.394
Bahrain,BHR,2013,4.191
Bahrain,BHR,2014,4.465
Bahrain,BHR,2015,4.016
Bahrain,BHR,2016,4.542
Bahrain,BHR,2017,2.69
Bahrain,BHR,2018,-0.575
Bahrain,BHR,2019,-1.03
Bahrain,BHR,2020,0.682
Bahrain,BHR,2021,1.815
Bahrain,BHR,2022,2.357
Bahrain,BHR,2023,2.311
Bangladesh,BGD,1950,1.896
Bangladesh,BGD,1951,2.021
Bangladesh,BGD,1952,2.08
Bangladesh,BGD,1953,2.066
Bangladesh,BGD,1954,2.224
Bangladesh,BGD,1955,2.311
Bangladesh,BGD,1956,2.381
Bangladesh,BGD,1957,2.468
Bangladesh,BGD,1958,2.387
Bangladesh,BGD,1959,2.66
Bangladesh,BGD,1960,2.764
Bangladesh,BGD,1961,2.872
Bangladesh,BGD,1962,2.935
Bangladesh,BGD,1963,2.895
Bangladesh,BGD,1964,2.943
Bangladesh,BGD,1965,2.899
Bangladesh,BGD,1966,2.916
Bangladesh,BGD,1967,2.967
Bangladesh,BGD,1968,2.921
Bangladesh,BGD,1969,2.766
Bangladesh,BGD,1970,2.416
Bangladesh,BGD,1971,1.092
Bangladesh,BGD,1972,2.739
Bangladesh,BGD,1973,2.983
Bangladesh,BGD,1974,2.683
Bangladesh,BGD,1975,2.563
Bangladesh,BGD,1976,2.513
Bangladesh,BGD,1977,2.464
Bangladesh,BGD,1978,2.417
Bangladesh,BGD,1979,2.401
Bangladesh,BGD,1980,2.386
Bangladesh,BGD,1981,2.74
Bangladesh,BGD,1982,2.747
Bangladesh,BGD,1983,2.614
Bangladesh,BGD,1984,2.523
Bangladesh,BGD,1985,2.404
Bangladesh,BGD,1986,2.293
Bangladesh,BGD,1987,2.186
Bangladesh,BGD,1988,2.07
Bangladesh,BGD,1989,2.025
Bangladesh,BGD,1990,1.956
Bangladesh,BGD,1991,1.866
Bangladesh,BGD,1992,1.903
Bangladesh,BGD,1993,1.823
Bangladesh,BGD,1994,1.885
Bangladesh,BGD,1995,1.832
Bangladesh,BGD,1996,1.824
Bangladesh,BGD,1997,1.883
Bangladesh,BGD,1998,1.893
Bangladesh,BGD,1999,1.906
Bangladesh,BGD,2000,1.75
Bangladesh,BGD,2001,1.585
Bangladesh,BGD,2002,1.503
Bangladesh,BGD,2003,1.409
Bangladesh,BGD,2004,1.315
Bangladesh,BGD,2005,1.207
Bangladesh,BGD,2006,1.116
Bangladesh,BGD,2007,1.036
Bangladesh,BGD,2008,0.962
Bangladesh,BGD,2009,0.902
Bangladesh,BGD,2010,0.851
Bangladesh,BGD,2011,0.966
Bangladesh,BGD,2012,0.951
Bangladesh,BGD,2013,0.926
Bangladesh,BGD,2014,0.897
Bangladesh,BGD,2015,0.891
Bangladesh,BGD,2016,0.894
Bangladesh,BGD,2017,0.808
Bangladesh,BGD,2018,0.833
Bangladesh,BGD,2019,0.859
Bangladesh,BGD,2020,0.813
Bangladesh,BGD,2021,0.816
Bangladesh,BGD,2022,1.23
Bangladesh,BGD,2023,1.214
Barbados,BRB,1950,1.747
Barbados,BRB,1951,1.544
Barbados,BRB,1952,1.35
Barbados,BRB,1953,1.154
Barbados,BRB,1954,0.953
Barbados,BRB,1955,0.61
Barbados,BRB,1956,0.482
Barbados,BRB,1957,0.657
Barbados,BRB,1958,0.636
Barbados,BRB,1959,0.699
Barbados,BRB,1960,1.137
Barbados,BRB,1961,0.809
Barbados,BRB,1962,0.963
Barbados,BRB,1963,1.01
Barbados,BRB,1964,1.001
Barbados,BRB,1965,1.037
Barbados,BRB,1966,1.079
Barbados,BRB,1967,0.626
Barbados,BRB,1968,0.543
Barbados,BRB,1969,0.184
Barbados,BRB,1970,-0.229
Barbados,BRB,1971,0.054
Barbados,BRB,1972,0.339
Barbados,BRB,1973,0.193
Barbados,BRB,1974,0.17
Barbados,BRB,1975,0.148
Barbados,BRB,1976,0.065
Barbados,BRB,1977,0.081
Barbados,BRB,1978,-0.141
Barbados,BRB,1979,-0.084
Barbados,BRB,1980,0.286
Barbados,BRB,1981,0.307
Barbados,BRB,1982,0.345
Barbados,BRB,1983,0.362
Barbados,BRB,1984,0.367
Barbados,BRB,1985,0.337
Barbados,BRB,1986,0.286
Barbados,BRB,1987,0.228
Barbados,BRB,1988,0.147
Barbados,BRB,1989,0.121
Barbados,BRB,1990,0.245
Barbados,BRB,1991,0.366
Barbados,BRB,1992,0.322
Barbados,BRB,1993,0.261
Barbados,BRB,1994,0.193
Barbados,BRB,1995,0.127
Barbados,BRB,1996,0.059
Barbados,BRB,1997,0.023
Barbados,BRB,1998,0.011
Barbados,BRB,1999,0.051
Barbados,BRB,2000,-0.398
Barbados,BRB,2001,0.674
Barbados,BRB,2002,0.634
Barbados,BRB,2003,0.594
Barbados,BRB,2004,0.548
Barbados,BRB,2005,0.503
Barbados,BRB,2006,0.459
Barbados,BRB,2007,0.492
Barbados,BRB,2008,0.556
Barbados,BRB,2009,0.474
Barbados,BRB,2010,0.343
Barbados,BRB,2011,0.307
Barbados,BRB,2012,0.27
Barbados,BRB,2013,0.254
Barbados,BRB,2014,0.237
Barbados,BRB,2015,0.224
Barbados,BRB,2016,0.211
Barbados,BRB,2017,0.198
Barbados,BRB,2018,0.186
Barbados,BRB,2019,0.167
Barbados,BRB,2020,0.181
Barbados,BRB,2021,0.137
Barbados,BRB,2022,-0.016
Barbados,BRB,2023,0.028
Belarus,BLR,1950,0.772
Belarus,BLR,1951,0.955
Belarus,BLR,1952,1.125
Belarus,BLR,1953,1.229
Belarus,BLR,1954,1.425
Belarus,BLR,1955,1.553
Belarus,BLR,1956,1.653
Belarus,BLR,1957,1.663
Belarus,BLR,1958,1.707
Belarus,BLR,1959,1.719
Belarus,BLR,1960,1.395
Belarus,BLR,1961,1.327
Belarus,BLR,1962,1.16
Belarus,BLR,1963,1.042
Belarus,BLR,1964,0.948
Belarus,BLR,1965,0.837
Belarus,BLR,1966,0.839
Belarus,BLR,1967,0.761
Belarus,BLR,1968,0.776
Belarus,BLR,1969,0.642
Belarus,BLR,1970,0.7
Belarus,BLR,1971,0.734
Belarus,BLR,1972,0.69
Belarus,BLR,1973,0.641
Belarus,BLR,1974,0.657
Belarus,BLR,1975,0.604
Belarus,BLR,1976,0.59
Belarus,BLR,1977,0.577
Belarus,BLR,1978,0.499
Belarus,BLR,1979,0.592
Belarus,BLR,1980,0.775
Belarus,BLR,1981,0.778
Belarus,BLR,1982,0.669
Belarus,BLR,1983,0.707
Belarus,BLR,1984,0.637
Belarus,BLR,1985,0.624
Belarus,BLR,1986,0.581
Belarus,BLR,1987,0.482
Belarus,BLR,1988,0.51
Belarus,BLR,1989,0.499
Belarus,BLR,1990,0.041
Belarus,BLR,1991,0.108
Belarus,BLR,1992,0.355
Belarus,BLR,1993,0.11
Belarus,BLR,1994,-0.327
Belarus,BLR,1995,-0.313
Belarus,BLR,1996,-0.343
Belarus,BLR,1997,-0.478
Belarus,BLR,1998,-0.349
Belarus,BLR,1999,-0.474
Belarus,BLR,2000,-0.483
Belarus,BLR,2001,-0.586
Belarus,BLR,2002,-0.719
Belarus,BLR,2003,-0.709
Belarus,BLR,2004,-0.684
Belarus,BLR,2005,-0.702
Belarus,BLR,2006,-0.538
Belarus,BLR,2007,-0.398
Belarus,BLR,2008,-0.309
Belarus,BLR,2009,-0.153
Belarus,BLR,2010,-0.196
Belarus,BLR,2011,-0.184
Belarus,BLR,2012,-0.02
Belarus,BLR,2013,0.049
Belarus,BLR,2014,0.125
Belarus,BLR,2015,0.182
Belarus,BLR,2016,0.066
Belarus,BLR,2017,-0.135
Belarus,BLR,2018,-0.198
Belarus,BLR,2019,-0.747
Belarus,BLR,2020,-1.053
Belarus,BLR,2021,-1.089
Belarus,BLR,2022,-0.606
Belarus,BLR,2023,-0.653
Belgium,BEL,1950,0.471
Belgium,BEL,1951,0.416
Belgium,BEL,1952,0.526
Belgium,BEL,1953,0.511
Belgium,BEL,1954,0.55
Belgium,BEL,1955,0.519
Belgium,BEL,1956,0.534
Belgium,BEL,1957,0.582
Belgium,BEL,1958,0.63
Belgium,BEL,1959,0.693
Belgium,BEL,1960,0.552
Belgium,BEL,1961,0.676
Belgium,BEL,1962,0.619
Belgium,BEL,1963,0.625
Belgium,BEL,1964,0.717
Belgium,BEL,1965,0.61
Belgium,BEL,1966,0.56
Belgium,BEL,1967,0.515
Belgium,BEL,1968,0.405
Belgium,BEL,1969,0.421
Belgium,BEL,1970,0.439
Belgium,BEL,1971,0.308
Belgium,BEL,1972,0.277
Belgium,BEL,1973,0.2
Belgium,BEL,1974,0.165
Belgium,BEL,1975,0.095
Belgium,BEL,1976,0.119
Belgium,BEL,1977,0.191
Belgium,BEL,1978,0.173
Belgium,BEL,1979,0.226
Belgium,BEL,1980,0.217
Belgium,BEL,1981,0.141
Belgium,BEL,1982,0.096
Belgium,BEL,1983,0.042
Belgium,BEL,1984,0.069
Belgium,BEL,1985,0.048
Belgium,BEL,1986,0.087
Belgium,BEL,1987,0.159
Belgium,BEL,1988,0.192
Belgium,BEL,1989,0.211
Belgium,BEL,1990,0.28
Belgium,BEL,1991,0.481
Belgium,BEL,1992,0.457
Belgium,BEL,1993,0.317
Belgium,BEL,1994,0.298
Belgium,BEL,1995,0.122
Belgium,BEL,1996,0.266
Belgium,BEL,1997,0.215
Belgium,BEL,1998,0.211
Belgium,BEL,1999,0.249
Belgium,BEL,2000,0.24
Belgium,BEL,2001,0.447
Belgium,BEL,2002,0.445
Belgium,BEL,2003,0.392
Belgium,BEL,2004,0.474
Belgium,BEL,2005,0.627
Belgium,BEL,2006,0.695
Belgium,BEL,2007,0.76
Belgium,BEL,2008,0.819
Belgium,BEL,2009,1.098
Belgium,BEL,2010,1.176
Belgium,BEL,2011,0.683
Belgium,BEL,2012,0.562
Belgium,BEL,2013,0.387
Belgium,BEL,2014,0.504
Belgium,BEL,2015,0.655
Belgium,BEL,2016,0.36
Belgium,BEL,2017,0.412
Belgium,BEL,2018,0.5
Belgium,BEL,2019,0.582
Belgium,BEL,2020,0.278
Belgium,BEL,2021,0.254
Belgium,BEL,2022,0.967
Belgium,BEL,2023,0.253
Belize,BLZ,1950,2.658
Belize,BLZ,1951,3.179
Belize,BLZ,1952,2.978
Belize,BLZ,1953,2.857
Belize,BLZ,1954,2.784
Belize,BLZ,1955,2.758
Belize,BLZ,1956,2.717
Belize,BLZ,1957,2.739
Belize,BLZ,1958,2.683
Belize,BLZ,1959,2.624
Belize,BLZ,1960,2.543
Belize,BLZ,1961,2.464
Belize,BLZ,1962,2.616
Belize,BLZ,1963,2.848
Belize,BLZ,1964,2.942
Belize,BLZ,1965,3.014
Belize,BLZ,1966,3.063
Belize,BLZ,1967,3.081
Belize,BLZ,1968,3.012
Belize,BLZ,1969,2.709
Belize,BLZ,1970,1.816
Belize,BLZ,1971,1.585
Belize,BLZ,1972,1.439
Belize,BLZ,1973,1.378
Belize,BLZ,1974,1.357
Belize,BLZ,1975,2.042
Belize,BLZ,1976,2.074
Belize,BLZ,1977,2.072
Belize,BLZ,1978,2.045
Belize,BLZ,1979,2.183
Belize,BLZ,1980,2.534
Belize,BLZ,1981,2.535
Belize,BLZ,1982,2.46
Belize,BLZ,1983,2.396
Belize,BLZ,1984,2.343
Belize,BLZ,1985,2.291
Belize,BLZ,1986,2.246
Belize,BLZ,1987,2.221
Belize,BLZ,1988,2.216
Belize,BLZ,1989,2.217
Belize,BLZ,1990,2.167
Belize,BLZ,1991,2.118
Belize,BLZ,1992,2.055
Belize,BLZ,1993,2.008
Belize,BLZ,1994,2.248
Belize,BLZ,1995,2.754
Belize,BLZ,1996,3.189
Belize,BLZ,1997,3.478
Belize,BLZ,1998,3.505
Belize,BLZ,1999,3.381
Belize,BLZ,2000,3.157
Belize,BLZ,2001,3.043
Belize,BLZ,2002,3.009
Belize,BLZ,2003,2.972
Belize,BLZ,2004,2.936
Belize,BLZ,2005,2.898
Belize,BLZ,2006,2.845
Belize,BLZ,2007,2.788
Belize,BLZ,2008,2.717
Belize,BLZ,2009,2.635
Belize,BLZ,2010,2.194
Belize,BLZ,2011,2.163
Belize,BLZ,2012,2.139
Belize,BLZ,2013,2.129
Belize,BLZ,2014,2.097
Belize,BLZ,2015,2.106
Belize,BLZ,2016,2.534
Belize,BLZ,2017,2.078
Belize,BLZ,2018,1.656
Belize,BLZ,2019,1.272
Belize,BLZ,2020,1.295
Belize,BLZ,2021,1.015
Belize,BLZ,2022,2.672
Belize,BLZ,2023,1.455
Benin,BEN,1950,0.717
Benin,BEN,1951,0.773
Benin,BEN,1952,0.849
Benin,BEN,1953,0.93
Benin,BEN,1954,1.018
Benin,BEN,1955,1.105
Benin,BEN,1956,1.196
Benin,BEN,1957,1.297
Benin,BEN,1958,1.394
Benin,BEN,1959,1.489
Benin,BEN,1960,1.582
Benin,BEN,1961,1.721
Benin,BEN,1962,1.798
Benin,BEN,1963,1.872
Benin,BEN,1964,1.942
Benin,BEN,1965,2.007
Benin,BEN,1966,2.04
Benin,BEN,1967,2.087
Benin,BEN,1968,2.133
Benin,BEN,1969,2.18
Benin,BEN,1970,2.229
Benin,BEN,1971,2.268
Benin,BEN,1972,2.321
Benin,BEN,1973,2.359
Benin,BEN,1974,2.403
Benin,BEN,1975,2.46
Benin,BEN,1976,2.515
Benin,BEN,1977,2.572
Benin,BEN,1978,2.61
Benin,BEN,1979,2.708
Benin,BEN,1980,2.803
Benin,BEN,1981,2.875
Benin,BEN,1982,2.899
Benin,BEN,1983,2.904
Benin,BEN,1984,2.941
Benin,BEN,1985,2.968
Benin,BEN,1986,2.998
Benin,BEN,1987,3.03
Benin,BEN,1988,3.055
Benin,BEN,1989,3.064
Benin,BEN,1990,3.081
Benin,BEN,1991,3.088
Benin,BEN,1992,3.091
Benin,BEN,1993,5.724
Benin,BEN,1994,1.829
Benin,BEN,1995,2.393
Benin,BEN,1996,2.834
Benin,BEN,1997,3.066
Benin,BEN,1998,3.099
Benin,BEN,1999,3.089
Benin,BEN,2000,3.065
Benin,BEN,2001,3.044
Benin,BEN,2002,3.036
Benin,BEN,2003,3.062
Benin,BEN,2004,3.062
Benin,BEN,2005,3.374
Benin,BEN,2006,2.875
Benin,BEN,2007,3.033
Benin,BEN,2008,3.007
Benin,BEN,2009,2.992
Benin,BEN,2010,2.977
Benin,BEN,2011,2.979
Benin,BEN,2012,2.957
Benin,BEN,2013,2.941
Benin,BEN,2014,2.969
Benin,BEN,2015,2.94
Benin,BEN,2016,2.91
Benin,BEN,2017,2.853
Benin,BEN,2018,2.775
Benin,BEN,2019,2.697
Benin,BEN,2020,2.629
Benin,BEN,2021,2.556
Benin,BEN,2022,2.539
Benin,BEN,2023,2.507
Bermuda,BMU,1950,1.556
Bermuda,BMU,1951,1.556
Bermuda,BMU,1952,1.27
Bermuda,BMU,1953,1.318
Bermuda,BMU,1954,1.304
Bermuda,BMU,1955,1.255
Bermuda,BMU,1956,1.187
Bermuda,BMU,1957,1.02
Bermuda,BMU,1958,1.034
Bermuda,BMU,1959,1.049
Bermuda,BMU,1960,1.642
Bermuda,BMU,1961,2.637
Bermuda,BMU,1962,2.48
Bermuda,BMU,1963,2.435
Bermuda,BMU,1964,2.235
Bermuda,BMU,1965,2.242
Bermuda,BMU,1966,2.229
Bermuda,BMU,1967,1.773
Bermuda,BMU,1968,1.79
Bermuda,BMU,1969,1.76
Bermuda,BMU,1970,1.406
Bermuda,BMU,1971,0.441
Bermuda,BMU,1972,0.301
Bermuda,BMU,1973,0.24
Bermuda,BMU,1974,0.179
Bermuda,BMU,1975,0.092
Bermuda,BMU,1976,0.214
Bermuda,BMU,1977,0.204
Bermuda,BMU,1978,0.206
Bermuda,BMU,1979,0.118
Bermuda,BMU,1980,0.462
Bermuda,BMU,1981,0.741
Bermuda,BMU,1982,0.699
Bermuda,BMU,1983,0.73
Bermuda,BMU,1984,0.698
Bermuda,BMU,1985,0.664
Bermuda,BMU,1986,0.567
Bermuda,BMU,1987,0.771
Bermuda,BMU,1988,0.764
Bermuda,BMU,1989,0.749
Bermuda,BMU,1990,0.749
Bermuda,BMU,1991,0.724
Bermuda,BMU,1992,0.731
Bermuda,BMU,1993,0.661
Bermuda,BMU,1994,0.622
Bermuda,BMU,1995,0.499
Bermuda,BMU,1996,0.461
Bermuda,BMU,1997,0.751
Bermuda,BMU,1998,0.777
Bermuda,BMU,1999,0.82
Bermuda,BMU,2000,0.57
Bermuda,BMU,2001,0.457
Bermuda,BMU,2002,0.43
Bermuda,BMU,2003,0.353
Bermuda,BMU,2004,0.189
Bermuda,BMU,2005,0.309
Bermuda,BMU,2006,0.081
Bermuda,BMU,2007,0.478
Bermuda,BMU,2008,0.441
Bermuda,BMU,2009,0.396
Bermuda,BMU,2010,0.108
Bermuda,BMU,2011,-0.086
Bermuda,BMU,2012,-0.185
Bermuda,BMU,2013,-0.042
Bermuda,BMU,2014,-0.098
Bermuda,BMU,2015,-0.109
Bermuda,BMU,2016,0.061
Bermuda,BMU,2017,0.348
Bermuda,BMU,2018,0.445
Bermuda,BMU,2019,0.418
Bermuda,BMU,2020,0.438
Bermuda,BMU,2021,0.387
Bermuda,BMU,2022,-0.076
Bermuda,BMU,2023,-0.08
Bhutan,BTN,1950,2.656
Bhutan,BTN,1951,2.705
Bhutan,BTN,1952,2.697
Bhutan,BTN,1953,2.749
Bhutan,BTN,1954,2.731
Bhutan,BTN,1955,2.781
Bhutan,BTN,1956,2.776
Bhutan,BTN,1957,2.803
Bhutan,BTN,1958,2.806
Bhutan,BTN,1959,2.835
Bhutan,BTN,1960,2.84
Bhutan,BTN,1961,2.894
Bhutan,BTN,1962,3.111
Bhutan,BTN,1963,3.12
Bhutan,BTN,1964,3.168
Bhutan,BTN,1965,3.221
Bhutan,BTN,1966,3.271
Bhutan,BTN,1967,3.313
Bhutan,BTN,1968,3.358
Bhutan,BTN,1969,3.396
Bhutan,BTN,1970,3.404
Bhutan,BTN,1971,3.403
Bhutan,BTN,1972,3.405
Bhutan,BTN,1973,3.406
Bhutan,BTN,1974,3.402
Bhutan,BTN,1975,3.412
Bhutan,BTN,1976,3.414
Bhutan,BTN,1977,3.416
Bhutan,BTN,1978,3.413
Bhutan,BTN,1979,3.36
Bhutan,BTN,1980,3.306
Bhutan,BTN,1981,3.246
Bhutan,BTN,1982,3.192
Bhutan,BTN,1983,3.181
Bhutan,BTN,1984,3.138
Bhutan,BTN,1985,3.099
Bhutan,BTN,1986,3.073
Bhutan,BTN,1987,3.026
Bhutan,BTN,1988,2.963
Bhutan,BTN,1989,2.911
Bhutan,BTN,1990,2.495
Bhutan,BTN,1991,1.049
Bhutan,BTN,1992,-8.713
Bhutan,BTN,1993,0.74
Bhutan,BTN,1994,-0.803
Bhutan,BTN,1995,-1.562
Bhutan,BTN,1996,1.85
Bhutan,BTN,1997,1.732
Bhutan,BTN,1998,2.073
Bhutan,BTN,1999,2.487
Bhutan,BTN,2000,2.359
Bhutan,BTN,2001,2.256
Bhutan,BTN,2002,2.154
Bhutan,BTN,2003,2.049
Bhutan,BTN,2004,1.952
Bhutan,BTN,2005,1.502
Bhutan,BTN,2006,1.181
Bhutan,BTN,2007,1.143
Bhutan,BTN,2008,1.116
Bhutan,BTN,2009,1.097
Bhutan,BTN,2010,1.094
Bhutan,BTN,2011,1.101
Bhutan,BTN,2012,1.114
Bhutan,BTN,2013,1.102
Bhutan,BTN,2014,1.056
Bhutan,BTN,2015,0.975
Bhutan,BTN,2016,0.973
Bhutan,BTN,2017,0.75
Bhutan,BTN,2018,0.683
Bhutan,BTN,2019,0.646
Bhutan,BTN,2020,0.704
Bhutan,BTN,2021,0.702
Bhutan,BTN,2022,0.704
Bhutan,BTN,2023,0.692
Bolivia,BOL,1950,1.481
Bolivia,BOL,1951,1.558
Bolivia,BOL,1952,1.619
Bolivia,BOL,1953,1.705
Bolivia,BOL,1954,1.774
Bolivia,BOL,1955,1.841
Bolivia,BOL,1956,1.895
Bolivia,BOL,1957,1.939
Bolivia,BOL,1958,1.978
Bolivia,BOL,1959,2.009
Bolivia,BOL,1960,2.035
Bolivia,BOL,1961,2.05
Bolivia,BOL,1962,2.076
Bolivia,BOL,1963,2.102
Bolivia,BOL,1964,2.123
Bolivia,BOL,1965,2.146
Bolivia,BOL,1966,2.174
Bolivia,BOL,1967,2.207
Bolivia,BOL,1968,2.233
Bolivia,BOL,1969,2.241
Bolivia,BOL,1970,2.244
Bolivia,BOL,1971,2.251
Bolivia,BOL,1972,2.241
Bolivia,BOL,1973,2.258
Bolivia,BOL,1974,2.264
Bolivia,BOL,1975,2.266
Bolivia,BOL,1976,2.311
Bolivia,BOL,1977,2.303
Bolivia,BOL,1978,2.29
Bolivia,BOL,1979,2.263
Bolivia,BOL,1980,2.235
Bolivia,BOL,1981,2.203
Bolivia,BOL,1982,2.164
Bolivia,BOL,1983,2.142
Bolivia,BOL,1984,2.132
Bolivia,BOL,1985,2.1
Bolivia,BOL,1986,2.104
Bolivia,BOL,1987,2.114
Bolivia,BOL,1988,2.124
Bolivia,BOL,1989,2.11
Bolivia,BOL,1990,2.096
Bolivia,BOL,1991,2.072
Bolivia,BOL,1992,2.008
Bolivia,BOL,1993,1.959
Bolivia,BOL,1994,1.912
Bolivia,BOL,1995,1.866
Bolivia,BOL,1996,1.835
Bolivia,BOL,1997,1.777
Bolivia,BOL,1998,1.754
Bolivia,BOL,1999,1.738
Bolivia,BOL,2000,1.697
Bolivia,BOL,2001,1.677
Bolivia,BOL,2002,1.668
Bolivia,BOL,2003,1.682
Bolivia,BOL,2004,1.684
Bolivia,BOL,2005,1.688
Bolivia,BOL,2006,1.721
Bolivia,BOL,2007,1.7
Bolivia,BOL,2008,1.677
Bolivia,BOL,2009,1.654
Bolivia,BOL,2010,1.635
Bolivia,BOL,2011,1.611
Bolivia,BOL,2012,1.588
Bolivia,BOL,2013,1.559
Bolivia,BOL,2014,1.53
Bolivia,BOL,2015,1.504
Bolivia,BOL,2016,1.476
Bolivia,BOL,2017,1.447
Bolivia,BOL,2018,1.42
Bolivia,BOL,2019,1.393
Bolivia,BOL,2020,1.077
Bolivia,BOL,2021,0.963
Bolivia,BOL,2022,1.364
Bolivia,BOL,2023,1.383
Bonaire Sint Eustatius and Saba,BES,1950,0.186
Bonaire Sint Eustatius and Saba,BES,1951,0.797
Bonaire Sint Eustatius and Saba,BES,1952,1.63
Bonaire Sint Eustatius and Saba,BES,1953,1.522
Bonaire Sint Eustatius and Saba,BES,1954,4.247
Bonaire Sint Eustatius and Saba,BES,1955,0.079
Bonaire Sint Eustatius and Saba,BES,1956,0.197
Bonaire Sint Eustatius and Saba,BES,1957,0.38
Bonaire Sint Eustatius and Saba,BES,1958,0.716
Bonaire Sint Eustatius and Saba,BES,1959,0.892
Bonaire Sint Eustatius and Saba,BES,1960,1.557
Bonaire Sint Eustatius and Saba,BES,1961,1.671
Bonaire Sint Eustatius and Saba,BES,1962,1.839
Bonaire Sint Eustatius and Saba,BES,1963,2.094
Bonaire Sint Eustatius and Saba,BES,1964,2.39
Bonaire Sint Eustatius and Saba,BES,1965,2.392
Bonaire Sint Eustatius and Saba,BES,1966,2.57
Bonaire Sint Eustatius and Saba,BES,1967,2.635
Bonaire Sint Eustatius and Saba,BES,1968,2.642
Bonaire Sint Eustatius and Saba,BES,1969,2.738
Bonaire Sint Eustatius and Saba,BES,1970,2.615
Bonaire Sint Eustatius and Saba,BES,1971,2.539
Bonaire Sint Eustatius and Saba,BES,1972,2.037
Bonaire Sint Eustatius and Saba,BES,1973,1.414
Bonaire Sint Eustatius and Saba,BES,1974,1.487
Bonaire Sint Eustatius and Saba,BES,1975,1.548
Bonaire Sint Eustatius and Saba,BES,1976,1.659
Bonaire Sint Eustatius and Saba,BES,1977,1.747
Bonaire Sint Eustatius and Saba,BES,1978,1.639
Bonaire Sint Eustatius and Saba,BES,1979,1.587
Bonaire Sint Eustatius and Saba,BES,1980,1.57
Bonaire Sint Eustatius and Saba,BES,1981,1.047
Bonaire Sint Eustatius and Saba,BES,1982,0.855
Bonaire Sint Eustatius and Saba,BES,1983,0.847
Bonaire Sint Eustatius and Saba,BES,1984,0.889
Bonaire Sint Eustatius and Saba,BES,1985,0.881
Bonaire Sint Eustatius and Saba,BES,1986,0.802
Bonaire Sint Eustatius and Saba,BES,1987,0.859
Bonaire Sint Eustatius and Saba,BES,1988,0.922
Bonaire Sint Eustatius and Saba,BES,1989,0.937
Bonaire Sint Eustatius and Saba,BES,1990,0.951
Bonaire Sint Eustatius and Saba,BES,1991,0.889
Bonaire Sint Eustatius and Saba,BES,1992,0.858
Bonaire Sint Eustatius and Saba,BES,1993,0.791
Bonaire Sint Eustatius and Saba,BES,1994,0.889
Bonaire Sint Eustatius and Saba,BES,1995,0.962
Bonaire Sint Eustatius and Saba,BES,1996,1.033
Bonaire Sint Eustatius and Saba,BES,1997,1.059
Bonaire Sint Eustatius and Saba,BES,1998,1.062
Bonaire Sint Eustatius and Saba,BES,1999,1.023
Bonaire Sint Eustatius and Saba,BES,2000,1.124
Bonaire Sint Eustatius and Saba,BES,2001,2.607
Bonaire Sint Eustatius and Saba,BES,2002,4.186
Bonaire Sint Eustatius and Saba,BES,2003,4.143
Bonaire Sint Eustatius and Saba,BES,2004,4.129
Bonaire Sint Eustatius and Saba,BES,2005,4.011
Bonaire Sint Eustatius and Saba,BES,2006,4.001
Bonaire Sint Eustatius and Saba,BES,2007,3.873
Bonaire Sint Eustatius and Saba,BES,2008,3.755
Bonaire Sint Eustatius and Saba,BES,2009,3.698
Bonaire Sint Eustatius and Saba,BES,2010,3.585
Bonaire Sint Eustatius and Saba,BES,2011,6.462
Bonaire Sint Eustatius and Saba,BES,2012,4.361
Bonaire Sint Eustatius and Saba,BES,2013,4.133
Bonaire Sint Eustatius and Saba,BES,2014,1.324
Bonaire Sint Eustatius and Saba,BES,2015,-0.138
Bonaire Sint Eustatius and Saba,BES,2016,-0.407
Bonaire Sint Eustatius and Saba,BES,2017,2.448
Bonaire Sint Eustatius and Saba,BES,2018,0.433
Bonaire Sint Eustatius and Saba,BES,2019,3.247
Bonaire Sint Eustatius and Saba,BES,2020,3.115
Bonaire Sint Eustatius and Saba,BES,2021,3.353
Bonaire Sint Eustatius and Saba,BES,2022,5.912
Bonaire Sint Eustatius and Saba,BES,2023,2.846
Bosnia and Herzegovina,BIH,1950,1.454
Bosnia and Herzegovina,BIH,1951,1.485
Bosnia and Herzegovina,BIH,1952,1.742
Bosnia and Herzegovina,BIH,1953,2.147
Bosnia and Herzegovina,BIH,1954,2.117
Bosnia and Herzegovina,BIH,1955,2.126
Bosnia and Herzegovina,BIH,1956,2.122
Bosnia and Herzegovina,BIH,1957,2.103
Bosnia and Herzegovina,BIH,1958,2.105
Bosnia and Herzegovina,BIH,1959,2.106
Bosnia and Herzegovina,BIH,1960,2.144
Bosnia and Herzegovina,BIH,1961,1.88
Bosnia and Herzegovina,BIH,1962,1.645
Bosnia and Herzegovina,BIH,1963,1.524
Bosnia and Herzegovina,BIH,1964,1.43
Bosnia and Herzegovina,BIH,1965,1.363
Bosnia and Herzegovina,BIH,1966,1.299
Bosnia and Herzegovina,BIH,1967,1.215
Bosnia and Herzegovina,BIH,1968,1.101
Bosnia and Herzegovina,BIH,1969,0.996
Bosnia and Herzegovina,BIH,1970,0.894
Bosnia and Herzegovina,BIH,1971,1.011
Bosnia and Herzegovina,BIH,1972,1.02
Bosnia and Herzegovina,BIH,1973,1.002
Bosnia and Herzegovina,BIH,1974,1
Bosnia and Herzegovina,BIH,1975,0.991
Bosnia and Herzegovina,BIH,1976,0.957
Bosnia and Herzegovina,BIH,1977,0.911
Bosnia and Herzegovina,BIH,1978,0.868
Bosnia and Herzegovina,BIH,1979,0.844
Bosnia and Herzegovina,BIH,1980,0.857
Bosnia and Herzegovina,BIH,1981,0.861
Bosnia and Herzegovina,BIH,1982,0.894
Bosnia and Herzegovina,BIH,1983,0.881
Bosnia and Herzegovina,BIH,1984,0.84
Bosnia and Herzegovina,BIH,1985,0.775
Bosnia and Herzegovina,BIH,1986,0.686
Bosnia and Herzegovina,BIH,1987,0.6
Bosnia and Herzegovina,BIH,1988,0.498
Bosnia and Herzegovina,BIH,1989,0.387
Bosnia and Herzegovina,BIH,1990,0.274
Bosnia and Herzegovina,BIH,1991,0.162
Bosnia and Herzegovina,BIH,1992,-10.747
Bosnia and Herzegovina,BIH,1993,-5.267
Bosnia and Herzegovina,BIH,1994,-4.095
Bosnia and Herzegovina,BIH,1995,3.576
Bosnia and Herzegovina,BIH,1996,4.814
Bosnia and Herzegovina,BIH,1997,2.475
Bosnia and Herzegovina,BIH,1998,1.047
Bosnia and Herzegovina,BIH,1999,0.946
Bosnia and Herzegovina,BIH,2000,0.477
Bosnia and Herzegovina,BIH,2001,0.466
Bosnia and Herzegovina,BIH,2002,-0.056
Bosnia and Herzegovina,BIH,2003,-0.398
Bosnia and Herzegovina,BIH,2004,-1.412
Bosnia and Herzegovina,BIH,2005,-0.745
Bosnia and Herzegovina,BIH,2006,-0.884
Bosnia and Herzegovina,BIH,2007,-1.589
Bosnia and Herzegovina,BIH,2008,-1.722
Bosnia and Herzegovina,BIH,2009,-1.74
Bosnia and Herzegovina,BIH,2010,-1.813
Bosnia and Herzegovina,BIH,2011,-1.877
Bosnia and Herzegovina,BIH,2012,-1.993
Bosnia and Herzegovina,BIH,2013,-1.257
Bosnia and Herzegovina,BIH,2014,-1.31
Bosnia and Herzegovina,BIH,2015,-1.304
Bosnia and Herzegovina,BIH,2016,-1.301
Bosnia and Herzegovina,BIH,2017,-1.267
Bosnia and Herzegovina,BIH,2018,-1.178
Bosnia and Herzegovina,BIH,2019,-1.286
Bosnia and Herzegovina,BIH,2020,-1.496
Bosnia and Herzegovina,BIH,2021,-1.835
Bosnia and Herzegovina,BIH,2022,-0.645
Bosnia and Herzegovina,BIH,2023,-0.59
Botswana,BWA,1950,2.353
Botswana,BWA,1951,2.357
Botswana,BWA,1952,2.381
Botswana,BWA,1953,2.297
Botswana,BWA,1954,2.19
Botswana,BWA,1955,2.118
Botswana,BWA,1956,2.087
Botswana,BWA,1957,2.093
Botswana,BWA,1958,2.127
Botswana,BWA,1959,2.186
Botswana,BWA,1960,2.236
Botswana,BWA,1961,2.276
Botswana,BWA,1962,2.309
Botswana,BWA,1963,2.368
Botswana,BWA,1964,2.386
Botswana,BWA,1965,0.572
Botswana,BWA,1966,0.539
Botswana,BWA,1967,0.519
Botswana,BWA,1968,0.522
Botswana,BWA,1969,0.537
Botswana,BWA,1970,0.573
Botswana,BWA,1971,2.816
Botswana,BWA,1972,4.329
Botswana,BWA,1973,5.068
Botswana,BWA,1974,4.818
Botswana,BWA,1975,5.116
Botswana,BWA,1976,5.197
Botswana,BWA,1977,5.344
Botswana,BWA,1978,6.668
Botswana,BWA,1979,5.368
Botswana,BWA,1980,2.463
Botswana,BWA,1981,4.324
Botswana,BWA,1982,3.628
Botswana,BWA,1983,3.549
Botswana,BWA,1984,3.5
Botswana,BWA,1985,3.445
Botswana,BWA,1986,3.34
Botswana,BWA,1987,3.192
Botswana,BWA,1988,2.78
Botswana,BWA,1989,2.775
Botswana,BWA,1990,2.727
Botswana,BWA,1991,2.722
Botswana,BWA,1992,2.901
Botswana,BWA,1993,2.826
Botswana,BWA,1994,2.718
Botswana,BWA,1995,2.532
Botswana,BWA,1996,2.358
Botswana,BWA,1997,2.249
Botswana,BWA,1998,2.182
Botswana,BWA,1999,2.139
Botswana,BWA,2000,2.125
Botswana,BWA,2001,1.991
Botswana,BWA,2002,1.772
Botswana,BWA,2003,1.747
Botswana,BWA,2004,1.759
Botswana,BWA,2005,1.83
Botswana,BWA,2006,1.9
Botswana,BWA,2007,1.976
Botswana,BWA,2008,2.04
Botswana,BWA,2009,2.091
Botswana,BWA,2010,2.127
Botswana,BWA,2011,1.813
Botswana,BWA,2012,1.544
Botswana,BWA,2013,1.475
Botswana,BWA,2014,1.434
Botswana,BWA,2015,1.421
Botswana,BWA,2016,1.419
Botswana,BWA,2017,1.422
Botswana,BWA,2018,1.416
Botswana,BWA,2019,1.43
Botswana,BWA,2020,1.449
Botswana,BWA,2021,1.533
Botswana,BWA,2022,1.643
Botswana,BWA,2023,1.638
Brazil,BRA,1950,2.952
Brazil,BRA,1951,2.989
Brazil,BRA,1952,3.012
Brazil,BRA,1953,3.029
Brazil,BRA,1954,3.043
Brazil,BRA,1955,3.059
Brazil,BRA,1956,3.07
Brazil,BRA,1957,3.074
Brazil,BRA,1958,3.072
Brazil,BRA,1959,3.066
Brazil,BRA,1960,3.032
Brazil,BRA,1961,3.003
Brazil,BRA,1962,2.966
Brazil,BRA,1963,2.929
Brazil,BRA,1964,2.86
Brazil,BRA,1965,2.777
Brazil,BRA,1966,2.689
Brazil,BRA,1967,2.598
Brazil,BRA,1968,2.527
Brazil,BRA,1969,2.49
Brazil,BRA,1970,2.457
Brazil,BRA,1971,2.439
Brazil,BRA,1972,2.428
Brazil,BRA,1973,2.415
Brazil,BRA,1974,2.379
Brazil,BRA,1975,2.378
Brazil,BRA,1976,2.385
Brazil,BRA,1977,2.388
Brazil,BRA,1978,2.384
Brazil,BRA,1979,2.369
Brazil,BRA,1980,2.351
Brazil,BRA,1981,2.307
Brazil,BRA,1982,2.252
Brazil,BRA,1983,2.216
Brazil,BRA,1984,2.157
Brazil,BRA,1985,2.105
Brazil,BRA,1986,2.017
Brazil,BRA,1987,1.947
Brazil,BRA,1988,1.874
Brazil,BRA,1989,1.814
Brazil,BRA,1990,1.758
Brazil,BRA,1991,1.674
Brazil,BRA,1992,1.661
Brazil,BRA,1993,1.58
Brazil,BRA,1994,1.547
Brazil,BRA,1995,1.531
Brazil,BRA,1996,1.497
Brazil,BRA,1997,1.476
Brazil,BRA,1998,1.5
Brazil,BRA,1999,1.414
Brazil,BRA,2000,1.337
Brazil,BRA,2001,1.27
Brazil,BRA,2002,1.213
Brazil,BRA,2003,1.148
Brazil,BRA,2004,1.112
Brazil,BRA,2005,1.08
Brazil,BRA,2006,1.037
Brazil,BRA,2007,0.988
Brazil,BRA,2008,0.928
Brazil,BRA,2009,0.863
Brazil,BRA,2010,0.819
Brazil,BRA,2011,0.809
Brazil,BRA,2012,0.814
Brazil,BRA,2013,0.807
Brazil,BRA,2014,0.806
Brazil,BRA,2015,0.778
Brazil,BRA,2016,0.746
Brazil,BRA,2017,0.71
Brazil,BRA,2018,0.657
Brazil,BRA,2019,0.647
Brazil,BRA,2020,0.512
Brazil,BRA,2021,0.339
Brazil,BRA,2022,0.381
Brazil,BRA,2023,0.411
British Virgin Islands,VGB,1950,0.665
British Virgin Islands,VGB,1951,-0.081
British Virgin Islands,VGB,1952,-0.257
British Virgin Islands,VGB,1953,0.541
British Virgin Islands,VGB,1954,0.913
British Virgin Islands,VGB,1955,0.414
British Virgin Islands,VGB,1956,0.65
British Virgin Islands,VGB,1957,0.843
British Virgin Islands,VGB,1958,1.575
British Virgin Islands,VGB,1959,1.779
British Virgin Islands,VGB,1960,1.698
British Virgin Islands,VGB,1961,0.411
British Virgin Islands,VGB,1962,0.471
British Virgin Islands,VGB,1963,0.604
British Virgin Islands,VGB,1964,0.747
British Virgin Islands,VGB,1965,1.405
British Virgin Islands,VGB,1966,2.33
British Virgin Islands,VGB,1967,3.134
British Virgin Islands,VGB,1968,4.845
British Virgin Islands,VGB,1969,6.611
British Virgin Islands,VGB,1970,1.712
British Virgin Islands,VGB,1971,1.526
British Virgin Islands,VGB,1972,1.221
British Virgin Islands,VGB,1973,1.36
British Virgin Islands,VGB,1974,1.067
British Virgin Islands,VGB,1975,1.056
British Virgin Islands,VGB,1976,0.878
British Virgin Islands,VGB,1977,0.806
British Virgin Islands,VGB,1978,0.781
British Virgin Islands,VGB,1979,0.675
British Virgin Islands,VGB,1980,2.291
British Virgin Islands,VGB,1981,3.86
British Virgin Islands,VGB,1982,3.708
British Virgin Islands,VGB,1983,3.679
British Virgin Islands,VGB,1984,3.479
British Virgin Islands,VGB,1985,3.407
British Virgin Islands,VGB,1986,3.359
British Virgin Islands,VGB,1987,3.361
British Virgin Islands,VGB,1988,3.359
British Virgin Islands,VGB,1989,3.347
British Virgin Islands,VGB,1990,3.445
British Virgin Islands,VGB,1991,2.62
British Virgin Islands,VGB,1992,2.344
British Virgin Islands,VGB,1993,2.372
British Virgin Islands,VGB,1994,2.471
British Virgin Islands,VGB,1995,2.45
British Virgin Islands,VGB,1996,2.499
British Virgin Islands,VGB,1997,2.565
British Virgin Islands,VGB,1998,2.516
British Virgin Islands,VGB,1999,2.539
British Virgin Islands,VGB,2000,2.574
British Virgin Islands,VGB,2001,2.828
British Virgin Islands,VGB,2002,3.169
British Virgin Islands,VGB,2003,3.294
British Virgin Islands,VGB,2004,3.344
British Virgin Islands,VGB,2005,3.398
British Virgin Islands,VGB,2006,3.479
British Virgin Islands,VGB,2007,3.521
British Virgin Islands,VGB,2008,3.622
British Virgin Islands,VGB,2009,3.333
British Virgin Islands,VGB,2010,0.033
British Virgin Islands,VGB,2011,7.178
British Virgin Islands,VGB,2012,3.988
British Virgin Islands,VGB,2013,4.754
British Virgin Islands,VGB,2014,3.064
British Virgin Islands,VGB,2015,5.976
British Virgin Islands,VGB,2016,-9.749
British Virgin Islands,VGB,2017,2.881
British Virgin Islands,VGB,2018,8.587
British Virgin Islands,VGB,2019,1.377
British Virgin Islands,VGB,2020,2.637
British Virgin Islands,VGB,2021,0.981
British Virgin Islands,VGB,2022,1.691
British Virgin Islands,VGB,2023,1.755
Brunei,BRN,1950,5.959
Brunei,BRN,1951,5.682
Brunei,BRN,1952,5.862
Brunei,BRN,1953,6.036
Brunei,BRN,1954,6.256
Brunei,BRN,1955,6.405
Brunei,BRN,1956,6.473
Brunei,BRN,1957,6.383
Brunei,BRN,1958,6.188
Brunei,BRN,1959,5.791
Brunei,BRN,1960,4.704
Brunei,BRN,1961,4.526
Brunei,BRN,1962,4.36
Brunei,BRN,1963,4.612
Brunei,BRN,1964,4.589
Brunei,BRN,1965,4.487
Brunei,BRN,1966,4.401
Brunei,BRN,1967,4.287
Brunei,BRN,1968,4.139
Brunei,BRN,1969,3.974
Brunei,BRN,1970,1.601
Brunei,BRN,1971,2.467
Brunei,BRN,1972,3.611
Brunei,BRN,1973,3.547
Brunei,BRN,1974,3.502
Brunei,BRN,1975,3.468
Brunei,BRN,1976,3.418
Brunei,BRN,1977,3.397
Brunei,BRN,1978,3.125
Brunei,BRN,1979,3.111
Brunei,BRN,1980,3.098
Brunei,BRN,1981,3.108
Brunei,BRN,1982,3.234
Brunei,BRN,1983,3.294
Brunei,BRN,1984,3.352
Brunei,BRN,1985,3.391
Brunei,BRN,1986,3.412
Brunei,BRN,1987,2.994
Brunei,BRN,1988,2.949
Brunei,BRN,1989,2.902
Brunei,BRN,1990,2.844
Brunei,BRN,1991,2.799
Brunei,BRN,1992,2.645
Brunei,BRN,1993,2.573
Brunei,BRN,1994,2.504
Brunei,BRN,1995,2.437
Brunei,BRN,1996,2.369
Brunei,BRN,1997,2.315
Brunei,BRN,1998,2.248
Brunei,BRN,1999,2.201
Brunei,BRN,2000,2.143
Brunei,BRN,2001,2.054
Brunei,BRN,2002,1.958
Brunei,BRN,2003,1.851
Brunei,BRN,2004,1.737
Brunei,BRN,2005,1.638
Brunei,BRN,2006,1.54
Brunei,BRN,2007,1.835
Brunei,BRN,2008,1.862
Brunei,BRN,2009,1.892
Brunei,BRN,2010,1.906
Brunei,BRN,2011,1.662
Brunei,BRN,2012,1.405
Brunei,BRN,2013,1.36
Brunei,BRN,2014,1.321
Brunei,BRN,2015,1.283
Brunei,BRN,2016,1.237
Brunei,BRN,2017,1.185
Brunei,BRN,2018,1.13
Brunei,BRN,2019,1.083
Brunei,BRN,2020,1.04
Brunei,BRN,2021,0.881
Brunei,BRN,2022,0.728
Brunei,BRN,2023,0.837
Bulgaria,BGR,1950,1.135
Bulgaria,BGR,1951,0.678
Bulgaria,BGR,1952,0.618
Bulgaria,BGR,1953,0.842
Bulgaria,BGR,1954,0.779
Bulgaria,BGR,1955,0.751
Bulgaria,BGR,1956,0.665
Bulgaria,BGR,1957,0.971
Bulgaria,BGR,1958,0.989
Bulgaria,BGR,1959,0.797
Bulgaria,BGR,1960,0.959
Bulgaria,BGR,1961,0.95
Bulgaria,BGR,1962,0.808
Bulgaria,BGR,1963,0.819
Bulgaria,BGR,1964,0.818
Bulgaria,BGR,1965,0.708
Bulgaria,BGR,1966,0.662
Bulgaria,BGR,1967,0.602
Bulgaria,BGR,1968,0.824
Bulgaria,BGR,1969,0.715
Bulgaria,BGR,1970,0.598
Bulgaria,BGR,1971,0.531
Bulgaria,BGR,1972,0.428
Bulgaria,BGR,1973,0.615
Bulgaria,BGR,1974,0.724
Bulgaria,BGR,1975,0.206
Bulgaria,BGR,1976,0.624
Bulgaria,BGR,1977,0.408
Bulgaria,BGR,1978,-0.201
Bulgaria,BGR,1979,0.456
Bulgaria,BGR,1980,0.326
Bulgaria,BGR,1981,0.312
Bulgaria,BGR,1982,0.249
Bulgaria,BGR,1983,0.213
Bulgaria,BGR,1984,0.218
Bulgaria,BGR,1985,-0.079
Bulgaria,BGR,1986,0.182
Bulgaria,BGR,1987,0.102
Bulgaria,BGR,1988,0.109
Bulgaria,BGR,1989,-1.214
Bulgaria,BGR,1990,-1.355
Bulgaria,BGR,1991,-1.536
Bulgaria,BGR,1992,-1.633
Bulgaria,BGR,1993,-0.535
Bulgaria,BGR,1994,-0.64
Bulgaria,BGR,1995,-0.775
Bulgaria,BGR,1996,-0.815
Bulgaria,BGR,1997,-0.986
Bulgaria,BGR,1998,-0.943
Bulgaria,BGR,1999,-0.802
Bulgaria,BGR,2000,-0.865
Bulgaria,BGR,2001,-0.945
Bulgaria,BGR,2002,-0.739
Bulgaria,BGR,2003,-0.73
Bulgaria,BGR,2004,-0.684
Bulgaria,BGR,2005,-0.725
Bulgaria,BGR,2006,-0.703
Bulgaria,BGR,2007,-0.7
Bulgaria,BGR,2008,-0.657
Bulgaria,BGR,2009,-0.61
Bulgaria,BGR,2010,-0.742
Bulgaria,BGR,2011,-0.813
Bulgaria,BGR,2012,-0.903
Bulgaria,BGR,2013,-0.534
Bulgaria,BGR,2014,-0.603
Bulgaria,BGR,2015,-0.673
Bulgaria,BGR,2016,-0.727
Bulgaria,BGR,2017,-0.732
Bulgaria,BGR,2018,-0.712
Bulgaria,BGR,2019,-0.696
Bulgaria,BGR,2020,-0.506
Bulgaria,BGR,2021,-1.131
Bulgaria,BGR,2022,-0.366
Bulgaria,BGR,2023,-0.517
Burkina Faso,BFA,1950,1.076
Burkina Faso,BFA,1951,1.154
Burkina Faso,BFA,1952,1.178
Burkina Faso,BFA,1953,1.173
Burkina Faso,BFA,1954,1.223
Burkina Faso,BFA,1955,1.262
Burkina Faso,BFA,1956,1.3
Burkina Faso,BFA,1957,1.33
Burkina Faso,BFA,1958,1.3
Burkina Faso,BFA,1959,1.416
Burkina Faso,BFA,1960,1.44
Burkina Faso,BFA,1961,1.452
Burkina Faso,BFA,1962,1.474
Burkina Faso,BFA,1963,1.51
Burkina Faso,BFA,1964,1.567
Burkina Faso,BFA,1965,1.633
Burkina Faso,BFA,1966,1.643
Burkina Faso,BFA,1967,1.705
Burkina Faso,BFA,1968,1.731
Burkina Faso,BFA,1969,1.728
Burkina Faso,BFA,1970,1.765
Burkina Faso,BFA,1971,1.689
Burkina Faso,BFA,1972,1.758
Burkina Faso,BFA,1973,1.815
Burkina Faso,BFA,1974,1.969
Burkina Faso,BFA,1975,2.061
Burkina Faso,BFA,1976,2.22
Burkina Faso,BFA,1977,2.438
Burkina Faso,BFA,1978,2.545
Burkina Faso,BFA,1979,2.633
Burkina Faso,BFA,1980,2.733
Burkina Faso,BFA,1981,2.729
Burkina Faso,BFA,1982,2.793
Burkina Faso,BFA,1983,2.872
Burkina Faso,BFA,1984,2.9
Burkina Faso,BFA,1985,2.875
Burkina Faso,BFA,1986,2.769
Burkina Faso,BFA,1987,2.704
Burkina Faso,BFA,1988,2.671
Burkina Faso,BFA,1989,2.64
Burkina Faso,BFA,1990,2.63
Burkina Faso,BFA,1991,2.445
Burkina Faso,BFA,1992,2.489
Burkina Faso,BFA,1993,2.485
Burkina Faso,BFA,1994,2.558
Burkina Faso,BFA,1995,2.57
Burkina Faso,BFA,1996,2.548
Burkina Faso,BFA,1997,2.607
Burkina Faso,BFA,1998,2.917
Burkina Faso,BFA,1999,2.944
Burkina Faso,BFA,2000,3.023
Burkina Faso,BFA,2001,3.078
Burkina Faso,BFA,2002,3.103
Burkina Faso,BFA,2003,3.133
Burkina Faso,BFA,2004,3.157
Burkina Faso,BFA,2005,3.137
Burkina Faso,BFA,2006,3.104
Burkina Faso,BFA,2007,2.964
Burkina Faso,BFA,2008,2.913
Burkina Faso,BFA,2009,2.925
Burkina Faso,BFA,2010,2.927
Burkina Faso,BFA,2011,2.985
Burkina Faso,BFA,2012,3.048
Burkina Faso,BFA,2013,2.955
Burkina Faso,BFA,2014,2.991
Burkina Faso,BFA,2015,2.934
Burkina Faso,BFA,2016,2.917
Burkina Faso,BFA,2017,2.791
Burkina Faso,BFA,2018,2.606
Burkina Faso,BFA,2019,2.456
Burkina Faso,BFA,2020,2.415
Burkina Faso,BFA,2021,2.339
Burkina Faso,BFA,2022,2.28
Burkina Faso,BFA,2023,2.26
Burundi,BDI,1950,2.272
Burundi,BDI,1951,2.185
Burundi,BDI,1952,2.111
Burundi,BDI,1953,2.039
Burundi,BDI,1954,2.028
Burundi,BDI,1955,2.011
Burundi,BDI,1956,1.994
Burundi,BDI,1957,1.972
Burundi,BDI,1958,1.899
Burundi,BDI,1959,1.99
Burundi,BDI,1960,2.005
Burundi,BDI,1961,3.045
Burundi,BDI,1962,2.041
Burundi,BDI,1963,2.171
Burundi,BDI,1964,3.507
Burundi,BDI,1965,2.046
Burundi,BDI,1966,2.763
Burundi,BDI,1967,2.319
Burundi,BDI,1968,2.451
Burundi,BDI,1969,1.898
Burundi,BDI,1970,2.44
Burundi,BDI,1971,2.422
Burundi,BDI,1972,-2.431
Burundi,BDI,1973,2.15
Burundi,BDI,1974,2.85
Burundi,BDI,1975,2.12
Burundi,BDI,1976,2.358
Burundi,BDI,1977,2.771
Burundi,BDI,1978,3.003
Burundi,BDI,1979,1.98
Burundi,BDI,1980,6.323
Burundi,BDI,1981,1.917
Burundi,BDI,1982,3.06
Burundi,BDI,1983,2.309
Burundi,BDI,1984,2.534
Burundi,BDI,1985,1.794
Burundi,BDI,1986,1.958
Burundi,BDI,1987,2.598
Burundi,BDI,1988,1.841
Burundi,BDI,1989,2.083
Burundi,BDI,1990,2.089
Burundi,BDI,1991,2.05
Burundi,BDI,1992,3.281
Burundi,BDI,1993,-9.79
Burundi,BDI,1994,11.025
Burundi,BDI,1995,1.246
Burundi,BDI,1996,-1.107
Burundi,BDI,1997,1.092
Burundi,BDI,1998,2.713
Burundi,BDI,1999,2.087
Burundi,BDI,2000,2.069
Burundi,BDI,2001,2.932
Burundi,BDI,2002,2.712
Burundi,BDI,2003,3.593
Burundi,BDI,2004,3.858
Burundi,BDI,2005,3.576
Burundi,BDI,2006,3.626
Burundi,BDI,2007,3.767
Burundi,BDI,2008,4.469
Burundi,BDI,2009,5.634
Burundi,BDI,2010,3.772
Burundi,BDI,2011,3.39
Burundi,BDI,2012,3.741
Burundi,BDI,2013,3.448
Burundi,BDI,2014,3.342
Burundi,BDI,2015,1.219
Burundi,BDI,2016,2.216
Burundi,BDI,2017,2.482
Burundi,BDI,2018,3.541
Burundi,BDI,2019,3.035
Burundi,BDI,2020,2.786
Burundi,BDI,2021,2.664
Burundi,BDI,2022,2.746
Burundi,BDI,2023,2.71
Cambodia,KHM,1950,2.275
Cambodia,KHM,1951,2.265
Cambodia,KHM,1952,2.254
Cambodia,KHM,1953,2.175
Cambodia,KHM,1954,2.194
Cambodia,KHM,1955,2.211
Cambodia,KHM,1956,2.203
Cambodia,KHM,1957,2.187
Cambodia,KHM,1958,2.088
Cambodia,KHM,1959,2.16
Cambodia,KHM,1960,2.182
Cambodia,KHM,1961,2.217
Cambodia,KHM,1962,2.269
Cambodia,KHM,1963,2.089
Cambodia,KHM,1964,2.097
Cambodia,KHM,1965,2.1
Cambodia,KHM,1966,2.102
Cambodia,KHM,1967,2.101
Cambodia,KHM,1968,2.098
Cambodia,KHM,1969,2.106
Cambodia,KHM,1970,-1.057
Cambodia,KHM,1971,0.507
Cambodia,KHM,1972,1.085
Cambodia,KHM,1973,0.879
Cambodia,KHM,1974,0.409
Cambodia,KHM,1975,-6.559
Cambodia,KHM,1976,-7.522
Cambodia,KHM,1977,-8.325
Cambodia,KHM,1978,-8.489
Cambodia,KHM,1979,3.861
Cambodia,KHM,1980,0.493
Cambodia,KHM,1981,2.717
Cambodia,KHM,1982,2.948
Cambodia,KHM,1983,4.246
Cambodia,KHM,1984,3.055
Cambodia,KHM,1985,3.62
Cambodia,KHM,1986,4.217
Cambodia,KHM,1987,4.263
Cambodia,KHM,1988,3.356
Cambodia,KHM,1989,4.162
Cambodia,KHM,1990,4.18
Cambodia,KHM,1991,4.111
Cambodia,KHM,1992,6.615
Cambodia,KHM,1993,5.457
Cambodia,KHM,1994,8.398
Cambodia,KHM,1995,7.822
Cambodia,KHM,1996,7.246
Cambodia,KHM,1997,6.545
Cambodia,KHM,1998,1.802
Cambodia,KHM,1999,1.613
Cambodia,KHM,2000,1.568
Cambodia,KHM,2001,1.556
Cambodia,KHM,2002,1.529
Cambodia,KHM,2003,1.493
Cambodia,KHM,2004,1.455
Cambodia,KHM,2005,1.46
Cambodia,KHM,2006,1.491
Cambodia,KHM,2007,1.46
Cambodia,KHM,2008,1.575
Cambodia,KHM,2009,1.578
Cambodia,KHM,2010,1.534
Cambodia,KHM,2011,1.503
Cambodia,KHM,2012,1.497
Cambodia,KHM,2013,1.493
Cambodia,KHM,2014,1.472
Cambodia,KHM,2015,1.449
Cambodia,KHM,2016,1.469
Cambodia,KHM,2017,1.296
Cambodia,KHM,2018,1.192
Cambodia,KHM,2019,1.332
Cambodia,KHM,2020,1.607
Cambodia,KHM,2021,1.349
Cambodia,KHM,2022,1.313
Cambodia,KHM,2023,1.253
Cameroon,CMR,1950,1.461
Cameroon,CMR,1951,1.53
Cameroon,CMR,1952,1.601
Cameroon,CMR,1953,1.674
Cameroon,CMR,1954,1.752
Cameroon,CMR,1955,1.827
Cameroon,CMR,1956,1.886
Cameroon,CMR,1957,1.863
Cameroon,CMR,1958,1.924
Cameroon,CMR,1959,1.973
Cameroon,CMR,1960,1.511
Cameroon,CMR,1961,1.574
Cameroon,CMR,1962,2.177
Cameroon,CMR,1963,2.195
Cameroon,CMR,1964,2.214
Cameroon,CMR,1965,2.268
Cameroon,CMR,1966,2.327
Cameroon,CMR,1967,2.413
Cameroon,CMR,1968,2.496
Cameroon,CMR,1969,2.583
Cameroon,CMR,1970,2.641
Cameroon,CMR,1971,2.701
Cameroon,CMR,1972,2.733
Cameroon,CMR,1973,2.766
Cameroon,CMR,1974,2.785
Cameroon,CMR,1975,2.795
Cameroon,CMR,1976,2.566
Cameroon,CMR,1977,2.593
Cameroon,CMR,1978,2.854
Cameroon,CMR,1979,2.752
Cameroon,CMR,1980,3.741
Cameroon,CMR,1981,3.289
Cameroon,CMR,1982,1.492
Cameroon,CMR,1983,2.591
Cameroon,CMR,1984,2.962
Cameroon,CMR,1985,2.999
Cameroon,CMR,1986,3.027
Cameroon,CMR,1987,3.05
Cameroon,CMR,1988,2.922
Cameroon,CMR,1989,2.94
Cameroon,CMR,1990,2.954
Cameroon,CMR,1991,2.88
Cameroon,CMR,1992,2.852
Cameroon,CMR,1993,2.843
Cameroon,CMR,1994,2.774
Cameroon,CMR,1995,2.718
Cameroon,CMR,1996,2.666
Cameroon,CMR,1997,2.637
Cameroon,CMR,1998,2.658
Cameroon,CMR,1999,2.648
Cameroon,CMR,2000,2.618
Cameroon,CMR,2001,2.634
Cameroon,CMR,2002,2.727
Cameroon,CMR,2003,2.728
Cameroon,CMR,2004,2.766
Cameroon,CMR,2005,2.746
Cameroon,CMR,2006,2.751
Cameroon,CMR,2007,2.86
Cameroon,CMR,2008,2.865
Cameroon,CMR,2009,2.865
Cameroon,CMR,2010,2.85
Cameroon,CMR,2011,2.807
Cameroon,CMR,2012,2.819
Cameroon,CMR,2013,2.8
Cameroon,CMR,2014,3.245
Cameroon,CMR,2015,3.037
Cameroon,CMR,2016,2.943
Cameroon,CMR,2017,2.73
Cameroon,CMR,2018,2.81
Cameroon,CMR,2019,2.754
Cameroon,CMR,2020,2.696
Cameroon,CMR,2021,2.615
Cameroon,CMR,2022,2.642
Cameroon,CMR,2023,2.643
Canada,CAN,1950,2.156
Canada,CAN,1951,2.747
Canada,CAN,1952,2.846
Canada,CAN,1953,2.806
Canada,CAN,1954,2.77
Canada,CAN,1955,2.507
Canada,CAN,1956,2.899
Canada,CAN,1957,2.975
Canada,CAN,1958,2.517
Canada,CAN,1959,2.24
Canada,CAN,1960,2.091
Canada,CAN,1961,1.941
Canada,CAN,1962,1.862
Canada,CAN,1963,1.87
Canada,CAN,1964,1.864
Canada,CAN,1965,1.867
Canada,CAN,1966,1.839
Canada,CAN,1967,1.673
Canada,CAN,1968,1.492
Canada,CAN,1969,1.415
Canada,CAN,1970,2.366
Canada,CAN,1971,1.846
Canada,CAN,1972,1.198
Canada,CAN,1973,1.317
Canada,CAN,1974,1.434
Canada,CAN,1975,1.393
Canada,CAN,1976,1.241
Canada,CAN,1977,1.087
Canada,CAN,1978,0.996
Canada,CAN,1979,1.148
Canada,CAN,1980,1.284
Canada,CAN,1981,1.237
Canada,CAN,1982,1.126
Canada,CAN,1983,1.03
Canada,CAN,1984,0.988
Canada,CAN,1985,1.005
Canada,CAN,1986,1.17
Canada,CAN,1987,1.33
Canada,CAN,1988,1.563
Canada,CAN,1989,1.664
Canada,CAN,1990,1.409
Canada,CAN,1991,1.221
Canada,CAN,1992,1.2
Canada,CAN,1993,1.107
Canada,CAN,1994,1.078
Canada,CAN,1995,1.05
Canada,CAN,1996,1.031
Canada,CAN,1997,0.921
Canada,CAN,1998,0.873
Canada,CAN,1999,0.896
Canada,CAN,2000,1.005
Canada,CAN,2001,1.067
Canada,CAN,2002,0.986
Canada,CAN,2003,0.913
Canada,CAN,2004,0.939
Canada,CAN,2005,0.966
Canada,CAN,2006,0.991
Canada,CAN,2007,1.032
Canada,CAN,2008,1.113
Canada,CAN,2009,1.13
Canada,CAN,2010,1.05
Canada,CAN,2011,1.037
Canada,CAN,2012,1.077
Canada,CAN,2013,1.037
Canada,CAN,2014,0.886
Canada,CAN,2015,0.946
Canada,CAN,2016,1.216
Canada,CAN,2017,1.272
Canada,CAN,2018,1.353
Canada,CAN,2019,1.247
Canada,CAN,2020,0.804
Canada,CAN,2021,0.67
Canada,CAN,2022,1.229
Canada,CAN,2023,1.218
Cape Verde,CPV,1950,1.169
Cape Verde,CPV,1951,1.223
Cape Verde,CPV,1952,1.15
Cape Verde,CPV,1953,1.07
Cape Verde,CPV,1954,1.011
Cape Verde,CPV,1955,1.112
Cape Verde,CPV,1956,1.158
Cape Verde,CPV,1957,1.291
Cape Verde,CPV,1958,1.488
Cape Verde,CPV,1959,1.7
Cape Verde,CPV,1960,1.825
Cape Verde,CPV,1961,2.926
Cape Verde,CPV,1962,3.322
Cape Verde,CPV,1963,3.285
Cape Verde,CPV,1964,3.263
Cape Verde,CPV,1965,3.254
Cape Verde,CPV,1966,3.27
Cape Verde,CPV,1967,3.285
Cape Verde,CPV,1968,3.306
Cape Verde,CPV,1969,3.307
Cape Verde,CPV,1970,2.793
Cape Verde,CPV,1971,1.457
Cape Verde,CPV,1972,0.806
Cape Verde,CPV,1973,0.865
Cape Verde,CPV,1974,0.92
Cape Verde,CPV,1975,1.233
Cape Verde,CPV,1976,1.114
Cape Verde,CPV,1977,1.058
Cape Verde,CPV,1978,1.049
Cape Verde,CPV,1979,1.048
Cape Verde,CPV,1980,1.328
Cape Verde,CPV,1981,1.463
Cape Verde,CPV,1982,1.491
Cape Verde,CPV,1983,1.451
Cape Verde,CPV,1984,1.403
Cape Verde,CPV,1985,1.415
Cape Verde,CPV,1986,1.413
Cape Verde,CPV,1987,1.401
Cape Verde,CPV,1988,1.394
Cape Verde,CPV,1989,1.604
Cape Verde,CPV,1990,2.49
Cape Verde,CPV,1991,2.331
Cape Verde,CPV,1992,2.209
Cape Verde,CPV,1993,2.092
Cape Verde,CPV,1994,1.979
Cape Verde,CPV,1995,1.827
Cape Verde,CPV,1996,1.719
Cape Verde,CPV,1997,1.644
Cape Verde,CPV,1998,1.559
Cape Verde,CPV,1999,1.482
Cape Verde,CPV,2000,1.54
Cape Verde,CPV,2001,1.515
Cape Verde,CPV,2002,1.399
Cape Verde,CPV,2003,1.297
Cape Verde,CPV,2004,1.217
Cape Verde,CPV,2005,1.167
Cape Verde,CPV,2006,1.134
Cape Verde,CPV,2007,1.08
Cape Verde,CPV,2008,0.992
Cape Verde,CPV,2009,0.909
Cape Verde,CPV,2010,0.527
Cape Verde,CPV,2011,0.125
Cape Verde,CPV,2012,0.074
Cape Verde,CPV,2013,0.031
Cape Verde,CPV,2014,0.008
Cape Verde,CPV,2015,0.019
Cape Verde,CPV,2016,0.044
Cape Verde,CPV,2017,0.088
Cape Verde,CPV,2018,0.116
Cape Verde,CPV,2019,0.152
Cape Verde,CPV,2020,0.071
Cape Verde,CPV,2021,0.691
Cape Verde,CPV,2022,0.503
Cape Verde,CPV,2023,0.491
Cayman Islands,CYM,1950,2.285
Cayman Islands,CYM,1951,1.444
Cayman Islands,CYM,1952,1.998
Cayman Islands,CYM,1953,2.106
Cayman Islands,CYM,1954,1.8
Cayman Islands,CYM,1955,1.872
Cayman Islands,CYM,1956,1.9
Cayman Islands,CYM,1957,1.865
Cayman Islands,CYM,1958,1.624
Cayman Islands,CYM,1959,1.766
Cayman Islands,CYM,1960,2.029
Cayman Islands,CYM,1961,2.058
Cayman Islands,CYM,1962,2.073
Cayman Islands,CYM,1963,2.185
Cayman Islands,CYM,1964,2.149
Cayman Islands,CYM,1965,2.062
Cayman Islands,CYM,1966,2.144
Cayman Islands,CYM,1967,2.17
Cayman Islands,CYM,1968,1.926
Cayman Islands,CYM,1969,1.938
Cayman Islands,CYM,1970,4.812
Cayman Islands,CYM,1971,5.904
Cayman Islands,CYM,1972,5.757
Cayman Islands,CYM,1973,5.412
Cayman Islands,CYM,1974,5.171
Cayman Islands,CYM,1975,4.86
Cayman Islands,CYM,1976,4.574
Cayman Islands,CYM,1977,4.251
Cayman Islands,CYM,1978,3.835
Cayman Islands,CYM,1979,3.939
Cayman Islands,CYM,1980,4.755
Cayman Islands,CYM,1981,4.692
Cayman Islands,CYM,1982,4.529
Cayman Islands,CYM,1983,4.323
Cayman Islands,CYM,1984,4.239
Cayman Islands,CYM,1985,4.09
Cayman Islands,CYM,1986,3.934
Cayman Islands,CYM,1987,3.814
Cayman Islands,CYM,1988,3.654
Cayman Islands,CYM,1989,3.904
Cayman Islands,CYM,1990,4.924
Cayman Islands,CYM,1991,4.804
Cayman Islands,CYM,1992,4.69
Cayman Islands,CYM,1993,4.564
Cayman Islands,CYM,1994,4.415
Cayman Islands,CYM,1995,4.27
Cayman Islands,CYM,1996,4.107
Cayman Islands,CYM,1997,3.934
Cayman Islands,CYM,1998,3.681
Cayman Islands,CYM,1999,3.568
Cayman Islands,CYM,2000,3.564
Cayman Islands,CYM,2001,3.447
Cayman Islands,CYM,2002,3.371
Cayman Islands,CYM,2003,3.207
Cayman Islands,CYM,2004,3.142
Cayman Islands,CYM,2005,3.093
Cayman Islands,CYM,2006,2.99
Cayman Islands,CYM,2007,2.955
Cayman Islands,CYM,2008,2.856
Cayman Islands,CYM,2009,2.8
Cayman Islands,CYM,2010,2.749
Cayman Islands,CYM,2011,2.75
Cayman Islands,CYM,2012,2.676
Cayman Islands,CYM,2013,2.575
Cayman Islands,CYM,2014,2.495
Cayman Islands,CYM,2015,2.373
Cayman Islands,CYM,2016,2.303
Cayman Islands,CYM,2017,2.196
Cayman Islands,CYM,2018,2.113
Cayman Islands,CYM,2019,2.05
Cayman Islands,CYM,2020,1.944
Cayman Islands,CYM,2021,2.155
Cayman Islands,CYM,2022,2.035
Cayman Islands,CYM,2023,1.966
Central African Republic,CAF,1950,1.605
Central African Republic,CAF,1951,1.595
Central African Republic,CAF,1952,1.606
Central African Republic,CAF,1953,1.617
Central African Republic,CAF,1954,1.644
Central African Republic,CAF,1955,1.667
Central African Republic,CAF,1956,1.701
Central African Republic,CAF,1957,1.729
Central African Republic,CAF,1958,1.76
Central African Republic,CAF,1959,1.821
Central African Republic,CAF,1960,1.857
Central African Republic,CAF,1961,1.895
Central African Republic,CAF,1962,1.935
Central African Republic,CAF,1963,1.979
Central African Republic,CAF,1964,2.03
Central African Republic,CAF,1965,2.087
Central African Republic,CAF,1966,2.151
Central African Republic,CAF,1967,2.217
Central African Republic,CAF,1968,2.287
Central African Republic,CAF,1969,2.29
Central African Republic,CAF,1970,2.146
Central African Republic,CAF,1971,2.003
Central African Republic,CAF,1972,1.912
Central African Republic,CAF,1973,1.919
Central African Republic,CAF,1974,1.936
Central African Republic,CAF,1975,1.954
Central African Republic,CAF,1976,1.025
Central African Republic,CAF,1977,1.039
Central African Republic,CAF,1978,1.06
Central African Republic,CAF,1979,1.083
Central African Republic,CAF,1980,1.111
Central African Republic,CAF,1981,1.15
Central African Republic,CAF,1982,1.174
Central African Republic,CAF,1983,1.207
Central African Republic,CAF,1984,1.238
Central African Republic,CAF,1985,1.263
Central African Republic,CAF,1986,1.283
Central African Republic,CAF,1987,1.348
Central African Republic,CAF,1988,1.976
Central African Republic,CAF,1989,3.103
Central African Republic,CAF,1990,3.117
Central African Republic,CAF,1991,3.141
Central African Republic,CAF,1992,3.211
Central African Republic,CAF,1993,3.161
Central African Republic,CAF,1994,3.083
Central African Republic,CAF,1995,2.383
Central African Republic,CAF,1996,2.796
Central African Republic,CAF,1997,2.702
Central African Republic,CAF,1998,2.724
Central African Republic,CAF,1999,2.746
Central African Republic,CAF,2000,2.753
Central African Republic,CAF,2001,1.699
Central African Republic,CAF,2002,2.66
Central African Republic,CAF,2003,2.131
Central African Republic,CAF,2004,2.195
Central African Republic,CAF,2005,2.33
Central African Republic,CAF,2006,1.773
Central African Republic,CAF,2007,2.079
Central African Republic,CAF,2008,2.186
Central African Republic,CAF,2009,-3.523
Central African Republic,CAF,2010,1.946
Central African Republic,CAF,2011,1.241
Central African Republic,CAF,2012,0.76
Central African Republic,CAF,2013,0.606
Central African Republic,CAF,2014,-1.441
Central African Republic,CAF,2015,1.704
Central African Republic,CAF,2016,1.905
Central African Republic,CAF,2017,1.458
Central African Republic,CAF,2018,2.058
Central African Republic,CAF,2019,0.641
Central African Republic,CAF,2020,2.63
Central African Republic,CAF,2021,0.758
Central African Republic,CAF,2022,-1.312
Central African Republic,CAF,2023,3.41
Chad,TCD,1950,1.771
Chad,TCD,1951,1.758
Chad,TCD,1952,1.782
Chad,TCD,1953,1.813
Chad,TCD,1954,1.85
Chad,TCD,1955,1.892
Chad,TCD,1956,1.935
Chad,TCD,1957,1.961
Chad,TCD,1958,1.987
Chad,TCD,1959,1.997
Chad,TCD,1960,2.011
Chad,TCD,1961,2.021
Chad,TCD,1962,2.029
Chad,TCD,1963,2.042
Chad,TCD,1964,2.025
Chad,TCD,1965,1.972
Chad,TCD,1966,1.943
Chad,TCD,1967,1.949
Chad,TCD,1968,1.986
Chad,TCD,1969,2.046
Chad,TCD,1970,2.112
Chad,TCD,1971,2.108
Chad,TCD,1972,2.353
Chad,TCD,1973,2.351
Chad,TCD,1974,2.236
Chad,TCD,1975,2.077
Chad,TCD,1976,1.919
Chad,TCD,1977,1.828
Chad,TCD,1978,1.819
Chad,TCD,1979,2.393
Chad,TCD,1980,-1.942
Chad,TCD,1981,2.183
Chad,TCD,1982,7.102
Chad,TCD,1983,2.911
Chad,TCD,1984,-0.256
Chad,TCD,1985,2.26
Chad,TCD,1986,3.704
Chad,TCD,1987,3.311
Chad,TCD,1988,3.459
Chad,TCD,1989,3.324
Chad,TCD,1990,2.225
Chad,TCD,1991,5.038
Chad,TCD,1992,3.481
Chad,TCD,1993,1.261
Chad,TCD,1994,3.317
Chad,TCD,1995,5.45
Chad,TCD,1996,3.453
Chad,TCD,1997,3.451
Chad,TCD,1998,3.43
Chad,TCD,1999,3.593
Chad,TCD,2000,3.329
Chad,TCD,2001,3.416
Chad,TCD,2002,3.548
Chad,TCD,2003,4.426
Chad,TCD,2004,4.482
Chad,TCD,2005,3.598
Chad,TCD,2006,3.597
Chad,TCD,2007,3.298
Chad,TCD,2008,3.694
Chad,TCD,2009,3.456
Chad,TCD,2010,3.465
Chad,TCD,2011,3.593
Chad,TCD,2012,3.435
Chad,TCD,2013,3.699
Chad,TCD,2014,3.445
Chad,TCD,2015,2.93
Chad,TCD,2016,3.341
Chad,TCD,2017,3.273
Chad,TCD,2018,3.444
Chad,TCD,2019,3.003
Chad,TCD,2020,3.355
Chad,TCD,2021,3.53
Chad,TCD,2022,3.385
Chad,TCD,2023,5.71
Chile,CHL,1950,1.871
Chile,CHL,1951,1.956
Chile,CHL,1952,2.009
Chile,CHL,1953,2.056
Chile,CHL,1954,2.082
Chile,CHL,1955,2.1
Chile,CHL,1956,2.143
Chile,CHL,1957,2.131
Chile,CHL,1958,2.128
Chile,CHL,1959,2.112
Chile,CHL,1960,2.101
Chile,CHL,1961,2.062
Chile,CHL,1962,2.035
Chile,CHL,1963,1.999
Chile,CHL,1964,1.939
Chile,CHL,1965,1.879
Chile,CHL,1966,1.832
Chile,CHL,1967,1.778
Chile,CHL,1968,1.738
Chile,CHL,1969,1.713
Chile,CHL,1970,1.669
Chile,CHL,1971,1.642
Chile,CHL,1972,1.627
Chile,CHL,1973,1.603
Chile,CHL,1974,1.572
Chile,CHL,1975,1.559
Chile,CHL,1976,1.541
Chile,CHL,1977,1.522
Chile,CHL,1978,1.493
Chile,CHL,1979,1.476
Chile,CHL,1980,1.479
Chile,CHL,1981,1.457
Chile,CHL,1982,1.459
Chile,CHL,1983,1.488
Chile,CHL,1984,1.509
Chile,CHL,1985,1.54
Chile,CHL,1986,1.56
Chile,CHL,1987,1.611
Chile,CHL,1988,1.635
Chile,CHL,1989,1.655
Chile,CHL,1990,1.679
Chile,CHL,1991,1.647
Chile,CHL,1992,1.579
Chile,CHL,1993,1.533
Chile,CHL,1994,1.479
Chile,CHL,1995,1.449
Chile,CHL,1996,1.377
Chile,CHL,1997,1.299
Chile,CHL,1998,1.301
Chile,CHL,1999,1.216
Chile,CHL,2000,1.177
Chile,CHL,2001,1.135
Chile,CHL,2002,1.073
Chile,CHL,2003,1.02
Chile,CHL,2004,0.998
Chile,CHL,2005,0.987
Chile,CHL,2006,0.966
Chile,CHL,2007,0.991
Chile,CHL,2008,1.007
Chile,CHL,2009,1.011
Chile,CHL,2010,0.999
Chile,CHL,2011,0.975
Chile,CHL,2012,0.945
Chile,CHL,2013,0.963
Chile,CHL,2014,1.03
Chile,CHL,2015,1.013
Chile,CHL,2016,1.404
Chile,CHL,2017,1.761
Chile,CHL,2018,1.809
Chile,CHL,2019,1.393
Chile,CHL,2020,0.405
Chile,CHL,2021,0.478
Chile,CHL,2022,0.514
Chile,CHL,2023,0.566
China,CHN,1950,1.785
China,CHN,1951,1.755
China,CHN,1952,2.305
China,CHN,1953,2.047
China,CHN,1954,2.252
China,CHN,1955,2.25
China,CHN,1956,2.019
China,CHN,1957,2.403
China,CHN,1958,1.952
China,CHN,1959,0.674
China,CHN,1960,-0.032
China,CHN,1961,0.329
China,CHN,1962,2.473
China,CHN,1963,3.289
China,CHN,1964,2.551
China,CHN,1965,2.662
China,CHN,1966,2.521
China,CHN,1967,2.435
China,CHN,1968,2.745
China,CHN,1969,2.596
China,CHN,1970,2.614
China,CHN,1971,2.37
China,CHN,1972,2.225
China,CHN,1973,2.106
China,CHN,1974,1.874
China,CHN,1975,1.609
China,CHN,1976,1.48
China,CHN,1977,1.333
China,CHN,1978,1.323
China,CHN,1979,1.404
China,CHN,1980,1.439
China,CHN,1981,1.5
China,CHN,1982,1.654
China,CHN,1983,1.379
China,CHN,1984,1.474
China,CHN,1985,1.56
China,CHN,1986,1.7
China,CHN,1987,1.793
China,CHN,1988,1.65
China,CHN,1989,1.684
China,CHN,1990,1.742
China,CHN,1991,1.223
China,CHN,1992,1.119
China,CHN,1993,1.02
China,CHN,1994,0.924
China,CHN,1995,0.909
China,CHN,1996,0.856
China,CHN,1997,0.794
China,CHN,1998,0.764
China,CHN,1999,0.722
China,CHN,2000,0.765
China,CHN,2001,0.671
China,CHN,2002,0.599
China,CHN,2003,0.587
China,CHN,2004,0.581
China,CHN,2005,0.632
China,CHN,2006,0.589
China,CHN,2007,0.585
China,CHN,2008,0.62
China,CHN,2009,0.681
China,CHN,2010,0.661
China,CHN,2011,0.62
China,CHN,2012,0.738
China,CHN,2013,0.643
China,CHN,2014,0.65
China,CHN,2015,0.526
China,CHN,2016,0.605
China,CHN,2017,0.575
China,CHN,2018,0.366
China,CHN,2019,0.269
China,CHN,2020,0.094
China,CHN,2021,-0.048
China,CHN,2022,-0.129
China,CHN,2023,-0.236
Colombia,COL,1950,2.586
Colombia,COL,1951,2.644
Colombia,COL,1952,2.698
Colombia,COL,1953,2.712
Colombia,COL,1954,2.778
Colombia,COL,1955,2.824
Colombia,COL,1956,2.864
Colombia,COL,1957,2.943
Colombia,COL,1958,2.9
Colombia,COL,1959,3.038
Colombia,COL,1960,3.077
Colombia,COL,1961,3.093
Colombia,COL,1962,3.072
Colombia,COL,1963,3.037
Colombia,COL,1964,2.991
Colombia,COL,1965,2.949
Colombia,COL,1966,2.842
Colombia,COL,1967,2.778
Colombia,COL,1968,2.671
Colombia,COL,1969,2.574
Colombia,COL,1970,2.486
Colombia,COL,1971,2.333
Colombia,COL,1972,2.308
Colombia,COL,1973,2.275
Colombia,COL,1974,2.226
Colombia,COL,1975,2.202
Colombia,COL,1976,2.155
Colombia,COL,1977,2.276
Colombia,COL,1978,2.239
Colombia,COL,1979,2.242
Colombia,COL,1980,2.32
Colombia,COL,1981,2.291
Colombia,COL,1982,2.335
Colombia,COL,1983,2.363
Colombia,COL,1984,2.261
Colombia,COL,1985,2.064
Colombia,COL,1986,2.066
Colombia,COL,1987,2.044
Colombia,COL,1988,2.052
Colombia,COL,1989,2.054
Colombia,COL,1990,2.08
Colombia,COL,1991,1.939
Colombia,COL,1992,2.022
Colombia,COL,1993,1.972
Colombia,COL,1994,1.972
Colombia,COL,1995,1.849
Colombia,COL,1996,1.795
Colombia,COL,1997,1.785
Colombia,COL,1998,1.798
Colombia,COL,1999,1.68
Colombia,COL,2000,1.597
Colombia,COL,2001,1.547
Colombia,COL,2002,1.529
Colombia,COL,2003,1.488
Colombia,COL,2004,1.45
Colombia,COL,2005,1.351
Colombia,COL,2006,1.3
Colombia,COL,2007,1.234
Colombia,COL,2008,1.173
Colombia,COL,2009,1.157
Colombia,COL,2010,1.115
Colombia,COL,2011,1.028
Colombia,COL,2012,0.978
Colombia,COL,2013,0.919
Colombia,COL,2014,0.866
Colombia,COL,2015,0.864
Colombia,COL,2016,1.116
Colombia,COL,2017,1.782
Colombia,COL,2018,1.895
Colombia,COL,2019,1.679
Colombia,COL,2020,1.197
Colombia,COL,2021,0.997
Colombia,COL,2022,1.139
Colombia,COL,2023,1.103
Comoros,COM,1950,2.444
Comoros,COM,1951,1.953
Comoros,COM,1952,2.163
Comoros,COM,1953,2.082
Comoros,COM,1954,1.977
Comoros,COM,1955,1.901
Comoros,COM,1956,1.82
Comoros,COM,1957,2.084
Comoros,COM,1958,2.155
Comoros,COM,1959,1.719
Comoros,COM,1960,1.765
Comoros,COM,1961,1.746
Comoros,COM,1962,1.704
Comoros,COM,1963,1.671
Comoros,COM,1964,1.625
Comoros,COM,1965,1.491
Comoros,COM,1966,1.914
Comoros,COM,1967,2.773
Comoros,COM,1968,2.851
Comoros,COM,1969,2.933
Comoros,COM,1970,3.038
Comoros,COM,1971,3.154
Comoros,COM,1972,3.26
Comoros,COM,1973,3.351
Comoros,COM,1974,3.418
Comoros,COM,1975,3.383
Comoros,COM,1976,3.348
Comoros,COM,1977,3.291
Comoros,COM,1978,3.179
Comoros,COM,1979,3.084
Comoros,COM,1980,2.888
Comoros,COM,1981,2.755
Comoros,COM,1982,2.784
Comoros,COM,1983,2.79
Comoros,COM,1984,2.797
Comoros,COM,1985,2.799
Comoros,COM,1986,2.77
Comoros,COM,1987,2.724
Comoros,COM,1988,2.683
Comoros,COM,1989,2.66
Comoros,COM,1990,2.58
Comoros,COM,1991,2.294
Comoros,COM,1992,1.863
Comoros,COM,1993,1.789
Comoros,COM,1994,1.752
Comoros,COM,1995,1.721
Comoros,COM,1996,1.723
Comoros,COM,1997,1.721
Comoros,COM,1998,1.723
Comoros,COM,1999,1.841
Comoros,COM,2000,1.997
Comoros,COM,2001,2.115
Comoros,COM,2002,2.117
Comoros,COM,2003,1.74
Comoros,COM,2004,2.049
Comoros,COM,2005,2.033
Comoros,COM,2006,2.002
Comoros,COM,2007,1.985
Comoros,COM,2008,1.989
Comoros,COM,2009,1.988
Comoros,COM,2010,1.987
Comoros,COM,2011,2.01
Comoros,COM,2012,2.013
Comoros,COM,2013,2.213
Comoros,COM,2014,2.139
Comoros,COM,2015,2.084
Comoros,COM,2016,2.019
Comoros,COM,2017,1.967
Comoros,COM,2018,1.939
Comoros,COM,2019,1.909
Comoros,COM,2020,2.014
Comoros,COM,2021,1.94
Comoros,COM,2022,1.937
Comoros,COM,2023,1.91
Congo,COG,1950,2.16
Congo,COG,1951,2.191
Congo,COG,1952,2.222
Congo,COG,1953,2.261
Congo,COG,1954,2.292
Congo,COG,1955,2.344
Congo,COG,1956,2.391
Congo,COG,1957,2.435
Congo,COG,1958,2.488
Congo,COG,1959,2.53
Congo,COG,1960,2.563
Congo,COG,1961,2.603
Congo,COG,1962,2.636
Congo,COG,1963,2.697
Congo,COG,1964,2.747
Congo,COG,1965,2.803
Congo,COG,1966,2.853
Congo,COG,1967,2.883
Congo,COG,1968,2.947
Congo,COG,1969,2.989
Congo,COG,1970,3.032
Congo,COG,1971,3.083
Congo,COG,1972,3.124
Congo,COG,1973,3.129
Congo,COG,1974,3.113
Congo,COG,1975,2.472
Congo,COG,1976,2.41
Congo,COG,1977,2.372
Congo,COG,1978,2.319
Congo,COG,1979,2.255
Congo,COG,1980,2.219
Congo,COG,1981,2.191
Congo,COG,1982,2.114
Congo,COG,1983,2.02
Congo,COG,1984,2.952
Congo,COG,1985,2.941
Congo,COG,1986,2.925
Congo,COG,1987,2.918
Congo,COG,1988,2.876
Congo,COG,1989,2.903
Congo,COG,1990,2.808
Congo,COG,1991,2.879
Congo,COG,1992,2.777
Congo,COG,1993,3.135
Congo,COG,1994,2.795
Congo,COG,1995,2.835
Congo,COG,1996,2.714
Congo,COG,1997,1.574
Congo,COG,1998,2.81
Congo,COG,1999,2.594
Congo,COG,2000,5.024
Congo,COG,2001,2.57
Congo,COG,2002,2.16
Congo,COG,2003,3.413
Congo,COG,2004,3.422
Congo,COG,2005,3.779
Congo,COG,2006,3.71
Congo,COG,2007,3.61
Congo,COG,2008,2.978
Congo,COG,2009,4.974
Congo,COG,2010,3.344
Congo,COG,2011,3.16
Congo,COG,2012,2.443
Congo,COG,2013,2.419
Congo,COG,2014,2.413
Congo,COG,2015,2.419
Congo,COG,2016,2.424
Congo,COG,2017,2.436
Congo,COG,2018,2.441
Congo,COG,2019,2.372
Congo,COG,2020,2.417
Congo,COG,2021,2.372
Congo,COG,2022,2.421
Congo,COG,2023,2.418
Cook Islands,COK,1950,2.757
Cook Islands,COK,1951,2.112
Cook Islands,COK,1952,1.649
Cook Islands,COK,1953,1.82
Cook Islands,COK,1954,1.731
Cook Islands,COK,1955,1.763
Cook Islands,COK,1956,1.503
Cook Islands,COK,1957,1.558
Cook Islands,COK,1958,1.78
Cook Islands,COK,1959,2.007
Cook Islands,COK,1960,2.214
Cook Islands,COK,1961,2.012
Cook Islands,COK,1962,0.7
Cook Islands,COK,1963,0.809
Cook Islands,COK,1964,0.952
Cook Islands,COK,1965,1.124
Cook Islands,COK,1966,1.367
Cook Islands,COK,1967,1.878
Cook Islands,COK,1968,1.879
Cook Islands,COK,1969,2.027
Cook Islands,COK,1970,1.987
Cook Islands,COK,1971,1.696
Cook Islands,COK,1972,-2.663
Cook Islands,COK,1973,-3.022
Cook Islands,COK,1974,-3.324
Cook Islands,COK,1975,-3.562
Cook Islands,COK,1976,-3.42
Cook Islands,COK,1977,-0.285
Cook Islands,COK,1978,-0.398
Cook Islands,COK,1979,-0.405
Cook Islands,COK,1980,-0.514
Cook Islands,COK,1981,-0.528
Cook Islands,COK,1982,-0.996
Cook Islands,COK,1983,-1.21
Cook Islands,COK,1984,-1.319
Cook Islands,COK,1985,-1.402
Cook Islands,COK,1986,-1.355
Cook Islands,COK,1987,1.068
Cook Islands,COK,1988,1.033
Cook Islands,COK,1989,1.093
Cook Islands,COK,1990,1.122
Cook Islands,COK,1991,1.08
Cook Islands,COK,1992,0.773
Cook Islands,COK,1993,0.608
Cook Islands,COK,1994,0.497
Cook Islands,COK,1995,0.54
Cook Islands,COK,1996,0.297
Cook Islands,COK,1997,-2.951
Cook Islands,COK,1998,-3.314
Cook Islands,COK,1999,-3.792
Cook Islands,COK,2000,-3.993
Cook Islands,COK,2001,-3.978
Cook Islands,COK,2002,0.474
Cook Islands,COK,2003,0.319
Cook Islands,COK,2004,0.352
Cook Islands,COK,2005,0.363
Cook Islands,COK,2006,0.618
Cook Islands,COK,2007,3.124
Cook Islands,COK,2008,3.054
Cook Islands,COK,2009,3.035
Cook Islands,COK,2010,2.957
Cook Islands,COK,2011,2.613
Cook Islands,COK,2012,-0.249
Cook Islands,COK,2013,-0.386
Cook Islands,COK,2014,-0.439
Cook Islands,COK,2015,-0.55
Cook Islands,COK,2016,-0.756
Cook Islands,COK,2017,-2.581
Cook Islands,COK,2018,-2.778
Cook Islands,COK,2019,-2.939
Cook Islands,COK,2020,-3.177
Cook Islands,COK,2021,-2.799
Cook Islands,COK,2022,-3.349
Cook Islands,COK,2023,-3.586
Costa Rica,CRI,1950,3.32
Costa Rica,CRI,1951,3.396
Costa Rica,CRI,1952,3.452
Costa Rica,CRI,1953,3.525
Costa Rica,CRI,1954,3.574
Costa Rica,CRI,1955,3.611
Costa Rica,CRI,1956,3.652
Costa Rica,CRI,1957,3.692
Costa Rica,CRI,1958,3.738
Costa Rica,CRI,1959,3.758
Costa Rica,CRI,1960,3.75
Costa Rica,CRI,1961,3.707
Costa Rica,CRI,1962,3.636
Costa Rica,CRI,1963,3.533
Costa Rica,CRI,1964,3.414
Costa Rica,CRI,1965,3.287
Costa Rica,CRI,1966,3.155
Costa Rica,CRI,1967,3.026
Costa Rica,CRI,1968,2.833
Costa Rica,CRI,1969,2.783
Costa Rica,CRI,1970,2.694
Costa Rica,CRI,1971,2.628
Costa Rica,CRI,1972,2.569
Costa Rica,CRI,1973,2.535
Costa Rica,CRI,1974,2.559
Costa Rica,CRI,1975,2.579
Costa Rica,CRI,1976,2.615
Costa Rica,CRI,1977,2.646
Costa Rica,CRI,1978,2.677
Costa Rica,CRI,1979,2.723
Costa Rica,CRI,1980,2.717
Costa Rica,CRI,1981,2.73
Costa Rica,CRI,1982,2.744
Costa Rica,CRI,1983,2.752
Costa Rica,CRI,1984,2.754
Costa Rica,CRI,1985,2.74
Costa Rica,CRI,1986,2.681
Costa Rica,CRI,1987,2.608
Costa Rica,CRI,1988,2.539
Costa Rica,CRI,1989,2.5
Costa Rica,CRI,1990,2.552
Costa Rica,CRI,1991,2.538
Costa Rica,CRI,1992,2.524
Costa Rica,CRI,1993,2.479
Costa Rica,CRI,1994,2.432
Costa Rica,CRI,1995,2.382
Costa Rica,CRI,1996,2.307
Costa Rica,CRI,1997,2.213
Costa Rica,CRI,1998,2.124
Costa Rica,CRI,1999,2.024
Costa Rica,CRI,2000,1.856
Costa Rica,CRI,2001,1.729
Costa Rica,CRI,2002,1.575
Costa Rica,CRI,2003,1.497
Costa Rica,CRI,2004,1.443
Costa Rica,CRI,2005,1.448
Costa Rica,CRI,2006,1.354
Costa Rica,CRI,2007,1.354
Costa Rica,CRI,2008,1.358
Costa Rica,CRI,2009,1.315
Costa Rica,CRI,2010,1.167
Costa Rica,CRI,2011,1.184
Costa Rica,CRI,2012,1.15
Costa Rica,CRI,2013,1.077
Costa Rica,CRI,2014,1.073
Costa Rica,CRI,2015,1.052
Costa Rica,CRI,2016,0.97
Costa Rica,CRI,2017,0.919
Costa Rica,CRI,2018,0.89
Costa Rica,CRI,2019,0.787
Costa Rica,CRI,2020,0.6
Costa Rica,CRI,2021,0.418
Costa Rica,CRI,2022,0.441
Costa Rica,CRI,2023,0.492
Cote d'Ivoire,CIV,1950,2.681
Cote d'Ivoire,CIV,1951,2.671
Cote d'Ivoire,CIV,1952,2.691
Cote d'Ivoire,CIV,1953,2.738
Cote d'Ivoire,CIV,1954,2.809
Cote d'Ivoire,CIV,1955,2.888
Cote d'Ivoire,CIV,1956,2.978
Cote d'Ivoire,CIV,1957,3.074
Cote d'Ivoire,CIV,1958,3.181
Cote d'Ivoire,CIV,1959,3.338
Cote d'Ivoire,CIV,1960,3.566
Cote d'Ivoire,CIV,1961,3.727
Cote d'Ivoire,CIV,1962,3.832
Cote d'Ivoire,CIV,1963,3.859
Cote d'Ivoire,CIV,1964,3.864
Cote d'Ivoire,CIV,1965,3.866
Cote d'Ivoire,CIV,1966,3.868
Cote d'Ivoire,CIV,1967,3.873
Cote d'Ivoire,CIV,1968,3.902
Cote d'Ivoire,CIV,1969,4.04
Cote d'Ivoire,CIV,1970,4.232
Cote d'Ivoire,CIV,1971,4.418
Cote d'Ivoire,CIV,1972,4.537
Cote d'Ivoire,CIV,1973,4.567
Cote d'Ivoire,CIV,1974,4.57
Cote d'Ivoire,CIV,1975,4.556
Cote d'Ivoire,CIV,1976,3.609
Cote d'Ivoire,CIV,1977,3.733
Cote d'Ivoire,CIV,1978,3.802
Cote d'Ivoire,CIV,1979,3.914
Cote d'Ivoire,CIV,1980,3.986
Cote d'Ivoire,CIV,1981,4.022
Cote d'Ivoire,CIV,1982,4.026
Cote d'Ivoire,CIV,1983,4.002
Cote d'Ivoire,CIV,1984,3.985
Cote d'Ivoire,CIV,1985,3.939
Cote d'Ivoire,CIV,1986,3.884
Cote d'Ivoire,CIV,1987,3.831
Cote d'Ivoire,CIV,1988,3.83
Cote d'Ivoire,CIV,1989,3.903
Cote d'Ivoire,CIV,1990,3.96
Cote d'Ivoire,CIV,1991,3.987
Cote d'Ivoire,CIV,1992,3.995
Cote d'Ivoire,CIV,1993,3.961
Cote d'Ivoire,CIV,1994,3.91
Cote d'Ivoire,CIV,1995,3.893
Cote d'Ivoire,CIV,1996,3.855
Cote d'Ivoire,CIV,1997,3.829
Cote d'Ivoire,CIV,1998,3.716
Cote d'Ivoire,CIV,1999,2.816
Cote d'Ivoire,CIV,2000,2.719
Cote d'Ivoire,CIV,2001,2.632
Cote d'Ivoire,CIV,2002,2.537
Cote d'Ivoire,CIV,2003,2.449
Cote d'Ivoire,CIV,2004,2.402
Cote d'Ivoire,CIV,2005,2.374
Cote d'Ivoire,CIV,2006,2.338
Cote d'Ivoire,CIV,2007,2.317
Cote d'Ivoire,CIV,2008,2.234
Cote d'Ivoire,CIV,2009,2.211
Cote d'Ivoire,CIV,2010,2.196
Cote d'Ivoire,CIV,2011,2.15
Cote d'Ivoire,CIV,2012,2.029
Cote d'Ivoire,CIV,2013,1.96
Cote d'Ivoire,CIV,2014,2.879
Cote d'Ivoire,CIV,2015,2.899
Cote d'Ivoire,CIV,2016,2.902
Cote d'Ivoire,CIV,2017,2.745
Cote d'Ivoire,CIV,2018,2.65
Cote d'Ivoire,CIV,2019,2.589
Cote d'Ivoire,CIV,2020,2.473
Cote d'Ivoire,CIV,2021,2.475
Cote d'Ivoire,CIV,2022,2.557
Cote d'Ivoire,CIV,2023,2.452
Croatia,HRV,1950,1.287
Croatia,HRV,1951,1.115
Croatia,HRV,1952,1.209
Croatia,HRV,1953,1.237
Croatia,HRV,1954,0.85
Croatia,HRV,1955,0.755
Croatia,HRV,1956,0.68
Croatia,HRV,1957,0.609
Croatia,HRV,1958,0.547
Croatia,HRV,1959,0.479
Croatia,HRV,1960,0.388
Croatia,HRV,1961,0.711
Croatia,HRV,1962,0.779
Croatia,HRV,1963,0.731
Croatia,HRV,1964,0.686
Croatia,HRV,1965,0.65
Croatia,HRV,1966,0.616
Croatia,HRV,1967,0.568
Croatia,HRV,1968,0.5
Croatia,HRV,1969,0.43
Croatia,HRV,1970,0.388
Croatia,HRV,1971,0.394
Croatia,HRV,1972,0.396
Croatia,HRV,1973,0.397
Croatia,HRV,1974,0.407
Croatia,HRV,1975,0.419
Croatia,HRV,1976,0.415
Croatia,HRV,1977,0.409
Croatia,HRV,1978,0.391
Croatia,HRV,1979,0.386
Croatia,HRV,1980,0.345
Croatia,HRV,1981,0.53
Croatia,HRV,1982,0.535
Croatia,HRV,1983,0.475
Croatia,HRV,1984,0.44
Croatia,HRV,1985,0.406
Croatia,HRV,1986,0.37
Croatia,HRV,1987,0.347
Croatia,HRV,1988,0.312
Croatia,HRV,1989,0.298
Croatia,HRV,1990,0.295
Croatia,HRV,1991,-0.707
Croatia,HRV,1992,-1.082
Croatia,HRV,1993,-1.125
Croatia,HRV,1994,-1.181
Croatia,HRV,1995,-1.236
Croatia,HRV,1996,-1.25
Croatia,HRV,1997,-1.294
Croatia,HRV,1998,-1.341
Croatia,HRV,1999,-1.37
Croatia,HRV,2000,-1.372
Croatia,HRV,2001,0.216
Croatia,HRV,2002,0.003
Croatia,HRV,2003,0.039
Croatia,HRV,2004,0.117
Croatia,HRV,2005,0.063
Croatia,HRV,2006,0.023
Croatia,HRV,2007,-0.016
Croatia,HRV,2008,-0.046
Croatia,HRV,2009,-0.145
Croatia,HRV,2010,-0.291
Croatia,HRV,2011,-0.657
Croatia,HRV,2012,-0.354
Croatia,HRV,2013,-0.439
Croatia,HRV,2014,-0.645
Croatia,HRV,2015,-1.058
Croatia,HRV,2016,-1.216
Croatia,HRV,2017,-1.574
Croatia,HRV,2018,-1.105
Croatia,HRV,2019,-0.818
Croatia,HRV,2020,-0.813
Croatia,HRV,2021,-0.676
Croatia,HRV,2022,-0.221
Croatia,HRV,2023,-0.343
Cuba,CUB,1950,1.979
Cuba,CUB,1951,1.956
Cuba,CUB,1952,1.976
Cuba,CUB,1953,1.994
Cuba,CUB,1954,2.009
Cuba,CUB,1955,2.012
Cuba,CUB,1956,2.011
Cuba,CUB,1957,2.013
Cuba,CUB,1958,2.015
Cuba,CUB,1959,2.031
Cuba,CUB,1960,2.037
Cuba,CUB,1961,2.039
Cuba,CUB,1962,2.086
Cuba,CUB,1963,2.127
Cuba,CUB,1964,2.097
Cuba,CUB,1965,2.05
Cuba,CUB,1966,1.961
Cuba,CUB,1967,1.888
Cuba,CUB,1968,1.835
Cuba,CUB,1969,1.825
Cuba,CUB,1970,1.783
Cuba,CUB,1971,1.693
Cuba,CUB,1972,1.508
Cuba,CUB,1973,1.354
Cuba,CUB,1974,1.199
Cuba,CUB,1975,1.041
Cuba,CUB,1976,0.881
Cuba,CUB,1977,0.726
Cuba,CUB,1978,0.587
Cuba,CUB,1979,0.468
Cuba,CUB,1980,0.379
Cuba,CUB,1981,0.527
Cuba,CUB,1982,0.755
Cuba,CUB,1983,0.819
Cuba,CUB,1984,0.821
Cuba,CUB,1985,0.839
Cuba,CUB,1986,0.867
Cuba,CUB,1987,0.903
Cuba,CUB,1988,0.97
Cuba,CUB,1989,0.951
Cuba,CUB,1990,0.912
Cuba,CUB,1991,0.697
Cuba,CUB,1992,0.571
Cuba,CUB,1993,0.451
Cuba,CUB,1994,0.378
Cuba,CUB,1995,0.344
Cuba,CUB,1996,0.326
Cuba,CUB,1997,0.328
Cuba,CUB,1998,0.339
Cuba,CUB,1999,0.34
Cuba,CUB,2000,0.325
Cuba,CUB,2001,0.304
Cuba,CUB,2002,0.292
Cuba,CUB,2003,0.279
Cuba,CUB,2004,0.245
Cuba,CUB,2005,0.178
Cuba,CUB,2006,0.105
Cuba,CUB,2007,0.049
Cuba,CUB,2008,0.03
Cuba,CUB,2009,0.022
Cuba,CUB,2010,0.026
Cuba,CUB,2011,0.048
Cuba,CUB,2012,-0.02
Cuba,CUB,2013,-0.069
Cuba,CUB,2014,-0.151
Cuba,CUB,2015,-0.039
Cuba,CUB,2016,-0.129
Cuba,CUB,2017,-0.187
Cuba,CUB,2018,-0.181
Cuba,CUB,2019,-0.252
Cuba,CUB,2020,-0.222
Cuba,CUB,2021,-0.752
Cuba,CUB,2022,-0.372
Cuba,CUB,2023,-0.351
Curacao,CUW,1950,2.525
Curacao,CUW,1951,2.593
Curacao,CUW,1952,2.636
Curacao,CUW,1953,2.644
Curacao,CUW,1954,2.684
Curacao,CUW,1955,2.718
Curacao,CUW,1956,2.72
Curacao,CUW,1957,2.718
Curacao,CUW,1958,2.728
Curacao,CUW,1959,2.695
Curacao,CUW,1960,1.511
Curacao,CUW,1961,1.655
Curacao,CUW,1962,1.539
Curacao,CUW,1963,1.469
Curacao,CUW,1964,1.406
Curacao,CUW,1965,1.329
Curacao,CUW,1966,1.258
Curacao,CUW,1967,1.194
Curacao,CUW,1968,1.117
Curacao,CUW,1969,1.036
Curacao,CUW,1970,0.924
Curacao,CUW,1971,0.815
Curacao,CUW,1972,0.626
Curacao,CUW,1973,0.413
Curacao,CUW,1974,0.361
Curacao,CUW,1975,0.308
Curacao,CUW,1976,0.24
Curacao,CUW,1977,0.205
Curacao,CUW,1978,0.161
Curacao,CUW,1979,0.127
Curacao,CUW,1980,0.106
Curacao,CUW,1981,0.066
Curacao,CUW,1982,-0.004
Curacao,CUW,1983,-0.017
Curacao,CUW,1984,-0.042
Curacao,CUW,1985,-0.063
Curacao,CUW,1986,-0.075
Curacao,CUW,1987,-0.114
Curacao,CUW,1988,-0.132
Curacao,CUW,1989,-0.165
Curacao,CUW,1990,-0.192
Curacao,CUW,1991,-0.184
Curacao,CUW,1992,-0.283
Curacao,CUW,1993,-0.481
Curacao,CUW,1994,-0.588
Curacao,CUW,1995,-0.69
Curacao,CUW,1996,-0.782
Curacao,CUW,1997,-0.901
Curacao,CUW,1998,-1.021
Curacao,CUW,1999,-1.15
Curacao,CUW,2000,-1.216
Curacao,CUW,2001,0.148
Curacao,CUW,2002,1.43
Curacao,CUW,2003,1.308
Curacao,CUW,2004,1.225
Curacao,CUW,2005,0.792
Curacao,CUW,2006,0.778
Curacao,CUW,2007,0.739
Curacao,CUW,2008,0.699
Curacao,CUW,2009,0.653
Curacao,CUW,2010,0.695
Curacao,CUW,2011,1.44
Curacao,CUW,2012,1.469
Curacao,CUW,2013,1.272
Curacao,CUW,2014,1.068
Curacao,CUW,2015,0.845
Curacao,CUW,2016,0.556
Curacao,CUW,2017,0.317
Curacao,CUW,2018,14.122
Curacao,CUW,2019,-5.109
Curacao,CUW,2020,0.342
Curacao,CUW,2021,-0.021
Curacao,CUW,2022,0.053
Curacao,CUW,2023,0.036
Cyprus,CYP,1950,1.408
Cyprus,CYP,1951,1.478
Cyprus,CYP,1952,1.548
Cyprus,CYP,1953,1.588
Cyprus,CYP,1954,1.63
Cyprus,CYP,1955,1.677
Cyprus,CYP,1956,1.741
Cyprus,CYP,1957,1.82
Cyprus,CYP,1958,1.926
Cyprus,CYP,1959,2.037
Cyprus,CYP,1960,2.073
Cyprus,CYP,1961,0.989
Cyprus,CYP,1962,1
Cyprus,CYP,1963,0.916
Cyprus,CYP,1964,0.813
Cyprus,CYP,1965,0.882
Cyprus,CYP,1966,0.94
Cyprus,CYP,1967,0.932
Cyprus,CYP,1968,0.936
Cyprus,CYP,1969,0.954
Cyprus,CYP,1970,0.988
Cyprus,CYP,1971,1.041
Cyprus,CYP,1972,1.091
Cyprus,CYP,1973,0.381
Cyprus,CYP,1974,-1.191
Cyprus,CYP,1975,0.031
Cyprus,CYP,1976,0.763
Cyprus,CYP,1977,0.763
Cyprus,CYP,1978,0.775
Cyprus,CYP,1979,0.796
Cyprus,CYP,1980,0.829
Cyprus,CYP,1981,0.867
Cyprus,CYP,1982,1.327
Cyprus,CYP,1983,1.727
Cyprus,CYP,1984,1.669
Cyprus,CYP,1985,1.625
Cyprus,CYP,1986,1.584
Cyprus,CYP,1987,1.535
Cyprus,CYP,1988,1.476
Cyprus,CYP,1989,1.423
Cyprus,CYP,1990,1.37
Cyprus,CYP,1991,1.3
Cyprus,CYP,1992,1.531
Cyprus,CYP,1993,2.298
Cyprus,CYP,1994,2.165
Cyprus,CYP,1995,2.06
Cyprus,CYP,1996,1.979
Cyprus,CYP,1997,1.909
Cyprus,CYP,1998,1.84
Cyprus,CYP,1999,1.777
Cyprus,CYP,2000,1.722
Cyprus,CYP,2001,1.722
Cyprus,CYP,2002,1.837
Cyprus,CYP,2003,1.828
Cyprus,CYP,2004,1.797
Cyprus,CYP,2005,1.762
Cyprus,CYP,2006,1.733
Cyprus,CYP,2007,1.707
Cyprus,CYP,2008,1.678
Cyprus,CYP,2009,1.657
Cyprus,CYP,2010,1.642
Cyprus,CYP,2011,1.643
Cyprus,CYP,2012,1.628
Cyprus,CYP,2013,1.523
Cyprus,CYP,2014,1.48
Cyprus,CYP,2015,1.445
Cyprus,CYP,2016,1.423
Cyprus,CYP,2017,1.333
Cyprus,CYP,2018,1.275
Cyprus,CYP,2019,1.217
Cyprus,CYP,2020,1.189
Cyprus,CYP,2021,1.111
Cyprus,CYP,2022,1.013
Cyprus,CYP,2023,1.02
Czechia,CZE,1950,0.907
Czechia,CZE,1951,0.891
Czechia,CZE,1952,0.879
Czechia,CZE,1953,0.776
Czechia,CZE,1954,0.718
Czechia,CZE,1955,0.757
Czechia,CZE,1956,0.715
Czechia,CZE,1957,0.584
Czechia,CZE,1958,0.491
Czechia,CZE,1959,0.325
Czechia,CZE,1960,0.373
Czechia,CZE,1961,0.293
Czechia,CZE,1962,0.21
Czechia,CZE,1963,0.412
Czechia,CZE,1964,0.447
Czechia,CZE,1965,0.34
Czechia,CZE,1966,0.265
Czechia,CZE,1967,0.202
Czechia,CZE,1968,0.128
Czechia,CZE,1969,0.131
Czechia,CZE,1970,0.144
Czechia,CZE,1971,0.294
Czechia,CZE,1972,0.423
Czechia,CZE,1973,0.551
Czechia,CZE,1974,0.651
Czechia,CZE,1975,0.646
Czechia,CZE,1976,0.59
Czechia,CZE,1977,0.525
Czechia,CZE,1978,0.485
Czechia,CZE,1979,0.404
Czechia,CZE,1980,0.167
Czechia,CZE,1981,0.108
Czechia,CZE,1982,0.077
Czechia,CZE,1983,0
Czechia,CZE,1984,0.017
Czechia,CZE,1985,0.009
Czechia,CZE,1986,-0.024
Czechia,CZE,1987,0.005
Czechia,CZE,1988,0.034
Czechia,CZE,1989,-0.031
Czechia,CZE,1990,-0.039
Czechia,CZE,1991,0.086
Czechia,CZE,1992,0.069
Czechia,CZE,1993,0.085
Czechia,CZE,1994,-0.047
Czechia,CZE,1995,-0.152
Czechia,CZE,1996,-0.157
Czechia,CZE,1997,-0.156
Czechia,CZE,1998,-0.129
Czechia,CZE,1999,-0.145
Czechia,CZE,2000,-0.139
Czechia,CZE,2001,0.044
Czechia,CZE,2002,0.103
Czechia,CZE,2003,0.082
Czechia,CZE,2004,0.163
Czechia,CZE,2005,0.201
Czechia,CZE,2006,0.273
Czechia,CZE,2007,0.365
Czechia,CZE,2008,0.422
Czechia,CZE,2009,0.399
Czechia,CZE,2010,0.425
Czechia,CZE,2011,0.176
Czechia,CZE,2012,0.049
Czechia,CZE,2013,0.023
Czechia,CZE,2014,0.092
Czechia,CZE,2015,0.045
Czechia,CZE,2016,0.098
Czechia,CZE,2017,0.08
Czechia,CZE,2018,0.064
Czechia,CZE,2019,0.049
Czechia,CZE,2020,-0.139
Czechia,CZE,2021,-0.23
Czechia,CZE,2022,2.898
Czechia,CZE,2023,-0.336
Democratic Republic of Congo,COD,1950,1.956
Democratic Republic of Congo,COD,1951,2.043
Democratic Republic of Congo,COD,1952,2.076
Democratic Republic of Congo,COD,1953,2.034
Democratic Republic of Congo,COD,1954,2.108
Democratic Republic of Congo,COD,1955,2.152
Democratic Republic of Congo,COD,1956,2.196
Democratic Republic of Congo,COD,1957,2.239
Democratic Republic of Congo,COD,1958,2.145
Democratic Republic of Congo,COD,1959,2.386
Democratic Republic of Congo,COD,1960,2.563
Democratic Republic of Congo,COD,1961,2.579
Democratic Republic of Congo,COD,1962,2.63
Democratic Republic of Congo,COD,1963,2.671
Democratic Republic of Congo,COD,1964,2.681
Democratic Republic of Congo,COD,1965,2.814
Democratic Republic of Congo,COD,1966,2.888
Democratic Republic of Congo,COD,1967,2.946
Democratic Republic of Congo,COD,1968,2.919
Democratic Republic of Congo,COD,1969,2.87
Democratic Republic of Congo,COD,1970,2.843
Democratic Republic of Congo,COD,1971,2.628
Democratic Republic of Congo,COD,1972,2.67
Democratic Republic of Congo,COD,1973,2.683
Democratic Republic of Congo,COD,1974,2.662
Democratic Republic of Congo,COD,1975,2.64
Democratic Republic of Congo,COD,1976,2.532
Democratic Republic of Congo,COD,1977,2.526
Democratic Republic of Congo,COD,1978,3.663
Democratic Republic of Congo,COD,1979,3.372
Democratic Republic of Congo,COD,1980,2.905
Democratic Republic of Congo,COD,1981,2.92
Democratic Republic of Congo,COD,1982,3.079
Democratic Republic of Congo,COD,1983,3.259
Democratic Republic of Congo,COD,1984,3.422
Democratic Republic of Congo,COD,1985,3.213
Democratic Republic of Congo,COD,1986,3.088
Democratic Republic of Congo,COD,1987,3.217
Democratic Republic of Congo,COD,1988,3.19
Democratic Republic of Congo,COD,1989,3.133
Democratic Republic of Congo,COD,1990,3.497
Democratic Republic of Congo,COD,1991,3.166
Democratic Republic of Congo,COD,1992,3.583
Democratic Republic of Congo,COD,1993,3.565
Democratic Republic of Congo,COD,1994,5.847
Democratic Republic of Congo,COD,1995,2.525
Democratic Republic of Congo,COD,1996,1.331
Democratic Republic of Congo,COD,1997,1.879
Democratic Republic of Congo,COD,1998,3.533
Democratic Republic of Congo,COD,1999,3.19
Democratic Republic of Congo,COD,2000,3.225
Democratic Republic of Congo,COD,2001,3.111
Democratic Republic of Congo,COD,2002,3.003
Democratic Republic of Congo,COD,2003,2.841
Democratic Republic of Congo,COD,2004,3.045
Democratic Republic of Congo,COD,2005,3.098
Democratic Republic of Congo,COD,2006,3.068
Democratic Republic of Congo,COD,2007,2.984
Democratic Republic of Congo,COD,2008,3.047
Democratic Republic of Congo,COD,2009,3.134
Democratic Republic of Congo,COD,2010,3.24
Democratic Republic of Congo,COD,2011,3.319
Democratic Republic of Congo,COD,2012,3.357
Democratic Republic of Congo,COD,2013,3.445
Democratic Republic of Congo,COD,2014,3.339
Democratic Republic of Congo,COD,2015,3.267
Democratic Republic of Congo,COD,2016,3.805
Democratic Republic of Congo,COD,2017,3.514
Democratic Republic of Congo,COD,2018,3.186
Democratic Republic of Congo,COD,2019,3.153
Democratic Republic of Congo,COD,2020,3.287
Democratic Republic of Congo,COD,2021,3.191
Democratic Republic of Congo,COD,2022,3.255
Democratic Republic of Congo,COD,2023,3.264
Denmark,DNK,1950,0.791
Denmark,DNK,1951,0.697
Denmark,DNK,1952,0.785
Denmark,DNK,1953,0.91
Denmark,DNK,1954,0.791
Denmark,DNK,1955,0.676
Denmark,DNK,1956,0.559
Denmark,DNK,1957,0.482
Denmark,DNK,1958,0.69
Denmark,DNK,1959,0.74
Denmark,DNK,1960,0.613
Denmark,DNK,1961,0.78
Denmark,DNK,1962,0.78
Denmark,DNK,1963,0.797
Denmark,DNK,1964,0.803
Denmark,DNK,1965,0.756
Denmark,DNK,1966,0.85
Denmark,DNK,1967,0.729
Denmark,DNK,1968,0.491
Denmark,DNK,1969,0.615
Denmark,DNK,1970,0.885
Denmark,DNK,1971,0.507
Denmark,DNK,1972,0.638
Denmark,DNK,1973,0.568
Denmark,DNK,1974,0.382
Denmark,DNK,1975,0.203
Denmark,DNK,1976,0.286
Denmark,DNK,1977,0.334
Denmark,DNK,1978,0.285
Denmark,DNK,1979,0.205
Denmark,DNK,1980,0.038
Denmark,DNK,1981,-0.095
Denmark,DNK,1982,-0.051
Denmark,DNK,1983,-0.083
Denmark,DNK,1984,-0.02
Denmark,DNK,1985,0.1
Denmark,DNK,1986,0.166
Denmark,DNK,1987,0.086
Denmark,DNK,1988,0.012
Denmark,DNK,1989,0.108
Denmark,DNK,1990,0.215
Denmark,DNK,1991,0.302
Denmark,DNK,1992,0.357
Denmark,DNK,1993,0.309
Denmark,DNK,1994,0.366
Denmark,DNK,1995,0.674
Denmark,DNK,1996,0.458
Denmark,DNK,1997,0.375
Denmark,DNK,1998,0.351
Denmark,DNK,1999,0.309
Denmark,DNK,2000,0.36
Denmark,DNK,2001,0.356
Denmark,DNK,2002,0.282
Denmark,DNK,2003,0.263
Denmark,DNK,2004,0.255
Denmark,DNK,2005,0.297
Denmark,DNK,2006,0.361
Denmark,DNK,2007,0.526
Denmark,DNK,2008,0.647
Denmark,DNK,2009,0.421
Denmark,DNK,2010,0.471
Denmark,DNK,2011,0.356
Denmark,DNK,2012,0.398
Denmark,DNK,2013,0.437
Denmark,DNK,2014,0.574
Denmark,DNK,2015,0.835
Denmark,DNK,2016,0.726
Denmark,DNK,2017,0.562
Denmark,DNK,2018,0.43
Denmark,DNK,2019,0.286
Denmark,DNK,2020,0.294
Denmark,DNK,2021,0.569
Denmark,DNK,2022,0.998
Denmark,DNK,2023,0.53
Djibouti,DJI,1950,3.111
Djibouti,DJI,1951,3.137
Djibouti,DJI,1952,3.127
Djibouti,DJI,1953,3.194
Djibouti,DJI,1954,3.191
Djibouti,DJI,1955,3.201
Djibouti,DJI,1956,3.234
Djibouti,DJI,1957,3.242
Djibouti,DJI,1958,3.24
Djibouti,DJI,1959,3.241
Djibouti,DJI,1960,3.699
Djibouti,DJI,1961,3.972
Djibouti,DJI,1962,4.542
Djibouti,DJI,1963,5.051
Djibouti,DJI,1964,5.534
Djibouti,DJI,1965,5.575
Djibouti,DJI,1966,5.445
Djibouti,DJI,1967,5.331
Djibouti,DJI,1968,5.24
Djibouti,DJI,1969,6.57
Djibouti,DJI,1970,6.378
Djibouti,DJI,1971,6.878
Djibouti,DJI,1972,6.965
Djibouti,DJI,1973,7.182
Djibouti,DJI,1974,8.061
Djibouti,DJI,1975,9.091
Djibouti,DJI,1976,9.797
Djibouti,DJI,1977,9.891
Djibouti,DJI,1978,9.174
Djibouti,DJI,1979,7.652
Djibouti,DJI,1980,5.93
Djibouti,DJI,1981,4.417
Djibouti,DJI,1982,3.507
Djibouti,DJI,1983,3.472
Djibouti,DJI,1984,4.211
Djibouti,DJI,1985,5.241
Djibouti,DJI,1986,6.15
Djibouti,DJI,1987,6.583
Djibouti,DJI,1988,6.265
Djibouti,DJI,1989,9.047
Djibouti,DJI,1990,11.236
Djibouti,DJI,1991,6.032
Djibouti,DJI,1992,-7.707
Djibouti,DJI,1993,4.021
Djibouti,DJI,1994,0.037
Djibouti,DJI,1995,1.974
Djibouti,DJI,1996,2.785
Djibouti,DJI,1997,4.3
Djibouti,DJI,1998,3.744
Djibouti,DJI,1999,3.252
Djibouti,DJI,2000,3.031
Djibouti,DJI,2001,3.285
Djibouti,DJI,2002,2.915
Djibouti,DJI,2003,1.562
Djibouti,DJI,2004,1.514
Djibouti,DJI,2005,1.619
Djibouti,DJI,2006,2.292
Djibouti,DJI,2007,2.049
Djibouti,DJI,2008,2.072
Djibouti,DJI,2009,2.094
Djibouti,DJI,2010,1.974
Djibouti,DJI,2011,1.924
Djibouti,DJI,2012,1.875
Djibouti,DJI,2013,1.831
Djibouti,DJI,2014,1.771
Djibouti,DJI,2015,1.709
Djibouti,DJI,2016,1.662
Djibouti,DJI,2017,1.624
Djibouti,DJI,2018,1.582
Djibouti,DJI,2019,1.534
Djibouti,DJI,2020,1.471
Djibouti,DJI,2021,1.414
Djibouti,DJI,2022,1.393
Djibouti,DJI,2023,1.375
Dominica,DMA,1950,0.343
Dominica,DMA,1951,0.63
Dominica,DMA,1952,0.934
Dominica,DMA,1953,1.199
Dominica,DMA,1954,1.507
Dominica,DMA,1955,1.798
Dominica,DMA,1956,2.065
Dominica,DMA,1957,2.366
Dominica,DMA,1958,2.595
Dominica,DMA,1959,2.721
Dominica,DMA,1960,1.597
Dominica,DMA,1961,1.204
Dominica,DMA,1962,1.237
Dominica,DMA,1963,1.341
Dominica,DMA,1964,1.388
Dominica,DMA,1965,1.52
Dominica,DMA,1966,1.612
Dominica,DMA,1967,1.7
Dominica,DMA,1968,1.768
Dominica,DMA,1969,1.803
Dominica,DMA,1970,1.048
Dominica,DMA,1971,0.756
Dominica,DMA,1972,0.756
Dominica,DMA,1973,0.735
Dominica,DMA,1974,0.693
Dominica,DMA,1975,0.653
Dominica,DMA,1976,0.592
Dominica,DMA,1977,0.488
Dominica,DMA,1978,0.386
Dominica,DMA,1979,0.26
Dominica,DMA,1980,0.079
Dominica,DMA,1981,-0.345
Dominica,DMA,1982,-0.475
Dominica,DMA,1983,-0.416
Dominica,DMA,1984,-0.439
Dominica,DMA,1985,-0.429
Dominica,DMA,1986,-0.514
Dominica,DMA,1987,-0.563
Dominica,DMA,1988,-0.61
Dominica,DMA,1989,-0.68
Dominica,DMA,1990,-0.827
Dominica,DMA,1991,-0.123
Dominica,DMA,1992,0.205
Dominica,DMA,1993,0.105
Dominica,DMA,1994,0.022
Dominica,DMA,1995,-0.045
Dominica,DMA,1996,-0.124
Dominica,DMA,1997,-0.196
Dominica,DMA,1998,-0.308
Dominica,DMA,1999,-0.431
Dominica,DMA,2000,-0.613
Dominica,DMA,2001,-0.038
Dominica,DMA,2002,0.269
Dominica,DMA,2003,0.21
Dominica,DMA,2004,0.134
Dominica,DMA,2005,0.115
Dominica,DMA,2006,0.094
Dominica,DMA,2007,0.025
Dominica,DMA,2008,-0.006
Dominica,DMA,2009,0.035
Dominica,DMA,2010,-0.051
Dominica,DMA,2011,0.615
Dominica,DMA,2012,-0.43
Dominica,DMA,2013,2.14
Dominica,DMA,2014,-0.25
Dominica,DMA,2015,0.355
Dominica,DMA,2016,-2.668
Dominica,DMA,2017,-0.53
Dominica,DMA,2018,-0.412
Dominica,DMA,2019,-0.452
Dominica,DMA,2020,-0.456
Dominica,DMA,2021,-0.646
Dominica,DMA,2022,-0.474
Dominica,DMA,2023,-0.474
Dominican Republic,DOM,1950,2.864
Dominican Republic,DOM,1951,2.953
Dominican Republic,DOM,1952,3.068
Dominican Republic,DOM,1953,3.151
Dominican Republic,DOM,1954,3.217
Dominican Republic,DOM,1955,3.261
Dominican Republic,DOM,1956,3.283
Dominican Republic,DOM,1957,3.281
Dominican Republic,DOM,1958,3.258
Dominican Republic,DOM,1959,3.225
Dominican Republic,DOM,1960,3.182
Dominican Republic,DOM,1961,3.137
Dominican Republic,DOM,1962,3.092
Dominican Republic,DOM,1963,3.041
Dominican Republic,DOM,1964,3.013
Dominican Republic,DOM,1965,2.871
Dominican Republic,DOM,1966,2.968
Dominican Republic,DOM,1967,2.916
Dominican Republic,DOM,1968,2.857
Dominican Republic,DOM,1969,2.828
Dominican Republic,DOM,1970,2.809
Dominican Republic,DOM,1971,2.792
Dominican Republic,DOM,1972,2.773
Dominican Republic,DOM,1973,2.754
Dominican Republic,DOM,1974,2.691
Dominican Republic,DOM,1975,2.634
Dominican Republic,DOM,1976,2.593
Dominican Republic,DOM,1977,2.554
Dominican Republic,DOM,1978,2.516
Dominican Republic,DOM,1979,2.478
Dominican Republic,DOM,1980,2.448
Dominican Republic,DOM,1981,2.362
Dominican Republic,DOM,1982,2.309
Dominican Republic,DOM,1983,2.303
Dominican Republic,DOM,1984,2.258
Dominican Republic,DOM,1985,2.188
Dominican Republic,DOM,1986,2.144
Dominican Republic,DOM,1987,2.111
Dominican Republic,DOM,1988,2.111
Dominican Republic,DOM,1989,2.119
Dominican Republic,DOM,1990,2.089
Dominican Republic,DOM,1991,2.028
Dominican Republic,DOM,1992,1.977
Dominican Republic,DOM,1993,1.935
Dominican Republic,DOM,1994,1.902
Dominican Republic,DOM,1995,1.846
Dominican Republic,DOM,1996,1.792
Dominican Republic,DOM,1997,1.693
Dominican Republic,DOM,1998,1.615
Dominican Republic,DOM,1999,1.628
Dominican Republic,DOM,2000,1.613
Dominican Republic,DOM,2001,1.534
Dominican Republic,DOM,2002,1.47
Dominican Republic,DOM,2003,1.41
Dominican Republic,DOM,2004,1.339
Dominican Republic,DOM,2005,1.283
Dominican Republic,DOM,2006,1.22
Dominican Republic,DOM,2007,1.216
Dominican Republic,DOM,2008,1.253
Dominican Republic,DOM,2009,1.282
Dominican Republic,DOM,2010,1.278
Dominican Republic,DOM,2011,1.261
Dominican Republic,DOM,2012,1.233
Dominican Republic,DOM,2013,1.203
Dominican Republic,DOM,2014,1.17
Dominican Republic,DOM,2015,1.13
Dominican Republic,DOM,2016,1.093
Dominican Republic,DOM,2017,1.083
Dominican Republic,DOM,2018,1.066
Dominican Republic,DOM,2019,1.001
Dominican Republic,DOM,2020,1.085
Dominican Republic,DOM,2021,0.997
Dominican Republic,DOM,2022,0.923
Dominican Republic,DOM,2023,0.86
East Timor,TLS,1950,0.737
East Timor,TLS,1951,0.942
East Timor,TLS,1952,1.038
East Timor,TLS,1953,1.112
East Timor,TLS,1954,1.179
East Timor,TLS,1955,1.234
East Timor,TLS,1956,1.288
East Timor,TLS,1957,1.343
East Timor,TLS,1958,1.397
East Timor,TLS,1959,1.45
East Timor,TLS,1960,1.498
East Timor,TLS,1961,1.543
East Timor,TLS,1962,1.58
East Timor,TLS,1963,1.621
East Timor,TLS,1964,1.652
East Timor,TLS,1965,1.679
East Timor,TLS,1966,1.708
East Timor,TLS,1967,1.734
East Timor,TLS,1968,1.753
East Timor,TLS,1969,1.767
East Timor,TLS,1970,1.777
East Timor,TLS,1971,1.77
East Timor,TLS,1972,1.75
East Timor,TLS,1973,1.674
East Timor,TLS,1974,1.047
East Timor,TLS,1975,1.417
East Timor,TLS,1976,1.719
East Timor,TLS,1977,1.77
East Timor,TLS,1978,1.586
East Timor,TLS,1979,1.552
East Timor,TLS,1980,1.907
East Timor,TLS,1981,1.34
East Timor,TLS,1982,1.265
East Timor,TLS,1983,1.277
East Timor,TLS,1984,1.382
East Timor,TLS,1985,1.477
East Timor,TLS,1986,1.52
East Timor,TLS,1987,1.647
East Timor,TLS,1988,1.739
East Timor,TLS,1989,2.084
East Timor,TLS,1990,2.033
East Timor,TLS,1991,2.623
East Timor,TLS,1992,2.711
East Timor,TLS,1993,2.747
East Timor,TLS,1994,2.788
East Timor,TLS,1995,2.737
East Timor,TLS,1996,2.747
East Timor,TLS,1997,2.758
East Timor,TLS,1998,2.695
East Timor,TLS,1999,-29.083
East Timor,TLS,2000,8.305
East Timor,TLS,2001,8.929
East Timor,TLS,2002,6.98
East Timor,TLS,2003,1.538
East Timor,TLS,2004,1.108
East Timor,TLS,2005,2.972
East Timor,TLS,2006,2.908
East Timor,TLS,2007,2.805
East Timor,TLS,2008,2.605
East Timor,TLS,2009,2.438
East Timor,TLS,2010,2.396
East Timor,TLS,2011,2.259
East Timor,TLS,2012,2.14
East Timor,TLS,2013,2.014
East Timor,TLS,2014,1.953
East Timor,TLS,2015,1.94
East Timor,TLS,2016,1.871
East Timor,TLS,2017,1.901
East Timor,TLS,2018,1.937
East Timor,TLS,2019,1.942
East Timor,TLS,2020,1.882
East Timor,TLS,2021,1.719
East Timor,TLS,2022,1.103
East Timor,TLS,2023,1.075
Ecuador,ECU,1950,2.537
Ecuador,ECU,1951,2.574
Ecuador,ECU,1952,2.6
Ecuador,ECU,1953,2.619
Ecuador,ECU,1954,2.638
Ecuador,ECU,1955,2.657
Ecuador,ECU,1956,2.68
Ecuador,ECU,1957,2.707
Ecuador,ECU,1958,2.737
Ecuador,ECU,1959,2.77
Ecuador,ECU,1960,2.802
Ecuador,ECU,1961,2.843
Ecuador,ECU,1962,2.873
Ecuador,ECU,1963,2.905
Ecuador,ECU,1964,2.935
Ecuador,ECU,1965,2.959
Ecuador,ECU,1966,2.976
Ecuador,ECU,1967,2.985
Ecuador,ECU,1968,2.987
Ecuador,ECU,1969,2.977
Ecuador,ECU,1970,2.964
Ecuador,ECU,1971,2.948
Ecuador,ECU,1972,2.927
Ecuador,ECU,1973,2.9
Ecuador,ECU,1974,2.864
Ecuador,ECU,1975,2.827
Ecuador,ECU,1976,2.788
Ecuador,ECU,1977,2.76
Ecuador,ECU,1978,2.727
Ecuador,ECU,1979,2.698
Ecuador,ECU,1980,2.689
Ecuador,ECU,1981,2.653
Ecuador,ECU,1982,2.628
Ecuador,ECU,1983,2.624
Ecuador,ECU,1984,2.61
Ecuador,ECU,1985,2.534
Ecuador,ECU,1986,2.449
Ecuador,ECU,1987,2.381
Ecuador,ECU,1988,2.3
Ecuador,ECU,1989,2.264
Ecuador,ECU,1990,2.213
Ecuador,ECU,1991,2.109
Ecuador,ECU,1992,2.103
Ecuador,ECU,1993,1.959
Ecuador,ECU,1994,1.912
Ecuador,ECU,1995,1.892
Ecuador,ECU,1996,1.876
Ecuador,ECU,1997,1.818
Ecuador,ECU,1998,1.807
Ecuador,ECU,1999,1.747
Ecuador,ECU,2000,1.726
Ecuador,ECU,2001,1.736
Ecuador,ECU,2002,1.761
Ecuador,ECU,2003,1.767
Ecuador,ECU,2004,1.738
Ecuador,ECU,2005,1.722
Ecuador,ECU,2006,1.715
Ecuador,ECU,2007,1.701
Ecuador,ECU,2008,1.709
Ecuador,ECU,2009,1.703
Ecuador,ECU,2010,1.652
Ecuador,ECU,2011,1.631
Ecuador,ECU,2012,1.554
Ecuador,ECU,2013,1.442
Ecuador,ECU,2014,1.422
Ecuador,ECU,2015,1.439
Ecuador,ECU,2016,1.476
Ecuador,ECU,2017,1.582
Ecuador,ECU,2018,1.848
Ecuador,ECU,2019,1.534
Ecuador,ECU,2020,0.833
Ecuador,ECU,2021,0.716
Ecuador,ECU,2022,0.876
Ecuador,ECU,2023,0.868
Egypt,EGY,1950,2.074
Egypt,EGY,1951,2.207
Egypt,EGY,1952,2.358
Egypt,EGY,1953,2.461
Egypt,EGY,1954,2.497
Egypt,EGY,1955,2.461
Egypt,EGY,1956,2.455
Egypt,EGY,1957,2.463
Egypt,EGY,1958,2.329
Egypt,EGY,1959,2.504
Egypt,EGY,1960,2.537
Egypt,EGY,1961,2.632
Egypt,EGY,1962,2.632
Egypt,EGY,1963,2.626
Egypt,EGY,1964,2.58
Egypt,EGY,1965,2.515
Egypt,EGY,1966,2.498
Egypt,EGY,1967,2.47
Egypt,EGY,1968,2.451
Egypt,EGY,1969,2.419
Egypt,EGY,1970,2.331
Egypt,EGY,1971,2.291
Egypt,EGY,1972,2.311
Egypt,EGY,1973,2.289
Egypt,EGY,1974,2.333
Egypt,EGY,1975,2.381
Egypt,EGY,1976,2.299
Egypt,EGY,1977,2.434
Egypt,EGY,1978,2.475
Egypt,EGY,1979,2.524
Egypt,EGY,1980,2.691
Egypt,EGY,1981,2.682
Egypt,EGY,1982,2.823
Egypt,EGY,1983,3.03
Egypt,EGY,1984,2.994
Egypt,EGY,1985,2.959
Egypt,EGY,1986,2.761
Egypt,EGY,1987,2.785
Egypt,EGY,1988,2.776
Egypt,EGY,1989,2.67
Egypt,EGY,1990,3.182
Egypt,EGY,1991,2.344
Egypt,EGY,1992,2.434
Egypt,EGY,1993,2.184
Egypt,EGY,1994,2.125
Egypt,EGY,1995,2.084
Egypt,EGY,1996,2.063
Egypt,EGY,1997,2.082
Egypt,EGY,1998,2.286
Egypt,EGY,1999,2.177
Egypt,EGY,2000,2.146
Egypt,EGY,2001,2.103
Egypt,EGY,2002,2.105
Egypt,EGY,2003,2.086
Egypt,EGY,2004,2.043
Egypt,EGY,2005,2.002
Egypt,EGY,2006,1.905
Egypt,EGY,2007,1.87
Egypt,EGY,2008,1.864
Egypt,EGY,2009,1.912
Egypt,EGY,2010,1.924
Egypt,EGY,2011,2.281
Egypt,EGY,2012,2.209
Egypt,EGY,2013,2.399
Egypt,EGY,2014,2.156
Egypt,EGY,2015,2.043
Egypt,EGY,2016,2.027
Egypt,EGY,2017,1.97
Egypt,EGY,2018,1.826
Egypt,EGY,2019,1.686
Egypt,EGY,2020,1.565
Egypt,EGY,2021,1.417
Egypt,EGY,2022,1.554
Egypt,EGY,2023,1.821
El Salvador,SLV,1950,2.383
El Salvador,SLV,1951,2.307
El Salvador,SLV,1952,2.348
El Salvador,SLV,1953,2.321
El Salvador,SLV,1954,2.392
El Salvador,SLV,1955,2.45
El Salvador,SLV,1956,2.5
El Salvador,SLV,1957,2.545
El Salvador,SLV,1958,2.513
El Salvador,SLV,1959,2.619
El Salvador,SLV,1960,2.747
El Salvador,SLV,1961,2.803
El Salvador,SLV,1962,2.642
El Salvador,SLV,1963,2.675
El Salvador,SLV,1964,2.744
El Salvador,SLV,1965,2.806
El Salvador,SLV,1966,2.832
El Salvador,SLV,1967,2.814
El Salvador,SLV,1968,2.756
El Salvador,SLV,1969,2.67
El Salvador,SLV,1970,2.429
El Salvador,SLV,1971,2.351
El Salvador,SLV,1972,2.347
El Salvador,SLV,1973,2.341
El Salvador,SLV,1974,2.259
El Salvador,SLV,1975,2.197
El Salvador,SLV,1976,2.118
El Salvador,SLV,1977,2.155
El Salvador,SLV,1978,2.117
El Salvador,SLV,1979,1.775
El Salvador,SLV,1980,0.891
El Salvador,SLV,1981,0.437
El Salvador,SLV,1982,1.812
El Salvador,SLV,1983,1.827
El Salvador,SLV,1984,1.986
El Salvador,SLV,1985,2.005
El Salvador,SLV,1986,1.963
El Salvador,SLV,1987,1.99
El Salvador,SLV,1988,2.029
El Salvador,SLV,1989,1.904
El Salvador,SLV,1990,1.864
El Salvador,SLV,1991,1.639
El Salvador,SLV,1992,1.629
El Salvador,SLV,1993,1.019
El Salvador,SLV,1994,0.886
El Salvador,SLV,1995,0.787
El Salvador,SLV,1996,0.705
El Salvador,SLV,1997,0.644
El Salvador,SLV,1998,0.591
El Salvador,SLV,1999,0.532
El Salvador,SLV,2000,0.462
El Salvador,SLV,2001,0.367
El Salvador,SLV,2002,0.254
El Salvador,SLV,2003,0.145
El Salvador,SLV,2004,0.057
El Salvador,SLV,2005,-0.027
El Salvador,SLV,2006,-0.082
El Salvador,SLV,2007,0.331
El Salvador,SLV,2008,0.316
El Salvador,SLV,2009,0.313
El Salvador,SLV,2010,0.346
El Salvador,SLV,2011,0.373
El Salvador,SLV,2012,0.408
El Salvador,SLV,2013,0.404
El Salvador,SLV,2014,0.381
El Salvador,SLV,2015,0.291
El Salvador,SLV,2016,0.262
El Salvador,SLV,2017,0.148
El Salvador,SLV,2018,0.054
El Salvador,SLV,2019,0.027
El Salvador,SLV,2020,0.369
El Salvador,SLV,2021,0.307
El Salvador,SLV,2022,0.476
El Salvador,SLV,2023,0.455
Equatorial Guinea,GNQ,1950,1.785
Equatorial Guinea,GNQ,1951,1.761
Equatorial Guinea,GNQ,1952,1.737
Equatorial Guinea,GNQ,1953,1.737
Equatorial Guinea,GNQ,1954,1.733
Equatorial Guinea,GNQ,1955,1.727
Equatorial Guinea,GNQ,1956,1.731
Equatorial Guinea,GNQ,1957,1.727
Equatorial Guinea,GNQ,1958,1.738
Equatorial Guinea,GNQ,1959,1.771
Equatorial Guinea,GNQ,1960,1.827
Equatorial Guinea,GNQ,1961,1.91
Equatorial Guinea,GNQ,1962,1.974
Equatorial Guinea,GNQ,1963,2.037
Equatorial Guinea,GNQ,1964,2.099
Equatorial Guinea,GNQ,1965,2.167
Equatorial Guinea,GNQ,1966,2.224
Equatorial Guinea,GNQ,1967,2.281
Equatorial Guinea,GNQ,1968,2.188
Equatorial Guinea,GNQ,1969,0.112
Equatorial Guinea,GNQ,1970,-1.181
Equatorial Guinea,GNQ,1971,-1.88
Equatorial Guinea,GNQ,1972,-2.263
Equatorial Guinea,GNQ,1973,-2.438
Equatorial Guinea,GNQ,1974,-2.471
Equatorial Guinea,GNQ,1975,-2.367
Equatorial Guinea,GNQ,1976,-2.465
Equatorial Guinea,GNQ,1977,-0.569
Equatorial Guinea,GNQ,1978,0.39
Equatorial Guinea,GNQ,1979,1.984
Equatorial Guinea,GNQ,1980,4.172
Equatorial Guinea,GNQ,1981,5.665
Equatorial Guinea,GNQ,1982,6.444
Equatorial Guinea,GNQ,1983,6.307
Equatorial Guinea,GNQ,1984,5.84
Equatorial Guinea,GNQ,1985,5.186
Equatorial Guinea,GNQ,1986,4.54
Equatorial Guinea,GNQ,1987,4.075
Equatorial Guinea,GNQ,1988,3.877
Equatorial Guinea,GNQ,1989,3.781
Equatorial Guinea,GNQ,1990,3.724
Equatorial Guinea,GNQ,1991,3.703
Equatorial Guinea,GNQ,1992,3.696
Equatorial Guinea,GNQ,1993,3.704
Equatorial Guinea,GNQ,1994,3.745
Equatorial Guinea,GNQ,1995,3.79
Equatorial Guinea,GNQ,1996,3.843
Equatorial Guinea,GNQ,1997,3.89
Equatorial Guinea,GNQ,1998,3.924
Equatorial Guinea,GNQ,1999,3.944
Equatorial Guinea,GNQ,2000,6.517
Equatorial Guinea,GNQ,2001,6.309
Equatorial Guinea,GNQ,2002,6.136
Equatorial Guinea,GNQ,2003,6.001
Equatorial Guinea,GNQ,2004,5.918
Equatorial Guinea,GNQ,2005,4.398
Equatorial Guinea,GNQ,2006,4.474
Equatorial Guinea,GNQ,2007,4.548
Equatorial Guinea,GNQ,2008,4.599
Equatorial Guinea,GNQ,2009,4.617
Equatorial Guinea,GNQ,2010,4.576
Equatorial Guinea,GNQ,2011,4.115
Equatorial Guinea,GNQ,2012,4.036
Equatorial Guinea,GNQ,2013,3.958
Equatorial Guinea,GNQ,2014,3.854
Equatorial Guinea,GNQ,2015,3.731
Equatorial Guinea,GNQ,2016,3.6
Equatorial Guinea,GNQ,2017,3.465
Equatorial Guinea,GNQ,2018,3.336
Equatorial Guinea,GNQ,2019,3.209
Equatorial Guinea,GNQ,2020,2.272
Equatorial Guinea,GNQ,2021,2.596
Equatorial Guinea,GNQ,2022,2.433
Equatorial Guinea,GNQ,2023,2.389
Eritrea,ERI,1950,1.417
Eritrea,ERI,1951,1.544
Eritrea,ERI,1952,1.649
Eritrea,ERI,1953,1.74
Eritrea,ERI,1954,1.812
Eritrea,ERI,1955,1.88
Eritrea,ERI,1956,1.957
Eritrea,ERI,1957,1.427
Eritrea,ERI,1958,1.551
Eritrea,ERI,1959,2.262
Eritrea,ERI,1960,2.31
Eritrea,ERI,1961,2.369
Eritrea,ERI,1962,2.436
Eritrea,ERI,1963,2.465
Eritrea,ERI,1964,2.486
Eritrea,ERI,1965,2.501
Eritrea,ERI,1966,2.291
Eritrea,ERI,1967,2.516
Eritrea,ERI,1968,2.522
Eritrea,ERI,1969,2.536
Eritrea,ERI,1970,2.587
Eritrea,ERI,1971,2.605
Eritrea,ERI,1972,2.515
Eritrea,ERI,1973,2.529
Eritrea,ERI,1974,2.333
Eritrea,ERI,1975,2.34
Eritrea,ERI,1976,2.649
Eritrea,ERI,1977,2.649
Eritrea,ERI,1978,2.65
Eritrea,ERI,1979,2.659
Eritrea,ERI,1980,2.701
Eritrea,ERI,1981,2.722
Eritrea,ERI,1982,2.721
Eritrea,ERI,1983,2.031
Eritrea,ERI,1984,2.025
Eritrea,ERI,1985,2.008
Eritrea,ERI,1986,2.081
Eritrea,ERI,1987,2.574
Eritrea,ERI,1988,2.609
Eritrea,ERI,1989,2.364
Eritrea,ERI,1990,2.188
Eritrea,ERI,1991,-14.131
Eritrea,ERI,1992,1.621
Eritrea,ERI,1993,4.6
Eritrea,ERI,1994,1.592
Eritrea,ERI,1995,9.499
Eritrea,ERI,1996,0.665
Eritrea,ERI,1997,1.542
Eritrea,ERI,1998,1.072
Eritrea,ERI,1999,1.869
Eritrea,ERI,2000,1.208
Eritrea,ERI,2001,4.453
Eritrea,ERI,2002,2.46
Eritrea,ERI,2003,5.735
Eritrea,ERI,2004,2.531
Eritrea,ERI,2005,2.258
Eritrea,ERI,2006,0.906
Eritrea,ERI,2007,2.004
Eritrea,ERI,2008,3.24
Eritrea,ERI,2009,1.796
Eritrea,ERI,2010,2.13
Eritrea,ERI,2011,1.463
Eritrea,ERI,2012,1.092
Eritrea,ERI,2013,1.353
Eritrea,ERI,2014,0.001
Eritrea,ERI,2015,0.667
Eritrea,ERI,2016,0.563
Eritrea,ERI,2017,1.07
Eritrea,ERI,2018,1.601
Eritrea,ERI,2019,1.35
Eritrea,ERI,2020,1.774
Eritrea,ERI,2021,1.774
Eritrea,ERI,2022,1.734
Eritrea,ERI,2023,1.809
Estonia,EST,1950,1.309
Estonia,EST,1951,1.245
Estonia,EST,1952,1.192
Estonia,EST,1953,1.056
Estonia,EST,1954,1.062
Estonia,EST,1955,1.018
Estonia,EST,1956,0.91
Estonia,EST,1957,0.882
Estonia,EST,1958,1.063
Estonia,EST,1959,0.521
Estonia,EST,1960,1.207
Estonia,EST,1961,1.19
Estonia,EST,1962,1.137
Estonia,EST,1963,1.112
Estonia,EST,1964,1.182
Estonia,EST,1965,1.068
Estonia,EST,1966,1.03
Estonia,EST,1967,1.043
Estonia,EST,1968,1.103
Estonia,EST,1969,1.045
Estonia,EST,1970,0.899
Estonia,EST,1971,0.95
Estonia,EST,1972,0.889
Estonia,EST,1973,0.852
Estonia,EST,1974,0.885
Estonia,EST,1975,0.803
Estonia,EST,1976,0.788
Estonia,EST,1977,0.835
Estonia,EST,1978,0.771
Estonia,EST,1979,0.569
Estonia,EST,1980,0.578
Estonia,EST,1981,0.621
Estonia,EST,1982,0.663
Estonia,EST,1983,0.714
Estonia,EST,1984,0.66
Estonia,EST,1985,0.612
Estonia,EST,1986,0.735
Estonia,EST,1987,0.778
Estonia,EST,1988,0.747
Estonia,EST,1989,0.34
Estonia,EST,1990,0.006
Estonia,EST,1991,-0.635
Estonia,EST,1992,-2.623
Estonia,EST,1993,-2.083
Estonia,EST,1994,-1.756
Estonia,EST,1995,-1.374
Estonia,EST,1996,-1.136
Estonia,EST,1997,-0.704
Estonia,EST,1998,-0.749
Estonia,EST,1999,-0.333
Estonia,EST,2000,-0.607
Estonia,EST,2001,-0.66
Estonia,EST,2002,-0.602
Estonia,EST,2003,-0.646
Estonia,EST,2004,-0.549
Estonia,EST,2005,-0.603
Estonia,EST,2006,-0.576
Estonia,EST,2007,-0.342
Estonia,EST,2008,-0.2
Estonia,EST,2009,-0.181
Estonia,EST,2010,-0.281
Estonia,EST,2011,-0.335
Estonia,EST,2012,-0.381
Estonia,EST,2013,-0.33
Estonia,EST,2014,-0.197
Estonia,EST,2015,0.215
Estonia,EST,2016,-0.022
Estonia,EST,2017,0.261
Estonia,EST,2018,0.427
Estonia,EST,2019,0.307
Estonia,EST,2020,0.122
Estonia,EST,2021,0.19
Estonia,EST,2022,2.53
Estonia,EST,2023,0.004
Eswatini,SWZ,1950,2.543
Eswatini,SWZ,1951,2.509
Eswatini,SWZ,1952,2.472
Eswatini,SWZ,1953,2.444
Eswatini,SWZ,1954,2.41
Eswatini,SWZ,1955,2.392
Eswatini,SWZ,1956,2.367
Eswatini,SWZ,1957,2.351
Eswatini,SWZ,1958,2.336
Eswatini,SWZ,1959,2.309
Eswatini,SWZ,1960,2.277
Eswatini,SWZ,1961,2.262
Eswatini,SWZ,1962,2.272
Eswatini,SWZ,1963,2.319
Eswatini,SWZ,1964,2.434
Eswatini,SWZ,1965,2.612
Eswatini,SWZ,1966,2.688
Eswatini,SWZ,1967,2.399
Eswatini,SWZ,1968,2.486
Eswatini,SWZ,1969,2.567
Eswatini,SWZ,1970,2.64
Eswatini,SWZ,1971,2.711
Eswatini,SWZ,1972,2.775
Eswatini,SWZ,1973,2.835
Eswatini,SWZ,1974,2.905
Eswatini,SWZ,1975,2.965
Eswatini,SWZ,1976,3.108
Eswatini,SWZ,1977,3.289
Eswatini,SWZ,1978,3.299
Eswatini,SWZ,1979,3.307
Eswatini,SWZ,1980,3.32
Eswatini,SWZ,1981,3.327
Eswatini,SWZ,1982,3.32
Eswatini,SWZ,1983,3.255
Eswatini,SWZ,1984,3.262
Eswatini,SWZ,1985,4.053
Eswatini,SWZ,1986,3.873
Eswatini,SWZ,1987,3.89
Eswatini,SWZ,1988,5.286
Eswatini,SWZ,1989,4.027
Eswatini,SWZ,1990,4.072
Eswatini,SWZ,1991,3.964
Eswatini,SWZ,1992,3.652
Eswatini,SWZ,1993,2.198
Eswatini,SWZ,1994,-2.22
Eswatini,SWZ,1995,2.062
Eswatini,SWZ,1996,1.9
Eswatini,SWZ,1997,1.468
Eswatini,SWZ,1998,1.104
Eswatini,SWZ,1999,1.067
Eswatini,SWZ,2000,0.985
Eswatini,SWZ,2001,0.86
Eswatini,SWZ,2002,0.728
Eswatini,SWZ,2003,0.638
Eswatini,SWZ,2004,0.57
Eswatini,SWZ,2005,0.52
Eswatini,SWZ,2006,0.481
Eswatini,SWZ,2007,0.671
Eswatini,SWZ,2008,0.679
Eswatini,SWZ,2009,0.604
Eswatini,SWZ,2010,0.569
Eswatini,SWZ,2011,0.541
Eswatini,SWZ,2012,0.535
Eswatini,SWZ,2013,0.552
Eswatini,SWZ,2014,0.561
Eswatini,SWZ,2015,0.582
Eswatini,SWZ,2016,0.587
Eswatini,SWZ,2017,0.918
Eswatini,SWZ,2018,0.927
Eswatini,SWZ,2019,0.937
Eswatini,SWZ,2020,1.229
Eswatini,SWZ,2021,1.083
Eswatini,SWZ,2022,0.95
Eswatini,SWZ,2023,0.943
Ethiopia,ETH,1950,1.74
Ethiopia,ETH,1951,1.834
Ethiopia,ETH,1952,1.879
Ethiopia,ETH,1953,1.889
Ethiopia,ETH,1954,1.963
Ethiopia,ETH,1955,2.007
Ethiopia,ETH,1956,2.061
Ethiopia,ETH,1957,1.493
Ethiopia,ETH,1958,1.523
Ethiopia,ETH,1959,2.317
Ethiopia,ETH,1960,2.402
Ethiopia,ETH,1961,2.49
Ethiopia,ETH,1962,2.549
Ethiopia,ETH,1963,2.605
Ethiopia,ETH,1964,2.66
Ethiopia,ETH,1965,2.71
Ethiopia,ETH,1966,2.507
Ethiopia,ETH,1967,2.77
Ethiopia,ETH,1968,2.755
Ethiopia,ETH,1969,2.747
Ethiopia,ETH,1970,2.765
Ethiopia,ETH,1971,2.701
Ethiopia,ETH,1972,2.643
Ethiopia,ETH,1973,2.678
Ethiopia,ETH,1974,2.497
Ethiopia,ETH,1975,2.392
Ethiopia,ETH,1976,2.654
Ethiopia,ETH,1977,1.213
Ethiopia,ETH,1978,2.171
Ethiopia,ETH,1979,0.805
Ethiopia,ETH,1980,0.302
Ethiopia,ETH,1981,4.666
Ethiopia,ETH,1982,3.127
Ethiopia,ETH,1983,2.468
Ethiopia,ETH,1984,2.732
Ethiopia,ETH,1985,2.898
Ethiopia,ETH,1986,3.013
Ethiopia,ETH,1987,3.788
Ethiopia,ETH,1988,4.017
Ethiopia,ETH,1989,3.672
Ethiopia,ETH,1990,3.73
Ethiopia,ETH,1991,4.907
Ethiopia,ETH,1992,3.537
Ethiopia,ETH,1993,3.494
Ethiopia,ETH,1994,3.469
Ethiopia,ETH,1995,3.342
Ethiopia,ETH,1996,3.259
Ethiopia,ETH,1997,3.153
Ethiopia,ETH,1998,3.128
Ethiopia,ETH,1999,3.121
Ethiopia,ETH,2000,3.017
Ethiopia,ETH,2001,3.049
Ethiopia,ETH,2002,3.039
Ethiopia,ETH,2003,3.004
Ethiopia,ETH,2004,2.986
Ethiopia,ETH,2005,2.947
Ethiopia,ETH,2006,2.928
Ethiopia,ETH,2007,2.932
Ethiopia,ETH,2008,2.858
Ethiopia,ETH,2009,2.822
Ethiopia,ETH,2010,2.848
Ethiopia,ETH,2011,2.839
Ethiopia,ETH,2012,2.77
Ethiopia,ETH,2013,2.669
Ethiopia,ETH,2014,2.697
Ethiopia,ETH,2015,2.673
Ethiopia,ETH,2016,2.742
Ethiopia,ETH,2017,2.709
Ethiopia,ETH,2018,2.685
Ethiopia,ETH,2019,2.698
Ethiopia,ETH,2020,2.724
Ethiopia,ETH,2021,2.623
Ethiopia,ETH,2022,2.623
Ethiopia,ETH,2023,2.585
Europe (UN),UN_EUR,1950,0.941
Europe (UN),UN_EUR,1951,0.861
Europe (UN),UN_EUR,1952,0.92
Europe (UN),UN_EUR,1953,0.986
Europe (UN),UN_EUR,1954,0.989
Europe (UN),UN_EUR,1955,1.001
Europe (UN),UN_EUR,1956,0.974
Europe (UN),UN_EUR,1957,1.09
Europe (UN),UN_EUR,1958,1.089
Europe (UN),UN_EUR,1959,0.99
Europe (UN),UN_EUR,1960,1
Europe (UN),UN_EUR,1961,0.986
Europe (UN),UN_EUR,1962,0.951
Europe (UN),UN_EUR,1963,0.91
Europe (UN),UN_EUR,1964,0.866
Europe (UN),UN_EUR,1965,0.799
Europe (UN),UN_EUR,1966,0.771
Europe (UN),UN_EUR,1967,0.69
Europe (UN),UN_EUR,1968,0.705
Europe (UN),UN_EUR,1969,0.685
Europe (UN),UN_EUR,1970,0.494
Europe (UN),UN_EUR,1971,0.707
Europe (UN),UN_EUR,1972,0.67
Europe (UN),UN_EUR,1973,0.612
Europe (UN),UN_EUR,1974,0.562
Europe (UN),UN_EUR,1975,0.486
Europe (UN),UN_EUR,1976,0.509
Europe (UN),UN_EUR,1977,0.5
Europe (UN),UN_EUR,1978,0.472
Europe (UN),UN_EUR,1979,0.489
Europe (UN),UN_EUR,1980,0.531
Europe (UN),UN_EUR,1981,0.422
Europe (UN),UN_EUR,1982,0.396
Europe (UN),UN_EUR,1983,0.41
Europe (UN),UN_EUR,1984,0.394
Europe (UN),UN_EUR,1985,0.406
Europe (UN),UN_EUR,1986,0.453
Europe (UN),UN_EUR,1987,0.437
Europe (UN),UN_EUR,1988,0.458
Europe (UN),UN_EUR,1989,0.389
Europe (UN),UN_EUR,1990,0.362
Europe (UN),UN_EUR,1991,0.285
Europe (UN),UN_EUR,1992,0.027
Europe (UN),UN_EUR,1993,0.08
Europe (UN),UN_EUR,1994,0.162
Europe (UN),UN_EUR,1995,-0.026
Europe (UN),UN_EUR,1996,0.023
Europe (UN),UN_EUR,1997,-0.007
Europe (UN),UN_EUR,1998,-0.147
Europe (UN),UN_EUR,1999,-0.031
Europe (UN),UN_EUR,2000,0.016
Europe (UN),UN_EUR,2001,0.004
Europe (UN),UN_EUR,2002,0.24
Europe (UN),UN_EUR,2003,0.103
Europe (UN),UN_EUR,2004,0.135
Europe (UN),UN_EUR,2005,0.084
Europe (UN),UN_EUR,2006,0.09
Europe (UN),UN_EUR,2007,0.24
Europe (UN),UN_EUR,2008,0.21
Europe (UN),UN_EUR,2009,0.167
Europe (UN),UN_EUR,2010,0.161
Europe (UN),UN_EUR,2011,0.167
Europe (UN),UN_EUR,2012,0.13
Europe (UN),UN_EUR,2013,0.143
Europe (UN),UN_EUR,2014,0.172
Europe (UN),UN_EUR,2015,0.257
Europe (UN),UN_EUR,2016,0.217
Europe (UN),UN_EUR,2017,0.165
Europe (UN),UN_EUR,2018,0.139
Europe (UN),UN_EUR,2019,0.112
Europe (UN),UN_EUR,2020,-0.107
Europe (UN),UN_EUR,2021,-0.136
Europe (UN),UN_EUR,2022,-0.305
Europe (UN),UN_EUR,2023,-0.06
Falkland Islands,FLK,1950,0.913
Falkland Islands,FLK,1951,0.272
Falkland Islands,FLK,1952,0.497
Falkland Islands,FLK,1953,-1.18
Falkland Islands,FLK,1954,-0.412
Falkland Islands,FLK,1955,0.229
Falkland Islands,FLK,1956,0.228
Falkland Islands,FLK,1957,0.637
Falkland Islands,FLK,1958,1.037
Falkland Islands,FLK,1959,0.893
Falkland Islands,FLK,1960,1.149
Falkland Islands,FLK,1961,1.136
Falkland Islands,FLK,1962,0.26
Falkland Islands,FLK,1963,-0.174
Falkland Islands,FLK,1964,0
Falkland Islands,FLK,1965,-0.392
Falkland Islands,FLK,1966,0.087
Falkland Islands,FLK,1967,-0.524
Falkland Islands,FLK,1968,-0.351
Falkland Islands,FLK,1969,0.044
Falkland Islands,FLK,1970,-0.176
Falkland Islands,FLK,1971,-0.044
Falkland Islands,FLK,1972,0.439
Falkland Islands,FLK,1973,0.044
Falkland Islands,FLK,1974,0.35
Falkland Islands,FLK,1975,0.218
Falkland Islands,FLK,1976,0.218
Falkland Islands,FLK,1977,-0.61
Falkland Islands,FLK,1978,-0.57
Falkland Islands,FLK,1979,-0.75
Falkland Islands,FLK,1980,-0.489
Falkland Islands,FLK,1981,0.045
Falkland Islands,FLK,1982,0
Falkland Islands,FLK,1983,0.133
Falkland Islands,FLK,1984,-0.356
Falkland Islands,FLK,1985,-0.089
Falkland Islands,FLK,1986,0.089
Falkland Islands,FLK,1987,1.461
Falkland Islands,FLK,1988,1.267
Falkland Islands,FLK,1989,1.337
Falkland Islands,FLK,1990,0.938
Falkland Islands,FLK,1991,3.174
Falkland Islands,FLK,1992,3.87
Falkland Islands,FLK,1993,3.535
Falkland Islands,FLK,1994,3.709
Falkland Islands,FLK,1995,3.505
Falkland Islands,FLK,1996,2.247
Falkland Islands,FLK,1997,2.164
Falkland Islands,FLK,1998,2.185
Falkland Islands,FLK,1999,1.942
Falkland Islands,FLK,2000,1.937
Falkland Islands,FLK,2001,1.05
Falkland Islands,FLK,2002,0.599
Falkland Islands,FLK,2003,0.596
Falkland Islands,FLK,2004,0.406
Falkland Islands,FLK,2005,0.373
Falkland Islands,FLK,2006,0.248
Falkland Islands,FLK,2007,-0.031
Falkland Islands,FLK,2008,-0.403
Falkland Islands,FLK,2009,-0.343
Falkland Islands,FLK,2010,-0.532
Falkland Islands,FLK,2011,-0.377
Falkland Islands,FLK,2012,1.469
Falkland Islands,FLK,2013,2.481
Falkland Islands,FLK,2014,2.037
Falkland Islands,FLK,2015,2.025
Falkland Islands,FLK,2016,2.099
Falkland Islands,FLK,2017,0.171
Falkland Islands,FLK,2018,0
Falkland Islands,FLK,2019,-0.256
Falkland Islands,FLK,2020,-0.371
Falkland Islands,FLK,2021,-0.057
Falkland Islands,FLK,2022,-0.401
Falkland Islands,FLK,2023,-0.374
Faroe Islands,FRO,1950,0.947
Faroe Islands,FRO,1951,0.558
Faroe Islands,FRO,1952,0.147
Faroe Islands,FRO,1953,0.028
Faroe Islands,FRO,1954,0.125
Faroe Islands,FRO,1955,0.149
Faroe Islands,FRO,1956,1.163
Faroe Islands,FRO,1957,1.308
Faroe Islands,FRO,1958,1.408
Faroe Islands,FRO,1959,1.453
Faroe Islands,FRO,1960,1.357
Faroe Islands,FRO,1961,1.149
Faroe Islands,FRO,1962,1.184
Faroe Islands,FRO,1963,1.249
Faroe Islands,FRO,1964,1.314
Faroe Islands,FRO,1965,1.453
Faroe Islands,FRO,1966,1.116
Faroe Islands,FRO,1967,0.965
Faroe Islands,FRO,1968,0.953
Faroe Islands,FRO,1969,0.884
Faroe Islands,FRO,1970,1.017
Faroe Islands,FRO,1971,1.24
Faroe Islands,FRO,1972,1.172
Faroe Islands,FRO,1973,1.183
Faroe Islands,FRO,1974,1.172
Faroe Islands,FRO,1975,1.117
Faroe Islands,FRO,1976,1.099
Faroe Islands,FRO,1977,1.078
Faroe Islands,FRO,1978,1.315
Faroe Islands,FRO,1979,1.303
Faroe Islands,FRO,1980,1.27
Faroe Islands,FRO,1981,1.286
Faroe Islands,FRO,1982,1.2
Faroe Islands,FRO,1983,1.05
Faroe Islands,FRO,1984,1.046
Faroe Islands,FRO,1985,0.88
Faroe Islands,FRO,1986,0.972
Faroe Islands,FRO,1987,1.005
Faroe Islands,FRO,1988,1.114
Faroe Islands,FRO,1989,1.238
Faroe Islands,FRO,1990,-1.289
Faroe Islands,FRO,1991,-1.602
Faroe Islands,FRO,1992,-1.819
Faroe Islands,FRO,1993,-2.081
Faroe Islands,FRO,1994,-2.239
Faroe Islands,FRO,1995,0.739
Faroe Islands,FRO,1996,0.801
Faroe Islands,FRO,1997,0.835
Faroe Islands,FRO,1998,0.748
Faroe Islands,FRO,1999,0.679
Faroe Islands,FRO,2000,1.286
Faroe Islands,FRO,2001,1.228
Faroe Islands,FRO,2002,1.294
Faroe Islands,FRO,2003,1.238
Faroe Islands,FRO,2004,1.252
Faroe Islands,FRO,2005,0.176
Faroe Islands,FRO,2006,0.101
Faroe Islands,FRO,2007,0.091
Faroe Islands,FRO,2008,0.008
Faroe Islands,FRO,2009,-0.047
Faroe Islands,FRO,2010,-1.277
Faroe Islands,FRO,2011,0.3
Faroe Islands,FRO,2012,0.353
Faroe Islands,FRO,2013,0.429
Faroe Islands,FRO,2014,0.443
Faroe Islands,FRO,2015,1.209
Faroe Islands,FRO,2016,1.347
Faroe Islands,FRO,2017,1.541
Faroe Islands,FRO,2018,1.583
Faroe Islands,FRO,2019,1.557
Faroe Islands,FRO,2020,1.299
Faroe Islands,FRO,2021,1.396
Faroe Islands,FRO,2022,1.255
Faroe Islands,FRO,2023,1.329
Fiji,FJI,1950,2.031
Fiji,FJI,1951,2.194
Fiji,FJI,1952,2.334
Fiji,FJI,1953,2.462
Fiji,FJI,1954,2.621
Fiji,FJI,1955,2.792
Fiji,FJI,1956,2.933
Fiji,FJI,1957,2.94
Fiji,FJI,1958,3.003
Fiji,FJI,1959,3.038
Fiji,FJI,1960,3.044
Fiji,FJI,1961,3.045
Fiji,FJI,1962,3.148
Fiji,FJI,1963,3.135
Fiji,FJI,1964,3.091
Fiji,FJI,1965,3.034
Fiji,FJI,1966,2.773
Fiji,FJI,1967,2.262
Fiji,FJI,1968,2.152
Fiji,FJI,1969,2.038
Fiji,FJI,1970,1.914
Fiji,FJI,1971,1.793
Fiji,FJI,1972,1.645
Fiji,FJI,1973,1.501
Fiji,FJI,1974,1.435
Fiji,FJI,1975,1.51
Fiji,FJI,1976,1.804
Fiji,FJI,1977,2.339
Fiji,FJI,1978,2.384
Fiji,FJI,1979,2.385
Fiji,FJI,1980,2.379
Fiji,FJI,1981,2.391
Fiji,FJI,1982,2.4
Fiji,FJI,1983,2.418
Fiji,FJI,1984,2.417
Fiji,FJI,1985,2.35
Fiji,FJI,1986,1.905
Fiji,FJI,1987,1.118
Fiji,FJI,1988,1.045
Fiji,FJI,1989,0.955
Fiji,FJI,1990,0.862
Fiji,FJI,1991,0.771
Fiji,FJI,1992,0.684
Fiji,FJI,1993,0.592
Fiji,FJI,1994,0.519
Fiji,FJI,1995,0.479
Fiji,FJI,1996,0.779
Fiji,FJI,1997,1.285
Fiji,FJI,1998,1.192
Fiji,FJI,1999,1.123
Fiji,FJI,2000,1.049
Fiji,FJI,2001,1.006
Fiji,FJI,2002,0.974
Fiji,FJI,2003,0.937
Fiji,FJI,2004,0.92
Fiji,FJI,2005,0.905
Fiji,FJI,2006,0.898
Fiji,FJI,2007,0.773
Fiji,FJI,2008,0.464
Fiji,FJI,2009,0.384
Fiji,FJI,2010,0.315
Fiji,FJI,2011,0.248
Fiji,FJI,2012,0.174
Fiji,FJI,2013,0.139
Fiji,FJI,2014,0.13
Fiji,FJI,2015,0.087
Fiji,FJI,2016,0.041
Fiji,FJI,2017,-0.13
Fiji,FJI,2018,-0.214
Fiji,FJI,2019,-0.284
Fiji,FJI,2020,0.298
Fiji,FJI,2021,0.084
Fiji,FJI,2022,0.506
Fiji,FJI,2023,0.519
Finland,FIN,1950,1.087
Finland,FIN,1951,0.863
Finland,FIN,1952,1.258
Finland,FIN,1953,1.121
Finland,FIN,1954,1.16
Finland,FIN,1955,1.117
Finland,FIN,1956,1.078
Finland,FIN,1957,0.887
Finland,FIN,1958,0.758
Finland,FIN,1959,0.835
Finland,FIN,1960,0.747
Finland,FIN,1961,0.665
Finland,FIN,1962,0.708
Finland,FIN,1963,0.719
Finland,FIN,1964,0.392
Finland,FIN,1965,0.269
Finland,FIN,1966,0.487
Finland,FIN,1967,0.61
Finland,FIN,1968,0.287
Finland,FIN,1969,-0.428
Finland,FIN,1970,-0.342
Finland,FIN,1971,0.594
Finland,FIN,1972,0.591
Finland,FIN,1973,0.542
Finland,FIN,1974,0.503
Finland,FIN,1975,0.383
Finland,FIN,1976,0.218
Finland,FIN,1977,0.342
Finland,FIN,1978,0.234
Finland,FIN,1979,0.278
Finland,FIN,1980,0.346
Finland,FIN,1981,0.509
Finland,FIN,1982,0.614
Finland,FIN,1983,0.58
Finland,FIN,1984,0.489
Finland,FIN,1985,0.346
Finland,FIN,1986,0.305
Finland,FIN,1987,0.263
Finland,FIN,1988,0.318
Finland,FIN,1989,0.404
Finland,FIN,1990,0.482
Finland,FIN,1991,0.609
Finland,FIN,1992,0.515
Finland,FIN,1993,0.452
Finland,FIN,1994,0.409
Finland,FIN,1995,0.354
Finland,FIN,1996,0.302
Finland,FIN,1997,0.29
Finland,FIN,1998,0.239
Finland,FIN,1999,0.225
Finland,FIN,2000,0.188
Finland,FIN,2001,0.266
Finland,FIN,2002,0.219
Finland,FIN,2003,0.258
Finland,FIN,2004,0.324
Finland,FIN,2005,0.361
Finland,FIN,2006,0.406
Finland,FIN,2007,0.445
Finland,FIN,2008,0.486
Finland,FIN,2009,0.471
Finland,FIN,2010,0.444
Finland,FIN,2011,0.482
Finland,FIN,2012,0.471
Finland,FIN,2013,0.453
Finland,FIN,2014,0.377
Finland,FIN,2015,0.282
Finland,FIN,2016,0.292
Finland,FIN,2017,0.178
Finland,FIN,2018,0.088
Finland,FIN,2019,0.13
Finland,FIN,2020,0.154
Finland,FIN,2021,0.26
Finland,FIN,2022,0.755
Finland,FIN,2023,0.388
France,FRA,1950,1.106
France,FRA,1951,1.035
France,FRA,1952,1.064
France,FRA,1953,1.018
France,FRA,1954,1.049
France,FRA,1955,1.043
France,FRA,1956,0.997
France,FRA,1957,1.002
France,FRA,1958,1.018
France,FRA,1959,1.039
France,FRA,1960,0.972
France,FRA,1961,1.024
France,FRA,1962,0.924
France,FRA,1963,1.031
France,FRA,1964,1.054
France,FRA,1965,0.816
France,FRA,1966,0.865
France,FRA,1967,0.716
France,FRA,1968,0.781
France,FRA,1969,0.846
France,FRA,1970,0.963
France,FRA,1971,0.918
France,FRA,1972,0.833
France,FRA,1973,0.778
France,FRA,1974,0.532
France,FRA,1975,0.386
France,FRA,1976,0.419
France,FRA,1977,0.478
France,FRA,1978,0.395
France,FRA,1979,0.469
France,FRA,1980,0.572
France,FRA,1981,0.588
France,FRA,1982,0.615
France,FRA,1983,0.507
France,FRA,1984,0.536
France,FRA,1985,0.514
France,FRA,1986,0.513
France,FRA,1987,0.544
France,FRA,1988,0.572
France,FRA,1989,0.572
France,FRA,1990,0.502
France,FRA,1991,0.483
France,FRA,1992,0.504
France,FRA,1993,0.351
France,FRA,1994,0.335
France,FRA,1995,0.327
France,FRA,1996,0.32
France,FRA,1997,0.323
France,FRA,1998,0.393
France,FRA,1999,0.643
France,FRA,2000,0.705
France,FRA,2001,0.707
France,FRA,2002,0.697
France,FRA,2003,0.67
France,FRA,2004,0.754
France,FRA,2005,0.712
France,FRA,2006,0.662
France,FRA,2007,0.567
France,FRA,2008,0.544
France,FRA,2009,0.493
France,FRA,2010,0.49
France,FRA,2011,0.506
France,FRA,2012,0.511
France,FRA,2013,0.515
France,FRA,2014,0.43
France,FRA,2015,0.261
France,FRA,2016,0.263
France,FRA,2017,0.344
France,FRA,2018,0.374
France,FRA,2019,0.266
France,FRA,2020,0.269
France,FRA,2021,0.272
France,FRA,2022,0.314
France,FRA,2023,0.173
French Guiana,GUF,1950,1.265
French Guiana,GUF,1951,1.291
French Guiana,GUF,1952,1.291
French Guiana,GUF,1953,1.43
French Guiana,GUF,1954,1.755
French Guiana,GUF,1955,3.892
French Guiana,GUF,1956,3.988
French Guiana,GUF,1957,4.024
French Guiana,GUF,1958,4.039
French Guiana,GUF,1959,4.01
French Guiana,GUF,1960,4.077
French Guiana,GUF,1961,4.059
French Guiana,GUF,1962,4.424
French Guiana,GUF,1963,4.466
French Guiana,GUF,1964,4.58
French Guiana,GUF,1965,4.587
French Guiana,GUF,1966,4.495
French Guiana,GUF,1967,4.028
French Guiana,GUF,1968,2.724
French Guiana,GUF,1969,2.894
French Guiana,GUF,1970,3.03
French Guiana,GUF,1971,3.098
French Guiana,GUF,1972,3.093
French Guiana,GUF,1973,2.967
French Guiana,GUF,1974,3.53
French Guiana,GUF,1975,4.143
French Guiana,GUF,1976,4.02
French Guiana,GUF,1977,3.954
French Guiana,GUF,1978,3.903
French Guiana,GUF,1979,3.876
French Guiana,GUF,1980,3.839
French Guiana,GUF,1981,3.831
French Guiana,GUF,1982,5.561
French Guiana,GUF,1983,5.976
French Guiana,GUF,1984,5.873
French Guiana,GUF,1985,5.754
French Guiana,GUF,1986,5.659
French Guiana,GUF,1987,5.55
French Guiana,GUF,1988,5.466
French Guiana,GUF,1989,5.419
French Guiana,GUF,1990,3.917
French Guiana,GUF,1991,3.572
French Guiana,GUF,1992,3.594
French Guiana,GUF,1993,3.533
French Guiana,GUF,1994,3.463
French Guiana,GUF,1995,3.361
French Guiana,GUF,1996,3.268
French Guiana,GUF,1997,3.173
French Guiana,GUF,1998,3.194
French Guiana,GUF,1999,3.899
French Guiana,GUF,2000,4.839
French Guiana,GUF,2001,4.776
French Guiana,GUF,2002,4.704
French Guiana,GUF,2003,4.568
French Guiana,GUF,2004,4.473
French Guiana,GUF,2005,4.415
French Guiana,GUF,2006,3.846
French Guiana,GUF,2007,3.727
French Guiana,GUF,2008,2.57
French Guiana,GUF,2009,1.476
French Guiana,GUF,2010,1.84
French Guiana,GUF,2011,2.336
French Guiana,GUF,2012,2.812
French Guiana,GUF,2013,3.17
French Guiana,GUF,2014,2.53
French Guiana,GUF,2015,1.89
French Guiana,GUF,2016,1.76
French Guiana,GUF,2017,1.805
French Guiana,GUF,2018,1.655
French Guiana,GUF,2019,1.598
French Guiana,GUF,2020,0.835
French Guiana,GUF,2021,1.879
French Guiana,GUF,2022,1.701
French Guiana,GUF,2023,1.687
French Polynesia,PYF,1950,2.333
French Polynesia,PYF,1951,2.466
French Polynesia,PYF,1952,2.646
French Polynesia,PYF,1953,2.821
French Polynesia,PYF,1954,3.047
French Polynesia,PYF,1955,3.254
French Polynesia,PYF,1956,3.343
French Polynesia,PYF,1957,2.143
French Polynesia,PYF,1958,2.166
French Polynesia,PYF,1959,2.152
French Polynesia,PYF,1960,2.13
French Polynesia,PYF,1961,2.043
French Polynesia,PYF,1962,2.188
French Polynesia,PYF,1963,3.389
French Polynesia,PYF,1964,3.376
French Polynesia,PYF,1965,3.39
French Polynesia,PYF,1966,3.372
French Polynesia,PYF,1967,3.427
French Polynesia,PYF,1968,3.458
French Polynesia,PYF,1969,3.486
French Polynesia,PYF,1970,3.475
French Polynesia,PYF,1971,3.315
French Polynesia,PYF,1972,3.26
French Polynesia,PYF,1973,3.216
French Polynesia,PYF,1974,3.138
French Polynesia,PYF,1975,3.053
French Polynesia,PYF,1976,2.93
French Polynesia,PYF,1977,3.057
French Polynesia,PYF,1978,3.179
French Polynesia,PYF,1979,3.186
French Polynesia,PYF,1980,3.18
French Polynesia,PYF,1981,3.154
French Polynesia,PYF,1982,3.113
French Polynesia,PYF,1983,2.922
French Polynesia,PYF,1984,2.505
French Polynesia,PYF,1985,2.552
French Polynesia,PYF,1986,2.555
French Polynesia,PYF,1987,2.529
French Polynesia,PYF,1988,2.394
French Polynesia,PYF,1989,2.117
French Polynesia,PYF,1990,1.983
French Polynesia,PYF,1991,1.874
French Polynesia,PYF,1992,1.766
French Polynesia,PYF,1993,1.665
French Polynesia,PYF,1994,1.58
French Polynesia,PYF,1995,1.488
French Polynesia,PYF,1996,1.525
French Polynesia,PYF,1997,1.669
French Polynesia,PYF,1998,1.595
French Polynesia,PYF,1999,1.561
French Polynesia,PYF,2000,1.577
French Polynesia,PYF,2001,1.529
French Polynesia,PYF,2002,1.463
French Polynesia,PYF,2003,1.629
French Polynesia,PYF,2004,1.54
French Polynesia,PYF,2005,1.452
French Polynesia,PYF,2006,1.392
French Polynesia,PYF,2007,1.038
French Polynesia,PYF,2008,0.416
French Polynesia,PYF,2009,0.404
French Polynesia,PYF,2010,0.409
French Polynesia,PYF,2011,0.436
French Polynesia,PYF,2012,0.559
French Polynesia,PYF,2013,0.641
French Polynesia,PYF,2014,0.564
French Polynesia,PYF,2015,0.503
French Polynesia,PYF,2016,0.439
French Polynesia,PYF,2017,0.212
French Polynesia,PYF,2018,-0.406
French Polynesia,PYF,2019,-0.154
French Polynesia,PYF,2020,0.279
French Polynesia,PYF,2021,0.138
French Polynesia,PYF,2022,0.28
French Polynesia,PYF,2023,0.247
Gabon,GAB,1950,0.578
Gabon,GAB,1951,0.601
Gabon,GAB,1952,0.636
Gabon,GAB,1953,0.681
Gabon,GAB,1954,0.725
Gabon,GAB,1955,0.781
Gabon,GAB,1956,0.836
Gabon,GAB,1957,0.895
Gabon,GAB,1958,0.97
Gabon,GAB,1959,1.043
Gabon,GAB,1960,1.12
Gabon,GAB,1961,1.189
Gabon,GAB,1962,1.258
Gabon,GAB,1963,1.318
Gabon,GAB,1964,1.375
Gabon,GAB,1965,1.446
Gabon,GAB,1966,1.517
Gabon,GAB,1967,1.577
Gabon,GAB,1968,1.646
Gabon,GAB,1969,2.164
Gabon,GAB,1970,2.101
Gabon,GAB,1971,2.053
Gabon,GAB,1972,2.051
Gabon,GAB,1973,2.103
Gabon,GAB,1974,2.17
Gabon,GAB,1975,2.259
Gabon,GAB,1976,2.347
Gabon,GAB,1977,2.422
Gabon,GAB,1978,2.491
Gabon,GAB,1979,2.543
Gabon,GAB,1980,2.604
Gabon,GAB,1981,2.669
Gabon,GAB,1982,2.698
Gabon,GAB,1983,2.731
Gabon,GAB,1984,2.741
Gabon,GAB,1985,2.756
Gabon,GAB,1986,2.765
Gabon,GAB,1987,2.783
Gabon,GAB,1988,2.781
Gabon,GAB,1989,2.753
Gabon,GAB,1990,2.729
Gabon,GAB,1991,2.703
Gabon,GAB,1992,2.678
Gabon,GAB,1993,2.649
Gabon,GAB,1994,2.593
Gabon,GAB,1995,2.546
Gabon,GAB,1996,2.518
Gabon,GAB,1997,2.526
Gabon,GAB,1998,2.538
Gabon,GAB,1999,2.559
Gabon,GAB,2000,2.611
Gabon,GAB,2001,2.652
Gabon,GAB,2002,2.703
Gabon,GAB,2003,2.754
Gabon,GAB,2004,2.845
Gabon,GAB,2005,2.961
Gabon,GAB,2006,3.074
Gabon,GAB,2007,3.177
Gabon,GAB,2008,3.263
Gabon,GAB,2009,3.39
Gabon,GAB,2010,3.507
Gabon,GAB,2011,3.586
Gabon,GAB,2012,3.569
Gabon,GAB,2013,3.472
Gabon,GAB,2014,3.248
Gabon,GAB,2015,2.985
Gabon,GAB,2016,2.748
Gabon,GAB,2017,2.572
Gabon,GAB,2018,2.503
Gabon,GAB,2019,2.444
Gabon,GAB,2020,2.336
Gabon,GAB,2021,2.277
Gabon,GAB,2022,2.219
Gabon,GAB,2023,2.179
Gambia,GMB,1950,2.454
Gambia,GMB,1951,2.539
Gambia,GMB,1952,2.575
Gambia,GMB,1953,2.596
Gambia,GMB,1954,2.605
Gambia,GMB,1955,2.609
Gambia,GMB,1956,2.62
Gambia,GMB,1957,2.626
Gambia,GMB,1958,2.652
Gambia,GMB,1959,2.667
Gambia,GMB,1960,2.687
Gambia,GMB,1961,2.701
Gambia,GMB,1962,2.718
Gambia,GMB,1963,2.726
Gambia,GMB,1964,2.726
Gambia,GMB,1965,2.728
Gambia,GMB,1966,2.709
Gambia,GMB,1967,2.793
Gambia,GMB,1968,2.809
Gambia,GMB,1969,2.833
Gambia,GMB,1970,2.842
Gambia,GMB,1971,2.905
Gambia,GMB,1972,2.934
Gambia,GMB,1973,2.963
Gambia,GMB,1974,2.926
Gambia,GMB,1975,3.005
Gambia,GMB,1976,3.11
Gambia,GMB,1977,3.213
Gambia,GMB,1978,3.286
Gambia,GMB,1979,3.398
Gambia,GMB,1980,3.478
Gambia,GMB,1981,3.463
Gambia,GMB,1982,3.612
Gambia,GMB,1983,3.762
Gambia,GMB,1984,3.916
Gambia,GMB,1985,3.978
Gambia,GMB,1986,4.042
Gambia,GMB,1987,4.083
Gambia,GMB,1988,4.137
Gambia,GMB,1989,4.18
Gambia,GMB,1990,4.211
Gambia,GMB,1991,4.193
Gambia,GMB,1992,3.94
Gambia,GMB,1993,3.403
Gambia,GMB,1994,3.039
Gambia,GMB,1995,2.918
Gambia,GMB,1996,2.867
Gambia,GMB,1997,2.812
Gambia,GMB,1998,2.8
Gambia,GMB,1999,2.757
Gambia,GMB,2000,2.72
Gambia,GMB,2001,2.694
Gambia,GMB,2002,2.675
Gambia,GMB,2003,2.711
Gambia,GMB,2004,2.754
Gambia,GMB,2005,2.808
Gambia,GMB,2006,2.896
Gambia,GMB,2007,2.907
Gambia,GMB,2008,2.906
Gambia,GMB,2009,2.902
Gambia,GMB,2010,2.912
Gambia,GMB,2011,2.934
Gambia,GMB,2012,2.957
Gambia,GMB,2013,2.901
Gambia,GMB,2014,2.79
Gambia,GMB,2015,2.68
Gambia,GMB,2016,2.578
Gambia,GMB,2017,2.476
Gambia,GMB,2018,2.372
Gambia,GMB,2019,2.341
Gambia,GMB,2020,2.396
Gambia,GMB,2021,2.341
Gambia,GMB,2022,2.3
Gambia,GMB,2023,2.303
Georgia,GEO,1950,1.22
Georgia,GEO,1951,1.268
Georgia,GEO,1952,1.288
Georgia,GEO,1953,1.326
Georgia,GEO,1954,1.339
Georgia,GEO,1955,1.428
Georgia,GEO,1956,1.525
Georgia,GEO,1957,1.614
Georgia,GEO,1958,1.689
Georgia,GEO,1959,1.759
Georgia,GEO,1960,1.829
Georgia,GEO,1961,1.848
Georgia,GEO,1962,1.832
Georgia,GEO,1963,1.801
Georgia,GEO,1964,1.696
Georgia,GEO,1965,1.537
Georgia,GEO,1966,1.761
Georgia,GEO,1967,1.758
Georgia,GEO,1968,1.73
Georgia,GEO,1969,1.649
Georgia,GEO,1970,0.913
Georgia,GEO,1971,0.709
Georgia,GEO,1972,0.696
Georgia,GEO,1973,0.683
Georgia,GEO,1974,0.682
Georgia,GEO,1975,0.719
Georgia,GEO,1976,0.742
Georgia,GEO,1977,0.753
Georgia,GEO,1978,0.755
Georgia,GEO,1979,0.689
Georgia,GEO,1980,0.744
Georgia,GEO,1981,0.779
Georgia,GEO,1982,0.807
Georgia,GEO,1983,0.852
Georgia,GEO,1984,0.808
Georgia,GEO,1985,0.785
Georgia,GEO,1986,0.78
Georgia,GEO,1987,0.76
Georgia,GEO,1988,0.672
Georgia,GEO,1989,-0.694
Georgia,GEO,1990,-1.163
Georgia,GEO,1991,-1.4
Georgia,GEO,1992,-1.8
Georgia,GEO,1993,-2.617
Georgia,GEO,1994,-2.567
Georgia,GEO,1995,-2.264
Georgia,GEO,1996,-2.377
Georgia,GEO,1997,-2.565
Georgia,GEO,1998,-2.565
Georgia,GEO,1999,-2.791
Georgia,GEO,2000,-3.006
Georgia,GEO,2001,-2.55
Georgia,GEO,2002,-1.362
Georgia,GEO,2003,-0.698
Georgia,GEO,2004,-0.747
Georgia,GEO,2005,-0.734
Georgia,GEO,2006,-0.738
Georgia,GEO,2007,-0.718
Georgia,GEO,2008,-0.616
Georgia,GEO,2009,-0.516
Georgia,GEO,2010,-0.663
Georgia,GEO,2011,-0.739
Georgia,GEO,2012,-0.793
Georgia,GEO,2013,-0.78
Georgia,GEO,2014,-0.071
Georgia,GEO,2015,0
Georgia,GEO,2016,0.025
Georgia,GEO,2017,0.017
Georgia,GEO,2018,0.089
Georgia,GEO,2019,0.008
Georgia,GEO,2020,-0.063
Georgia,GEO,2021,-0.318
Georgia,GEO,2022,0.652
Georgia,GEO,2023,0.018
Germany,DEU,1950,-0.2
Germany,DEU,1951,0.012
Germany,DEU,1952,0.117
Germany,DEU,1953,0.192
Germany,DEU,1954,0.292
Germany,DEU,1955,0.362
Germany,DEU,1956,0.432
Germany,DEU,1957,0.905
Germany,DEU,1958,0.794
Germany,DEU,1959,0.726
Germany,DEU,1960,0.845
Germany,DEU,1961,0.7
Germany,DEU,1962,0.984
Germany,DEU,1963,0.902
Germany,DEU,1964,0.74
Germany,DEU,1965,0.987
Germany,DEU,1966,0.702
Germany,DEU,1967,0.236
Germany,DEU,1968,0.672
Germany,DEU,1969,0.931
Germany,DEU,1970,-0.26
Germany,DEU,1971,0.619
Germany,DEU,1972,0.334
Germany,DEU,1973,0.293
Germany,DEU,1974,-0.218
Germany,DEU,1975,-0.531
Germany,DEU,1976,-0.328
Germany,DEU,1977,-0.129
Germany,DEU,1978,-0.05
Germany,DEU,1979,0.134
Germany,DEU,1980,0.294
Germany,DEU,1981,0.044
Germany,DEU,1982,-0.183
Germany,DEU,1983,-0.25
Germany,DEU,1984,-0.329
Germany,DEU,1985,-0.017
Germany,DEU,1986,0.172
Germany,DEU,1987,0.183
Germany,DEU,1988,0.643
Germany,DEU,1989,0.934
Germany,DEU,1990,0.833
Germany,DEU,1991,0.656
Germany,DEU,1992,0.91
Germany,DEU,1993,0.45
Germany,DEU,1994,0.253
Germany,DEU,1995,0.348
Germany,DEU,1996,0.244
Germany,DEU,1997,0.063
Germany,DEU,1998,-0.985
Germany,DEU,1999,0.172
Germany,DEU,2000,0.12
Germany,DEU,2001,0.214
Germany,DEU,2002,0.114
Germany,DEU,2003,-0.008
Germany,DEU,2004,-0.038
Germany,DEU,2005,-0.074
Germany,DEU,2006,-0.769
Germany,DEU,2007,-0.219
Germany,DEU,2008,-0.243
Germany,DEU,2009,-0.19
Germany,DEU,2010,-0.068
Germany,DEU,2011,0.135
Germany,DEU,2012,0.01
Germany,DEU,2013,0.299
Germany,DEU,2014,0.524
Germany,DEU,2015,1.189
Germany,DEU,2016,0.47
Germany,DEU,2017,0.36
Germany,DEU,2018,0.276
Germany,DEU,2019,0.181
Germany,DEU,2020,-0.015
Germany,DEU,2021,0.178
Germany,DEU,2022,0.748
Germany,DEU,2023,0.349
Ghana,GHA,1950,2.815
Ghana,GHA,1951,2.943
Ghana,GHA,1952,3.023
Ghana,GHA,1953,3.063
Ghana,GHA,1954,3.156
Ghana,GHA,1955,3.215
Ghana,GHA,1956,3.261
Ghana,GHA,1957,3.273
Ghana,GHA,1958,3.202
Ghana,GHA,1959,3.297
Ghana,GHA,1960,3.294
Ghana,GHA,1961,2.424
Ghana,GHA,1962,2.396
Ghana,GHA,1963,2.38
Ghana,GHA,1964,2.381
Ghana,GHA,1965,2.417
Ghana,GHA,1966,2.394
Ghana,GHA,1967,2.436
Ghana,GHA,1968,2.432
Ghana,GHA,1969,2.568
Ghana,GHA,1970,2.775
Ghana,GHA,1971,2.76
Ghana,GHA,1972,2.868
Ghana,GHA,1973,2.905
Ghana,GHA,1974,2.896
Ghana,GHA,1975,2.895
Ghana,GHA,1976,2.862
Ghana,GHA,1977,3.031
Ghana,GHA,1978,3.045
Ghana,GHA,1979,3.062
Ghana,GHA,1980,2.791
Ghana,GHA,1981,2.828
Ghana,GHA,1982,2.981
Ghana,GHA,1983,3.033
Ghana,GHA,1984,2.142
Ghana,GHA,1985,2.159
Ghana,GHA,1986,2.242
Ghana,GHA,1987,2.342
Ghana,GHA,1988,2.461
Ghana,GHA,1989,2.534
Ghana,GHA,1990,2.569
Ghana,GHA,1991,2.472
Ghana,GHA,1992,2.499
Ghana,GHA,1993,2.441
Ghana,GHA,1994,2.368
Ghana,GHA,1995,2.352
Ghana,GHA,1996,2.32
Ghana,GHA,1997,2.437
Ghana,GHA,1998,2.428
Ghana,GHA,1999,2.454
Ghana,GHA,2000,2.569
Ghana,GHA,2001,2.754
Ghana,GHA,2002,2.746
Ghana,GHA,2003,2.655
Ghana,GHA,2004,2.642
Ghana,GHA,2005,2.604
Ghana,GHA,2006,2.596
Ghana,GHA,2007,2.56
Ghana,GHA,2008,2.516
Ghana,GHA,2009,2.475
Ghana,GHA,2010,2.392
Ghana,GHA,2011,2.417
Ghana,GHA,2012,2.422
Ghana,GHA,2013,2.396
Ghana,GHA,2014,2.334
Ghana,GHA,2015,2.281
Ghana,GHA,2016,2.272
Ghana,GHA,2017,2.12
Ghana,GHA,2018,2.031
Ghana,GHA,2019,1.985
Ghana,GHA,2020,1.998
Ghana,GHA,2021,1.921
Ghana,GHA,2022,1.92
Ghana,GHA,2023,1.897
Gibraltar,GIB,1950,-1.201
Gibraltar,GIB,1951,-0.596
Gibraltar,GIB,1952,0.671
Gibraltar,GIB,1953,0.477
Gibraltar,GIB,1954,0.502
Gibraltar,GIB,1955,0.285
Gibraltar,GIB,1956,0.275
Gibraltar,GIB,1957,0.055
Gibraltar,GIB,1958,-0.023
Gibraltar,GIB,1959,-0.133
Gibraltar,GIB,1960,-0.137
Gibraltar,GIB,1961,0.434
Gibraltar,GIB,1962,2.505
Gibraltar,GIB,1963,2.448
Gibraltar,GIB,1964,2.428
Gibraltar,GIB,1965,2.345
Gibraltar,GIB,1966,2.336
Gibraltar,GIB,1967,2.283
Gibraltar,GIB,1968,2.17
Gibraltar,GIB,1969,2.033
Gibraltar,GIB,1970,1.862
Gibraltar,GIB,1971,1.025
Gibraltar,GIB,1972,0.956
Gibraltar,GIB,1973,0.846
Gibraltar,GIB,1974,0.731
Gibraltar,GIB,1975,0.68
Gibraltar,GIB,1976,0.629
Gibraltar,GIB,1977,0.544
Gibraltar,GIB,1978,0.485
Gibraltar,GIB,1979,0.416
Gibraltar,GIB,1980,0.289
Gibraltar,GIB,1981,0.16
Gibraltar,GIB,1982,0.014
Gibraltar,GIB,1983,-0.237
Gibraltar,GIB,1984,-0.391
Gibraltar,GIB,1985,-0.526
Gibraltar,GIB,1986,-0.766
Gibraltar,GIB,1987,-0.883
Gibraltar,GIB,1988,-0.956
Gibraltar,GIB,1989,-1.18
Gibraltar,GIB,1990,-1.331
Gibraltar,GIB,1991,-0.9
Gibraltar,GIB,1992,0.755
Gibraltar,GIB,1993,0.661
Gibraltar,GIB,1994,0.587
Gibraltar,GIB,1995,0.424
Gibraltar,GIB,1996,0.378
Gibraltar,GIB,1997,0.312
Gibraltar,GIB,1998,0.181
Gibraltar,GIB,1999,0.123
Gibraltar,GIB,2000,0
Gibraltar,GIB,2001,-0.376
Gibraltar,GIB,2002,1.624
Gibraltar,GIB,2003,1.535
Gibraltar,GIB,2004,1.56
Gibraltar,GIB,2005,1.54
Gibraltar,GIB,2006,1.392
Gibraltar,GIB,2007,1.376
Gibraltar,GIB,2008,1.312
Gibraltar,GIB,2009,1.369
Gibraltar,GIB,2010,1.37
Gibraltar,GIB,2011,1.251
Gibraltar,GIB,2012,1.068
Gibraltar,GIB,2013,1.281
Gibraltar,GIB,2014,1.207
Gibraltar,GIB,2015,1.094
Gibraltar,GIB,2016,1.691
Gibraltar,GIB,2017,1.761
Gibraltar,GIB,2018,1.767
Gibraltar,GIB,2019,1.871
Gibraltar,GIB,2020,1.919
Gibraltar,GIB,2021,1.837
Gibraltar,GIB,2022,2.194
Gibraltar,GIB,2023,2.332
Greece,GRC,1950,0.806
Greece,GRC,1951,0.803
Greece,GRC,1952,0.815
Greece,GRC,1953,0.868
Greece,GRC,1954,0.899
Greece,GRC,1955,0.959
Greece,GRC,1956,0.943
Greece,GRC,1957,0.934
Greece,GRC,1958,0.975
Greece,GRC,1959,1.029
Greece,GRC,1960,1.052
Greece,GRC,1961,0.436
Greece,GRC,1962,0.188
Greece,GRC,1963,0.166
Greece,GRC,1964,0.202
Greece,GRC,1965,0.206
Greece,GRC,1966,1.162
Greece,GRC,1967,0.585
Greece,GRC,1968,0.859
Greece,GRC,1969,-0.19
Greece,GRC,1970,0.206
Greece,GRC,1971,0.689
Greece,GRC,1972,0.725
Greece,GRC,1973,0.268
Greece,GRC,1974,0.533
Greece,GRC,1975,1.421
Greece,GRC,1976,1.729
Greece,GRC,1977,0.919
Greece,GRC,1978,1.391
Greece,GRC,1979,1.485
Greece,GRC,1980,1.174
Greece,GRC,1981,0.909
Greece,GRC,1982,0.788
Greece,GRC,1983,0.712
Greece,GRC,1984,0.642
Greece,GRC,1985,0.523
Greece,GRC,1986,0.505
Greece,GRC,1987,0.4
Greece,GRC,1988,0.436
Greece,GRC,1989,0.369
Greece,GRC,1990,0.421
Greece,GRC,1991,0.515
Greece,GRC,1992,0.515
Greece,GRC,1993,0.502
Greece,GRC,1994,0.523
Greece,GRC,1995,0.487
Greece,GRC,1996,0.477
Greece,GRC,1997,0.509
Greece,GRC,1998,0.488
Greece,GRC,1999,0.494
Greece,GRC,2000,0.523
Greece,GRC,2001,0.596
Greece,GRC,2002,0.272
Greece,GRC,2003,0.245
Greece,GRC,2004,0.283
Greece,GRC,2005,0.336
Greece,GRC,2006,0.296
Greece,GRC,2007,0.241
Greece,GRC,2008,0.322
Greece,GRC,2009,0.241
Greece,GRC,2010,0.058
Greece,GRC,2011,-0.343
Greece,GRC,2012,-0.751
Greece,GRC,2013,-0.716
Greece,GRC,2014,-0.645
Greece,GRC,2015,-0.687
Greece,GRC,2016,-0.153
Greece,GRC,2017,-0.255
Greece,GRC,2018,-0.167
Greece,GRC,2019,-0.061
Greece,GRC,2020,-0.297
Greece,GRC,2021,-1.964
Greece,GRC,2022,-1.214
Greece,GRC,2023,-2.077
Greenland,GRL,1950,2.159
Greenland,GRL,1951,1.737
Greenland,GRL,1952,2.515
Greenland,GRL,1953,2.661
Greenland,GRL,1954,2.82
Greenland,GRL,1955,3.073
Greenland,GRL,1956,3.805
Greenland,GRL,1957,3.992
Greenland,GRL,1958,4.175
Greenland,GRL,1959,4.378
Greenland,GRL,1960,4.389
Greenland,GRL,1961,3.639
Greenland,GRL,1962,3.58
Greenland,GRL,1963,3.56
Greenland,GRL,1964,3.583
Greenland,GRL,1965,3.53
Greenland,GRL,1966,3.653
Greenland,GRL,1967,3.385
Greenland,GRL,1968,3.191
Greenland,GRL,1969,3.054
Greenland,GRL,1970,2.877
Greenland,GRL,1971,1.639
Greenland,GRL,1972,1.596
Greenland,GRL,1973,1.426
Greenland,GRL,1974,1.246
Greenland,GRL,1975,1.003
Greenland,GRL,1976,0.698
Greenland,GRL,1977,-0.036
Greenland,GRL,1978,0.018
Greenland,GRL,1979,0.106
Greenland,GRL,1980,1.207
Greenland,GRL,1981,1.205
Greenland,GRL,1982,1.227
Greenland,GRL,1983,1.205
Greenland,GRL,1984,1.26
Greenland,GRL,1985,1.007
Greenland,GRL,1986,0.969
Greenland,GRL,1987,0.979
Greenland,GRL,1988,0.98
Greenland,GRL,1989,0.902
Greenland,GRL,1990,0.228
Greenland,GRL,1991,0.095
Greenland,GRL,1992,0.022
Greenland,GRL,1993,-0.002
Greenland,GRL,1994,-0.029
Greenland,GRL,1995,0.349
Greenland,GRL,1996,0.221
Greenland,GRL,1997,0.137
Greenland,GRL,1998,0.041
Greenland,GRL,1999,-0.112
Greenland,GRL,2000,0.393
Greenland,GRL,2001,0.326
Greenland,GRL,2002,0.315
Greenland,GRL,2003,0.284
Greenland,GRL,2004,0.227
Greenland,GRL,2005,-0.076
Greenland,GRL,2006,-0.16
Greenland,GRL,2007,-0.194
Greenland,GRL,2008,-0.233
Greenland,GRL,2009,-0.26
Greenland,GRL,2010,0.588
Greenland,GRL,2011,0.188
Greenland,GRL,2012,-0.387
Greenland,GRL,2013,-0.549
Greenland,GRL,2014,-0.659
Greenland,GRL,2015,0.118
Greenland,GRL,2016,0.025
Greenland,GRL,2017,0.011
Greenland,GRL,2018,-0.002
Greenland,GRL,2019,0.039
Greenland,GRL,2020,-0.055
Greenland,GRL,2021,-0.08
Greenland,GRL,2022,-0.102
Greenland,GRL,2023,-0.141
Grenada,GRD,1950,0.629
Grenada,GRD,1951,1.102
Grenada,GRD,1952,1.447
Grenada,GRD,1953,1.774
Grenada,GRD,1954,2.074
Grenada,GRD,1955,2.418
Grenada,GRD,1956,2.699
Grenada,GRD,1957,2.689
Grenada,GRD,1958,2.396
Grenada,GRD,1959,2.002
Grenada,GRD,1960,1.509
Grenada,GRD,1961,1.193
Grenada,GRD,1962,0.977
Grenada,GRD,1963,0.718
Grenada,GRD,1964,0.442
Grenada,GRD,1965,0.185
Grenada,GRD,1966,-0.072
Grenada,GRD,1967,-0.041
Grenada,GRD,1968,0.064
Grenada,GRD,1969,0.194
Grenada,GRD,1970,0.232
Grenada,GRD,1971,0.243
Grenada,GRD,1972,0.018
Grenada,GRD,1973,-0.157
Grenada,GRD,1974,-0.295
Grenada,GRD,1975,-0.436
Grenada,GRD,1976,-0.575
Grenada,GRD,1977,-0.688
Grenada,GRD,1978,-0.788
Grenada,GRD,1979,-0.911
Grenada,GRD,1980,-1.094
Grenada,GRD,1981,0.066
Grenada,GRD,1982,0.637
Grenada,GRD,1983,0.556
Grenada,GRD,1984,0.599
Grenada,GRD,1985,0.68
Grenada,GRD,1986,0.728
Grenada,GRD,1987,0.785
Grenada,GRD,1988,0.813
Grenada,GRD,1989,0.832
Grenada,GRD,1990,0.848
Grenada,GRD,1991,0.818
Grenada,GRD,1992,0.781
Grenada,GRD,1993,0.75
Grenada,GRD,1994,0.72
Grenada,GRD,1995,0.693
Grenada,GRD,1996,0.679
Grenada,GRD,1997,0.673
Grenada,GRD,1998,0.681
Grenada,GRD,1999,0.669
Grenada,GRD,2000,0.683
Grenada,GRD,2001,0.313
Grenada,GRD,2002,0.458
Grenada,GRD,2003,0.424
Grenada,GRD,2004,0.38
Grenada,GRD,2005,0.373
Grenada,GRD,2006,0.355
Grenada,GRD,2007,0.347
Grenada,GRD,2008,0.33
Grenada,GRD,2009,0.315
Grenada,GRD,2010,0.281
Grenada,GRD,2011,0.6
Grenada,GRD,2012,0.638
Grenada,GRD,2013,0.622
Grenada,GRD,2014,0.511
Grenada,GRD,2015,0.441
Grenada,GRD,2016,0.349
Grenada,GRD,2017,0.185
Grenada,GRD,2018,0.252
Grenada,GRD,2019,0.249
Grenada,GRD,2020,0.37
Grenada,GRD,2021,0.225
Grenada,GRD,2022,0.161
Grenada,GRD,2023,0.126
Guadeloupe,GLP,1950,1.016
Guadeloupe,GLP,1951,2.689
Guadeloupe,GLP,1952,2.764
Guadeloupe,GLP,1953,2.776
Guadeloupe,GLP,1954,2.682
Guadeloupe,GLP,1955,2.614
Guadeloupe,GLP,1956,2.623
Guadeloupe,GLP,1957,2.63
Guadeloupe,GLP,1958,2.655
Guadeloupe,GLP,1959,2.679
Guadeloupe,GLP,1960,2.686
Guadeloupe,GLP,1961,2.239
Guadeloupe,GLP,1962,1.652
Guadeloupe,GLP,1963,1.429
Guadeloupe,GLP,1964,1.306
Guadeloupe,GLP,1965,1.302
Guadeloupe,GLP,1966,1.266
Guadeloupe,GLP,1967,1.086
Guadeloupe,GLP,1968,0.67
Guadeloupe,GLP,1969,0.5
Guadeloupe,GLP,1970,0.363
Guadeloupe,GLP,1971,0.243
Guadeloupe,GLP,1972,0.13
Guadeloupe,GLP,1973,0.073
Guadeloupe,GLP,1974,0.285
Guadeloupe,GLP,1975,0.885
Guadeloupe,GLP,1976,0.871
Guadeloupe,GLP,1977,0.604
Guadeloupe,GLP,1978,0.37
Guadeloupe,GLP,1979,0.287
Guadeloupe,GLP,1980,0.21
Guadeloupe,GLP,1981,0.57
Guadeloupe,GLP,1982,1.408
Guadeloupe,GLP,1983,1.876
Guadeloupe,GLP,1984,1.957
Guadeloupe,GLP,1985,1.972
Guadeloupe,GLP,1986,1.947
Guadeloupe,GLP,1987,1.906
Guadeloupe,GLP,1988,1.873
Guadeloupe,GLP,1989,1.72
Guadeloupe,GLP,1990,1.397
Guadeloupe,GLP,1991,1.144
Guadeloupe,GLP,1992,1.067
Guadeloupe,GLP,1993,1.013
Guadeloupe,GLP,1994,0.968
Guadeloupe,GLP,1995,0.923
Guadeloupe,GLP,1996,0.892
Guadeloupe,GLP,1997,0.869
Guadeloupe,GLP,1998,0.507
Guadeloupe,GLP,1999,-0.285
Guadeloupe,GLP,2000,-0.365
Guadeloupe,GLP,2001,-0.464
Guadeloupe,GLP,2002,-0.533
Guadeloupe,GLP,2003,-0.596
Guadeloupe,GLP,2004,-0.649
Guadeloupe,GLP,2005,-0.708
Guadeloupe,GLP,2006,0.288
Guadeloupe,GLP,2007,0.24
Guadeloupe,GLP,2008,0.094
Guadeloupe,GLP,2009,-0.088
Guadeloupe,GLP,2010,0
Guadeloupe,GLP,2011,0.118
Guadeloupe,GLP,2012,-0.07
Guadeloupe,GLP,2013,-0.318
Guadeloupe,GLP,2014,-0.527
Guadeloupe,GLP,2015,-0.801
Guadeloupe,GLP,2016,1.137
Guadeloupe,GLP,2017,2.791
Guadeloupe,GLP,2018,-1.576
Guadeloupe,GLP,2019,-0.806
Guadeloupe,GLP,2020,-0.594
Guadeloupe,GLP,2021,-3.524
Guadeloupe,GLP,2022,-3.858
Guadeloupe,GLP,2023,-0.404
Guam,GUM,1950,0.808
Guam,GUM,1951,0.904
Guam,GUM,1952,0.989
Guam,GUM,1953,1.124
Guam,GUM,1954,1.203
Guam,GUM,1955,1.33
Guam,GUM,1956,1.435
Guam,GUM,1957,1.538
Guam,GUM,1958,1.611
Guam,GUM,1959,1.681
Guam,GUM,1960,2.45
Guam,GUM,1961,2.618
Guam,GUM,1962,2.592
Guam,GUM,1963,2.541
Guam,GUM,1964,2.492
Guam,GUM,1965,2.443
Guam,GUM,1966,2.344
Guam,GUM,1967,2.245
Guam,GUM,1968,2.164
Guam,GUM,1969,2.145
Guam,GUM,1970,2.34
Guam,GUM,1971,2.36
Guam,GUM,1972,2.343
Guam,GUM,1973,2.274
Guam,GUM,1974,2.229
Guam,GUM,1975,2.094
Guam,GUM,1976,2.119
Guam,GUM,1977,2.052
Guam,GUM,1978,2.021
Guam,GUM,1979,2.132
Guam,GUM,1980,2.463
Guam,GUM,1981,2.489
Guam,GUM,1982,2.427
Guam,GUM,1983,2.352
Guam,GUM,1984,2.309
Guam,GUM,1985,2.278
Guam,GUM,1986,2.26
Guam,GUM,1987,2.248
Guam,GUM,1988,2.231
Guam,GUM,1989,2.236
Guam,GUM,1990,1.864
Guam,GUM,1991,1.661
Guam,GUM,1992,1.601
Guam,GUM,1993,1.529
Guam,GUM,1994,1.489
Guam,GUM,1995,1.448
Guam,GUM,1996,1.352
Guam,GUM,1997,1.319
Guam,GUM,1998,1.287
Guam,GUM,1999,1.323
Guam,GUM,2000,0.911
Guam,GUM,2001,0.664
Guam,GUM,2002,0.554
Guam,GUM,2003,0.455
Guam,GUM,2004,0.368
Guam,GUM,2005,0.31
Guam,GUM,2006,0.266
Guam,GUM,2007,0.253
Guam,GUM,2008,0.262
Guam,GUM,2009,0.317
Guam,GUM,2010,0.103
Guam,GUM,2011,-0.077
Guam,GUM,2012,-0.179
Guam,GUM,2013,-0.26
Guam,GUM,2014,-0.32
Guam,GUM,2015,-0.384
Guam,GUM,2016,-0.432
Guam,GUM,2017,-0.476
Guam,GUM,2018,-0.518
Guam,GUM,2019,-0.556
Guam,GUM,2020,0.987
Guam,GUM,2021,0.943
Guam,GUM,2022,0.821
Guam,GUM,2023,0.779
Guatemala,GTM,1950,2.514
Guatemala,GTM,1951,2.596
Guatemala,GTM,1952,2.64
Guatemala,GTM,1953,2.634
Guatemala,GTM,1954,2.686
Guatemala,GTM,1955,2.718
Guatemala,GTM,1956,2.746
Guatemala,GTM,1957,2.77
Guatemala,GTM,1958,2.741
Guatemala,GTM,1959,2.883
Guatemala,GTM,1960,2.967
Guatemala,GTM,1961,2.975
Guatemala,GTM,1962,2.949
Guatemala,GTM,1963,2.912
Guatemala,GTM,1964,2.896
Guatemala,GTM,1965,2.876
Guatemala,GTM,1966,2.823
Guatemala,GTM,1967,2.795
Guatemala,GTM,1968,2.723
Guatemala,GTM,1969,2.636
Guatemala,GTM,1970,2.616
Guatemala,GTM,1971,2.557
Guatemala,GTM,1972,2.593
Guatemala,GTM,1973,2.576
Guatemala,GTM,1974,2.49
Guatemala,GTM,1975,2.385
Guatemala,GTM,1976,1.935
Guatemala,GTM,1977,2.453
Guatemala,GTM,1978,2.484
Guatemala,GTM,1979,2.52
Guatemala,GTM,1980,2.541
Guatemala,GTM,1981,2.481
Guatemala,GTM,1982,2.122
Guatemala,GTM,1983,2.766
Guatemala,GTM,1984,2.843
Guatemala,GTM,1985,2.817
Guatemala,GTM,1986,2.74
Guatemala,GTM,1987,2.775
Guatemala,GTM,1988,2.825
Guatemala,GTM,1989,2.802
Guatemala,GTM,1990,2.799
Guatemala,GTM,1991,2.621
Guatemala,GTM,1992,2.692
Guatemala,GTM,1993,2.645
Guatemala,GTM,1994,2.681
Guatemala,GTM,1995,2.611
Guatemala,GTM,1996,2.568
Guatemala,GTM,1997,2.549
Guatemala,GTM,1998,2.568
Guatemala,GTM,1999,2.465
Guatemala,GTM,2000,2.289
Guatemala,GTM,2001,2.306
Guatemala,GTM,2002,2.278
Guatemala,GTM,2003,2.226
Guatemala,GTM,2004,2.22
Guatemala,GTM,2005,2.11
Guatemala,GTM,2006,2.121
Guatemala,GTM,2007,2.093
Guatemala,GTM,2008,2.014
Guatemala,GTM,2009,1.972
Guatemala,GTM,2010,1.991
Guatemala,GTM,2011,1.996
Guatemala,GTM,2012,1.986
Guatemala,GTM,2013,1.921
Guatemala,GTM,2014,1.869
Guatemala,GTM,2015,1.796
Guatemala,GTM,2016,1.888
Guatemala,GTM,2017,1.751
Guatemala,GTM,2018,1.583
Guatemala,GTM,2019,1.46
Guatemala,GTM,2020,1.483
Guatemala,GTM,2021,1.28
Guatemala,GTM,2022,1.531
Guatemala,GTM,2023,1.549
Guernsey,GGY,1950,2.921
Guernsey,GGY,1951,0.96
Guernsey,GGY,1952,0.241
Guernsey,GGY,1953,0.232
Guernsey,GGY,1954,0.212
Guernsey,GGY,1955,0.155
Guernsey,GGY,1956,0.288
Guernsey,GGY,1957,0.399
Guernsey,GGY,1958,0.308
Guernsey,GGY,1959,0.358
Guernsey,GGY,1960,0.43
Guernsey,GGY,1961,0.92
Guernsey,GGY,1962,1.209
Guernsey,GGY,1963,1.368
Guernsey,GGY,1964,1.386
Guernsey,GGY,1965,1.357
Guernsey,GGY,1966,1.352
Guernsey,GGY,1967,1.443
Guernsey,GGY,1968,1.428
Guernsey,GGY,1969,1.442
Guernsey,GGY,1970,1.466
Guernsey,GGY,1971,0.469
Guernsey,GGY,1972,0.011
Guernsey,GGY,1973,0.074
Guernsey,GGY,1974,-0.015
Guernsey,GGY,1975,-0.164
Guernsey,GGY,1976,-0.124
Guernsey,GGY,1977,-0.085
Guernsey,GGY,1978,-0.107
Guernsey,GGY,1979,-0.17
Guernsey,GGY,1980,-0.141
Guernsey,GGY,1981,0.511
Guernsey,GGY,1982,0.681
Guernsey,GGY,1983,0.78
Guernsey,GGY,1984,0.898
Guernsey,GGY,1985,0.876
Guernsey,GGY,1986,1.035
Guernsey,GGY,1987,1.121
Guernsey,GGY,1988,1.151
Guernsey,GGY,1989,1.229
Guernsey,GGY,1990,1.212
Guernsey,GGY,1991,0.413
Guernsey,GGY,1992,0.027
Guernsey,GGY,1993,-0.044
Guernsey,GGY,1994,-0.109
Guernsey,GGY,1995,-0.172
Guernsey,GGY,1996,0.207
Guernsey,GGY,1997,0.354
Guernsey,GGY,1998,0.393
Guernsey,GGY,1999,0.425
Guernsey,GGY,2000,0.393
Guernsey,GGY,2001,0.246
Guernsey,GGY,2002,0.16
Guernsey,GGY,2003,0.16
Guernsey,GGY,2004,0.153
Guernsey,GGY,2005,0.179
Guernsey,GGY,2006,0.179
Guernsey,GGY,2007,0.198
Guernsey,GGY,2008,0.216
Guernsey,GGY,2009,0.235
Guernsey,GGY,2010,0.242
Guernsey,GGY,2011,0.292
Guernsey,GGY,2012,0.289
Guernsey,GGY,2013,0.248
Guernsey,GGY,2014,0.188
Guernsey,GGY,2015,0.066
Guernsey,GGY,2016,-0.217
Guernsey,GGY,2017,0.23
Guernsey,GGY,2018,0.53
Guernsey,GGY,2019,0.594
Guernsey,GGY,2020,0.429
Guernsey,GGY,2021,0.544
Guernsey,GGY,2022,0.438
Guernsey,GGY,2023,0.475
Guinea,GIN,1950,1.607
Guinea,GIN,1951,1.606
Guinea,GIN,1952,1.615
Guinea,GIN,1953,1.626
Guinea,GIN,1954,1.638
Guinea,GIN,1955,1.651
Guinea,GIN,1956,1.665
Guinea,GIN,1957,1.687
Guinea,GIN,1958,1.704
Guinea,GIN,1959,1.72
Guinea,GIN,1960,1.739
Guinea,GIN,1961,1.762
Guinea,GIN,1962,1.783
Guinea,GIN,1963,1.804
Guinea,GIN,1964,1.829
Guinea,GIN,1965,1.854
Guinea,GIN,1966,1.886
Guinea,GIN,1967,1.912
Guinea,GIN,1968,1.931
Guinea,GIN,1969,1.905
Guinea,GIN,1970,1.835
Guinea,GIN,1971,1.764
Guinea,GIN,1972,1.701
Guinea,GIN,1973,1.658
Guinea,GIN,1974,1.608
Guinea,GIN,1975,1.57
Guinea,GIN,1976,1.549
Guinea,GIN,1977,1.562
Guinea,GIN,1978,1.609
Guinea,GIN,1979,1.702
Guinea,GIN,1980,1.821
Guinea,GIN,1981,1.941
Guinea,GIN,1982,2.076
Guinea,GIN,1983,2.153
Guinea,GIN,1984,2.285
Guinea,GIN,1985,2.413
Guinea,GIN,1986,2.526
Guinea,GIN,1987,2.607
Guinea,GIN,1988,2.624
Guinea,GIN,1989,2.567
Guinea,GIN,1990,4.315
Guinea,GIN,1991,3.704
Guinea,GIN,1992,2.696
Guinea,GIN,1993,3.385
Guinea,GIN,1994,2.623
Guinea,GIN,1995,2.961
Guinea,GIN,1996,2.702
Guinea,GIN,1997,1.422
Guinea,GIN,1998,2.332
Guinea,GIN,1999,2.151
Guinea,GIN,2000,1.775
Guinea,GIN,2001,0.85
Guinea,GIN,2002,2.255
Guinea,GIN,2003,2.23
Guinea,GIN,2004,2.053
Guinea,GIN,2005,1.949
Guinea,GIN,2006,2.229
Guinea,GIN,2007,2.399
Guinea,GIN,2008,2.439
Guinea,GIN,2009,2.444
Guinea,GIN,2010,2.474
Guinea,GIN,2011,2.48
Guinea,GIN,2012,2.429
Guinea,GIN,2013,2.46
Guinea,GIN,2014,2.5
Guinea,GIN,2015,2.562
Guinea,GIN,2016,2.571
Guinea,GIN,2017,2.542
Guinea,GIN,2018,2.546
Guinea,GIN,2019,2.576
Guinea,GIN,2020,2.527
Guinea,GIN,2021,2.485
Guinea,GIN,2022,2.48
Guinea,GIN,2023,2.445
Guinea-Bissau,GNB,1950,1.433
Guinea-Bissau,GNB,1951,0.805
Guinea-Bissau,GNB,1952,0.708
Guinea-Bissau,GNB,1953,0.628
Guinea-Bissau,GNB,1954,0.571
Guinea-Bissau,GNB,1955,0.528
Guinea-Bissau,GNB,1956,0.498
Guinea-Bissau,GNB,1957,0.478
Guinea-Bissau,GNB,1958,0.461
Guinea-Bissau,GNB,1959,0.449
Guinea-Bissau,GNB,1960,0.453
Guinea-Bissau,GNB,1961,1.233
Guinea-Bissau,GNB,1962,1.137
Guinea-Bissau,GNB,1963,0.536
Guinea-Bissau,GNB,1964,-2.538
Guinea-Bissau,GNB,1965,-2.111
Guinea-Bissau,GNB,1966,-0.716
Guinea-Bissau,GNB,1967,1.452
Guinea-Bissau,GNB,1968,1.739
Guinea-Bissau,GNB,1969,-0.546
Guinea-Bissau,GNB,1970,1.499
Guinea-Bissau,GNB,1971,-0.874
Guinea-Bissau,GNB,1972,1.009
Guinea-Bissau,GNB,1973,1.089
Guinea-Bissau,GNB,1974,5.644
Guinea-Bissau,GNB,1975,6.246
Guinea-Bissau,GNB,1976,6.6
Guinea-Bissau,GNB,1977,6.662
Guinea-Bissau,GNB,1978,6.37
Guinea-Bissau,GNB,1979,0.724
Guinea-Bissau,GNB,1980,1.56
Guinea-Bissau,GNB,1981,1.581
Guinea-Bissau,GNB,1982,1.589
Guinea-Bissau,GNB,1983,1.587
Guinea-Bissau,GNB,1984,1.59
Guinea-Bissau,GNB,1985,1.594
Guinea-Bissau,GNB,1986,1.595
Guinea-Bissau,GNB,1987,1.61
Guinea-Bissau,GNB,1988,1.643
Guinea-Bissau,GNB,1989,1.669
Guinea-Bissau,GNB,1990,1.621
Guinea-Bissau,GNB,1991,2.63
Guinea-Bissau,GNB,1992,3.248
Guinea-Bissau,GNB,1993,3.354
Guinea-Bissau,GNB,1994,2.845
Guinea-Bissau,GNB,1995,2.212
Guinea-Bissau,GNB,1996,1.959
Guinea-Bissau,GNB,1997,1.855
Guinea-Bissau,GNB,1998,1.873
Guinea-Bissau,GNB,1999,1.92
Guinea-Bissau,GNB,2000,2.093
Guinea-Bissau,GNB,2001,2.159
Guinea-Bissau,GNB,2002,2.237
Guinea-Bissau,GNB,2003,2.287
Guinea-Bissau,GNB,2004,2.324
Guinea-Bissau,GNB,2005,2.366
Guinea-Bissau,GNB,2006,2.455
Guinea-Bissau,GNB,2007,2.524
Guinea-Bissau,GNB,2008,2.521
Guinea-Bissau,GNB,2009,2.564
Guinea-Bissau,GNB,2010,2.606
Guinea-Bissau,GNB,2011,2.652
Guinea-Bissau,GNB,2012,2.666
Guinea-Bissau,GNB,2013,2.658
Guinea-Bissau,GNB,2014,2.597
Guinea-Bissau,GNB,2015,2.544
Guinea-Bissau,GNB,2016,2.48
Guinea-Bissau,GNB,2017,2.394
Guinea-Bissau,GNB,2018,2.355
Guinea-Bissau,GNB,2019,2.328
Guinea-Bissau,GNB,2020,2.251
Guinea-Bissau,GNB,2021,2.227
Guinea-Bissau,GNB,2022,2.257
Guinea-Bissau,GNB,2023,2.234
Guyana,GUY,1950,2.529
Guyana,GUY,1951,2.693
Guyana,GUY,1952,2.887
Guyana,GUY,1953,3.054
Guyana,GUY,1954,3.188
Guyana,GUY,1955,3.27
Guyana,GUY,1956,3.314
Guyana,GUY,1957,3.337
Guyana,GUY,1958,3.341
Guyana,GUY,1959,3.276
Guyana,GUY,1960,2.466
Guyana,GUY,1961,2.2
Guyana,GUY,1962,2.178
Guyana,GUY,1963,2.166
Guyana,GUY,1964,2.135
Guyana,GUY,1965,2.118
Guyana,GUY,1966,2.094
Guyana,GUY,1967,2.076
Guyana,GUY,1968,2.064
Guyana,GUY,1969,2.053
Guyana,GUY,1970,1.535
Guyana,GUY,1971,1.281
Guyana,GUY,1972,1.217
Guyana,GUY,1973,1.131
Guyana,GUY,1974,1.027
Guyana,GUY,1975,0.951
Guyana,GUY,1976,0.881
Guyana,GUY,1977,0.814
Guyana,GUY,1978,0.744
Guyana,GUY,1979,0.683
Guyana,GUY,1980,0.432
Guyana,GUY,1981,0.106
Guyana,GUY,1982,-0.04
Guyana,GUY,1983,-0.172
Guyana,GUY,1984,-0.288
Guyana,GUY,1985,-0.394
Guyana,GUY,1986,-0.484
Guyana,GUY,1987,-0.554
Guyana,GUY,1988,-0.616
Guyana,GUY,1989,-0.652
Guyana,GUY,1990,-0.67
Guyana,GUY,1991,0.128
Guyana,GUY,1992,0.419
Guyana,GUY,1993,0.394
Guyana,GUY,1994,0.364
Guyana,GUY,1995,0.314
Guyana,GUY,1996,0.249
Guyana,GUY,1997,0.202
Guyana,GUY,1998,0.149
Guyana,GUY,1999,0.086
Guyana,GUY,2000,0.005
Guyana,GUY,2001,-0.098
Guyana,GUY,2002,-0.118
Guyana,GUY,2003,-0.026
Guyana,GUY,2004,-0.153
Guyana,GUY,2005,-0.242
Guyana,GUY,2006,-0.27
Guyana,GUY,2007,-0.285
Guyana,GUY,2008,-0.311
Guyana,GUY,2009,-0.356
Guyana,GUY,2010,-0.4
Guyana,GUY,2011,-0.43
Guyana,GUY,2012,0.466
Guyana,GUY,2013,0.532
Guyana,GUY,2014,0.587
Guyana,GUY,2015,0.616
Guyana,GUY,2016,0.636
Guyana,GUY,2017,0.651
Guyana,GUY,2018,5.2
Guyana,GUY,2019,-1.106
Guyana,GUY,2020,1.061
Guyana,GUY,2021,0.912
Guyana,GUY,2022,0.593
Guyana,GUY,2023,0.552
Haiti,HTI,1950,1.471
Haiti,HTI,1951,1.52
Haiti,HTI,1952,1.554
Haiti,HTI,1953,1.604
Haiti,HTI,1954,1.626
Haiti,HTI,1955,1.695
Haiti,HTI,1956,1.731
Haiti,HTI,1957,1.745
Haiti,HTI,1958,1.772
Haiti,HTI,1959,1.794
Haiti,HTI,1960,1.802
Haiti,HTI,1961,1.824
Haiti,HTI,1962,1.835
Haiti,HTI,1963,1.708
Haiti,HTI,1964,1.852
Haiti,HTI,1965,1.855
Haiti,HTI,1966,1.843
Haiti,HTI,1967,1.858
Haiti,HTI,1968,1.864
Haiti,HTI,1969,1.864
Haiti,HTI,1970,1.873
Haiti,HTI,1971,1.894
Haiti,HTI,1972,1.907
Haiti,HTI,1973,1.915
Haiti,HTI,1974,1.923
Haiti,HTI,1975,1.93
Haiti,HTI,1976,1.926
Haiti,HTI,1977,1.927
Haiti,HTI,1978,1.927
Haiti,HTI,1979,1.923
Haiti,HTI,1980,1.921
Haiti,HTI,1981,1.932
Haiti,HTI,1982,1.951
Haiti,HTI,1983,1.957
Haiti,HTI,1984,1.974
Haiti,HTI,1985,1.995
Haiti,HTI,1986,2.011
Haiti,HTI,1987,2.032
Haiti,HTI,1988,2.054
Haiti,HTI,1989,2.057
Haiti,HTI,1990,2.062
Haiti,HTI,1991,2.011
Haiti,HTI,1992,1.984
Haiti,HTI,1993,1.946
Haiti,HTI,1994,1.907
Haiti,HTI,1995,1.905
Haiti,HTI,1996,1.894
Haiti,HTI,1997,1.878
Haiti,HTI,1998,1.852
Haiti,HTI,1999,1.842
Haiti,HTI,2000,1.85
Haiti,HTI,2001,1.797
Haiti,HTI,2002,1.76
Haiti,HTI,2003,1.747
Haiti,HTI,2004,1.657
Haiti,HTI,2005,1.703
Haiti,HTI,2006,1.695
Haiti,HTI,2007,1.677
Haiti,HTI,2008,1.655
Haiti,HTI,2009,1.65
Haiti,HTI,2010,0.689
Haiti,HTI,2011,1.57
Haiti,HTI,2012,1.53
Haiti,HTI,2013,1.478
Haiti,HTI,2014,1.452
Haiti,HTI,2015,1.42
Haiti,HTI,2016,1.378
Haiti,HTI,2017,1.346
Haiti,HTI,2018,1.31
Haiti,HTI,2019,1.278
Haiti,HTI,2020,1.204
Haiti,HTI,2021,1.108
Haiti,HTI,2022,1.147
Haiti,HTI,2023,1.165
High-income countries,OWID_HIC,1950,1.158
High-income countries,OWID_HIC,1951,1.114
High-income countries,OWID_HIC,1952,1.183
High-income countries,OWID_HIC,1953,1.225
High-income countries,OWID_HIC,1954,1.219
High-income countries,OWID_HIC,1955,1.231
High-income countries,OWID_HIC,1956,1.197
High-income countries,OWID_HIC,1957,1.262
High-income countries,OWID_HIC,1958,1.254
High-income countries,OWID_HIC,1959,1.269
High-income countries,OWID_HIC,1960,1.244
High-income countries,OWID_HIC,1961,1.229
High-income countries,OWID_HIC,1962,1.205
High-income countries,OWID_HIC,1963,1.174
High-income countries,OWID_HIC,1964,1.333
High-income countries,OWID_HIC,1965,1.163
High-income countries,OWID_HIC,1966,1.071
High-income countries,OWID_HIC,1967,0.909
High-income countries,OWID_HIC,1968,1.072
High-income countries,OWID_HIC,1969,1.073
High-income countries,OWID_HIC,1970,1.041
High-income countries,OWID_HIC,1971,1.115
High-income countries,OWID_HIC,1972,1.014
High-income countries,OWID_HIC,1973,0.955
High-income countries,OWID_HIC,1974,0.897
High-income countries,OWID_HIC,1975,0.801
High-income countries,OWID_HIC,1976,0.797
High-income countries,OWID_HIC,1977,0.795
High-income countries,OWID_HIC,1978,0.772
High-income countries,OWID_HIC,1979,0.802
High-income countries,OWID_HIC,1980,0.83
High-income countries,OWID_HIC,1981,0.752
High-income countries,OWID_HIC,1982,0.715
High-income countries,OWID_HIC,1983,0.681
High-income countries,OWID_HIC,1984,0.66
High-income countries,OWID_HIC,1985,0.669
High-income countries,OWID_HIC,1986,0.687
High-income countries,OWID_HIC,1987,0.691
High-income countries,OWID_HIC,1988,0.725
High-income countries,OWID_HIC,1989,0.746
High-income countries,OWID_HIC,1990,0.703
High-income countries,OWID_HIC,1991,0.824
High-income countries,OWID_HIC,1992,0.779
High-income countries,OWID_HIC,1993,0.668
High-income countries,OWID_HIC,1994,0.678
High-income countries,OWID_HIC,1995,0.555
High-income countries,OWID_HIC,1996,0.602
High-income countries,OWID_HIC,1997,0.574
High-income countries,OWID_HIC,1998,0.506
High-income countries,OWID_HIC,1999,0.59
High-income countries,OWID_HIC,2000,0.642
High-income countries,OWID_HIC,2001,0.664
High-income countries,OWID_HIC,2002,0.691
High-income countries,OWID_HIC,2003,0.678
High-income countries,OWID_HIC,2004,0.696
High-income countries,OWID_HIC,2005,0.686
High-income countries,OWID_HIC,2006,0.706
High-income countries,OWID_HIC,2007,0.835
High-income countries,OWID_HIC,2008,0.77
High-income countries,OWID_HIC,2009,0.672
High-income countries,OWID_HIC,2010,0.659
High-income countries,OWID_HIC,2011,0.696
High-income countries,OWID_HIC,2012,0.648
High-income countries,OWID_HIC,2013,0.633
High-income countries,OWID_HIC,2014,0.664
High-income countries,OWID_HIC,2015,0.707
High-income countries,OWID_HIC,2016,0.628
High-income countries,OWID_HIC,2017,0.479
High-income countries,OWID_HIC,2018,0.465
High-income countries,OWID_HIC,2019,0.486
High-income countries,OWID_HIC,2020,0.107
High-income countries,OWID_HIC,2021,0.182
High-income countries,OWID_HIC,2022,0.701
High-income countries,OWID_HIC,2023,0.387
Honduras,HND,1950,2.673
Honduras,HND,1951,2.712
Honduras,HND,1952,2.75
Honduras,HND,1953,2.779
Honduras,HND,1954,2.799
Honduras,HND,1955,2.82
Honduras,HND,1956,2.83
Honduras,HND,1957,2.838
Honduras,HND,1958,2.844
Honduras,HND,1959,2.841
Honduras,HND,1960,2.839
Honduras,HND,1961,2.821
Honduras,HND,1962,2.833
Honduras,HND,1963,2.843
Honduras,HND,1964,2.863
Honduras,HND,1965,2.88
Honduras,HND,1966,2.891
Honduras,HND,1967,2.901
Honduras,HND,1968,2.921
Honduras,HND,1969,2.948
Honduras,HND,1970,2.986
Honduras,HND,1971,3.023
Honduras,HND,1972,3.054
Honduras,HND,1973,2.974
Honduras,HND,1974,2.813
Honduras,HND,1975,3.12
Honduras,HND,1976,3.122
Honduras,HND,1977,3.106
Honduras,HND,1978,3.083
Honduras,HND,1979,3.07
Honduras,HND,1980,3.043
Honduras,HND,1981,3.014
Honduras,HND,1982,2.984
Honduras,HND,1983,2.962
Honduras,HND,1984,2.918
Honduras,HND,1985,2.878
Honduras,HND,1986,2.848
Honduras,HND,1987,2.826
Honduras,HND,1988,2.808
Honduras,HND,1989,2.812
Honduras,HND,1990,2.835
Honduras,HND,1991,2.839
Honduras,HND,1992,2.843
Honduras,HND,1993,2.836
Honduras,HND,1994,2.836
Honduras,HND,1995,2.833
Honduras,HND,1996,2.813
Honduras,HND,1997,2.783
Honduras,HND,1998,2.518
Honduras,HND,1999,2.735
Honduras,HND,2000,2.73
Honduras,HND,2001,2.677
Honduras,HND,2002,2.606
Honduras,HND,2003,2.527
Honduras,HND,2004,2.462
Honduras,HND,2005,2.394
Honduras,HND,2006,2.324
Honduras,HND,2007,2.272
Honduras,HND,2008,2.216
Honduras,HND,2009,2.162
Honduras,HND,2010,2.091
Honduras,HND,2011,2.043
Honduras,HND,2012,2.002
Honduras,HND,2013,1.957
Honduras,HND,2014,1.917
Honduras,HND,2015,1.89
Honduras,HND,2016,1.865
Honduras,HND,2017,1.835
Honduras,HND,2018,1.825
Honduras,HND,2019,1.797
Honduras,HND,2020,1.713
Honduras,HND,2021,1.624
Honduras,HND,2022,1.729
Honduras,HND,2023,1.701
Hong Kong,HKG,1950,4.498
Hong Kong,HKG,1951,4.509
Hong Kong,HKG,1952,4.497
Hong Kong,HKG,1953,4.493
Hong Kong,HKG,1954,4.512
Hong Kong,HKG,1955,4.533
Hong Kong,HKG,1956,4.619
Hong Kong,HKG,1957,4.64
Hong Kong,HKG,1958,4.59
Hong Kong,HKG,1959,4.287
Hong Kong,HKG,1960,3.655
Hong Kong,HKG,1961,-4.859
Hong Kong,HKG,1962,-7.816
Hong Kong,HKG,1963,-8.541
Hong Kong,HKG,1964,37.887
Hong Kong,HKG,1965,6.867
Hong Kong,HKG,1966,1.373
Hong Kong,HKG,1967,-33.038
Hong Kong,HKG,1968,10.444
Hong Kong,HKG,1969,10.037
Hong Kong,HKG,1970,9.319
Hong Kong,HKG,1971,3.77
Hong Kong,HKG,1972,2.56
Hong Kong,HKG,1973,2.53
Hong Kong,HKG,1974,2.496
Hong Kong,HKG,1975,2.416
Hong Kong,HKG,1976,2.339
Hong Kong,HKG,1977,2.246
Hong Kong,HKG,1978,2.161
Hong Kong,HKG,1979,2.151
Hong Kong,HKG,1980,2.119
Hong Kong,HKG,1981,1.814
Hong Kong,HKG,1982,1.679
Hong Kong,HKG,1983,1.596
Hong Kong,HKG,1984,1.471
Hong Kong,HKG,1985,1.411
Hong Kong,HKG,1986,0.744
Hong Kong,HKG,1987,0.535
Hong Kong,HKG,1988,0.503
Hong Kong,HKG,1989,0.426
Hong Kong,HKG,1990,0.295
Hong Kong,HKG,1991,2.107
Hong Kong,HKG,1992,2.506
Hong Kong,HKG,1993,2.398
Hong Kong,HKG,1994,2.283
Hong Kong,HKG,1995,2.133
Hong Kong,HKG,1996,1.888
Hong Kong,HKG,1997,1.706
Hong Kong,HKG,1998,1.532
Hong Kong,HKG,1999,1.368
Hong Kong,HKG,2000,1.279
Hong Kong,HKG,2001,0.788
Hong Kong,HKG,2002,0.601
Hong Kong,HKG,2003,0.496
Hong Kong,HKG,2004,0.355
Hong Kong,HKG,2005,0.234
Hong Kong,HKG,2006,0.419
Hong Kong,HKG,2007,0.738
Hong Kong,HKG,2008,0.673
Hong Kong,HKG,2009,0.571
Hong Kong,HKG,2010,0.478
Hong Kong,HKG,2011,0.682
Hong Kong,HKG,2012,0.937
Hong Kong,HKG,2013,0.814
Hong Kong,HKG,2014,0.7
Hong Kong,HKG,2015,0.578
Hong Kong,HKG,2016,0.548
Hong Kong,HKG,2017,0.445
Hong Kong,HKG,2018,0.26
Hong Kong,HKG,2019,0.131
Hong Kong,HKG,2020,-0.013
Hong Kong,HKG,2021,-0.138
Hong Kong,HKG,2022,-0.362
Hong Kong,HKG,2023,-0.259
Hungary,HUN,1950,0.974
Hungary,HUN,1951,0.845
Hungary,HUN,1952,0.861
Hungary,HUN,1953,1.035
Hungary,HUN,1954,1.246
Hungary,HUN,1955,1.184
Hungary,HUN,1956,-0.555
Hungary,HUN,1957,0.23
Hungary,HUN,1958,0.637
Hungary,HUN,1959,0.497
Hungary,HUN,1960,0.437
Hungary,HUN,1961,0.425
Hungary,HUN,1962,0.203
Hungary,HUN,1963,0.308
Hungary,HUN,1964,0.296
Hungary,HUN,1965,0.232
Hungary,HUN,1966,0.345
Hungary,HUN,1967,0.37
Hungary,HUN,1968,0.368
Hungary,HUN,1969,0.354
Hungary,HUN,1970,0.298
Hungary,HUN,1971,0.26
Hungary,HUN,1972,0.325
Hungary,HUN,1973,0.313
Hungary,HUN,1974,0.578
Hungary,HUN,1975,0.6
Hungary,HUN,1976,0.503
Hungary,HUN,1977,0.429
Hungary,HUN,1978,0.268
Hungary,HUN,1979,0.258
Hungary,HUN,1980,-0.125
Hungary,HUN,1981,-0.175
Hungary,HUN,1982,-0.26
Hungary,HUN,1983,-0.363
Hungary,HUN,1984,-0.366
Hungary,HUN,1985,-0.335
Hungary,HUN,1986,-0.352
Hungary,HUN,1987,-0.334
Hungary,HUN,1988,-0.327
Hungary,HUN,1989,-0.385
Hungary,HUN,1990,-0.041
Hungary,HUN,1991,-0.019
Hungary,HUN,1992,-0.11
Hungary,HUN,1993,-0.172
Hungary,HUN,1994,-0.155
Hungary,HUN,1995,-0.177
Hungary,HUN,1996,-0.222
Hungary,HUN,1997,-0.237
Hungary,HUN,1998,-0.287
Hungary,HUN,1999,-0.337
Hungary,HUN,2000,-0.235
Hungary,HUN,2001,-0.235
Hungary,HUN,2002,-0.321
Hungary,HUN,2003,-0.262
Hungary,HUN,2004,-0.197
Hungary,HUN,2005,-0.201
Hungary,HUN,2006,-0.112
Hungary,HUN,2007,-0.204
Hungary,HUN,2008,-0.144
Hungary,HUN,2009,-0.162
Hungary,HUN,2010,-0.284
Hungary,HUN,2011,-0.368
Hungary,HUN,2012,-0.237
Hungary,HUN,2013,-0.314
Hungary,HUN,2014,-0.223
Hungary,HUN,2015,-0.257
Hungary,HUN,2016,-0.327
Hungary,HUN,2017,-0.182
Hungary,HUN,2018,-0.047
Hungary,HUN,2019,-0.035
Hungary,HUN,2020,-0.393
Hungary,HUN,2021,-0.462
Hungary,HUN,2022,-0.023
Hungary,HUN,2023,0.067
Iceland,ISL,1950,2.286
Iceland,ISL,1951,1.543
Iceland,ISL,1952,1.652
Iceland,ISL,1953,2.333
Iceland,ISL,1954,2.286
Iceland,ISL,1955,2.181
Iceland,ISL,1956,2.002
Iceland,ISL,1957,2.504
Iceland,ISL,1958,1.971
Iceland,ISL,1959,2.158
Iceland,ISL,1960,1.949
Iceland,ISL,1961,1.929
Iceland,ISL,1962,1.774
Iceland,ISL,1963,1.815
Iceland,ISL,1964,1.797
Iceland,ISL,1965,1.673
Iceland,ISL,1966,1.691
Iceland,ISL,1967,1.542
Iceland,ISL,1968,1.179
Iceland,ISL,1969,0.674
Iceland,ISL,1970,0.407
Iceland,ISL,1971,1.228
Iceland,ISL,1972,1.699
Iceland,ISL,1973,1.318
Iceland,ISL,1974,1.38
Iceland,ISL,1975,1.171
Iceland,ISL,1976,0.804
Iceland,ISL,1977,0.684
Iceland,ISL,1978,0.876
Iceland,ISL,1979,1.068
Iceland,ISL,1980,1.038
Iceland,ISL,1981,1.23
Iceland,ISL,1982,1.436
Iceland,ISL,1983,1.215
Iceland,ISL,1984,0.917
Iceland,ISL,1985,0.664
Iceland,ISL,1986,0.806
Iceland,ISL,1987,1.375
Iceland,ISL,1988,1.747
Iceland,ISL,1989,0.746
Iceland,ISL,1990,0.817
Iceland,ISL,1991,1.503
Iceland,ISL,1992,1.023
Iceland,ISL,1993,1.012
Iceland,ISL,1994,0.726
Iceland,ISL,1995,0.367
Iceland,ISL,1996,0.713
Iceland,ISL,1997,0.933
Iceland,ISL,1998,1.212
Iceland,ISL,1999,1.207
Iceland,ISL,2000,1.534
Iceland,ISL,2001,1.133
Iceland,ISL,2002,0.653
Iceland,ISL,2003,0.731
Iceland,ISL,2004,1.03
Iceland,ISL,2005,2.13
Iceland,ISL,2006,2.553
Iceland,ISL,2007,2.502
Iceland,ISL,2008,1.238
Iceland,ISL,2009,-0.545
Iceland,ISL,2010,0.26
Iceland,ISL,2011,0.354
Iceland,ISL,2012,0.71
Iceland,ISL,2013,1.177
Iceland,ISL,2014,1.051
Iceland,ISL,2015,1.039
Iceland,ISL,2016,1.731
Iceland,ISL,2017,2.943
Iceland,ISL,2018,2.419
Iceland,ISL,2019,1.984
Iceland,ISL,2020,1.275
Iceland,ISL,2021,1.982
Iceland,ISL,2022,2.114
Iceland,ISL,2023,1.642
India,IND,1950,2.129
India,IND,1951,2.207
India,IND,1952,2.266
India,IND,1953,2.232
India,IND,1954,2.352
India,IND,1955,2.353
India,IND,1956,2.382
India,IND,1957,2.234
India,IND,1958,2.398
India,IND,1959,2.357
India,IND,1960,2.382
India,IND,1961,2.411
India,IND,1962,2.334
India,IND,1963,2.358
India,IND,1964,2.325
India,IND,1965,2.179
India,IND,1966,2.102
India,IND,1967,2.191
India,IND,1968,2.107
India,IND,1969,2.12
India,IND,1970,2.318
India,IND,1971,2.117
India,IND,1972,2.272
India,IND,1973,2.23
India,IND,1974,2.369
India,IND,1975,2.355
India,IND,1976,2.351
India,IND,1977,2.367
India,IND,1978,2.24
India,IND,1979,2.409
India,IND,1980,2.361
India,IND,1981,2.338
India,IND,1982,2.33
India,IND,1983,2.352
India,IND,1984,2.34
India,IND,1985,2.314
India,IND,1986,2.303
India,IND,1987,2.259
India,IND,1988,2.242
India,IND,1989,2.228
India,IND,1990,2.199
India,IND,1991,2.137
India,IND,1992,2.123
India,IND,1993,2.077
India,IND,1994,2.012
India,IND,1995,2.014
India,IND,1996,1.982
India,IND,1997,1.951
India,IND,1998,1.921
India,IND,1999,1.883
India,IND,2000,1.875
India,IND,2001,1.866
India,IND,2002,1.758
India,IND,2003,1.711
India,IND,2004,1.696
India,IND,2005,1.568
India,IND,2006,1.56
India,IND,2007,1.453
India,IND,2008,1.425
India,IND,2009,1.467
India,IND,2010,1.443
India,IND,2011,1.391
India,IND,2012,1.357
India,IND,2013,1.309
India,IND,2014,1.215
India,IND,2015,1.171
India,IND,2016,1.212
India,IND,2017,1.114
India,IND,2018,1.081
India,IND,2019,0.999
India,IND,2020,0.948
India,IND,2021,0.699
India,IND,2022,0.881
India,IND,2023,0.885
Indonesia,IDN,1950,2.088
Indonesia,IDN,1951,2.188
Indonesia,IDN,1952,2.285
Indonesia,IDN,1953,2.369
Indonesia,IDN,1954,2.459
Indonesia,IDN,1955,2.535
Indonesia,IDN,1956,2.597
Indonesia,IDN,1957,2.651
Indonesia,IDN,1958,2.688
Indonesia,IDN,1959,2.741
Indonesia,IDN,1960,2.778
Indonesia,IDN,1961,2.795
Indonesia,IDN,1962,2.818
Indonesia,IDN,1963,2.832
Indonesia,IDN,1964,2.879
Indonesia,IDN,1965,2.188
Indonesia,IDN,1966,2.541
Indonesia,IDN,1967,2.657
Indonesia,IDN,1968,2.757
Indonesia,IDN,1969,2.771
Indonesia,IDN,1970,2.734
Indonesia,IDN,1971,2.685
Indonesia,IDN,1972,2.64
Indonesia,IDN,1973,2.615
Indonesia,IDN,1974,2.534
Indonesia,IDN,1975,2.518
Indonesia,IDN,1976,2.471
Indonesia,IDN,1977,2.44
Indonesia,IDN,1978,2.437
Indonesia,IDN,1979,2.41
Indonesia,IDN,1980,2.368
Indonesia,IDN,1981,2.323
Indonesia,IDN,1982,2.302
Indonesia,IDN,1983,2.259
Indonesia,IDN,1984,2.201
Indonesia,IDN,1985,2.073
Indonesia,IDN,1986,1.963
Indonesia,IDN,1987,1.92
Indonesia,IDN,1988,1.898
Indonesia,IDN,1989,1.852
Indonesia,IDN,1990,1.778
Indonesia,IDN,1991,1.763
Indonesia,IDN,1992,1.704
Indonesia,IDN,1993,1.699
Indonesia,IDN,1994,1.673
Indonesia,IDN,1995,1.652
Indonesia,IDN,1996,1.639
Indonesia,IDN,1997,1.614
Indonesia,IDN,1998,1.548
Indonesia,IDN,1999,1.459
Indonesia,IDN,2000,1.406
Indonesia,IDN,2001,1.37
Indonesia,IDN,2002,1.341
Indonesia,IDN,2003,1.306
Indonesia,IDN,2004,1.236
Indonesia,IDN,2005,1.331
Indonesia,IDN,2006,1.32
Indonesia,IDN,2007,1.322
Indonesia,IDN,2008,1.273
Indonesia,IDN,2009,1.261
Indonesia,IDN,2010,1.26
Indonesia,IDN,2011,1.293
Indonesia,IDN,2012,1.279
Indonesia,IDN,2013,1.203
Indonesia,IDN,2014,1.148
Indonesia,IDN,2015,1.097
Indonesia,IDN,2016,1.053
Indonesia,IDN,2017,0.992
Indonesia,IDN,2018,0.947
Indonesia,IDN,2019,0.924
Indonesia,IDN,2020,0.776
Indonesia,IDN,2021,0.633
Indonesia,IDN,2022,0.858
Indonesia,IDN,2023,0.828
Iran,IRN,1950,2.455
Iran,IRN,1951,2.46
Iran,IRN,1952,2.48
Iran,IRN,1953,2.46
Iran,IRN,1954,2.518
Iran,IRN,1955,2.622
Iran,IRN,1956,2.692
Iran,IRN,1957,2.677
Iran,IRN,1958,2.721
Iran,IRN,1959,2.923
Iran,IRN,1960,2.972
Iran,IRN,1961,3.04
Iran,IRN,1962,3.034
Iran,IRN,1963,3.105
Iran,IRN,1964,3.122
Iran,IRN,1965,3.159
Iran,IRN,1966,3.073
Iran,IRN,1967,3.022
Iran,IRN,1968,2.965
Iran,IRN,1969,3.038
Iran,IRN,1970,3.035
Iran,IRN,1971,2.943
Iran,IRN,1972,2.913
Iran,IRN,1973,2.942
Iran,IRN,1974,2.978
Iran,IRN,1975,3.066
Iran,IRN,1976,2.963
Iran,IRN,1977,3.228
Iran,IRN,1978,3.305
Iran,IRN,1979,3.565
Iran,IRN,1980,3.677
Iran,IRN,1981,6.74
Iran,IRN,1982,3.923
Iran,IRN,1983,3.864
Iran,IRN,1984,3.664
Iran,IRN,1985,3.683
Iran,IRN,1986,3.697
Iran,IRN,1987,3.476
Iran,IRN,1988,2.988
Iran,IRN,1989,2.856
Iran,IRN,1990,2.966
Iran,IRN,1991,2.472
Iran,IRN,1992,1.493
Iran,IRN,1993,-0.776
Iran,IRN,1994,1.155
Iran,IRN,1995,1.06
Iran,IRN,1996,1.101
Iran,IRN,1997,1.296
Iran,IRN,1998,1.451
Iran,IRN,1999,1.398
Iran,IRN,2000,1.553
Iran,IRN,2001,1.535
Iran,IRN,2002,0.122
Iran,IRN,2003,2.084
Iran,IRN,2004,2.194
Iran,IRN,2005,2.232
Iran,IRN,2006,2.079
Iran,IRN,2007,1.199
Iran,IRN,2008,1.23
Iran,IRN,2009,1.254
Iran,IRN,2010,1.25
Iran,IRN,2011,1.222
Iran,IRN,2012,1.28
Iran,IRN,2013,1.333
Iran,IRN,2014,1.353
Iran,IRN,2015,1.37
Iran,IRN,2016,1.496
Iran,IRN,2017,1.382
Iran,IRN,2018,1.169
Iran,IRN,2019,0.988
Iran,IRN,2020,0.551
Iran,IRN,2021,1.109
Iran,IRN,2022,1.292
Iran,IRN,2023,1.117
Iraq,IRQ,1950,2.007
Iraq,IRQ,1951,2.219
Iraq,IRQ,1952,2.531
Iraq,IRQ,1953,2.52
Iraq,IRQ,1954,2.534
Iraq,IRQ,1955,2.137
Iraq,IRQ,1956,2.25
Iraq,IRQ,1957,1.588
Iraq,IRQ,1958,1.651
Iraq,IRQ,1959,2.127
Iraq,IRQ,1960,2.239
Iraq,IRQ,1961,2.61
Iraq,IRQ,1962,3.384
Iraq,IRQ,1963,3.355
Iraq,IRQ,1964,3.355
Iraq,IRQ,1965,3.403
Iraq,IRQ,1966,3.381
Iraq,IRQ,1967,3.426
Iraq,IRQ,1968,3.43
Iraq,IRQ,1969,3.458
Iraq,IRQ,1970,3.487
Iraq,IRQ,1971,3.424
Iraq,IRQ,1972,3.449
Iraq,IRQ,1973,3.443
Iraq,IRQ,1974,3.332
Iraq,IRQ,1975,3.289
Iraq,IRQ,1976,3.256
Iraq,IRQ,1977,3.394
Iraq,IRQ,1978,3.342
Iraq,IRQ,1979,3.097
Iraq,IRQ,1980,3.204
Iraq,IRQ,1981,2.809
Iraq,IRQ,1982,2.819
Iraq,IRQ,1983,3.119
Iraq,IRQ,1984,3.119
Iraq,IRQ,1985,1.708
Iraq,IRQ,1986,3.195
Iraq,IRQ,1987,2.302
Iraq,IRQ,1988,2.337
Iraq,IRQ,1989,2.973
Iraq,IRQ,1990,-0.472
Iraq,IRQ,1991,2.561
Iraq,IRQ,1992,3.345
Iraq,IRQ,1993,6.192
Iraq,IRQ,1994,3.42
Iraq,IRQ,1995,3.282
Iraq,IRQ,1996,3.105
Iraq,IRQ,1997,3.08
Iraq,IRQ,1998,3.202
Iraq,IRQ,1999,3.265
Iraq,IRQ,2000,3.29
Iraq,IRQ,2001,2.954
Iraq,IRQ,2002,3.358
Iraq,IRQ,2003,2.682
Iraq,IRQ,2004,3.015
Iraq,IRQ,2005,2.914
Iraq,IRQ,2006,-1.431
Iraq,IRQ,2007,-0.142
Iraq,IRQ,2008,4.14
Iraq,IRQ,2009,3.245
Iraq,IRQ,2010,3.219
Iraq,IRQ,2011,3.834
Iraq,IRQ,2012,5.213
Iraq,IRQ,2013,4.253
Iraq,IRQ,2014,2.834
Iraq,IRQ,2015,2.623
Iraq,IRQ,2016,2.165
Iraq,IRQ,2017,2.294
Iraq,IRQ,2018,2.369
Iraq,IRQ,2019,2.183
Iraq,IRQ,2020,2.255
Iraq,IRQ,2021,2.228
Iraq,IRQ,2022,2.358
Iraq,IRQ,2023,2.147
Ireland,IRL,1950,0.953
Ireland,IRL,1951,0.703
Ireland,IRL,1952,-0.39
Ireland,IRL,1953,-0.454
Ireland,IRL,1954,-0.498
Ireland,IRL,1955,-0.578
Ireland,IRL,1956,-0.513
Ireland,IRL,1957,-0.506
Ireland,IRL,1958,-0.55
Ireland,IRL,1959,-0.489
Ireland,IRL,1960,-0.325
Ireland,IRL,1961,0.113
Ireland,IRL,1962,0.368
Ireland,IRL,1963,0.445
Ireland,IRL,1964,0.546
Ireland,IRL,1965,0.57
Ireland,IRL,1966,0.523
Ireland,IRL,1967,0.618
Ireland,IRL,1968,0.574
Ireland,IRL,1969,0.651
Ireland,IRL,1970,0.749
Ireland,IRL,1971,1.379
Ireland,IRL,1972,1.541
Ireland,IRL,1973,1.549
Ireland,IRL,1974,1.524
Ireland,IRL,1975,1.514
Ireland,IRL,1976,1.499
Ireland,IRL,1977,1.535
Ireland,IRL,1978,1.579
Ireland,IRL,1979,1.205
Ireland,IRL,1980,1.118
Ireland,IRL,1981,0.84
Ireland,IRL,1982,0.703
Ireland,IRL,1983,0.563
Ireland,IRL,1984,0.483
Ireland,IRL,1985,0.386
Ireland,IRL,1986,0.213
Ireland,IRL,1987,-0.297
Ireland,IRL,1988,-0.569
Ireland,IRL,1989,-0.228
Ireland,IRL,1990,0.396
Ireland,IRL,1991,0.752
Ireland,IRL,1992,0.611
Ireland,IRL,1993,0.382
Ireland,IRL,1994,0.401
Ireland,IRL,1995,0.739
Ireland,IRL,1996,0.796
Ireland,IRL,1997,1.052
Ireland,IRL,1998,1.049
Ireland,IRL,1999,1.193
Ireland,IRL,2000,1.434
Ireland,IRL,2001,1.716
Ireland,IRL,2002,1.646
Ireland,IRL,2003,1.611
Ireland,IRL,2004,2.015
Ireland,IRL,2005,2.323
Ireland,IRL,2006,3.056
Ireland,IRL,2007,2.709
Ireland,IRL,2008,1.471
Ireland,IRL,2009,0.652
Ireland,IRL,2010,0.463
Ireland,IRL,2011,0.435
Ireland,IRL,2012,0.459
Ireland,IRL,2013,0.605
Ireland,IRL,2014,0.84
Ireland,IRL,2015,1.05
Ireland,IRL,2016,1.108
Ireland,IRL,2017,1.265
Ireland,IRL,2018,1.308
Ireland,IRL,2019,1.178
Ireland,IRL,2020,0.805
Ireland,IRL,2021,1.025
Ireland,IRL,2022,2.185
Ireland,IRL,2023,1.185
Isle of Man,IMN,1950,0.481
Isle of Man,IMN,1951,-0.563
Isle of Man,IMN,1952,-0.983
Isle of Man,IMN,1953,-1.123
Isle of Man,IMN,1954,-1.205
Isle of Man,IMN,1955,-1.315
Isle of Man,IMN,1956,-1.423
Isle of Man,IMN,1957,-1.497
Isle of Man,IMN,1958,-1.564
Isle of Man,IMN,1959,-1.676
Isle of Man,IMN,1960,-1.756
Isle of Man,IMN,1961,0.05
Isle of Man,IMN,1962,0.924
Isle of Man,IMN,1963,0.968
Isle of Man,IMN,1964,0.951
Isle of Man,IMN,1965,0.912
Isle of Man,IMN,1966,1.697
Isle of Man,IMN,1967,2.172
Isle of Man,IMN,1968,2.222
Isle of Man,IMN,1969,2.203
Isle of Man,IMN,1970,2.28
Isle of Man,IMN,1971,1.762
Isle of Man,IMN,1972,1.543
Isle of Man,IMN,1973,1.535
Isle of Man,IMN,1974,1.473
Isle of Man,IMN,1975,1.284
Isle of Man,IMN,1976,1.337
Isle of Man,IMN,1977,1.334
Isle of Man,IMN,1978,1.351
Isle of Man,IMN,1979,1.325
Isle of Man,IMN,1980,1.305
Isle of Man,IMN,1981,0.316
Isle of Man,IMN,1982,-0.036
Isle of Man,IMN,1983,-0.138
Isle of Man,IMN,1984,-0.18
Isle of Man,IMN,1985,-0.214
Isle of Man,IMN,1986,1.124
Isle of Man,IMN,1987,1.639
Isle of Man,IMN,1988,1.639
Isle of Man,IMN,1989,1.661
Isle of Man,IMN,1990,1.634
Isle of Man,IMN,1991,0.944
Isle of Man,IMN,1992,0.613
Isle of Man,IMN,1993,0.572
Isle of Man,IMN,1994,0.545
Isle of Man,IMN,1995,0.422
Isle of Man,IMN,1996,1.065
Isle of Man,IMN,1997,1.311
Isle of Man,IMN,1998,1.282
Isle of Man,IMN,1999,1.221
Isle of Man,IMN,2000,1.089
Isle of Man,IMN,2001,1.059
Isle of Man,IMN,2002,1.021
Isle of Man,IMN,2003,0.971
Isle of Man,IMN,2004,0.924
Isle of Man,IMN,2005,0.904
Isle of Man,IMN,2006,1.044
Isle of Man,IMN,2007,1.068
Isle of Man,IMN,2008,1.096
Isle of Man,IMN,2009,1.11
Isle of Man,IMN,2010,1.128
Isle of Man,IMN,2011,0.087
Isle of Man,IMN,2012,-0.2
Isle of Man,IMN,2013,-0.258
Isle of Man,IMN,2014,-0.335
Isle of Man,IMN,2015,-0.38
Isle of Man,IMN,2016,0.077
Isle of Man,IMN,2017,0.266
Isle of Man,IMN,2018,0.204
Isle of Man,IMN,2019,0.156
Isle of Man,IMN,2020,0.099
Isle of Man,IMN,2021,0.001
Isle of Man,IMN,2022,0.062
Isle of Man,IMN,2023,0.018
Israel,ISR,1950,4.852
Israel,ISR,1951,4.631
Israel,ISR,1952,4.401
Israel,ISR,1953,4.199
Israel,ISR,1954,3.995
Israel,ISR,1955,3.845
Israel,ISR,1956,3.661
Israel,ISR,1957,3.43
Israel,ISR,1958,3.257
Israel,ISR,1959,3.09
Israel,ISR,1960,2.878
Israel,ISR,1961,3.856
Israel,ISR,1962,4.543
Israel,ISR,1963,4.471
Israel,ISR,1964,4.4
Israel,ISR,1965,4.333
Israel,ISR,1966,4.264
Israel,ISR,1967,4.172
Israel,ISR,1968,4.073
Israel,ISR,1969,3.981
Israel,ISR,1970,3.896
Israel,ISR,1971,3.811
Israel,ISR,1972,2.947
Israel,ISR,1973,2.42
Israel,ISR,1974,2.387
Israel,ISR,1975,2.377
Israel,ISR,1976,2.398
Israel,ISR,1977,2.334
Israel,ISR,1978,2.257
Israel,ISR,1979,2.214
Israel,ISR,1980,2.176
Israel,ISR,1981,2.109
Israel,ISR,1982,2.127
Israel,ISR,1983,1.752
Israel,ISR,1984,1.954
Israel,ISR,1985,1.569
Israel,ISR,1986,1.506
Israel,ISR,1987,1.723
Israel,ISR,1988,1.576
Israel,ISR,1989,1.837
Israel,ISR,1990,5.425
Israel,ISR,1991,4.672
Israel,ISR,1992,2.651
Israel,ISR,1993,2.481
Israel,ISR,1994,2.59
Israel,ISR,1995,2.633
Israel,ISR,1996,2.703
Israel,ISR,1997,2.571
Israel,ISR,1998,2.455
Israel,ISR,1999,2.855
Israel,ISR,2000,2.626
Israel,ISR,2001,2.19
Israel,ISR,2002,1.853
Israel,ISR,2003,1.72
Israel,ISR,2004,1.704
Israel,ISR,2005,1.687
Israel,ISR,2006,1.726
Israel,ISR,2007,1.705
Israel,ISR,2008,1.717
Israel,ISR,2009,1.739
Israel,ISR,2010,1.853
Israel,ISR,2011,1.775
Israel,ISR,2012,1.852
Israel,ISR,2013,1.837
Israel,ISR,2014,1.941
Israel,ISR,2015,1.964
Israel,ISR,2016,1.9
Israel,ISR,2017,1.765
Israel,ISR,2018,1.751
Israel,ISR,2019,1.685
Israel,ISR,2020,1.59
Israel,ISR,2021,1.623
Israel,ISR,2022,1.926
Israel,ISR,2023,1.415
Italy,ITA,1950,0.934
Italy,ITA,1951,0.615
Italy,ITA,1952,0.521
Italy,ITA,1953,1.139
Italy,ITA,1954,0.632
Italy,ITA,1955,0.612
Italy,ITA,1956,0.512
Italy,ITA,1957,0.54
Italy,ITA,1958,0.567
Italy,ITA,1959,0.624
Italy,ITA,1960,0.572
Italy,ITA,1961,0.639
Italy,ITA,1962,0.782
Italy,ITA,1963,0.808
Italy,ITA,1964,0.958
Italy,ITA,1965,0.842
Italy,ITA,1966,0.854
Italy,ITA,1967,0.755
Italy,ITA,1968,0.668
Italy,ITA,1969,0.648
Italy,ITA,1970,0.593
Italy,ITA,1971,0.593
Italy,ITA,1972,0.742
Italy,ITA,1973,0.67
Italy,ITA,1974,0.686
Italy,ITA,1975,0.569
Italy,ITA,1976,0.492
Italy,ITA,1977,0.426
Italy,ITA,1978,0.378
Italy,ITA,1979,0.312
Italy,ITA,1980,0.681
Italy,ITA,1981,0.151
Italy,ITA,1982,0.105
Italy,ITA,1983,0.06
Italy,ITA,1984,0.095
Italy,ITA,1985,0.064
Italy,ITA,1986,0.009
Italy,ITA,1987,0.048
Italy,ITA,1988,0.082
Italy,ITA,1989,0.087
Italy,ITA,1990,0.105
Italy,ITA,1991,0.049
Italy,ITA,1992,0.125
Italy,ITA,1993,0.035
Italy,ITA,1994,0.833
Italy,ITA,1995,-0.892
Italy,ITA,1996,0.052
Italy,ITA,1997,0.043
Italy,ITA,1998,0.047
Italy,ITA,1999,0.042
Italy,ITA,2000,0.067
Italy,ITA,2001,0.05
Italy,ITA,2002,0.351
Italy,ITA,2003,0.757
Italy,ITA,2004,0.752
Italy,ITA,2005,0.425
Italy,ITA,2006,0.376
Italy,ITA,2007,0.825
Italy,ITA,2008,0.702
Italy,ITA,2009,0.445
Italy,ITA,2010,0.422
Italy,ITA,2011,0.254
Italy,ITA,2012,0.287
Italy,ITA,2013,0.117
Italy,ITA,2014,-0.083
Italy,ITA,2015,-0.21
Italy,ITA,2016,-0.111
Italy,ITA,2017,-0.18
Italy,ITA,2018,-0.194
Italy,ITA,2019,-0.295
Italy,ITA,2020,-0.429
Italy,ITA,2021,-0.184
Italy,ITA,2022,-0.186
Italy,ITA,2023,-0.216
Jamaica,JAM,1950,3.11
Jamaica,JAM,1951,2.54
Jamaica,JAM,1952,2.092
Jamaica,JAM,1953,1.709
Jamaica,JAM,1954,1.41
Jamaica,JAM,1955,1.217
Jamaica,JAM,1956,1.121
Jamaica,JAM,1957,1.119
Jamaica,JAM,1958,1.205
Jamaica,JAM,1959,1.262
Jamaica,JAM,1960,1.393
Jamaica,JAM,1961,1.406
Jamaica,JAM,1962,1.404
Jamaica,JAM,1963,1.424
Jamaica,JAM,1964,1.399
Jamaica,JAM,1965,1.29
Jamaica,JAM,1966,1.214
Jamaica,JAM,1967,1.16
Jamaica,JAM,1968,1.132
Jamaica,JAM,1969,1.184
Jamaica,JAM,1970,1.287
Jamaica,JAM,1971,1.412
Jamaica,JAM,1972,1.488
Jamaica,JAM,1973,1.561
Jamaica,JAM,1974,1.444
Jamaica,JAM,1975,1.357
Jamaica,JAM,1976,1.261
Jamaica,JAM,1977,1.176
Jamaica,JAM,1978,1.145
Jamaica,JAM,1979,1.194
Jamaica,JAM,1980,1.26
Jamaica,JAM,1981,1.347
Jamaica,JAM,1982,1.4
Jamaica,JAM,1983,1.388
Jamaica,JAM,1984,1.256
Jamaica,JAM,1985,1.037
Jamaica,JAM,1986,0.83
Jamaica,JAM,1987,0.695
Jamaica,JAM,1988,0.671
Jamaica,JAM,1989,0.7
Jamaica,JAM,1990,0.814
Jamaica,JAM,1991,0.941
Jamaica,JAM,1992,1.034
Jamaica,JAM,1993,1.035
Jamaica,JAM,1994,1.02
Jamaica,JAM,1995,0.985
Jamaica,JAM,1996,0.951
Jamaica,JAM,1997,0.893
Jamaica,JAM,1998,0.818
Jamaica,JAM,1999,0.738
Jamaica,JAM,2000,0.65
Jamaica,JAM,2001,0.617
Jamaica,JAM,2002,0.611
Jamaica,JAM,2003,0.601
Jamaica,JAM,2004,0.57
Jamaica,JAM,2005,0.537
Jamaica,JAM,2006,0.495
Jamaica,JAM,2007,0.453
Jamaica,JAM,2008,0.417
Jamaica,JAM,2009,0.415
Jamaica,JAM,2010,0.429
Jamaica,JAM,2011,0.437
Jamaica,JAM,2012,0.426
Jamaica,JAM,2013,0.385
Jamaica,JAM,2014,0.337
Jamaica,JAM,2015,0.291
Jamaica,JAM,2016,0.235
Jamaica,JAM,2017,0.181
Jamaica,JAM,2018,0.127
Jamaica,JAM,2019,0.098
Jamaica,JAM,2020,0.43
Jamaica,JAM,2021,0.06
Jamaica,JAM,2022,0.043
Jamaica,JAM,2023,0.003
Japan,JPN,1950,1.728
Japan,JPN,1951,1.502
Japan,JPN,1952,1.403
Japan,JPN,1953,1.248
Japan,JPN,1954,1.137
Japan,JPN,1955,1.078
Japan,JPN,1956,0.897
Japan,JPN,1957,0.741
Japan,JPN,1958,0.821
Japan,JPN,1959,0.809
Japan,JPN,1960,0.81
Japan,JPN,1961,0.88
Japan,JPN,1962,0.879
Japan,JPN,1963,0.911
Japan,JPN,1964,0.964
Japan,JPN,1965,1.079
Japan,JPN,1966,0.839
Japan,JPN,1967,1.263
Japan,JPN,1968,1.193
Japan,JPN,1969,1.168
Japan,JPN,1970,1.164
Japan,JPN,1971,1.146
Japan,JPN,1972,1.224
Japan,JPN,1973,1.279
Japan,JPN,1974,1.228
Japan,JPN,1975,1.101
Japan,JPN,1976,0.974
Japan,JPN,1977,0.889
Japan,JPN,1978,0.839
Japan,JPN,1979,0.776
Japan,JPN,1980,0.644
Japan,JPN,1981,0.427
Japan,JPN,1982,0.398
Japan,JPN,1983,0.376
Japan,JPN,1984,0.349
Japan,JPN,1985,0.393
Japan,JPN,1986,0.489
Japan,JPN,1987,0.459
Japan,JPN,1988,0.414
Japan,JPN,1989,0.353
Japan,JPN,1990,0.381
Japan,JPN,1991,0.411
Japan,JPN,1992,0.384
Japan,JPN,1993,0.348
Japan,JPN,1994,0.367
Japan,JPN,1995,0.249
Japan,JPN,1996,0.233
Japan,JPN,1997,0.228
Japan,JPN,1998,0.22
Japan,JPN,1999,0.179
Japan,JPN,2000,0.178
Japan,JPN,2001,0.188
Japan,JPN,2002,0.165
Japan,JPN,2003,0.128
Japan,JPN,2004,0.098
Japan,JPN,2005,0.054
Japan,JPN,2006,0.077
Japan,JPN,2007,0.064
Japan,JPN,2008,0.042
Japan,JPN,2009,0.015
Japan,JPN,2010,-0.026
Japan,JPN,2011,-0.113
Japan,JPN,2012,-0.15
Japan,JPN,2013,-0.17
Japan,JPN,2014,-0.201
Japan,JPN,2015,-0.13
Japan,JPN,2016,-0.053
Japan,JPN,2017,-0.097
Japan,JPN,2018,-0.141
Japan,JPN,2019,-0.197
Japan,JPN,2020,-0.428
Japan,JPN,2021,-0.565
Japan,JPN,2022,-0.523
Japan,JPN,2023,-0.482
Jersey,JEY,1950,1.881
Jersey,JEY,1951,1.272
Jersey,JEY,1952,1.124
Jersey,JEY,1953,1.071
Jersey,JEY,1954,1.052
Jersey,JEY,1955,0.967
Jersey,JEY,1956,0.924
Jersey,JEY,1957,0.965
Jersey,JEY,1958,1.012
Jersey,JEY,1959,1.003
Jersey,JEY,1960,1.01
Jersey,JEY,1961,1.036
Jersey,JEY,1962,1.014
Jersey,JEY,1963,1.003
Jersey,JEY,1964,0.978
Jersey,JEY,1965,0.937
Jersey,JEY,1966,0.924
Jersey,JEY,1967,0.861
Jersey,JEY,1968,0.734
Jersey,JEY,1969,0.697
Jersey,JEY,1970,0.673
Jersey,JEY,1971,1.456
Jersey,JEY,1972,1.584
Jersey,JEY,1973,1.433
Jersey,JEY,1974,1.314
Jersey,JEY,1975,1.216
Jersey,JEY,1976,0.625
Jersey,JEY,1977,0.415
Jersey,JEY,1978,0.395
Jersey,JEY,1979,0.43
Jersey,JEY,1980,0.423
Jersey,JEY,1981,0.919
Jersey,JEY,1982,1.07
Jersey,JEY,1983,1.082
Jersey,JEY,1984,1.077
Jersey,JEY,1985,1.066
Jersey,JEY,1986,0.921
Jersey,JEY,1987,0.844
Jersey,JEY,1988,0.852
Jersey,JEY,1989,0.889
Jersey,JEY,1990,1.193
Jersey,JEY,1991,0.475
Jersey,JEY,1992,0.309
Jersey,JEY,1993,0.291
Jersey,JEY,1994,0.231
Jersey,JEY,1995,0.161
Jersey,JEY,1996,0.554
Jersey,JEY,1997,0.564
Jersey,JEY,1998,0.512
Jersey,JEY,1999,0.41
Jersey,JEY,2000,0.297
Jersey,JEY,2001,0.944
Jersey,JEY,2002,1.102
Jersey,JEY,2003,1.087
Jersey,JEY,2004,1.079
Jersey,JEY,2005,1.07
Jersey,JEY,2006,1.043
Jersey,JEY,2007,1.047
Jersey,JEY,2008,1.009
Jersey,JEY,2009,1.009
Jersey,JEY,2010,0.983
Jersey,JEY,2011,0.907
Jersey,JEY,2012,0.884
Jersey,JEY,2013,0.815
Jersey,JEY,2014,0.809
Jersey,JEY,2015,0.478
Jersey,JEY,2016,0.457
Jersey,JEY,2017,0.394
Jersey,JEY,2018,0.375
Jersey,JEY,2019,0.285
Jersey,JEY,2020,0.246
Jersey,JEY,2021,0.136
Jersey,JEY,2022,0.179
Jersey,JEY,2023,0.177
Jordan,JOR,1950,7.006
Jordan,JOR,1951,7.213
Jordan,JOR,1952,7.233
Jordan,JOR,1953,7.114
Jordan,JOR,1954,6.992
Jordan,JOR,1955,6.819
Jordan,JOR,1956,6.642
Jordan,JOR,1957,6.453
Jordan,JOR,1958,6.16
Jordan,JOR,1959,5.787
Jordan,JOR,1960,5.274
Jordan,JOR,1961,4.818
Jordan,JOR,1962,4.54
Jordan,JOR,1963,4.634
Jordan,JOR,1964,5.431
Jordan,JOR,1965,6.494
Jordan,JOR,1966,7.341
Jordan,JOR,1967,7.806
Jordan,JOR,1968,7.536
Jordan,JOR,1969,6.649
Jordan,JOR,1970,5.51
Jordan,JOR,1971,4.483
Jordan,JOR,1972,3.796
Jordan,JOR,1973,3.487
Jordan,JOR,1974,3.272
Jordan,JOR,1975,3.137
Jordan,JOR,1976,2.997
Jordan,JOR,1977,3.119
Jordan,JOR,1978,3.178
Jordan,JOR,1979,3.453
Jordan,JOR,1980,3.861
Jordan,JOR,1981,4.146
Jordan,JOR,1982,4.385
Jordan,JOR,1983,4.508
Jordan,JOR,1984,4.536
Jordan,JOR,1985,4.601
Jordan,JOR,1986,4.617
Jordan,JOR,1987,4.633
Jordan,JOR,1988,4.687
Jordan,JOR,1989,4.883
Jordan,JOR,1990,10.529
Jordan,JOR,1991,5.249
Jordan,JOR,1992,5.322
Jordan,JOR,1993,5.085
Jordan,JOR,1994,4.511
Jordan,JOR,1995,3.697
Jordan,JOR,1996,2.956
Jordan,JOR,1997,2.424
Jordan,JOR,1998,2.201
Jordan,JOR,1999,2.097
Jordan,JOR,2000,2.048
Jordan,JOR,2001,2.065
Jordan,JOR,2002,2.151
Jordan,JOR,2003,2.277
Jordan,JOR,2004,2.546
Jordan,JOR,2005,2.41
Jordan,JOR,2006,10.125
Jordan,JOR,2007,2.189
Jordan,JOR,2008,2.515
Jordan,JOR,2009,1.792
Jordan,JOR,2010,2.503
Jordan,JOR,2011,2.462
Jordan,JOR,2012,0.386
Jordan,JOR,2013,9.769
Jordan,JOR,2014,9.33
Jordan,JOR,2015,7.194
Jordan,JOR,2016,2.368
Jordan,JOR,2017,2.138
Jordan,JOR,2018,2.269
Jordan,JOR,2019,1.703
Jordan,JOR,2020,1.886
Jordan,JOR,2021,1.784
Jordan,JOR,2022,1.621
Jordan,JOR,2023,1.604
Kazakhstan,KAZ,1950,3.404
Kazakhstan,KAZ,1951,3.369
Kazakhstan,KAZ,1952,3.296
Kazakhstan,KAZ,1953,3.202
Kazakhstan,KAZ,1954,3.19
Kazakhstan,KAZ,1955,3.206
Kazakhstan,KAZ,1956,3.269
Kazakhstan,KAZ,1957,3.334
Kazakhstan,KAZ,1958,3.321
Kazakhstan,KAZ,1959,3.355
Kazakhstan,KAZ,1960,3.283
Kazakhstan,KAZ,1961,3.23
Kazakhstan,KAZ,1962,3.172
Kazakhstan,KAZ,1963,3.065
Kazakhstan,KAZ,1964,2.878
Kazakhstan,KAZ,1965,2.712
Kazakhstan,KAZ,1966,2.6
Kazakhstan,KAZ,1967,2.567
Kazakhstan,KAZ,1968,2.459
Kazakhstan,KAZ,1969,2.155
Kazakhstan,KAZ,1970,2.124
Kazakhstan,KAZ,1971,2.111
Kazakhstan,KAZ,1972,2.056
Kazakhstan,KAZ,1973,1.866
Kazakhstan,KAZ,1974,1.832
Kazakhstan,KAZ,1975,1.796
Kazakhstan,KAZ,1976,2.498
Kazakhstan,KAZ,1977,2.504
Kazakhstan,KAZ,1978,2.428
Kazakhstan,KAZ,1979,1.183
Kazakhstan,KAZ,1980,1.13
Kazakhstan,KAZ,1981,1.103
Kazakhstan,KAZ,1982,1.097
Kazakhstan,KAZ,1983,1.123
Kazakhstan,KAZ,1984,1.15
Kazakhstan,KAZ,1985,1.19
Kazakhstan,KAZ,1986,1.676
Kazakhstan,KAZ,1987,1.558
Kazakhstan,KAZ,1988,1.486
Kazakhstan,KAZ,1989,1.072
Kazakhstan,KAZ,1990,0.768
Kazakhstan,KAZ,1991,0.679
Kazakhstan,KAZ,1992,-0.053
Kazakhstan,KAZ,1993,-0.62
Kazakhstan,KAZ,1994,-2.079
Kazakhstan,KAZ,1995,-1.626
Kazakhstan,KAZ,1996,-2.174
Kazakhstan,KAZ,1997,-2.422
Kazakhstan,KAZ,1998,-2.571
Kazakhstan,KAZ,1999,0.12
Kazakhstan,KAZ,2000,0.464
Kazakhstan,KAZ,2001,0.494
Kazakhstan,KAZ,2002,0.545
Kazakhstan,KAZ,2003,0.61
Kazakhstan,KAZ,2004,0.691
Kazakhstan,KAZ,2005,0.792
Kazakhstan,KAZ,2006,0.899
Kazakhstan,KAZ,2007,0.998
Kazakhstan,KAZ,2008,1.074
Kazakhstan,KAZ,2009,1.265
Kazakhstan,KAZ,2010,1.328
Kazakhstan,KAZ,2011,1.375
Kazakhstan,KAZ,2012,1.418
Kazakhstan,KAZ,2013,1.454
Kazakhstan,KAZ,2014,1.483
Kazakhstan,KAZ,2015,1.501
Kazakhstan,KAZ,2016,1.565
Kazakhstan,KAZ,2017,1.551
Kazakhstan,KAZ,2018,1.438
Kazakhstan,KAZ,2019,1.465
Kazakhstan,KAZ,2020,1.354
Kazakhstan,KAZ,2021,1.313
Kazakhstan,KAZ,2022,1.611
Kazakhstan,KAZ,2023,1.319
Kenya,KEN,1950,1.994
Kenya,KEN,1951,2.27
Kenya,KEN,1952,2.415
Kenya,KEN,1953,2.515
Kenya,KEN,1954,2.725
Kenya,KEN,1955,2.9
Kenya,KEN,1956,3.084
Kenya,KEN,1957,3.267
Kenya,KEN,1958,3.247
Kenya,KEN,1959,3.543
Kenya,KEN,1960,3.667
Kenya,KEN,1961,3.791
Kenya,KEN,1962,3.86
Kenya,KEN,1963,3.907
Kenya,KEN,1964,3.947
Kenya,KEN,1965,4.016
Kenya,KEN,1966,3.957
Kenya,KEN,1967,3.976
Kenya,KEN,1968,3.932
Kenya,KEN,1969,3.915
Kenya,KEN,1970,3.783
Kenya,KEN,1971,3.48
Kenya,KEN,1972,3.475
Kenya,KEN,1973,3.431
Kenya,KEN,1974,3.344
Kenya,KEN,1975,3.302
Kenya,KEN,1976,3.194
Kenya,KEN,1977,3.442
Kenya,KEN,1978,3.442
Kenya,KEN,1979,3.487
Kenya,KEN,1980,3.599
Kenya,KEN,1981,3.552
Kenya,KEN,1982,3.602
Kenya,KEN,1983,3.702
Kenya,KEN,1984,3.654
Kenya,KEN,1985,3.632
Kenya,KEN,1986,3.53
Kenya,KEN,1987,3.524
Kenya,KEN,1988,3.53
Kenya,KEN,1989,3.485
Kenya,KEN,1990,3.398
Kenya,KEN,1991,3.087
Kenya,KEN,1992,3.043
Kenya,KEN,1993,2.897
Kenya,KEN,1994,2.91
Kenya,KEN,1995,2.77
Kenya,KEN,1996,2.736
Kenya,KEN,1997,2.73
Kenya,KEN,1998,2.789
Kenya,KEN,1999,2.977
Kenya,KEN,2000,3.047
Kenya,KEN,2001,3.222
Kenya,KEN,2002,3.073
Kenya,KEN,2003,3.098
Kenya,KEN,2004,3.112
Kenya,KEN,2005,3.034
Kenya,KEN,2006,3.06
Kenya,KEN,2007,2.986
Kenya,KEN,2008,3.072
Kenya,KEN,2009,2.971
Kenya,KEN,2010,2.834
Kenya,KEN,2011,2.669
Kenya,KEN,2012,2.549
Kenya,KEN,2013,2.397
Kenya,KEN,2014,2.282
Kenya,KEN,2015,2.173
Kenya,KEN,2016,2.242
Kenya,KEN,2017,2.108
Kenya,KEN,2018,1.955
Kenya,KEN,2019,1.972
Kenya,KEN,2020,1.952
Kenya,KEN,2021,1.85
Kenya,KEN,2022,1.995
Kenya,KEN,2023,1.972
Kiribati,KIR,1950,2.021
Kiribati,KIR,1951,2.04
Kiribati,KIR,1952,2.08
Kiribati,KIR,1953,2.124
Kiribati,KIR,1954,2.144
Kiribati,KIR,1955,2.224
Kiribati,KIR,1956,2.247
Kiribati,KIR,1957,2.276
Kiribati,KIR,1958,2.274
Kiribati,KIR,1959,2.37
Kiribati,KIR,1960,2.407
Kiribati,KIR,1961,2.479
Kiribati,KIR,1962,2.489
Kiribati,KIR,1963,2.506
Kiribati,KIR,1964,2.534
Kiribati,KIR,1965,2.586
Kiribati,KIR,1966,1.084
Kiribati,KIR,1967,1.004
Kiribati,KIR,1968,0.926
Kiribati,KIR,1969,2.037
Kiribati,KIR,1970,2.003
Kiribati,KIR,1971,1.93
Kiribati,KIR,1972,1.874
Kiribati,KIR,1973,1.596
Kiribati,KIR,1974,-0.292
Kiribati,KIR,1975,-0.469
Kiribati,KIR,1976,-0.602
Kiribati,KIR,1977,-0.704
Kiribati,KIR,1978,-0.636
Kiribati,KIR,1979,1.654
Kiribati,KIR,1980,1.565
Kiribati,KIR,1981,1.595
Kiribati,KIR,1982,1.638
Kiribati,KIR,1983,1.615
Kiribati,KIR,1984,1.657
Kiribati,KIR,1985,2.191
Kiribati,KIR,1986,2.452
Kiribati,KIR,1987,2.405
Kiribati,KIR,1988,2.396
Kiribati,KIR,1989,2.367
Kiribati,KIR,1990,2.248
Kiribati,KIR,1991,1.756
Kiribati,KIR,1992,1.557
Kiribati,KIR,1993,1.509
Kiribati,KIR,1994,1.462
Kiribati,KIR,1995,1.547
Kiribati,KIR,1996,1.839
Kiribati,KIR,1997,1.819
Kiribati,KIR,1998,1.738
Kiribati,KIR,1999,1.662
Kiribati,KIR,2000,1.722
Kiribati,KIR,2001,2.122
Kiribati,KIR,2002,2.105
Kiribati,KIR,2003,1.996
Kiribati,KIR,2004,2.018
Kiribati,KIR,2005,2.002
Kiribati,KIR,2006,2.001
Kiribati,KIR,2007,2.058
Kiribati,KIR,2008,2.12
Kiribati,KIR,2009,2.142
Kiribati,KIR,2010,2.018
Kiribati,KIR,2011,1.53
Kiribati,KIR,2012,1.407
Kiribati,KIR,2013,1.343
Kiribati,KIR,2014,1.255
Kiribati,KIR,2015,1.31
Kiribati,KIR,2016,1.516
Kiribati,KIR,2017,1.494
Kiribati,KIR,2018,1.492
Kiribati,KIR,2019,1.495
Kiribati,KIR,2020,1.986
Kiribati,KIR,2021,1.598
Kiribati,KIR,2022,1.633
Kiribati,KIR,2023,1.504
Kosovo,OWID_KOS,1950,2.039
Kosovo,OWID_KOS,1951,1.991
Kosovo,OWID_KOS,1952,2.167
Kosovo,OWID_KOS,1953,2.17
Kosovo,OWID_KOS,1954,2.378
Kosovo,OWID_KOS,1955,2.324
Kosovo,OWID_KOS,1956,2.38
Kosovo,OWID_KOS,1957,2.453
Kosovo,OWID_KOS,1958,2.574
Kosovo,OWID_KOS,1959,2.666
Kosovo,OWID_KOS,1960,2.77
Kosovo,OWID_KOS,1961,2.558
Kosovo,OWID_KOS,1962,2.429
Kosovo,OWID_KOS,1963,2.483
Kosovo,OWID_KOS,1964,2.631
Kosovo,OWID_KOS,1965,2.778
Kosovo,OWID_KOS,1966,2.926
Kosovo,OWID_KOS,1967,3.068
Kosovo,OWID_KOS,1968,1.371
Kosovo,OWID_KOS,1969,1.45
Kosovo,OWID_KOS,1970,1.467
Kosovo,OWID_KOS,1971,2.247
Kosovo,OWID_KOS,1972,2.191
Kosovo,OWID_KOS,1973,2.305
Kosovo,OWID_KOS,1974,2.437
Kosovo,OWID_KOS,1975,2.57
Kosovo,OWID_KOS,1976,2.681
Kosovo,OWID_KOS,1977,2.759
Kosovo,OWID_KOS,1978,2.83
Kosovo,OWID_KOS,1979,2.832
Kosovo,OWID_KOS,1980,2.86
Kosovo,OWID_KOS,1981,2.284
Kosovo,OWID_KOS,1982,2.115
Kosovo,OWID_KOS,1983,2.127
Kosovo,OWID_KOS,1984,2.196
Kosovo,OWID_KOS,1985,2.217
Kosovo,OWID_KOS,1986,2.291
Kosovo,OWID_KOS,1987,2.401
Kosovo,OWID_KOS,1988,1.535
Kosovo,OWID_KOS,1989,1.412
Kosovo,OWID_KOS,1990,1.389
Kosovo,OWID_KOS,1991,1.781
Kosovo,OWID_KOS,1992,1.618
Kosovo,OWID_KOS,1993,1.587
Kosovo,OWID_KOS,1994,1.534
Kosovo,OWID_KOS,1995,1.507
Kosovo,OWID_KOS,1996,1.396
Kosovo,OWID_KOS,1997,1.219
Kosovo,OWID_KOS,1998,-12.688
Kosovo,OWID_KOS,1999,-8.097
Kosovo,OWID_KOS,2000,0.743
Kosovo,OWID_KOS,2001,1.189
Kosovo,OWID_KOS,2002,-0.15
Kosovo,OWID_KOS,2003,-0.181
Kosovo,OWID_KOS,2004,-0.22
Kosovo,OWID_KOS,2005,-0.265
Kosovo,OWID_KOS,2006,-0.316
Kosovo,OWID_KOS,2007,-0.345
Kosovo,OWID_KOS,2008,-0.346
Kosovo,OWID_KOS,2009,-0.341
Kosovo,OWID_KOS,2010,-0.322
Kosovo,OWID_KOS,2011,0.679
Kosovo,OWID_KOS,2012,0.941
Kosovo,OWID_KOS,2013,0.235
Kosovo,OWID_KOS,2014,-1.141
Kosovo,OWID_KOS,2015,-2.208
Kosovo,OWID_KOS,2016,0.27
Kosovo,OWID_KOS,2017,0.45
Kosovo,OWID_KOS,2018,-0.492
Kosovo,OWID_KOS,2019,-0.951
Kosovo,OWID_KOS,2020,0.539
Kosovo,OWID_KOS,2021,-1.688
Kosovo,OWID_KOS,2022,-1.025
Kosovo,OWID_KOS,2023,-1.072
Kuwait,KWT,1950,2.851
Kuwait,KWT,1951,2.9
Kuwait,KWT,1952,2.954
Kuwait,KWT,1953,3.002
Kuwait,KWT,1954,3.038
Kuwait,KWT,1955,11.015
Kuwait,KWT,1956,10.492
Kuwait,KWT,1957,7.902
Kuwait,KWT,1958,11.36
Kuwait,KWT,1959,10.833
Kuwait,KWT,1960,10.56
Kuwait,KWT,1961,10.691
Kuwait,KWT,1962,10.699
Kuwait,KWT,1963,10.355
Kuwait,KWT,1964,9.856
Kuwait,KWT,1965,9.51
Kuwait,KWT,1966,9.316
Kuwait,KWT,1967,9.192
Kuwait,KWT,1968,8.957
Kuwait,KWT,1969,8.266
Kuwait,KWT,1970,7.098
Kuwait,KWT,1971,6.304
Kuwait,KWT,1972,6.09
Kuwait,KWT,1973,5.992
Kuwait,KWT,1974,6.052
Kuwait,KWT,1975,6.357
Kuwait,KWT,1976,6.576
Kuwait,KWT,1977,6.452
Kuwait,KWT,1978,6.228
Kuwait,KWT,1979,5.828
Kuwait,KWT,1980,5.291
Kuwait,KWT,1981,4.908
Kuwait,KWT,1982,4.838
Kuwait,KWT,1983,4.772
Kuwait,KWT,1984,3.821
Kuwait,KWT,1985,4.094
Kuwait,KWT,1986,4.006
Kuwait,KWT,1987,3.991
Kuwait,KWT,1988,3.818
Kuwait,KWT,1989,3.79
Kuwait,KWT,1990,-71.064
Kuwait,KWT,1991,36.09
Kuwait,KWT,1992,5.178
Kuwait,KWT,1993,-0.613
Kuwait,KWT,1994,-0.32
Kuwait,KWT,1995,2.357
Kuwait,KWT,1996,3.343
Kuwait,KWT,1997,3.191
Kuwait,KWT,1998,3.048
Kuwait,KWT,1999,2.908
Kuwait,KWT,2000,2.768
Kuwait,KWT,2001,2.625
Kuwait,KWT,2002,2.475
Kuwait,KWT,2003,2.314
Kuwait,KWT,2004,2.135
Kuwait,KWT,2005,5.048
Kuwait,KWT,2006,6.049
Kuwait,KWT,2007,5.715
Kuwait,KWT,2008,5.424
Kuwait,KWT,2009,5.165
Kuwait,KWT,2010,5.145
Kuwait,KWT,2011,7.264
Kuwait,KWT,2012,5.424
Kuwait,KWT,2013,4.576
Kuwait,KWT,2014,4.244
Kuwait,KWT,2015,4.743
Kuwait,KWT,2016,3.927
Kuwait,KWT,2017,3.472
Kuwait,KWT,2018,4.469
Kuwait,KWT,2019,1
Kuwait,KWT,2020,-2.921
Kuwait,KWT,2021,1.14
Kuwait,KWT,2022,8.892
Kuwait,KWT,2023,1.875
Kyrgyzstan,KGZ,1950,2.064
Kyrgyzstan,KGZ,1951,2.049
Kyrgyzstan,KGZ,1952,2.056
Kyrgyzstan,KGZ,1953,2.06
Kyrgyzstan,KGZ,1954,2.148
Kyrgyzstan,KGZ,1955,2.245
Kyrgyzstan,KGZ,1956,2.351
Kyrgyzstan,KGZ,1957,2.484
Kyrgyzstan,KGZ,1958,2.603
Kyrgyzstan,KGZ,1959,2.907
Kyrgyzstan,KGZ,1960,3.158
Kyrgyzstan,KGZ,1961,3.336
Kyrgyzstan,KGZ,1962,3.418
Kyrgyzstan,KGZ,1963,3.389
Kyrgyzstan,KGZ,1964,3.271
Kyrgyzstan,KGZ,1965,3.174
Kyrgyzstan,KGZ,1966,3.046
Kyrgyzstan,KGZ,1967,2.982
Kyrgyzstan,KGZ,1968,2.883
Kyrgyzstan,KGZ,1969,2.763
Kyrgyzstan,KGZ,1970,2.62
Kyrgyzstan,KGZ,1971,2.365
Kyrgyzstan,KGZ,1972,2.258
Kyrgyzstan,KGZ,1973,2.163
Kyrgyzstan,KGZ,1974,2.055
Kyrgyzstan,KGZ,1975,1.969
Kyrgyzstan,KGZ,1976,1.877
Kyrgyzstan,KGZ,1977,1.978
Kyrgyzstan,KGZ,1978,1.989
Kyrgyzstan,KGZ,1979,1.971
Kyrgyzstan,KGZ,1980,1.993
Kyrgyzstan,KGZ,1981,1.994
Kyrgyzstan,KGZ,1982,2.083
Kyrgyzstan,KGZ,1983,2.144
Kyrgyzstan,KGZ,1984,1.539
Kyrgyzstan,KGZ,1985,1.559
Kyrgyzstan,KGZ,1986,1.643
Kyrgyzstan,KGZ,1987,1.682
Kyrgyzstan,KGZ,1988,1.574
Kyrgyzstan,KGZ,1989,1.829
Kyrgyzstan,KGZ,1990,1.68
Kyrgyzstan,KGZ,1991,1.549
Kyrgyzstan,KGZ,1992,1.439
Kyrgyzstan,KGZ,1993,-0.285
Kyrgyzstan,KGZ,1994,1.247
Kyrgyzstan,KGZ,1995,1.505
Kyrgyzstan,KGZ,1996,1.412
Kyrgyzstan,KGZ,1997,1.293
Kyrgyzstan,KGZ,1998,1.16
Kyrgyzstan,KGZ,1999,1.302
Kyrgyzstan,KGZ,2000,0.964
Kyrgyzstan,KGZ,2001,0.891
Kyrgyzstan,KGZ,2002,0.849
Kyrgyzstan,KGZ,2003,0.832
Kyrgyzstan,KGZ,2004,0.852
Kyrgyzstan,KGZ,2005,0.805
Kyrgyzstan,KGZ,2006,0.568
Kyrgyzstan,KGZ,2007,0.599
Kyrgyzstan,KGZ,2008,0.495
Kyrgyzstan,KGZ,2009,1.566
Kyrgyzstan,KGZ,2010,1.875
Kyrgyzstan,KGZ,2011,1.833
Kyrgyzstan,KGZ,2012,1.78
Kyrgyzstan,KGZ,2013,1.727
Kyrgyzstan,KGZ,2014,1.728
Kyrgyzstan,KGZ,2015,1.753
Kyrgyzstan,KGZ,2016,1.768
Kyrgyzstan,KGZ,2017,1.855
Kyrgyzstan,KGZ,2018,2.015
Kyrgyzstan,KGZ,2019,2.723
Kyrgyzstan,KGZ,2020,2.451
Kyrgyzstan,KGZ,2021,2.189
Kyrgyzstan,KGZ,2022,1.744
Kyrgyzstan,KGZ,2023,1.614
Laos,LAO,1950,2.419
Laos,LAO,1951,2.355
Laos,LAO,1952,2.335
Laos,LAO,1953,2.325
Laos,LAO,1954,2.303
Laos,LAO,1955,2.301
Laos,LAO,1956,2.296
Laos,LAO,1957,2.288
Laos,LAO,1958,2.29
Laos,LAO,1959,2.24
Laos,LAO,1960,2.243
Laos,LAO,1961,2.257
Laos,LAO,1962,2.309
Laos,LAO,1963,2.248
Laos,LAO,1964,2.259
Laos,LAO,1965,2.284
Laos,LAO,1966,2.283
Laos,LAO,1967,2.322
Laos,LAO,1968,2.339
Laos,LAO,1969,2.363
Laos,LAO,1970,2.393
Laos,LAO,1971,2.412
Laos,LAO,1972,2.431
Laos,LAO,1973,2.429
Laos,LAO,1974,2.335
Laos,LAO,1975,2.092
Laos,LAO,1976,1.822
Laos,LAO,1977,1.675
Laos,LAO,1978,1.683
Laos,LAO,1979,1.844
Laos,LAO,1980,2.102
Laos,LAO,1981,2.344
Laos,LAO,1982,2.547
Laos,LAO,1983,2.657
Laos,LAO,1984,2.738
Laos,LAO,1985,2.799
Laos,LAO,1986,2.828
Laos,LAO,1987,2.856
Laos,LAO,1988,2.872
Laos,LAO,1989,2.858
Laos,LAO,1990,2.834
Laos,LAO,1991,2.799
Laos,LAO,1992,2.74
Laos,LAO,1993,2.688
Laos,LAO,1994,2.546
Laos,LAO,1995,2.393
Laos,LAO,1996,2.271
Laos,LAO,1997,1.904
Laos,LAO,1998,1.799
Laos,LAO,1999,1.697
Laos,LAO,2000,1.662
Laos,LAO,2001,1.635
Laos,LAO,2002,1.578
Laos,LAO,2003,1.502
Laos,LAO,2004,1.414
Laos,LAO,2005,1.602
Laos,LAO,2006,1.565
Laos,LAO,2007,1.532
Laos,LAO,2008,1.508
Laos,LAO,2009,1.484
Laos,LAO,2010,1.46
Laos,LAO,2011,1.437
Laos,LAO,2012,1.418
Laos,LAO,2013,1.397
Laos,LAO,2014,1.361
Laos,LAO,2015,1.555
Laos,LAO,2016,1.572
Laos,LAO,2017,1.569
Laos,LAO,2018,1.539
Laos,LAO,2019,1.513
Laos,LAO,2020,1.474
Laos,LAO,2021,1.409
Laos,LAO,2022,1.41
Laos,LAO,2023,1.375
Latin America and the Caribbean (UN),UN_LAC,1950,2.569
Latin America and the Caribbean (UN),UN_LAC,1951,2.604
Latin America and the Caribbean (UN),UN_LAC,1952,2.628
Latin America and the Caribbean (UN),UN_LAC,1953,2.645
Latin America and the Caribbean (UN),UN_LAC,1954,2.669
Latin America and the Caribbean (UN),UN_LAC,1955,2.684
Latin America and the Caribbean (UN),UN_LAC,1956,2.704
Latin America and the Caribbean (UN),UN_LAC,1957,2.714
Latin America and the Caribbean (UN),UN_LAC,1958,2.719
Latin America and the Caribbean (UN),UN_LAC,1959,2.737
Latin America and the Caribbean (UN),UN_LAC,1960,2.746
Latin America and the Caribbean (UN),UN_LAC,1961,2.763
Latin America and the Caribbean (UN),UN_LAC,1962,2.755
Latin America and the Caribbean (UN),UN_LAC,1963,2.741
Latin America and the Caribbean (UN),UN_LAC,1964,2.712
Latin America and the Caribbean (UN),UN_LAC,1965,2.674
Latin America and the Caribbean (UN),UN_LAC,1966,2.63
Latin America and the Caribbean (UN),UN_LAC,1967,2.584
Latin America and the Caribbean (UN),UN_LAC,1968,2.535
Latin America and the Caribbean (UN),UN_LAC,1969,2.495
Latin America and the Caribbean (UN),UN_LAC,1970,2.439
Latin America and the Caribbean (UN),UN_LAC,1971,2.426
Latin America and the Caribbean (UN),UN_LAC,1972,2.399
Latin America and the Caribbean (UN),UN_LAC,1973,2.378
Latin America and the Caribbean (UN),UN_LAC,1974,2.341
Latin America and the Caribbean (UN),UN_LAC,1975,2.312
Latin America and the Caribbean (UN),UN_LAC,1976,2.281
Latin America and the Caribbean (UN),UN_LAC,1977,2.285
Latin America and the Caribbean (UN),UN_LAC,1978,2.264
Latin America and the Caribbean (UN),UN_LAC,1979,2.233
Latin America and the Caribbean (UN),UN_LAC,1980,2.202
Latin America and the Caribbean (UN),UN_LAC,1981,2.143
Latin America and the Caribbean (UN),UN_LAC,1982,2.133
Latin America and the Caribbean (UN),UN_LAC,1983,2.128
Latin America and the Caribbean (UN),UN_LAC,1984,2.089
Latin America and the Caribbean (UN),UN_LAC,1985,2.043
Latin America and the Caribbean (UN),UN_LAC,1986,1.996
Latin America and the Caribbean (UN),UN_LAC,1987,1.963
Latin America and the Caribbean (UN),UN_LAC,1988,1.934
Latin America and the Caribbean (UN),UN_LAC,1989,1.892
Latin America and the Caribbean (UN),UN_LAC,1990,1.875
Latin America and the Caribbean (UN),UN_LAC,1991,1.8
Latin America and the Caribbean (UN),UN_LAC,1992,1.785
Latin America and the Caribbean (UN),UN_LAC,1993,1.717
Latin America and the Caribbean (UN),UN_LAC,1994,1.69
Latin America and the Caribbean (UN),UN_LAC,1995,1.651
Latin America and the Caribbean (UN),UN_LAC,1996,1.608
Latin America and the Caribbean (UN),UN_LAC,1997,1.575
Latin America and the Caribbean (UN),UN_LAC,1998,1.562
Latin America and the Caribbean (UN),UN_LAC,1999,1.497
Latin America and the Caribbean (UN),UN_LAC,2000,1.423
Latin America and the Caribbean (UN),UN_LAC,2001,1.36
Latin America and the Caribbean (UN),UN_LAC,2002,1.315
Latin America and the Caribbean (UN),UN_LAC,2003,1.262
Latin America and the Caribbean (UN),UN_LAC,2004,1.231
Latin America and the Caribbean (UN),UN_LAC,2005,1.2
Latin America and the Caribbean (UN),UN_LAC,2006,1.175
Latin America and the Caribbean (UN),UN_LAC,2007,1.162
Latin America and the Caribbean (UN),UN_LAC,2008,1.137
Latin America and the Caribbean (UN),UN_LAC,2009,1.106
Latin America and the Caribbean (UN),UN_LAC,2010,1.066
Latin America and the Caribbean (UN),UN_LAC,2011,1.074
Latin America and the Caribbean (UN),UN_LAC,2012,1.044
Latin America and the Caribbean (UN),UN_LAC,2013,1.027
Latin America and the Caribbean (UN),UN_LAC,2014,0.996
Latin America and the Caribbean (UN),UN_LAC,2015,0.958
Latin America and the Caribbean (UN),UN_LAC,2016,0.93
Latin America and the Caribbean (UN),UN_LAC,2017,0.869
Latin America and the Caribbean (UN),UN_LAC,2018,0.846
Latin America and the Caribbean (UN),UN_LAC,2019,0.776
Latin America and the Caribbean (UN),UN_LAC,2020,0.632
Latin America and the Caribbean (UN),UN_LAC,2021,0.52
Latin America and the Caribbean (UN),UN_LAC,2022,0.675
Latin America and the Caribbean (UN),UN_LAC,2023,0.703
Latvia,LVA,1950,0.777
Latvia,LVA,1951,0.8
Latvia,LVA,1952,0.809
Latvia,LVA,1953,0.792
Latvia,LVA,1954,0.914
Latvia,LVA,1955,0.937
Latvia,LVA,1956,0.958
Latvia,LVA,1957,1.072
Latvia,LVA,1958,1.186
Latvia,LVA,1959,2.046
Latvia,LVA,1960,1.195
Latvia,LVA,1961,1.229
Latvia,LVA,1962,1.087
Latvia,LVA,1963,1.057
Latvia,LVA,1964,1.103
Latvia,LVA,1965,0.95
Latvia,LVA,1966,0.957
Latvia,LVA,1967,0.945
Latvia,LVA,1968,0.894
Latvia,LVA,1969,0.858
Latvia,LVA,1970,0.837
Latvia,LVA,1971,0.812
Latvia,LVA,1972,0.764
Latvia,LVA,1973,0.89
Latvia,LVA,1974,0.858
Latvia,LVA,1975,0.677
Latvia,LVA,1976,0.522
Latvia,LVA,1977,0.613
Latvia,LVA,1978,0.411
Latvia,LVA,1979,0.242
Latvia,LVA,1980,0.255
Latvia,LVA,1981,0.397
Latvia,LVA,1982,0.556
Latvia,LVA,1983,0.622
Latvia,LVA,1984,0.615
Latvia,LVA,1985,0.665
Latvia,LVA,1986,0.921
Latvia,LVA,1987,1.083
Latvia,LVA,1988,0.91
Latvia,LVA,1989,0.039
Latvia,LVA,1990,-0.393
Latvia,LVA,1991,-0.451
Latvia,LVA,1992,-2.153
Latvia,LVA,1993,-1.783
Latvia,LVA,1994,-1.565
Latvia,LVA,1995,-1.252
Latvia,LVA,1996,-1.016
Latvia,LVA,1997,-1.002
Latvia,LVA,1998,-0.899
Latvia,LVA,1999,-0.716
Latvia,LVA,2000,-1.178
Latvia,LVA,2001,-1.373
Latvia,LVA,2002,-0.942
Latvia,LVA,2003,-1.003
Latvia,LVA,2004,-1.178
Latvia,LVA,2005,-0.987
Latvia,LVA,2006,-0.874
Latvia,LVA,2007,-0.778
Latvia,LVA,2008,-1.332
Latvia,LVA,2009,-1.976
Latvia,LVA,2010,-2.197
Latvia,LVA,2011,-1.441
Latvia,LVA,2012,-1.029
Latvia,LVA,2013,-1.109
Latvia,LVA,2014,-0.773
Latvia,LVA,2015,-0.868
Latvia,LVA,2016,-0.962
Latvia,LVA,2017,-0.808
Latvia,LVA,2018,-0.743
Latvia,LVA,2019,-0.644
Latvia,LVA,2020,-0.734
Latvia,LVA,2021,-0.908
Latvia,LVA,2022,0.429
Latvia,LVA,2023,-0.287
Least developed countries,,1950,1.912
Least developed countries,,1951,1.966
Least developed countries,,1952,1.998
Least developed countries,,1953,1.996
Least developed countries,,1954,2.064
Least developed countries,,1955,2.109
Least developed countries,,1956,2.15
Least developed countries,,1957,2.136
Least developed countries,,1958,2.106
Least developed countries,,1959,2.298
Least developed countries,,1960,2.364
Least developed countries,,1961,2.422
Least developed countries,,1962,2.449
Least developed countries,,1963,2.455
Least developed countries,,1964,2.518
Least developed countries,,1965,2.53
Least developed countries,,1966,2.543
Least developed countries,,1967,2.611
Least developed countries,,1968,2.622
Least developed countries,,1969,2.579
Least developed countries,,1970,2.463
Least developed countries,,1971,2.192
Least developed countries,,1972,2.539
Least developed countries,,1973,2.693
Least developed countries,,1974,2.574
Least developed countries,,1975,2.422
Least developed countries,,1976,2.403
Least developed countries,,1977,2.321
Least developed countries,,1978,2.622
Least developed countries,,1979,2.549
Least developed countries,,1980,2.121
Least developed countries,,1981,2.313
Least developed countries,,1982,2.721
Least developed countries,,1983,2.687
Least developed countries,,1984,2.679
Least developed countries,,1985,2.597
Least developed countries,,1986,2.567
Least developed countries,,1987,2.573
Least developed countries,,1988,2.477
Least developed countries,,1989,2.552
Least developed countries,,1990,2.399
Least developed countries,,1991,2.504
Least developed countries,,1992,2.795
Least developed countries,,1993,2.824
Least developed countries,,1994,2.628
Least developed countries,,1995,2.69
Least developed countries,,1996,2.564
Least developed countries,,1997,2.574
Least developed countries,,1998,2.521
Least developed countries,,1999,2.472
Least developed countries,,2000,2.341
Least developed countries,,2001,2.425
Least developed countries,,2002,2.552
Least developed countries,,2003,2.433
Least developed countries,,2004,2.366
Least developed countries,,2005,2.429
Least developed countries,,2006,2.374
Least developed countries,,2007,2.266
Least developed countries,,2008,2.381
Least developed countries,,2009,2.322
Least developed countries,,2010,2.328
Least developed countries,,2011,2.371
Least developed countries,,2012,2.369
Least developed countries,,2013,2.388
Least developed countries,,2014,2.35
Least developed countries,,2015,2.322
Least developed countries,,2016,2.381
Least developed countries,,2017,2.348
Least developed countries,,2018,2.376
Least developed countries,,2019,2.388
Least developed countries,,2020,2.398
Least developed countries,,2021,2.263
Least developed countries,,2022,2.267
Least developed countries,,2023,2.305
Lebanon,LBN,1950,2.786
Lebanon,LBN,1951,2.8
Lebanon,LBN,1952,2.816
Lebanon,LBN,1953,2.839
Lebanon,LBN,1954,2.856
Lebanon,LBN,1955,2.843
Lebanon,LBN,1956,2.876
Lebanon,LBN,1957,2.89
Lebanon,LBN,1958,2.816
Lebanon,LBN,1959,2.912
Lebanon,LBN,1960,2.927
Lebanon,LBN,1961,3.18
Lebanon,LBN,1962,3.15
Lebanon,LBN,1963,3.113
Lebanon,LBN,1964,2.912
Lebanon,LBN,1965,2.75
Lebanon,LBN,1966,2.859
Lebanon,LBN,1967,2.516
Lebanon,LBN,1968,2.813
Lebanon,LBN,1969,2.57
Lebanon,LBN,1970,2.35
Lebanon,LBN,1971,2.63
Lebanon,LBN,1972,2.491
Lebanon,LBN,1973,2.484
Lebanon,LBN,1974,2.3
Lebanon,LBN,1975,2.058
Lebanon,LBN,1976,0.409
Lebanon,LBN,1977,2.181
Lebanon,LBN,1978,2.155
Lebanon,LBN,1979,2.05
Lebanon,LBN,1980,2.213
Lebanon,LBN,1981,2.103
Lebanon,LBN,1982,0.937
Lebanon,LBN,1983,1.664
Lebanon,LBN,1984,2.03
Lebanon,LBN,1985,2.029
Lebanon,LBN,1986,3.052
Lebanon,LBN,1987,2.058
Lebanon,LBN,1988,1.984
Lebanon,LBN,1989,2.064
Lebanon,LBN,1990,1.865
Lebanon,LBN,1991,2.193
Lebanon,LBN,1992,2.041
Lebanon,LBN,1993,1.834
Lebanon,LBN,1994,1.754
Lebanon,LBN,1995,1.859
Lebanon,LBN,1996,1.845
Lebanon,LBN,1997,1.772
Lebanon,LBN,1998,1.745
Lebanon,LBN,1999,1.763
Lebanon,LBN,2000,1.688
Lebanon,LBN,2001,1.637
Lebanon,LBN,2002,1.145
Lebanon,LBN,2003,1.611
Lebanon,LBN,2004,1.623
Lebanon,LBN,2005,1.477
Lebanon,LBN,2006,1.917
Lebanon,LBN,2007,1.959
Lebanon,LBN,2008,1.372
Lebanon,LBN,2009,1.328
Lebanon,LBN,2010,0.629
Lebanon,LBN,2011,1.526
Lebanon,LBN,2012,3.852
Lebanon,LBN,2013,14.191
Lebanon,LBN,2014,6.2
Lebanon,LBN,2015,-2.201
Lebanon,LBN,2016,-2.473
Lebanon,LBN,2017,-2.751
Lebanon,LBN,2018,-3.051
Lebanon,LBN,2019,-3.392
Lebanon,LBN,2020,0.213
Lebanon,LBN,2021,0.338
Lebanon,LBN,2022,0.582
Lebanon,LBN,2023,0.426
Lesotho,LSO,1950,1.759
Lesotho,LSO,1951,1.905
Lesotho,LSO,1952,2.012
Lesotho,LSO,1953,2.106
Lesotho,LSO,1954,2.214
Lesotho,LSO,1955,2.287
Lesotho,LSO,1956,2.367
Lesotho,LSO,1957,2.84
Lesotho,LSO,1958,2.9
Lesotho,LSO,1959,2.956
Lesotho,LSO,1960,2.984
Lesotho,LSO,1961,2.988
Lesotho,LSO,1962,2.982
Lesotho,LSO,1963,2.956
Lesotho,LSO,1964,2.932
Lesotho,LSO,1965,2.926
Lesotho,LSO,1966,3.467
Lesotho,LSO,1967,3.682
Lesotho,LSO,1968,3.649
Lesotho,LSO,1969,3.622
Lesotho,LSO,1970,3.585
Lesotho,LSO,1971,3.542
Lesotho,LSO,1972,3.494
Lesotho,LSO,1973,3.447
Lesotho,LSO,1974,3.447
Lesotho,LSO,1975,3.465
Lesotho,LSO,1976,2.96
Lesotho,LSO,1977,2.823
Lesotho,LSO,1978,2.874
Lesotho,LSO,1979,2.908
Lesotho,LSO,1980,2.914
Lesotho,LSO,1981,2.909
Lesotho,LSO,1982,2.899
Lesotho,LSO,1983,2.878
Lesotho,LSO,1984,2.85
Lesotho,LSO,1985,2.819
Lesotho,LSO,1986,2.264
Lesotho,LSO,1987,2.159
Lesotho,LSO,1988,2.076
Lesotho,LSO,1989,1.975
Lesotho,LSO,1990,1.849
Lesotho,LSO,1991,1.732
Lesotho,LSO,1992,1.595
Lesotho,LSO,1993,1.428
Lesotho,LSO,1994,1.28
Lesotho,LSO,1995,1.168
Lesotho,LSO,1996,0.972
Lesotho,LSO,1997,0.616
Lesotho,LSO,1998,0.38
Lesotho,LSO,1999,0.139
Lesotho,LSO,2000,-0.071
Lesotho,LSO,2001,-0.235
Lesotho,LSO,2002,-0.383
Lesotho,LSO,2003,-0.584
Lesotho,LSO,2004,-0.825
Lesotho,LSO,2005,-1.016
Lesotho,LSO,2006,0.196
Lesotho,LSO,2007,0.645
Lesotho,LSO,2008,0.709
Lesotho,LSO,2009,0.744
Lesotho,LSO,2010,0.801
Lesotho,LSO,2011,0.969
Lesotho,LSO,2012,1.041
Lesotho,LSO,2013,1.125
Lesotho,LSO,2014,1.156
Lesotho,LSO,2015,1.188
Lesotho,LSO,2016,1.25
Lesotho,LSO,2017,1.24
Lesotho,LSO,2018,1.201
Lesotho,LSO,2019,1.149
Lesotho,LSO,2020,1.22
Lesotho,LSO,2021,1.077
Lesotho,LSO,2022,1.084
Lesotho,LSO,2023,1.123
Less developed regions,,1950,2.013
Less developed regions,,1951,2.059
Less developed regions,,1952,2.317
Less developed regions,,1953,2.249
Less developed regions,,1954,2.38
Less developed regions,,1955,2.4
Less developed regions,,1956,2.359
Less developed regions,,1957,2.465
Less developed regions,,1958,2.35
Less developed regions,,1959,1.977
Less developed regions,,1960,1.767
Less developed regions,,1961,1.879
Less developed regions,,1962,2.534
Less developed regions,,1963,2.788
Less developed regions,,1964,2.619
Less developed regions,,1965,2.536
Less developed regions,,1966,2.488
Less developed regions,,1967,2.436
Less developed regions,,1968,2.567
Less developed regions,,1969,2.512
Less developed regions,,1970,2.526
Less developed regions,,1971,2.362
Less developed regions,,1972,2.384
Less developed regions,,1973,2.35
Less developed regions,,1974,2.283
Less developed regions,,1975,2.195
Less developed regions,,1976,2.155
Less developed regions,,1977,2.112
Less developed regions,,1978,2.114
Less developed regions,,1979,2.16
Less developed regions,,1980,2.164
Less developed regions,,1981,2.208
Less developed regions,,1982,2.257
Less developed regions,,1983,2.158
Less developed regions,,1984,2.176
Less developed regions,,1985,2.17
Less developed regions,,1986,2.192
Less developed regions,,1987,2.198
Less developed regions,,1988,2.123
Less developed regions,,1989,2.121
Less developed regions,,1990,2.076
Less developed regions,,1991,1.921
Less developed regions,,1992,1.886
Less developed regions,,1993,1.816
Less developed regions,,1994,1.737
Less developed regions,,1995,1.746
Less developed regions,,1996,1.699
Less developed regions,,1997,1.67
Less developed regions,,1998,1.65
Less developed regions,,1999,1.607
Less developed regions,,2000,1.603
Less developed regions,,2001,1.566
Less developed regions,,2002,1.504
Less developed regions,,2003,1.501
Less developed regions,,2004,1.488
Less developed regions,,2005,1.48
Less developed regions,,2006,1.479
Less developed regions,,2007,1.459
Less developed regions,,2008,1.464
Less developed regions,,2009,1.47
Less developed regions,,2010,1.455
Less developed regions,,2011,1.439
Less developed regions,,2012,1.456
Less developed regions,,2013,1.412
Less developed regions,,2014,1.387
Less developed regions,,2015,1.329
Less developed regions,,2016,1.311
Less developed regions,,2017,1.271
Less developed regions,,2018,1.208
Less developed regions,,2019,1.165
Less developed regions,,2020,1.081
Less developed regions,,2021,0.961
Less developed regions,,2022,1.046
Less developed regions,,2023,1.009
"Less developed regions, excluding China",,1950,2.11
"Less developed regions, excluding China",,1951,2.191
"Less developed regions, excluding China",,1952,2.31
"Less developed regions, excluding China",,1953,2.331
"Less developed regions, excluding China",,1954,2.428
"Less developed regions, excluding China",,1955,2.458
"Less developed regions, excluding China",,1956,2.506
"Less developed regions, excluding China",,1957,2.479
"Less developed regions, excluding China",,1958,2.523
"Less developed regions, excluding China",,1959,2.567
"Less developed regions, excluding China",,1960,2.571
"Less developed regions, excluding China",,1961,2.571
"Less developed regions, excluding China",,1962,2.573
"Less developed regions, excluding China",,1963,2.58
"Less developed regions, excluding China",,1964,2.57
"Less developed regions, excluding China",,1965,2.465
"Less developed regions, excluding China",,1966,2.472
"Less developed regions, excluding China",,1967,2.509
"Less developed regions, excluding China",,1968,2.477
"Less developed regions, excluding China",,1969,2.465
"Less developed regions, excluding China",,1970,2.479
"Less developed regions, excluding China",,1971,2.357
"Less developed regions, excluding China",,1972,2.457
"Less developed regions, excluding China",,1973,2.465
"Less developed regions, excluding China",,1974,2.466
"Less developed regions, excluding China",,1975,2.457
"Less developed regions, excluding China",,1976,2.45
"Less developed regions, excluding China",,1977,2.448
"Less developed regions, excluding China",,1978,2.452
"Less developed regions, excluding China",,1979,2.479
"Less developed regions, excluding China",,1980,2.47
"Less developed regions, excluding China",,1981,2.504
"Less developed regions, excluding China",,1982,2.51
"Less developed regions, excluding China",,1983,2.479
"Less developed regions, excluding China",,1984,2.465
"Less developed regions, excluding China",,1985,2.42
"Less developed regions, excluding China",,1986,2.397
"Less developed regions, excluding China",,1987,2.368
"Less developed regions, excluding China",,1988,2.318
"Less developed regions, excluding China",,1989,2.301
"Less developed regions, excluding China",,1990,2.217
"Less developed regions, excluding China",,1991,2.194
"Less developed regions, excluding China",,1992,2.18
"Less developed regions, excluding China",,1993,2.118
"Less developed regions, excluding China",,1994,2.042
"Less developed regions, excluding China",,1995,2.058
"Less developed regions, excluding China",,1996,2.01
"Less developed regions, excluding China",,1997,1.989
"Less developed regions, excluding China",,1998,1.969
"Less developed regions, excluding China",,1999,1.921
"Less developed regions, excluding China",,2000,1.899
"Less developed regions, excluding China",,2001,1.879
"Less developed regions, excluding China",,2002,1.816
"Less developed regions, excluding China",,2003,1.813
"Less developed regions, excluding China",,2004,1.794
"Less developed regions, excluding China",,2005,1.763
"Less developed regions, excluding China",,2006,1.772
"Less developed regions, excluding China",,2007,1.743
"Less developed regions, excluding China",,2008,1.736
"Less developed regions, excluding China",,2009,1.722
"Less developed regions, excluding China",,2010,1.707
"Less developed regions, excluding China",,2011,1.695
"Less developed regions, excluding China",,2012,1.678
"Less developed regions, excluding China",,2013,1.648
"Less developed regions, excluding China",,2014,1.611
"Less developed regions, excluding China",,2015,1.569
"Less developed regions, excluding China",,2016,1.522
"Less developed regions, excluding China",,2017,1.478
"Less developed regions, excluding China",,2018,1.454
"Less developed regions, excluding China",,2019,1.422
"Less developed regions, excluding China",,2020,1.362
"Less developed regions, excluding China",,2021,1.246
"Less developed regions, excluding China",,2022,1.372
"Less developed regions, excluding China",,2023,1.348
"Less developed regions, excluding least developed countries",,1950,2.027
"Less developed regions, excluding least developed countries",,1951,2.072
"Less developed regions, excluding least developed countries",,1952,2.36
"Less developed regions, excluding least developed countries",,1953,2.282
"Less developed regions, excluding least developed countries",,1954,2.422
"Less developed regions, excluding least developed countries",,1955,2.438
"Less developed regions, excluding least developed countries",,1956,2.387
"Less developed regions, excluding least developed countries",,1957,2.508
"Less developed regions, excluding least developed countries",,1958,2.382
"Less developed regions, excluding least developed countries",,1959,1.934
"Less developed regions, excluding least developed countries",,1960,1.688
"Less developed regions, excluding least developed countries",,1961,1.807
"Less developed regions, excluding least developed countries",,1962,2.545
"Less developed regions, excluding least developed countries",,1963,2.832
"Less developed regions, excluding least developed countries",,1964,2.632
"Less developed regions, excluding least developed countries",,1965,2.537
"Less developed regions, excluding least developed countries",,1966,2.48
"Less developed regions, excluding least developed countries",,1967,2.412
"Less developed regions, excluding least developed countries",,1968,2.56
"Less developed regions, excluding least developed countries",,1969,2.504
"Less developed regions, excluding least developed countries",,1970,2.535
"Less developed regions, excluding least developed countries",,1971,2.385
"Less developed regions, excluding least developed countries",,1972,2.363
"Less developed regions, excluding least developed countries",,1973,2.305
"Less developed regions, excluding least developed countries",,1974,2.244
"Less developed regions, excluding least developed countries",,1975,2.165
"Less developed regions, excluding least developed countries",,1976,2.122
"Less developed regions, excluding least developed countries",,1977,2.083
"Less developed regions, excluding least developed countries",,1978,2.045
"Less developed regions, excluding least developed countries",,1979,2.107
"Less developed regions, excluding least developed countries",,1980,2.17
"Less developed regions, excluding least developed countries",,1981,2.193
"Less developed regions, excluding least developed countries",,1982,2.194
"Less developed regions, excluding least developed countries",,1983,2.085
"Less developed regions, excluding least developed countries",,1984,2.107
"Less developed regions, excluding least developed countries",,1985,2.111
"Less developed regions, excluding least developed countries",,1986,2.14
"Less developed regions, excluding least developed countries",,1987,2.145
"Less developed regions, excluding least developed countries",,1988,2.073
"Less developed regions, excluding least developed countries",,1989,2.06
"Less developed regions, excluding least developed countries",,1990,2.03
"Less developed regions, excluding least developed countries",,1991,1.838
"Less developed regions, excluding least developed countries",,1992,1.755
"Less developed regions, excluding least developed countries",,1993,1.669
"Less developed regions, excluding least developed countries",,1994,1.606
"Less developed regions, excluding least developed countries",,1995,1.606
"Less developed regions, excluding least developed countries",,1996,1.569
"Less developed regions, excluding least developed countries",,1997,1.533
"Less developed regions, excluding least developed countries",,1998,1.517
"Less developed regions, excluding least developed countries",,1999,1.472
"Less developed regions, excluding least developed countries",,2000,1.487
"Less developed regions, excluding least developed countries",,2001,1.431
"Less developed regions, excluding least developed countries",,2002,1.336
"Less developed regions, excluding least developed countries",,2003,1.35
"Less developed regions, excluding least developed countries",,2004,1.345
"Less developed regions, excluding least developed countries",,2005,1.323
"Less developed regions, excluding least developed countries",,2006,1.329
"Less developed regions, excluding least developed countries",,2007,1.323
"Less developed regions, excluding least developed countries",,2008,1.308
"Less developed regions, excluding least developed countries",,2009,1.323
"Less developed regions, excluding least developed countries",,2010,1.303
"Less developed regions, excluding least developed countries",,2011,1.276
"Less developed regions, excluding least developed countries",,2012,1.294
"Less developed regions, excluding least developed countries",,2013,1.237
"Less developed regions, excluding least developed countries",,2014,1.212
"Less developed regions, excluding least developed countries",,2015,1.146
"Less developed regions, excluding least developed countries",,2016,1.113
"Less developed regions, excluding least developed countries",,2017,1.069
"Less developed regions, excluding least developed countries",,2018,0.986
"Less developed regions, excluding least developed countries",,2019,0.928
"Less developed regions, excluding least developed countries",,2020,0.823
"Less developed regions, excluding least developed countries",,2021,0.701
"Less developed regions, excluding least developed countries",,2022,0.799
"Less developed regions, excluding least developed countries",,2023,0.743
Liberia,LBR,1950,1.844
Liberia,LBR,1951,1.929
Liberia,LBR,1952,1.997
Liberia,LBR,1953,2.025
Liberia,LBR,1954,2.117
Liberia,LBR,1955,2.183
Liberia,LBR,1956,2.245
Liberia,LBR,1957,2.283
Liberia,LBR,1958,2.238
Liberia,LBR,1959,2.365
Liberia,LBR,1960,2.423
Liberia,LBR,1961,2.465
Liberia,LBR,1962,2.495
Liberia,LBR,1963,2.516
Liberia,LBR,1964,2.525
Liberia,LBR,1965,2.559
Liberia,LBR,1966,2.523
Liberia,LBR,1967,2.554
Liberia,LBR,1968,2.547
Liberia,LBR,1969,2.564
Liberia,LBR,1970,2.556
Liberia,LBR,1971,2.481
Liberia,LBR,1972,2.585
Liberia,LBR,1973,2.65
Liberia,LBR,1974,2.68
Liberia,LBR,1975,2.724
Liberia,LBR,1976,2.724
Liberia,LBR,1977,2.896
Liberia,LBR,1978,2.932
Liberia,LBR,1979,2.97
Liberia,LBR,1980,2.979
Liberia,LBR,1981,2.907
Liberia,LBR,1982,2.868
Liberia,LBR,1983,3.105
Liberia,LBR,1984,3.082
Liberia,LBR,1985,3.012
Liberia,LBR,1986,2.966
Liberia,LBR,1987,2.902
Liberia,LBR,1988,2.879
Liberia,LBR,1989,2.836
Liberia,LBR,1990,-29.891
Liberia,LBR,1991,6.415
Liberia,LBR,1992,5.136
Liberia,LBR,1993,2.734
Liberia,LBR,1994,-3.224
Liberia,LBR,1995,4.97
Liberia,LBR,1996,0.828
Liberia,LBR,1997,14.236
Liberia,LBR,1998,6.419
Liberia,LBR,1999,4.671
Liberia,LBR,2000,2.77
Liberia,LBR,2001,3.096
Liberia,LBR,2002,2.118
Liberia,LBR,2003,-0.514
Liberia,LBR,2004,2.875
Liberia,LBR,2005,5.985
Liberia,LBR,2006,5.216
Liberia,LBR,2007,4.756
Liberia,LBR,2008,3.388
Liberia,LBR,2009,2.907
Liberia,LBR,2010,2.885
Liberia,LBR,2011,4.916
Liberia,LBR,2012,2.201
Liberia,LBR,2013,2.195
Liberia,LBR,2014,1.972
Liberia,LBR,2015,2.153
Liberia,LBR,2016,1.936
Liberia,LBR,2017,1.95
Liberia,LBR,2018,1.962
Liberia,LBR,2019,2.002
Liberia,LBR,2020,2.147
Liberia,LBR,2021,2.076
Liberia,LBR,2022,2.21
Liberia,LBR,2023,2.198
Libya,LBY,1950,1.101
Libya,LBY,1951,1.344
Libya,LBY,1952,1.616
Libya,LBY,1953,1.93
Libya,LBY,1954,2.229
Libya,LBY,1955,3.179
Libya,LBY,1956,3.406
Libya,LBY,1957,3.62
Libya,LBY,1958,3.815
Libya,LBY,1959,3.969
Libya,LBY,1960,4.083
Libya,LBY,1961,4.158
Libya,LBY,1962,4.184
Libya,LBY,1963,4.091
Libya,LBY,1964,3.269
Libya,LBY,1965,2.402
Libya,LBY,1966,2.529
Libya,LBY,1967,2.714
Libya,LBY,1968,2.953
Libya,LBY,1969,3.245
Libya,LBY,1970,3.42
Libya,LBY,1971,3.282
Libya,LBY,1972,3.345
Libya,LBY,1973,4.398
Libya,LBY,1974,5.522
Libya,LBY,1975,5.617
Libya,LBY,1976,5.696
Libya,LBY,1977,5.75
Libya,LBY,1978,5.779
Libya,LBY,1979,5.762
Libya,LBY,1980,5.689
Libya,LBY,1981,5.509
Libya,LBY,1982,0.191
Libya,LBY,1983,-0.504
Libya,LBY,1984,3.394
Libya,LBY,1985,3.133
Libya,LBY,1986,2.867
Libya,LBY,1987,2.652
Libya,LBY,1988,2.514
Libya,LBY,1989,2.39
Libya,LBY,1990,2.268
Libya,LBY,1991,2.145
Libya,LBY,1992,2.035
Libya,LBY,1993,1.922
Libya,LBY,1994,1.805
Libya,LBY,1995,1.683
Libya,LBY,1996,1.574
Libya,LBY,1997,1.5
Libya,LBY,1998,1.481
Libya,LBY,1999,1.505
Libya,LBY,2000,1.799
Libya,LBY,2001,1.884
Libya,LBY,2002,1.956
Libya,LBY,2003,2.033
Libya,LBY,2004,2.098
Libya,LBY,2005,2.114
Libya,LBY,2006,1.99
Libya,LBY,2007,2.119
Libya,LBY,2008,2.129
Libya,LBY,2009,2.038
Libya,LBY,2010,2.04
Libya,LBY,2011,-6.968
Libya,LBY,2012,1.846
Libya,LBY,2013,2.166
Libya,LBY,2014,1.691
Libya,LBY,2015,1.538
Libya,LBY,2016,1.511
Libya,LBY,2017,1.678
Libya,LBY,2018,1.569
Libya,LBY,2019,1.388
Libya,LBY,2020,1.309
Libya,LBY,2021,1.224
Libya,LBY,2022,1.245
Libya,LBY,2023,1.01
Liechtenstein,LIE,1950,1.78
Liechtenstein,LIE,1951,1.622
Liechtenstein,LIE,1952,1.603
Liechtenstein,LIE,1953,1.728
Liechtenstein,LIE,1954,1.652
Liechtenstein,LIE,1955,1.804
Liechtenstein,LIE,1956,1.817
Liechtenstein,LIE,1957,2.034
Liechtenstein,LIE,1958,1.999
Liechtenstein,LIE,1959,1.93
Liechtenstein,LIE,1960,1.995
Liechtenstein,LIE,1961,2.426
Liechtenstein,LIE,1962,2.42
Liechtenstein,LIE,1963,2.463
Liechtenstein,LIE,1964,2.497
Liechtenstein,LIE,1965,2.489
Liechtenstein,LIE,1966,2.434
Liechtenstein,LIE,1967,2.619
Liechtenstein,LIE,1968,2.694
Liechtenstein,LIE,1969,2.628
Liechtenstein,LIE,1970,2.37
Liechtenstein,LIE,1971,1.852
Liechtenstein,LIE,1972,1.805
Liechtenstein,LIE,1973,1.84
Liechtenstein,LIE,1974,1.75
Liechtenstein,LIE,1975,1.686
Liechtenstein,LIE,1976,1.645
Liechtenstein,LIE,1977,1.589
Liechtenstein,LIE,1978,1.528
Liechtenstein,LIE,1979,1.517
Liechtenstein,LIE,1980,1.439
Liechtenstein,LIE,1981,1.504
Liechtenstein,LIE,1982,1.501
Liechtenstein,LIE,1983,1.498
Liechtenstein,LIE,1984,1.446
Liechtenstein,LIE,1985,1.403
Liechtenstein,LIE,1986,1.358
Liechtenstein,LIE,1987,1.362
Liechtenstein,LIE,1988,1.418
Liechtenstein,LIE,1989,1.297
Liechtenstein,LIE,1990,1.18
Liechtenstein,LIE,1991,1.506
Liechtenstein,LIE,1992,1.511
Liechtenstein,LIE,1993,1.472
Liechtenstein,LIE,1994,1.366
Liechtenstein,LIE,1995,1.437
Liechtenstein,LIE,1996,1.373
Liechtenstein,LIE,1997,1.323
Liechtenstein,LIE,1998,1.278
Liechtenstein,LIE,1999,1.247
Liechtenstein,LIE,2000,1.099
Liechtenstein,LIE,2001,0.891
Liechtenstein,LIE,2002,0.886
Liechtenstein,LIE,2003,0.987
Liechtenstein,LIE,2004,0.933
Liechtenstein,LIE,2005,0.816
Liechtenstein,LIE,2006,0.821
Liechtenstein,LIE,2007,0.608
Liechtenstein,LIE,2008,0.624
Liechtenstein,LIE,2009,0.913
Liechtenstein,LIE,2010,0.658
Liechtenstein,LIE,2011,0.841
Liechtenstein,LIE,2012,0.948
Liechtenstein,LIE,2013,0.764
Liechtenstein,LIE,2014,0.6
Liechtenstein,LIE,2015,0.674
Liechtenstein,LIE,2016,0.473
Liechtenstein,LIE,2017,0.774
Liechtenstein,LIE,2018,0.69
Liechtenstein,LIE,2019,0.937
Liechtenstein,LIE,2020,0.758
Liechtenstein,LIE,2021,0.666
Liechtenstein,LIE,2022,0.727
Liechtenstein,LIE,2023,0.697
Lithuania,LTU,1950,1.016
Lithuania,LTU,1951,1.095
Lithuania,LTU,1952,1.136
Lithuania,LTU,1953,1.16
Lithuania,LTU,1954,1.178
Lithuania,LTU,1955,1.213
Lithuania,LTU,1956,1.258
Lithuania,LTU,1957,1.364
Lithuania,LTU,1958,1.43
Lithuania,LTU,1959,1.806
Lithuania,LTU,1960,1.577
Lithuania,LTU,1961,1.541
Lithuania,LTU,1962,1.333
Lithuania,LTU,1963,1.298
Lithuania,LTU,1964,1.299
Lithuania,LTU,1965,1.173
Lithuania,LTU,1966,1.18
Lithuania,LTU,1967,1.141
Lithuania,LTU,1968,1.144
Lithuania,LTU,1969,1.004
Lithuania,LTU,1970,1.076
Lithuania,LTU,1971,1.134
Lithuania,LTU,1972,1.013
Lithuania,LTU,1973,0.933
Lithuania,LTU,1974,0.922
Lithuania,LTU,1975,0.869
Lithuania,LTU,1976,0.873
Lithuania,LTU,1977,0.845
Lithuania,LTU,1978,0.749
Lithuania,LTU,1979,0.705
Lithuania,LTU,1980,0.681
Lithuania,LTU,1981,0.707
Lithuania,LTU,1982,0.751
Lithuania,LTU,1983,0.843
Lithuania,LTU,1984,0.787
Lithuania,LTU,1985,0.806
Lithuania,LTU,1986,0.948
Lithuania,LTU,1987,0.912
Lithuania,LTU,1988,1.565
Lithuania,LTU,1989,-0.285
Lithuania,LTU,1990,0.226
Lithuania,LTU,1991,0.12
Lithuania,LTU,1992,-0.329
Lithuania,LTU,1993,-0.612
Lithuania,LTU,1994,-0.768
Lithuania,LTU,1995,-0.762
Lithuania,LTU,1996,-0.751
Lithuania,LTU,1997,-0.716
Lithuania,LTU,1998,-0.724
Lithuania,LTU,1999,-0.683
Lithuania,LTU,2000,-0.599
Lithuania,LTU,2001,-0.974
Lithuania,LTU,2002,-0.699
Lithuania,LTU,2003,-0.98
Lithuania,LTU,2004,-1.293
Lithuania,LTU,2005,-1.962
Lithuania,LTU,2006,-1.215
Lithuania,LTU,2007,-1.15
Lithuania,LTU,2008,-0.895
Lithuania,LTU,2009,-1.322
Lithuania,LTU,2010,-2.881
Lithuania,LTU,2011,-1.615
Lithuania,LTU,2012,-1.061
Lithuania,LTU,2013,-0.954
Lithuania,LTU,2014,-0.756
Lithuania,LTU,2015,-1.123
Lithuania,LTU,2016,-1.417
Lithuania,LTU,2017,-1.376
Lithuania,LTU,2018,-0.526
Lithuania,LTU,2019,-0.004
Lithuania,LTU,2020,0.054
Lithuania,LTU,2021,-0.146
Lithuania,LTU,2022,1.737
Lithuania,LTU,2023,0.891
Low-income countries,OWID_LIC,1950,1.215
Low-income countries,OWID_LIC,1951,1.328
Low-income countries,OWID_LIC,1952,1.679
Low-income countries,OWID_LIC,1953,1.808
Low-income countries,OWID_LIC,1954,1.971
Low-income countries,OWID_LIC,1955,2.05
Low-income countries,OWID_LIC,1956,2.097
Low-income countries,OWID_LIC,1957,2.096
Low-income countries,OWID_LIC,1958,2.082
Low-income countries,OWID_LIC,1959,2.253
Low-income countries,OWID_LIC,1960,2.323
Low-income countries,OWID_LIC,1961,2.366
Low-income countries,OWID_LIC,1962,2.395
Low-income countries,OWID_LIC,1963,2.441
Low-income countries,OWID_LIC,1964,2.509
Low-income countries,OWID_LIC,1965,2.535
Low-income countries,OWID_LIC,1966,2.553
Low-income countries,OWID_LIC,1967,2.666
Low-income countries,OWID_LIC,1968,2.664
Low-income countries,OWID_LIC,1969,2.639
Low-income countries,OWID_LIC,1970,2.657
Low-income countries,OWID_LIC,1971,2.6
Low-income countries,OWID_LIC,1972,2.524
Low-income countries,OWID_LIC,1973,2.703
Low-income countries,OWID_LIC,1974,2.602
Low-income countries,OWID_LIC,1975,2.598
Low-income countries,OWID_LIC,1976,2.583
Low-income countries,OWID_LIC,1977,2.427
Low-income countries,OWID_LIC,1978,2.96
Low-income countries,OWID_LIC,1979,2.551
Low-income countries,OWID_LIC,1980,1.876
Low-income countries,OWID_LIC,1981,2.035
Low-income countries,OWID_LIC,1982,2.745
Low-income countries,OWID_LIC,1983,2.625
Low-income countries,OWID_LIC,1984,2.728
Low-income countries,OWID_LIC,1985,2.585
Low-income countries,OWID_LIC,1986,2.615
Low-income countries,OWID_LIC,1987,2.671
Low-income countries,OWID_LIC,1988,2.632
Low-income countries,OWID_LIC,1989,2.759
Low-income countries,OWID_LIC,1990,2.465
Low-income countries,OWID_LIC,1991,2.724
Low-income countries,OWID_LIC,1992,3.18
Low-income countries,OWID_LIC,1993,3.131
Low-income countries,OWID_LIC,1994,2.747
Low-income countries,OWID_LIC,1995,2.992
Low-income countries,OWID_LIC,1996,2.883
Low-income countries,OWID_LIC,1997,2.784
Low-income countries,OWID_LIC,1998,2.854
Low-income countries,OWID_LIC,1999,2.819
Low-income countries,OWID_LIC,2000,2.578
Low-income countries,OWID_LIC,2001,2.82
Low-income countries,OWID_LIC,2002,3.036
Low-income countries,OWID_LIC,2003,2.891
Low-income countries,OWID_LIC,2004,2.818
Low-income countries,OWID_LIC,2005,2.937
Low-income countries,OWID_LIC,2006,3.01
Low-income countries,OWID_LIC,2007,2.86
Low-income countries,OWID_LIC,2008,2.86
Low-income countries,OWID_LIC,2009,2.829
Low-income countries,OWID_LIC,2010,2.814
Low-income countries,OWID_LIC,2011,2.782
Low-income countries,OWID_LIC,2012,2.623
Low-income countries,OWID_LIC,2013,2.438
Low-income countries,OWID_LIC,2014,2.49
Low-income countries,OWID_LIC,2015,2.499
Low-income countries,OWID_LIC,2016,2.729
Low-income countries,OWID_LIC,2017,2.689
Low-income countries,OWID_LIC,2018,2.876
Low-income countries,OWID_LIC,2019,2.815
Low-income countries,OWID_LIC,2020,2.809
Low-income countries,OWID_LIC,2021,2.61
Low-income countries,OWID_LIC,2022,2.661
Low-income countries,OWID_LIC,2023,2.733
Lower-middle-income countries,OWID_LMC,1950,2.107
Lower-middle-income countries,OWID_LMC,1951,2.159
Lower-middle-income countries,OWID_LMC,1952,2.232
Lower-middle-income countries,OWID_LMC,1953,2.222
Lower-middle-income countries,OWID_LMC,1954,2.325
Lower-middle-income countries,OWID_LMC,1955,2.348
Lower-middle-income countries,OWID_LMC,1956,2.383
Lower-middle-income countries,OWID_LMC,1957,2.339
Lower-middle-income countries,OWID_LMC,1958,2.422
Lower-middle-income countries,OWID_LMC,1959,2.438
Lower-middle-income countries,OWID_LMC,1960,2.437
Lower-middle-income countries,OWID_LMC,1961,2.429
Lower-middle-income countries,OWID_LMC,1962,2.42
Lower-middle-income countries,OWID_LMC,1963,2.428
Lower-middle-income countries,OWID_LMC,1964,2.416
Lower-middle-income countries,OWID_LMC,1965,2.334
Lower-middle-income countries,OWID_LMC,1966,2.308
Lower-middle-income countries,OWID_LMC,1967,2.351
Lower-middle-income countries,OWID_LMC,1968,2.308
Lower-middle-income countries,OWID_LMC,1969,2.303
Lower-middle-income countries,OWID_LMC,1970,2.342
Lower-middle-income countries,OWID_LMC,1971,2.176
Lower-middle-income countries,OWID_LMC,1972,2.363
Lower-middle-income countries,OWID_LMC,1973,2.36
Lower-middle-income countries,OWID_LMC,1974,2.409
Lower-middle-income countries,OWID_LMC,1975,2.42
Lower-middle-income countries,OWID_LMC,1976,2.411
Lower-middle-income countries,OWID_LMC,1977,2.429
Lower-middle-income countries,OWID_LMC,1978,2.367
Lower-middle-income countries,OWID_LMC,1979,2.516
Lower-middle-income countries,OWID_LMC,1980,2.597
Lower-middle-income countries,OWID_LMC,1981,2.636
Lower-middle-income countries,OWID_LMC,1982,2.538
Lower-middle-income countries,OWID_LMC,1983,2.519
Lower-middle-income countries,OWID_LMC,1984,2.496
Lower-middle-income countries,OWID_LMC,1985,2.494
Lower-middle-income countries,OWID_LMC,1986,2.457
Lower-middle-income countries,OWID_LMC,1987,2.422
Lower-middle-income countries,OWID_LMC,1988,2.368
Lower-middle-income countries,OWID_LMC,1989,2.334
Lower-middle-income countries,OWID_LMC,1990,2.367
Lower-middle-income countries,OWID_LMC,1991,2.236
Lower-middle-income countries,OWID_LMC,1992,2.197
Lower-middle-income countries,OWID_LMC,1993,2.071
Lower-middle-income countries,OWID_LMC,1994,2.075
Lower-middle-income countries,OWID_LMC,1995,2.058
Lower-middle-income countries,OWID_LMC,1996,2.011
Lower-middle-income countries,OWID_LMC,1997,2.009
Lower-middle-income countries,OWID_LMC,1998,1.982
Lower-middle-income countries,OWID_LMC,1999,1.924
Lower-middle-income countries,OWID_LMC,2000,1.939
Lower-middle-income countries,OWID_LMC,2001,1.884
Lower-middle-income countries,OWID_LMC,2002,1.758
Lower-middle-income countries,OWID_LMC,2003,1.805
Lower-middle-income countries,OWID_LMC,2004,1.793
Lower-middle-income countries,OWID_LMC,2005,1.711
Lower-middle-income countries,OWID_LMC,2006,1.759
Lower-middle-income countries,OWID_LMC,2007,1.706
Lower-middle-income countries,OWID_LMC,2008,1.658
Lower-middle-income countries,OWID_LMC,2009,1.68
Lower-middle-income countries,OWID_LMC,2010,1.664
Lower-middle-income countries,OWID_LMC,2011,1.634
Lower-middle-income countries,OWID_LMC,2012,1.597
Lower-middle-income countries,OWID_LMC,2013,1.602
Lower-middle-income countries,OWID_LMC,2014,1.529
Lower-middle-income countries,OWID_LMC,2015,1.466
Lower-middle-income countries,OWID_LMC,2016,1.464
Lower-middle-income countries,OWID_LMC,2017,1.409
Lower-middle-income countries,OWID_LMC,2018,1.364
Lower-middle-income countries,OWID_LMC,2019,1.327
Lower-middle-income countries,OWID_LMC,2020,1.291
Lower-middle-income countries,OWID_LMC,2021,1.158
Lower-middle-income countries,OWID_LMC,2022,1.07
Lower-middle-income countries,OWID_LMC,2023,1.231
Luxembourg,LUX,1950,0.524
Luxembourg,LUX,1951,0.546
Luxembourg,LUX,1952,0.618
Luxembourg,LUX,1953,0.567
Luxembourg,LUX,1954,0.621
Luxembourg,LUX,1955,0.582
Luxembourg,LUX,1956,0.494
Luxembourg,LUX,1957,0.469
Luxembourg,LUX,1958,0.565
Luxembourg,LUX,1959,0.718
Luxembourg,LUX,1960,0.46
Luxembourg,LUX,1961,1.101
Luxembourg,LUX,1962,0.981
Luxembourg,LUX,1963,1.009
Luxembourg,LUX,1964,1.076
Luxembourg,LUX,1965,1.04
Luxembourg,LUX,1966,0.997
Luxembourg,LUX,1967,0.465
Luxembourg,LUX,1968,0.421
Luxembourg,LUX,1969,0.323
Luxembourg,LUX,1970,0.308
Luxembourg,LUX,1971,1.229
Luxembourg,LUX,1972,1.164
Luxembourg,LUX,1973,0.638
Luxembourg,LUX,1974,0.632
Luxembourg,LUX,1975,0.647
Luxembourg,LUX,1976,0.588
Luxembourg,LUX,1977,0.741
Luxembourg,LUX,1978,0.817
Luxembourg,LUX,1979,0.205
Luxembourg,LUX,1980,0.242
Luxembourg,LUX,1981,0.187
Luxembourg,LUX,1982,0.127
Luxembourg,LUX,1983,0.111
Luxembourg,LUX,1984,0.112
Luxembourg,LUX,1985,0.305
Luxembourg,LUX,1986,0.644
Luxembourg,LUX,1987,0.647
Luxembourg,LUX,1988,0.96
Luxembourg,LUX,1989,0.955
Luxembourg,LUX,1990,1.321
Luxembourg,LUX,1991,1.342
Luxembourg,LUX,1992,1.301
Luxembourg,LUX,1993,1.352
Luxembourg,LUX,1994,1.343
Luxembourg,LUX,1995,1.437
Luxembourg,LUX,1996,1.265
Luxembourg,LUX,1997,1.229
Luxembourg,LUX,1998,1.231
Luxembourg,LUX,1999,1.457
Luxembourg,LUX,2000,1.423
Luxembourg,LUX,2001,1.139
Luxembourg,LUX,2002,0.951
Luxembourg,LUX,2003,1.473
Luxembourg,LUX,2004,1.366
Luxembourg,LUX,2005,1.693
Luxembourg,LUX,2006,1.507
Luxembourg,LUX,2007,1.599
Luxembourg,LUX,2008,1.996
Luxembourg,LUX,2009,1.733
Luxembourg,LUX,2010,1.935
Luxembourg,LUX,2011,2.417
Luxembourg,LUX,2012,2.297
Luxembourg,LUX,2013,2.322
Luxembourg,LUX,2014,2.379
Luxembourg,LUX,2015,2.332
Luxembourg,LUX,2016,2.513
Luxembourg,LUX,2017,1.898
Luxembourg,LUX,2018,1.956
Luxembourg,LUX,2019,1.972
Luxembourg,LUX,2020,1.37
Luxembourg,LUX,2021,1.674
Luxembourg,LUX,2022,2.351
Luxembourg,LUX,2023,1.235
Macao,MAC,1950,3.07
Macao,MAC,1951,0.44
Macao,MAC,1952,-0.152
Macao,MAC,1953,-0.663
Macao,MAC,1954,-1.07
Macao,MAC,1955,-1.398
Macao,MAC,1956,-1.974
Macao,MAC,1957,-2.225
Macao,MAC,1958,-2.643
Macao,MAC,1959,-3.157
Macao,MAC,1960,-2.647
Macao,MAC,1961,2.655
Macao,MAC,1962,2.458
Macao,MAC,1963,2.35
Macao,MAC,1964,37.095
Macao,MAC,1965,-1.057
Macao,MAC,1966,-0.977
Macao,MAC,1967,-0.948
Macao,MAC,1968,-0.973
Macao,MAC,1969,-1.075
Macao,MAC,1970,2.69
Macao,MAC,1971,1.975
Macao,MAC,1972,5.214
Macao,MAC,1973,-24.066
Macao,MAC,1974,0.94
Macao,MAC,1975,1.352
Macao,MAC,1976,1.692
Macao,MAC,1977,1.934
Macao,MAC,1978,2.056
Macao,MAC,1979,2.083
Macao,MAC,1980,1.982
Macao,MAC,1981,3.144
Macao,MAC,1982,3.51
Macao,MAC,1983,3.6
Macao,MAC,1984,3.697
Macao,MAC,1985,3.801
Macao,MAC,1986,3.87
Macao,MAC,1987,3.874
Macao,MAC,1988,3.789
Macao,MAC,1989,3.612
Macao,MAC,1990,3.29
Macao,MAC,1991,2.965
Macao,MAC,1992,2.478
Macao,MAC,1993,2.343
Macao,MAC,1994,2.219
Macao,MAC,1995,2.129
Macao,MAC,1996,2.011
Macao,MAC,1997,1.902
Macao,MAC,1998,1.794
Macao,MAC,1999,1.696
Macao,MAC,2000,1.558
Macao,MAC,2001,1.981
Macao,MAC,2002,2.842
Macao,MAC,2003,2.797
Macao,MAC,2004,2.733
Macao,MAC,2005,2.674
Macao,MAC,2006,2.639
Macao,MAC,2007,2.61
Macao,MAC,2008,2.552
Macao,MAC,2009,2.444
Macao,MAC,2010,2.349
Macao,MAC,2011,2.161
Macao,MAC,2012,1.905
Macao,MAC,2013,1.905
Macao,MAC,2014,1.92
Macao,MAC,2015,1.934
Macao,MAC,2016,1.928
Macao,MAC,2017,1.895
Macao,MAC,2018,1.849
Macao,MAC,2019,1.822
Macao,MAC,2020,1.751
Macao,MAC,2021,1.542
Macao,MAC,2022,1.306
Macao,MAC,2023,1.388
Madagascar,MDG,1950,2.53
Madagascar,MDG,1951,2.518
Madagascar,MDG,1952,2.526
Madagascar,MDG,1953,2.538
Madagascar,MDG,1954,2.542
Madagascar,MDG,1955,2.546
Madagascar,MDG,1956,2.569
Madagascar,MDG,1957,2.584
Madagascar,MDG,1958,2.604
Madagascar,MDG,1959,2.615
Madagascar,MDG,1960,2.616
Madagascar,MDG,1961,2.604
Madagascar,MDG,1962,2.589
Madagascar,MDG,1963,2.582
Madagascar,MDG,1964,2.587
Madagascar,MDG,1965,2.609
Madagascar,MDG,1966,2.653
Madagascar,MDG,1967,2.704
Madagascar,MDG,1968,2.761
Madagascar,MDG,1969,2.812
Madagascar,MDG,1970,2.881
Madagascar,MDG,1971,2.934
Madagascar,MDG,1972,2.963
Madagascar,MDG,1973,2.988
Madagascar,MDG,1974,3.005
Madagascar,MDG,1975,3.019
Madagascar,MDG,1976,3.026
Madagascar,MDG,1977,3.034
Madagascar,MDG,1978,3.042
Madagascar,MDG,1979,3.04
Madagascar,MDG,1980,3.013
Madagascar,MDG,1981,2.96
Madagascar,MDG,1982,2.958
Madagascar,MDG,1983,2.927
Madagascar,MDG,1984,2.91
Madagascar,MDG,1985,2.897
Madagascar,MDG,1986,2.842
Madagascar,MDG,1987,2.858
Madagascar,MDG,1988,2.891
Madagascar,MDG,1989,2.926
Madagascar,MDG,1990,2.977
Madagascar,MDG,1991,3.001
Madagascar,MDG,1992,3.017
Madagascar,MDG,1993,3.082
Madagascar,MDG,1994,3.131
Madagascar,MDG,1995,3.193
Madagascar,MDG,1996,3.241
Madagascar,MDG,1997,3.268
Madagascar,MDG,1998,3.275
Madagascar,MDG,1999,3.22
Madagascar,MDG,2000,3.128
Madagascar,MDG,2001,3.033
Madagascar,MDG,2002,2.948
Madagascar,MDG,2003,2.914
Madagascar,MDG,2004,2.918
Madagascar,MDG,2005,2.94
Madagascar,MDG,2006,2.935
Madagascar,MDG,2007,2.934
Madagascar,MDG,2008,2.936
Madagascar,MDG,2009,2.936
Madagascar,MDG,2010,2.883
Madagascar,MDG,2011,2.797
Madagascar,MDG,2012,2.736
Madagascar,MDG,2013,2.704
Madagascar,MDG,2014,2.659
Madagascar,MDG,2015,2.621
Madagascar,MDG,2016,2.606
Madagascar,MDG,2017,2.601
Madagascar,MDG,2018,2.606
Madagascar,MDG,2019,2.597
Madagascar,MDG,2020,2.539
Madagascar,MDG,2021,2.492
Madagascar,MDG,2022,2.472
Madagascar,MDG,2023,2.452
Malawi,MWI,1950,1.711
Malawi,MWI,1951,1.821
Malawi,MWI,1952,1.906
Malawi,MWI,1953,1.969
Malawi,MWI,1954,1.986
Malawi,MWI,1955,2.059
Malawi,MWI,1956,2.131
Malawi,MWI,1957,2.191
Malawi,MWI,1958,2.258
Malawi,MWI,1959,2.32
Malawi,MWI,1960,2.363
Malawi,MWI,1961,2.398
Malawi,MWI,1962,2.429
Malawi,MWI,1963,2.46
Malawi,MWI,1964,2.443
Malawi,MWI,1965,2.442
Malawi,MWI,1966,2.466
Malawi,MWI,1967,2.479
Malawi,MWI,1968,2.48
Malawi,MWI,1969,2.452
Malawi,MWI,1970,2.475
Malawi,MWI,1971,2.532
Malawi,MWI,1972,2.58
Malawi,MWI,1973,2.661
Malawi,MWI,1974,2.755
Malawi,MWI,1975,2.845
Malawi,MWI,1976,2.969
Malawi,MWI,1977,3.234
Malawi,MWI,1978,3.593
Malawi,MWI,1979,3.791
Malawi,MWI,1980,3.912
Malawi,MWI,1981,3.941
Malawi,MWI,1982,3.955
Malawi,MWI,1983,3.937
Malawi,MWI,1984,3.881
Malawi,MWI,1985,3.817
Malawi,MWI,1986,3.556
Malawi,MWI,1987,5.937
Malawi,MWI,1988,4.89
Malawi,MWI,1989,4.556
Malawi,MWI,1990,3.366
Malawi,MWI,1991,2.799
Malawi,MWI,1992,3.022
Malawi,MWI,1993,-0.081
Malawi,MWI,1994,-2.262
Malawi,MWI,1995,1.974
Malawi,MWI,1996,1.969
Malawi,MWI,1997,2.043
Malawi,MWI,1998,2.279
Malawi,MWI,1999,2.389
Malawi,MWI,2000,2.407
Malawi,MWI,2001,2.432
Malawi,MWI,2002,2.465
Malawi,MWI,2003,2.54
Malawi,MWI,2004,2.631
Malawi,MWI,2005,2.723
Malawi,MWI,2006,2.786
Malawi,MWI,2007,2.855
Malawi,MWI,2008,2.952
Malawi,MWI,2009,2.961
Malawi,MWI,2010,2.935
Malawi,MWI,2011,2.896
Malawi,MWI,2012,2.846
Malawi,MWI,2013,2.83
Malawi,MWI,2014,2.78
Malawi,MWI,2015,2.728
Malawi,MWI,2016,2.724
Malawi,MWI,2017,2.692
Malawi,MWI,2018,2.651
Malawi,MWI,2019,2.651
Malawi,MWI,2020,2.621
Malawi,MWI,2021,2.568
Malawi,MWI,2022,2.568
Malawi,MWI,2023,2.574
Malaysia,MYS,1950,2.558
Malaysia,MYS,1951,2.593
Malaysia,MYS,1952,2.625
Malaysia,MYS,1953,2.633
Malaysia,MYS,1954,2.706
Malaysia,MYS,1955,2.758
Malaysia,MYS,1956,2.815
Malaysia,MYS,1957,2.866
Malaysia,MYS,1958,2.501
Malaysia,MYS,1959,2.536
Malaysia,MYS,1960,2.566
Malaysia,MYS,1961,2.601
Malaysia,MYS,1962,2.615
Malaysia,MYS,1963,2.614
Malaysia,MYS,1964,2.578
Malaysia,MYS,1965,2.522
Malaysia,MYS,1966,2.458
Malaysia,MYS,1967,2.279
Malaysia,MYS,1968,2.259
Malaysia,MYS,1969,2.261
Malaysia,MYS,1970,2.333
Malaysia,MYS,1971,2.416
Malaysia,MYS,1972,2.388
Malaysia,MYS,1973,2.402
Malaysia,MYS,1974,2.392
Malaysia,MYS,1975,2.389
Malaysia,MYS,1976,2.403
Malaysia,MYS,1977,2.401
Malaysia,MYS,1978,2.401
Malaysia,MYS,1979,2.403
Malaysia,MYS,1980,3.139
Malaysia,MYS,1981,3.166
Malaysia,MYS,1982,3.203
Malaysia,MYS,1983,3.242
Malaysia,MYS,1984,3.273
Malaysia,MYS,1985,3.301
Malaysia,MYS,1986,3.254
Malaysia,MYS,1987,3.194
Malaysia,MYS,1988,3.096
Malaysia,MYS,1989,2.985
Malaysia,MYS,1990,2.914
Malaysia,MYS,1991,2.721
Malaysia,MYS,1992,2.576
Malaysia,MYS,1993,2.541
Malaysia,MYS,1994,2.546
Malaysia,MYS,1995,2.537
Malaysia,MYS,1996,2.51
Malaysia,MYS,1997,2.466
Malaysia,MYS,1998,2.447
Malaysia,MYS,1999,2.325
Malaysia,MYS,2000,2.364
Malaysia,MYS,2001,2.442
Malaysia,MYS,2002,2.395
Malaysia,MYS,2003,2.338
Malaysia,MYS,2004,2.286
Malaysia,MYS,2005,2.25
Malaysia,MYS,2006,2.205
Malaysia,MYS,2007,2.143
Malaysia,MYS,2008,2.049
Malaysia,MYS,2009,1.936
Malaysia,MYS,2010,1.806
Malaysia,MYS,2011,1.698
Malaysia,MYS,2012,1.708
Malaysia,MYS,2013,1.711
Malaysia,MYS,2014,1.718
Malaysia,MYS,2015,1.748
Malaysia,MYS,2016,1.786
Malaysia,MYS,2017,1.743
Malaysia,MYS,2018,1.661
Malaysia,MYS,2019,1.533
Malaysia,MYS,2020,1.137
Malaysia,MYS,2021,1.168
Malaysia,MYS,2022,1.227
Malaysia,MYS,2023,1.241
Maldives,MDV,1950,1.636
Maldives,MDV,1951,1.733
Maldives,MDV,1952,1.801
Maldives,MDV,1953,1.87
Maldives,MDV,1954,1.934
Maldives,MDV,1955,2.033
Maldives,MDV,1956,2.104
Maldives,MDV,1957,2.2
Maldives,MDV,1958,2.266
Maldives,MDV,1959,2.309
Maldives,MDV,1960,2.423
Maldives,MDV,1961,2.473
Maldives,MDV,1962,2.499
Maldives,MDV,1963,2.49
Maldives,MDV,1964,2.418
Maldives,MDV,1965,4.271
Maldives,MDV,1966,4.021
Maldives,MDV,1967,3.27
Maldives,MDV,1968,2.942
Maldives,MDV,1969,2.98
Maldives,MDV,1970,3.041
Maldives,MDV,1971,3.059
Maldives,MDV,1972,3.039
Maldives,MDV,1973,2.956
Maldives,MDV,1974,2.924
Maldives,MDV,1975,3.001
Maldives,MDV,1976,3.009
Maldives,MDV,1977,2.877
Maldives,MDV,1978,2.617
Maldives,MDV,1979,2.692
Maldives,MDV,1980,2.811
Maldives,MDV,1981,2.808
Maldives,MDV,1982,2.776
Maldives,MDV,1983,2.653
Maldives,MDV,1984,2.925
Maldives,MDV,1985,3.447
Maldives,MDV,1986,3.544
Maldives,MDV,1987,3.451
Maldives,MDV,1988,3.245
Maldives,MDV,1989,3.153
Maldives,MDV,1990,3.196
Maldives,MDV,1991,2.976
Maldives,MDV,1992,2.761
Maldives,MDV,1993,2.489
Maldives,MDV,1994,2.305
Maldives,MDV,1995,2.289
Maldives,MDV,1996,2.105
Maldives,MDV,1997,1.942
Maldives,MDV,1998,1.771
Maldives,MDV,1999,1.639
Maldives,MDV,2000,1.654
Maldives,MDV,2001,1.685
Maldives,MDV,2002,1.668
Maldives,MDV,2003,1.648
Maldives,MDV,2004,1.645
Maldives,MDV,2005,1.657
Maldives,MDV,2006,3.113
Maldives,MDV,2007,3.541
Maldives,MDV,2008,3.538
Maldives,MDV,2009,3.537
Maldives,MDV,2010,3.525
Maldives,MDV,2011,3.492
Maldives,MDV,2012,3.424
Maldives,MDV,2013,3.315
Maldives,MDV,2014,3.344
Maldives,MDV,2015,3.561
Maldives,MDV,2016,3.398
Maldives,MDV,2017,3.25
Maldives,MDV,2018,3.114
Maldives,MDV,2019,2.981
Maldives,MDV,2020,2.836
Maldives,MDV,2021,2.68
Maldives,MDV,2022,0.396
Maldives,MDV,2023,0.323
Mali,MLI,1950,1.48
Mali,MLI,1951,1.47
Mali,MLI,1952,1.432
Mali,MLI,1953,1.379
Mali,MLI,1954,1.379
Mali,MLI,1955,1.378
Mali,MLI,1956,1.382
Mali,MLI,1957,1.383
Mali,MLI,1958,1.313
Mali,MLI,1959,1.415
Mali,MLI,1960,1.453
Mali,MLI,1961,1.477
Mali,MLI,1962,1.479
Mali,MLI,1963,1.472
Mali,MLI,1964,1.465
Mali,MLI,1965,1.492
Mali,MLI,1966,1.468
Mali,MLI,1967,1.515
Mali,MLI,1968,1.535
Mali,MLI,1969,1.555
Mali,MLI,1970,1.617
Mali,MLI,1971,1.591
Mali,MLI,1972,1.698
Mali,MLI,1973,1.768
Mali,MLI,1974,1.787
Mali,MLI,1975,1.809
Mali,MLI,1976,1.778
Mali,MLI,1977,1.921
Mali,MLI,1978,1.952
Mali,MLI,1979,2.035
Mali,MLI,1980,2.13
Mali,MLI,1981,2.133
Mali,MLI,1982,2.173
Mali,MLI,1983,2.211
Mali,MLI,1984,2.08
Mali,MLI,1985,1.927
Mali,MLI,1986,1.78
Mali,MLI,1987,1.704
Mali,MLI,1988,1.786
Mali,MLI,1989,1.935
Mali,MLI,1990,2.001
Mali,MLI,1991,1.97
Mali,MLI,1992,2.06
Mali,MLI,1993,2.108
Mali,MLI,1994,2.196
Mali,MLI,1995,2.139
Mali,MLI,1996,2.171
Mali,MLI,1997,2.371
Mali,MLI,1998,2.69
Mali,MLI,1999,2.868
Mali,MLI,2000,2.957
Mali,MLI,2001,3.056
Mali,MLI,2002,3.156
Mali,MLI,2003,3.201
Mali,MLI,2004,3.274
Mali,MLI,2005,3.277
Mali,MLI,2006,3.284
Mali,MLI,2007,3.292
Mali,MLI,2008,3.281
Mali,MLI,2009,3.235
Mali,MLI,2010,3.261
Mali,MLI,2011,3.205
Mali,MLI,2012,2.644
Mali,MLI,2013,3.19
Mali,MLI,2014,3.132
Mali,MLI,2015,3.126
Mali,MLI,2016,3.207
Mali,MLI,2017,3.17
Mali,MLI,2018,3.082
Mali,MLI,2019,2.956
Mali,MLI,2020,3.077
Mali,MLI,2021,3.044
Mali,MLI,2022,2.976
Mali,MLI,2023,2.972
Malta,MLT,1950,2.414
Malta,MLT,1951,1.477
Malta,MLT,1952,1.465
Malta,MLT,1953,1.424
Malta,MLT,1954,1.401
Malta,MLT,1955,1.381
Malta,MLT,1956,1.316
Malta,MLT,1957,1.296
Malta,MLT,1958,0.362
Malta,MLT,1959,0.211
Malta,MLT,1960,0.072
Malta,MLT,1961,-0.055
Malta,MLT,1962,-0.163
Malta,MLT,1963,-0.251
Malta,MLT,1964,-0.367
Malta,MLT,1965,-0.481
Malta,MLT,1966,-0.575
Malta,MLT,1967,-0.571
Malta,MLT,1968,0.386
Malta,MLT,1969,0.38
Malta,MLT,1970,0.393
Malta,MLT,1971,0.391
Malta,MLT,1972,0.411
Malta,MLT,1973,0.465
Malta,MLT,1974,0.518
Malta,MLT,1975,0.547
Malta,MLT,1976,0.551
Malta,MLT,1977,0.564
Malta,MLT,1978,0.56
Malta,MLT,1979,0.564
Malta,MLT,1980,0.551
Malta,MLT,1981,0.54
Malta,MLT,1982,0.555
Malta,MLT,1983,0.565
Malta,MLT,1984,0.557
Malta,MLT,1985,0.589
Malta,MLT,1986,0.829
Malta,MLT,1987,0.856
Malta,MLT,1988,0.892
Malta,MLT,1989,0.925
Malta,MLT,1990,0.924
Malta,MLT,1991,0.928
Malta,MLT,1992,0.928
Malta,MLT,1993,0.89
Malta,MLT,1994,0.815
Malta,MLT,1995,0.802
Malta,MLT,1996,0.791
Malta,MLT,1997,0.779
Malta,MLT,1998,0.799
Malta,MLT,1999,0.776
Malta,MLT,2000,0.733
Malta,MLT,2001,0.707
Malta,MLT,2002,0.669
Malta,MLT,2003,0.64
Malta,MLT,2004,0.616
Malta,MLT,2005,0.608
Malta,MLT,2006,0.423
Malta,MLT,2007,0.414
Malta,MLT,2008,0.434
Malta,MLT,2009,0.436
Malta,MLT,2010,0.445
Malta,MLT,2011,0.489
Malta,MLT,2012,0.442
Malta,MLT,2013,0.419
Malta,MLT,2014,2.363
Malta,MLT,2015,2.41
Malta,MLT,2016,2.164
Malta,MLT,2017,3.295
Malta,MLT,2018,3.693
Malta,MLT,2019,4.171
Malta,MLT,2020,1.421
Malta,MLT,2021,0.95
Malta,MLT,2022,0.502
Malta,MLT,2023,1.29
Marshall Islands,MHL,1950,1.046
Marshall Islands,MHL,1951,0.725
Marshall Islands,MHL,1952,0.848
Marshall Islands,MHL,1953,0.579
Marshall Islands,MHL,1954,0.65
Marshall Islands,MHL,1955,0.705
Marshall Islands,MHL,1956,0.59
Marshall Islands,MHL,1957,0.411
Marshall Islands,MHL,1958,2.014
Marshall Islands,MHL,1959,3.558
Marshall Islands,MHL,1960,3.449
Marshall Islands,MHL,1961,3.457
Marshall Islands,MHL,1962,3.466
Marshall Islands,MHL,1963,3.356
Marshall Islands,MHL,1964,3.294
Marshall Islands,MHL,1965,3.132
Marshall Islands,MHL,1966,2.806
Marshall Islands,MHL,1967,5.115
Marshall Islands,MHL,1968,7.354
Marshall Islands,MHL,1969,6.691
Marshall Islands,MHL,1970,4.555
Marshall Islands,MHL,1971,2.769
Marshall Islands,MHL,1972,2.522
Marshall Islands,MHL,1973,2.327
Marshall Islands,MHL,1974,3.392
Marshall Islands,MHL,1975,3.277
Marshall Islands,MHL,1976,3.25
Marshall Islands,MHL,1977,3.193
Marshall Islands,MHL,1978,3.183
Marshall Islands,MHL,1979,3.165
Marshall Islands,MHL,1980,3.676
Marshall Islands,MHL,1981,4.23
Marshall Islands,MHL,1982,4.208
Marshall Islands,MHL,1983,4.091
Marshall Islands,MHL,1984,4.087
Marshall Islands,MHL,1985,4.007
Marshall Islands,MHL,1986,3.91
Marshall Islands,MHL,1987,3.792
Marshall Islands,MHL,1988,3.398
Marshall Islands,MHL,1989,2.506
Marshall Islands,MHL,1990,2.227
Marshall Islands,MHL,1991,1.938
Marshall Islands,MHL,1992,1.632
Marshall Islands,MHL,1993,1.391
Marshall Islands,MHL,1994,1.218
Marshall Islands,MHL,1995,1.092
Marshall Islands,MHL,1996,1.009
Marshall Islands,MHL,1997,0.966
Marshall Islands,MHL,1998,0.885
Marshall Islands,MHL,1999,1.054
Marshall Islands,MHL,2000,0.949
Marshall Islands,MHL,2001,0.687
Marshall Islands,MHL,2002,0.492
Marshall Islands,MHL,2003,0.339
Marshall Islands,MHL,2004,0.253
Marshall Islands,MHL,2005,0.189
Marshall Islands,MHL,2006,0.144
Marshall Islands,MHL,2007,0.019
Marshall Islands,MHL,2008,-0.038
Marshall Islands,MHL,2009,-0.006
Marshall Islands,MHL,2010,0.102
Marshall Islands,MHL,2011,-0.626
Marshall Islands,MHL,2012,-1.268
Marshall Islands,MHL,2013,-1.626
Marshall Islands,MHL,2014,-1.9
Marshall Islands,MHL,2015,-2.141
Marshall Islands,MHL,2016,-2.385
Marshall Islands,MHL,2017,-2.626
Marshall Islands,MHL,2018,-2.796
Marshall Islands,MHL,2019,-2.934
Marshall Islands,MHL,2020,-3.065
Marshall Islands,MHL,2021,-3.312
Marshall Islands,MHL,2022,-3.019
Marshall Islands,MHL,2023,-3.323
Martinique,MTQ,1950,2.376
Martinique,MTQ,1951,2.232
Martinique,MTQ,1952,2.225
Martinique,MTQ,1953,2.521
Martinique,MTQ,1954,2.632
Martinique,MTQ,1955,1.939
Martinique,MTQ,1956,2.001
Martinique,MTQ,1957,2.043
Martinique,MTQ,1958,2
Martinique,MTQ,1959,2.047
Martinique,MTQ,1960,2.068
Martinique,MTQ,1961,1.918
Martinique,MTQ,1962,1.57
Martinique,MTQ,1963,1.392
Martinique,MTQ,1964,1.363
Martinique,MTQ,1965,1.413
Martinique,MTQ,1966,1.329
Martinique,MTQ,1967,1.085
Martinique,MTQ,1968,0.535
Martinique,MTQ,1969,0.276
Martinique,MTQ,1970,0.141
Martinique,MTQ,1971,0.144
Martinique,MTQ,1972,0.075
Martinique,MTQ,1973,-0.061
Martinique,MTQ,1974,0.066
Martinique,MTQ,1975,0.524
Martinique,MTQ,1976,0.469
Martinique,MTQ,1977,0.32
Martinique,MTQ,1978,0.215
Martinique,MTQ,1979,0.164
Martinique,MTQ,1980,0.141
Martinique,MTQ,1981,0.281
Martinique,MTQ,1982,0.946
Martinique,MTQ,1983,1.2
Martinique,MTQ,1984,1.247
Martinique,MTQ,1985,1.261
Martinique,MTQ,1986,1.275
Martinique,MTQ,1987,1.301
Martinique,MTQ,1988,1.295
Martinique,MTQ,1989,1.334
Martinique,MTQ,1990,1.616
Martinique,MTQ,1991,1.752
Martinique,MTQ,1992,1.732
Martinique,MTQ,1993,1.683
Martinique,MTQ,1994,1.633
Martinique,MTQ,1995,1.579
Martinique,MTQ,1996,1.535
Martinique,MTQ,1997,1.497
Martinique,MTQ,1998,1.239
Martinique,MTQ,1999,-0.254
Martinique,MTQ,2000,-0.934
Martinique,MTQ,2001,-1.087
Martinique,MTQ,2002,-1.17
Martinique,MTQ,2003,-0.807
Martinique,MTQ,2004,-0.82
Martinique,MTQ,2005,-0.79
Martinique,MTQ,2006,0.095
Martinique,MTQ,2007,0.083
Martinique,MTQ,2008,-0.138
Martinique,MTQ,2009,-0.45
Martinique,MTQ,2010,-0.623
Martinique,MTQ,2011,-0.801
Martinique,MTQ,2012,-0.64
Martinique,MTQ,2013,-0.519
Martinique,MTQ,2014,-0.744
Martinique,MTQ,2015,-0.961
Martinique,MTQ,2016,-1.585
Martinique,MTQ,2017,-2.359
Martinique,MTQ,2018,-1.665
Martinique,MTQ,2019,-0.805
Martinique,MTQ,2020,-0.869
Martinique,MTQ,2021,-1.012
Martinique,MTQ,2022,-1.163
Martinique,MTQ,2023,-0.824
Mauritania,MRT,1950,1.938
Mauritania,MRT,1951,2.026
Mauritania,MRT,1952,2.081
Mauritania,MRT,1953,2.134
Mauritania,MRT,1954,2.189
Mauritania,MRT,1955,2.253
Mauritania,MRT,1956,2.315
Mauritania,MRT,1957,2.375
Mauritania,MRT,1958,2.439
Mauritania,MRT,1959,2.501
Mauritania,MRT,1960,2.582
Mauritania,MRT,1961,2.654
Mauritania,MRT,1962,2.713
Mauritania,MRT,1963,2.787
Mauritania,MRT,1964,2.848
Mauritania,MRT,1965,2.918
Mauritania,MRT,1966,2.981
Mauritania,MRT,1967,3.022
Mauritania,MRT,1968,3.04
Mauritania,MRT,1969,3.054
Mauritania,MRT,1970,3.049
Mauritania,MRT,1971,3.022
Mauritania,MRT,1972,3
Mauritania,MRT,1973,2.984
Mauritania,MRT,1974,2.966
Mauritania,MRT,1975,2.936
Mauritania,MRT,1976,2.928
Mauritania,MRT,1977,2.833
Mauritania,MRT,1978,2.839
Mauritania,MRT,1979,2.831
Mauritania,MRT,1980,2.851
Mauritania,MRT,1981,2.878
Mauritania,MRT,1982,2.879
Mauritania,MRT,1983,2.875
Mauritania,MRT,1984,2.884
Mauritania,MRT,1985,2.887
Mauritania,MRT,1986,2.873
Mauritania,MRT,1987,2.886
Mauritania,MRT,1988,2.891
Mauritania,MRT,1989,2.14
Mauritania,MRT,1990,2.917
Mauritania,MRT,1991,2.925
Mauritania,MRT,1992,4.695
Mauritania,MRT,1993,3.421
Mauritania,MRT,1994,3.373
Mauritania,MRT,1995,2.13
Mauritania,MRT,1996,1.827
Mauritania,MRT,1997,2.619
Mauritania,MRT,1998,2.568
Mauritania,MRT,1999,2.776
Mauritania,MRT,2000,2.791
Mauritania,MRT,2001,2.154
Mauritania,MRT,2002,2.267
Mauritania,MRT,2003,2.309
Mauritania,MRT,2004,2.389
Mauritania,MRT,2005,2.458
Mauritania,MRT,2006,2.554
Mauritania,MRT,2007,2.646
Mauritania,MRT,2008,3.097
Mauritania,MRT,2009,3.16
Mauritania,MRT,2010,3.222
Mauritania,MRT,2011,3.268
Mauritania,MRT,2012,3.261
Mauritania,MRT,2013,3.015
Mauritania,MRT,2014,3.01
Mauritania,MRT,2015,3.003
Mauritania,MRT,2016,2.994
Mauritania,MRT,2017,2.982
Mauritania,MRT,2018,2.965
Mauritania,MRT,2019,2.942
Mauritania,MRT,2020,2.9
Mauritania,MRT,2021,2.874
Mauritania,MRT,2022,2.983
Mauritania,MRT,2023,2.95
Mauritius,MUS,1950,2.905
Mauritius,MUS,1951,2.948
Mauritius,MUS,1952,2.882
Mauritius,MUS,1953,2.349
Mauritius,MUS,1954,2.338
Mauritius,MUS,1955,2.424
Mauritius,MUS,1956,2.507
Mauritius,MUS,1957,2.584
Mauritius,MUS,1958,2.66
Mauritius,MUS,1959,2.73
Mauritius,MUS,1960,1.888
Mauritius,MUS,1961,1.668
Mauritius,MUS,1962,1.976
Mauritius,MUS,1963,2.251
Mauritius,MUS,1964,2.194
Mauritius,MUS,1965,2.138
Mauritius,MUS,1966,2.067
Mauritius,MUS,1967,1.954
Mauritius,MUS,1968,1.842
Mauritius,MUS,1969,1.745
Mauritius,MUS,1970,1.656
Mauritius,MUS,1971,1.559
Mauritius,MUS,1972,1.392
Mauritius,MUS,1973,1.295
Mauritius,MUS,1974,1.305
Mauritius,MUS,1975,1.316
Mauritius,MUS,1976,1.331
Mauritius,MUS,1977,1.383
Mauritius,MUS,1978,1.475
Mauritius,MUS,1979,1.552
Mauritius,MUS,1980,1.58
Mauritius,MUS,1981,1.54
Mauritius,MUS,1982,1.409
Mauritius,MUS,1983,1.369
Mauritius,MUS,1984,1.393
Mauritius,MUS,1985,1.323
Mauritius,MUS,1986,1.252
Mauritius,MUS,1987,1.193
Mauritius,MUS,1988,1.168
Mauritius,MUS,1989,1.148
Mauritius,MUS,1990,1.261
Mauritius,MUS,1991,1.297
Mauritius,MUS,1992,1.338
Mauritius,MUS,1993,1.28
Mauritius,MUS,1994,1.205
Mauritius,MUS,1995,1.097
Mauritius,MUS,1996,1.058
Mauritius,MUS,1997,0.965
Mauritius,MUS,1998,0.852
Mauritius,MUS,1999,0.945
Mauritius,MUS,2000,0.829
Mauritius,MUS,2001,0.674
Mauritius,MUS,2002,0.673
Mauritius,MUS,2003,0.621
Mauritius,MUS,2004,0.615
Mauritius,MUS,2005,0.569
Mauritius,MUS,2006,0.473
Mauritius,MUS,2007,0.433
Mauritius,MUS,2008,0.372
Mauritius,MUS,2009,0.308
Mauritius,MUS,2010,0.276
Mauritius,MUS,2011,0.278
Mauritius,MUS,2012,0.173
Mauritius,MUS,2013,0.108
Mauritius,MUS,2014,0.05
Mauritius,MUS,2015,-0.008
Mauritius,MUS,2016,-0.065
Mauritius,MUS,2017,-0.113
Mauritius,MUS,2018,-0.17
Mauritius,MUS,2019,-0.229
Mauritius,MUS,2020,-0.246
Mauritius,MUS,2021,-0.316
Mauritius,MUS,2022,-0.23
Mauritius,MUS,2023,-0.168
Mayotte,MYT,1950,1.856
Mayotte,MYT,1951,1.979
Mayotte,MYT,1952,1.982
Mayotte,MYT,1953,2.221
Mayotte,MYT,1954,2.292
Mayotte,MYT,1955,2.414
Mayotte,MYT,1956,2.459
Mayotte,MYT,1957,2.581
Mayotte,MYT,1958,2.652
Mayotte,MYT,1959,2.697
Mayotte,MYT,1960,2.797
Mayotte,MYT,1961,2.824
Mayotte,MYT,1962,2.919
Mayotte,MYT,1963,3.007
Mayotte,MYT,1964,3.141
Mayotte,MYT,1965,3.284
Mayotte,MYT,1966,3.378
Mayotte,MYT,1967,3.323
Mayotte,MYT,1968,2.656
Mayotte,MYT,1969,2.718
Mayotte,MYT,1970,2.758
Mayotte,MYT,1971,2.949
Mayotte,MYT,1972,3.069
Mayotte,MYT,1973,3.167
Mayotte,MYT,1974,3.264
Mayotte,MYT,1975,3.274
Mayotte,MYT,1976,3.295
Mayotte,MYT,1977,3.312
Mayotte,MYT,1978,4.131
Mayotte,MYT,1979,5.154
Mayotte,MYT,1980,5.328
Mayotte,MYT,1981,5.477
Mayotte,MYT,1982,5.447
Mayotte,MYT,1983,5.331
Mayotte,MYT,1984,5.164
Mayotte,MYT,1985,5.522
Mayotte,MYT,1986,6.383
Mayotte,MYT,1987,6.413
Mayotte,MYT,1988,6.363
Mayotte,MYT,1989,6.263
Mayotte,MYT,1990,5.999
Mayotte,MYT,1991,5.928
Mayotte,MYT,1992,6.482
Mayotte,MYT,1993,6.481
Mayotte,MYT,1994,6.371
Mayotte,MYT,1995,6.162
Mayotte,MYT,1996,5.858
Mayotte,MYT,1997,5.032
Mayotte,MYT,1998,4.289
Mayotte,MYT,1999,4.189
Mayotte,MYT,2000,4.012
Mayotte,MYT,2001,3.774
Mayotte,MYT,2002,2.748
Mayotte,MYT,2003,1.516
Mayotte,MYT,2004,2.333
Mayotte,MYT,2005,2.814
Mayotte,MYT,2006,3.096
Mayotte,MYT,2007,3.046
Mayotte,MYT,2008,2.79
Mayotte,MYT,2009,2.724
Mayotte,MYT,2010,2.677
Mayotte,MYT,2011,2.611
Mayotte,MYT,2012,2.953
Mayotte,MYT,2013,3.882
Mayotte,MYT,2014,4.033
Mayotte,MYT,2015,4.114
Mayotte,MYT,2016,4.098
Mayotte,MYT,2017,3.055
Mayotte,MYT,2018,0.352
Mayotte,MYT,2019,3.453
Mayotte,MYT,2020,3.315
Mayotte,MYT,2021,3.626
Mayotte,MYT,2022,3.611
Mayotte,MYT,2023,3.314
Mexico,MEX,1950,2.584
Mexico,MEX,1951,2.657
Mexico,MEX,1952,2.706
Mexico,MEX,1953,2.78
Mexico,MEX,1954,2.85
Mexico,MEX,1955,2.903
Mexico,MEX,1956,2.934
Mexico,MEX,1957,2.961
Mexico,MEX,1958,2.982
Mexico,MEX,1959,3.013
Mexico,MEX,1960,3.054
Mexico,MEX,1961,3.193
Mexico,MEX,1962,3.242
Mexico,MEX,1963,3.269
Mexico,MEX,1964,3.291
Mexico,MEX,1965,3.313
Mexico,MEX,1966,3.315
Mexico,MEX,1967,3.299
Mexico,MEX,1968,3.264
Mexico,MEX,1969,3.198
Mexico,MEX,1970,3.128
Mexico,MEX,1971,3.064
Mexico,MEX,1972,3.016
Mexico,MEX,1973,2.955
Mexico,MEX,1974,2.898
Mexico,MEX,1975,2.821
Mexico,MEX,1976,2.742
Mexico,MEX,1977,2.67
Mexico,MEX,1978,2.622
Mexico,MEX,1979,2.532
Mexico,MEX,1980,2.438
Mexico,MEX,1981,2.239
Mexico,MEX,1982,2.186
Mexico,MEX,1983,2.135
Mexico,MEX,1984,2.088
Mexico,MEX,1985,2.05
Mexico,MEX,1986,2.019
Mexico,MEX,1987,1.991
Mexico,MEX,1988,1.96
Mexico,MEX,1989,1.897
Mexico,MEX,1990,1.938
Mexico,MEX,1991,1.914
Mexico,MEX,1992,1.874
Mexico,MEX,1993,1.832
Mexico,MEX,1994,1.798
Mexico,MEX,1995,1.762
Mexico,MEX,1996,1.708
Mexico,MEX,1997,1.657
Mexico,MEX,1998,1.622
Mexico,MEX,1999,1.576
Mexico,MEX,2000,1.51
Mexico,MEX,2001,1.457
Mexico,MEX,2002,1.419
Mexico,MEX,2003,1.378
Mexico,MEX,2004,1.353
Mexico,MEX,2005,1.344
Mexico,MEX,2006,1.363
Mexico,MEX,2007,1.452
Mexico,MEX,2008,1.468
Mexico,MEX,2009,1.456
Mexico,MEX,2010,1.424
Mexico,MEX,2011,1.407
Mexico,MEX,2012,1.308
Mexico,MEX,2013,1.287
Mexico,MEX,2014,1.134
Mexico,MEX,2015,1.005
Mexico,MEX,2016,0.933
Mexico,MEX,2017,0.937
Mexico,MEX,2018,0.956
Mexico,MEX,2019,0.945
Mexico,MEX,2020,0.697
Mexico,MEX,2021,0.638
Mexico,MEX,2022,0.868
Mexico,MEX,2023,0.877
Micronesia (country),FSM,1950,2.803
Micronesia (country),FSM,1951,2.709
Micronesia (country),FSM,1952,2.83
Micronesia (country),FSM,1953,2.87
Micronesia (country),FSM,1954,2.834
Micronesia (country),FSM,1955,2.943
Micronesia (country),FSM,1956,2.949
Micronesia (country),FSM,1957,2.945
Micronesia (country),FSM,1958,3.027
Micronesia (country),FSM,1959,3.073
Micronesia (country),FSM,1960,3.54
Micronesia (country),FSM,1961,3.529
Micronesia (country),FSM,1962,3.551
Micronesia (country),FSM,1963,2.958
Micronesia (country),FSM,1964,2.975
Micronesia (country),FSM,1965,3.041
Micronesia (country),FSM,1966,3.075
Micronesia (country),FSM,1967,2.918
Micronesia (country),FSM,1968,2.975
Micronesia (country),FSM,1969,3.022
Micronesia (country),FSM,1970,3.099
Micronesia (country),FSM,1971,2.644
Micronesia (country),FSM,1972,2.696
Micronesia (country),FSM,1973,2.716
Micronesia (country),FSM,1974,2.718
Micronesia (country),FSM,1975,2.333
Micronesia (country),FSM,1976,2.414
Micronesia (country),FSM,1977,2.462
Micronesia (country),FSM,1978,3.108
Micronesia (country),FSM,1979,3.115
Micronesia (country),FSM,1980,3.059
Micronesia (country),FSM,1981,3.017
Micronesia (country),FSM,1982,2.97
Micronesia (country),FSM,1983,2.928
Micronesia (country),FSM,1984,2.884
Micronesia (country),FSM,1985,2.841
Micronesia (country),FSM,1986,2.787
Micronesia (country),FSM,1987,2.724
Micronesia (country),FSM,1988,1.981
Micronesia (country),FSM,1989,1.909
Micronesia (country),FSM,1990,1.864
Micronesia (country),FSM,1991,1.8
Micronesia (country),FSM,1992,2.154
Micronesia (country),FSM,1993,2.113
Micronesia (country),FSM,1994,1.61
Micronesia (country),FSM,1995,0.503
Micronesia (country),FSM,1996,0.368
Micronesia (country),FSM,1997,0.283
Micronesia (country),FSM,1998,0.268
Micronesia (country),FSM,1999,0.273
Micronesia (country),FSM,2000,0.378
Micronesia (country),FSM,2001,0.195
Micronesia (country),FSM,2002,-0.048
Micronesia (country),FSM,2003,-0.242
Micronesia (country),FSM,2004,-0.399
Micronesia (country),FSM,2005,-0.521
Micronesia (country),FSM,2006,-0.71
Micronesia (country),FSM,2007,-0.829
Micronesia (country),FSM,2008,-0.897
Micronesia (country),FSM,2009,-0.909
Micronesia (country),FSM,2010,0.135
Micronesia (country),FSM,2011,0.16
Micronesia (country),FSM,2012,0.196
Micronesia (country),FSM,2013,0.23
Micronesia (country),FSM,2014,0.279
Micronesia (country),FSM,2015,0.31
Micronesia (country),FSM,2016,0.349
Micronesia (country),FSM,2017,0.396
Micronesia (country),FSM,2018,0.385
Micronesia (country),FSM,2019,0.292
Micronesia (country),FSM,2020,0.854
Micronesia (country),FSM,2021,0.42
Micronesia (country),FSM,2022,0.454
Micronesia (country),FSM,2023,0.466
Moldova,MDA,1950,1.707
Moldova,MDA,1951,1.773
Moldova,MDA,1952,1.85
Moldova,MDA,1953,1.91
Moldova,MDA,1954,1.951
Moldova,MDA,1955,1.979
Moldova,MDA,1956,1.993
Moldova,MDA,1957,1.977
Moldova,MDA,1958,1.903
Moldova,MDA,1959,2.313
Moldova,MDA,1960,2.212
Moldova,MDA,1961,2.144
Moldova,MDA,1962,1.989
Moldova,MDA,1963,1.857
Moldova,MDA,1964,1.686
Moldova,MDA,1965,1.634
Moldova,MDA,1966,1.571
Moldova,MDA,1967,1.518
Moldova,MDA,1968,1.486
Moldova,MDA,1969,1.475
Moldova,MDA,1970,0.932
Moldova,MDA,1971,0.948
Moldova,MDA,1972,1.004
Moldova,MDA,1973,1.065
Moldova,MDA,1974,1.12
Moldova,MDA,1975,1.139
Moldova,MDA,1976,1.145
Moldova,MDA,1977,1.138
Moldova,MDA,1978,1.128
Moldova,MDA,1979,0.883
Moldova,MDA,1980,1.018
Moldova,MDA,1981,0.988
Moldova,MDA,1982,0.984
Moldova,MDA,1983,1.04
Moldova,MDA,1984,1.049
Moldova,MDA,1985,1.085
Moldova,MDA,1986,1.165
Moldova,MDA,1987,1.128
Moldova,MDA,1988,1.094
Moldova,MDA,1989,0.338
Moldova,MDA,1990,0.192
Moldova,MDA,1991,0.053
Moldova,MDA,1992,-0.094
Moldova,MDA,1993,-0.242
Moldova,MDA,1994,-0.379
Moldova,MDA,1995,-0.537
Moldova,MDA,1996,-0.67
Moldova,MDA,1997,-0.8
Moldova,MDA,1998,-0.899
Moldova,MDA,1999,-0.986
Moldova,MDA,2000,-1.047
Moldova,MDA,2001,-1.1
Moldova,MDA,2002,-1.149
Moldova,MDA,2003,-1.158
Moldova,MDA,2004,-1.238
Moldova,MDA,2005,-1.652
Moldova,MDA,2006,-1.754
Moldova,MDA,2007,-1.845
Moldova,MDA,2008,-1.924
Moldova,MDA,2009,-1.993
Moldova,MDA,2010,-2.054
Moldova,MDA,2011,-2.105
Moldova,MDA,2012,-2.137
Moldova,MDA,2013,-2.152
Moldova,MDA,2014,-1.756
Moldova,MDA,2015,-1.594
Moldova,MDA,2016,-1.431
Moldova,MDA,2017,-1.323
Moldova,MDA,2018,-1.179
Moldova,MDA,2019,-1.453
Moldova,MDA,2020,-1.357
Moldova,MDA,2021,-1.623
Moldova,MDA,2022,2.68
Moldova,MDA,2023,-0.89
Monaco,MCO,1950,5.529
Monaco,MCO,1951,1.361
Monaco,MCO,1952,0.696
Monaco,MCO,1953,0.319
Monaco,MCO,1954,-0.31
Monaco,MCO,1955,-0.544
Monaco,MCO,1956,1.94
Monaco,MCO,1957,1.626
Monaco,MCO,1958,1.308
Monaco,MCO,1959,0.942
Monaco,MCO,1960,0.55
Monaco,MCO,1961,0.301
Monaco,MCO,1962,1.309
Monaco,MCO,1963,1.447
Monaco,MCO,1964,1.23
Monaco,MCO,1965,0.998
Monaco,MCO,1966,0.653
Monaco,MCO,1967,0.211
Monaco,MCO,1968,1.553
Monaco,MCO,1969,1.779
Monaco,MCO,1970,1.531
Monaco,MCO,1971,1.322
Monaco,MCO,1972,0.989
Monaco,MCO,1973,0.694
Monaco,MCO,1974,0.598
Monaco,MCO,1975,1.494
Monaco,MCO,1976,1.572
Monaco,MCO,1977,1.336
Monaco,MCO,1978,1.176
Monaco,MCO,1979,0.971
Monaco,MCO,1980,0.734
Monaco,MCO,1981,0.52
Monaco,MCO,1982,1.433
Monaco,MCO,1983,1.441
Monaco,MCO,1984,1.368
Monaco,MCO,1985,1.26
Monaco,MCO,1986,1.241
Monaco,MCO,1987,1.175
Monaco,MCO,1988,1.085
Monaco,MCO,1989,0.941
Monaco,MCO,1990,0.879
Monaco,MCO,1991,0.865
Monaco,MCO,1992,0.839
Monaco,MCO,1993,0.768
Monaco,MCO,1994,0.768
Monaco,MCO,1995,0.715
Monaco,MCO,1996,0.726
Monaco,MCO,1997,0.683
Monaco,MCO,1998,0.592
Monaco,MCO,1999,0.287
Monaco,MCO,2000,-0.009
Monaco,MCO,2001,-0.037
Monaco,MCO,2002,-0.12
Monaco,MCO,2003,-0.17
Monaco,MCO,2004,-0.245
Monaco,MCO,2005,-0.36
Monaco,MCO,2006,-0.59
Monaco,MCO,2007,-0.788
Monaco,MCO,2008,0.779
Monaco,MCO,2009,2.494
Monaco,MCO,2010,2.391
Monaco,MCO,2011,2.271
Monaco,MCO,2012,2.19
Monaco,MCO,2013,2.009
Monaco,MCO,2014,1.799
Monaco,MCO,2015,1.654
Monaco,MCO,2016,1.154
Monaco,MCO,2017,0.993
Monaco,MCO,2018,1.518
Monaco,MCO,2019,-1.758
Monaco,MCO,2020,1.453
Monaco,MCO,2021,1.038
Monaco,MCO,2022,1.051
Monaco,MCO,2023,-0.922
Mongolia,MNG,1950,1.624
Mongolia,MNG,1951,1.584
Mongolia,MNG,1952,1.604
Mongolia,MNG,1953,1.637
Mongolia,MNG,1954,1.686
Mongolia,MNG,1955,1.8
Mongolia,MNG,1956,2.801
Mongolia,MNG,1957,2.819
Mongolia,MNG,1958,2.93
Mongolia,MNG,1959,3.094
Mongolia,MNG,1960,3.177
Mongolia,MNG,1961,3.203
Mongolia,MNG,1962,3.073
Mongolia,MNG,1963,2.599
Mongolia,MNG,1964,2.718
Mongolia,MNG,1965,2.828
Mongolia,MNG,1966,2.851
Mongolia,MNG,1967,2.783
Mongolia,MNG,1968,2.647
Mongolia,MNG,1969,2.548
Mongolia,MNG,1970,2.611
Mongolia,MNG,1971,2.69
Mongolia,MNG,1972,2.76
Mongolia,MNG,1973,2.821
Mongolia,MNG,1974,2.867
Mongolia,MNG,1975,2.892
Mongolia,MNG,1976,2.889
Mongolia,MNG,1977,2.813
Mongolia,MNG,1978,2.6
Mongolia,MNG,1979,2.425
Mongolia,MNG,1980,2.415
Mongolia,MNG,1981,2.408
Mongolia,MNG,1982,2.412
Mongolia,MNG,1983,2.428
Mongolia,MNG,1984,2.46
Mongolia,MNG,1985,2.51
Mongolia,MNG,1986,2.572
Mongolia,MNG,1987,2.62
Mongolia,MNG,1988,2.604
Mongolia,MNG,1989,1.962
Mongolia,MNG,1990,1.807
Mongolia,MNG,1991,1.692
Mongolia,MNG,1992,1.582
Mongolia,MNG,1993,1.467
Mongolia,MNG,1994,1.349
Mongolia,MNG,1995,1.234
Mongolia,MNG,1996,1.128
Mongolia,MNG,1997,1.032
Mongolia,MNG,1998,0.939
Mongolia,MNG,1999,0.816
Mongolia,MNG,2000,0.914
Mongolia,MNG,2001,0.912
Mongolia,MNG,2002,0.886
Mongolia,MNG,2003,0.845
Mongolia,MNG,2004,0.812
Mongolia,MNG,2005,0.807
Mongolia,MNG,2006,0.848
Mongolia,MNG,2007,0.94
Mongolia,MNG,2008,1.078
Mongolia,MNG,2009,1.253
Mongolia,MNG,2010,1.459
Mongolia,MNG,2011,1.73
Mongolia,MNG,2012,1.899
Mongolia,MNG,2013,2.096
Mongolia,MNG,2014,2.147
Mongolia,MNG,2015,2.165
Mongolia,MNG,2016,2.11
Mongolia,MNG,2017,2.028
Mongolia,MNG,2018,2.012
Mongolia,MNG,2019,2.014
Mongolia,MNG,2020,1.588
Mongolia,MNG,2021,1.363
Mongolia,MNG,2022,1.393
Mongolia,MNG,2023,1.302
Montenegro,MNE,1950,1.767
Montenegro,MNE,1951,1.953
Montenegro,MNE,1952,2.303
Montenegro,MNE,1953,1.757
Montenegro,MNE,1954,1.444
Montenegro,MNE,1955,1.397
Montenegro,MNE,1956,1.356
Montenegro,MNE,1957,1.335
Montenegro,MNE,1958,1.326
Montenegro,MNE,1959,1.312
Montenegro,MNE,1960,1.379
Montenegro,MNE,1961,1.416
Montenegro,MNE,1962,1.335
Montenegro,MNE,1963,1.269
Montenegro,MNE,1964,1.218
Montenegro,MNE,1965,1.167
Montenegro,MNE,1966,1.104
Montenegro,MNE,1967,1.033
Montenegro,MNE,1968,0.985
Montenegro,MNE,1969,0.984
Montenegro,MNE,1970,0.999
Montenegro,MNE,1971,1.044
Montenegro,MNE,1972,1.035
Montenegro,MNE,1973,1.013
Montenegro,MNE,1974,0.98
Montenegro,MNE,1975,0.975
Montenegro,MNE,1976,0.982
Montenegro,MNE,1977,0.951
Montenegro,MNE,1978,0.949
Montenegro,MNE,1979,0.958
Montenegro,MNE,1980,1.038
Montenegro,MNE,1981,0.696
Montenegro,MNE,1982,0.561
Montenegro,MNE,1983,0.556
Montenegro,MNE,1984,0.543
Montenegro,MNE,1985,0.538
Montenegro,MNE,1986,0.552
Montenegro,MNE,1987,0.558
Montenegro,MNE,1988,0.559
Montenegro,MNE,1989,0.565
Montenegro,MNE,1990,0.551
Montenegro,MNE,1991,0.433
Montenegro,MNE,1992,0.354
Montenegro,MNE,1993,0.309
Montenegro,MNE,1994,0.257
Montenegro,MNE,1995,0.22
Montenegro,MNE,1996,0.172
Montenegro,MNE,1997,0.116
Montenegro,MNE,1998,0.06
Montenegro,MNE,1999,0.001
Montenegro,MNE,2000,-0.029
Montenegro,MNE,2001,-0.035
Montenegro,MNE,2002,-0.036
Montenegro,MNE,2003,-0.03
Montenegro,MNE,2004,0.091
Montenegro,MNE,2005,0.003
Montenegro,MNE,2006,-0.059
Montenegro,MNE,2007,-0.096
Montenegro,MNE,2008,-0.073
Montenegro,MNE,2009,-0.056
Montenegro,MNE,2010,-0.054
Montenegro,MNE,2011,0.244
Montenegro,MNE,2012,0.026
Montenegro,MNE,2013,-0.133
Montenegro,MNE,2014,-0.446
Montenegro,MNE,2015,-0.58
Montenegro,MNE,2016,-0.664
Montenegro,MNE,2017,-0.665
Montenegro,MNE,2018,-0.733
Montenegro,MNE,2019,-0.612
Montenegro,MNE,2020,-0.612
Montenegro,MNE,2021,-0.737
Montenegro,MNE,2022,4.238
Montenegro,MNE,2023,1.857
Montserrat,MSR,1950,-0.765
Montserrat,MSR,1951,-0.755
Montserrat,MSR,1952,-0.659
Montserrat,MSR,1953,-0.909
Montserrat,MSR,1954,-0.589
Montserrat,MSR,1955,-0.681
Montserrat,MSR,1956,-0.799
Montserrat,MSR,1957,-0.667
Montserrat,MSR,1958,-0.844
Montserrat,MSR,1959,-0.718
Montserrat,MSR,1960,-0.557
Montserrat,MSR,1961,-0.644
Montserrat,MSR,1962,-0.682
Montserrat,MSR,1963,-0.661
Montserrat,MSR,1964,-0.691
Montserrat,MSR,1965,-0.653
Montserrat,MSR,1966,-0.622
Montserrat,MSR,1967,-0.591
Montserrat,MSR,1968,-0.507
Montserrat,MSR,1969,-0.668
Montserrat,MSR,1970,-0.026
Montserrat,MSR,1971,0.115
Montserrat,MSR,1972,0.106
Montserrat,MSR,1973,0.167
Montserrat,MSR,1974,0.237
Montserrat,MSR,1975,0.114
Montserrat,MSR,1976,0.114
Montserrat,MSR,1977,0.105
Montserrat,MSR,1978,-0.061
Montserrat,MSR,1979,-0.412
Montserrat,MSR,1980,-0.82
Montserrat,MSR,1981,-0.711
Montserrat,MSR,1982,-0.563
Montserrat,MSR,1983,-0.54
Montserrat,MSR,1984,-0.624
Montserrat,MSR,1985,-0.482
Montserrat,MSR,1986,-0.448
Montserrat,MSR,1987,-0.441
Montserrat,MSR,1988,-0.461
Montserrat,MSR,1989,-0.817
Montserrat,MSR,1990,-1.049
Montserrat,MSR,1991,-3.536
Montserrat,MSR,1992,-5.308
Montserrat,MSR,1993,-6.162
Montserrat,MSR,1994,-6.731
Montserrat,MSR,1995,-7.569
Montserrat,MSR,1996,-8.409
Montserrat,MSR,1997,-9.377
Montserrat,MSR,1998,-10.499
Montserrat,MSR,1999,-11.057
Montserrat,MSR,2000,-12.645
Montserrat,MSR,2001,-5.251
Montserrat,MSR,2002,0.246
Montserrat,MSR,2003,0.423
Montserrat,MSR,2004,0.664
Montserrat,MSR,2005,0.726
Montserrat,MSR,2006,0.808
Montserrat,MSR,2007,0.995
Montserrat,MSR,2008,1.326
Montserrat,MSR,2009,1.14
Montserrat,MSR,2010,1.335
Montserrat,MSR,2011,-0.145
Montserrat,MSR,2012,-0.959
Montserrat,MSR,2013,-0.863
Montserrat,MSR,2014,-0.892
Montserrat,MSR,2015,-0.749
Montserrat,MSR,2016,-0.755
Montserrat,MSR,2017,-0.76
Montserrat,MSR,2018,-0.7
Montserrat,MSR,2019,-0.595
Montserrat,MSR,2020,-0.821
Montserrat,MSR,2021,-0.424
Montserrat,MSR,2022,-0.764
Montserrat,MSR,2023,-0.701
More developed regions,,1950,1.171
More developed regions,,1951,1.098
More developed regions,,1952,1.129
More developed regions,,1953,1.158
More developed regions,,1954,1.159
More developed regions,,1955,1.163
More developed regions,,1956,1.135
More developed regions,,1957,1.197
More developed regions,,1958,1.196
More developed regions,,1959,1.163
More developed regions,,1960,1.163
More developed regions,,1961,1.17
More developed regions,,1962,1.125
More developed regions,,1963,1.083
More developed regions,,1964,1.047
More developed regions,,1965,0.988
More developed regions,,1966,0.918
More developed regions,,1967,0.884
More developed regions,,1968,0.873
More developed regions,,1969,0.861
More developed regions,,1970,0.805
More developed regions,,1971,0.918
More developed regions,,1972,0.837
More developed regions,,1973,0.789
More developed regions,,1974,0.749
More developed regions,,1975,0.677
More developed regions,,1976,0.669
More developed regions,,1977,0.66
More developed regions,,1978,0.63
More developed regions,,1979,0.647
More developed regions,,1980,0.674
More developed regions,,1981,0.584
More developed regions,,1982,0.566
More developed regions,,1983,0.564
More developed regions,,1984,0.543
More developed regions,,1985,0.554
More developed regions,,1986,0.586
More developed regions,,1987,0.579
More developed regions,,1988,0.595
More developed regions,,1989,0.552
More developed regions,,1990,0.601
More developed regions,,1991,0.546
More developed regions,,1992,0.378
More developed regions,,1993,0.381
More developed regions,,1994,0.424
More developed regions,,1995,0.288
More developed regions,,1996,0.31
More developed regions,,1997,0.282
More developed regions,,1998,0.204
More developed regions,,1999,0.263
More developed regions,,2000,0.31
More developed regions,,2001,0.309
More developed regions,,2002,0.448
More developed regions,,2003,0.361
More developed regions,,2004,0.381
More developed regions,,2005,0.351
More developed regions,,2006,0.373
More developed regions,,2007,0.473
More developed regions,,2008,0.451
More developed regions,,2009,0.411
More developed regions,,2010,0.4
More developed regions,,2011,0.39
More developed regions,,2012,0.367
More developed regions,,2013,0.369
More developed regions,,2014,0.381
More developed regions,,2015,0.439
More developed regions,,2016,0.442
More developed regions,,2017,0.394
More developed regions,,2018,0.359
More developed regions,,2019,0.328
More developed regions,,2020,-0.016
More developed regions,,2021,-0.027
More developed regions,,2022,-0.023
More developed regions,,2023,0.136
Morocco,MAR,1950,2.436
Morocco,MAR,1951,2.512
Morocco,MAR,1952,2.567
Morocco,MAR,1953,2.576
Morocco,MAR,1954,2.62
Morocco,MAR,1955,2.662
Morocco,MAR,1956,2.697
Morocco,MAR,1957,2.721
Morocco,MAR,1958,2.676
Morocco,MAR,1959,2.755
Morocco,MAR,1960,2.616
Morocco,MAR,1961,2.584
Morocco,MAR,1962,2.741
Morocco,MAR,1963,2.489
Morocco,MAR,1964,2.556
Morocco,MAR,1965,2.65
Morocco,MAR,1966,2.684
Morocco,MAR,1967,2.701
Morocco,MAR,1968,2.664
Morocco,MAR,1969,2.651
Morocco,MAR,1970,2.643
Morocco,MAR,1971,2.549
Morocco,MAR,1972,2.507
Morocco,MAR,1973,2.474
Morocco,MAR,1974,2.458
Morocco,MAR,1975,2.465
Morocco,MAR,1976,2.413
Morocco,MAR,1977,2.537
Morocco,MAR,1978,2.534
Morocco,MAR,1979,2.576
Morocco,MAR,1980,2.675
Morocco,MAR,1981,2.654
Morocco,MAR,1982,2.629
Morocco,MAR,1983,2.57
Morocco,MAR,1984,2.431
Morocco,MAR,1985,2.331
Morocco,MAR,1986,2.027
Morocco,MAR,1987,1.947
Morocco,MAR,1988,1.886
Morocco,MAR,1989,1.815
Morocco,MAR,1990,1.796
Morocco,MAR,1991,1.65
Morocco,MAR,1992,1.657
Morocco,MAR,1993,1.509
Morocco,MAR,1994,1.485
Morocco,MAR,1995,1.558
Morocco,MAR,1996,1.515
Morocco,MAR,1997,1.486
Morocco,MAR,1998,1.493
Morocco,MAR,1999,1.423
Morocco,MAR,2000,1.385
Morocco,MAR,2001,1.349
Morocco,MAR,2002,1.296
Morocco,MAR,2003,1.245
Morocco,MAR,2004,1.319
Morocco,MAR,2005,1.368
Morocco,MAR,2006,1.335
Morocco,MAR,2007,1.346
Morocco,MAR,2008,1.332
Morocco,MAR,2009,1.334
Morocco,MAR,2010,1.372
Morocco,MAR,2011,1.355
Morocco,MAR,2012,1.318
Morocco,MAR,2013,1.258
Morocco,MAR,2014,1.196
Morocco,MAR,2015,1.145
Morocco,MAR,2016,1.243
Morocco,MAR,2017,1.158
Morocco,MAR,2018,1.05
Morocco,MAR,2019,1.011
Morocco,MAR,2020,1.04
Morocco,MAR,2021,0.974
Morocco,MAR,2022,1.043
Morocco,MAR,2023,1.001
Mozambique,MOZ,1950,1.076
Mozambique,MOZ,1951,1.209
Mozambique,MOZ,1952,1.205
Mozambique,MOZ,1953,1.173
Mozambique,MOZ,1954,1.225
Mozambique,MOZ,1955,1.26
Mozambique,MOZ,1956,1.291
Mozambique,MOZ,1957,1.308
Mozambique,MOZ,1958,1.265
Mozambique,MOZ,1959,1.44
Mozambique,MOZ,1960,1.66
Mozambique,MOZ,1961,1.918
Mozambique,MOZ,1962,1.977
Mozambique,MOZ,1963,2.013
Mozambique,MOZ,1964,2.031
Mozambique,MOZ,1965,2.098
Mozambique,MOZ,1966,2.086
Mozambique,MOZ,1967,2.141
Mozambique,MOZ,1968,2.164
Mozambique,MOZ,1969,2.206
Mozambique,MOZ,1970,2.293
Mozambique,MOZ,1971,2.63
Mozambique,MOZ,1972,2.885
Mozambique,MOZ,1973,3.036
Mozambique,MOZ,1974,3.161
Mozambique,MOZ,1975,3.329
Mozambique,MOZ,1976,3.398
Mozambique,MOZ,1977,3.72
Mozambique,MOZ,1978,3.826
Mozambique,MOZ,1979,3.762
Mozambique,MOZ,1980,1.764
Mozambique,MOZ,1981,2.281
Mozambique,MOZ,1982,2.103
Mozambique,MOZ,1983,2.073
Mozambique,MOZ,1984,1.9
Mozambique,MOZ,1985,1.849
Mozambique,MOZ,1986,1.654
Mozambique,MOZ,1987,-0.837
Mozambique,MOZ,1988,0.494
Mozambique,MOZ,1989,1.157
Mozambique,MOZ,1990,1.726
Mozambique,MOZ,1991,2.165
Mozambique,MOZ,1992,1.715
Mozambique,MOZ,1993,4.572
Mozambique,MOZ,1994,8.806
Mozambique,MOZ,1995,3.323
Mozambique,MOZ,1996,3.235
Mozambique,MOZ,1997,2.251
Mozambique,MOZ,1998,2.304
Mozambique,MOZ,1999,2.191
Mozambique,MOZ,2000,2.216
Mozambique,MOZ,2001,2.236
Mozambique,MOZ,2002,2.251
Mozambique,MOZ,2003,2.277
Mozambique,MOZ,2004,2.289
Mozambique,MOZ,2005,2.336
Mozambique,MOZ,2006,2.361
Mozambique,MOZ,2007,2.398
Mozambique,MOZ,2008,2.532
Mozambique,MOZ,2009,2.649
Mozambique,MOZ,2010,2.704
Mozambique,MOZ,2011,2.866
Mozambique,MOZ,2012,2.876
Mozambique,MOZ,2013,2.905
Mozambique,MOZ,2014,2.894
Mozambique,MOZ,2015,2.908
Mozambique,MOZ,2016,2.952
Mozambique,MOZ,2017,3.024
Mozambique,MOZ,2018,2.94
Mozambique,MOZ,2019,2.94
Mozambique,MOZ,2020,2.989
Mozambique,MOZ,2021,2.927
Mozambique,MOZ,2022,2.967
Mozambique,MOZ,2023,2.941
Myanmar,MMR,1950,1.849
Myanmar,MMR,1951,1.874
Myanmar,MMR,1952,1.936
Myanmar,MMR,1953,1.955
Myanmar,MMR,1954,2.017
Myanmar,MMR,1955,2.053
Myanmar,MMR,1956,2.085
Myanmar,MMR,1957,2.114
Myanmar,MMR,1958,2.097
Myanmar,MMR,1959,2.157
Myanmar,MMR,1960,2.181
Myanmar,MMR,1961,2.192
Myanmar,MMR,1962,2.209
Myanmar,MMR,1963,2.222
Myanmar,MMR,1964,2.241
Myanmar,MMR,1965,2.275
Myanmar,MMR,1966,2.262
Myanmar,MMR,1967,2.275
Myanmar,MMR,1968,2.264
Myanmar,MMR,1969,2.266
Myanmar,MMR,1970,2.256
Myanmar,MMR,1971,2.212
Myanmar,MMR,1972,2.206
Myanmar,MMR,1973,1.96
Myanmar,MMR,1974,1.941
Myanmar,MMR,1975,1.929
Myanmar,MMR,1976,1.893
Myanmar,MMR,1977,1.952
Myanmar,MMR,1978,1.945
Myanmar,MMR,1979,1.918
Myanmar,MMR,1980,1.915
Myanmar,MMR,1981,1.852
Myanmar,MMR,1982,1.802
Myanmar,MMR,1983,2.099
Myanmar,MMR,1984,2.048
Myanmar,MMR,1985,1.944
Myanmar,MMR,1986,1.801
Myanmar,MMR,1987,1.689
Myanmar,MMR,1988,1.599
Myanmar,MMR,1989,1.556
Myanmar,MMR,1990,1.495
Myanmar,MMR,1991,1.383
Myanmar,MMR,1992,1.352
Myanmar,MMR,1993,1.326
Myanmar,MMR,1994,1.32
Myanmar,MMR,1995,1.28
Myanmar,MMR,1996,1.283
Myanmar,MMR,1997,1.268
Myanmar,MMR,1998,1.229
Myanmar,MMR,1999,1.152
Myanmar,MMR,2000,1.082
Myanmar,MMR,2001,1.028
Myanmar,MMR,2002,0.979
Myanmar,MMR,2003,0.892
Myanmar,MMR,2004,0.822
Myanmar,MMR,2005,0.743
Myanmar,MMR,2006,0.714
Myanmar,MMR,2007,0.704
Myanmar,MMR,2008,0.398
Myanmar,MMR,2009,0.712
Myanmar,MMR,2010,0.778
Myanmar,MMR,2011,0.829
Myanmar,MMR,2012,0.854
Myanmar,MMR,2013,0.845
Myanmar,MMR,2014,0.815
Myanmar,MMR,2015,0.786
Myanmar,MMR,2016,0.799
Myanmar,MMR,2017,0.745
Myanmar,MMR,2018,0.704
Myanmar,MMR,2019,0.701
Myanmar,MMR,2020,0.721
Myanmar,MMR,2021,0.672
Myanmar,MMR,2022,0.708
Myanmar,MMR,2023,0.69
Namibia,NAM,1950,1.097
Namibia,NAM,1951,1.144
Namibia,NAM,1952,1.24
Namibia,NAM,1953,1.249
Namibia,NAM,1954,1.28
Namibia,NAM,1955,1.32
Namibia,NAM,1956,1.394
Namibia,NAM,1957,1.482
Namibia,NAM,1958,1.602
Namibia,NAM,1959,1.724
Namibia,NAM,1960,1.872
Namibia,NAM,1961,2.012
Namibia,NAM,1962,2.153
Namibia,NAM,1963,2.288
Namibia,NAM,1964,2.401
Namibia,NAM,1965,2.51
Namibia,NAM,1966,2.6
Namibia,NAM,1967,2.753
Namibia,NAM,1968,2.772
Namibia,NAM,1969,2.897
Namibia,NAM,1970,2.926
Namibia,NAM,1971,2.98
Namibia,NAM,1972,3.03
Namibia,NAM,1973,2.979
Namibia,NAM,1974,3.055
Namibia,NAM,1975,3.102
Namibia,NAM,1976,2.619
Namibia,NAM,1977,2.721
Namibia,NAM,1978,0.738
Namibia,NAM,1979,2.505
Namibia,NAM,1980,1.335
Namibia,NAM,1981,0.91
Namibia,NAM,1982,2.631
Namibia,NAM,1983,2.682
Namibia,NAM,1984,2.733
Namibia,NAM,1985,2.978
Namibia,NAM,1986,3.158
Namibia,NAM,1987,3.246
Namibia,NAM,1988,3.779
Namibia,NAM,1989,8.756
Namibia,NAM,1990,3.5
Namibia,NAM,1991,3.168
Namibia,NAM,1992,3.178
Namibia,NAM,1993,3.203
Namibia,NAM,1994,3.014
Namibia,NAM,1995,2.799
Namibia,NAM,1996,2.614
Namibia,NAM,1997,2.563
Namibia,NAM,1998,2.521
Namibia,NAM,1999,2.453
Namibia,NAM,2000,2.254
Namibia,NAM,2001,1.929
Namibia,NAM,2002,1.589
Namibia,NAM,2003,1.302
Namibia,NAM,2004,1.25
Namibia,NAM,2005,1.257
Namibia,NAM,2006,1.3
Namibia,NAM,2007,1.364
Namibia,NAM,2008,1.435
Namibia,NAM,2009,1.507
Namibia,NAM,2010,1.59
Namibia,NAM,2011,1.84
Namibia,NAM,2012,2.605
Namibia,NAM,2013,2.599
Namibia,NAM,2014,2.626
Namibia,NAM,2015,2.679
Namibia,NAM,2016,2.715
Namibia,NAM,2017,2.755
Namibia,NAM,2018,2.79
Namibia,NAM,2019,2.809
Namibia,NAM,2020,3.009
Namibia,NAM,2021,2.899
Namibia,NAM,2022,2.656
Namibia,NAM,2023,2.366
Nauru,NRU,1950,3.053
Nauru,NRU,1951,2.934
Nauru,NRU,1952,2.523
Nauru,NRU,1953,2.247
Nauru,NRU,1954,2.302
Nauru,NRU,1955,3.167
Nauru,NRU,1956,3.731
Nauru,NRU,1957,2.982
Nauru,NRU,1958,3.584
Nauru,NRU,1959,3.571
Nauru,NRU,1960,3.234
Nauru,NRU,1961,3.834
Nauru,NRU,1962,4.56
Nauru,NRU,1963,5.148
Nauru,NRU,1964,5.569
Nauru,NRU,1965,5.609
Nauru,NRU,1966,1.605
Nauru,NRU,1967,1.386
Nauru,NRU,1968,4.773
Nauru,NRU,1969,3.1
Nauru,NRU,1970,0.79
Nauru,NRU,1971,0.769
Nauru,NRU,1972,0.705
Nauru,NRU,1973,0.874
Nauru,NRU,1974,0.794
Nauru,NRU,1975,1.045
Nauru,NRU,1976,1.147
Nauru,NRU,1977,1.619
Nauru,NRU,1978,2.11
Nauru,NRU,1979,2.478
Nauru,NRU,1980,2.314
Nauru,NRU,1981,2.603
Nauru,NRU,1982,2.451
Nauru,NRU,1983,1.911
Nauru,NRU,1984,1.958
Nauru,NRU,1985,2.152
Nauru,NRU,1986,2.254
Nauru,NRU,1987,2.37
Nauru,NRU,1988,2.455
Nauru,NRU,1989,2.417
Nauru,NRU,1990,2.453
Nauru,NRU,1991,2.234
Nauru,NRU,1992,1.217
Nauru,NRU,1993,0.396
Nauru,NRU,1994,0.306
Nauru,NRU,1995,0.226
Nauru,NRU,1996,0.137
Nauru,NRU,1997,0.137
Nauru,NRU,1998,-0.118
Nauru,NRU,1999,-0.098
Nauru,NRU,2000,-0.285
Nauru,NRU,2001,-0.444
Nauru,NRU,2002,-0.526
Nauru,NRU,2003,0.08
Nauru,NRU,2004,-0.06
Nauru,NRU,2005,-0.159
Nauru,NRU,2006,-0.149
Nauru,NRU,2007,-0.12
Nauru,NRU,2008,-0.09
Nauru,NRU,2009,0.22
Nauru,NRU,2010,0.319
Nauru,NRU,2011,0.763
Nauru,NRU,2012,2.552
Nauru,NRU,2013,2.263
Nauru,NRU,2014,1.983
Nauru,NRU,2015,1.917
Nauru,NRU,2016,1.632
Nauru,NRU,2017,1.466
Nauru,NRU,2018,1.229
Nauru,NRU,2019,0.673
Nauru,NRU,2020,0.292
Nauru,NRU,2021,0.828
Nauru,NRU,2022,0.746
Nauru,NRU,2023,0.505
Nepal,NPL,1950,2.097
Nepal,NPL,1951,2.054
Nepal,NPL,1952,1.98
Nepal,NPL,1953,1.891
Nepal,NPL,1954,1.876
Nepal,NPL,1955,1.836
Nepal,NPL,1956,1.802
Nepal,NPL,1957,1.775
Nepal,NPL,1958,1.7
Nepal,NPL,1959,1.804
Nepal,NPL,1960,1.878
Nepal,NPL,1961,1.932
Nepal,NPL,1962,1.959
Nepal,NPL,1963,1.969
Nepal,NPL,1964,2.027
Nepal,NPL,1965,2.078
Nepal,NPL,1966,2.09
Nepal,NPL,1967,2.142
Nepal,NPL,1968,2.163
Nepal,NPL,1969,2.17
Nepal,NPL,1970,2.206
Nepal,NPL,1971,2.152
Nepal,NPL,1972,2.191
Nepal,NPL,1973,2.167
Nepal,NPL,1974,2.202
Nepal,NPL,1975,2.205
Nepal,NPL,1976,2.173
Nepal,NPL,1977,2.31
Nepal,NPL,1978,2.332
Nepal,NPL,1979,2.342
Nepal,NPL,1980,2.375
Nepal,NPL,1981,2.319
Nepal,NPL,1982,2.343
Nepal,NPL,1983,2.399
Nepal,NPL,1984,2.293
Nepal,NPL,1985,2.249
Nepal,NPL,1986,2.17
Nepal,NPL,1987,2.066
Nepal,NPL,1988,2.143
Nepal,NPL,1989,2.303
Nepal,NPL,1990,2.533
Nepal,NPL,1991,2.642
Nepal,NPL,1992,2.995
Nepal,NPL,1993,2.473
Nepal,NPL,1994,2.537
Nepal,NPL,1995,2.27
Nepal,NPL,1996,2.145
Nepal,NPL,1997,2.013
Nepal,NPL,1998,1.919
Nepal,NPL,1999,1.804
Nepal,NPL,2000,1.659
Nepal,NPL,2001,1.576
Nepal,NPL,2002,1.466
Nepal,NPL,2003,1.356
Nepal,NPL,2004,1.182
Nepal,NPL,2005,1.057
Nepal,NPL,2006,0.88
Nepal,NPL,2007,0.792
Nepal,NPL,2008,0.707
Nepal,NPL,2009,0.645
Nepal,NPL,2010,0.595
Nepal,NPL,2011,0.3
Nepal,NPL,2012,0.212
Nepal,NPL,2013,0.188
Nepal,NPL,2014,0.408
Nepal,NPL,2015,0.681
Nepal,NPL,2016,0.265
Nepal,NPL,2017,0.134
Nepal,NPL,2018,0.354
Nepal,NPL,2019,2.004
Nepal,NPL,2020,1.849
Nepal,NPL,2021,1.632
Nepal,NPL,2022,-0.001
Nepal,NPL,2023,-0.139
Netherlands,NLD,1950,1.715
Netherlands,NLD,1951,1.248
Netherlands,NLD,1952,1.034
Netherlands,NLD,1953,1.097
Netherlands,NLD,1954,1.218
Netherlands,NLD,1955,1.318
Netherlands,NLD,1956,1.243
Netherlands,NLD,1957,1.259
Netherlands,NLD,1958,1.628
Netherlands,NLD,1959,1.228
Netherlands,NLD,1960,1.204
Netherlands,NLD,1961,1.432
Netherlands,NLD,1962,1.438
Netherlands,NLD,1963,1.282
Netherlands,NLD,1964,1.418
Netherlands,NLD,1965,1.354
Netherlands,NLD,1966,1.282
Netherlands,NLD,1967,1.009
Netherlands,NLD,1968,1.089
Netherlands,NLD,1969,1.248
Netherlands,NLD,1970,1.242
Netherlands,NLD,1971,1.139
Netherlands,NLD,1972,0.887
Netherlands,NLD,1973,0.77
Netherlands,NLD,1974,0.798
Netherlands,NLD,1975,0.968
Netherlands,NLD,1976,0.586
Netherlands,NLD,1977,0.6
Netherlands,NLD,1978,0.627
Netherlands,NLD,1979,0.748
Netherlands,NLD,1980,0.847
Netherlands,NLD,1981,0.561
Netherlands,NLD,1982,0.435
Netherlands,NLD,1983,0.442
Netherlands,NLD,1984,0.471
Netherlands,NLD,1985,0.579
Netherlands,NLD,1986,0.622
Netherlands,NLD,1987,0.72
Netherlands,NLD,1988,0.648
Netherlands,NLD,1989,0.633
Netherlands,NLD,1990,0.833
Netherlands,NLD,1991,0.813
Netherlands,NLD,1992,0.786
Netherlands,NLD,1993,0.687
Netherlands,NLD,1994,0.554
Netherlands,NLD,1995,0.472
Netherlands,NLD,1996,0.489
Netherlands,NLD,1997,0.577
Netherlands,NLD,1998,0.735
Netherlands,NLD,1999,0.689
Netherlands,NLD,2000,0.793
Netherlands,NLD,2001,0.745
Netherlands,NLD,2002,0.553
Netherlands,NLD,2003,0.413
Netherlands,NLD,2004,0.303
Netherlands,NLD,2005,0.186
Netherlands,NLD,2006,0.156
Netherlands,NLD,2007,0.298
Netherlands,NLD,2008,0.497
Netherlands,NLD,2009,0.547
Netherlands,NLD,2010,0.494
Netherlands,NLD,2011,0.456
Netherlands,NLD,2012,0.304
Netherlands,NLD,2013,0.308
Netherlands,NLD,2014,0.433
Netherlands,NLD,2015,0.473
Netherlands,NLD,2016,0.661
Netherlands,NLD,2017,0.622
Netherlands,NLD,2018,0.598
Netherlands,NLD,2019,0.732
Netherlands,NLD,2020,0.397
Netherlands,NLD,2021,0.663
Netherlands,NLD,2022,1.285
Netherlands,NLD,2023,0.807
New Caledonia,NCL,1950,1.427
New Caledonia,NCL,1951,1.492
New Caledonia,NCL,1952,1.585
New Caledonia,NCL,1953,1.653
New Caledonia,NCL,1954,1.734
New Caledonia,NCL,1955,1.805
New Caledonia,NCL,1956,2.357
New Caledonia,NCL,1957,3.056
New Caledonia,NCL,1958,3.144
New Caledonia,NCL,1959,3.218
New Caledonia,NCL,1960,3.297
New Caledonia,NCL,1961,3.362
New Caledonia,NCL,1962,3.341
New Caledonia,NCL,1963,2.933
New Caledonia,NCL,1964,2.783
New Caledonia,NCL,1965,2.786
New Caledonia,NCL,1966,2.845
New Caledonia,NCL,1967,2.848
New Caledonia,NCL,1968,2.858
New Caledonia,NCL,1969,3.737
New Caledonia,NCL,1970,4.628
New Caledonia,NCL,1971,4.625
New Caledonia,NCL,1972,4.618
New Caledonia,NCL,1973,4.596
New Caledonia,NCL,1974,4.536
New Caledonia,NCL,1975,4.408
New Caledonia,NCL,1976,2.253
New Caledonia,NCL,1977,1.255
New Caledonia,NCL,1978,1.21
New Caledonia,NCL,1979,1.155
New Caledonia,NCL,1980,1.107
New Caledonia,NCL,1981,1.049
New Caledonia,NCL,1982,1.001
New Caledonia,NCL,1983,1.595
New Caledonia,NCL,1984,1.706
New Caledonia,NCL,1985,1.632
New Caledonia,NCL,1986,1.665
New Caledonia,NCL,1987,1.686
New Caledonia,NCL,1988,1.728
New Caledonia,NCL,1989,2.407
New Caledonia,NCL,1990,2.672
New Caledonia,NCL,1991,2.676
New Caledonia,NCL,1992,2.589
New Caledonia,NCL,1993,2.489
New Caledonia,NCL,1994,2.436
New Caledonia,NCL,1995,2.378
New Caledonia,NCL,1996,2.217
New Caledonia,NCL,1997,2.15
New Caledonia,NCL,1998,2.087
New Caledonia,NCL,1999,2.057
New Caledonia,NCL,2000,2.083
New Caledonia,NCL,2001,2.007
New Caledonia,NCL,2002,1.933
New Caledonia,NCL,2003,1.857
New Caledonia,NCL,2004,1.642
New Caledonia,NCL,2005,1.27
New Caledonia,NCL,2006,1.304
New Caledonia,NCL,2007,1.248
New Caledonia,NCL,2008,1.21
New Caledonia,NCL,2009,1.469
New Caledonia,NCL,2010,1.868
New Caledonia,NCL,2011,1.889
New Caledonia,NCL,2012,1.895
New Caledonia,NCL,2013,1.89
New Caledonia,NCL,2014,1.271
New Caledonia,NCL,2015,0.111
New Caledonia,NCL,2016,0.069
New Caledonia,NCL,2017,0.018
New Caledonia,NCL,2018,-0.021
New Caledonia,NCL,2019,0.067
New Caledonia,NCL,2020,0.335
New Caledonia,NCL,2021,0.394
New Caledonia,NCL,2022,0.938
New Caledonia,NCL,2023,0.966
New Zealand,NZL,1950,1.944
New Zealand,NZL,1951,2.19
New Zealand,NZL,1952,2.52
New Zealand,NZL,1953,2.425
New Zealand,NZL,1954,2.154
New Zealand,NZL,1955,2.054
New Zealand,NZL,1956,2.124
New Zealand,NZL,1957,2.296
New Zealand,NZL,1958,2.246
New Zealand,NZL,1959,1.956
New Zealand,NZL,1960,1.948
New Zealand,NZL,1961,2.23
New Zealand,NZL,1962,2.219
New Zealand,NZL,1963,2.06
New Zealand,NZL,1964,1.894
New Zealand,NZL,1965,1.761
New Zealand,NZL,1966,1.705
New Zealand,NZL,1967,1.319
New Zealand,NZL,1968,0.954
New Zealand,NZL,1969,1.202
New Zealand,NZL,1970,1.492
New Zealand,NZL,1971,1.67
New Zealand,NZL,1972,1.929
New Zealand,NZL,1973,2.12
New Zealand,NZL,1974,2.017
New Zealand,NZL,1975,1.431
New Zealand,NZL,1976,0.669
New Zealand,NZL,1977,0.193
New Zealand,NZL,1978,-0.059
New Zealand,NZL,1979,0.018
New Zealand,NZL,1980,0.283
New Zealand,NZL,1981,0.574
New Zealand,NZL,1982,1.018
New Zealand,NZL,1983,1.115
New Zealand,NZL,1984,0.776
New Zealand,NZL,1985,0.342
New Zealand,NZL,1986,0.481
New Zealand,NZL,1987,0.609
New Zealand,NZL,1988,0.394
New Zealand,NZL,1989,0.676
New Zealand,NZL,1990,3.055
New Zealand,NZL,1991,1.842
New Zealand,NZL,1992,1.091
New Zealand,NZL,1993,1.237
New Zealand,NZL,1994,1.398
New Zealand,NZL,1995,1.528
New Zealand,NZL,1996,1.441
New Zealand,NZL,1997,1.096
New Zealand,NZL,1998,0.72
New Zealand,NZL,1999,0.546
New Zealand,NZL,2000,0.599
New Zealand,NZL,2001,1.163
New Zealand,NZL,2002,1.859
New Zealand,NZL,2003,1.728
New Zealand,NZL,2004,1.302
New Zealand,NZL,2005,1.186
New Zealand,NZL,2006,1.072
New Zealand,NZL,2007,0.895
New Zealand,NZL,2008,0.922
New Zealand,NZL,2009,1.061
New Zealand,NZL,2010,0.949
New Zealand,NZL,2011,0.652
New Zealand,NZL,2012,0.666
New Zealand,NZL,2013,1.235
New Zealand,NZL,2014,1.841
New Zealand,NZL,2015,2.142
New Zealand,NZL,2016,2.178
New Zealand,NZL,2017,1.939
New Zealand,NZL,2018,1.692
New Zealand,NZL,2019,1.888
New Zealand,NZL,2020,1.317
New Zealand,NZL,2021,0.173
New Zealand,NZL,2022,0.765
New Zealand,NZL,2023,0.83
Nicaragua,NIC,1950,2.844
Nicaragua,NIC,1951,2.815
Nicaragua,NIC,1952,2.852
Nicaragua,NIC,1953,2.867
Nicaragua,NIC,1954,2.891
Nicaragua,NIC,1955,2.919
Nicaragua,NIC,1956,2.947
Nicaragua,NIC,1957,2.969
Nicaragua,NIC,1958,2.989
Nicaragua,NIC,1959,3.002
Nicaragua,NIC,1960,2.988
Nicaragua,NIC,1961,2.991
Nicaragua,NIC,1962,3.003
Nicaragua,NIC,1963,3.018
Nicaragua,NIC,1964,3.043
Nicaragua,NIC,1965,3.08
Nicaragua,NIC,1966,3.108
Nicaragua,NIC,1967,3.131
Nicaragua,NIC,1968,3.141
Nicaragua,NIC,1969,3.136
Nicaragua,NIC,1970,3.124
Nicaragua,NIC,1971,3.114
Nicaragua,NIC,1972,2.708
Nicaragua,NIC,1973,3.085
Nicaragua,NIC,1974,3.07
Nicaragua,NIC,1975,3.049
Nicaragua,NIC,1976,3.029
Nicaragua,NIC,1977,2.988
Nicaragua,NIC,1978,2.797
Nicaragua,NIC,1979,2.6
Nicaragua,NIC,1980,2.874
Nicaragua,NIC,1981,2.782
Nicaragua,NIC,1982,2.707
Nicaragua,NIC,1983,2.549
Nicaragua,NIC,1984,2.422
Nicaragua,NIC,1985,2.35
Nicaragua,NIC,1986,2.326
Nicaragua,NIC,1987,2.261
Nicaragua,NIC,1988,2.33
Nicaragua,NIC,1989,2.355
Nicaragua,NIC,1990,2.316
Nicaragua,NIC,1991,2.295
Nicaragua,NIC,1992,2.227
Nicaragua,NIC,1993,2.164
Nicaragua,NIC,1994,2.084
Nicaragua,NIC,1995,1.991
Nicaragua,NIC,1996,1.726
Nicaragua,NIC,1997,1.613
Nicaragua,NIC,1998,1.446
Nicaragua,NIC,1999,1.415
Nicaragua,NIC,2000,1.336
Nicaragua,NIC,2001,1.244
Nicaragua,NIC,2002,1.183
Nicaragua,NIC,2003,1.175
Nicaragua,NIC,2004,1.189
Nicaragua,NIC,2005,1.417
Nicaragua,NIC,2006,1.436
Nicaragua,NIC,2007,1.437
Nicaragua,NIC,2008,1.43
Nicaragua,NIC,2009,1.419
Nicaragua,NIC,2010,1.419
Nicaragua,NIC,2011,1.406
Nicaragua,NIC,2012,1.401
Nicaragua,NIC,2013,1.378
Nicaragua,NIC,2014,1.366
Nicaragua,NIC,2015,1.35
Nicaragua,NIC,2016,1.34
Nicaragua,NIC,2017,1.324
Nicaragua,NIC,2018,1.313
Nicaragua,NIC,2019,1.282
Nicaragua,NIC,2020,1.22
Nicaragua,NIC,2021,1.186
Nicaragua,NIC,2022,1.382
Nicaragua,NIC,2023,1.362
Niger,NER,1950,3.343
Niger,NER,1951,3.243
Niger,NER,1952,3.147
Niger,NER,1953,3.057
Niger,NER,1954,2.986
Niger,NER,1955,2.926
Niger,NER,1956,2.884
Niger,NER,1957,2.863
Niger,NER,1958,2.862
Niger,NER,1959,2.871
Niger,NER,1960,2.894
Niger,NER,1961,2.905
Niger,NER,1962,2.906
Niger,NER,1963,2.897
Niger,NER,1964,2.874
Niger,NER,1965,2.832
Niger,NER,1966,2.81
Niger,NER,1967,2.78
Niger,NER,1968,2.749
Niger,NER,1969,2.721
Niger,NER,1970,2.709
Niger,NER,1971,2.637
Niger,NER,1972,2.677
Niger,NER,1973,2.675
Niger,NER,1974,2.694
Niger,NER,1975,2.722
Niger,NER,1976,2.767
Niger,NER,1977,2.818
Niger,NER,1978,2.907
Niger,NER,1979,2.975
Niger,NER,1980,2.994
Niger,NER,1981,2.98
Niger,NER,1982,2.965
Niger,NER,1983,2.963
Niger,NER,1984,2.951
Niger,NER,1985,2.993
Niger,NER,1986,3.022
Niger,NER,1987,3.029
Niger,NER,1988,3.03
Niger,NER,1989,3.061
Niger,NER,1990,3.098
Niger,NER,1991,3.101
Niger,NER,1992,3.135
Niger,NER,1993,3.185
Niger,NER,1994,3.246
Niger,NER,1995,3.371
Niger,NER,1996,3.317
Niger,NER,1997,3.323
Niger,NER,1998,3.443
Niger,NER,1999,3.438
Niger,NER,2000,3.495
Niger,NER,2001,3.522
Niger,NER,2002,3.541
Niger,NER,2003,3.583
Niger,NER,2004,3.613
Niger,NER,2005,3.646
Niger,NER,2006,3.668
Niger,NER,2007,3.694
Niger,NER,2008,3.71
Niger,NER,2009,3.724
Niger,NER,2010,3.727
Niger,NER,2011,3.716
Niger,NER,2012,3.828
Niger,NER,2013,3.691
Niger,NER,2014,3.687
Niger,NER,2015,3.705
Niger,NER,2016,3.645
Niger,NER,2017,3.478
Niger,NER,2018,3.424
Niger,NER,2019,3.311
Niger,NER,2020,3.289
Niger,NER,2021,3.22
Niger,NER,2022,3.282
Niger,NER,2023,3.307
Nigeria,NGA,1950,1.882
Nigeria,NGA,1951,1.896
Nigeria,NGA,1952,1.87
Nigeria,NGA,1953,1.834
Nigeria,NGA,1954,1.866
Nigeria,NGA,1955,1.879
Nigeria,NGA,1956,1.898
Nigeria,NGA,1957,1.908
Nigeria,NGA,1958,1.854
Nigeria,NGA,1959,1.972
Nigeria,NGA,1960,2.028
Nigeria,NGA,1961,2.082
Nigeria,NGA,1962,2.117
Nigeria,NGA,1963,2.131
Nigeria,NGA,1964,2.152
Nigeria,NGA,1965,2.186
Nigeria,NGA,1966,2.165
Nigeria,NGA,1967,2.107
Nigeria,NGA,1968,2.205
Nigeria,NGA,1969,2.234
Nigeria,NGA,1970,2.332
Nigeria,NGA,1971,2.339
Nigeria,NGA,1972,2.45
Nigeria,NGA,1973,2.538
Nigeria,NGA,1974,2.706
Nigeria,NGA,1975,2.83
Nigeria,NGA,1976,2.912
Nigeria,NGA,1977,3.054
Nigeria,NGA,1978,3.074
Nigeria,NGA,1979,3.095
Nigeria,NGA,1980,3.146
Nigeria,NGA,1981,3.006
Nigeria,NGA,1982,2.979
Nigeria,NGA,1983,2.219
Nigeria,NGA,1984,2.898
Nigeria,NGA,1985,2.77
Nigeria,NGA,1986,2.665
Nigeria,NGA,1987,2.664
Nigeria,NGA,1988,2.684
Nigeria,NGA,1989,2.7
Nigeria,NGA,1990,2.706
Nigeria,NGA,1991,2.578
Nigeria,NGA,1992,2.671
Nigeria,NGA,1993,2.629
Nigeria,NGA,1994,2.653
Nigeria,NGA,1995,2.621
Nigeria,NGA,1996,2.608
Nigeria,NGA,1997,2.598
Nigeria,NGA,1998,2.628
Nigeria,NGA,1999,2.644
Nigeria,NGA,2000,2.704
Nigeria,NGA,2001,2.728
Nigeria,NGA,2002,2.755
Nigeria,NGA,2003,2.759
Nigeria,NGA,2004,2.782
Nigeria,NGA,2005,2.756
Nigeria,NGA,2006,2.766
Nigeria,NGA,2007,2.777
Nigeria,NGA,2008,2.792
Nigeria,NGA,2009,2.783
Nigeria,NGA,2010,2.807
Nigeria,NGA,2011,2.799
Nigeria,NGA,2012,2.75
Nigeria,NGA,2013,2.68
Nigeria,NGA,2014,2.605
Nigeria,NGA,2015,2.469
Nigeria,NGA,2016,2.475
Nigeria,NGA,2017,2.39
Nigeria,NGA,2018,2.237
Nigeria,NGA,2019,2.153
Nigeria,NGA,2020,2.108
Nigeria,NGA,2021,2.085
Nigeria,NGA,2022,2.101
Nigeria,NGA,2023,2.096
Niue,NIU,1950,2.09
Niue,NIU,1951,-0.088
Niue,NIU,1952,0.79
Niue,NIU,1953,0.066
Niue,NIU,1954,0.675
Niue,NIU,1955,0.799
Niue,NIU,1956,0.985
Niue,NIU,1957,1.018
Niue,NIU,1958,0.986
Niue,NIU,1959,0.749
Niue,NIU,1960,0.062
Niue,NIU,1961,0.928
Niue,NIU,1962,2.193
Niue,NIU,1963,2.008
Niue,NIU,1964,1.756
Niue,NIU,1965,1.154
Niue,NIU,1966,0.267
Niue,NIU,1967,-0.248
Niue,NIU,1968,-0.806
Niue,NIU,1969,-1.104
Niue,NIU,1970,-0.92
Niue,NIU,1971,-1.906
Niue,NIU,1972,-3.924
Niue,NIU,1973,-4.475
Niue,NIU,1974,-5.189
Niue,NIU,1975,-5.984
Niue,NIU,1976,-5.408
Niue,NIU,1977,-2.106
Niue,NIU,1978,-2.609
Niue,NIU,1979,-3.039
Niue,NIU,1980,-3.623
Niue,NIU,1981,-4.45
Niue,NIU,1982,-4.122
Niue,NIU,1983,-4.859
Niue,NIU,1984,-5.698
Niue,NIU,1985,-5.932
Niue,NIU,1986,-5.012
Niue,NIU,1987,-0.703
Niue,NIU,1988,-0.906
Niue,NIU,1989,-1.114
Niue,NIU,1990,-1.248
Niue,NIU,1991,-1.346
Niue,NIU,1992,-1.74
Niue,NIU,1993,-1.473
Niue,NIU,1994,-1.582
Niue,NIU,1995,-1.563
Niue,NIU,1996,-1.722
Niue,NIU,1997,-2.115
Niue,NIU,1998,-2.673
Niue,NIU,1999,-2.891
Niue,NIU,2000,-3.225
Niue,NIU,2001,-2.667
Niue,NIU,2002,-1.905
Niue,NIU,2003,-1.677
Niue,NIU,2004,-2.461
Niue,NIU,2005,-2.08
Niue,NIU,2006,-1.168
Niue,NIU,2007,-0.336
Niue,NIU,2008,-0.169
Niue,NIU,2009,-0.113
Niue,NIU,2010,-0.905
Niue,NIU,2011,-0.399
Niue,NIU,2012,0.455
Niue,NIU,2013,0.114
Niue,NIU,2014,0.678
Niue,NIU,2015,0.45
Niue,NIU,2016,-0.112
Niue,NIU,2017,-0.112
Niue,NIU,2018,0.784
Niue,NIU,2019,0
Niue,NIU,2020,0.612
Niue,NIU,2021,1.048
Niue,NIU,2022,-0.165
Niue,NIU,2023,-0.275
North Korea,PRK,1950,-5.003
North Korea,PRK,1951,-4.823
North Korea,PRK,1952,-1.458
North Korea,PRK,1953,-0.029
North Korea,PRK,1954,1.305
North Korea,PRK,1955,1.801
North Korea,PRK,1956,1.951
North Korea,PRK,1957,2.781
North Korea,PRK,1958,2.833
North Korea,PRK,1959,2.29
North Korea,PRK,1960,2.369
North Korea,PRK,1961,2.15
North Korea,PRK,1962,2.337
North Korea,PRK,1963,2.561
North Korea,PRK,1964,2.511
North Korea,PRK,1965,2.539
North Korea,PRK,1966,2.682
North Korea,PRK,1967,2.971
North Korea,PRK,1968,2.784
North Korea,PRK,1969,2.737
North Korea,PRK,1970,2.677
North Korea,PRK,1971,2.525
North Korea,PRK,1972,2.579
North Korea,PRK,1973,2.071
North Korea,PRK,1974,1.841
North Korea,PRK,1975,1.703
North Korea,PRK,1976,1.484
North Korea,PRK,1977,1.388
North Korea,PRK,1978,1.373
North Korea,PRK,1979,1.398
North Korea,PRK,1980,1.399
North Korea,PRK,1981,1.48
North Korea,PRK,1982,1.472
North Korea,PRK,1983,1.464
North Korea,PRK,1984,1.464
North Korea,PRK,1985,1.466
North Korea,PRK,1986,1.473
North Korea,PRK,1987,1.465
North Korea,PRK,1988,1.46
North Korea,PRK,1989,1.457
North Korea,PRK,1990,1.48
North Korea,PRK,1991,1.496
North Korea,PRK,1992,1.49
North Korea,PRK,1993,1.454
North Korea,PRK,1994,1.431
North Korea,PRK,1995,1.016
North Korea,PRK,1996,0.972
North Korea,PRK,1997,0.898
North Korea,PRK,1998,0.832
North Korea,PRK,1999,0.758
North Korea,PRK,2000,0.669
North Korea,PRK,2001,0.59
North Korea,PRK,2002,0.488
North Korea,PRK,2003,0.731
North Korea,PRK,2004,0.631
North Korea,PRK,2005,0.532
North Korea,PRK,2006,0.515
North Korea,PRK,2007,0.477
North Korea,PRK,2008,0.48
North Korea,PRK,2009,0.436
North Korea,PRK,2010,0.438
North Korea,PRK,2011,0.446
North Korea,PRK,2012,0.46
North Korea,PRK,2013,0.472
North Korea,PRK,2014,0.487
North Korea,PRK,2015,0.485
North Korea,PRK,2016,0.474
North Korea,PRK,2017,0.453
North Korea,PRK,2018,0.424
North Korea,PRK,2019,0.396
North Korea,PRK,2020,0.361
North Korea,PRK,2021,0.374
North Korea,PRK,2022,0.359
North Korea,PRK,2023,0.319
North Macedonia,MKD,1950,1.84
North Macedonia,MKD,1951,1.71
North Macedonia,MKD,1952,1.951
North Macedonia,MKD,1953,1.866
North Macedonia,MKD,1954,1.227
North Macedonia,MKD,1955,1.098
North Macedonia,MKD,1956,1.137
North Macedonia,MKD,1957,0.944
North Macedonia,MKD,1958,1.188
North Macedonia,MKD,1959,1.219
North Macedonia,MKD,1960,1.302
North Macedonia,MKD,1961,1.48
North Macedonia,MKD,1962,0.789
North Macedonia,MKD,1963,1.503
North Macedonia,MKD,1964,1.453
North Macedonia,MKD,1965,1.512
North Macedonia,MKD,1966,1.579
North Macedonia,MKD,1967,1.624
North Macedonia,MKD,1968,1.689
North Macedonia,MKD,1969,1.69
North Macedonia,MKD,1970,1.687
North Macedonia,MKD,1971,1.534
North Macedonia,MKD,1972,1.538
North Macedonia,MKD,1973,1.516
North Macedonia,MKD,1974,1.526
North Macedonia,MKD,1975,1.548
North Macedonia,MKD,1976,1.527
North Macedonia,MKD,1977,1.443
North Macedonia,MKD,1978,1.42
North Macedonia,MKD,1979,1.399
North Macedonia,MKD,1980,1.364
North Macedonia,MKD,1981,1.311
North Macedonia,MKD,1982,0.712
North Macedonia,MKD,1983,0.593
North Macedonia,MKD,1984,0.559
North Macedonia,MKD,1985,0.53
North Macedonia,MKD,1986,0.501
North Macedonia,MKD,1987,0.527
North Macedonia,MKD,1988,0.511
North Macedonia,MKD,1989,0.456
North Macedonia,MKD,1990,0.325
North Macedonia,MKD,1991,-1.075
North Macedonia,MKD,1992,-1.223
North Macedonia,MKD,1993,-1.32
North Macedonia,MKD,1994,-0.095
North Macedonia,MKD,1995,0.682
North Macedonia,MKD,1996,0.716
North Macedonia,MKD,1997,0.592
North Macedonia,MKD,1998,0.571
North Macedonia,MKD,1999,0.459
North Macedonia,MKD,2000,0.434
North Macedonia,MKD,2001,0.444
North Macedonia,MKD,2002,0.347
North Macedonia,MKD,2003,0.32
North Macedonia,MKD,2004,0.176
North Macedonia,MKD,2005,0.133
North Macedonia,MKD,2006,-0.188
North Macedonia,MKD,2007,-0.509
North Macedonia,MKD,2008,-0.564
North Macedonia,MKD,2009,-0.427
North Macedonia,MKD,2010,-0.458
North Macedonia,MKD,2011,-0.624
North Macedonia,MKD,2012,-0.67
North Macedonia,MKD,2013,-0.717
North Macedonia,MKD,2014,-0.824
North Macedonia,MKD,2015,-0.933
North Macedonia,MKD,2016,-1.006
North Macedonia,MKD,2017,-1.083
North Macedonia,MKD,2018,-1.108
North Macedonia,MKD,2019,-1.207
North Macedonia,MKD,2020,-1.514
North Macedonia,MKD,2021,-0.727
North Macedonia,MKD,2022,-0.45
North Macedonia,MKD,2023,-0.468
Northern America (UN),UN_NAM,1950,1.529
Northern America (UN),UN_NAM,1951,1.567
Northern America (UN),UN_NAM,1952,1.588
Northern America (UN),UN_NAM,1953,1.606
Northern America (UN),UN_NAM,1954,1.649
Northern America (UN),UN_NAM,1955,1.646
Northern America (UN),UN_NAM,1956,1.686
Northern America (UN),UN_NAM,1957,1.698
Northern America (UN),UN_NAM,1958,1.654
Northern America (UN),UN_NAM,1959,1.809
Northern America (UN),UN_NAM,1960,1.768
Northern America (UN),UN_NAM,1961,1.812
Northern America (UN),UN_NAM,1962,1.713
Northern America (UN),UN_NAM,1963,1.623
Northern America (UN),UN_NAM,1964,1.564
Northern America (UN),UN_NAM,1965,1.431
Northern America (UN),UN_NAM,1966,1.319
Northern America (UN),UN_NAM,1967,1.222
Northern America (UN),UN_NAM,1968,1.151
Northern America (UN),UN_NAM,1969,1.154
Northern America (UN),UN_NAM,1970,1.39
Northern America (UN),UN_NAM,1971,1.285
Northern America (UN),UN_NAM,1972,1.071
Northern America (UN),UN_NAM,1973,0.999
Northern America (UN),UN_NAM,1974,0.996
Northern America (UN),UN_NAM,1975,0.976
Northern America (UN),UN_NAM,1976,0.951
Northern America (UN),UN_NAM,1977,0.973
Northern America (UN),UN_NAM,1978,0.949
Northern America (UN),UN_NAM,1979,0.996
Northern America (UN),UN_NAM,1980,1.042
Northern America (UN),UN_NAM,1981,1.033
Northern America (UN),UN_NAM,1982,1.038
Northern America (UN),UN_NAM,1983,1.012
Northern America (UN),UN_NAM,1984,0.98
Northern America (UN),UN_NAM,1985,0.968
Northern America (UN),UN_NAM,1986,0.926
Northern America (UN),UN_NAM,1987,0.943
Northern America (UN),UN_NAM,1988,0.968
Northern America (UN),UN_NAM,1989,0.997
Northern America (UN),UN_NAM,1990,1.234
Northern America (UN),UN_NAM,1991,1.216
Northern America (UN),UN_NAM,1992,1.212
Northern America (UN),UN_NAM,1993,1.105
Northern America (UN),UN_NAM,1994,1.05
Northern America (UN),UN_NAM,1995,1.005
Northern America (UN),UN_NAM,1996,0.976
Northern America (UN),UN_NAM,1997,0.943
Northern America (UN),UN_NAM,1998,0.973
Northern America (UN),UN_NAM,1999,0.934
Northern America (UN),UN_NAM,2000,0.99
Northern America (UN),UN_NAM,2001,0.996
Northern America (UN),UN_NAM,2002,0.976
Northern America (UN),UN_NAM,2003,0.975
Northern America (UN),UN_NAM,2004,0.988
Northern America (UN),UN_NAM,2005,0.995
Northern America (UN),UN_NAM,2006,1.025
Northern America (UN),UN_NAM,2007,1.043
Northern America (UN),UN_NAM,2008,1.025
Northern America (UN),UN_NAM,2009,0.991
Northern America (UN),UN_NAM,2010,0.993
Northern America (UN),UN_NAM,2011,0.967
Northern America (UN),UN_NAM,2012,0.961
Northern America (UN),UN_NAM,2013,0.942
Northern America (UN),UN_NAM,2014,0.931
Northern America (UN),UN_NAM,2015,0.921
Northern America (UN),UN_NAM,2016,0.971
Northern America (UN),UN_NAM,2017,0.924
Northern America (UN),UN_NAM,2018,0.877
Northern America (UN),UN_NAM,2019,0.845
Northern America (UN),UN_NAM,2020,0.237
Northern America (UN),UN_NAM,2021,0.296
Northern America (UN),UN_NAM,2022,0.62
Northern America (UN),UN_NAM,2023,0.648
Northern Mariana Islands,MNP,1950,2.152
Northern Mariana Islands,MNP,1951,1.286
Northern Mariana Islands,MNP,1952,1.324
Northern Mariana Islands,MNP,1953,1.72
Northern Mariana Islands,MNP,1954,1.73
Northern Mariana Islands,MNP,1955,2.368
Northern Mariana Islands,MNP,1956,1.837
Northern Mariana Islands,MNP,1957,2.652
Northern Mariana Islands,MNP,1958,2.476
Northern Mariana Islands,MNP,1959,2.683
Northern Mariana Islands,MNP,1960,2.873
Northern Mariana Islands,MNP,1961,2.957
Northern Mariana Islands,MNP,1962,3.266
Northern Mariana Islands,MNP,1963,3.419
Northern Mariana Islands,MNP,1964,3.355
Northern Mariana Islands,MNP,1965,3.342
Northern Mariana Islands,MNP,1966,3.336
Northern Mariana Islands,MNP,1967,-0.754
Northern Mariana Islands,MNP,1968,-4.586
Northern Mariana Islands,MNP,1969,-4.796
Northern Mariana Islands,MNP,1970,8.284
Northern Mariana Islands,MNP,1971,12.073
Northern Mariana Islands,MNP,1972,10.876
Northern Mariana Islands,MNP,1973,8.037
Northern Mariana Islands,MNP,1974,2.955
Northern Mariana Islands,MNP,1975,2.576
Northern Mariana Islands,MNP,1976,2.313
Northern Mariana Islands,MNP,1977,2.16
Northern Mariana Islands,MNP,1978,2.145
Northern Mariana Islands,MNP,1979,2.238
Northern Mariana Islands,MNP,1980,10.83
Northern Mariana Islands,MNP,1981,12.591
Northern Mariana Islands,MNP,1982,11.449
Northern Mariana Islands,MNP,1983,10.497
Northern Mariana Islands,MNP,1984,9.665
Northern Mariana Islands,MNP,1985,8.939
Northern Mariana Islands,MNP,1986,8.319
Northern Mariana Islands,MNP,1987,7.758
Northern Mariana Islands,MNP,1988,7.254
Northern Mariana Islands,MNP,1989,6.726
Northern Mariana Islands,MNP,1990,2.997
Northern Mariana Islands,MNP,1991,1.811
Northern Mariana Islands,MNP,1992,1.711
Northern Mariana Islands,MNP,1993,1.669
Northern Mariana Islands,MNP,1994,1.691
Northern Mariana Islands,MNP,1995,4.366
Northern Mariana Islands,MNP,1996,9.594
Northern Mariana Islands,MNP,1997,8.525
Northern Mariana Islands,MNP,1998,7.601
Northern Mariana Islands,MNP,1999,6.828
Northern Mariana Islands,MNP,2000,0.557
Northern Mariana Islands,MNP,2001,-1.655
Northern Mariana Islands,MNP,2002,-1.93
Northern Mariana Islands,MNP,2003,-2.178
Northern Mariana Islands,MNP,2004,-2.407
Northern Mariana Islands,MNP,2005,-2.614
Northern Mariana Islands,MNP,2006,-2.823
Northern Mariana Islands,MNP,2007,-3.003
Northern Mariana Islands,MNP,2008,-3.173
Northern Mariana Islands,MNP,2009,-3.317
Northern Mariana Islands,MNP,2010,-1.172
Northern Mariana Islands,MNP,2011,-0.617
Northern Mariana Islands,MNP,2012,-0.785
Northern Mariana Islands,MNP,2013,-1.012
Northern Mariana Islands,MNP,2014,-1.198
Northern Mariana Islands,MNP,2015,-1.369
Northern Mariana Islands,MNP,2016,-1.528
Northern Mariana Islands,MNP,2017,-1.707
Northern Mariana Islands,MNP,2018,-1.854
Northern Mariana Islands,MNP,2019,-2.049
Northern Mariana Islands,MNP,2020,-0.454
Northern Mariana Islands,MNP,2021,-1.877
Northern Mariana Islands,MNP,2022,-1.997
Northern Mariana Islands,MNP,2023,-2.105
Norway,NOR,1950,0.93
Norway,NOR,1951,0.945
Norway,NOR,1952,0.979
Norway,NOR,1953,1.005
Norway,NOR,1954,0.97
Norway,NOR,1955,1.031
Norway,NOR,1956,0.86
Norway,NOR,1957,0.919
Norway,NOR,1958,0.851
Norway,NOR,1959,0.835
Norway,NOR,1960,0.753
Norway,NOR,1961,0.835
Norway,NOR,1962,0.776
Norway,NOR,1963,0.738
Norway,NOR,1964,0.774
Norway,NOR,1965,0.782
Norway,NOR,1966,0.802
Norway,NOR,1967,0.86
Norway,NOR,1968,0.823
Norway,NOR,1969,0.806
Norway,NOR,1970,0.647
Norway,NOR,1971,0.762
Norway,NOR,1972,0.777
Norway,NOR,1973,0.626
Norway,NOR,1974,0.617
Norway,NOR,1975,0.489
Norway,NOR,1976,0.45
Norway,NOR,1977,0.395
Norway,NOR,1978,0.366
Norway,NOR,1979,0.314
Norway,NOR,1980,0.328
Norway,NOR,1981,0.359
Norway,NOR,1982,0.374
Norway,NOR,1983,0.286
Norway,NOR,1984,0.277
Norway,NOR,1985,0.322
Norway,NOR,1986,0.392
Norway,NOR,1987,0.545
Norway,NOR,1988,0.534
Norway,NOR,1989,0.294
Norway,NOR,1990,0.392
Norway,NOR,1991,0.557
Norway,NOR,1992,0.596
Norway,NOR,1993,0.595
Norway,NOR,1994,0.543
Norway,NOR,1995,0.493
Norway,NOR,1996,0.52
Norway,NOR,1997,0.566
Norway,NOR,1998,0.626
Norway,NOR,1999,0.744
Norway,NOR,2000,0.556
Norway,NOR,2001,0.457
Norway,NOR,2002,0.619
Norway,NOR,2003,0.553
Norway,NOR,2004,0.63
Norway,NOR,2005,0.732
Norway,NOR,2006,0.878
Norway,NOR,2007,1.192
Norway,NOR,2008,1.301
Norway,NOR,2009,1.222
Norway,NOR,2010,1.27
Norway,NOR,2011,1.323
Norway,NOR,2012,1.304
Norway,NOR,2013,1.139
Norway,NOR,2014,1.103
Norway,NOR,2015,0.927
Norway,NOR,2016,0.847
Norway,NOR,2017,0.707
Norway,NOR,2018,0.614
Norway,NOR,2019,0.736
Norway,NOR,2020,0.441
Norway,NOR,2021,0.627
Norway,NOR,2022,1.164
Norway,NOR,2023,1.109
Oceania (UN),UN_OCE,1950,2.743
Oceania (UN),UN_OCE,1951,2.484
Oceania (UN),UN_OCE,1952,2.321
Oceania (UN),UN_OCE,1953,2.138
Oceania (UN),UN_OCE,1954,2.209
Oceania (UN),UN_OCE,1955,2.377
Oceania (UN),UN_OCE,1956,2.364
Oceania (UN),UN_OCE,1957,2.288
Oceania (UN),UN_OCE,1958,2.256
Oceania (UN),UN_OCE,1959,2.23
Oceania (UN),UN_OCE,1960,2.263
Oceania (UN),UN_OCE,1961,2.155
Oceania (UN),UN_OCE,1962,2.045
Oceania (UN),UN_OCE,1963,2.063
Oceania (UN),UN_OCE,1964,2.037
Oceania (UN),UN_OCE,1965,2.121
Oceania (UN),UN_OCE,1966,2.024
Oceania (UN),UN_OCE,1967,1.791
Oceania (UN),UN_OCE,1968,1.863
Oceania (UN),UN_OCE,1969,1.993
Oceania (UN),UN_OCE,1970,2.777
Oceania (UN),UN_OCE,1971,2.707
Oceania (UN),UN_OCE,1972,1.824
Oceania (UN),UN_OCE,1973,1.775
Oceania (UN),UN_OCE,1974,1.666
Oceania (UN),UN_OCE,1975,1.399
Oceania (UN),UN_OCE,1976,1.243
Oceania (UN),UN_OCE,1977,1.233
Oceania (UN),UN_OCE,1978,1.184
Oceania (UN),UN_OCE,1979,1.216
Oceania (UN),UN_OCE,1980,1.42
Oceania (UN),UN_OCE,1981,1.631
Oceania (UN),UN_OCE,1982,1.63
Oceania (UN),UN_OCE,1983,1.502
Oceania (UN),UN_OCE,1984,1.44
Oceania (UN),UN_OCE,1985,1.458
Oceania (UN),UN_OCE,1986,1.524
Oceania (UN),UN_OCE,1987,1.59
Oceania (UN),UN_OCE,1988,1.609
Oceania (UN),UN_OCE,1989,1.606
Oceania (UN),UN_OCE,1990,1.867
Oceania (UN),UN_OCE,1991,1.65
Oceania (UN),UN_OCE,1992,1.484
Oceania (UN),UN_OCE,1993,1.434
Oceania (UN),UN_OCE,1994,1.518
Oceania (UN),UN_OCE,1995,1.621
Oceania (UN),UN_OCE,1996,1.615
Oceania (UN),UN_OCE,1997,1.521
Oceania (UN),UN_OCE,1998,1.497
Oceania (UN),UN_OCE,1999,1.505
Oceania (UN),UN_OCE,2000,1.534
Oceania (UN),UN_OCE,2001,1.594
Oceania (UN),UN_OCE,2002,1.637
Oceania (UN),UN_OCE,2003,1.603
Oceania (UN),UN_OCE,2004,1.562
Oceania (UN),UN_OCE,2005,1.627
Oceania (UN),UN_OCE,2006,1.784
Oceania (UN),UN_OCE,2007,1.942
Oceania (UN),UN_OCE,2008,1.999
Oceania (UN),UN_OCE,2009,1.883
Oceania (UN),UN_OCE,2010,1.697
Oceania (UN),UN_OCE,2011,1.689
Oceania (UN),UN_OCE,2012,1.767
Oceania (UN),UN_OCE,2013,1.748
Oceania (UN),UN_OCE,2014,1.713
Oceania (UN),UN_OCE,2015,1.745
Oceania (UN),UN_OCE,2016,1.828
Oceania (UN),UN_OCE,2017,1.753
Oceania (UN),UN_OCE,2018,1.647
Oceania (UN),UN_OCE,2019,1.546
Oceania (UN),UN_OCE,2020,1.082
Oceania (UN),UN_OCE,2021,1.081
Oceania (UN),UN_OCE,2022,1.111
Oceania (UN),UN_OCE,2023,1.155
Oman,OMN,1950,1.228
Oman,OMN,1951,1.281
Oman,OMN,1952,1.322
Oman,OMN,1953,1.366
Oman,OMN,1954,1.414
Oman,OMN,1955,1.464
Oman,OMN,1956,1.528
Oman,OMN,1957,1.595
Oman,OMN,1958,1.693
Oman,OMN,1959,1.782
Oman,OMN,1960,1.705
Oman,OMN,1961,1.796
Oman,OMN,1962,1.906
Oman,OMN,1963,2.013
Oman,OMN,1964,2.133
Oman,OMN,1965,2.239
Oman,OMN,1966,2.343
Oman,OMN,1967,2.445
Oman,OMN,1968,2.539
Oman,OMN,1969,2.627
Oman,OMN,1970,2.701
Oman,OMN,1971,2.787
Oman,OMN,1972,2.851
Oman,OMN,1973,2.94
Oman,OMN,1974,4.072
Oman,OMN,1975,4.281
Oman,OMN,1976,4.707
Oman,OMN,1977,5.016
Oman,OMN,1978,5.231
Oman,OMN,1979,5.326
Oman,OMN,1980,5.367
Oman,OMN,1981,5.526
Oman,OMN,1982,5.576
Oman,OMN,1983,5.525
Oman,OMN,1984,5.391
Oman,OMN,1985,6.662
Oman,OMN,1986,6.2
Oman,OMN,1987,5.834
Oman,OMN,1988,5.515
Oman,OMN,1989,5.235
Oman,OMN,1990,4.974
Oman,OMN,1991,4.717
Oman,OMN,1992,4.449
Oman,OMN,1993,3.99
Oman,OMN,1994,1.905
Oman,OMN,1995,1.779
Oman,OMN,1996,1.626
Oman,OMN,1997,1.484
Oman,OMN,1998,1.396
Oman,OMN,1999,1.323
Oman,OMN,2000,1.255
Oman,OMN,2001,1.192
Oman,OMN,2002,1.126
Oman,OMN,2003,1.142
Oman,OMN,2004,2.289
Oman,OMN,2005,2.233
Oman,OMN,2006,2.19
Oman,OMN,2007,2.167
Oman,OMN,2008,2.171
Oman,OMN,2009,2.207
Oman,OMN,2010,3.131
Oman,OMN,2011,17.999
Oman,OMN,2012,10.96
Oman,OMN,2013,4.832
Oman,OMN,2014,3.794
Oman,OMN,2015,5.093
Oman,OMN,2016,4.53
Oman,OMN,2017,2.075
Oman,OMN,2018,0.583
Oman,OMN,2019,-0.873
Oman,OMN,2020,-2.154
Oman,OMN,2021,1.184
Oman,OMN,2022,8.595
Oman,OMN,2023,4.591
Pakistan,PAK,1950,1.951
Pakistan,PAK,1951,2.093
Pakistan,PAK,1952,2.206
Pakistan,PAK,1953,2.304
Pakistan,PAK,1954,2.386
Pakistan,PAK,1955,2.464
Pakistan,PAK,1956,2.539
Pakistan,PAK,1957,2.605
Pakistan,PAK,1958,2.667
Pakistan,PAK,1959,2.722
Pakistan,PAK,1960,2.663
Pakistan,PAK,1961,2.572
Pakistan,PAK,1962,2.623
Pakistan,PAK,1963,2.67
Pakistan,PAK,1964,2.725
Pakistan,PAK,1965,2.747
Pakistan,PAK,1966,2.805
Pakistan,PAK,1967,2.838
Pakistan,PAK,1968,2.86
Pakistan,PAK,1969,2.867
Pakistan,PAK,1970,2.884
Pakistan,PAK,1971,2.631
Pakistan,PAK,1972,2.9
Pakistan,PAK,1973,2.924
Pakistan,PAK,1974,2.957
Pakistan,PAK,1975,3.021
Pakistan,PAK,1976,3.1
Pakistan,PAK,1977,3.171
Pakistan,PAK,1978,3.235
Pakistan,PAK,1979,3.686
Pakistan,PAK,1980,4.469
Pakistan,PAK,1981,3.9
Pakistan,PAK,1982,3.625
Pakistan,PAK,1983,3.305
Pakistan,PAK,1984,2.97
Pakistan,PAK,1985,3.362
Pakistan,PAK,1986,3.398
Pakistan,PAK,1987,3.42
Pakistan,PAK,1988,3.305
Pakistan,PAK,1989,3.232
Pakistan,PAK,1990,3.45
Pakistan,PAK,1991,3.168
Pakistan,PAK,1992,2.566
Pakistan,PAK,1993,2.973
Pakistan,PAK,1994,2.814
Pakistan,PAK,1995,2.964
Pakistan,PAK,1996,2.859
Pakistan,PAK,1997,2.798
Pakistan,PAK,1998,2.725
Pakistan,PAK,1999,2.719
Pakistan,PAK,2000,2.928
Pakistan,PAK,2001,2.668
Pakistan,PAK,2002,2.239
Pakistan,PAK,2003,2.467
Pakistan,PAK,2004,2.47
Pakistan,PAK,2005,2.339
Pakistan,PAK,2006,2.424
Pakistan,PAK,2007,2.855
Pakistan,PAK,2008,2.504
Pakistan,PAK,2009,2.577
Pakistan,PAK,2010,2.367
Pakistan,PAK,2011,2.11
Pakistan,PAK,2012,1.706
Pakistan,PAK,2013,1.549
Pakistan,PAK,2014,1.452
Pakistan,PAK,2015,1.354
Pakistan,PAK,2016,1.251
Pakistan,PAK,2017,1.575
Pakistan,PAK,2018,1.672
Pakistan,PAK,2019,1.711
Pakistan,PAK,2020,1.894
Pakistan,PAK,2021,1.879
Pakistan,PAK,2022,1.619
Pakistan,PAK,2023,1.48
Palau,PLW,1950,2.663
Palau,PLW,1951,2
Palau,PLW,1952,2.252
Palau,PLW,1953,2.487
Palau,PLW,1954,2.619
Palau,PLW,1955,2.341
Palau,PLW,1956,1.839
Palau,PLW,1957,1.715
Palau,PLW,1958,1.797
Palau,PLW,1959,2.615
Palau,PLW,1960,2.305
Palau,PLW,1961,2.512
Palau,PLW,1962,2.41
Palau,PLW,1963,2.511
Palau,PLW,1964,2.507
Palau,PLW,1965,2.399
Palau,PLW,1966,2.416
Palau,PLW,1967,0.965
Palau,PLW,1968,0.704
Palau,PLW,1969,0.717
Palau,PLW,1970,2.982
Palau,PLW,1971,3.759
Palau,PLW,1972,3.51
Palau,PLW,1973,2.295
Palau,PLW,1974,-0.15
Palau,PLW,1975,-0.348
Palau,PLW,1976,-0.548
Palau,PLW,1977,-0.615
Palau,PLW,1978,-0.764
Palau,PLW,1979,-0.892
Palau,PLW,1980,-0.179
Palau,PLW,1981,2.282
Palau,PLW,1982,2.387
Palau,PLW,1983,2.461
Palau,PLW,1984,2.564
Palau,PLW,1985,2.637
Palau,PLW,1986,2.204
Palau,PLW,1987,2.17
Palau,PLW,1988,2.131
Palau,PLW,1989,1.927
Palau,PLW,1990,2.228
Palau,PLW,1991,2.376
Palau,PLW,1992,2.364
Palau,PLW,1993,2.376
Palau,PLW,1994,2.421
Palau,PLW,1995,2.582
Palau,PLW,1996,2.685
Palau,PLW,1997,2.397
Palau,PLW,1998,2.154
Palau,PLW,1999,1.878
Palau,PLW,2000,1.038
Palau,PLW,2001,0.765
Palau,PLW,2002,0.785
Palau,PLW,2003,0.814
Palau,PLW,2004,0.822
Palau,PLW,2005,-0.843
Palau,PLW,2006,-1.45
Palau,PLW,2007,-1.544
Palau,PLW,2008,-1.52
Palau,PLW,2009,-1.652
Palau,PLW,2010,-1.723
Palau,PLW,2011,-1.776
Palau,PLW,2012,-1.706
Palau,PLW,2013,0.385
Palau,PLW,2014,0.373
Palau,PLW,2015,0.242
Palau,PLW,2016,0.067
Palau,PLW,2017,0.101
Palau,PLW,2018,-0.073
Palau,PLW,2019,-0.112
Palau,PLW,2020,0.045
Palau,PLW,2021,-0.146
Palau,PLW,2022,-0.124
Palau,PLW,2023,-0.231
Palestine,PSE,1950,0.824
Palestine,PSE,1951,0.93
Palestine,PSE,1952,1.025
Palestine,PSE,1953,1.115
Palestine,PSE,1954,1.207
Palestine,PSE,1955,1.29
Palestine,PSE,1956,1.374
Palestine,PSE,1957,1.453
Palestine,PSE,1958,1.53
Palestine,PSE,1959,1.594
Palestine,PSE,1960,1.636
Palestine,PSE,1961,1.663
Palestine,PSE,1962,1.684
Palestine,PSE,1963,1.559
Palestine,PSE,1964,0.774
Palestine,PSE,1965,0.388
Palestine,PSE,1966,-0.548
Palestine,PSE,1967,-1.309
Palestine,PSE,1968,-1.185
Palestine,PSE,1969,-0.361
Palestine,PSE,1970,0.932
Palestine,PSE,1971,2.228
Palestine,PSE,1972,3.092
Palestine,PSE,1973,3.245
Palestine,PSE,1974,3.122
Palestine,PSE,1975,2.942
Palestine,PSE,1976,2.774
Palestine,PSE,1977,2.67
Palestine,PSE,1978,2.695
Palestine,PSE,1979,2.787
Palestine,PSE,1980,2.866
Palestine,PSE,1981,2.988
Palestine,PSE,1982,3.292
Palestine,PSE,1983,3.966
Palestine,PSE,1984,4.469
Palestine,PSE,1985,2.169
Palestine,PSE,1986,2.809
Palestine,PSE,1987,6.644
Palestine,PSE,1988,3.867
Palestine,PSE,1989,3.9
Palestine,PSE,1990,4.057
Palestine,PSE,1991,4.174
Palestine,PSE,1992,4.236
Palestine,PSE,1993,4.218
Palestine,PSE,1994,4.188
Palestine,PSE,1995,4.13
Palestine,PSE,1996,4.066
Palestine,PSE,1997,3.982
Palestine,PSE,1998,3.132
Palestine,PSE,1999,3.074
Palestine,PSE,2000,3.082
Palestine,PSE,2001,2.586
Palestine,PSE,2002,2.297
Palestine,PSE,2003,2.21
Palestine,PSE,2004,2.276
Palestine,PSE,2005,2.399
Palestine,PSE,2006,2.471
Palestine,PSE,2007,2.493
Palestine,PSE,2008,2.391
Palestine,PSE,2009,2.368
Palestine,PSE,2010,2.452
Palestine,PSE,2011,2.417
Palestine,PSE,2012,2.356
Palestine,PSE,2013,2.331
Palestine,PSE,2014,2.28
Palestine,PSE,2015,2.449
Palestine,PSE,2016,2.41
Palestine,PSE,2017,2.285
Palestine,PSE,2018,2.213
Palestine,PSE,2019,2.159
Palestine,PSE,2020,2.305
Palestine,PSE,2021,2.207
Palestine,PSE,2022,2.364
Palestine,PSE,2023,1.524
Panama,PAN,1950,2.381
Panama,PAN,1951,2.472
Panama,PAN,1952,2.554
Panama,PAN,1953,2.628
Panama,PAN,1954,2.664
Panama,PAN,1955,2.693
Panama,PAN,1956,2.73
Panama,PAN,1957,2.768
Panama,PAN,1958,2.812
Panama,PAN,1959,2.87
Panama,PAN,1960,2.933
Panama,PAN,1961,2.993
Panama,PAN,1962,3.025
Panama,PAN,1963,3.043
Panama,PAN,1964,3.023
Panama,PAN,1965,2.991
Panama,PAN,1966,2.963
Panama,PAN,1967,2.919
Panama,PAN,1968,2.876
Panama,PAN,1969,2.84
Panama,PAN,1970,2.816
Panama,PAN,1971,2.791
Panama,PAN,1972,2.742
Panama,PAN,1973,2.681
Panama,PAN,1974,2.631
Panama,PAN,1975,2.57
Panama,PAN,1976,2.508
Panama,PAN,1977,2.451
Panama,PAN,1978,2.406
Panama,PAN,1979,2.385
Panama,PAN,1980,2.369
Panama,PAN,1981,2.364
Panama,PAN,1982,2.354
Panama,PAN,1983,2.349
Panama,PAN,1984,2.325
Panama,PAN,1985,2.284
Panama,PAN,1986,2.245
Panama,PAN,1987,2.204
Panama,PAN,1988,2.168
Panama,PAN,1989,2.119
Panama,PAN,1990,2.142
Panama,PAN,1991,2.104
Panama,PAN,1992,2.084
Panama,PAN,1993,2.071
Panama,PAN,1994,2.051
Panama,PAN,1995,2.029
Panama,PAN,1996,2.016
Panama,PAN,1997,2.005
Panama,PAN,1998,1.989
Panama,PAN,1999,1.974
Panama,PAN,2000,1.954
Panama,PAN,2001,1.939
Panama,PAN,2002,1.921
Panama,PAN,2003,1.907
Panama,PAN,2004,1.903
Panama,PAN,2005,1.867
Panama,PAN,2006,1.841
Panama,PAN,2007,1.827
Panama,PAN,2008,1.815
Panama,PAN,2009,1.794
Panama,PAN,2010,1.774
Panama,PAN,2011,1.775
Panama,PAN,2012,1.754
Panama,PAN,2013,1.731
Panama,PAN,2014,1.73
Panama,PAN,2015,1.731
Panama,PAN,2016,1.726
Panama,PAN,2017,1.7
Panama,PAN,2018,1.647
Panama,PAN,2019,1.536
Panama,PAN,2020,1.213
Panama,PAN,2021,1.202
Panama,PAN,2022,1.33
Panama,PAN,2023,1.289
Papua New Guinea,PNG,1950,2.134
Papua New Guinea,PNG,1951,1.908
Papua New Guinea,PNG,1952,2.434
Papua New Guinea,PNG,1953,2.557
Papua New Guinea,PNG,1954,2.619
Papua New Guinea,PNG,1955,2.707
Papua New Guinea,PNG,1956,2.762
Papua New Guinea,PNG,1957,2.763
Papua New Guinea,PNG,1958,2.761
Papua New Guinea,PNG,1959,2.726
Papua New Guinea,PNG,1960,2.721
Papua New Guinea,PNG,1961,2.333
Papua New Guinea,PNG,1962,2.285
Papua New Guinea,PNG,1963,2.198
Papua New Guinea,PNG,1964,2.14
Papua New Guinea,PNG,1965,2.154
Papua New Guinea,PNG,1966,2.264
Papua New Guinea,PNG,1967,2.215
Papua New Guinea,PNG,1968,2.291
Papua New Guinea,PNG,1969,2.349
Papua New Guinea,PNG,1970,2.392
Papua New Guinea,PNG,1971,2.403
Papua New Guinea,PNG,1972,2.373
Papua New Guinea,PNG,1973,2.306
Papua New Guinea,PNG,1974,2.254
Papua New Guinea,PNG,1975,2.211
Papua New Guinea,PNG,1976,2.182
Papua New Guinea,PNG,1977,2.151
Papua New Guinea,PNG,1978,2.116
Papua New Guinea,PNG,1979,2.077
Papua New Guinea,PNG,1980,2.064
Papua New Guinea,PNG,1981,2.077
Papua New Guinea,PNG,1982,2.088
Papua New Guinea,PNG,1983,2.116
Papua New Guinea,PNG,1984,2.132
Papua New Guinea,PNG,1985,2.152
Papua New Guinea,PNG,1986,2.162
Papua New Guinea,PNG,1987,2.165
Papua New Guinea,PNG,1988,2.156
Papua New Guinea,PNG,1989,2.328
Papua New Guinea,PNG,1990,2.886
Papua New Guinea,PNG,1991,3.439
Papua New Guinea,PNG,1992,3.635
Papua New Guinea,PNG,1993,3.632
Papua New Guinea,PNG,1994,3.611
Papua New Guinea,PNG,1995,3.583
Papua New Guinea,PNG,1996,3.57
Papua New Guinea,PNG,1997,3.554
Papua New Guinea,PNG,1998,3.48
Papua New Guinea,PNG,1999,3.48
Papua New Guinea,PNG,2000,3.42
Papua New Guinea,PNG,2001,3.376
Papua New Guinea,PNG,2002,3.338
Papua New Guinea,PNG,2003,3.303
Papua New Guinea,PNG,2004,3.253
Papua New Guinea,PNG,2005,3.212
Papua New Guinea,PNG,2006,3.168
Papua New Guinea,PNG,2007,3.124
Papua New Guinea,PNG,2008,3.088
Papua New Guinea,PNG,2009,3.039
Papua New Guinea,PNG,2010,3.001
Papua New Guinea,PNG,2011,2.832
Papua New Guinea,PNG,2012,2.742
Papua New Guinea,PNG,2013,2.663
Papua New Guinea,PNG,2014,2.586
Papua New Guinea,PNG,2015,2.507
Papua New Guinea,PNG,2016,2.43
Papua New Guinea,PNG,2017,2.356
Papua New Guinea,PNG,2018,2.292
Papua New Guinea,PNG,2019,2.223
Papua New Guinea,PNG,2020,2.036
Papua New Guinea,PNG,2021,1.942
Papua New Guinea,PNG,2022,1.824
Papua New Guinea,PNG,2023,1.798
Paraguay,PRY,1950,2.196
Paraguay,PRY,1951,2.221
Paraguay,PRY,1952,2.236
Paraguay,PRY,1953,2.252
Paraguay,PRY,1954,2.251
Paraguay,PRY,1955,2.241
Paraguay,PRY,1956,2.241
Paraguay,PRY,1957,2.251
Paraguay,PRY,1958,2.263
Paraguay,PRY,1959,2.276
Paraguay,PRY,1960,2.293
Paraguay,PRY,1961,2.312
Paraguay,PRY,1962,2.377
Paraguay,PRY,1963,2.505
Paraguay,PRY,1964,2.497
Paraguay,PRY,1965,2.463
Paraguay,PRY,1966,2.41
Paraguay,PRY,1967,2.348
Paraguay,PRY,1968,2.298
Paraguay,PRY,1969,2.259
Paraguay,PRY,1970,2.233
Paraguay,PRY,1971,2.281
Paraguay,PRY,1972,2.36
Paraguay,PRY,1973,2.478
Paraguay,PRY,1974,2.498
Paraguay,PRY,1975,2.47
Paraguay,PRY,1976,2.461
Paraguay,PRY,1977,2.482
Paraguay,PRY,1978,2.505
Paraguay,PRY,1979,2.582
Paraguay,PRY,1980,2.678
Paraguay,PRY,1981,2.772
Paraguay,PRY,1982,2.796
Paraguay,PRY,1983,2.82
Paraguay,PRY,1984,2.818
Paraguay,PRY,1985,2.829
Paraguay,PRY,1986,2.833
Paraguay,PRY,1987,2.814
Paraguay,PRY,1988,2.795
Paraguay,PRY,1989,2.743
Paraguay,PRY,1990,2.68
Paraguay,PRY,1991,2.632
Paraguay,PRY,1992,2.572
Paraguay,PRY,1993,2.494
Paraguay,PRY,1994,2.43
Paraguay,PRY,1995,2.361
Paraguay,PRY,1996,2.29
Paraguay,PRY,1997,2.219
Paraguay,PRY,1998,2.14
Paraguay,PRY,1999,2.026
Paraguay,PRY,2000,1.845
Paraguay,PRY,2001,1.533
Paraguay,PRY,2002,1.287
Paraguay,PRY,2003,1.173
Paraguay,PRY,2004,1.132
Paraguay,PRY,2005,1.08
Paraguay,PRY,2006,1.004
Paraguay,PRY,2007,0.958
Paraguay,PRY,2008,0.982
Paraguay,PRY,2009,1.061
Paraguay,PRY,2010,1.277
Paraguay,PRY,2011,1.376
Paraguay,PRY,2012,1.437
Paraguay,PRY,2013,1.44
Paraguay,PRY,2014,1.46
Paraguay,PRY,2015,1.461
Paraguay,PRY,2016,1.441
Paraguay,PRY,2017,1.404
Paraguay,PRY,2018,1.376
Paraguay,PRY,2019,1.334
Paraguay,PRY,2020,1.37
Paraguay,PRY,2021,1.054
Paraguay,PRY,2022,1.215
Paraguay,PRY,2023,1.245
Peru,PER,1950,2.767
Peru,PER,1951,2.787
Peru,PER,1952,2.786
Peru,PER,1953,2.76
Peru,PER,1954,2.78
Peru,PER,1955,2.799
Peru,PER,1956,2.822
Peru,PER,1957,2.837
Peru,PER,1958,2.861
Peru,PER,1959,2.886
Peru,PER,1960,2.906
Peru,PER,1961,2.924
Peru,PER,1962,2.899
Peru,PER,1963,2.903
Peru,PER,1964,2.883
Peru,PER,1965,2.864
Peru,PER,1966,2.84
Peru,PER,1967,2.823
Peru,PER,1968,2.804
Peru,PER,1969,2.784
Peru,PER,1970,2.24
Peru,PER,1971,2.683
Peru,PER,1972,2.624
Peru,PER,1973,2.555
Peru,PER,1974,2.506
Peru,PER,1975,2.478
Peru,PER,1976,2.454
Peru,PER,1977,2.485
Peru,PER,1978,2.496
Peru,PER,1979,2.492
Peru,PER,1980,2.498
Peru,PER,1981,2.484
Peru,PER,1982,2.485
Peru,PER,1983,2.489
Peru,PER,1984,2.462
Peru,PER,1985,2.418
Peru,PER,1986,2.301
Peru,PER,1987,2.272
Peru,PER,1988,2.267
Peru,PER,1989,2.223
Peru,PER,1990,2.207
Peru,PER,1991,2.011
Peru,PER,1992,2.061
Peru,PER,1993,1.973
Peru,PER,1994,1.983
Peru,PER,1995,1.895
Peru,PER,1996,1.867
Peru,PER,1997,1.831
Peru,PER,1998,1.807
Peru,PER,1999,1.649
Peru,PER,2000,1.473
Peru,PER,2001,1.263
Peru,PER,2002,1.123
Peru,PER,2003,1.008
Peru,PER,2004,0.953
Peru,PER,2005,0.828
Peru,PER,2006,0.756
Peru,PER,2007,0.695
Peru,PER,2008,0.621
Peru,PER,2009,0.613
Peru,PER,2010,0.692
Peru,PER,2011,0.802
Peru,PER,2012,0.872
Peru,PER,2013,0.931
Peru,PER,2014,1.057
Peru,PER,2015,1.199
Peru,PER,2016,1.466
Peru,PER,2017,1.48
Peru,PER,2018,2.139
Peru,PER,2019,1.298
Peru,PER,2020,1.088
Peru,PER,2021,0.836
Peru,PER,2022,1.081
Peru,PER,2023,1.118
Philippines,PHL,1950,3.703
Philippines,PHL,1951,3.778
Philippines,PHL,1952,3.848
Philippines,PHL,1953,3.906
Philippines,PHL,1954,3.979
Philippines,PHL,1955,4.028
Philippines,PHL,1956,4.068
Philippines,PHL,1957,4.075
Philippines,PHL,1958,4.034
Philippines,PHL,1959,4.044
Philippines,PHL,1960,3.158
Philippines,PHL,1961,3.198
Philippines,PHL,1962,3.166
Philippines,PHL,1963,3.134
Philippines,PHL,1964,3.082
Philippines,PHL,1965,3.033
Philippines,PHL,1966,2.958
Philippines,PHL,1967,2.929
Philippines,PHL,1968,2.863
Philippines,PHL,1969,2.795
Philippines,PHL,1970,2.387
Philippines,PHL,1971,2.323
Philippines,PHL,1972,2.246
Philippines,PHL,1973,2.199
Philippines,PHL,1974,2.123
Philippines,PHL,1975,2.419
Philippines,PHL,1976,2.645
Philippines,PHL,1977,2.683
Philippines,PHL,1978,2.686
Philippines,PHL,1979,2.648
Philippines,PHL,1980,2.568
Philippines,PHL,1981,2.641
Philippines,PHL,1982,2.892
Philippines,PHL,1983,2.935
Philippines,PHL,1984,2.85
Philippines,PHL,1985,2.613
Philippines,PHL,1986,2.51
Philippines,PHL,1987,2.757
Philippines,PHL,1988,2.611
Philippines,PHL,1989,2.436
Philippines,PHL,1990,2.683
Philippines,PHL,1991,2.126
Philippines,PHL,1992,2.607
Philippines,PHL,1993,2.207
Philippines,PHL,1994,2.155
Philippines,PHL,1995,2.221
Philippines,PHL,1996,2.385
Philippines,PHL,1997,2.322
Philippines,PHL,1998,2.703
Philippines,PHL,1999,2.413
Philippines,PHL,2000,2.347
Philippines,PHL,2001,2.068
Philippines,PHL,2002,1.988
Philippines,PHL,2003,1.977
Philippines,PHL,2004,1.911
Philippines,PHL,2005,1.809
Philippines,PHL,2006,1.557
Philippines,PHL,2007,1.909
Philippines,PHL,2008,1.628
Philippines,PHL,2009,1.972
Philippines,PHL,2010,2.122
Philippines,PHL,2011,1.81
Philippines,PHL,2012,2.072
Philippines,PHL,2013,1.691
Philippines,PHL,2014,1.595
Philippines,PHL,2015,1.364
Philippines,PHL,2016,1.32
Philippines,PHL,2017,1.257
Philippines,PHL,2018,1.217
Philippines,PHL,2019,1.215
Philippines,PHL,2020,1.077
Philippines,PHL,2021,0.736
Philippines,PHL,2022,0.784
Philippines,PHL,2023,0.835
Poland,POL,1950,1.748
Poland,POL,1951,1.792
Poland,POL,1952,1.744
Poland,POL,1953,1.762
Poland,POL,1954,1.759
Poland,POL,1955,1.769
Poland,POL,1956,1.689
Poland,POL,1957,2.197
Poland,POL,1958,1.807
Poland,POL,1959,1.58
Poland,POL,1960,1.443
Poland,POL,1961,1.27
Poland,POL,1962,1.108
Poland,POL,1963,1.095
Poland,POL,1964,0.976
Poland,POL,1965,0.92
Poland,POL,1966,0.861
Poland,POL,1967,0.782
Poland,POL,1968,0.782
Poland,POL,1969,0.736
Poland,POL,1970,0.62
Poland,POL,1971,0.78
Poland,POL,1972,0.865
Poland,POL,1973,0.89
Poland,POL,1974,0.956
Poland,POL,1975,0.949
Poland,POL,1976,0.998
Poland,POL,1977,0.929
Poland,POL,1978,0.829
Poland,POL,1979,0.961
Poland,POL,1980,0.893
Poland,POL,1981,0.922
Poland,POL,1982,0.922
Poland,POL,1983,0.948
Poland,POL,1984,0.861
Poland,POL,1985,0.732
Poland,POL,1986,0.617
Poland,POL,1987,0.518
Poland,POL,1988,0.289
Poland,POL,1989,0.346
Poland,POL,1990,0.272
Poland,POL,1991,0.24
Poland,POL,1992,0.183
Poland,POL,1993,0.137
Poland,POL,1994,0.121
Poland,POL,1995,-0.014
Poland,POL,1996,-0.014
Poland,POL,1997,-0.042
Poland,POL,1998,-0.072
Poland,POL,1999,-0.13
Poland,POL,2000,-0.024
Poland,POL,2001,-0.032
Poland,POL,2002,-0.062
Poland,POL,2003,-0.073
Poland,POL,2004,-0.115
Poland,POL,2005,-0.111
Poland,POL,2006,-0.168
Poland,POL,2007,-0.099
Poland,POL,2008,-0.03
Poland,POL,2009,0.063
Poland,POL,2010,0.426
Poland,POL,2011,0.168
Poland,POL,2012,0.037
Poland,POL,2013,0.022
Poland,POL,2014,0.008
Poland,POL,2015,-0.002
Poland,POL,2016,-0.014
Poland,POL,2017,-0.029
Poland,POL,2018,-0.043
Poland,POL,2019,-0.036
Poland,POL,2020,-0.251
Poland,POL,2021,-0.435
Poland,POL,2022,2.231
Poland,POL,2023,-0.264
Portugal,PRT,1950,0.773
Portugal,PRT,1951,0.538
Portugal,PRT,1952,0.62
Portugal,PRT,1953,0.534
Portugal,PRT,1954,0.495
Portugal,PRT,1955,0.568
Portugal,PRT,1956,0.381
Portugal,PRT,1957,0.518
Portugal,PRT,1958,0.61
Portugal,PRT,1959,0.47
Portugal,PRT,1960,0.272
Portugal,PRT,1961,0.069
Portugal,PRT,1962,0.097
Portugal,PRT,1963,-0.04
Portugal,PRT,1964,-0.017
Portugal,PRT,1965,-0.121
Portugal,PRT,1966,-0.265
Portugal,PRT,1967,-0.337
Portugal,PRT,1968,-0.482
Portugal,PRT,1969,-0.782
Portugal,PRT,1970,-1.165
Portugal,PRT,1971,1.533
Portugal,PRT,1972,1.44
Portugal,PRT,1973,1.346
Portugal,PRT,1974,1.319
Portugal,PRT,1975,1.38
Portugal,PRT,1976,1.387
Portugal,PRT,1977,1.342
Portugal,PRT,1978,1.149
Portugal,PRT,1979,1.076
Portugal,PRT,1980,0.99
Portugal,PRT,1981,0.521
Portugal,PRT,1982,0.457
Portugal,PRT,1983,0.339
Portugal,PRT,1984,0.298
Portugal,PRT,1985,0.155
Portugal,PRT,1986,0.118
Portugal,PRT,1987,0.06
Portugal,PRT,1988,-0.008
Portugal,PRT,1989,-0.056
Portugal,PRT,1990,-0.181
Portugal,PRT,1991,-0.226
Portugal,PRT,1992,0.049
Portugal,PRT,1993,0.192
Portugal,PRT,1994,0.332
Portugal,PRT,1995,0.332
Portugal,PRT,1996,0.382
Portugal,PRT,1997,0.468
Portugal,PRT,1998,0.498
Portugal,PRT,1999,0.588
Portugal,PRT,2000,0.745
Portugal,PRT,2001,0.634
Portugal,PRT,2002,0.497
Portugal,PRT,2003,0.293
Portugal,PRT,2004,0.226
Portugal,PRT,2005,0.186
Portugal,PRT,2006,0.215
Portugal,PRT,2007,0.216
Portugal,PRT,2008,0.111
Portugal,PRT,2009,0.119
Portugal,PRT,2010,-0.074
Portugal,PRT,2011,-0.335
Portugal,PRT,2012,-0.498
Portugal,PRT,2013,-0.548
Portugal,PRT,2014,-0.451
Portugal,PRT,2015,-0.241
Portugal,PRT,2016,-0.221
Portugal,PRT,2017,-0.08
Portugal,PRT,2018,-0.027
Portugal,PRT,2019,0.372
Portugal,PRT,2020,0.156
Portugal,PRT,2021,0.238
Portugal,PRT,2022,0.264
Portugal,PRT,2023,-0.002
Puerto Rico,PRI,1950,0.87
Puerto Rico,PRI,1951,0.779
Puerto Rico,PRI,1952,0.651
Puerto Rico,PRI,1953,0.602
Puerto Rico,PRI,1954,0.557
Puerto Rico,PRI,1955,0.521
Puerto Rico,PRI,1956,0.466
Puerto Rico,PRI,1957,0.383
Puerto Rico,PRI,1958,0.344
Puerto Rico,PRI,1959,0.413
Puerto Rico,PRI,1960,1.439
Puerto Rico,PRI,1961,1.686
Puerto Rico,PRI,1962,1.624
Puerto Rico,PRI,1963,1.572
Puerto Rico,PRI,1964,1.505
Puerto Rico,PRI,1965,1.458
Puerto Rico,PRI,1966,1.431
Puerto Rico,PRI,1967,1.377
Puerto Rico,PRI,1968,1.287
Puerto Rico,PRI,1969,1.147
Puerto Rico,PRI,1970,1.501
Puerto Rico,PRI,1971,1.658
Puerto Rico,PRI,1972,1.655
Puerto Rico,PRI,1973,1.63
Puerto Rico,PRI,1974,1.623
Puerto Rico,PRI,1975,1.634
Puerto Rico,PRI,1976,1.633
Puerto Rico,PRI,1977,1.623
Puerto Rico,PRI,1978,1.596
Puerto Rico,PRI,1979,1.645
Puerto Rico,PRI,1980,1.407
Puerto Rico,PRI,1981,1.246
Puerto Rico,PRI,1982,1.158
Puerto Rico,PRI,1983,1.059
Puerto Rico,PRI,1984,1.004
Puerto Rico,PRI,1985,0.895
Puerto Rico,PRI,1986,0.831
Puerto Rico,PRI,1987,0.817
Puerto Rico,PRI,1988,0.793
Puerto Rico,PRI,1989,0.747
Puerto Rico,PRI,1990,0.899
Puerto Rico,PRI,1991,0.935
Puerto Rico,PRI,1992,0.888
Puerto Rico,PRI,1993,0.814
Puerto Rico,PRI,1994,0.768
Puerto Rico,PRI,1995,0.728
Puerto Rico,PRI,1996,0.694
Puerto Rico,PRI,1997,0.679
Puerto Rico,PRI,1998,0.65
Puerto Rico,PRI,1999,0.615
Puerto Rico,PRI,2000,0.196
Puerto Rico,PRI,2001,-0.03
Puerto Rico,PRI,2002,-0.09
Puerto Rico,PRI,2003,-0.155
Puerto Rico,PRI,2004,-0.234
Puerto Rico,PRI,2005,-0.306
Puerto Rico,PRI,2006,-0.339
Puerto Rico,PRI,2007,-0.358
Puerto Rico,PRI,2008,-0.386
Puerto Rico,PRI,2009,-0.369
Puerto Rico,PRI,2010,-0.716
Puerto Rico,PRI,2011,-0.968
Puerto Rico,PRI,2012,-1.067
Puerto Rico,PRI,2013,-1.12
Puerto Rico,PRI,2014,-1.19
Puerto Rico,PRI,2015,-1.269
Puerto Rico,PRI,2016,-1.35
Puerto Rico,PRI,2017,-4.786
Puerto Rico,PRI,2018,-0.069
Puerto Rico,PRI,2019,-0.056
Puerto Rico,PRI,2020,-0.691
Puerto Rico,PRI,2021,-0.694
Puerto Rico,PRI,2022,-0.059
Puerto Rico,PRI,2023,0.124
Qatar,QAT,1950,3.155
Qatar,QAT,1951,3.196
Qatar,QAT,1952,3.245
Qatar,QAT,1953,3.224
Qatar,QAT,1954,3.241
Qatar,QAT,1955,3.308
Qatar,QAT,1956,3.496
Qatar,QAT,1957,3.901
Qatar,QAT,1958,4.59
Qatar,QAT,1959,5.668
Qatar,QAT,1960,7.785
Qatar,QAT,1961,11.449
Qatar,QAT,1962,12.031
Qatar,QAT,1963,12.196
Qatar,QAT,1964,12.037
Qatar,QAT,1965,11.811
Qatar,QAT,1966,12.06
Qatar,QAT,1967,12.047
Qatar,QAT,1968,11.807
Qatar,QAT,1969,11.401
Qatar,QAT,1970,12.837
Qatar,QAT,1971,11.492
Qatar,QAT,1972,10.414
Qatar,QAT,1973,9.539
Qatar,QAT,1974,8.809
Qatar,QAT,1975,8.206
Qatar,QAT,1976,7.702
Qatar,QAT,1977,7.271
Qatar,QAT,1978,6.897
Qatar,QAT,1979,6.595
Qatar,QAT,1980,6.32
Qatar,QAT,1981,6.081
Qatar,QAT,1982,5.819
Qatar,QAT,1983,5.527
Qatar,QAT,1984,5.209
Qatar,QAT,1985,4.922
Qatar,QAT,1986,3.911
Qatar,QAT,1987,3.58
Qatar,QAT,1988,3.479
Qatar,QAT,1989,3.397
Qatar,QAT,1990,3.318
Qatar,QAT,1991,3.243
Qatar,QAT,1992,3.164
Qatar,QAT,1993,3.079
Qatar,QAT,1994,2.986
Qatar,QAT,1995,2.881
Qatar,QAT,1996,2.754
Qatar,QAT,1997,5.159
Qatar,QAT,1998,5.459
Qatar,QAT,1999,5.264
Qatar,QAT,2000,5.077
Qatar,QAT,2001,4.888
Qatar,QAT,2002,4.701
Qatar,QAT,2003,4.503
Qatar,QAT,2004,3.075
Qatar,QAT,2005,9.745
Qatar,QAT,2006,22.136
Qatar,QAT,2007,21.35
Qatar,QAT,2008,12.605
Qatar,QAT,2009,8.744
Qatar,QAT,2010,6.307
Qatar,QAT,2011,5.284
Qatar,QAT,2012,5.07
Qatar,QAT,2013,7.599
Qatar,QAT,2014,9.793
Qatar,QAT,2015,8.279
Qatar,QAT,2016,5.512
Qatar,QAT,2017,2.639
Qatar,QAT,2018,1.356
Qatar,QAT,2019,1.291
Qatar,QAT,2020,-0.9
Qatar,QAT,2021,1.721
Qatar,QAT,2022,3.683
Qatar,QAT,2023,2.24
Reunion,REU,1950,3.763
Reunion,REU,1951,3.567
Reunion,REU,1952,3.786
Reunion,REU,1953,3.615
Reunion,REU,1954,4.014
Reunion,REU,1955,3.655
Reunion,REU,1956,3.638
Reunion,REU,1957,3.694
Reunion,REU,1958,3.505
Reunion,REU,1959,3.524
Reunion,REU,1960,3.557
Reunion,REU,1961,3.293
Reunion,REU,1962,2.94
Reunion,REU,1963,2.954
Reunion,REU,1964,2.948
Reunion,REU,1965,2.648
Reunion,REU,1966,2.548
Reunion,REU,1967,2.319
Reunion,REU,1968,2.204
Reunion,REU,1969,2.051
Reunion,REU,1970,1.837
Reunion,REU,1971,1.761
Reunion,REU,1972,1.739
Reunion,REU,1973,1.7
Reunion,REU,1974,1.656
Reunion,REU,1975,1.686
Reunion,REU,1976,1.663
Reunion,REU,1977,1.627
Reunion,REU,1978,1.572
Reunion,REU,1979,1.49
Reunion,REU,1980,1.339
Reunion,REU,1981,1.476
Reunion,REU,1982,1.588
Reunion,REU,1983,1.751
Reunion,REU,1984,1.824
Reunion,REU,1985,1.782
Reunion,REU,1986,1.677
Reunion,REU,1987,1.642
Reunion,REU,1988,1.603
Reunion,REU,1989,1.611
Reunion,REU,1990,1.814
Reunion,REU,1991,1.795
Reunion,REU,1992,1.775
Reunion,REU,1993,1.65
Reunion,REU,1994,1.598
Reunion,REU,1995,1.549
Reunion,REU,1996,1.523
Reunion,REU,1997,1.574
Reunion,REU,1998,1.502
Reunion,REU,1999,1.183
Reunion,REU,2000,1.197
Reunion,REU,2001,1.173
Reunion,REU,2002,1.162
Reunion,REU,2003,1.194
Reunion,REU,2004,0.432
Reunion,REU,2005,0.376
Reunion,REU,2006,1.228
Reunion,REU,2007,1.734
Reunion,REU,2008,1.123
Reunion,REU,2009,0.791
Reunion,REU,2010,0.636
Reunion,REU,2011,-0.089
Reunion,REU,2012,-0.319
Reunion,REU,2013,0.917
Reunion,REU,2014,1.675
Reunion,REU,2015,-0.196
Reunion,REU,2016,-0.302
Reunion,REU,2017,-0.652
Reunion,REU,2018,0.231
Reunion,REU,2019,-0.141
Reunion,REU,2020,1.096
Reunion,REU,2021,0.44
Reunion,REU,2022,0.356
Reunion,REU,2023,0.41
Romania,ROU,1950,1.407
Romania,ROU,1951,1.359
Romania,ROU,1952,1.276
Romania,ROU,1953,1.222
Romania,ROU,1954,1.213
Romania,ROU,1955,1.188
Romania,ROU,1956,1.271
Romania,ROU,1957,0.933
Romania,ROU,1958,0.836
Romania,ROU,1959,0.727
Romania,ROU,1960,0.652
Romania,ROU,1961,0.536
Romania,ROU,1962,0.43
Romania,ROU,1963,0.387
Romania,ROU,1964,0.343
Romania,ROU,1965,0.274
Romania,ROU,1966,0.4
Romania,ROU,1967,1.945
Romania,ROU,1968,1.836
Romania,ROU,1969,1.655
Romania,ROU,1970,1.467
Romania,ROU,1971,1.331
Romania,ROU,1972,1.236
Romania,ROU,1973,1.112
Romania,ROU,1974,1.137
Romania,ROU,1975,1.081
Romania,ROU,1976,1.067
Romania,ROU,1977,0.81
Romania,ROU,1978,0.732
Romania,ROU,1979,0.65
Romania,ROU,1980,0.574
Romania,ROU,1981,0.488
Romania,ROU,1982,0.422
Romania,ROU,1983,0.334
Romania,ROU,1984,0.331
Romania,ROU,1985,0.306
Romania,ROU,1986,0.303
Romania,ROU,1987,0.321
Romania,ROU,1988,0.293
Romania,ROU,1989,0.339
Romania,ROU,1990,0.114
Romania,ROU,1991,-0.045
Romania,ROU,1992,-0.261
Romania,ROU,1993,-0.353
Romania,ROU,1994,-0.402
Romania,ROU,1995,-0.466
Romania,ROU,1996,-0.559
Romania,ROU,1997,-0.601
Romania,ROU,1998,-0.532
Romania,ROU,1999,-0.537
Romania,ROU,2000,-0.548
Romania,ROU,2001,-0.602
Romania,ROU,2002,-0.771
Romania,ROU,2003,-0.858
Romania,ROU,2004,-0.912
Romania,ROU,2005,-0.87
Romania,ROU,2006,-0.812
Romania,ROU,2007,-0.763
Romania,ROU,2008,-0.699
Romania,ROU,2009,-0.675
Romania,ROU,2010,-0.733
Romania,ROU,2011,-0.746
Romania,ROU,2012,-0.475
Romania,ROU,2013,-0.475
Romania,ROU,2014,-0.472
Romania,ROU,2015,-0.503
Romania,ROU,2016,-0.444
Romania,ROU,2017,-0.444
Romania,ROU,2018,-0.488
Romania,ROU,2019,-0.497
Romania,ROU,2020,-0.625
Romania,ROU,2021,-0.87
Romania,ROU,2022,0.024
Romania,ROU,2023,-0.53
Russia,RUS,1950,1.404
Russia,RUS,1951,1.386
Russia,RUS,1952,1.421
Russia,RUS,1953,1.428
Russia,RUS,1954,1.538
Russia,RUS,1955,1.54
Russia,RUS,1956,1.58
Russia,RUS,1957,1.62
Russia,RUS,1958,1.594
Russia,RUS,1959,1.312
Russia,RUS,1960,1.441
Russia,RUS,1961,1.325
Russia,RUS,1962,1.14
Russia,RUS,1963,1.023
Russia,RUS,1964,0.866
Russia,RUS,1965,0.727
Russia,RUS,1966,0.689
Russia,RUS,1967,0.576
Russia,RUS,1968,0.546
Russia,RUS,1969,0.531
Russia,RUS,1970,0.4
Russia,RUS,1971,0.549
Russia,RUS,1972,0.577
Russia,RUS,1973,0.557
Russia,RUS,1974,0.623
Russia,RUS,1975,0.689
Russia,RUS,1976,0.715
Russia,RUS,1977,0.702
Russia,RUS,1978,0.673
Russia,RUS,1979,0.547
Russia,RUS,1980,0.547
Russia,RUS,1981,0.574
Russia,RUS,1982,0.708
Russia,RUS,1983,0.831
Russia,RUS,1984,0.767
Russia,RUS,1985,0.779
Russia,RUS,1986,0.938
Russia,RUS,1987,0.904
Russia,RUS,1988,0.756
Russia,RUS,1989,0.486
Russia,RUS,1990,0.453
Russia,RUS,1991,0.176
Russia,RUS,1992,-0.892
Russia,RUS,1993,-0.157
Russia,RUS,1994,0.245
Russia,RUS,1995,-0.123
Russia,RUS,1996,-0.156
Russia,RUS,1997,-0.156
Russia,RUS,1998,-0.14
Russia,RUS,1999,-0.394
Russia,RUS,2000,-0.319
Russia,RUS,2001,-0.502
Russia,RUS,2002,0.259
Russia,RUS,2003,-0.458
Russia,RUS,2004,-0.386
Russia,RUS,2005,-0.418
Russia,RUS,2006,-0.267
Russia,RUS,2007,-0.07
Russia,RUS,2008,0.004
Russia,RUS,2009,0.076
Russia,RUS,2010,0.015
Russia,RUS,2011,0.137
Russia,RUS,2012,0.206
Russia,RUS,2013,0.227
Russia,RUS,2014,0.217
Russia,RUS,2015,0.31
Russia,RUS,2016,0.338
Russia,RUS,2017,0.222
Russia,RUS,2018,0.111
Russia,RUS,2019,0.029
Russia,RUS,2020,-0.25
Russia,RUS,2021,-0.482
Russia,RUS,2022,0.131
Russia,RUS,2023,-0.323
Rwanda,RWA,1950,3.626
Rwanda,RWA,1951,3.563
Rwanda,RWA,1952,3.509
Rwanda,RWA,1953,3.437
Rwanda,RWA,1954,3.429
Rwanda,RWA,1955,3.397
Rwanda,RWA,1956,3.38
Rwanda,RWA,1957,3.361
Rwanda,RWA,1958,3.245
Rwanda,RWA,1959,3.15
Rwanda,RWA,1960,2.893
Rwanda,RWA,1961,2.625
Rwanda,RWA,1962,2.416
Rwanda,RWA,1963,2.11
Rwanda,RWA,1964,2.492
Rwanda,RWA,1965,2.736
Rwanda,RWA,1966,2.93
Rwanda,RWA,1967,3.106
Rwanda,RWA,1968,3.103
Rwanda,RWA,1969,3.066
Rwanda,RWA,1970,3.025
Rwanda,RWA,1971,2.886
Rwanda,RWA,1972,2.897
Rwanda,RWA,1973,2.927
Rwanda,RWA,1974,2.932
Rwanda,RWA,1975,2.948
Rwanda,RWA,1976,2.964
Rwanda,RWA,1977,2.944
Rwanda,RWA,1978,2.978
Rwanda,RWA,1979,3.06
Rwanda,RWA,1980,3.15
Rwanda,RWA,1981,3.244
Rwanda,RWA,1982,3.315
Rwanda,RWA,1983,3.357
Rwanda,RWA,1984,3.38
Rwanda,RWA,1985,3.368
Rwanda,RWA,1986,3.315
Rwanda,RWA,1987,3.24
Rwanda,RWA,1988,3.136
Rwanda,RWA,1989,2.99
Rwanda,RWA,1990,2.256
Rwanda,RWA,1991,1.819
Rwanda,RWA,1992,2.287
Rwanda,RWA,1993,5.264
Rwanda,RWA,1994,-41.785
Rwanda,RWA,1995,9.897
Rwanda,RWA,1996,22.576
Rwanda,RWA,1997,7.544
Rwanda,RWA,1998,0.843
Rwanda,RWA,1999,0.79
Rwanda,RWA,2000,0.824
Rwanda,RWA,2001,0.949
Rwanda,RWA,2002,1.756
Rwanda,RWA,2003,2.631
Rwanda,RWA,2004,2.655
Rwanda,RWA,2005,2.665
Rwanda,RWA,2006,2.668
Rwanda,RWA,2007,2.652
Rwanda,RWA,2008,2.605
Rwanda,RWA,2009,2.554
Rwanda,RWA,2010,2.494
Rwanda,RWA,2011,2.412
Rwanda,RWA,2012,2.376
Rwanda,RWA,2013,2.43
Rwanda,RWA,2014,2.405
Rwanda,RWA,2015,2.382
Rwanda,RWA,2016,2.358
Rwanda,RWA,2017,2.333
Rwanda,RWA,2018,2.3
Rwanda,RWA,2019,2.262
Rwanda,RWA,2020,2.223
Rwanda,RWA,2021,2.16
Rwanda,RWA,2022,2.221
Rwanda,RWA,2023,2.177
Saint Barthelemy,BLM,1950,3.191
Saint Barthelemy,BLM,1951,1.655
Saint Barthelemy,BLM,1952,0.577
Saint Barthelemy,BLM,1953,1.145
Saint Barthelemy,BLM,1954,0.756
Saint Barthelemy,BLM,1955,0.141
Saint Barthelemy,BLM,1956,-0.424
Saint Barthelemy,BLM,1957,0.518
Saint Barthelemy,BLM,1958,1.121
Saint Barthelemy,BLM,1959,0.925
Saint Barthelemy,BLM,1960,1.417
Saint Barthelemy,BLM,1961,0.543
Saint Barthelemy,BLM,1962,1.389
Saint Barthelemy,BLM,1963,1.502
Saint Barthelemy,BLM,1964,1.609
Saint Barthelemy,BLM,1965,1.158
Saint Barthelemy,BLM,1966,1.691
Saint Barthelemy,BLM,1967,0.042
Saint Barthelemy,BLM,1968,0.502
Saint Barthelemy,BLM,1969,0.083
Saint Barthelemy,BLM,1970,0.457
Saint Barthelemy,BLM,1971,1.278
Saint Barthelemy,BLM,1972,0.897
Saint Barthelemy,BLM,1973,0.768
Saint Barthelemy,BLM,1974,2.033
Saint Barthelemy,BLM,1975,2.456
Saint Barthelemy,BLM,1976,2.697
Saint Barthelemy,BLM,1977,3.607
Saint Barthelemy,BLM,1978,3.307
Saint Barthelemy,BLM,1979,2.794
Saint Barthelemy,BLM,1980,1.787
Saint Barthelemy,BLM,1981,1.492
Saint Barthelemy,BLM,1982,9.417
Saint Barthelemy,BLM,1983,8.469
Saint Barthelemy,BLM,1984,7.552
Saint Barthelemy,BLM,1985,6.664
Saint Barthelemy,BLM,1986,6.068
Saint Barthelemy,BLM,1987,5.678
Saint Barthelemy,BLM,1988,4.687
Saint Barthelemy,BLM,1989,4.322
Saint Barthelemy,BLM,1990,3.658
Saint Barthelemy,BLM,1991,3.438
Saint Barthelemy,BLM,1992,3.306
Saint Barthelemy,BLM,1993,3.285
Saint Barthelemy,BLM,1994,3.017
Saint Barthelemy,BLM,1995,2.896
Saint Barthelemy,BLM,1996,2.861
Saint Barthelemy,BLM,1997,2.812
Saint Barthelemy,BLM,1998,2.5
Saint Barthelemy,BLM,1999,2.683
Saint Barthelemy,BLM,2000,2.64
Saint Barthelemy,BLM,2001,2.654
Saint Barthelemy,BLM,2002,2.612
Saint Barthelemy,BLM,2003,2.455
Saint Barthelemy,BLM,2004,2.396
Saint Barthelemy,BLM,2005,2.254
Saint Barthelemy,BLM,2006,2.409
Saint Barthelemy,BLM,2007,2.211
Saint Barthelemy,BLM,2008,2.267
Saint Barthelemy,BLM,2009,2.172
Saint Barthelemy,BLM,2010,1.651
Saint Barthelemy,BLM,2011,1.078
Saint Barthelemy,BLM,2012,1.305
Saint Barthelemy,BLM,2013,1.309
Saint Barthelemy,BLM,2014,1.429
Saint Barthelemy,BLM,2015,1.585
Saint Barthelemy,BLM,2016,1.723
Saint Barthelemy,BLM,2017,1.904
Saint Barthelemy,BLM,2018,1.672
Saint Barthelemy,BLM,2019,2.068
Saint Barthelemy,BLM,2020,2.618
Saint Barthelemy,BLM,2021,1.542
Saint Barthelemy,BLM,2022,1.337
Saint Barthelemy,BLM,2023,1.66
Saint Helena,SHN,1950,1.225
Saint Helena,SHN,1951,0.701
Saint Helena,SHN,1952,0.302
Saint Helena,SHN,1953,0.207
Saint Helena,SHN,1954,-0.038
Saint Helena,SHN,1955,-0.377
Saint Helena,SHN,1956,-0.076
Saint Helena,SHN,1957,0.434
Saint Helena,SHN,1958,0.263
Saint Helena,SHN,1959,0.318
Saint Helena,SHN,1960,0.522
Saint Helena,SHN,1961,0.482
Saint Helena,SHN,1962,0.425
Saint Helena,SHN,1963,0.515
Saint Helena,SHN,1964,0.275
Saint Helena,SHN,1965,0.274
Saint Helena,SHN,1966,0.636
Saint Helena,SHN,1967,1.207
Saint Helena,SHN,1968,1.316
Saint Helena,SHN,1969,1.299
Saint Helena,SHN,1970,1.489
Saint Helena,SHN,1971,1.315
Saint Helena,SHN,1972,1.231
Saint Helena,SHN,1973,1.1
Saint Helena,SHN,1974,1.055
Saint Helena,SHN,1975,0.946
Saint Helena,SHN,1976,0.502
Saint Helena,SHN,1977,1.141
Saint Helena,SHN,1978,0.859
Saint Helena,SHN,1979,0.82
Saint Helena,SHN,1980,0.798
Saint Helena,SHN,1981,0.915
Saint Helena,SHN,1982,1.091
Saint Helena,SHN,1983,0.852
Saint Helena,SHN,1984,0.649
Saint Helena,SHN,1985,0.271
Saint Helena,SHN,1986,0.584
Saint Helena,SHN,1987,-0.075
Saint Helena,SHN,1988,-0.329
Saint Helena,SHN,1989,-0.601
Saint Helena,SHN,1990,-0.544
Saint Helena,SHN,1991,-0.806
Saint Helena,SHN,1992,-0.674
Saint Helena,SHN,1993,-0.896
Saint Helena,SHN,1994,-0.982
Saint Helena,SHN,1995,-1.024
Saint Helena,SHN,1996,-0.923
Saint Helena,SHN,1997,-1.076
Saint Helena,SHN,1998,-1.055
Saint Helena,SHN,1999,-1.182
Saint Helena,SHN,2000,-1.247
Saint Helena,SHN,2001,-1.381
Saint Helena,SHN,2002,-1.607
Saint Helena,SHN,2003,-1.756
Saint Helena,SHN,2004,-1.805
Saint Helena,SHN,2005,-2.057
Saint Helena,SHN,2006,-1.97
Saint Helena,SHN,2007,-2.123
Saint Helena,SHN,2008,0.247
Saint Helena,SHN,2009,0.642
Saint Helena,SHN,2010,0.6
Saint Helena,SHN,2011,0.727
Saint Helena,SHN,2012,0.703
Saint Helena,SHN,2013,0.478
Saint Helena,SHN,2014,0.659
Saint Helena,SHN,2015,0.763
Saint Helena,SHN,2016,-0.326
Saint Helena,SHN,2017,-0.254
Saint Helena,SHN,2018,-0.456
Saint Helena,SHN,2019,-0.385
Saint Helena,SHN,2020,-0.663
Saint Helena,SHN,2021,-0.816
Saint Helena,SHN,2022,-0.936
Saint Helena,SHN,2023,-1.116
Saint Kitts and Nevis,KNA,1950,2.223
Saint Kitts and Nevis,KNA,1951,2.283
Saint Kitts and Nevis,KNA,1952,2.144
Saint Kitts and Nevis,KNA,1953,2.078
Saint Kitts and Nevis,KNA,1954,1.463
Saint Kitts and Nevis,KNA,1955,1.596
Saint Kitts and Nevis,KNA,1956,1.603
Saint Kitts and Nevis,KNA,1957,1.568
Saint Kitts and Nevis,KNA,1958,1.468
Saint Kitts and Nevis,KNA,1959,1.529
Saint Kitts and Nevis,KNA,1960,-0.297
Saint Kitts and Nevis,KNA,1961,-1.422
Saint Kitts and Nevis,KNA,1962,-1.761
Saint Kitts and Nevis,KNA,1963,-2.019
Saint Kitts and Nevis,KNA,1964,-2.202
Saint Kitts and Nevis,KNA,1965,-2.388
Saint Kitts and Nevis,KNA,1966,-2.527
Saint Kitts and Nevis,KNA,1967,-2.73
Saint Kitts and Nevis,KNA,1968,-2.949
Saint Kitts and Nevis,KNA,1969,-3.573
Saint Kitts and Nevis,KNA,1970,-1.379
Saint Kitts and Nevis,KNA,1971,-0.421
Saint Kitts and Nevis,KNA,1972,-0.363
Saint Kitts and Nevis,KNA,1973,-0.335
Saint Kitts and Nevis,KNA,1974,-0.311
Saint Kitts and Nevis,KNA,1975,-0.291
Saint Kitts and Nevis,KNA,1976,-0.281
Saint Kitts and Nevis,KNA,1977,-0.293
Saint Kitts and Nevis,KNA,1978,-0.356
Saint Kitts and Nevis,KNA,1979,-0.497
Saint Kitts and Nevis,KNA,1980,-0.355
Saint Kitts and Nevis,KNA,1981,-0.356
Saint Kitts and Nevis,KNA,1982,-0.423
Saint Kitts and Nevis,KNA,1983,-0.51
Saint Kitts and Nevis,KNA,1984,-0.537
Saint Kitts and Nevis,KNA,1985,-0.599
Saint Kitts and Nevis,KNA,1986,-0.627
Saint Kitts and Nevis,KNA,1987,-0.677
Saint Kitts and Nevis,KNA,1988,-0.714
Saint Kitts and Nevis,KNA,1989,-0.77
Saint Kitts and Nevis,KNA,1990,-0.836
Saint Kitts and Nevis,KNA,1991,0.471
Saint Kitts and Nevis,KNA,1992,1.285
Saint Kitts and Nevis,KNA,1993,1.288
Saint Kitts and Nevis,KNA,1994,1.29
Saint Kitts and Nevis,KNA,1995,1.323
Saint Kitts and Nevis,KNA,1996,1.264
Saint Kitts and Nevis,KNA,1997,1.29
Saint Kitts and Nevis,KNA,1998,1.316
Saint Kitts and Nevis,KNA,1999,1.408
Saint Kitts and Nevis,KNA,2000,1.47
Saint Kitts and Nevis,KNA,2001,0.789
Saint Kitts and Nevis,KNA,2002,0.345
Saint Kitts and Nevis,KNA,2003,0.331
Saint Kitts and Nevis,KNA,2004,0.266
Saint Kitts and Nevis,KNA,2005,0.263
Saint Kitts and Nevis,KNA,2006,0.303
Saint Kitts and Nevis,KNA,2007,0.285
Saint Kitts and Nevis,KNA,2008,0.269
Saint Kitts and Nevis,KNA,2009,0.079
Saint Kitts and Nevis,KNA,2010,-0.378
Saint Kitts and Nevis,KNA,2011,0.544
Saint Kitts and Nevis,KNA,2012,0.085
Saint Kitts and Nevis,KNA,2013,0.068
Saint Kitts and Nevis,KNA,2014,0.017
Saint Kitts and Nevis,KNA,2015,-0.023
Saint Kitts and Nevis,KNA,2016,-0.032
Saint Kitts and Nevis,KNA,2017,-0.07
Saint Kitts and Nevis,KNA,2018,-0.108
Saint Kitts and Nevis,KNA,2019,-0.134
Saint Kitts and Nevis,KNA,2020,-0.213
Saint Kitts and Nevis,KNA,2021,-0.244
Saint Kitts and Nevis,KNA,2022,0.015
Saint Kitts and Nevis,KNA,2023,0.192
Saint Lucia,LCA,1950,1.136
Saint Lucia,LCA,1951,0.955
Saint Lucia,LCA,1952,-0.002
Saint Lucia,LCA,1953,-0.187
Saint Lucia,LCA,1954,-0.279
Saint Lucia,LCA,1955,-0.366
Saint Lucia,LCA,1956,-0.386
Saint Lucia,LCA,1957,-0.404
Saint Lucia,LCA,1958,-0.388
Saint Lucia,LCA,1959,-0.397
Saint Lucia,LCA,1960,0.902
Saint Lucia,LCA,1961,1.043
Saint Lucia,LCA,1962,1.115
Saint Lucia,LCA,1963,1.021
Saint Lucia,LCA,1964,1.032
Saint Lucia,LCA,1965,1.004
Saint Lucia,LCA,1966,0.978
Saint Lucia,LCA,1967,1.125
Saint Lucia,LCA,1968,1.215
Saint Lucia,LCA,1969,1.163
Saint Lucia,LCA,1970,1.343
Saint Lucia,LCA,1971,1.351
Saint Lucia,LCA,1972,1.381
Saint Lucia,LCA,1973,1.421
Saint Lucia,LCA,1974,1.492
Saint Lucia,LCA,1975,1.51
Saint Lucia,LCA,1976,1.537
Saint Lucia,LCA,1977,1.482
Saint Lucia,LCA,1978,1.475
Saint Lucia,LCA,1979,1.429
Saint Lucia,LCA,1980,1.546
Saint Lucia,LCA,1981,1.575
Saint Lucia,LCA,1982,1.57
Saint Lucia,LCA,1983,1.586
Saint Lucia,LCA,1984,1.623
Saint Lucia,LCA,1985,1.642
Saint Lucia,LCA,1986,1.554
Saint Lucia,LCA,1987,1.454
Saint Lucia,LCA,1988,1.192
Saint Lucia,LCA,1989,1.037
Saint Lucia,LCA,1990,0.923
Saint Lucia,LCA,1991,1.472
Saint Lucia,LCA,1992,1.511
Saint Lucia,LCA,1993,1.445
Saint Lucia,LCA,1994,1.544
Saint Lucia,LCA,1995,1.609
Saint Lucia,LCA,1996,1.378
Saint Lucia,LCA,1997,1.437
Saint Lucia,LCA,1998,1.308
Saint Lucia,LCA,1999,1.294
Saint Lucia,LCA,2000,1.135
Saint Lucia,LCA,2001,0.899
Saint Lucia,LCA,2002,0.846
Saint Lucia,LCA,2003,0.798
Saint Lucia,LCA,2004,0.746
Saint Lucia,LCA,2005,0.722
Saint Lucia,LCA,2006,0.711
Saint Lucia,LCA,2007,0.628
Saint Lucia,LCA,2008,0.619
Saint Lucia,LCA,2009,0.634
Saint Lucia,LCA,2010,0.585
Saint Lucia,LCA,2011,0.46
Saint Lucia,LCA,2012,0.453
Saint Lucia,LCA,2013,0.452
Saint Lucia,LCA,2014,0.435
Saint Lucia,LCA,2015,0.443
Saint Lucia,LCA,2016,0.403
Saint Lucia,LCA,2017,0.388
Saint Lucia,LCA,2018,0.376
Saint Lucia,LCA,2019,0.351
Saint Lucia,LCA,2020,0.311
Saint Lucia,LCA,2021,-0.007
Saint Lucia,LCA,2022,0.296
Saint Lucia,LCA,2023,0.266
Saint Martin (French part),MAF,1950,4.491
Saint Martin (French part),MAF,1951,3.984
Saint Martin (French part),MAF,1952,3.528
Saint Martin (French part),MAF,1953,3.818
Saint Martin (French part),MAF,1954,3.565
Saint Martin (French part),MAF,1955,3.223
Saint Martin (French part),MAF,1956,3.546
Saint Martin (French part),MAF,1957,3.016
Saint Martin (French part),MAF,1958,3.374
Saint Martin (French part),MAF,1959,3.551
Saint Martin (French part),MAF,1960,3.082
Saint Martin (French part),MAF,1961,3.192
Saint Martin (French part),MAF,1962,3.137
Saint Martin (French part),MAF,1963,3.231
Saint Martin (French part),MAF,1964,3.212
Saint Martin (French part),MAF,1965,3.683
Saint Martin (French part),MAF,1966,4.778
Saint Martin (French part),MAF,1967,4.935
Saint Martin (French part),MAF,1968,3.021
Saint Martin (French part),MAF,1969,3.034
Saint Martin (French part),MAF,1970,2.977
Saint Martin (French part),MAF,1971,2.907
Saint Martin (French part),MAF,1972,2.825
Saint Martin (French part),MAF,1973,2.956
Saint Martin (French part),MAF,1974,3.147
Saint Martin (French part),MAF,1975,3.695
Saint Martin (French part),MAF,1976,3.711
Saint Martin (French part),MAF,1977,3.448
Saint Martin (French part),MAF,1978,3.132
Saint Martin (French part),MAF,1979,2.927
Saint Martin (French part),MAF,1980,2.582
Saint Martin (French part),MAF,1981,2.424
Saint Martin (French part),MAF,1982,18.868
Saint Martin (French part),MAF,1983,19.179
Saint Martin (French part),MAF,1984,16.787
Saint Martin (French part),MAF,1985,15.089
Saint Martin (French part),MAF,1986,13.508
Saint Martin (French part),MAF,1987,12.31
Saint Martin (French part),MAF,1988,11.33
Saint Martin (French part),MAF,1989,10.291
Saint Martin (French part),MAF,1990,2.916
Saint Martin (French part),MAF,1991,1.142
Saint Martin (French part),MAF,1992,0.801
Saint Martin (French part),MAF,1993,0.57
Saint Martin (French part),MAF,1994,0.326
Saint Martin (French part),MAF,1995,0.061
Saint Martin (French part),MAF,1996,-0.245
Saint Martin (French part),MAF,1997,-0.57
Saint Martin (French part),MAF,1998,-0.914
Saint Martin (French part),MAF,1999,2.114
Saint Martin (French part),MAF,2000,2.687
Saint Martin (French part),MAF,2001,2.626
Saint Martin (French part),MAF,2002,2.506
Saint Martin (French part),MAF,2003,2.439
Saint Martin (French part),MAF,2004,2.297
Saint Martin (French part),MAF,2005,2.217
Saint Martin (French part),MAF,2006,2.043
Saint Martin (French part),MAF,2007,1.842
Saint Martin (French part),MAF,2008,1.641
Saint Martin (French part),MAF,2009,1.367
Saint Martin (French part),MAF,2010,0.564
Saint Martin (French part),MAF,2011,0.585
Saint Martin (French part),MAF,2012,0.528
Saint Martin (French part),MAF,2013,0.238
Saint Martin (French part),MAF,2014,-0.067
Saint Martin (French part),MAF,2015,-0.369
Saint Martin (French part),MAF,2016,-0.672
Saint Martin (French part),MAF,2017,-1.154
Saint Martin (French part),MAF,2018,-3.405
Saint Martin (French part),MAF,2019,-6.612
Saint Martin (French part),MAF,2020,-8.487
Saint Martin (French part),MAF,2021,-3.184
Saint Martin (French part),MAF,2022,-4.251
Saint Martin (French part),MAF,2023,-5.398
Saint Pierre and Miquelon,SPM,1950,1.27
Saint Pierre and Miquelon,SPM,1951,0.662
Saint Pierre and Miquelon,SPM,1952,1.441
Saint Pierre and Miquelon,SPM,1953,1.142
Saint Pierre and Miquelon,SPM,1954,1.489
Saint Pierre and Miquelon,SPM,1955,1.28
Saint Pierre and Miquelon,SPM,1956,0.706
Saint Pierre and Miquelon,SPM,1957,0.578
Saint Pierre and Miquelon,SPM,1958,1.653
Saint Pierre and Miquelon,SPM,1959,1.007
Saint Pierre and Miquelon,SPM,1960,0.06
Saint Pierre and Miquelon,SPM,1961,-0.482
Saint Pierre and Miquelon,SPM,1962,1.081
Saint Pierre and Miquelon,SPM,1963,1.737
Saint Pierre and Miquelon,SPM,1964,1.765
Saint Pierre and Miquelon,SPM,1965,1.299
Saint Pierre and Miquelon,SPM,1966,1.619
Saint Pierre and Miquelon,SPM,1967,1.409
Saint Pierre and Miquelon,SPM,1968,1.317
Saint Pierre and Miquelon,SPM,1969,1.64
Saint Pierre and Miquelon,SPM,1970,1.455
Saint Pierre and Miquelon,SPM,1971,1.625
Saint Pierre and Miquelon,SPM,1972,1.411
Saint Pierre and Miquelon,SPM,1973,1.644
Saint Pierre and Miquelon,SPM,1974,1.07
Saint Pierre and Miquelon,SPM,1975,0.597
Saint Pierre and Miquelon,SPM,1976,0.61
Saint Pierre and Miquelon,SPM,1977,0.622
Saint Pierre and Miquelon,SPM,1978,0.489
Saint Pierre and Miquelon,SPM,1979,0.243
Saint Pierre and Miquelon,SPM,1980,0.097
Saint Pierre and Miquelon,SPM,1981,-0.878
Saint Pierre and Miquelon,SPM,1982,0.684
Saint Pierre and Miquelon,SPM,1983,0.744
Saint Pierre and Miquelon,SPM,1984,0.802
Saint Pierre and Miquelon,SPM,1985,0.589
Saint Pierre and Miquelon,SPM,1986,0.586
Saint Pierre and Miquelon,SPM,1987,0.378
Saint Pierre and Miquelon,SPM,1988,0.063
Saint Pierre and Miquelon,SPM,1989,-0.362
Saint Pierre and Miquelon,SPM,1990,0.472
Saint Pierre and Miquelon,SPM,1991,0.376
Saint Pierre and Miquelon,SPM,1992,0.359
Saint Pierre and Miquelon,SPM,1993,0.125
Saint Pierre and Miquelon,SPM,1994,0.218
Saint Pierre and Miquelon,SPM,1995,-0.047
Saint Pierre and Miquelon,SPM,1996,-0.218
Saint Pierre and Miquelon,SPM,1997,-0.218
Saint Pierre and Miquelon,SPM,1998,-1.225
Saint Pierre and Miquelon,SPM,1999,-0.443
Saint Pierre and Miquelon,SPM,2000,-0.238
Saint Pierre and Miquelon,SPM,2001,-0.351
Saint Pierre and Miquelon,SPM,2002,-0.496
Saint Pierre and Miquelon,SPM,2003,-0.692
Saint Pierre and Miquelon,SPM,2004,-0.762
Saint Pierre and Miquelon,SPM,2005,-0.932
Saint Pierre and Miquelon,SPM,2006,-0.527
Saint Pierre and Miquelon,SPM,2007,-0.149
Saint Pierre and Miquelon,SPM,2008,-0.248
Saint Pierre and Miquelon,SPM,2009,0.017
Saint Pierre and Miquelon,SPM,2010,-0.199
Saint Pierre and Miquelon,SPM,2011,-0.166
Saint Pierre and Miquelon,SPM,2012,-0.417
Saint Pierre and Miquelon,SPM,2013,-0.234
Saint Pierre and Miquelon,SPM,2014,-0.268
Saint Pierre and Miquelon,SPM,2015,-0.219
Saint Pierre and Miquelon,SPM,2016,-0.337
Saint Pierre and Miquelon,SPM,2017,-0.034
Saint Pierre and Miquelon,SPM,2018,-0.288
Saint Pierre and Miquelon,SPM,2019,-0.851
Saint Pierre and Miquelon,SPM,2020,-0.824
Saint Pierre and Miquelon,SPM,2021,-0.831
Saint Pierre and Miquelon,SPM,2022,-0.803
Saint Pierre and Miquelon,SPM,2023,-0.968
Saint Vincent and the Grenadines,VCT,1950,2.603
Saint Vincent and the Grenadines,VCT,1951,2.786
Saint Vincent and the Grenadines,VCT,1952,2.921
Saint Vincent and the Grenadines,VCT,1953,3.057
Saint Vincent and the Grenadines,VCT,1954,3.215
Saint Vincent and the Grenadines,VCT,1955,3.339
Saint Vincent and the Grenadines,VCT,1956,3.368
Saint Vincent and the Grenadines,VCT,1957,3.436
Saint Vincent and the Grenadines,VCT,1958,3.48
Saint Vincent and the Grenadines,VCT,1959,3.548
Saint Vincent and the Grenadines,VCT,1960,1.85
Saint Vincent and the Grenadines,VCT,1961,1.634
Saint Vincent and the Grenadines,VCT,1962,1.525
Saint Vincent and the Grenadines,VCT,1963,1.406
Saint Vincent and the Grenadines,VCT,1964,1.345
Saint Vincent and the Grenadines,VCT,1965,1.261
Saint Vincent and the Grenadines,VCT,1966,1.198
Saint Vincent and the Grenadines,VCT,1967,1.119
Saint Vincent and the Grenadines,VCT,1968,1.015
Saint Vincent and the Grenadines,VCT,1969,0.965
Saint Vincent and the Grenadines,VCT,1970,0.932
Saint Vincent and the Grenadines,VCT,1971,0.952
Saint Vincent and the Grenadines,VCT,1972,0.935
Saint Vincent and the Grenadines,VCT,1973,0.899
Saint Vincent and the Grenadines,VCT,1974,0.849
Saint Vincent and the Grenadines,VCT,1975,0.813
Saint Vincent and the Grenadines,VCT,1976,0.794
Saint Vincent and the Grenadines,VCT,1977,0.786
Saint Vincent and the Grenadines,VCT,1978,0.729
Saint Vincent and the Grenadines,VCT,1979,0.637
Saint Vincent and the Grenadines,VCT,1980,0.778
Saint Vincent and the Grenadines,VCT,1981,0.865
Saint Vincent and the Grenadines,VCT,1982,0.831
Saint Vincent and the Grenadines,VCT,1983,0.803
Saint Vincent and the Grenadines,VCT,1984,0.78
Saint Vincent and the Grenadines,VCT,1985,0.735
Saint Vincent and the Grenadines,VCT,1986,0.689
Saint Vincent and the Grenadines,VCT,1987,0.623
Saint Vincent and the Grenadines,VCT,1988,0.569
Saint Vincent and the Grenadines,VCT,1989,0.537
Saint Vincent and the Grenadines,VCT,1990,0.433
Saint Vincent and the Grenadines,VCT,1991,0.299
Saint Vincent and the Grenadines,VCT,1992,0.213
Saint Vincent and the Grenadines,VCT,1993,0.188
Saint Vincent and the Grenadines,VCT,1994,0.135
Saint Vincent and the Grenadines,VCT,1995,0.095
Saint Vincent and the Grenadines,VCT,1996,0.032
Saint Vincent and the Grenadines,VCT,1997,0.006
Saint Vincent and the Grenadines,VCT,1998,0.064
Saint Vincent and the Grenadines,VCT,1999,0.265
Saint Vincent and the Grenadines,VCT,2000,0.051
Saint Vincent and the Grenadines,VCT,2001,-0.129
Saint Vincent and the Grenadines,VCT,2002,-0.144
Saint Vincent and the Grenadines,VCT,2003,-0.218
Saint Vincent and the Grenadines,VCT,2004,-0.325
Saint Vincent and the Grenadines,VCT,2005,-0.358
Saint Vincent and the Grenadines,VCT,2006,-0.418
Saint Vincent and the Grenadines,VCT,2007,-0.446
Saint Vincent and the Grenadines,VCT,2008,-0.458
Saint Vincent and the Grenadines,VCT,2009,-0.481
Saint Vincent and the Grenadines,VCT,2010,-0.516
Saint Vincent and the Grenadines,VCT,2011,-0.597
Saint Vincent and the Grenadines,VCT,2012,-0.527
Saint Vincent and the Grenadines,VCT,2013,-0.58
Saint Vincent and the Grenadines,VCT,2014,-0.534
Saint Vincent and the Grenadines,VCT,2015,-0.539
Saint Vincent and the Grenadines,VCT,2016,-0.608
Saint Vincent and the Grenadines,VCT,2017,-0.685
Saint Vincent and the Grenadines,VCT,2018,-0.715
Saint Vincent and the Grenadines,VCT,2019,-0.737
Saint Vincent and the Grenadines,VCT,2020,-0.496
Saint Vincent and the Grenadines,VCT,2021,-0.832
Saint Vincent and the Grenadines,VCT,2022,-0.719
Saint Vincent and the Grenadines,VCT,2023,-0.704
Samoa,WSM,1950,2.412
Samoa,WSM,1951,2.574
Samoa,WSM,1952,2.214
Samoa,WSM,1953,2.207
Samoa,WSM,1954,2.195
Samoa,WSM,1955,2.208
Samoa,WSM,1956,2.341
Samoa,WSM,1957,2.675
Samoa,WSM,1958,2.653
Samoa,WSM,1959,2.641
Samoa,WSM,1960,2.638
Samoa,WSM,1961,2.636
Samoa,WSM,1962,2.662
Samoa,WSM,1963,2.61
Samoa,WSM,1964,2.467
Samoa,WSM,1965,2.414
Samoa,WSM,1966,2.365
Samoa,WSM,1967,1.706
Samoa,WSM,1968,1.64
Samoa,WSM,1969,1.587
Samoa,WSM,1970,1.525
Samoa,WSM,1971,1.448
Samoa,WSM,1972,1.388
Samoa,WSM,1973,1.331
Samoa,WSM,1974,2.597
Samoa,WSM,1975,2.572
Samoa,WSM,1976,2.288
Samoa,WSM,1977,1.054
Samoa,WSM,1978,0.967
Samoa,WSM,1979,0.893
Samoa,WSM,1980,0.867
Samoa,WSM,1981,0.776
Samoa,WSM,1982,0.196
Samoa,WSM,1983,0.08
Samoa,WSM,1984,0.018
Samoa,WSM,1985,0.045
Samoa,WSM,1986,0.21
Samoa,WSM,1987,0.507
Samoa,WSM,1988,0.309
Samoa,WSM,1989,0.192
Samoa,WSM,1990,0.132
Samoa,WSM,1991,0.254
Samoa,WSM,1992,0.878
Samoa,WSM,1993,0.811
Samoa,WSM,1994,0.794
Samoa,WSM,1995,0.83
Samoa,WSM,1996,0.881
Samoa,WSM,1997,0.788
Samoa,WSM,1998,0.736
Samoa,WSM,1999,0.79
Samoa,WSM,2000,0.767
Samoa,WSM,2001,0.856
Samoa,WSM,2002,0.565
Samoa,WSM,2003,0.472
Samoa,WSM,2004,0.409
Samoa,WSM,2005,0.374
Samoa,WSM,2006,0.406
Samoa,WSM,2007,0.703
Samoa,WSM,2008,0.727
Samoa,WSM,2009,0.747
Samoa,WSM,2010,0.822
Samoa,WSM,2011,0.921
Samoa,WSM,2012,0.904
Samoa,WSM,2013,0.89
Samoa,WSM,2014,0.886
Samoa,WSM,2015,0.851
Samoa,WSM,2016,0.843
Samoa,WSM,2017,1.03
Samoa,WSM,2018,1.069
Samoa,WSM,2019,1.037
Samoa,WSM,2020,1.016
Samoa,WSM,2021,0.709
Samoa,WSM,2022,0.672
Samoa,WSM,2023,0.627
San Marino,SMR,1950,1.398
San Marino,SMR,1951,1.242
San Marino,SMR,1952,1.175
San Marino,SMR,1953,1.191
San Marino,SMR,1954,1.359
San Marino,SMR,1955,1.32
San Marino,SMR,1956,2.349
San Marino,SMR,1957,2.364
San Marino,SMR,1958,2.343
San Marino,SMR,1959,2.309
San Marino,SMR,1960,2.346
San Marino,SMR,1961,2.399
San Marino,SMR,1962,2.404
San Marino,SMR,1963,2.449
San Marino,SMR,1964,2.286
San Marino,SMR,1965,1.554
San Marino,SMR,1966,0.942
San Marino,SMR,1967,0.938
San Marino,SMR,1968,1.008
San Marino,SMR,1969,0.838
San Marino,SMR,1970,0.721
San Marino,SMR,1971,2.02
San Marino,SMR,1972,1.932
San Marino,SMR,1973,0.258
San Marino,SMR,1974,0.137
San Marino,SMR,1975,0.032
San Marino,SMR,1976,0.633
San Marino,SMR,1977,8.473
San Marino,SMR,1978,1.527
San Marino,SMR,1979,1.257
San Marino,SMR,1980,1.214
San Marino,SMR,1981,1.14
San Marino,SMR,1982,0.821
San Marino,SMR,1983,0.742
San Marino,SMR,1984,0.313
San Marino,SMR,1985,0.929
San Marino,SMR,1986,0.406
San Marino,SMR,1987,0.031
San Marino,SMR,1988,1.344
San Marino,SMR,1989,1.361
San Marino,SMR,1990,1.397
San Marino,SMR,1991,1.332
San Marino,SMR,1992,1.397
San Marino,SMR,1993,1.463
San Marino,SMR,1994,1.386
San Marino,SMR,1995,1.296
San Marino,SMR,1996,1.26
San Marino,SMR,1997,1.229
San Marino,SMR,1998,1.271
San Marino,SMR,1999,1.274
San Marino,SMR,2000,1.276
San Marino,SMR,2001,1.275
San Marino,SMR,2002,1.27
San Marino,SMR,2003,1.282
San Marino,SMR,2004,1.28
San Marino,SMR,2005,1.32
San Marino,SMR,2006,1.261
San Marino,SMR,2007,1.3
San Marino,SMR,2008,1.316
San Marino,SMR,2009,1.283
San Marino,SMR,2010,2.224
San Marino,SMR,2011,7.495
San Marino,SMR,2012,0.553
San Marino,SMR,2013,0.363
San Marino,SMR,2014,0.264
San Marino,SMR,2015,0.773
San Marino,SMR,2016,0.758
San Marino,SMR,2017,0.506
San Marino,SMR,2018,0.368
San Marino,SMR,2019,0.352
San Marino,SMR,2020,0.314
San Marino,SMR,2021,-1.449
San Marino,SMR,2022,-1.361
San Marino,SMR,2023,-0.744
Sao Tome and Principe,STP,1950,1.47
Sao Tome and Principe,STP,1951,1.426
Sao Tome and Principe,STP,1952,1.249
Sao Tome and Principe,STP,1953,1.083
Sao Tome and Principe,STP,1954,0.991
Sao Tome and Principe,STP,1955,0.935
Sao Tome and Principe,STP,1956,0.974
Sao Tome and Principe,STP,1957,0.996
Sao Tome and Principe,STP,1958,1.077
Sao Tome and Principe,STP,1959,1.115
Sao Tome and Principe,STP,1960,1.017
Sao Tome and Principe,STP,1961,1.014
Sao Tome and Principe,STP,1962,1.001
Sao Tome and Principe,STP,1963,1.031
Sao Tome and Principe,STP,1964,1.108
Sao Tome and Principe,STP,1965,1.177
Sao Tome and Principe,STP,1966,1.305
Sao Tome and Principe,STP,1967,1.487
Sao Tome and Principe,STP,1968,1.664
Sao Tome and Principe,STP,1969,1.83
Sao Tome and Principe,STP,1970,2.184
Sao Tome and Principe,STP,1971,2.158
Sao Tome and Principe,STP,1972,2.11
Sao Tome and Principe,STP,1973,2.179
Sao Tome and Principe,STP,1974,2.296
Sao Tome and Principe,STP,1975,2.454
Sao Tome and Principe,STP,1976,2.588
Sao Tome and Principe,STP,1977,2.69
Sao Tome and Principe,STP,1978,2.698
Sao Tome and Principe,STP,1979,2.48
Sao Tome and Principe,STP,1980,2.229
Sao Tome and Principe,STP,1981,1.934
Sao Tome and Principe,STP,1982,1.795
Sao Tome and Principe,STP,1983,1.825
Sao Tome and Principe,STP,1984,1.995
Sao Tome and Principe,STP,1985,2.214
Sao Tome and Principe,STP,1986,2.319
Sao Tome and Principe,STP,1987,2.599
Sao Tome and Principe,STP,1988,2.631
Sao Tome and Principe,STP,1989,2.504
Sao Tome and Principe,STP,1990,2.438
Sao Tome and Principe,STP,1991,1.937
Sao Tome and Principe,STP,1992,1.867
Sao Tome and Principe,STP,1993,1.78
Sao Tome and Principe,STP,1994,1.664
Sao Tome and Principe,STP,1995,1.569
Sao Tome and Principe,STP,1996,1.473
Sao Tome and Principe,STP,1997,1.368
Sao Tome and Principe,STP,1998,1.249
Sao Tome and Principe,STP,1999,1.14
Sao Tome and Principe,STP,2000,1.062
Sao Tome and Principe,STP,2001,2.175
Sao Tome and Principe,STP,2002,2.608
Sao Tome and Principe,STP,2003,2.52
Sao Tome and Principe,STP,2004,2.477
Sao Tome and Principe,STP,2005,2.452
Sao Tome and Principe,STP,2006,2.436
Sao Tome and Principe,STP,2007,2.41
Sao Tome and Principe,STP,2008,2.358
Sao Tome and Principe,STP,2009,2.262
Sao Tome and Principe,STP,2010,2.131
Sao Tome and Principe,STP,2011,2.058
Sao Tome and Principe,STP,2012,1.984
Sao Tome and Principe,STP,2013,1.894
Sao Tome and Principe,STP,2014,1.819
Sao Tome and Principe,STP,2015,1.732
Sao Tome and Principe,STP,2016,1.633
Sao Tome and Principe,STP,2017,1.564
Sao Tome and Principe,STP,2018,1.521
Sao Tome and Principe,STP,2019,1.506
Sao Tome and Principe,STP,2020,2.24
Sao Tome and Principe,STP,2021,1.884
Sao Tome and Principe,STP,2022,1.991
Sao Tome and Principe,STP,2023,2.004
Saudi Arabia,SAU,1950,3.469
Saudi Arabia,SAU,1951,3.492
Saudi Arabia,SAU,1952,3.517
Saudi Arabia,SAU,1953,3.546
Saudi Arabia,SAU,1954,3.563
Saudi Arabia,SAU,1955,3.584
Saudi Arabia,SAU,1956,3.595
Saudi Arabia,SAU,1957,3.614
Saudi Arabia,SAU,1958,3.631
Saudi Arabia,SAU,1959,3.648
Saudi Arabia,SAU,1960,3.661
Saudi Arabia,SAU,1961,3.671
Saudi Arabia,SAU,1962,3.678
Saudi Arabia,SAU,1963,3.695
Saudi Arabia,SAU,1964,3.713
Saudi Arabia,SAU,1965,3.716
Saudi Arabia,SAU,1966,3.731
Saudi Arabia,SAU,1967,3.842
Saudi Arabia,SAU,1968,3.95
Saudi Arabia,SAU,1969,4.073
Saudi Arabia,SAU,1970,4.254
Saudi Arabia,SAU,1971,4.608
Saudi Arabia,SAU,1972,4.912
Saudi Arabia,SAU,1973,5.102
Saudi Arabia,SAU,1974,5.208
Saudi Arabia,SAU,1975,5.273
Saudi Arabia,SAU,1976,5.474
Saudi Arabia,SAU,1977,5.65
Saudi Arabia,SAU,1978,5.773
Saudi Arabia,SAU,1979,5.84
Saudi Arabia,SAU,1980,5.881
Saudi Arabia,SAU,1981,6.069
Saudi Arabia,SAU,1982,6.132
Saudi Arabia,SAU,1983,6.048
Saudi Arabia,SAU,1984,5.85
Saudi Arabia,SAU,1985,5.629
Saudi Arabia,SAU,1986,5.738
Saudi Arabia,SAU,1987,5.567
Saudi Arabia,SAU,1988,5.088
Saudi Arabia,SAU,1989,5.023
Saudi Arabia,SAU,1990,4.85
Saudi Arabia,SAU,1991,4.698
Saudi Arabia,SAU,1992,4.516
Saudi Arabia,SAU,1993,4.345
Saudi Arabia,SAU,1994,4.218
Saudi Arabia,SAU,1995,4.07
Saudi Arabia,SAU,1996,3.925
Saudi Arabia,SAU,1997,3.792
Saudi Arabia,SAU,1998,3.682
Saudi Arabia,SAU,1999,3.558
Saudi Arabia,SAU,2000,5.323
Saudi Arabia,SAU,2001,5.085
Saudi Arabia,SAU,2002,4.873
Saudi Arabia,SAU,2003,4.68
Saudi Arabia,SAU,2004,4.507
Saudi Arabia,SAU,2005,4.351
Saudi Arabia,SAU,2006,4.213
Saudi Arabia,SAU,2007,4.088
Saudi Arabia,SAU,2008,3.972
Saudi Arabia,SAU,2009,3.86
Saudi Arabia,SAU,2010,3.754
Saudi Arabia,SAU,2011,3.65
Saudi Arabia,SAU,2012,3.55
Saudi Arabia,SAU,2013,3.454
Saudi Arabia,SAU,2014,3.361
Saudi Arabia,SAU,2015,3.266
Saudi Arabia,SAU,2016,1.65
Saudi Arabia,SAU,2017,-1.226
Saudi Arabia,SAU,2018,-1.505
Saudi Arabia,SAU,2019,2.207
Saudi Arabia,SAU,2020,1.176
Saudi Arabia,SAU,2021,0.989
Saudi Arabia,SAU,2022,4.302
Saudi Arabia,SAU,2023,2.387
Senegal,SEN,1950,2.457
Senegal,SEN,1951,2.511
Senegal,SEN,1952,2.566
Senegal,SEN,1953,2.618
Senegal,SEN,1954,2.665
Senegal,SEN,1955,2.708
Senegal,SEN,1956,2.747
Senegal,SEN,1957,2.76
Senegal,SEN,1958,2.786
Senegal,SEN,1959,2.805
Senegal,SEN,1960,2.816
Senegal,SEN,1961,2.819
Senegal,SEN,1962,2.822
Senegal,SEN,1963,2.823
Senegal,SEN,1964,2.852
Senegal,SEN,1965,2.905
Senegal,SEN,1966,2.957
Senegal,SEN,1967,2.986
Senegal,SEN,1968,2.983
Senegal,SEN,1969,2.982
Senegal,SEN,1970,2.988
Senegal,SEN,1971,2.991
Senegal,SEN,1972,2.993
Senegal,SEN,1973,2.973
Senegal,SEN,1974,2.85
Senegal,SEN,1975,2.697
Senegal,SEN,1976,2.563
Senegal,SEN,1977,2.315
Senegal,SEN,1978,2.356
Senegal,SEN,1979,2.427
Senegal,SEN,1980,2.516
Senegal,SEN,1981,2.601
Senegal,SEN,1982,2.658
Senegal,SEN,1983,2.711
Senegal,SEN,1984,2.743
Senegal,SEN,1985,2.837
Senegal,SEN,1986,2.911
Senegal,SEN,1987,2.915
Senegal,SEN,1988,2.877
Senegal,SEN,1989,2.872
Senegal,SEN,1990,2.865
Senegal,SEN,1991,2.819
Senegal,SEN,1992,2.775
Senegal,SEN,1993,2.729
Senegal,SEN,1994,2.626
Senegal,SEN,1995,2.504
Senegal,SEN,1996,2.385
Senegal,SEN,1997,2.334
Senegal,SEN,1998,2.338
Senegal,SEN,1999,2.401
Senegal,SEN,2000,2.419
Senegal,SEN,2001,2.431
Senegal,SEN,2002,2.468
Senegal,SEN,2003,2.347
Senegal,SEN,2004,2.345
Senegal,SEN,2005,2.333
Senegal,SEN,2006,2.323
Senegal,SEN,2007,2.323
Senegal,SEN,2008,2.356
Senegal,SEN,2009,2.375
Senegal,SEN,2010,2.398
Senegal,SEN,2011,2.654
Senegal,SEN,2012,2.699
Senegal,SEN,2013,3.22
Senegal,SEN,2014,3.117
Senegal,SEN,2015,3.025
Senegal,SEN,2016,2.933
Senegal,SEN,2017,2.843
Senegal,SEN,2018,2.759
Senegal,SEN,2019,2.678
Senegal,SEN,2020,2.59
Senegal,SEN,2021,2.489
Senegal,SEN,2022,2.447
Senegal,SEN,2023,2.329
Serbia,SRB,1950,0.956
Serbia,SRB,1951,0.959
Serbia,SRB,1952,1.016
Serbia,SRB,1953,1.099
Serbia,SRB,1954,1.291
Serbia,SRB,1955,1.229
Serbia,SRB,1956,1.166
Serbia,SRB,1957,1.115
Serbia,SRB,1958,1.052
Serbia,SRB,1959,1.008
Serbia,SRB,1960,1.024
Serbia,SRB,1961,1.008
Serbia,SRB,1962,0.969
Serbia,SRB,1963,0.939
Serbia,SRB,1964,0.909
Serbia,SRB,1965,0.889
Serbia,SRB,1966,0.869
Serbia,SRB,1967,0.848
Serbia,SRB,1968,0.812
Serbia,SRB,1969,0.763
Serbia,SRB,1970,0.7
Serbia,SRB,1971,0.68
Serbia,SRB,1972,0.661
Serbia,SRB,1973,0.649
Serbia,SRB,1974,0.657
Serbia,SRB,1975,0.666
Serbia,SRB,1976,0.657
Serbia,SRB,1977,0.619
Serbia,SRB,1978,0.562
Serbia,SRB,1979,0.505
Serbia,SRB,1980,0.474
Serbia,SRB,1981,0.334
Serbia,SRB,1982,0.222
Serbia,SRB,1983,0.159
Serbia,SRB,1984,0.107
Serbia,SRB,1985,0.058
Serbia,SRB,1986,0.019
Serbia,SRB,1987,0.001
Serbia,SRB,1988,-0.024
Serbia,SRB,1989,-0.057
Serbia,SRB,1990,-0.113
Serbia,SRB,1991,-0.079
Serbia,SRB,1992,-0.106
Serbia,SRB,1993,-0.151
Serbia,SRB,1994,-0.17
Serbia,SRB,1995,-0.185
Serbia,SRB,1996,-0.214
Serbia,SRB,1997,-0.262
Serbia,SRB,1998,-0.336
Serbia,SRB,1999,-0.478
Serbia,SRB,2000,-0.553
Serbia,SRB,2001,-0.56
Serbia,SRB,2002,-0.361
Serbia,SRB,2003,-0.317
Serbia,SRB,2004,-0.345
Serbia,SRB,2005,-0.362
Serbia,SRB,2006,-0.375
Serbia,SRB,2007,-0.383
Serbia,SRB,2008,-0.386
Serbia,SRB,2009,-0.392
Serbia,SRB,2010,-0.404
Serbia,SRB,2011,-0.436
Serbia,SRB,2012,-0.66
Serbia,SRB,2013,-0.667
Serbia,SRB,2014,-0.684
Serbia,SRB,2015,-0.703
Serbia,SRB,2016,-0.728
Serbia,SRB,2017,-0.754
Serbia,SRB,2018,-0.765
Serbia,SRB,2019,-0.776
Serbia,SRB,2020,-0.907
Serbia,SRB,2021,-1.202
Serbia,SRB,2022,-0.093
Serbia,SRB,2023,-0.439
Seychelles,SYC,1950,1.285
Seychelles,SYC,1951,0.791
Seychelles,SYC,1952,0.782
Seychelles,SYC,1953,0.873
Seychelles,SYC,1954,0.99
Seychelles,SYC,1955,1.12
Seychelles,SYC,1956,1.35
Seychelles,SYC,1957,1.477
Seychelles,SYC,1958,1.517
Seychelles,SYC,1959,1.637
Seychelles,SYC,1960,1.939
Seychelles,SYC,1961,2.084
Seychelles,SYC,1962,2.197
Seychelles,SYC,1963,2.244
Seychelles,SYC,1964,2.325
Seychelles,SYC,1965,2.412
Seychelles,SYC,1966,2.441
Seychelles,SYC,1967,2.402
Seychelles,SYC,1968,2.346
Seychelles,SYC,1969,2.217
Seychelles,SYC,1970,2.146
Seychelles,SYC,1971,2.437
Seychelles,SYC,1972,2.468
Seychelles,SYC,1973,2.434
Seychelles,SYC,1974,2.442
Seychelles,SYC,1975,2.446
Seychelles,SYC,1976,2.477
Seychelles,SYC,1977,1.822
Seychelles,SYC,1978,0.919
Seychelles,SYC,1979,0.969
Seychelles,SYC,1980,1.025
Seychelles,SYC,1981,1.044
Seychelles,SYC,1982,1.039
Seychelles,SYC,1983,1.047
Seychelles,SYC,1984,1.057
Seychelles,SYC,1985,1.073
Seychelles,SYC,1986,1.042
Seychelles,SYC,1987,1.137
Seychelles,SYC,1988,1.295
Seychelles,SYC,1989,1.202
Seychelles,SYC,1990,1.152
Seychelles,SYC,1991,1.089
Seychelles,SYC,1992,1.039
Seychelles,SYC,1993,1.044
Seychelles,SYC,1994,1.174
Seychelles,SYC,1995,1.051
Seychelles,SYC,1996,0.877
Seychelles,SYC,1997,1.061
Seychelles,SYC,1998,1.609
Seychelles,SYC,1999,1.583
Seychelles,SYC,2000,1.556
Seychelles,SYC,2001,1.512
Seychelles,SYC,2002,1.426
Seychelles,SYC,2003,1.298
Seychelles,SYC,2004,1.263
Seychelles,SYC,2005,1.241
Seychelles,SYC,2006,1.224
Seychelles,SYC,2007,1.185
Seychelles,SYC,2008,1.162
Seychelles,SYC,2009,1.16
Seychelles,SYC,2010,1.685
Seychelles,SYC,2011,2.583
Seychelles,SYC,2012,2.544
Seychelles,SYC,2013,2.515
Seychelles,SYC,2014,2.443
Seychelles,SYC,2015,2.418
Seychelles,SYC,2016,2.358
Seychelles,SYC,2017,2.331
Seychelles,SYC,2018,2.265
Seychelles,SYC,2019,2.223
Seychelles,SYC,2020,2.216
Seychelles,SYC,2021,2.217
Seychelles,SYC,2022,1.867
Seychelles,SYC,2023,1.964
Sierra Leone,SLE,1950,1.169
Sierra Leone,SLE,1951,1.183
Sierra Leone,SLE,1952,1.168
Sierra Leone,SLE,1953,1.126
Sierra Leone,SLE,1954,1.203
Sierra Leone,SLE,1955,1.247
Sierra Leone,SLE,1956,1.291
Sierra Leone,SLE,1957,1.324
Sierra Leone,SLE,1958,1.287
Sierra Leone,SLE,1959,1.432
Sierra Leone,SLE,1960,1.528
Sierra Leone,SLE,1961,1.609
Sierra Leone,SLE,1962,1.663
Sierra Leone,SLE,1963,1.724
Sierra Leone,SLE,1964,1.781
Sierra Leone,SLE,1965,1.838
Sierra Leone,SLE,1966,1.852
Sierra Leone,SLE,1967,1.909
Sierra Leone,SLE,1968,1.891
Sierra Leone,SLE,1969,1.89
Sierra Leone,SLE,1970,1.901
Sierra Leone,SLE,1971,1.821
Sierra Leone,SLE,1972,1.848
Sierra Leone,SLE,1973,1.853
Sierra Leone,SLE,1974,1.845
Sierra Leone,SLE,1975,1.833
Sierra Leone,SLE,1976,1.777
Sierra Leone,SLE,1977,1.921
Sierra Leone,SLE,1978,1.942
Sierra Leone,SLE,1979,1.961
Sierra Leone,SLE,1980,2.026
Sierra Leone,SLE,1981,2.019
Sierra Leone,SLE,1982,2.085
Sierra Leone,SLE,1983,2.179
Sierra Leone,SLE,1984,2.202
Sierra Leone,SLE,1985,2.226
Sierra Leone,SLE,1986,2.653
Sierra Leone,SLE,1987,2.71
Sierra Leone,SLE,1988,2.69
Sierra Leone,SLE,1989,2.311
Sierra Leone,SLE,1990,5.538
Sierra Leone,SLE,1991,-3.144
Sierra Leone,SLE,1992,-0.632
Sierra Leone,SLE,1993,0.189
Sierra Leone,SLE,1994,0.578
Sierra Leone,SLE,1995,-0.286
Sierra Leone,SLE,1996,1.239
Sierra Leone,SLE,1997,1.34
Sierra Leone,SLE,1998,0.632
Sierra Leone,SLE,1999,0.402
Sierra Leone,SLE,2000,4.381
Sierra Leone,SLE,2001,7.343
Sierra Leone,SLE,2002,4.285
Sierra Leone,SLE,2003,3.854
Sierra Leone,SLE,2004,2.923
Sierra Leone,SLE,2005,2.462
Sierra Leone,SLE,2006,1.957
Sierra Leone,SLE,2007,2.43
Sierra Leone,SLE,2008,2.562
Sierra Leone,SLE,2009,2.821
Sierra Leone,SLE,2010,2.625
Sierra Leone,SLE,2011,2.595
Sierra Leone,SLE,2012,2.472
Sierra Leone,SLE,2013,2.443
Sierra Leone,SLE,2014,2.336
Sierra Leone,SLE,2015,2.301
Sierra Leone,SLE,2016,2.407
Sierra Leone,SLE,2017,2.365
Sierra Leone,SLE,2018,2.33
Sierra Leone,SLE,2019,2.313
Sierra Leone,SLE,2020,2.304
Sierra Leone,SLE,2021,2.246
Sierra Leone,SLE,2022,2.207
Sierra Leone,SLE,2023,2.184
Singapore,SGP,1950,5.244
Singapore,SGP,1951,5.274
Singapore,SGP,1952,5.311
Singapore,SGP,1953,5.312
Singapore,SGP,1954,5.308
Singapore,SGP,1955,5.261
Singapore,SGP,1956,5.178
Singapore,SGP,1957,4.295
Singapore,SGP,1958,3.45
Singapore,SGP,1959,3.302
Singapore,SGP,1960,3.173
Singapore,SGP,1961,3.048
Singapore,SGP,1962,2.935
Singapore,SGP,1963,2.831
Singapore,SGP,1964,2.732
Singapore,SGP,1965,2.617
Singapore,SGP,1966,2.479
Singapore,SGP,1967,2.32
Singapore,SGP,1968,2.15
Singapore,SGP,1969,1.994
Singapore,SGP,1970,1.812
Singapore,SGP,1971,1.685
Singapore,SGP,1972,1.661
Singapore,SGP,1973,1.621
Singapore,SGP,1974,1.531
Singapore,SGP,1975,1.441
Singapore,SGP,1976,1.38
Singapore,SGP,1977,1.28
Singapore,SGP,1978,1.197
Singapore,SGP,1979,1.124
Singapore,SGP,1980,2.947
Singapore,SGP,1981,4.614
Singapore,SGP,1982,2.833
Singapore,SGP,1983,1.589
Singapore,SGP,1984,1
Singapore,SGP,1985,0.037
Singapore,SGP,1986,0.664
Singapore,SGP,1987,2.002
Singapore,SGP,1988,2.779
Singapore,SGP,1989,3.405
Singapore,SGP,1990,3.35
Singapore,SGP,1991,2.92
Singapore,SGP,1992,2.751
Singapore,SGP,1993,2.836
Singapore,SGP,1994,3.095
Singapore,SGP,1995,3.562
Singapore,SGP,1996,3.712
Singapore,SGP,1997,3.375
Singapore,SGP,1998,2.089
Singapore,SGP,1999,1.23
Singapore,SGP,2000,2.195
Singapore,SGP,2001,1.78
Singapore,SGP,2002,-0.285
Singapore,SGP,2003,-0.133
Singapore,SGP,2004,1.786
Singapore,SGP,2005,2.733
Singapore,SGP,2006,3.647
Singapore,SGP,2007,4.748
Singapore,SGP,2008,4.209
Singapore,SGP,2009,2.443
Singapore,SGP,2010,1.881
Singapore,SGP,2011,2.218
Singapore,SGP,2012,2.026
Singapore,SGP,2013,1.434
Singapore,SGP,2014,1.235
Singapore,SGP,2015,1.222
Singapore,SGP,2016,0.676
Singapore,SGP,2017,0.261
Singapore,SGP,2018,0.816
Singapore,SGP,2019,0.431
Singapore,SGP,2020,-2.193
Singapore,SGP,2021,-0.441
Singapore,SGP,2022,4.101
Singapore,SGP,2023,0.807
Sint Maarten (Dutch part),SXM,1950,7.175
Sint Maarten (Dutch part),SXM,1951,6.57
Sint Maarten (Dutch part),SXM,1952,5.282
Sint Maarten (Dutch part),SXM,1953,5.41
Sint Maarten (Dutch part),SXM,1954,5.398
Sint Maarten (Dutch part),SXM,1955,6.623
Sint Maarten (Dutch part),SXM,1956,6.165
Sint Maarten (Dutch part),SXM,1957,6.772
Sint Maarten (Dutch part),SXM,1958,6.342
Sint Maarten (Dutch part),SXM,1959,6.31
Sint Maarten (Dutch part),SXM,1960,8.441
Sint Maarten (Dutch part),SXM,1961,9.47
Sint Maarten (Dutch part),SXM,1962,9.443
Sint Maarten (Dutch part),SXM,1963,9.27
Sint Maarten (Dutch part),SXM,1964,8.801
Sint Maarten (Dutch part),SXM,1965,8.762
Sint Maarten (Dutch part),SXM,1966,8.324
Sint Maarten (Dutch part),SXM,1967,8.387
Sint Maarten (Dutch part),SXM,1968,7.912
Sint Maarten (Dutch part),SXM,1969,7.738
Sint Maarten (Dutch part),SXM,1970,7.362
Sint Maarten (Dutch part),SXM,1971,6.913
Sint Maarten (Dutch part),SXM,1972,6.899
Sint Maarten (Dutch part),SXM,1973,7.115
Sint Maarten (Dutch part),SXM,1974,6.938
Sint Maarten (Dutch part),SXM,1975,6.744
Sint Maarten (Dutch part),SXM,1976,6.497
Sint Maarten (Dutch part),SXM,1977,6.438
Sint Maarten (Dutch part),SXM,1978,6.171
Sint Maarten (Dutch part),SXM,1979,5.87
Sint Maarten (Dutch part),SXM,1980,5.529
Sint Maarten (Dutch part),SXM,1981,8.259
Sint Maarten (Dutch part),SXM,1982,10.354
Sint Maarten (Dutch part),SXM,1983,9.565
Sint Maarten (Dutch part),SXM,1984,8.936
Sint Maarten (Dutch part),SXM,1985,8.371
Sint Maarten (Dutch part),SXM,1986,7.959
Sint Maarten (Dutch part),SXM,1987,7.56
Sint Maarten (Dutch part),SXM,1988,7.266
Sint Maarten (Dutch part),SXM,1989,7.095
Sint Maarten (Dutch part),SXM,1990,6.873
Sint Maarten (Dutch part),SXM,1991,6.796
Sint Maarten (Dutch part),SXM,1992,3.178
Sint Maarten (Dutch part),SXM,1993,-0.272
Sint Maarten (Dutch part),SXM,1994,-0.407
Sint Maarten (Dutch part),SXM,1995,-0.504
Sint Maarten (Dutch part),SXM,1996,-0.598
Sint Maarten (Dutch part),SXM,1997,-0.634
Sint Maarten (Dutch part),SXM,1998,-0.712
Sint Maarten (Dutch part),SXM,1999,-0.681
Sint Maarten (Dutch part),SXM,2000,-0.634
Sint Maarten (Dutch part),SXM,2001,0.325
Sint Maarten (Dutch part),SXM,2002,1.192
Sint Maarten (Dutch part),SXM,2003,1.162
Sint Maarten (Dutch part),SXM,2004,1.142
Sint Maarten (Dutch part),SXM,2005,1.164
Sint Maarten (Dutch part),SXM,2006,1.138
Sint Maarten (Dutch part),SXM,2007,1.083
Sint Maarten (Dutch part),SXM,2008,1.068
Sint Maarten (Dutch part),SXM,2009,1.009
Sint Maarten (Dutch part),SXM,2010,0.796
Sint Maarten (Dutch part),SXM,2011,1.973
Sint Maarten (Dutch part),SXM,2012,2.384
Sint Maarten (Dutch part),SXM,2013,2.309
Sint Maarten (Dutch part),SXM,2014,2.201
Sint Maarten (Dutch part),SXM,2015,2.116
Sint Maarten (Dutch part),SXM,2016,1.992
Sint Maarten (Dutch part),SXM,2017,1.88
Sint Maarten (Dutch part),SXM,2018,1.758
Sint Maarten (Dutch part),SXM,2019,1.602
Sint Maarten (Dutch part),SXM,2020,1.461
Sint Maarten (Dutch part),SXM,2021,1.27
Sint Maarten (Dutch part),SXM,2022,1.441
Sint Maarten (Dutch part),SXM,2023,1.436
Slovakia,SVK,1950,1.579
Slovakia,SVK,1951,1.831
Slovakia,SVK,1952,1.905
Slovakia,SVK,1953,1.858
Slovakia,SVK,1954,1.821
Slovakia,SVK,1955,1.863
Slovakia,SVK,1956,1.838
Slovakia,SVK,1957,1.677
Slovakia,SVK,1958,1.641
Slovakia,SVK,1959,1.433
Slovakia,SVK,1960,1.486
Slovakia,SVK,1961,1.446
Slovakia,SVK,1962,0.953
Slovakia,SVK,1963,1.051
Slovakia,SVK,1964,1.033
Slovakia,SVK,1965,0.89
Slovakia,SVK,1966,0.806
Slovakia,SVK,1967,0.729
Slovakia,SVK,1968,0.635
Slovakia,SVK,1969,0.642
Slovakia,SVK,1970,0.725
Slovakia,SVK,1971,0.796
Slovakia,SVK,1972,0.924
Slovakia,SVK,1973,0.975
Slovakia,SVK,1974,1.038
Slovakia,SVK,1975,1.021
Slovakia,SVK,1976,1.051
Slovakia,SVK,1977,0.994
Slovakia,SVK,1978,0.981
Slovakia,SVK,1979,0.963
Slovakia,SVK,1980,0.782
Slovakia,SVK,1981,0.751
Slovakia,SVK,1982,0.713
Slovakia,SVK,1983,0.654
Slovakia,SVK,1984,0.637
Slovakia,SVK,1985,0.601
Slovakia,SVK,1986,0.519
Slovakia,SVK,1987,0.474
Slovakia,SVK,1988,0.438
Slovakia,SVK,1989,0.335
Slovakia,SVK,1990,0.279
Slovakia,SVK,1991,0.433
Slovakia,SVK,1992,0.381
Slovakia,SVK,1993,0.368
Slovakia,SVK,1994,0.264
Slovakia,SVK,1995,0.149
Slovakia,SVK,1996,0.155
Slovakia,SVK,1997,0.119
Slovakia,SVK,1998,0.068
Slovakia,SVK,1999,0.055
Slovakia,SVK,2000,0.015
Slovakia,SVK,2001,-0.036
Slovakia,SVK,2002,-0.029
Slovakia,SVK,2003,-0.027
Slovakia,SVK,2004,0.021
Slovakia,SVK,2005,0.004
Slovakia,SVK,2006,0.002
Slovakia,SVK,2007,0.004
Slovakia,SVK,2008,0.075
Slovakia,SVK,2009,0.146
Slovakia,SVK,2010,0.106
Slovakia,SVK,2011,0.126
Slovakia,SVK,2012,0.124
Slovakia,SVK,2013,0.081
Slovakia,SVK,2014,0.096
Slovakia,SVK,2015,0.09
Slovakia,SVK,2016,0.167
Slovakia,SVK,2017,0.143
Slovakia,SVK,2018,0.133
Slovakia,SVK,2019,0.138
Slovakia,SVK,2020,0.023
Slovakia,SVK,2021,-0.474
Slovakia,SVK,2022,1.584
Slovakia,SVK,2023,0.055
Slovenia,SVN,1950,1.12
Slovenia,SVN,1951,1.131
Slovenia,SVN,1952,1.171
Slovenia,SVN,1953,1.232
Slovenia,SVN,1954,1.164
Slovenia,SVN,1955,1.072
Slovenia,SVN,1956,1.023
Slovenia,SVN,1957,0.954
Slovenia,SVN,1958,0.878
Slovenia,SVN,1959,0.834
Slovenia,SVN,1960,0.788
Slovenia,SVN,1961,0.885
Slovenia,SVN,1962,0.901
Slovenia,SVN,1963,0.85
Slovenia,SVN,1964,0.832
Slovenia,SVN,1965,0.843
Slovenia,SVN,1966,0.859
Slovenia,SVN,1967,0.819
Slovenia,SVN,1968,0.708
Slovenia,SVN,1969,0.657
Slovenia,SVN,1970,0.632
Slovenia,SVN,1971,0.839
Slovenia,SVN,1972,0.923
Slovenia,SVN,1973,0.919
Slovenia,SVN,1974,0.918
Slovenia,SVN,1975,0.913
Slovenia,SVN,1976,0.923
Slovenia,SVN,1977,0.918
Slovenia,SVN,1978,0.931
Slovenia,SVN,1979,0.922
Slovenia,SVN,1980,0.89
Slovenia,SVN,1981,0.319
Slovenia,SVN,1982,0.035
Slovenia,SVN,1983,0.525
Slovenia,SVN,1984,0.445
Slovenia,SVN,1985,0.46
Slovenia,SVN,1986,1.924
Slovenia,SVN,1987,0.431
Slovenia,SVN,1988,0.122
Slovenia,SVN,1989,0.073
Slovenia,SVN,1990,0.182
Slovenia,SVN,1991,-0.063
Slovenia,SVN,1992,-0.271
Slovenia,SVN,1993,-0.236
Slovenia,SVN,1994,-0.02
Slovenia,SVN,1995,0.003
Slovenia,SVN,1996,-0.134
Slovenia,SVN,1997,-0.107
Slovenia,SVN,1998,-0.331
Slovenia,SVN,1999,0.444
Slovenia,SVN,2000,0.123
Slovenia,SVN,2001,0.165
Slovenia,SVN,2002,0.025
Slovenia,SVN,2003,0.067
Slovenia,SVN,2004,0.039
Slovenia,SVN,2005,0.299
Slovenia,SVN,2006,0.321
Slovenia,SVN,2007,0.777
Slovenia,SVN,2008,0.306
Slovenia,SVN,2009,0.729
Slovenia,SVN,2010,0.155
Slovenia,SVN,2011,0.255
Slovenia,SVN,2012,0.186
Slovenia,SVN,2013,0.118
Slovenia,SVN,2014,0.073
Slovenia,SVN,2015,0.078
Slovenia,SVN,2016,0.061
Slovenia,SVN,2017,0.04
Slovenia,SVN,2018,0.644
Slovenia,SVN,2019,0.701
Slovenia,SVN,2020,1.111
Slovenia,SVN,2021,-0.057
Slovenia,SVN,2022,0.221
Slovenia,SVN,2023,0.078
Solomon Islands,SLB,1950,2.036
Solomon Islands,SLB,1951,2.195
Solomon Islands,SLB,1952,2.314
Solomon Islands,SLB,1953,2.426
Solomon Islands,SLB,1954,2.505
Solomon Islands,SLB,1955,2.598
Solomon Islands,SLB,1956,2.502
Solomon Islands,SLB,1957,2.743
Solomon Islands,SLB,1958,2.815
Solomon Islands,SLB,1959,2.879
Solomon Islands,SLB,1960,2.295
Solomon Islands,SLB,1961,2.269
Solomon Islands,SLB,1962,2.282
Solomon Islands,SLB,1963,2.3
Solomon Islands,SLB,1964,2.32
Solomon Islands,SLB,1965,2.33
Solomon Islands,SLB,1966,2.346
Solomon Islands,SLB,1967,2.399
Solomon Islands,SLB,1968,2.457
Solomon Islands,SLB,1969,2.467
Solomon Islands,SLB,1970,2.237
Solomon Islands,SLB,1971,2.306
Solomon Islands,SLB,1972,2.46
Solomon Islands,SLB,1973,2.64
Solomon Islands,SLB,1974,2.832
Solomon Islands,SLB,1975,2.932
Solomon Islands,SLB,1976,3.385
Solomon Islands,SLB,1977,3.469
Solomon Islands,SLB,1978,3.506
Solomon Islands,SLB,1979,3.507
Solomon Islands,SLB,1980,3.486
Solomon Islands,SLB,1981,3.464
Solomon Islands,SLB,1982,3.428
Solomon Islands,SLB,1983,3.404
Solomon Islands,SLB,1984,3.368
Solomon Islands,SLB,1985,3.324
Solomon Islands,SLB,1986,3.216
Solomon Islands,SLB,1987,3.238
Solomon Islands,SLB,1988,3.195
Solomon Islands,SLB,1989,3.141
Solomon Islands,SLB,1990,3.083
Solomon Islands,SLB,1991,3.041
Solomon Islands,SLB,1992,2.993
Solomon Islands,SLB,1993,2.956
Solomon Islands,SLB,1994,2.93
Solomon Islands,SLB,1995,2.903
Solomon Islands,SLB,1996,2.875
Solomon Islands,SLB,1997,2.834
Solomon Islands,SLB,1998,2.779
Solomon Islands,SLB,1999,2.605
Solomon Islands,SLB,2000,1.98
Solomon Islands,SLB,2001,1.913
Solomon Islands,SLB,2002,1.858
Solomon Islands,SLB,2003,1.816
Solomon Islands,SLB,2004,1.781
Solomon Islands,SLB,2005,1.757
Solomon Islands,SLB,2006,1.737
Solomon Islands,SLB,2007,1.717
Solomon Islands,SLB,2008,1.707
Solomon Islands,SLB,2009,1.934
Solomon Islands,SLB,2010,3.685
Solomon Islands,SLB,2011,3.675
Solomon Islands,SLB,2012,3.662
Solomon Islands,SLB,2013,3.643
Solomon Islands,SLB,2014,3.608
Solomon Islands,SLB,2015,3.56
Solomon Islands,SLB,2016,3.498
Solomon Islands,SLB,2017,3.416
Solomon Islands,SLB,2018,3.306
Solomon Islands,SLB,2019,2.012
Solomon Islands,SLB,2020,2.425
Solomon Islands,SLB,2021,2.378
Solomon Islands,SLB,2022,2.409
Solomon Islands,SLB,2023,2.383
Somalia,SOM,1950,2.871
Somalia,SOM,1951,2.793
Somalia,SOM,1952,2.716
Somalia,SOM,1953,2.625
Somalia,SOM,1954,2.61
Somalia,SOM,1955,2.586
Somalia,SOM,1956,2.569
Somalia,SOM,1957,2.548
Somalia,SOM,1958,2.469
Somalia,SOM,1959,2.564
Somalia,SOM,1960,2.594
Somalia,SOM,1961,2.603
Somalia,SOM,1962,2.615
Somalia,SOM,1963,2.614
Somalia,SOM,1964,2.617
Somalia,SOM,1965,2.642
Somalia,SOM,1966,2.611
Somalia,SOM,1967,2.634
Somalia,SOM,1968,2.626
Somalia,SOM,1969,2.63
Somalia,SOM,1970,2.652
Somalia,SOM,1971,2.589
Somalia,SOM,1972,2.643
Somalia,SOM,1973,2.674
Somalia,SOM,1974,2.513
Somalia,SOM,1975,2.515
Somalia,SOM,1976,2.508
Somalia,SOM,1977,2.832
Somalia,SOM,1978,11.116
Somalia,SOM,1979,13.486
Somalia,SOM,1980,4.049
Somalia,SOM,1981,-2.456
Somalia,SOM,1982,3.147
Somalia,SOM,1983,3.231
Somalia,SOM,1984,4.04
Somalia,SOM,1985,4.037
Somalia,SOM,1986,4.199
Somalia,SOM,1987,2.963
Somalia,SOM,1988,-2.765
Somalia,SOM,1989,-0.576
Somalia,SOM,1990,-0.325
Somalia,SOM,1991,-7.563
Somalia,SOM,1992,-1.881
Somalia,SOM,1993,7.409
Somalia,SOM,1994,2.79
Somalia,SOM,1995,4.399
Somalia,SOM,1996,2.893
Somalia,SOM,1997,4.11
Somalia,SOM,1998,4.172
Somalia,SOM,1999,3.923
Somalia,SOM,2000,4.076
Somalia,SOM,2001,3.907
Somalia,SOM,2002,3.6
Somalia,SOM,2003,3.779
Somalia,SOM,2004,3.592
Somalia,SOM,2005,3.356
Somalia,SOM,2006,2.783
Somalia,SOM,2007,3.434
Somalia,SOM,2008,2.506
Somalia,SOM,2009,2.542
Somalia,SOM,2010,2.423
Somalia,SOM,2011,-0.996
Somalia,SOM,2012,2.79
Somalia,SOM,2013,3.647
Somalia,SOM,2014,3.528
Somalia,SOM,2015,3.364
Somalia,SOM,2016,4.316
Somalia,SOM,2017,3.464
Somalia,SOM,2018,3.593
Somalia,SOM,2019,3.755
Somalia,SOM,2020,3.835
Somalia,SOM,2021,3.485
Somalia,SOM,2022,2.579
Somalia,SOM,2023,3.565
South Africa,ZAF,1950,2.006
South Africa,ZAF,1951,2.1
South Africa,ZAF,1952,2.159
South Africa,ZAF,1953,2.168
South Africa,ZAF,1954,2.257
South Africa,ZAF,1955,2.33
South Africa,ZAF,1956,2.393
South Africa,ZAF,1957,2.442
South Africa,ZAF,1958,2.426
South Africa,ZAF,1959,2.562
South Africa,ZAF,1960,2.677
South Africa,ZAF,1961,2.931
South Africa,ZAF,1962,3.017
South Africa,ZAF,1963,3.045
South Africa,ZAF,1964,3.063
South Africa,ZAF,1965,3.086
South Africa,ZAF,1966,3.11
South Africa,ZAF,1967,3.129
South Africa,ZAF,1968,3.105
South Africa,ZAF,1969,3.072
South Africa,ZAF,1970,2.992
South Africa,ZAF,1971,2.867
South Africa,ZAF,1972,2.867
South Africa,ZAF,1973,2.851
South Africa,ZAF,1974,2.789
South Africa,ZAF,1975,2.751
South Africa,ZAF,1976,2.661
South Africa,ZAF,1977,2.746
South Africa,ZAF,1978,2.714
South Africa,ZAF,1979,2.699
South Africa,ZAF,1980,3.376
South Africa,ZAF,1981,3.431
South Africa,ZAF,1982,3.482
South Africa,ZAF,1983,3.504
South Africa,ZAF,1984,3.422
South Africa,ZAF,1985,3.25
South Africa,ZAF,1986,3.146
South Africa,ZAF,1987,3.09
South Africa,ZAF,1988,3.003
South Africa,ZAF,1989,2.878
South Africa,ZAF,1990,2.688
South Africa,ZAF,1991,1.891
South Africa,ZAF,1992,1.704
South Africa,ZAF,1993,2.273
South Africa,ZAF,1994,0.977
South Africa,ZAF,1995,1.448
South Africa,ZAF,1996,1.148
South Africa,ZAF,1997,1.248
South Africa,ZAF,1998,1.178
South Africa,ZAF,1999,1.003
South Africa,ZAF,2000,0.827
South Africa,ZAF,2001,0.891
South Africa,ZAF,2002,1.002
South Africa,ZAF,2003,0.991
South Africa,ZAF,2004,1.024
South Africa,ZAF,2005,1.002
South Africa,ZAF,2006,1.042
South Africa,ZAF,2007,1.068
South Africa,ZAF,2008,1.237
South Africa,ZAF,2009,1.152
South Africa,ZAF,2010,1.214
South Africa,ZAF,2011,1.258
South Africa,ZAF,2012,1.688
South Africa,ZAF,2013,1.618
South Africa,ZAF,2014,1.704
South Africa,ZAF,2015,2.309
South Africa,ZAF,2016,-0.415
South Africa,ZAF,2017,1.716
South Africa,ZAF,2018,1.649
South Africa,ZAF,2019,1.65
South Africa,ZAF,2020,1.595
South Africa,ZAF,2021,1.487
South Africa,ZAF,2022,1.342
South Africa,ZAF,2023,1.315
South Korea,KOR,1950,0.002
South Korea,KOR,1951,1.122
South Korea,KOR,1952,2.466
South Korea,KOR,1953,2.85
South Korea,KOR,1954,3.215
South Korea,KOR,1955,3.302
South Korea,KOR,1956,3.358
South Korea,KOR,1957,3.401
South Korea,KOR,1958,3.358
South Korea,KOR,1959,3.269
South Korea,KOR,1960,3.092
South Korea,KOR,1961,2.487
South Korea,KOR,1962,2.344
South Korea,KOR,1963,2.231
South Korea,KOR,1964,1.987
South Korea,KOR,1965,1.734
South Korea,KOR,1966,2.062
South Korea,KOR,1967,2.243
South Korea,KOR,1968,2.166
South Korea,KOR,1969,2.134
South Korea,KOR,1970,2.148
South Korea,KOR,1971,2.095
South Korea,KOR,1972,2.054
South Korea,KOR,1973,1.969
South Korea,KOR,1974,1.82
South Korea,KOR,1975,1.488
South Korea,KOR,1976,1.305
South Korea,KOR,1977,1.229
South Korea,KOR,1978,1.137
South Korea,KOR,1979,1.151
South Korea,KOR,1980,1.118
South Korea,KOR,1981,1.731
South Korea,KOR,1982,1.687
South Korea,KOR,1983,1.564
South Korea,KOR,1984,1.402
South Korea,KOR,1985,1.293
South Korea,KOR,1986,1.455
South Korea,KOR,1987,1.418
South Korea,KOR,1988,1.402
South Korea,KOR,1989,1.383
South Korea,KOR,1990,1.16
South Korea,KOR,1991,0.459
South Korea,KOR,1992,0.504
South Korea,KOR,1993,0.541
South Korea,KOR,1994,0.539
South Korea,KOR,1995,0.511
South Korea,KOR,1996,0.676
South Korea,KOR,1997,0.647
South Korea,KOR,1998,0.609
South Korea,KOR,1999,0.554
South Korea,KOR,2000,0.588
South Korea,KOR,2001,0.592
South Korea,KOR,2002,0.492
South Korea,KOR,2003,0.415
South Korea,KOR,2004,0.353
South Korea,KOR,2005,0.294
South Korea,KOR,2006,0.352
South Korea,KOR,2007,0.361
South Korea,KOR,2008,0.378
South Korea,KOR,2009,0.407
South Korea,KOR,2010,0.508
South Korea,KOR,2011,0.955
South Korea,KOR,2012,0.957
South Korea,KOR,2013,0.935
South Korea,KOR,2014,0.925
South Korea,KOR,2015,0.828
South Korea,KOR,2016,0.401
South Korea,KOR,2017,0.333
South Korea,KOR,2018,0.267
South Korea,KOR,2019,0.224
South Korea,KOR,2020,0.126
South Korea,KOR,2021,-0.165
South Korea,KOR,2022,-0.089
South Korea,KOR,2023,-0.041
South Sudan,SSD,1950,1.385
South Sudan,SSD,1951,1.508
South Sudan,SSD,1952,1.597
South Sudan,SSD,1953,1.685
South Sudan,SSD,1954,1.758
South Sudan,SSD,1955,1.821
South Sudan,SSD,1956,1.806
South Sudan,SSD,1957,1.757
South Sudan,SSD,1958,1.378
South Sudan,SSD,1959,1.44
South Sudan,SSD,1960,1.499
South Sudan,SSD,1961,1.558
South Sudan,SSD,1962,1.613
South Sudan,SSD,1963,1.56
South Sudan,SSD,1964,2.127
South Sudan,SSD,1965,1.67
South Sudan,SSD,1966,1.233
South Sudan,SSD,1967,1.298
South Sudan,SSD,1968,1.361
South Sudan,SSD,1969,1.272
South Sudan,SSD,1970,1.33
South Sudan,SSD,1971,2.096
South Sudan,SSD,1972,2.117
South Sudan,SSD,1973,2.613
South Sudan,SSD,1974,2.605
South Sudan,SSD,1975,2.603
South Sudan,SSD,1976,2.584
South Sudan,SSD,1977,2.557
South Sudan,SSD,1978,2.528
South Sudan,SSD,1979,2.494
South Sudan,SSD,1980,2.473
South Sudan,SSD,1981,2.455
South Sudan,SSD,1982,2.45
South Sudan,SSD,1983,2.062
South Sudan,SSD,1984,1.726
South Sudan,SSD,1985,1.766
South Sudan,SSD,1986,1.799
South Sudan,SSD,1987,-0.125
South Sudan,SSD,1988,-4.591
South Sudan,SSD,1989,-0.999
South Sudan,SSD,1990,2.024
South Sudan,SSD,1991,2.113
South Sudan,SSD,1992,0.895
South Sudan,SSD,1993,0.98
South Sudan,SSD,1994,3.586
South Sudan,SSD,1995,2.44
South Sudan,SSD,1996,2.514
South Sudan,SSD,1997,3.081
South Sudan,SSD,1998,0.928
South Sudan,SSD,1999,4.349
South Sudan,SSD,2000,4.481
South Sudan,SSD,2001,4.47
South Sudan,SSD,2002,4.471
South Sudan,SSD,2003,4.604
South Sudan,SSD,2004,4.73
South Sudan,SSD,2005,4.904
South Sudan,SSD,2006,5.024
South Sudan,SSD,2007,5.054
South Sudan,SSD,2008,4.921
South Sudan,SSD,2009,4.523
South Sudan,SSD,2010,6.023
South Sudan,SSD,2011,4.837
South Sudan,SSD,2012,4.08
South Sudan,SSD,2013,3.415
South Sudan,SSD,2014,-2.169
South Sudan,SSD,2015,-0.102
South Sudan,SSD,2016,-5.021
South Sudan,SSD,2017,-5.833
South Sudan,SSD,2018,3.22
South Sudan,SSD,2019,2.637
South Sudan,SSD,2020,2.573
South Sudan,SSD,2021,0.546
South Sudan,SSD,2022,2.281
South Sudan,SSD,2023,5.862
Spain,ESP,1950,0.438
Spain,ESP,1951,0.541
Spain,ESP,1952,0.809
Spain,ESP,1953,0.781
Spain,ESP,1954,0.785
Spain,ESP,1955,0.816
Spain,ESP,1956,0.786
Spain,ESP,1957,0.886
Spain,ESP,1958,0.996
Spain,ESP,1959,0.945
Spain,ESP,1960,0.802
Spain,ESP,1961,1.126
Spain,ESP,1962,1.081
Spain,ESP,1963,1.096
Spain,ESP,1964,1.196
Spain,ESP,1965,1.117
Spain,ESP,1966,1.084
Spain,ESP,1967,1.09
Spain,ESP,1968,1.028
Spain,ESP,1969,0.934
Spain,ESP,1970,0.943
Spain,ESP,1971,1.085
Spain,ESP,1972,1.141
Spain,ESP,1973,1.085
Spain,ESP,1974,1.39
Spain,ESP,1975,1.052
Spain,ESP,1976,1.063
Spain,ESP,1977,1
Spain,ESP,1978,0.926
Spain,ESP,1979,0.83
Spain,ESP,1980,0.814
Spain,ESP,1981,0.648
Spain,ESP,1982,0.588
Spain,ESP,1983,0.493
Spain,ESP,1984,0.468
Spain,ESP,1985,0.382
Spain,ESP,1986,0.313
Spain,ESP,1987,0.287
Spain,ESP,1988,0.229
Spain,ESP,1989,0.168
Spain,ESP,1990,0.116
Spain,ESP,1991,0.48
Spain,ESP,1992,0.631
Spain,ESP,1993,0.539
Spain,ESP,1994,0.503
Spain,ESP,1995,0.468
Spain,ESP,1996,0.452
Spain,ESP,1997,0.473
Spain,ESP,1998,0.483
Spain,ESP,1999,0.477
Spain,ESP,2000,0.534
Spain,ESP,2001,0.564
Spain,ESP,2002,1.886
Spain,ESP,2003,1.68
Spain,ESP,2004,1.716
Spain,ESP,2005,1.607
Spain,ESP,2006,1.715
Spain,ESP,2007,1.924
Spain,ESP,2008,1.214
Spain,ESP,2009,0.512
Spain,ESP,2010,0.367
Spain,ESP,2011,0.305
Spain,ESP,2012,-0.219
Spain,ESP,2013,-0.455
Spain,ESP,2014,-0.144
Spain,ESP,2015,-0.012
Spain,ESP,2016,0.222
Spain,ESP,2017,0.358
Spain,ESP,2018,0.596
Spain,ESP,2019,0.851
Spain,ESP,2020,0.178
Spain,ESP,2021,0.058
Spain,ESP,2022,0.33
Spain,ESP,2023,0.018
Sri Lanka,LKA,1950,1.79
Sri Lanka,LKA,1951,1.894
Sri Lanka,LKA,1952,1.969
Sri Lanka,LKA,1953,2.023
Sri Lanka,LKA,1954,2.062
Sri Lanka,LKA,1955,2.095
Sri Lanka,LKA,1956,2.125
Sri Lanka,LKA,1957,2.227
Sri Lanka,LKA,1958,2.337
Sri Lanka,LKA,1959,2.412
Sri Lanka,LKA,1960,2.433
Sri Lanka,LKA,1961,2.434
Sri Lanka,LKA,1962,2.443
Sri Lanka,LKA,1963,2.451
Sri Lanka,LKA,1964,2.459
Sri Lanka,LKA,1965,2.429
Sri Lanka,LKA,1966,2.403
Sri Lanka,LKA,1967,2.427
Sri Lanka,LKA,1968,2.381
Sri Lanka,LKA,1969,2.298
Sri Lanka,LKA,1970,2.201
Sri Lanka,LKA,1971,2.065
Sri Lanka,LKA,1972,1.994
Sri Lanka,LKA,1973,1.899
Sri Lanka,LKA,1974,1.816
Sri Lanka,LKA,1975,1.808
Sri Lanka,LKA,1976,1.816
Sri Lanka,LKA,1977,1.813
Sri Lanka,LKA,1978,1.865
Sri Lanka,LKA,1979,1.866
Sri Lanka,LKA,1980,1.782
Sri Lanka,LKA,1981,1.578
Sri Lanka,LKA,1982,0.89
Sri Lanka,LKA,1983,0.445
Sri Lanka,LKA,1984,0.244
Sri Lanka,LKA,1985,1.074
Sri Lanka,LKA,1986,1.318
Sri Lanka,LKA,1987,1.026
Sri Lanka,LKA,1988,1
Sri Lanka,LKA,1989,1.102
Sri Lanka,LKA,1990,0.176
Sri Lanka,LKA,1991,1.318
Sri Lanka,LKA,1992,1.857
Sri Lanka,LKA,1993,1.542
Sri Lanka,LKA,1994,1.373
Sri Lanka,LKA,1995,1.932
Sri Lanka,LKA,1996,1.913
Sri Lanka,LKA,1997,1.884
Sri Lanka,LKA,1998,1.892
Sri Lanka,LKA,1999,1.825
Sri Lanka,LKA,2000,1.819
Sri Lanka,LKA,2001,1.345
Sri Lanka,LKA,2002,0.743
Sri Lanka,LKA,2003,0.724
Sri Lanka,LKA,2004,0.636
Sri Lanka,LKA,2005,0.643
Sri Lanka,LKA,2006,0.696
Sri Lanka,LKA,2007,0.676
Sri Lanka,LKA,2008,0.655
Sri Lanka,LKA,2009,0.573
Sri Lanka,LKA,2010,0.605
Sri Lanka,LKA,2011,0.636
Sri Lanka,LKA,2012,0.884
Sri Lanka,LKA,2013,0.897
Sri Lanka,LKA,2014,0.862
Sri Lanka,LKA,2015,0.825
Sri Lanka,LKA,2016,0.832
Sri Lanka,LKA,2017,0.775
Sri Lanka,LKA,2018,0.719
Sri Lanka,LKA,2019,0.691
Sri Lanka,LKA,2020,0.654
Sri Lanka,LKA,2021,0.571
Sri Lanka,LKA,2022,0.612
Sri Lanka,LKA,2023,0.582
Sudan,SDN,1950,2.949
Sudan,SDN,1951,2.977
Sudan,SDN,1952,2.974
Sudan,SDN,1953,2.946
Sudan,SDN,1954,2.987
Sudan,SDN,1955,3.007
Sudan,SDN,1956,3.025
Sudan,SDN,1957,3.039
Sudan,SDN,1958,2.993
Sudan,SDN,1959,3.104
Sudan,SDN,1960,3.162
Sudan,SDN,1961,3.202
Sudan,SDN,1962,3.271
Sudan,SDN,1963,3.324
Sudan,SDN,1964,3.354
Sudan,SDN,1965,3.39
Sudan,SDN,1966,3.383
Sudan,SDN,1967,3.423
Sudan,SDN,1968,3.423
Sudan,SDN,1969,3.436
Sudan,SDN,1970,3.467
Sudan,SDN,1971,3.421
Sudan,SDN,1972,3.437
Sudan,SDN,1973,4.693
Sudan,SDN,1974,3.317
Sudan,SDN,1975,3.681
Sudan,SDN,1976,3.378
Sudan,SDN,1977,3.591
Sudan,SDN,1978,4.302
Sudan,SDN,1979,3.948
Sudan,SDN,1980,4.465
Sudan,SDN,1981,3.835
Sudan,SDN,1982,3.951
Sudan,SDN,1983,2.7
Sudan,SDN,1984,1.83
Sudan,SDN,1985,1.814
Sudan,SDN,1986,1.99
Sudan,SDN,1987,2.075
Sudan,SDN,1988,2.069
Sudan,SDN,1989,2.047
Sudan,SDN,1990,2.021
Sudan,SDN,1991,2.017
Sudan,SDN,1992,2.007
Sudan,SDN,1993,2.458
Sudan,SDN,1994,2.58
Sudan,SDN,1995,2.578
Sudan,SDN,1996,1.913
Sudan,SDN,1997,2.535
Sudan,SDN,1998,2.512
Sudan,SDN,1999,2.502
Sudan,SDN,2000,2.493
Sudan,SDN,2001,2.478
Sudan,SDN,2002,2.455
Sudan,SDN,2003,2.065
Sudan,SDN,2004,2.304
Sudan,SDN,2005,2.264
Sudan,SDN,2006,2.352
Sudan,SDN,2007,2.415
Sudan,SDN,2008,2.762
Sudan,SDN,2009,2.782
Sudan,SDN,2010,2.058
Sudan,SDN,2011,2.003
Sudan,SDN,2012,2.277
Sudan,SDN,2013,2.341
Sudan,SDN,2014,3.067
Sudan,SDN,2015,3.028
Sudan,SDN,2016,3.052
Sudan,SDN,2017,3.863
Sudan,SDN,2018,3.127
Sudan,SDN,2019,2.749
Sudan,SDN,2020,2.629
Sudan,SDN,2021,2.758
Sudan,SDN,2022,2.647
Sudan,SDN,2023,0.023
Suriname,SUR,1950,2.086
Suriname,SUR,1951,2.892
Suriname,SUR,1952,2.859
Suriname,SUR,1953,2.882
Suriname,SUR,1954,2.928
Suriname,SUR,1955,2.995
Suriname,SUR,1956,3.08
Suriname,SUR,1957,3.147
Suriname,SUR,1958,3.221
Suriname,SUR,1959,3.266
Suriname,SUR,1960,3.306
Suriname,SUR,1961,3.307
Suriname,SUR,1962,4.658
Suriname,SUR,1963,4.385
Suriname,SUR,1964,3.557
Suriname,SUR,1965,3.416
Suriname,SUR,1966,3.425
Suriname,SUR,1967,3.429
Suriname,SUR,1968,3.42
Suriname,SUR,1969,3.394
Suriname,SUR,1970,3.326
Suriname,SUR,1971,3.154
Suriname,SUR,1972,-0.352
Suriname,SUR,1973,-0.475
Suriname,SUR,1974,-0.587
Suriname,SUR,1975,-0.691
Suriname,SUR,1976,-0.788
Suriname,SUR,1977,-0.879
Suriname,SUR,1978,-0.981
Suriname,SUR,1979,-1.074
Suriname,SUR,1980,-0.105
Suriname,SUR,1981,0.148
Suriname,SUR,1982,0.434
Suriname,SUR,1983,0.725
Suriname,SUR,1984,1.086
Suriname,SUR,1985,1.398
Suriname,SUR,1986,1.353
Suriname,SUR,1987,0.971
Suriname,SUR,1988,1.686
Suriname,SUR,1989,1.367
Suriname,SUR,1990,0.627
Suriname,SUR,1991,0.592
Suriname,SUR,1992,0.646
Suriname,SUR,1993,0.197
Suriname,SUR,1994,1.235
Suriname,SUR,1995,2.152
Suriname,SUR,1996,2.098
Suriname,SUR,1997,2.069
Suriname,SUR,1998,2.057
Suriname,SUR,1999,2.059
Suriname,SUR,2000,2.064
Suriname,SUR,2001,2.054
Suriname,SUR,2002,2.012
Suriname,SUR,2003,1.923
Suriname,SUR,2004,1.027
Suriname,SUR,2005,1.059
Suriname,SUR,2006,1.118
Suriname,SUR,2007,1.162
Suriname,SUR,2008,1.171
Suriname,SUR,2009,1.169
Suriname,SUR,2010,1.156
Suriname,SUR,2011,1.139
Suriname,SUR,2012,1.136
Suriname,SUR,2013,1.121
Suriname,SUR,2014,1.099
Suriname,SUR,2015,1.063
Suriname,SUR,2016,1.034
Suriname,SUR,2017,0.983
Suriname,SUR,2018,0.962
Suriname,SUR,2019,1.114
Suriname,SUR,2020,1.037
Suriname,SUR,2021,0.778
Suriname,SUR,2022,0.919
Suriname,SUR,2023,0.909
Sweden,SWE,1950,0.867
Sweden,SWE,1951,0.732
Sweden,SWE,1952,0.727
Sweden,SWE,1953,0.582
Sweden,SWE,1954,0.587
Sweden,SWE,1955,0.763
Sweden,SWE,1956,0.697
Sweden,SWE,1957,0.703
Sweden,SWE,1958,0.582
Sweden,SWE,1959,0.473
Sweden,SWE,1960,0.359
Sweden,SWE,1961,0.585
Sweden,SWE,1962,0.517
Sweden,SWE,1963,0.609
Sweden,SWE,1964,0.883
Sweden,SWE,1965,0.982
Sweden,SWE,1966,0.887
Sweden,SWE,1967,0.666
Sweden,SWE,1968,0.493
Sweden,SWE,1969,0.913
Sweden,SWE,1970,0.955
Sweden,SWE,1971,0.418
Sweden,SWE,1972,0.182
Sweden,SWE,1973,0.18
Sweden,SWE,1974,0.395
Sweden,SWE,1975,0.387
Sweden,SWE,1976,0.338
Sweden,SWE,1977,0.374
Sweden,SWE,1978,0.21
Sweden,SWE,1979,0.224
Sweden,SWE,1980,0.179
Sweden,SWE,1981,0.061
Sweden,SWE,1982,0.052
Sweden,SWE,1983,0.037
Sweden,SWE,1984,0.144
Sweden,SWE,1985,0.186
Sweden,SWE,1986,0.279
Sweden,SWE,1987,0.388
Sweden,SWE,1988,0.532
Sweden,SWE,1989,0.802
Sweden,SWE,1990,0.741
Sweden,SWE,1991,0.619
Sweden,SWE,1992,0.552
Sweden,SWE,1993,0.609
Sweden,SWE,1994,0.811
Sweden,SWE,1995,0.238
Sweden,SWE,1996,0.08
Sweden,SWE,1997,0.037
Sweden,SWE,1998,0.077
Sweden,SWE,1999,0.082
Sweden,SWE,2000,0.243
Sweden,SWE,2001,0.296
Sweden,SWE,2002,0.356
Sweden,SWE,2003,0.391
Sweden,SWE,2004,0.397
Sweden,SWE,2005,0.401
Sweden,SWE,2006,0.721
Sweden,SWE,2007,0.763
Sweden,SWE,2008,0.797
Sweden,SWE,2009,0.906
Sweden,SWE,2010,0.797
Sweden,SWE,2011,0.712
Sweden,SWE,2012,0.768
Sweden,SWE,2013,0.928
Sweden,SWE,2014,1.057
Sweden,SWE,2015,1.057
Sweden,SWE,2016,1.451
Sweden,SWE,2017,1.244
Sweden,SWE,2018,1.08
Sweden,SWE,2019,0.949
Sweden,SWE,2020,0.499
Sweden,SWE,2021,0.703
Sweden,SWE,2022,0.659
Sweden,SWE,2023,0.561
Switzerland,CHE,1950,1.046
Switzerland,CHE,1951,1.301
Switzerland,CHE,1952,1.357
Switzerland,CHE,1953,1.288
Switzerland,CHE,1954,1.283
Switzerland,CHE,1955,1.266
Switzerland,CHE,1956,1.257
Switzerland,CHE,1957,1.275
Switzerland,CHE,1958,1.292
Switzerland,CHE,1959,1.246
Switzerland,CHE,1960,1.209
Switzerland,CHE,1961,2.729
Switzerland,CHE,1962,2.348
Switzerland,CHE,1963,1.933
Switzerland,CHE,1964,1.38
Switzerland,CHE,1965,0.933
Switzerland,CHE,1966,1.156
Switzerland,CHE,1967,1.32
Switzerland,CHE,1968,1.199
Switzerland,CHE,1969,1.054
Switzerland,CHE,1970,0.396
Switzerland,CHE,1971,0.656
Switzerland,CHE,1972,0.868
Switzerland,CHE,1973,0.607
Switzerland,CHE,1974,0.468
Switzerland,CHE,1975,-0.556
Switzerland,CHE,1976,-0.585
Switzerland,CHE,1977,-0.088
Switzerland,CHE,1978,0.11
Switzerland,CHE,1979,0.293
Switzerland,CHE,1980,0.503
Switzerland,CHE,1981,0.592
Switzerland,CHE,1982,0.577
Switzerland,CHE,1983,0.283
Switzerland,CHE,1984,0.436
Switzerland,CHE,1985,0.448
Switzerland,CHE,1986,0.593
Switzerland,CHE,1987,0.664
Switzerland,CHE,1988,0.808
Switzerland,CHE,1989,0.812
Switzerland,CHE,1990,1.144
Switzerland,CHE,1991,1.335
Switzerland,CHE,1992,0.952
Switzerland,CHE,1993,0.874
Switzerland,CHE,1994,0.719
Switzerland,CHE,1995,0.618
Switzerland,CHE,1996,0.273
Switzerland,CHE,1997,0.215
Switzerland,CHE,1998,0.38
Switzerland,CHE,1999,0.569
Switzerland,CHE,2000,0.545
Switzerland,CHE,2001,0.631
Switzerland,CHE,2002,0.812
Switzerland,CHE,2003,0.686
Switzerland,CHE,2004,0.693
Switzerland,CHE,2005,0.593
Switzerland,CHE,2006,0.659
Switzerland,CHE,2007,1.119
Switzerland,CHE,2008,1.417
Switzerland,CHE,2009,1.08
Switzerland,CHE,2010,1.184
Switzerland,CHE,2011,1.069
Switzerland,CHE,2012,1.057
Switzerland,CHE,2013,1.236
Switzerland,CHE,2014,1.197
Switzerland,CHE,2015,1.079
Switzerland,CHE,2016,1.105
Switzerland,CHE,2017,0.767
Switzerland,CHE,2018,0.711
Switzerland,CHE,2019,0.721
Switzerland,CHE,2020,0.744
Switzerland,CHE,2021,0.788
Switzerland,CHE,2022,1.157
Switzerland,CHE,2023,0.62
Syria,SYR,1950,1.903
Syria,SYR,1951,2.085
Syria,SYR,1952,2.229
Syria,SYR,1953,2.368
Syria,SYR,1954,2.504
Syria,SYR,1955,2.632
Syria,SYR,1956,2.728
Syria,SYR,1957,2.822
Syria,SYR,1958,2.903
Syria,SYR,1959,2.995
Syria,SYR,1960,3.075
Syria,SYR,1961,2.912
Syria,SYR,1962,2.975
Syria,SYR,1963,3.028
Syria,SYR,1964,3.084
Syria,SYR,1965,3.125
Syria,SYR,1966,3.168
Syria,SYR,1967,3.188
Syria,SYR,1968,3.22
Syria,SYR,1969,3.245
Syria,SYR,1970,3.3
Syria,SYR,1971,3.402
Syria,SYR,1972,3.39
Syria,SYR,1973,3.36
Syria,SYR,1974,3.376
Syria,SYR,1975,3.414
Syria,SYR,1976,3.429
Syria,SYR,1977,3.441
Syria,SYR,1978,3.418
Syria,SYR,1979,3.373
Syria,SYR,1980,3.342
Syria,SYR,1981,3.301
Syria,SYR,1982,3.332
Syria,SYR,1983,3.49
Syria,SYR,1984,3.525
Syria,SYR,1985,3.511
Syria,SYR,1986,3.466
Syria,SYR,1987,3.432
Syria,SYR,1988,3.36
Syria,SYR,1989,3.266
Syria,SYR,1990,3.2
Syria,SYR,1991,3.087
Syria,SYR,1992,3.054
Syria,SYR,1993,2.982
Syria,SYR,1994,2.917
Syria,SYR,1995,2.751
Syria,SYR,1996,2.667
Syria,SYR,1997,2.584
Syria,SYR,1998,2.575
Syria,SYR,1999,2.514
Syria,SYR,2000,2.475
Syria,SYR,2001,2.435
Syria,SYR,2002,2.398
Syria,SYR,2003,2.365
Syria,SYR,2004,2.575
Syria,SYR,2005,2.564
Syria,SYR,2006,5.927
Syria,SYR,2007,6.374
Syria,SYR,2008,0.805
Syria,SYR,2009,2.305
Syria,SYR,2010,2.243
Syria,SYR,2011,1.255
Syria,SYR,2012,-2.301
Syria,SYR,2013,-7.674
Syria,SYR,2014,-5.548
Syria,SYR,2015,-2.953
Syria,SYR,2016,0.583
Syria,SYR,2017,-0.262
Syria,SYR,2018,3.865
Syria,SYR,2019,3.905
Syria,SYR,2020,2.837
Syria,SYR,2021,2.597
Syria,SYR,2022,4.92
Syria,SYR,2023,4.917
Taiwan,TWN,1950,3.373
Taiwan,TWN,1951,3.515
Taiwan,TWN,1952,3.633
Taiwan,TWN,1953,3.653
Taiwan,TWN,1954,3.697
Taiwan,TWN,1955,3.83
Taiwan,TWN,1956,3.957
Taiwan,TWN,1957,4.012
Taiwan,TWN,1958,3.867
Taiwan,TWN,1959,3.757
Taiwan,TWN,1960,3.66
Taiwan,TWN,1961,3.582
Taiwan,TWN,1962,3.507
Taiwan,TWN,1963,3.435
Taiwan,TWN,1964,3.305
Taiwan,TWN,1965,3.172
Taiwan,TWN,1966,3.025
Taiwan,TWN,1967,2.288
Taiwan,TWN,1968,2.182
Taiwan,TWN,1969,2.106
Taiwan,TWN,1970,1.88
Taiwan,TWN,1971,2.198
Taiwan,TWN,1972,2.114
Taiwan,TWN,1973,2.013
Taiwan,TWN,1974,1.876
Taiwan,TWN,1975,1.614
Taiwan,TWN,1976,2.089
Taiwan,TWN,1977,2.05
Taiwan,TWN,1978,2.063
Taiwan,TWN,1979,2.062
Taiwan,TWN,1980,1.856
Taiwan,TWN,1981,1.721
Taiwan,TWN,1982,1.631
Taiwan,TWN,1983,1.534
Taiwan,TWN,1984,1.432
Taiwan,TWN,1985,1.295
Taiwan,TWN,1986,1.086
Taiwan,TWN,1987,1.022
Taiwan,TWN,1988,1.044
Taiwan,TWN,1989,0.878
Taiwan,TWN,1990,0.838
Taiwan,TWN,1991,0.967
Taiwan,TWN,1992,0.951
Taiwan,TWN,1993,0.876
Taiwan,TWN,1994,0.84
Taiwan,TWN,1995,0.814
Taiwan,TWN,1996,0.802
Taiwan,TWN,1997,0.813
Taiwan,TWN,1998,0.68
Taiwan,TWN,1999,0.717
Taiwan,TWN,2000,0.443
Taiwan,TWN,2001,0.569
Taiwan,TWN,2002,0.503
Taiwan,TWN,2003,0.357
Taiwan,TWN,2004,0.359
Taiwan,TWN,2005,0.339
Taiwan,TWN,2006,0.445
Taiwan,TWN,2007,0.359
Taiwan,TWN,2008,0.33
Taiwan,TWN,2009,0.346
Taiwan,TWN,2010,0.169
Taiwan,TWN,2011,0.253
Taiwan,TWN,2012,0.372
Taiwan,TWN,2013,0.234
Taiwan,TWN,2014,0.243
Taiwan,TWN,2015,0.238
Taiwan,TWN,2016,0.245
Taiwan,TWN,2017,0.151
Taiwan,TWN,2018,0.072
Taiwan,TWN,2019,0.054
Taiwan,TWN,2020,-0.144
Taiwan,TWN,2021,-0.748
Taiwan,TWN,2022,-0.428
Taiwan,TWN,2023,-0.453
Tajikistan,TJK,1950,4.031
Tajikistan,TJK,1951,3.681
Tajikistan,TJK,1952,3.405
Tajikistan,TJK,1953,3.227
Tajikistan,TJK,1954,3.099
Tajikistan,TJK,1955,3.022
Tajikistan,TJK,1956,2.986
Tajikistan,TJK,1957,3
Tajikistan,TJK,1958,3.1
Tajikistan,TJK,1959,3.219
Tajikistan,TJK,1960,3.214
Tajikistan,TJK,1961,3.276
Tajikistan,TJK,1962,3.325
Tajikistan,TJK,1963,3.365
Tajikistan,TJK,1964,3.343
Tajikistan,TJK,1965,3.325
Tajikistan,TJK,1966,3.318
Tajikistan,TJK,1967,3.318
Tajikistan,TJK,1968,3.306
Tajikistan,TJK,1969,3.227
Tajikistan,TJK,1970,3.106
Tajikistan,TJK,1971,3.068
Tajikistan,TJK,1972,3.099
Tajikistan,TJK,1973,3.116
Tajikistan,TJK,1974,3.129
Tajikistan,TJK,1975,3.144
Tajikistan,TJK,1976,3.149
Tajikistan,TJK,1977,3.146
Tajikistan,TJK,1978,3.067
Tajikistan,TJK,1979,2.905
Tajikistan,TJK,1980,2.812
Tajikistan,TJK,1981,2.804
Tajikistan,TJK,1982,2.865
Tajikistan,TJK,1983,2.903
Tajikistan,TJK,1984,2.946
Tajikistan,TJK,1985,3.16
Tajikistan,TJK,1986,3.36
Tajikistan,TJK,1987,3.514
Tajikistan,TJK,1988,3.487
Tajikistan,TJK,1989,2.396
Tajikistan,TJK,1990,2.535
Tajikistan,TJK,1991,2.672
Tajikistan,TJK,1992,1.21
Tajikistan,TJK,1993,1.447
Tajikistan,TJK,1994,2.024
Tajikistan,TJK,1995,2.16
Tajikistan,TJK,1996,1.77
Tajikistan,TJK,1997,0.639
Tajikistan,TJK,1998,0.549
Tajikistan,TJK,1999,0.484
Tajikistan,TJK,2000,1.952
Tajikistan,TJK,2001,1.914
Tajikistan,TJK,2002,1.929
Tajikistan,TJK,2003,1.92
Tajikistan,TJK,2004,2.004
Tajikistan,TJK,2005,1.91
Tajikistan,TJK,2006,1.891
Tajikistan,TJK,2007,1.951
Tajikistan,TJK,2008,2.01
Tajikistan,TJK,2009,2.085
Tajikistan,TJK,2010,2.191
Tajikistan,TJK,2011,2.27
Tajikistan,TJK,2012,2.508
Tajikistan,TJK,2013,2.487
Tajikistan,TJK,2014,2.532
Tajikistan,TJK,2015,2.583
Tajikistan,TJK,2016,2.485
Tajikistan,TJK,2017,2.425
Tajikistan,TJK,2018,2.391
Tajikistan,TJK,2019,2.338
Tajikistan,TJK,2020,2.215
Tajikistan,TJK,2021,2.2
Tajikistan,TJK,2022,2.076
Tajikistan,TJK,2023,1.962
Tanzania,TZA,1950,2.409
Tanzania,TZA,1951,2.457
Tanzania,TZA,1952,2.5
Tanzania,TZA,1953,2.531
Tanzania,TZA,1954,2.558
Tanzania,TZA,1955,2.599
Tanzania,TZA,1956,2.65
Tanzania,TZA,1957,2.708
Tanzania,TZA,1958,2.741
Tanzania,TZA,1959,2.768
Tanzania,TZA,1960,2.805
Tanzania,TZA,1961,2.897
Tanzania,TZA,1962,2.904
Tanzania,TZA,1963,2.954
Tanzania,TZA,1964,3.034
Tanzania,TZA,1965,3.036
Tanzania,TZA,1966,3.089
Tanzania,TZA,1967,3.115
Tanzania,TZA,1968,3.364
Tanzania,TZA,1969,3.416
Tanzania,TZA,1970,3.459
Tanzania,TZA,1971,3.514
Tanzania,TZA,1972,3.625
Tanzania,TZA,1973,3.577
Tanzania,TZA,1974,3.639
Tanzania,TZA,1975,3.639
Tanzania,TZA,1976,3.636
Tanzania,TZA,1977,3.602
Tanzania,TZA,1978,3.462
Tanzania,TZA,1979,3.274
Tanzania,TZA,1980,3.058
Tanzania,TZA,1981,3.048
Tanzania,TZA,1982,3.063
Tanzania,TZA,1983,3.501
Tanzania,TZA,1984,3.033
Tanzania,TZA,1985,3.488
Tanzania,TZA,1986,3.138
Tanzania,TZA,1987,3.384
Tanzania,TZA,1988,2.687
Tanzania,TZA,1989,2.644
Tanzania,TZA,1990,2.567
Tanzania,TZA,1991,2.503
Tanzania,TZA,1992,2.492
Tanzania,TZA,1993,3.763
Tanzania,TZA,1994,3.918
Tanzania,TZA,1995,2.399
Tanzania,TZA,1996,1.278
Tanzania,TZA,1997,2.752
Tanzania,TZA,1998,2.516
Tanzania,TZA,1999,2.835
Tanzania,TZA,2000,2.847
Tanzania,TZA,2001,2.559
Tanzania,TZA,2002,2.617
Tanzania,TZA,2003,2.673
Tanzania,TZA,2004,2.752
Tanzania,TZA,2005,2.797
Tanzania,TZA,2006,2.804
Tanzania,TZA,2007,2.779
Tanzania,TZA,2008,2.629
Tanzania,TZA,2009,2.309
Tanzania,TZA,2010,2.774
Tanzania,TZA,2011,2.825
Tanzania,TZA,2012,2.933
Tanzania,TZA,2013,3.094
Tanzania,TZA,2014,3.068
Tanzania,TZA,2015,3.45
Tanzania,TZA,2016,3.366
Tanzania,TZA,2017,3.317
Tanzania,TZA,2018,2.999
Tanzania,TZA,2019,2.963
Tanzania,TZA,2020,3.023
Tanzania,TZA,2021,2.98
Tanzania,TZA,2022,2.921
Tanzania,TZA,2023,2.884
Thailand,THA,1950,2.556
Thailand,THA,1951,2.63
Thailand,THA,1952,2.664
Thailand,THA,1953,2.669
Thailand,THA,1954,2.721
Thailand,THA,1955,2.749
Thailand,THA,1956,2.777
Thailand,THA,1957,2.791
Thailand,THA,1958,2.742
Thailand,THA,1959,2.861
Thailand,THA,1960,2.909
Thailand,THA,1961,2.952
Thailand,THA,1962,2.968
Thailand,THA,1963,2.99
Thailand,THA,1964,2.985
Thailand,THA,1965,2.992
Thailand,THA,1966,2.934
Thailand,THA,1967,2.912
Thailand,THA,1968,2.846
Thailand,THA,1969,2.788
Thailand,THA,1970,2.744
Thailand,THA,1971,2.652
Thailand,THA,1972,2.672
Thailand,THA,1973,2.604
Thailand,THA,1974,2.493
Thailand,THA,1975,2.39
Thailand,THA,1976,2.231
Thailand,THA,1977,2.241
Thailand,THA,1978,2.123
Thailand,THA,1979,2.078
Thailand,THA,1980,2.046
Thailand,THA,1981,1.97
Thailand,THA,1982,1.937
Thailand,THA,1983,1.936
Thailand,THA,1984,1.863
Thailand,THA,1985,1.828
Thailand,THA,1986,1.749
Thailand,THA,1987,1.723
Thailand,THA,1988,1.687
Thailand,THA,1989,1.606
Thailand,THA,1990,1.669
Thailand,THA,1991,1.59
Thailand,THA,1992,1.589
Thailand,THA,1993,1.499
Thailand,THA,1994,1.45
Thailand,THA,1995,1.404
Thailand,THA,1996,1.358
Thailand,THA,1997,1.31
Thailand,THA,1998,1.302
Thailand,THA,1999,1.207
Thailand,THA,2000,1.056
Thailand,THA,2001,0.976
Thailand,THA,2002,0.948
Thailand,THA,2003,0.916
Thailand,THA,2004,0.877
Thailand,THA,2005,0.844
Thailand,THA,2006,0.817
Thailand,THA,2007,0.784
Thailand,THA,2008,0.753
Thailand,THA,2009,0.724
Thailand,THA,2010,0.617
Thailand,THA,2011,0.626
Thailand,THA,2012,0.613
Thailand,THA,2013,0.562
Thailand,THA,2014,0.498
Thailand,THA,2015,0.424
Thailand,THA,2016,0.479
Thailand,THA,2017,0.367
Thailand,THA,2018,0.239
Thailand,THA,2019,0.171
Thailand,THA,2020,0.162
Thailand,THA,2021,0.077
Thailand,THA,2022,-0.055
Thailand,THA,2023,-0.037
Togo,TGO,1950,1.744
Togo,TGO,1951,1.768
Togo,TGO,1952,1.784
Togo,TGO,1953,1.79
Togo,TGO,1954,1.794
Togo,TGO,1955,1.792
Togo,TGO,1956,1.795
Togo,TGO,1957,1.799
Togo,TGO,1958,1.796
Togo,TGO,1959,1.78
Togo,TGO,1960,1.76
Togo,TGO,1961,1.748
Togo,TGO,1962,1.773
Togo,TGO,1963,1.898
Togo,TGO,1964,1.955
Togo,TGO,1965,2.026
Togo,TGO,1966,2.062
Togo,TGO,1967,2.088
Togo,TGO,1968,2.129
Togo,TGO,1969,6.766
Togo,TGO,1970,3.439
Togo,TGO,1971,3.008
Togo,TGO,1972,2.684
Togo,TGO,1973,2.559
Togo,TGO,1974,2.478
Togo,TGO,1975,2.413
Togo,TGO,1976,2.376
Togo,TGO,1977,2.363
Togo,TGO,1978,2.418
Togo,TGO,1979,2.642
Togo,TGO,1980,2.952
Togo,TGO,1981,3.253
Togo,TGO,1982,2.39
Togo,TGO,1983,2.377
Togo,TGO,1984,2.359
Togo,TGO,1985,3.267
Togo,TGO,1986,3.011
Togo,TGO,1987,3.04
Togo,TGO,1988,2.987
Togo,TGO,1989,2.944
Togo,TGO,1990,2.909
Togo,TGO,1991,2.857
Togo,TGO,1992,2.815
Togo,TGO,1993,-5.143
Togo,TGO,1994,5.953
Togo,TGO,1995,4.385
Togo,TGO,1996,4.222
Togo,TGO,1997,2.572
Togo,TGO,1998,2.45
Togo,TGO,1999,2.502
Togo,TGO,2000,2.492
Togo,TGO,2001,2.48
Togo,TGO,2002,2.474
Togo,TGO,2003,2.515
Togo,TGO,2004,2.363
Togo,TGO,2005,2.565
Togo,TGO,2006,3.127
Togo,TGO,2007,3.191
Togo,TGO,2008,3.235
Togo,TGO,2009,3.224
Togo,TGO,2010,3.036
Togo,TGO,2011,2.423
Togo,TGO,2012,2.236
Togo,TGO,2013,2.081
Togo,TGO,2014,1.962
Togo,TGO,2015,1.862
Togo,TGO,2016,1.765
Togo,TGO,2017,1.637
Togo,TGO,2018,1.981
Togo,TGO,2019,2.306
Togo,TGO,2020,2.062
Togo,TGO,2021,1.709
Togo,TGO,2022,1.602
Togo,TGO,2023,2.204
Tokelau,TKL,1950,-2.764
Tokelau,TKL,1951,-1.024
Tokelau,TKL,1952,1.215
Tokelau,TKL,1953,0.381
Tokelau,TKL,1954,0.883
Tokelau,TKL,1955,0
Tokelau,TKL,1956,1.372
Tokelau,TKL,1957,2.628
Tokelau,TKL,1958,2.795
Tokelau,TKL,1959,2.833
Tokelau,TKL,1960,3.364
Tokelau,TKL,1961,2.665
Tokelau,TKL,1962,0.695
Tokelau,TKL,1963,0.638
Tokelau,TKL,1964,0.476
Tokelau,TKL,1965,0.158
Tokelau,TKL,1966,-0.211
Tokelau,TKL,1967,-2.402
Tokelau,TKL,1968,-2.627
Tokelau,TKL,1969,-2.984
Tokelau,TKL,1970,-3.43
Tokelau,TKL,1971,-3.062
Tokelau,TKL,1972,0.061
Tokelau,TKL,1973,0.183
Tokelau,TKL,1974,-0.305
Tokelau,TKL,1975,-0.061
Tokelau,TKL,1976,0.548
Tokelau,TKL,1977,0.666
Tokelau,TKL,1978,0.541
Tokelau,TKL,1979,-0.12
Tokelau,TKL,1980,-0.12
Tokelau,TKL,1981,0.06
Tokelau,TKL,1982,0.24
Tokelau,TKL,1983,2.487
Tokelau,TKL,1984,1.969
Tokelau,TKL,1985,1.931
Tokelau,TKL,1986,0.449
Tokelau,TKL,1987,-0.9
Tokelau,TKL,1988,-0.453
Tokelau,TKL,1989,0.113
Tokelau,TKL,1990,0.283
Tokelau,TKL,1991,0.507
Tokelau,TKL,1992,0
Tokelau,TKL,1993,-0.338
Tokelau,TKL,1994,-0.056
Tokelau,TKL,1995,0
Tokelau,TKL,1996,0
Tokelau,TKL,1997,1.179
Tokelau,TKL,1998,0.999
Tokelau,TKL,1999,1.263
Tokelau,TKL,2000,1.247
Tokelau,TKL,2001,0.858
Tokelau,TKL,2002,-3.534
Tokelau,TKL,2003,-3.721
Tokelau,TKL,2004,-4.224
Tokelau,TKL,2005,-4.723
Tokelau,TKL,2006,-2.932
Tokelau,TKL,2007,0.773
Tokelau,TKL,2008,0.576
Tokelau,TKL,2009,0.889
Tokelau,TKL,2010,0.442
Tokelau,TKL,2011,1.314
Tokelau,TKL,2012,6.03
Tokelau,TKL,2013,1.913
Tokelau,TKL,2014,-1.62
Tokelau,TKL,2015,-1.885
Tokelau,TKL,2016,-0.596
Tokelau,TKL,2017,7.986
Tokelau,TKL,2018,7.087
Tokelau,TKL,2019,6.954
Tokelau,TKL,2020,4.136
Tokelau,TKL,2021,2.993
Tokelau,TKL,2022,4.542
Tokelau,TKL,2023,4.631
Tonga,TON,1950,2.491
Tonga,TON,1951,2.642
Tonga,TON,1952,2.804
Tonga,TON,1953,2.929
Tonga,TON,1954,3.046
Tonga,TON,1955,3.128
Tonga,TON,1956,3.203
Tonga,TON,1957,2.745
Tonga,TON,1958,2.779
Tonga,TON,1959,2.78
Tonga,TON,1960,2.799
Tonga,TON,1961,2.766
Tonga,TON,1962,2.751
Tonga,TON,1963,2.735
Tonga,TON,1964,2.736
Tonga,TON,1965,2.728
Tonga,TON,1966,2.673
Tonga,TON,1967,1.926
Tonga,TON,1968,1.894
Tonga,TON,1969,1.838
Tonga,TON,1970,1.79
Tonga,TON,1971,1.721
Tonga,TON,1972,1.651
Tonga,TON,1973,1.638
Tonga,TON,1974,2.54
Tonga,TON,1975,2.543
Tonga,TON,1976,2.36
Tonga,TON,1977,0.569
Tonga,TON,1978,0.421
Tonga,TON,1979,0.278
Tonga,TON,1980,0.183
Tonga,TON,1981,0.101
Tonga,TON,1982,0.044
Tonga,TON,1983,-0.006
Tonga,TON,1984,-0.011
Tonga,TON,1985,-0.001
Tonga,TON,1986,0.055
Tonga,TON,1987,0.688
Tonga,TON,1988,0.515
Tonga,TON,1989,0.36
Tonga,TON,1990,0.236
Tonga,TON,1991,0.157
Tonga,TON,1992,0.097
Tonga,TON,1993,0.064
Tonga,TON,1994,0.062
Tonga,TON,1995,0.055
Tonga,TON,1996,0.047
Tonga,TON,1997,0.744
Tonga,TON,1998,0.67
Tonga,TON,1999,0.625
Tonga,TON,2000,0.609
Tonga,TON,2001,0.578
Tonga,TON,2002,0.552
Tonga,TON,2003,0.582
Tonga,TON,2004,0.577
Tonga,TON,2005,0.562
Tonga,TON,2006,0.536
Tonga,TON,2007,0.352
Tonga,TON,2008,0.198
Tonga,TON,2009,0.143
Tonga,TON,2010,0.224
Tonga,TON,2011,0.092
Tonga,TON,2012,-0.297
Tonga,TON,2013,-0.416
Tonga,TON,2014,-0.462
Tonga,TON,2015,-0.505
Tonga,TON,2016,-0.574
Tonga,TON,2017,0.255
Tonga,TON,2018,0.145
Tonga,TON,2019,0.05
Tonga,TON,2020,0.014
Tonga,TON,2021,-0.42
Tonga,TON,2022,-0.43
Tonga,TON,2023,-0.418
Trinidad and Tobago,TTO,1950,2.553
Trinidad and Tobago,TTO,1951,2.606
Trinidad and Tobago,TTO,1952,2.642
Trinidad and Tobago,TTO,1953,2.679
Trinidad and Tobago,TTO,1954,2.744
Trinidad and Tobago,TTO,1955,2.748
Trinidad and Tobago,TTO,1956,2.697
Trinidad and Tobago,TTO,1957,2.695
Trinidad and Tobago,TTO,1958,2.686
Trinidad and Tobago,TTO,1959,2.518
Trinidad and Tobago,TTO,1960,2.258
Trinidad and Tobago,TTO,1961,2.007
Trinidad and Tobago,TTO,1962,1.907
Trinidad and Tobago,TTO,1963,1.833
Trinidad and Tobago,TTO,1964,1.739
Trinidad and Tobago,TTO,1965,1.62
Trinidad and Tobago,TTO,1966,1.483
Trinidad and Tobago,TTO,1967,1.358
Trinidad and Tobago,TTO,1968,1.258
Trinidad and Tobago,TTO,1969,1.143
Trinidad and Tobago,TTO,1970,1.041
Trinidad and Tobago,TTO,1971,1.188
Trinidad and Tobago,TTO,1972,1.258
Trinidad and Tobago,TTO,1973,1.274
Trinidad and Tobago,TTO,1974,1.222
Trinidad and Tobago,TTO,1975,1.205
Trinidad and Tobago,TTO,1976,1.218
Trinidad and Tobago,TTO,1977,1.251
Trinidad and Tobago,TTO,1978,1.294
Trinidad and Tobago,TTO,1979,1.297
Trinidad and Tobago,TTO,1980,1.234
Trinidad and Tobago,TTO,1981,1.14
Trinidad and Tobago,TTO,1982,1.102
Trinidad and Tobago,TTO,1983,1.082
Trinidad and Tobago,TTO,1984,1.052
Trinidad and Tobago,TTO,1985,1.383
Trinidad and Tobago,TTO,1986,1.255
Trinidad and Tobago,TTO,1987,1.1
Trinidad and Tobago,TTO,1988,0.977
Trinidad and Tobago,TTO,1989,0.889
Trinidad and Tobago,TTO,1990,0.813
Trinidad and Tobago,TTO,1991,0.772
Trinidad and Tobago,TTO,1992,0.728
Trinidad and Tobago,TTO,1993,0.65
Trinidad and Tobago,TTO,1994,0.576
Trinidad and Tobago,TTO,1995,0.481
Trinidad and Tobago,TTO,1996,0.406
Trinidad and Tobago,TTO,1997,0.347
Trinidad and Tobago,TTO,1998,0.324
Trinidad and Tobago,TTO,1999,0.36
Trinidad and Tobago,TTO,2000,0.409
Trinidad and Tobago,TTO,2001,0.466
Trinidad and Tobago,TTO,2002,0.503
Trinidad and Tobago,TTO,2003,0.5
Trinidad and Tobago,TTO,2004,0.494
Trinidad and Tobago,TTO,2005,0.493
Trinidad and Tobago,TTO,2006,0.491
Trinidad and Tobago,TTO,2007,0.49
Trinidad and Tobago,TTO,2008,0.49
Trinidad and Tobago,TTO,2009,0.523
Trinidad and Tobago,TTO,2010,0.575
Trinidad and Tobago,TTO,2011,0.622
Trinidad and Tobago,TTO,2012,0.639
Trinidad and Tobago,TTO,2013,0.617
Trinidad and Tobago,TTO,2014,0.58
Trinidad and Tobago,TTO,2015,0.551
Trinidad and Tobago,TTO,2016,0.543
Trinidad and Tobago,TTO,2017,0.6
Trinidad and Tobago,TTO,2018,2.846
Trinidad and Tobago,TTO,2019,-0.882
Trinidad and Tobago,TTO,2020,0.362
Trinidad and Tobago,TTO,2021,0.54
Trinidad and Tobago,TTO,2022,0.56
Trinidad and Tobago,TTO,2023,0.376
Tunisia,TUN,1950,1.989
Tunisia,TUN,1951,2.022
Tunisia,TUN,1952,2.068
Tunisia,TUN,1953,2.103
Tunisia,TUN,1954,2.132
Tunisia,TUN,1955,2.189
Tunisia,TUN,1956,1.648
Tunisia,TUN,1957,0.984
Tunisia,TUN,1958,0.993
Tunisia,TUN,1959,1.063
Tunisia,TUN,1960,1.122
Tunisia,TUN,1961,1.161
Tunisia,TUN,1962,1.273
Tunisia,TUN,1963,1.364
Tunisia,TUN,1964,1.45
Tunisia,TUN,1965,1.708
Tunisia,TUN,1966,2.233
Tunisia,TUN,1967,2.384
Tunisia,TUN,1968,2.549
Tunisia,TUN,1969,2.502
Tunisia,TUN,1970,2.498
Tunisia,TUN,1971,2.515
Tunisia,TUN,1972,2.547
Tunisia,TUN,1973,2.599
Tunisia,TUN,1974,2.656
Tunisia,TUN,1975,2.71
Tunisia,TUN,1976,2.622
Tunisia,TUN,1977,2.61
Tunisia,TUN,1978,2.319
Tunisia,TUN,1979,2.289
Tunisia,TUN,1980,2.298
Tunisia,TUN,1981,2.255
Tunisia,TUN,1982,2.147
Tunisia,TUN,1983,2.013
Tunisia,TUN,1984,2.639
Tunisia,TUN,1985,2.554
Tunisia,TUN,1986,2.521
Tunisia,TUN,1987,2.411
Tunisia,TUN,1988,2.271
Tunisia,TUN,1989,2.126
Tunisia,TUN,1990,2.071
Tunisia,TUN,1991,2.144
Tunisia,TUN,1992,2.063
Tunisia,TUN,1993,1.938
Tunisia,TUN,1994,1.656
Tunisia,TUN,1995,1.487
Tunisia,TUN,1996,1.4
Tunisia,TUN,1997,1.312
Tunisia,TUN,1998,1.229
Tunisia,TUN,1999,1.153
Tunisia,TUN,2000,1.091
Tunisia,TUN,2001,1.043
Tunisia,TUN,2002,1.011
Tunisia,TUN,2003,0.988
Tunisia,TUN,2004,0.881
Tunisia,TUN,2005,0.868
Tunisia,TUN,2006,0.897
Tunisia,TUN,2007,0.936
Tunisia,TUN,2008,0.988
Tunisia,TUN,2009,1.051
Tunisia,TUN,2010,1.102
Tunisia,TUN,2011,1.116
Tunisia,TUN,2012,1.142
Tunisia,TUN,2013,1.236
Tunisia,TUN,2014,1.137
Tunisia,TUN,2015,1.121
Tunisia,TUN,2016,1.085
Tunisia,TUN,2017,1.018
Tunisia,TUN,2018,0.947
Tunisia,TUN,2019,0.907
Tunisia,TUN,2020,0.754
Tunisia,TUN,2021,0.489
Tunisia,TUN,2022,0.681
Tunisia,TUN,2023,0.653
Turkey,TUR,1950,2.91
Turkey,TUR,1951,2.929
Turkey,TUR,1952,2.955
Turkey,TUR,1953,2.955
Turkey,TUR,1954,2.863
Turkey,TUR,1955,2.765
Turkey,TUR,1956,3.281
Turkey,TUR,1957,3.186
Turkey,TUR,1958,3.084
Turkey,TUR,1959,2.976
Turkey,TUR,1960,2.782
Turkey,TUR,1961,2.716
Turkey,TUR,1962,2.685
Turkey,TUR,1963,2.663
Turkey,TUR,1964,2.581
Turkey,TUR,1965,2.443
Turkey,TUR,1966,2.637
Turkey,TUR,1967,2.557
Turkey,TUR,1968,2.497
Turkey,TUR,1969,2.404
Turkey,TUR,1970,2.296
Turkey,TUR,1971,2.45
Turkey,TUR,1972,2.352
Turkey,TUR,1973,2.275
Turkey,TUR,1974,2.156
Turkey,TUR,1975,1.995
Turkey,TUR,1976,2.088
Turkey,TUR,1977,2.039
Turkey,TUR,1978,1.998
Turkey,TUR,1979,1.928
Turkey,TUR,1980,2.067
Turkey,TUR,1981,1.913
Turkey,TUR,1982,2.358
Turkey,TUR,1983,2.343
Turkey,TUR,1984,2.256
Turkey,TUR,1985,2.186
Turkey,TUR,1986,2.073
Turkey,TUR,1987,2.003
Turkey,TUR,1988,1.992
Turkey,TUR,1989,1.929
Turkey,TUR,1990,1.816
Turkey,TUR,1991,1.704
Turkey,TUR,1992,1.706
Turkey,TUR,1993,1.744
Turkey,TUR,1994,1.733
Turkey,TUR,1995,1.542
Turkey,TUR,1996,1.473
Turkey,TUR,1997,1.418
Turkey,TUR,1998,1.367
Turkey,TUR,1999,1.306
Turkey,TUR,2000,1.26
Turkey,TUR,2001,1.228
Turkey,TUR,2002,1.184
Turkey,TUR,2003,1.139
Turkey,TUR,2004,1.093
Turkey,TUR,2005,1.045
Turkey,TUR,2006,1.01
Turkey,TUR,2007,0.994
Turkey,TUR,2008,1.286
Turkey,TUR,2009,1.221
Turkey,TUR,2010,1.198
Turkey,TUR,2011,1.156
Turkey,TUR,2012,1.471
Turkey,TUR,2013,1.709
Turkey,TUR,2014,2.513
Turkey,TUR,2015,2.494
Turkey,TUR,2016,1.568
Turkey,TUR,2017,1.905
Turkey,TUR,2018,1.281
Turkey,TUR,2019,0.939
Turkey,TUR,2020,0.774
Turkey,TUR,2021,0.603
Turkey,TUR,2022,0.255
Turkey,TUR,2023,0.232
Turkmenistan,TKM,1950,1.891
Turkmenistan,TKM,1951,1.993
Turkmenistan,TKM,1952,2.054
Turkmenistan,TKM,1953,2.308
Turkmenistan,TKM,1954,2.475
Turkmenistan,TKM,1955,2.637
Turkmenistan,TKM,1956,2.793
Turkmenistan,TKM,1957,2.935
Turkmenistan,TKM,1958,3.058
Turkmenistan,TKM,1959,3.089
Turkmenistan,TKM,1960,3.094
Turkmenistan,TKM,1961,3.129
Turkmenistan,TKM,1962,3.121
Turkmenistan,TKM,1963,3.078
Turkmenistan,TKM,1964,3.007
Turkmenistan,TKM,1965,2.919
Turkmenistan,TKM,1966,2.827
Turkmenistan,TKM,1967,2.743
Turkmenistan,TKM,1968,2.675
Turkmenistan,TKM,1969,2.627
Turkmenistan,TKM,1970,2.596
Turkmenistan,TKM,1971,2.575
Turkmenistan,TKM,1972,2.536
Turkmenistan,TKM,1973,2.546
Turkmenistan,TKM,1974,2.543
Turkmenistan,TKM,1975,2.535
Turkmenistan,TKM,1976,2.528
Turkmenistan,TKM,1977,2.522
Turkmenistan,TKM,1978,2.531
Turkmenistan,TKM,1979,2.552
Turkmenistan,TKM,1980,2.586
Turkmenistan,TKM,1981,2.639
Turkmenistan,TKM,1982,2.68
Turkmenistan,TKM,1983,2.736
Turkmenistan,TKM,1984,2.827
Turkmenistan,TKM,1985,3.01
Turkmenistan,TKM,1986,3.071
Turkmenistan,TKM,1987,3.101
Turkmenistan,TKM,1988,2.984
Turkmenistan,TKM,1989,2.73
Turkmenistan,TKM,1990,2.559
Turkmenistan,TKM,1991,2.449
Turkmenistan,TKM,1992,2.108
Turkmenistan,TKM,1993,2.289
Turkmenistan,TKM,1994,1.852
Turkmenistan,TKM,1995,1.738
Turkmenistan,TKM,1996,1.697
Turkmenistan,TKM,1997,1.694
Turkmenistan,TKM,1998,1.68
Turkmenistan,TKM,1999,1.986
Turkmenistan,TKM,2000,2.003
Turkmenistan,TKM,2001,2.004
Turkmenistan,TKM,2002,1.98
Turkmenistan,TKM,2003,1.94
Turkmenistan,TKM,2004,1.898
Turkmenistan,TKM,2005,1.865
Turkmenistan,TKM,2006,1.855
Turkmenistan,TKM,2007,1.877
Turkmenistan,TKM,2008,1.937
Turkmenistan,TKM,2009,2.01
Turkmenistan,TKM,2010,2.084
Turkmenistan,TKM,2011,2.15
Turkmenistan,TKM,2012,2.205
Turkmenistan,TKM,2013,2.248
Turkmenistan,TKM,2014,2.278
Turkmenistan,TKM,2015,2.294
Turkmenistan,TKM,2016,2.295
Turkmenistan,TKM,2017,2.276
Turkmenistan,TKM,2018,2.236
Turkmenistan,TKM,2019,2.175
Turkmenistan,TKM,2020,2.071
Turkmenistan,TKM,2021,1.979
Turkmenistan,TKM,2022,1.881
Turkmenistan,TKM,2023,1.8
Turks and Caicos Islands,TCA,1950,0.933
Turks and Caicos Islands,TCA,1951,-0.396
Turks and Caicos Islands,TCA,1952,-1.037
Turks and Caicos Islands,TCA,1953,-0.181
Turks and Caicos Islands,TCA,1954,1.87
Turks and Caicos Islands,TCA,1955,2.318
Turks and Caicos Islands,TCA,1956,2.152
Turks and Caicos Islands,TCA,1957,1.904
Turks and Caicos Islands,TCA,1958,1.341
Turks and Caicos Islands,TCA,1959,1.879
Turks and Caicos Islands,TCA,1960,0.482
Turks and Caicos Islands,TCA,1961,0.302
Turks and Caicos Islands,TCA,1962,0.195
Turks and Caicos Islands,TCA,1963,0.213
Turks and Caicos Islands,TCA,1964,0.159
Turks and Caicos Islands,TCA,1965,-0.141
Turks and Caicos Islands,TCA,1966,-0.018
Turks and Caicos Islands,TCA,1967,0.159
Turks and Caicos Islands,TCA,1968,-0.212
Turks and Caicos Islands,TCA,1969,0.088
Turks and Caicos Islands,TCA,1970,0.406
Turks and Caicos Islands,TCA,1971,2.642
Turks and Caicos Islands,TCA,1972,2.874
Turks and Caicos Islands,TCA,1973,2.94
Turks and Caicos Islands,TCA,1974,2.997
Turks and Caicos Islands,TCA,1975,2.971
Turks and Caicos Islands,TCA,1976,3.033
Turks and Caicos Islands,TCA,1977,3.001
Turks and Caicos Islands,TCA,1978,3.29
Turks and Caicos Islands,TCA,1979,2.902
Turks and Caicos Islands,TCA,1980,4.007
Turks and Caicos Islands,TCA,1981,4.882
Turks and Caicos Islands,TCA,1982,4.714
Turks and Caicos Islands,TCA,1983,4.704
Turks and Caicos Islands,TCA,1984,4.536
Turks and Caicos Islands,TCA,1985,4.359
Turks and Caicos Islands,TCA,1986,4.276
Turks and Caicos Islands,TCA,1987,4.006
Turks and Caicos Islands,TCA,1988,3.833
Turks and Caicos Islands,TCA,1989,3.771
Turks and Caicos Islands,TCA,1990,4.852
Turks and Caicos Islands,TCA,1991,5.422
Turks and Caicos Islands,TCA,1992,5.113
Turks and Caicos Islands,TCA,1993,5.079
Turks and Caicos Islands,TCA,1994,4.874
Turks and Caicos Islands,TCA,1995,4.765
Turks and Caicos Islands,TCA,1996,4.511
Turks and Caicos Islands,TCA,1997,4.381
Turks and Caicos Islands,TCA,1998,4.294
Turks and Caicos Islands,TCA,1999,4.199
Turks and Caicos Islands,TCA,2000,4.203
Turks and Caicos Islands,TCA,2001,4.634
Turks and Caicos Islands,TCA,2002,5.507
Turks and Caicos Islands,TCA,2003,5.188
Turks and Caicos Islands,TCA,2004,4.945
Turks and Caicos Islands,TCA,2005,4.724
Turks and Caicos Islands,TCA,2006,4.534
Turks and Caicos Islands,TCA,2007,4.39
Turks and Caicos Islands,TCA,2008,4.241
Turks and Caicos Islands,TCA,2009,4.055
Turks and Caicos Islands,TCA,2010,3.841
Turks and Caicos Islands,TCA,2011,3.476
Turks and Caicos Islands,TCA,2012,4.639
Turks and Caicos Islands,TCA,2013,4.642
Turks and Caicos Islands,TCA,2014,3.515
Turks and Caicos Islands,TCA,2015,5.132
Turks and Caicos Islands,TCA,2016,4.025
Turks and Caicos Islands,TCA,2017,4.142
Turks and Caicos Islands,TCA,2018,3.944
Turks and Caicos Islands,TCA,2019,3.649
Turks and Caicos Islands,TCA,2020,1.949
Turks and Caicos Islands,TCA,2021,1.881
Turks and Caicos Islands,TCA,2022,0.779
Turks and Caicos Islands,TCA,2023,0.745
Tuvalu,TUV,1950,4.471
Tuvalu,TUV,1951,2.213
Tuvalu,TUV,1952,2.753
Tuvalu,TUV,1953,2.164
Tuvalu,TUV,1954,1.442
Tuvalu,TUV,1955,1.068
Tuvalu,TUV,1956,0.928
Tuvalu,TUV,1957,0.901
Tuvalu,TUV,1958,1.237
Tuvalu,TUV,1959,0.774
Tuvalu,TUV,1960,0.875
Tuvalu,TUV,1961,0.885
Tuvalu,TUV,1962,0.93
Tuvalu,TUV,1963,0.869
Tuvalu,TUV,1964,-0.834
Tuvalu,TUV,1965,-0.437
Tuvalu,TUV,1966,-0.616
Tuvalu,TUV,1967,-0.548
Tuvalu,TUV,1968,-0.48
Tuvalu,TUV,1969,0.746
Tuvalu,TUV,1970,0.388
Tuvalu,TUV,1971,0.387
Tuvalu,TUV,1972,-0.123
Tuvalu,TUV,1973,-0.264
Tuvalu,TUV,1974,5.085
Tuvalu,TUV,1975,4.791
Tuvalu,TUV,1976,4.419
Tuvalu,TUV,1977,4.174
Tuvalu,TUV,1978,3.809
Tuvalu,TUV,1979,2.603
Tuvalu,TUV,1980,2.417
Tuvalu,TUV,1981,1.887
Tuvalu,TUV,1982,1.736
Tuvalu,TUV,1983,1.515
Tuvalu,TUV,1984,1.367
Tuvalu,TUV,1985,2.25
Tuvalu,TUV,1986,1.959
Tuvalu,TUV,1987,1.744
Tuvalu,TUV,1988,1.738
Tuvalu,TUV,1989,1.628
Tuvalu,TUV,1990,1.478
Tuvalu,TUV,1991,1.456
Tuvalu,TUV,1992,0.996
Tuvalu,TUV,1993,0.931
Tuvalu,TUV,1994,0.858
Tuvalu,TUV,1995,0.7
Tuvalu,TUV,1996,0.642
Tuvalu,TUV,1997,0.606
Tuvalu,TUV,1998,0.466
Tuvalu,TUV,1999,0.484
Tuvalu,TUV,2000,0.524
Tuvalu,TUV,2001,0.365
Tuvalu,TUV,2002,0.385
Tuvalu,TUV,2003,1.124
Tuvalu,TUV,2004,1.345
Tuvalu,TUV,2005,1.157
Tuvalu,TUV,2006,1.164
Tuvalu,TUV,2007,1.336
Tuvalu,TUV,2008,1.376
Tuvalu,TUV,2009,1.329
Tuvalu,TUV,2010,1.564
Tuvalu,TUV,2011,1.531
Tuvalu,TUV,2012,1.326
Tuvalu,TUV,2013,-0.118
Tuvalu,TUV,2014,-0.182
Tuvalu,TUV,2015,-0.201
Tuvalu,TUV,2016,-0.412
Tuvalu,TUV,2017,-0.699
Tuvalu,TUV,2018,-1.498
Tuvalu,TUV,2019,-1.682
Tuvalu,TUV,2020,-1.779
Tuvalu,TUV,2021,-2.227
Tuvalu,TUV,2022,-1.761
Tuvalu,TUV,2023,-1.803
Uganda,UGA,1950,2.746
Uganda,UGA,1951,2.751
Uganda,UGA,1952,2.784
Uganda,UGA,1953,2.811
Uganda,UGA,1954,2.835
Uganda,UGA,1955,2.851
Uganda,UGA,1956,2.863
Uganda,UGA,1957,2.884
Uganda,UGA,1958,2.909
Uganda,UGA,1959,2.931
Uganda,UGA,1960,2.847
Uganda,UGA,1961,2.862
Uganda,UGA,1962,2.905
Uganda,UGA,1963,2.974
Uganda,UGA,1964,3
Uganda,UGA,1965,3.03
Uganda,UGA,1966,3.061
Uganda,UGA,1967,3.113
Uganda,UGA,1968,3.157
Uganda,UGA,1969,3.055
Uganda,UGA,1970,2.98
Uganda,UGA,1971,2.69
Uganda,UGA,1972,2.292
Uganda,UGA,1973,2.399
Uganda,UGA,1974,2.572
Uganda,UGA,1975,2.618
Uganda,UGA,1976,2.635
Uganda,UGA,1977,2.65
Uganda,UGA,1978,2.658
Uganda,UGA,1979,2.175
Uganda,UGA,1980,1.992
Uganda,UGA,1981,2.191
Uganda,UGA,1982,2.432
Uganda,UGA,1983,2.526
Uganda,UGA,1984,2.823
Uganda,UGA,1985,2.793
Uganda,UGA,1986,3.027
Uganda,UGA,1987,3.165
Uganda,UGA,1988,3.204
Uganda,UGA,1989,3.25
Uganda,UGA,1990,3.22
Uganda,UGA,1991,3.34
Uganda,UGA,1992,3.471
Uganda,UGA,1993,3.438
Uganda,UGA,1994,3.277
Uganda,UGA,1995,2.201
Uganda,UGA,1996,3.189
Uganda,UGA,1997,2.618
Uganda,UGA,1998,3.32
Uganda,UGA,1999,3.163
Uganda,UGA,2000,3.126
Uganda,UGA,2001,2.994
Uganda,UGA,2002,3.265
Uganda,UGA,2003,3.055
Uganda,UGA,2004,2.946
Uganda,UGA,2005,2.924
Uganda,UGA,2006,2.93
Uganda,UGA,2007,2.951
Uganda,UGA,2008,2.938
Uganda,UGA,2009,2.945
Uganda,UGA,2010,2.943
Uganda,UGA,2011,2.921
Uganda,UGA,2012,2.888
Uganda,UGA,2013,2.852
Uganda,UGA,2014,3.048
Uganda,UGA,2015,3.098
Uganda,UGA,2016,3.539
Uganda,UGA,2017,3.444
Uganda,UGA,2018,3.352
Uganda,UGA,2019,3.429
Uganda,UGA,2020,3.241
Uganda,UGA,2021,3.195
Uganda,UGA,2022,2.826
Uganda,UGA,2023,2.777
Ukraine,UKR,1950,1.328
Ukraine,UKR,1951,1.317
Ukraine,UKR,1952,1.305
Ukraine,UKR,1953,1.286
Ukraine,UKR,1954,1.345
Ukraine,UKR,1955,1.381
Ukraine,UKR,1956,1.407
Ukraine,UKR,1957,1.441
Ukraine,UKR,1958,1.6
Ukraine,UKR,1959,1.346
Ukraine,UKR,1960,1.38
Ukraine,UKR,1961,1.291
Ukraine,UKR,1962,1.201
Ukraine,UKR,1963,1.147
Ukraine,UKR,1964,1.041
Ukraine,UKR,1965,0.89
Ukraine,UKR,1966,0.933
Ukraine,UKR,1967,0.864
Ukraine,UKR,1968,0.852
Ukraine,UKR,1969,0.695
Ukraine,UKR,1970,0.515
Ukraine,UKR,1971,0.8
Ukraine,UKR,1972,0.765
Ukraine,UKR,1973,0.608
Ukraine,UKR,1974,0.628
Ukraine,UKR,1975,0.557
Ukraine,UKR,1976,0.487
Ukraine,UKR,1977,0.39
Ukraine,UKR,1978,0.358
Ukraine,UKR,1979,0.448
Ukraine,UKR,1980,0.49
Ukraine,UKR,1981,0.446
Ukraine,UKR,1982,0.403
Ukraine,UKR,1983,0.524
Ukraine,UKR,1984,0.463
Ukraine,UKR,1985,0.404
Ukraine,UKR,1986,0.416
Ukraine,UKR,1987,0.351
Ukraine,UKR,1988,0.459
Ukraine,UKR,1989,0.286
Ukraine,UKR,1990,0.239
Ukraine,UKR,1991,0.21
Ukraine,UKR,1992,0.374
Ukraine,UKR,1993,-0.273
Ukraine,UKR,1994,-0.778
Ukraine,UKR,1995,-0.805
Ukraine,UKR,1996,-0.904
Ukraine,UKR,1997,-0.818
Ukraine,UKR,1998,-0.792
Ukraine,UKR,1999,-0.815
Ukraine,UKR,2000,-0.872
Ukraine,UKR,2001,-0.952
Ukraine,UKR,2002,-0.804
Ukraine,UKR,2003,-0.689
Ukraine,UKR,2004,-0.706
Ukraine,UKR,2005,-0.944
Ukraine,UKR,2006,-0.348
Ukraine,UKR,2007,-0.568
Ukraine,UKR,2008,-0.469
Ukraine,UKR,2009,-0.367
Ukraine,UKR,2010,-0.354
Ukraine,UKR,2011,-0.285
Ukraine,UKR,2012,-0.138
Ukraine,UKR,2013,-0.223
Ukraine,UKR,2014,-0.448
Ukraine,UKR,2015,-0.369
Ukraine,UKR,2016,-0.366
Ukraine,UKR,2017,-0.428
Ukraine,UKR,2018,-0.574
Ukraine,UKR,2019,-0.541
Ukraine,UKR,2020,-0.698
Ukraine,UKR,2021,-1.018
Ukraine,UKR,2022,-14.762
Ukraine,UKR,2023,-1.546
United Arab Emirates,ARE,1950,6.616
United Arab Emirates,ARE,1951,6.449
United Arab Emirates,ARE,1952,6.271
United Arab Emirates,ARE,1953,6.056
United Arab Emirates,ARE,1954,5.807
United Arab Emirates,ARE,1955,5.589
United Arab Emirates,ARE,1956,5.378
United Arab Emirates,ARE,1957,5.225
United Arab Emirates,ARE,1958,5.107
United Arab Emirates,ARE,1959,5.032
United Arab Emirates,ARE,1960,4.957
United Arab Emirates,ARE,1961,4.929
United Arab Emirates,ARE,1962,4.909
United Arab Emirates,ARE,1963,4.873
United Arab Emirates,ARE,1964,4.726
United Arab Emirates,ARE,1965,4.355
United Arab Emirates,ARE,1966,3.719
United Arab Emirates,ARE,1967,2.77
United Arab Emirates,ARE,1968,17.32
United Arab Emirates,ARE,1969,19.268
United Arab Emirates,ARE,1970,16.691
United Arab Emirates,ARE,1971,14.732
United Arab Emirates,ARE,1972,13.189
United Arab Emirates,ARE,1973,11.945
United Arab Emirates,ARE,1974,10.911
United Arab Emirates,ARE,1975,9.998
United Arab Emirates,ARE,1976,14.932
United Arab Emirates,ARE,1977,13.665
United Arab Emirates,ARE,1978,12.526
United Arab Emirates,ARE,1979,11.442
United Arab Emirates,ARE,1980,10.163
United Arab Emirates,ARE,1981,5.927
United Arab Emirates,ARE,1982,5.82
United Arab Emirates,ARE,1983,5.669
United Arab Emirates,ARE,1984,5.466
United Arab Emirates,ARE,1985,5.26
United Arab Emirates,ARE,1986,7.26
United Arab Emirates,ARE,1987,6.815
United Arab Emirates,ARE,1988,6.415
United Arab Emirates,ARE,1989,6.051
United Arab Emirates,ARE,1990,5.715
United Arab Emirates,ARE,1991,5.401
United Arab Emirates,ARE,1992,5.102
United Arab Emirates,ARE,1993,4.81
United Arab Emirates,ARE,1994,4.525
United Arab Emirates,ARE,1995,4.421
United Arab Emirates,ARE,1996,8.404
United Arab Emirates,ARE,1997,7.866
United Arab Emirates,ARE,1998,7.387
United Arab Emirates,ARE,1999,6.943
United Arab Emirates,ARE,2000,6.542
United Arab Emirates,ARE,2001,6.221
United Arab Emirates,ARE,2002,5.939
United Arab Emirates,ARE,2003,5.639
United Arab Emirates,ARE,2004,5.345
United Arab Emirates,ARE,2005,5.038
United Arab Emirates,ARE,2006,9.063
United Arab Emirates,ARE,2007,13.844
United Arab Emirates,ARE,2008,9.187
United Arab Emirates,ARE,2009,3.432
United Arab Emirates,ARE,2010,3.351
United Arab Emirates,ARE,2011,4.024
United Arab Emirates,ARE,2012,4.078
United Arab Emirates,ARE,2013,4.645
United Arab Emirates,ARE,2014,5.42
United Arab Emirates,ARE,2015,4.949
United Arab Emirates,ARE,2016,3.137
United Arab Emirates,ARE,2017,1.339
United Arab Emirates,ARE,2018,1.086
United Arab Emirates,ARE,2019,-0.421
United Arab Emirates,ARE,2020,1.914
United Arab Emirates,ARE,2021,5.111
United Arab Emirates,ARE,2022,3.963
United Arab Emirates,ARE,2023,3.704
United Kingdom,GBR,1950,0.758
United Kingdom,GBR,1951,0.142
United Kingdom,GBR,1952,0.45
United Kingdom,GBR,1953,0.462
United Kingdom,GBR,1954,0.447
United Kingdom,GBR,1955,0.408
United Kingdom,GBR,1956,0.464
United Kingdom,GBR,1957,0.527
United Kingdom,GBR,1958,0.553
United Kingdom,GBR,1959,0.564
United Kingdom,GBR,1960,0.627
United Kingdom,GBR,1961,0.687
United Kingdom,GBR,1962,0.774
United Kingdom,GBR,1963,0.648
United Kingdom,GBR,1964,0.675
United Kingdom,GBR,1965,0.616
United Kingdom,GBR,1966,0.548
United Kingdom,GBR,1967,0.537
United Kingdom,GBR,1968,0.432
United Kingdom,GBR,1969,0.347
United Kingdom,GBR,1970,0.4
United Kingdom,GBR,1971,0.412
United Kingdom,GBR,1972,0.263
United Kingdom,GBR,1973,0.127
United Kingdom,GBR,1974,0
United Kingdom,GBR,1975,-0.016
United Kingdom,GBR,1976,-0.052
United Kingdom,GBR,1977,-0.038
United Kingdom,GBR,1978,0.037
United Kingdom,GBR,1979,0.117
United Kingdom,GBR,1980,0.109
United Kingdom,GBR,1981,-0.029
United Kingdom,GBR,1982,-0.013
United Kingdom,GBR,1983,0.153
United Kingdom,GBR,1984,0.27
United Kingdom,GBR,1985,0.279
United Kingdom,GBR,1986,0.235
United Kingdom,GBR,1987,0.237
United Kingdom,GBR,1988,0.256
United Kingdom,GBR,1989,0.289
United Kingdom,GBR,1990,0.36
United Kingdom,GBR,1991,0.293
United Kingdom,GBR,1992,0.277
United Kingdom,GBR,1993,0.214
United Kingdom,GBR,1994,0.277
United Kingdom,GBR,1995,0.245
United Kingdom,GBR,1996,0.25
United Kingdom,GBR,1997,0.259
United Kingdom,GBR,1998,0.355
United Kingdom,GBR,1999,0.367
United Kingdom,GBR,2000,0.375
United Kingdom,GBR,2001,0.405
United Kingdom,GBR,2002,0.446
United Kingdom,GBR,2003,0.491
United Kingdom,GBR,2004,0.674
United Kingdom,GBR,2005,0.737
United Kingdom,GBR,2006,0.759
United Kingdom,GBR,2007,0.823
United Kingdom,GBR,2008,0.768
United Kingdom,GBR,2009,0.77
United Kingdom,GBR,2010,0.824
United Kingdom,GBR,2011,0.766
United Kingdom,GBR,2012,0.65
United Kingdom,GBR,2013,0.686
United Kingdom,GBR,2014,0.788
United Kingdom,GBR,2015,0.797
United Kingdom,GBR,2016,0.761
United Kingdom,GBR,2017,0.634
United Kingdom,GBR,2018,0.562
United Kingdom,GBR,2019,0.509
United Kingdom,GBR,2020,0.208
United Kingdom,GBR,2021,0.73
United Kingdom,GBR,2022,0.773
United Kingdom,GBR,2023,0.699
United States,USA,1950,1.473
United States,USA,1951,1.461
United States,USA,1952,1.473
United States,USA,1953,1.495
United States,USA,1954,1.544
United States,USA,1955,1.565
United States,USA,1956,1.569
United States,USA,1957,1.574
United States,USA,1958,1.569
United States,USA,1959,1.766
United States,USA,1960,1.736
United States,USA,1961,1.799
United States,USA,1962,1.697
United States,USA,1963,1.598
United States,USA,1964,1.533
United States,USA,1965,1.387
United States,USA,1966,1.266
United States,USA,1967,1.175
United States,USA,1968,1.115
United States,USA,1969,1.127
United States,USA,1970,1.289
United States,USA,1971,1.227
United States,USA,1972,1.057
United States,USA,1973,0.966
United States,USA,1974,0.95
United States,USA,1975,0.932
United States,USA,1976,0.92
United States,USA,1977,0.961
United States,USA,1978,0.944
United States,USA,1979,0.98
United States,USA,1980,1.017
United States,USA,1981,1.012
United States,USA,1982,1.029
United States,USA,1983,1.01
United States,USA,1984,0.979
United States,USA,1985,0.964
United States,USA,1986,0.9
United States,USA,1987,0.901
United States,USA,1988,0.904
United States,USA,1989,0.925
United States,USA,1990,1.215
United States,USA,1991,1.216
United States,USA,1992,1.214
United States,USA,1993,1.105
United States,USA,1994,1.047
United States,USA,1995,1
United States,USA,1996,0.97
United States,USA,1997,0.946
United States,USA,1998,0.984
United States,USA,1999,0.938
United States,USA,2000,0.988
United States,USA,2001,0.988
United States,USA,2002,0.975
United States,USA,2003,0.982
United States,USA,2004,0.993
United States,USA,2005,0.998
United States,USA,2006,1.029
United States,USA,2007,1.045
United States,USA,2008,1.016
United States,USA,2009,0.976
United States,USA,2010,0.987
United States,USA,2011,0.959
United States,USA,2012,0.948
United States,USA,2013,0.932
United States,USA,2014,0.936
United States,USA,2015,0.919
United States,USA,2016,0.945
United States,USA,2017,0.885
United States,USA,2018,0.824
United States,USA,2019,0.801
United States,USA,2020,0.173
United States,USA,2021,0.254
United States,USA,2022,0.551
United States,USA,2023,0.584
United States Virgin Islands,VIR,1950,3.124
United States Virgin Islands,VIR,1951,1.734
United States Virgin Islands,VIR,1952,1.49
United States Virgin Islands,VIR,1953,1.707
United States Virgin Islands,VIR,1954,1.811
United States Virgin Islands,VIR,1955,1.588
United States Virgin Islands,VIR,1956,1.586
United States Virgin Islands,VIR,1957,1.571
United States Virgin Islands,VIR,1958,1.773
United States Virgin Islands,VIR,1959,1.805
United States Virgin Islands,VIR,1960,6.34
United States Virgin Islands,VIR,1961,7.703
United States Virgin Islands,VIR,1962,7.928
United States Virgin Islands,VIR,1963,7.746
United States Virgin Islands,VIR,1964,8.024
United States Virgin Islands,VIR,1965,7.229
United States Virgin Islands,VIR,1966,6.309
United States Virgin Islands,VIR,1967,5.507
United States Virgin Islands,VIR,1968,4.87
United States Virgin Islands,VIR,1969,4.296
United States Virgin Islands,VIR,1970,6.327
United States Virgin Islands,VIR,1971,5.992
United States Virgin Islands,VIR,1972,5.479
United States Virgin Islands,VIR,1973,4.85
United States Virgin Islands,VIR,1974,4.403
United States Virgin Islands,VIR,1975,3.789
United States Virgin Islands,VIR,1976,3.563
United States Virgin Islands,VIR,1977,3.353
United States Virgin Islands,VIR,1978,3.083
United States Virgin Islands,VIR,1979,2.977
United States Virgin Islands,VIR,1980,1.511
United States Virgin Islands,VIR,1981,0.943
United States Virgin Islands,VIR,1982,0.857
United States Virgin Islands,VIR,1983,0.768
United States Virgin Islands,VIR,1984,0.674
United States Virgin Islands,VIR,1985,0.586
United States Virgin Islands,VIR,1986,0.465
United States Virgin Islands,VIR,1987,0.318
United States Virgin Islands,VIR,1988,0.114
United States Virgin Islands,VIR,1989,-0.151
United States Virgin Islands,VIR,1990,0.892
United States Virgin Islands,VIR,1991,1.109
United States Virgin Islands,VIR,1992,0.974
United States Virgin Islands,VIR,1993,0.856
United States Virgin Islands,VIR,1994,0.758
United States Virgin Islands,VIR,1995,0.63
United States Virgin Islands,VIR,1996,0.532
United States Virgin Islands,VIR,1997,0.383
United States Virgin Islands,VIR,1998,0.236
United States Virgin Islands,VIR,1999,0.052
United States Virgin Islands,VIR,2000,-0.051
United States Virgin Islands,VIR,2001,-0.047
United States Virgin Islands,VIR,2002,-0.152
United States Virgin Islands,VIR,2003,-0.305
United States Virgin Islands,VIR,2004,-0.316
United States Virgin Islands,VIR,2005,-0.107
United States Virgin Islands,VIR,2006,-0.184
United States Virgin Islands,VIR,2007,-0.228
United States Virgin Islands,VIR,2008,-0.275
United States Virgin Islands,VIR,2009,-0.101
United States Virgin Islands,VIR,2010,-0.741
United States Virgin Islands,VIR,2011,-0.999
United States Virgin Islands,VIR,2012,-1.085
United States Virgin Islands,VIR,2013,-1.114
United States Virgin Islands,VIR,2014,-1.144
United States Virgin Islands,VIR,2015,-2.331
United States Virgin Islands,VIR,2016,-2.643
United States Virgin Islands,VIR,2017,-2.897
United States Virgin Islands,VIR,2018,-3.117
United States Virgin Islands,VIR,2019,-3.336
United States Virgin Islands,VIR,2020,-0.4
United States Virgin Islands,VIR,2021,-0.706
United States Virgin Islands,VIR,2022,-0.943
United States Virgin Islands,VIR,2023,-0.929
Upper-middle-income countries,OWID_UMC,1950,1.928
Upper-middle-income countries,OWID_UMC,1951,1.927
Upper-middle-income countries,OWID_UMC,1952,2.258
Upper-middle-income countries,OWID_UMC,1953,2.129
Upper-middle-income countries,OWID_UMC,1954,2.27
Upper-middle-income countries,OWID_UMC,1955,2.278
Upper-middle-income countries,OWID_UMC,1956,2.179
Upper-middle-income countries,OWID_UMC,1957,2.404
Upper-middle-income countries,OWID_UMC,1958,2.151
Upper-middle-income countries,OWID_UMC,1959,1.432
Upper-middle-income countries,OWID_UMC,1960,1.068
Upper-middle-income countries,OWID_UMC,1961,1.276
Upper-middle-income countries,OWID_UMC,1962,2.427
Upper-middle-income countries,OWID_UMC,1963,2.859
Upper-middle-income countries,OWID_UMC,1964,2.437
Upper-middle-income countries,OWID_UMC,1965,2.419
Upper-middle-income countries,OWID_UMC,1966,2.363
Upper-middle-income countries,OWID_UMC,1967,2.304
Upper-middle-income countries,OWID_UMC,1968,2.469
Upper-middle-income countries,OWID_UMC,1969,2.376
Upper-middle-income countries,OWID_UMC,1970,2.356
Upper-middle-income countries,OWID_UMC,1971,2.233
Upper-middle-income countries,OWID_UMC,1972,2.148
Upper-middle-income countries,OWID_UMC,1973,2.076
Upper-middle-income countries,OWID_UMC,1974,1.938
Upper-middle-income countries,OWID_UMC,1975,1.782
Upper-middle-income countries,OWID_UMC,1976,1.716
Upper-middle-income countries,OWID_UMC,1977,1.637
Upper-middle-income countries,OWID_UMC,1978,1.619
Upper-middle-income countries,OWID_UMC,1979,1.631
Upper-middle-income countries,OWID_UMC,1980,1.663
Upper-middle-income countries,OWID_UMC,1981,1.679
Upper-middle-income countries,OWID_UMC,1982,1.772
Upper-middle-income countries,OWID_UMC,1983,1.632
Upper-middle-income countries,OWID_UMC,1984,1.672
Upper-middle-income countries,OWID_UMC,1985,1.681
Upper-middle-income countries,OWID_UMC,1986,1.76
Upper-middle-income countries,OWID_UMC,1987,1.788
Upper-middle-income countries,OWID_UMC,1988,1.688
Upper-middle-income countries,OWID_UMC,1989,1.663
Upper-middle-income countries,OWID_UMC,1990,1.636
Upper-middle-income countries,OWID_UMC,1991,1.323
Upper-middle-income countries,OWID_UMC,1992,1.155
Upper-middle-income countries,OWID_UMC,1993,1.188
Upper-middle-income countries,OWID_UMC,1994,1.098
Upper-middle-income countries,OWID_UMC,1995,1.081
Upper-middle-income countries,OWID_UMC,1996,1.031
Upper-middle-income countries,OWID_UMC,1997,0.984
Upper-middle-income countries,OWID_UMC,1998,0.947
Upper-middle-income countries,OWID_UMC,1999,0.905
Upper-middle-income countries,OWID_UMC,2000,0.917
Upper-middle-income countries,OWID_UMC,2001,0.84
Upper-middle-income countries,OWID_UMC,2002,0.844
Upper-middle-income countries,OWID_UMC,2003,0.775
Upper-middle-income countries,OWID_UMC,2004,0.768
Upper-middle-income countries,OWID_UMC,2005,0.794
Upper-middle-income countries,OWID_UMC,2006,0.726
Upper-middle-income countries,OWID_UMC,2007,0.749
Upper-middle-income countries,OWID_UMC,2008,0.823
Upper-middle-income countries,OWID_UMC,2009,0.841
Upper-middle-income countries,OWID_UMC,2010,0.821
Upper-middle-income countries,OWID_UMC,2011,0.798
Upper-middle-income countries,OWID_UMC,2012,0.915
Upper-middle-income countries,OWID_UMC,2013,0.855
Upper-middle-income countries,OWID_UMC,2014,0.852
Upper-middle-income countries,OWID_UMC,2015,0.791
Upper-middle-income countries,OWID_UMC,2016,0.742
Upper-middle-income countries,OWID_UMC,2017,0.776
Upper-middle-income countries,OWID_UMC,2018,0.639
Upper-middle-income countries,OWID_UMC,2019,0.545
Upper-middle-income countries,OWID_UMC,2020,0.376
Upper-middle-income countries,OWID_UMC,2021,0.233
Upper-middle-income countries,OWID_UMC,2022,0.279
Upper-middle-income countries,OWID_UMC,2023,0.189
Uruguay,URY,1950,0.92
Uruguay,URY,1951,1.04
Uruguay,URY,1952,1.137
Uruguay,URY,1953,1.211
Uruguay,URY,1954,1.27
Uruguay,URY,1955,1.295
Uruguay,URY,1956,1.335
Uruguay,URY,1957,1.349
Uruguay,URY,1958,1.356
Uruguay,URY,1959,1.327
Uruguay,URY,1960,1.284
Uruguay,URY,1961,1.237
Uruguay,URY,1962,1.189
Uruguay,URY,1963,1.148
Uruguay,URY,1964,1.082
Uruguay,URY,1965,1.017
Uruguay,URY,1966,0.949
Uruguay,URY,1967,0.863
Uruguay,URY,1968,0.765
Uruguay,URY,1969,0.636
Uruguay,URY,1970,0.574
Uruguay,URY,1971,0.545
Uruguay,URY,1972,0.534
Uruguay,URY,1973,0.561
Uruguay,URY,1974,0.621
Uruguay,URY,1975,0.663
Uruguay,URY,1976,0.661
Uruguay,URY,1977,0.586
Uruguay,URY,1978,0.529
Uruguay,URY,1979,0.439
Uruguay,URY,1980,0.379
Uruguay,URY,1981,0.384
Uruguay,URY,1982,0.44
Uruguay,URY,1983,0.451
Uruguay,URY,1984,0.465
Uruguay,URY,1985,0.502
Uruguay,URY,1986,0.543
Uruguay,URY,1987,0.578
Uruguay,URY,1988,0.603
Uruguay,URY,1989,0.586
Uruguay,URY,1990,0.586
Uruguay,URY,1991,0.567
Uruguay,URY,1992,0.541
Uruguay,URY,1993,0.516
Uruguay,URY,1994,0.526
Uruguay,URY,1995,0.518
Uruguay,URY,1996,0.538
Uruguay,URY,1997,0.521
Uruguay,URY,1998,0.465
Uruguay,URY,1999,0.443
Uruguay,URY,2000,0.305
Uruguay,URY,2001,0.187
Uruguay,URY,2002,0.095
Uruguay,URY,2003,0.046
Uruguay,URY,2004,0.073
Uruguay,URY,2005,0.087
Uruguay,URY,2006,0.141
Uruguay,URY,2007,0.202
Uruguay,URY,2008,0.224
Uruguay,URY,2009,0.255
Uruguay,URY,2010,0.257
Uruguay,URY,2011,0.239
Uruguay,URY,2012,0.276
Uruguay,URY,2013,0.319
Uruguay,URY,2014,0.337
Uruguay,URY,2015,0.358
Uruguay,URY,2016,0.31
Uruguay,URY,2017,0.231
Uruguay,URY,2018,0.129
Uruguay,URY,2019,0.029
Uruguay,URY,2020,0.075
Uruguay,URY,2021,-0.209
Uruguay,URY,2022,-0.132
Uruguay,URY,2023,-0.036
Uzbekistan,UZB,1950,2.305
Uzbekistan,UZB,1951,2.293
Uzbekistan,UZB,1952,2.396
Uzbekistan,UZB,1953,2.487
Uzbekistan,UZB,1954,2.574
Uzbekistan,UZB,1955,2.717
Uzbekistan,UZB,1956,2.819
Uzbekistan,UZB,1957,2.917
Uzbekistan,UZB,1958,3.051
Uzbekistan,UZB,1959,3.252
Uzbekistan,UZB,1960,3.523
Uzbekistan,UZB,1961,3.851
Uzbekistan,UZB,1962,3.9
Uzbekistan,UZB,1963,3.809
Uzbekistan,UZB,1964,3.77
Uzbekistan,UZB,1965,3.708
Uzbekistan,UZB,1966,3.571
Uzbekistan,UZB,1967,3.494
Uzbekistan,UZB,1968,3.386
Uzbekistan,UZB,1969,3.231
Uzbekistan,UZB,1970,2.98
Uzbekistan,UZB,1971,2.867
Uzbekistan,UZB,1972,2.888
Uzbekistan,UZB,1973,2.899
Uzbekistan,UZB,1974,2.908
Uzbekistan,UZB,1975,2.905
Uzbekistan,UZB,1976,2.895
Uzbekistan,UZB,1977,2.882
Uzbekistan,UZB,1978,2.699
Uzbekistan,UZB,1979,2.62
Uzbekistan,UZB,1980,2.626
Uzbekistan,UZB,1981,2.62
Uzbekistan,UZB,1982,2.644
Uzbekistan,UZB,1983,2.697
Uzbekistan,UZB,1984,2.79
Uzbekistan,UZB,1985,2.843
Uzbekistan,UZB,1986,2.895
Uzbekistan,UZB,1987,2.834
Uzbekistan,UZB,1988,2.696
Uzbekistan,UZB,1989,2.545
Uzbekistan,UZB,1990,2.283
Uzbekistan,UZB,1991,2.523
Uzbekistan,UZB,1992,2.4
Uzbekistan,UZB,1993,2.229
Uzbekistan,UZB,1994,2.05
Uzbekistan,UZB,1995,1.955
Uzbekistan,UZB,1996,1.802
Uzbekistan,UZB,1997,1.655
Uzbekistan,UZB,1998,1.486
Uzbekistan,UZB,1999,1.322
Uzbekistan,UZB,2000,1.205
Uzbekistan,UZB,2001,1.227
Uzbekistan,UZB,2002,1.227
Uzbekistan,UZB,2003,1.21
Uzbekistan,UZB,2004,1.249
Uzbekistan,UZB,2005,1.252
Uzbekistan,UZB,2006,1.326
Uzbekistan,UZB,2007,1.477
Uzbekistan,UZB,2008,1.592
Uzbekistan,UZB,2009,1.616
Uzbekistan,UZB,2010,1.553
Uzbekistan,UZB,2011,1.507
Uzbekistan,UZB,2012,1.514
Uzbekistan,UZB,2013,1.62
Uzbekistan,UZB,2014,1.709
Uzbekistan,UZB,2015,1.744
Uzbekistan,UZB,2016,1.708
Uzbekistan,UZB,2017,1.681
Uzbekistan,UZB,2018,1.772
Uzbekistan,UZB,2019,1.847
Uzbekistan,UZB,2020,1.889
Uzbekistan,UZB,2021,1.986
Uzbekistan,UZB,2022,2.033
Uzbekistan,UZB,2023,2.009
Vanuatu,VUT,1950,1.62
Vanuatu,VUT,1951,1.532
Vanuatu,VUT,1952,1.879
Vanuatu,VUT,1953,1.98
Vanuatu,VUT,1954,2.111
Vanuatu,VUT,1955,2.209
Vanuatu,VUT,1956,2.303
Vanuatu,VUT,1957,2.641
Vanuatu,VUT,1958,2.694
Vanuatu,VUT,1959,2.765
Vanuatu,VUT,1960,2.778
Vanuatu,VUT,1961,2.833
Vanuatu,VUT,1962,2.847
Vanuatu,VUT,1963,2.892
Vanuatu,VUT,1964,2.898
Vanuatu,VUT,1965,2.936
Vanuatu,VUT,1966,2.978
Vanuatu,VUT,1967,3.017
Vanuatu,VUT,1968,2.959
Vanuatu,VUT,1969,2.958
Vanuatu,VUT,1970,2.95
Vanuatu,VUT,1971,2.977
Vanuatu,VUT,1972,3.01
Vanuatu,VUT,1973,3.013
Vanuatu,VUT,1974,3.036
Vanuatu,VUT,1975,3.057
Vanuatu,VUT,1976,3.071
Vanuatu,VUT,1977,3.08
Vanuatu,VUT,1978,3.098
Vanuatu,VUT,1979,2.432
Vanuatu,VUT,1980,2.154
Vanuatu,VUT,1981,2.271
Vanuatu,VUT,1982,2.387
Vanuatu,VUT,1983,2.449
Vanuatu,VUT,1984,2.506
Vanuatu,VUT,1985,2.539
Vanuatu,VUT,1986,2.557
Vanuatu,VUT,1987,2.563
Vanuatu,VUT,1988,2.573
Vanuatu,VUT,1989,2.531
Vanuatu,VUT,1990,2.489
Vanuatu,VUT,1991,2.488
Vanuatu,VUT,1992,2.476
Vanuatu,VUT,1993,2.418
Vanuatu,VUT,1994,2.354
Vanuatu,VUT,1995,2.275
Vanuatu,VUT,1996,2.191
Vanuatu,VUT,1997,2.11
Vanuatu,VUT,1998,2.069
Vanuatu,VUT,1999,2.076
Vanuatu,VUT,2000,2.516
Vanuatu,VUT,2001,2.52
Vanuatu,VUT,2002,2.476
Vanuatu,VUT,2003,2.449
Vanuatu,VUT,2004,2.438
Vanuatu,VUT,2005,2.412
Vanuatu,VUT,2006,2.428
Vanuatu,VUT,2007,2.469
Vanuatu,VUT,2008,2.547
Vanuatu,VUT,2009,2.531
Vanuatu,VUT,2010,2.159
Vanuatu,VUT,2011,2.181
Vanuatu,VUT,2012,2.214
Vanuatu,VUT,2013,2.234
Vanuatu,VUT,2014,2.24
Vanuatu,VUT,2015,2.215
Vanuatu,VUT,2016,2.234
Vanuatu,VUT,2017,2.429
Vanuatu,VUT,2018,2.363
Vanuatu,VUT,2019,2.299
Vanuatu,VUT,2020,2.354
Vanuatu,VUT,2021,2.284
Vanuatu,VUT,2022,2.355
Vanuatu,VUT,2023,2.295
Vatican,VAT,1950,0.682
Vatican,VAT,1951,0.677
Vatican,VAT,1952,0.673
Vatican,VAT,1953,0.668
Vatican,VAT,1954,0.774
Vatican,VAT,1955,0.659
Vatican,VAT,1956,0.437
Vatican,VAT,1957,0.109
Vatican,VAT,1958,0.109
Vatican,VAT,1959,0
Vatican,VAT,1960,-0.436
Vatican,VAT,1961,0.109
Vatican,VAT,1962,0
Vatican,VAT,1963,0.218
Vatican,VAT,1964,0.543
Vatican,VAT,1965,-8.348
Vatican,VAT,1966,-2.261
Vatican,VAT,1967,-6.334
Vatican,VAT,1968,-2.861
Vatican,VAT,1969,-1.328
Vatican,VAT,1970,-0.94
Vatican,VAT,1971,-0.541
Vatican,VAT,1972,-0.136
Vatican,VAT,1973,-0.408
Vatican,VAT,1974,0
Vatican,VAT,1975,0
Vatican,VAT,1976,0.408
Vatican,VAT,1977,0.407
Vatican,VAT,1978,0.135
Vatican,VAT,1979,0.405
Vatican,VAT,1980,0
Vatican,VAT,1981,-0.27
Vatican,VAT,1982,-0.27
Vatican,VAT,1983,-0.543
Vatican,VAT,1984,-0.136
Vatican,VAT,1985,-0.684
Vatican,VAT,1986,0.274
Vatican,VAT,1987,-0.274
Vatican,VAT,1988,-0.275
Vatican,VAT,1989,-0.138
Vatican,VAT,1990,-0.138
Vatican,VAT,1991,0
Vatican,VAT,1992,-0.276
Vatican,VAT,1993,-1.253
Vatican,VAT,1994,-0.985
Vatican,VAT,1995,-0.71
Vatican,VAT,1996,-0.428
Vatican,VAT,1997,-0.287
Vatican,VAT,1998,0
Vatican,VAT,1999,-0.287
Vatican,VAT,2000,-1.158
Vatican,VAT,2001,-1.614
Vatican,VAT,2002,-1.34
Vatican,VAT,2003,-0.904
Vatican,VAT,2004,-0.151
Vatican,VAT,2005,-0.303
Vatican,VAT,2006,-0.763
Vatican,VAT,2007,-1.699
Vatican,VAT,2008,-1.412
Vatican,VAT,2009,-1.432
Vatican,VAT,2010,-1.128
Vatican,VAT,2011,-0.977
Vatican,VAT,2012,-3.159
Vatican,VAT,2013,-0.848
Vatican,VAT,2014,-1.718
Vatican,VAT,2015,-1.748
Vatican,VAT,2016,-1.421
Vatican,VAT,2017,-1.441
Vatican,VAT,2018,-2.202
Vatican,VAT,2019,-1.307
Vatican,VAT,2020,-1.515
Vatican,VAT,2021,-2.122
Vatican,VAT,2022,-2.567
Vatican,VAT,2023,-1.816
Venezuela,VEN,1950,4.392
Venezuela,VEN,1951,4.3
Venezuela,VEN,1952,4.199
Venezuela,VEN,1953,4.101
Venezuela,VEN,1954,4.011
Venezuela,VEN,1955,3.932
Venezuela,VEN,1956,3.864
Venezuela,VEN,1957,3.82
Venezuela,VEN,1958,3.776
Venezuela,VEN,1959,3.664
Venezuela,VEN,1960,3.597
Venezuela,VEN,1961,3.527
Venezuela,VEN,1962,3.469
Venezuela,VEN,1963,3.427
Venezuela,VEN,1964,3.379
Venezuela,VEN,1965,3.335
Venezuela,VEN,1966,3.3
Venezuela,VEN,1967,3.249
Venezuela,VEN,1968,3.193
Venezuela,VEN,1969,3.116
Venezuela,VEN,1970,3.083
Venezuela,VEN,1971,3.027
Venezuela,VEN,1972,2.983
Venezuela,VEN,1973,2.951
Venezuela,VEN,1974,2.928
Venezuela,VEN,1975,2.915
Venezuela,VEN,1976,2.907
Venezuela,VEN,1977,2.895
Venezuela,VEN,1978,2.873
Venezuela,VEN,1979,2.842
Venezuela,VEN,1980,2.791
Venezuela,VEN,1981,2.756
Venezuela,VEN,1982,2.71
Venezuela,VEN,1983,2.68
Venezuela,VEN,1984,2.643
Venezuela,VEN,1985,2.61
Venezuela,VEN,1986,2.614
Venezuela,VEN,1987,2.579
Venezuela,VEN,1988,2.532
Venezuela,VEN,1989,2.471
Venezuela,VEN,1990,2.411
Venezuela,VEN,1991,2.353
Venezuela,VEN,1992,2.283
Venezuela,VEN,1993,2.224
Venezuela,VEN,1994,2.157
Venezuela,VEN,1995,2.112
Venezuela,VEN,1996,2.065
Venezuela,VEN,1997,2.037
Venezuela,VEN,1998,1.983
Venezuela,VEN,1999,1.921
Venezuela,VEN,2000,1.867
Venezuela,VEN,2001,1.796
Venezuela,VEN,2002,1.82
Venezuela,VEN,2003,1.743
Venezuela,VEN,2004,1.69
Venezuela,VEN,2005,1.661
Venezuela,VEN,2006,1.59
Venezuela,VEN,2007,1.506
Venezuela,VEN,2008,1.398
Venezuela,VEN,2009,1.326
Venezuela,VEN,2010,1.293
Venezuela,VEN,2011,1.273
Venezuela,VEN,2012,1.237
Venezuela,VEN,2013,1.174
Venezuela,VEN,2014,1.1
Venezuela,VEN,2015,1.005
Venezuela,VEN,2016,0.248
Venezuela,VEN,2017,-1.561
Venezuela,VEN,2018,-3.484
Venezuela,VEN,2019,-2.421
Venezuela,VEN,2020,-1.01
Venezuela,VEN,2021,-0.443
Venezuela,VEN,2022,0.268
Venezuela,VEN,2023,0.354
Vietnam,VNM,1950,2.144
Vietnam,VNM,1951,1.8
Vietnam,VNM,1952,2.396
Vietnam,VNM,1953,2.249
Vietnam,VNM,1954,2.692
Vietnam,VNM,1955,2.623
Vietnam,VNM,1956,2.672
Vietnam,VNM,1957,2.996
Vietnam,VNM,1958,2.99
Vietnam,VNM,1959,2.968
Vietnam,VNM,1960,2.937
Vietnam,VNM,1961,2.392
Vietnam,VNM,1962,2.8
Vietnam,VNM,1963,2.727
Vietnam,VNM,1964,2.607
Vietnam,VNM,1965,2.457
Vietnam,VNM,1966,2.309
Vietnam,VNM,1967,2.217
Vietnam,VNM,1968,2.055
Vietnam,VNM,1969,2.165
Vietnam,VNM,1970,2.189
Vietnam,VNM,1971,2.451
Vietnam,VNM,1972,2.118
Vietnam,VNM,1973,2.346
Vietnam,VNM,1974,2.126
Vietnam,VNM,1975,2.524
Vietnam,VNM,1976,2.581
Vietnam,VNM,1977,2.674
Vietnam,VNM,1978,2.548
Vietnam,VNM,1979,1.902
Vietnam,VNM,1980,2.375
Vietnam,VNM,1981,2.325
Vietnam,VNM,1982,2.358
Vietnam,VNM,1983,2.407
Vietnam,VNM,1984,2.392
Vietnam,VNM,1985,2.25
Vietnam,VNM,1986,2.061
Vietnam,VNM,1987,2
Vietnam,VNM,1988,2.046
Vietnam,VNM,1989,2.062
Vietnam,VNM,1990,2.125
Vietnam,VNM,1991,2.067
Vietnam,VNM,1992,1.985
Vietnam,VNM,1993,1.865
Vietnam,VNM,1994,1.748
Vietnam,VNM,1995,1.6
Vietnam,VNM,1996,1.45
Vietnam,VNM,1997,1.456
Vietnam,VNM,1998,1.415
Vietnam,VNM,1999,1.193
Vietnam,VNM,2000,1.066
Vietnam,VNM,2001,1.036
Vietnam,VNM,2002,1.013
Vietnam,VNM,2003,0.987
Vietnam,VNM,2004,0.952
Vietnam,VNM,2005,0.905
Vietnam,VNM,2006,1.735
Vietnam,VNM,2007,1.8
Vietnam,VNM,2008,1.854
Vietnam,VNM,2009,1.144
Vietnam,VNM,2010,1.145
Vietnam,VNM,2011,1.159
Vietnam,VNM,2012,1.183
Vietnam,VNM,2013,1.178
Vietnam,VNM,2014,1.25
Vietnam,VNM,2015,1.229
Vietnam,VNM,2016,1.29
Vietnam,VNM,2017,1.199
Vietnam,VNM,2018,1.018
Vietnam,VNM,2019,0.919
Vietnam,VNM,2020,0.936
Vietnam,VNM,2021,0.803
Vietnam,VNM,2022,0.699
Vietnam,VNM,2023,0.644
Wallis and Futuna,WLF,1950,1.968
Wallis and Futuna,WLF,1951,4.458
Wallis and Futuna,WLF,1952,3.671
Wallis and Futuna,WLF,1953,4.148
Wallis and Futuna,WLF,1954,-0.545
Wallis and Futuna,WLF,1955,-1.141
Wallis and Futuna,WLF,1956,-1.525
Wallis and Futuna,WLF,1957,-2.066
Wallis and Futuna,WLF,1958,-2.408
Wallis and Futuna,WLF,1959,-2.809
Wallis and Futuna,WLF,1960,-3.49
Wallis and Futuna,WLF,1961,-4.083
Wallis and Futuna,WLF,1962,0.429
Wallis and Futuna,WLF,1963,0.622
Wallis and Futuna,WLF,1964,0.751
Wallis and Futuna,WLF,1965,-0.097
Wallis and Futuna,WLF,1966,0.674
Wallis and Futuna,WLF,1967,1.312
Wallis and Futuna,WLF,1968,1.47
Wallis and Futuna,WLF,1969,2.034
Wallis and Futuna,WLF,1970,2.049
Wallis and Futuna,WLF,1971,1.59
Wallis and Futuna,WLF,1972,1.511
Wallis and Futuna,WLF,1973,1.274
Wallis and Futuna,WLF,1974,0.748
Wallis and Futuna,WLF,1975,-1.254
Wallis and Futuna,WLF,1976,2.817
Wallis and Futuna,WLF,1977,4.248
Wallis and Futuna,WLF,1978,4.412
Wallis and Futuna,WLF,1979,4.373
Wallis and Futuna,WLF,1980,4.472
Wallis and Futuna,WLF,1981,4.322
Wallis and Futuna,WLF,1982,4.49
Wallis and Futuna,WLF,1983,1.495
Wallis and Futuna,WLF,1984,1.042
Wallis and Futuna,WLF,1985,1.055
Wallis and Futuna,WLF,1986,1.028
Wallis and Futuna,WLF,1987,1.018
Wallis and Futuna,WLF,1988,1.045
Wallis and Futuna,WLF,1989,1.02
Wallis and Futuna,WLF,1990,1.098
Wallis and Futuna,WLF,1991,1.108
Wallis and Futuna,WLF,1992,1.067
Wallis and Futuna,WLF,1993,1.02
Wallis and Futuna,WLF,1994,1.003
Wallis and Futuna,WLF,1995,0.901
Wallis and Futuna,WLF,1996,0.692
Wallis and Futuna,WLF,1997,0.735
Wallis and Futuna,WLF,1998,0.833
Wallis and Futuna,WLF,1999,0.901
Wallis and Futuna,WLF,2000,0.846
Wallis and Futuna,WLF,2001,0.832
Wallis and Futuna,WLF,2002,0.725
Wallis and Futuna,WLF,2003,-0.345
Wallis and Futuna,WLF,2004,-1.827
Wallis and Futuna,WLF,2005,-1.985
Wallis and Futuna,WLF,2006,-2.131
Wallis and Futuna,WLF,2007,-2.307
Wallis and Futuna,WLF,2008,-2.229
Wallis and Futuna,WLF,2009,-1.835
Wallis and Futuna,WLF,2010,-1.861
Wallis and Futuna,WLF,2011,-1.881
Wallis and Futuna,WLF,2012,-1.75
Wallis and Futuna,WLF,2013,-1.627
Wallis and Futuna,WLF,2014,-1.171
Wallis and Futuna,WLF,2015,-1.135
Wallis and Futuna,WLF,2016,-0.964
Wallis and Futuna,WLF,2017,-0.957
Wallis and Futuna,WLF,2018,-1.025
Wallis and Futuna,WLF,2019,-0.924
Wallis and Futuna,WLF,2020,-0.275
Wallis and Futuna,WLF,2021,-0.562
Wallis and Futuna,WLF,2022,-0.993
Wallis and Futuna,WLF,2023,-0.888
Western Sahara,ESH,1950,9.096
Western Sahara,ESH,1951,9.229
Western Sahara,ESH,1952,8.696
Western Sahara,ESH,1953,8.952
Western Sahara,ESH,1954,8.709
Western Sahara,ESH,1955,8.591
Western Sahara,ESH,1956,8.436
Western Sahara,ESH,1957,8.134
Western Sahara,ESH,1958,8.053
Western Sahara,ESH,1959,7.869
Western Sahara,ESH,1960,7.667
Western Sahara,ESH,1961,7.554
Western Sahara,ESH,1962,7.333
Western Sahara,ESH,1963,7.133
Western Sahara,ESH,1964,6.946
Western Sahara,ESH,1965,6.719
Western Sahara,ESH,1966,6.567
Western Sahara,ESH,1967,10.186
Western Sahara,ESH,1968,9.954
Western Sahara,ESH,1969,9.338
Western Sahara,ESH,1970,20.165
Western Sahara,ESH,1971,-0.545
Western Sahara,ESH,1972,-0.656
Western Sahara,ESH,1973,-0.894
Western Sahara,ESH,1974,-2.148
Western Sahara,ESH,1975,-26.364
Western Sahara,ESH,1976,19.807
Western Sahara,ESH,1977,16.925
Western Sahara,ESH,1978,15.364
Western Sahara,ESH,1979,13.59
Western Sahara,ESH,1980,8.987
Western Sahara,ESH,1981,6.702
Western Sahara,ESH,1982,4.959
Western Sahara,ESH,1983,3.94
Western Sahara,ESH,1984,3.827
Western Sahara,ESH,1985,3.708
Western Sahara,ESH,1986,3.548
Western Sahara,ESH,1987,3.344
Western Sahara,ESH,1988,3.334
Western Sahara,ESH,1989,3.114
Western Sahara,ESH,1990,3.245
Western Sahara,ESH,1991,3.069
Western Sahara,ESH,1992,2.927
Western Sahara,ESH,1993,2.791
Western Sahara,ESH,1994,2.677
Western Sahara,ESH,1995,5.054
Western Sahara,ESH,1996,5.565
Western Sahara,ESH,1997,5.328
Western Sahara,ESH,1998,5.12
Western Sahara,ESH,1999,4.914
Western Sahara,ESH,2000,4.864
Western Sahara,ESH,2001,4.652
Western Sahara,ESH,2002,4.453
Western Sahara,ESH,2003,4.284
Western Sahara,ESH,2004,4.139
Western Sahara,ESH,2005,4.005
Western Sahara,ESH,2006,4.066
Western Sahara,ESH,2007,3.842
Western Sahara,ESH,2008,3.632
Western Sahara,ESH,2009,3.657
Western Sahara,ESH,2010,3.68
Western Sahara,ESH,2011,3.686
Western Sahara,ESH,2012,3.678
Western Sahara,ESH,2013,3.622
Western Sahara,ESH,2014,2.909
Western Sahara,ESH,2015,2.785
Western Sahara,ESH,2016,2.665
Western Sahara,ESH,2017,2.549
Western Sahara,ESH,2018,2.436
Western Sahara,ESH,2019,2.323
Western Sahara,ESH,2020,1.701
Western Sahara,ESH,2021,1.641
Western Sahara,ESH,2022,1.947
Western Sahara,ESH,2023,1.882
World,OWID_WRL,1950,1.738
World,OWID_WRL,1951,1.747
World,OWID_WRL,1952,1.935
World,OWID_WRL,1953,1.9
World,OWID_WRL,1954,1.993
World,OWID_WRL,1955,2.011
World,OWID_WRL,1956,1.978
World,OWID_WRL,1957,2.073
World,OWID_WRL,1958,1.997
World,OWID_WRL,1959,1.729
World,OWID_WRL,1960,1.584
World,OWID_WRL,1961,1.665
World,OWID_WRL,1962,2.112
World,OWID_WRL,1963,2.283
World,OWID_WRL,1964,2.159
World,OWID_WRL,1965,2.088
World,OWID_WRL,1966,2.039
World,OWID_WRL,1967,1.997
World,OWID_WRL,1968,2.093
World,OWID_WRL,1969,2.056
World,OWID_WRL,1970,2.056
World,OWID_WRL,1971,1.972
World,OWID_WRL,1972,1.971
World,OWID_WRL,1973,1.938
World,OWID_WRL,1974,1.883
World,OWID_WRL,1975,1.803
World,OWID_WRL,1976,1.776
World,OWID_WRL,1977,1.745
World,OWID_WRL,1978,1.744
World,OWID_WRL,1979,1.786
World,OWID_WRL,1980,1.801
World,OWID_WRL,1981,1.816
World,OWID_WRL,1982,1.855
World,OWID_WRL,1983,1.783
World,OWID_WRL,1984,1.797
World,OWID_WRL,1985,1.799
World,OWID_WRL,1986,1.829
World,OWID_WRL,1987,1.836
World,OWID_WRL,1988,1.785
World,OWID_WRL,1989,1.778
World,OWID_WRL,1990,1.758
World,OWID_WRL,1991,1.628
World,OWID_WRL,1992,1.568
World,OWID_WRL,1993,1.517
World,OWID_WRL,1994,1.466
World,OWID_WRL,1995,1.449
World,OWID_WRL,1996,1.419
World,OWID_WRL,1997,1.393
World,OWID_WRL,1998,1.365
World,OWID_WRL,1999,1.345
World,OWID_WRL,2000,1.353
World,OWID_WRL,2001,1.326
World,OWID_WRL,2002,1.304
World,OWID_WRL,2003,1.287
World,OWID_WRL,2004,1.283
World,OWID_WRL,2005,1.272
World,OWID_WRL,2006,1.277
World,OWID_WRL,2007,1.28
World,OWID_WRL,2008,1.282
World,OWID_WRL,2009,1.282
World,OWID_WRL,2010,1.269
World,OWID_WRL,2011,1.256
World,OWID_WRL,2012,1.267
World,OWID_WRL,2013,1.233
World,OWID_WRL,2014,1.216
World,OWID_WRL,2015,1.178
World,OWID_WRL,2016,1.166
World,OWID_WRL,2017,1.125
World,OWID_WRL,2018,1.068
World,OWID_WRL,2019,1.027
World,OWID_WRL,2020,0.902
World,OWID_WRL,2021,0.801
World,OWID_WRL,2022,0.875
World,OWID_WRL,2023,0.871
Yemen,YEM,1950,1.373
Yemen,YEM,1951,1.523
Yemen,YEM,1952,1.612
Yemen,YEM,1953,1.685
Yemen,YEM,1954,1.751
Yemen,YEM,1955,1.815
Yemen,YEM,1956,1.88
Yemen,YEM,1957,1.943
Yemen,YEM,1958,2.02
Yemen,YEM,1959,2.09
Yemen,YEM,1960,2.161
Yemen,YEM,1961,2.233
Yemen,YEM,1962,2.208
Yemen,YEM,1963,2.202
Yemen,YEM,1964,2.374
Yemen,YEM,1965,2.447
Yemen,YEM,1966,2.523
Yemen,YEM,1967,2.604
Yemen,YEM,1968,2.668
Yemen,YEM,1969,2.795
Yemen,YEM,1970,2.642
Yemen,YEM,1971,2.724
Yemen,YEM,1972,2.782
Yemen,YEM,1973,2.841
Yemen,YEM,1974,2.913
Yemen,YEM,1975,2.995
Yemen,YEM,1976,3.07
Yemen,YEM,1977,3.132
Yemen,YEM,1978,3.203
Yemen,YEM,1979,3.353
Yemen,YEM,1980,3.448
Yemen,YEM,1981,3.532
Yemen,YEM,1982,3.597
Yemen,YEM,1983,3.697
Yemen,YEM,1984,3.769
Yemen,YEM,1985,3.85
Yemen,YEM,1986,3.811
Yemen,YEM,1987,3.915
Yemen,YEM,1988,3.852
Yemen,YEM,1989,3.843
Yemen,YEM,1990,3.844
Yemen,YEM,1991,3.818
Yemen,YEM,1992,3.788
Yemen,YEM,1993,3.734
Yemen,YEM,1994,3.65
Yemen,YEM,1995,3.54
Yemen,YEM,1996,3.199
Yemen,YEM,1997,3.177
Yemen,YEM,1998,3.125
Yemen,YEM,1999,3.103
Yemen,YEM,2000,3.053
Yemen,YEM,2001,2.991
Yemen,YEM,2002,2.942
Yemen,YEM,2003,2.935
Yemen,YEM,2004,2.932
Yemen,YEM,2005,3.256
Yemen,YEM,2006,3.245
Yemen,YEM,2007,3.232
Yemen,YEM,2008,3.193
Yemen,YEM,2009,3.201
Yemen,YEM,2010,3.078
Yemen,YEM,2011,3.022
Yemen,YEM,2012,3.053
Yemen,YEM,2013,3.039
Yemen,YEM,2014,3.097
Yemen,YEM,2015,2.985
Yemen,YEM,2016,3.019
Yemen,YEM,2017,3.006
Yemen,YEM,2018,2.916
Yemen,YEM,2019,3.015
Yemen,YEM,2020,2.735
Yemen,YEM,2021,2.753
Yemen,YEM,2022,2.99
Yemen,YEM,2023,3.029
Zambia,ZMB,1950,3.066
Zambia,ZMB,1951,3.043
Zambia,ZMB,1952,3.043
Zambia,ZMB,1953,3.047
Zambia,ZMB,1954,3.05
Zambia,ZMB,1955,3.054
Zambia,ZMB,1956,3.056
Zambia,ZMB,1957,3.067
Zambia,ZMB,1958,3.086
Zambia,ZMB,1959,3.105
Zambia,ZMB,1960,3.122
Zambia,ZMB,1961,3.143
Zambia,ZMB,1962,3.149
Zambia,ZMB,1963,3.17
Zambia,ZMB,1964,3.141
Zambia,ZMB,1965,3.191
Zambia,ZMB,1966,3.202
Zambia,ZMB,1967,3.217
Zambia,ZMB,1968,3.244
Zambia,ZMB,1969,3.126
Zambia,ZMB,1970,2.731
Zambia,ZMB,1971,2.782
Zambia,ZMB,1972,2.845
Zambia,ZMB,1973,2.909
Zambia,ZMB,1974,2.959
Zambia,ZMB,1975,3.034
Zambia,ZMB,1976,3.036
Zambia,ZMB,1977,3.039
Zambia,ZMB,1978,3.013
Zambia,ZMB,1979,2.984
Zambia,ZMB,1980,3.002
Zambia,ZMB,1981,3.121
Zambia,ZMB,1982,3.301
Zambia,ZMB,1983,3.148
Zambia,ZMB,1984,3.01
Zambia,ZMB,1985,2.992
Zambia,ZMB,1986,2.98
Zambia,ZMB,1987,2.802
Zambia,ZMB,1988,2.69
Zambia,ZMB,1989,2.592
Zambia,ZMB,1990,2.533
Zambia,ZMB,1991,2.428
Zambia,ZMB,1992,2.401
Zambia,ZMB,1993,2.367
Zambia,ZMB,1994,2.408
Zambia,ZMB,1995,2.418
Zambia,ZMB,1996,2.489
Zambia,ZMB,1997,2.619
Zambia,ZMB,1998,2.624
Zambia,ZMB,1999,2.735
Zambia,ZMB,2000,2.884
Zambia,ZMB,2001,3.16
Zambia,ZMB,2002,2.999
Zambia,ZMB,2003,3.205
Zambia,ZMB,2004,3.15
Zambia,ZMB,2005,3.448
Zambia,ZMB,2006,3.442
Zambia,ZMB,2007,3.611
Zambia,ZMB,2008,3.524
Zambia,ZMB,2009,3.553
Zambia,ZMB,2010,3.374
Zambia,ZMB,2011,3.279
Zambia,ZMB,2012,3.208
Zambia,ZMB,2013,3.198
Zambia,ZMB,2014,3.147
Zambia,ZMB,2015,3.094
Zambia,ZMB,2016,3.095
Zambia,ZMB,2017,3.041
Zambia,ZMB,2018,2.972
Zambia,ZMB,2019,2.952
Zambia,ZMB,2020,2.858
Zambia,ZMB,2021,2.774
Zambia,ZMB,2022,2.754
Zambia,ZMB,2023,2.833
Zimbabwe,ZWE,1950,3.19
Zimbabwe,ZWE,1951,3.157
Zimbabwe,ZWE,1952,3.131
Zimbabwe,ZWE,1953,3.112
Zimbabwe,ZWE,1954,3.097
Zimbabwe,ZWE,1955,3.086
Zimbabwe,ZWE,1956,3.089
Zimbabwe,ZWE,1957,3.091
Zimbabwe,ZWE,1958,3.094
Zimbabwe,ZWE,1959,3.1
Zimbabwe,ZWE,1960,3.116
Zimbabwe,ZWE,1961,3.138
Zimbabwe,ZWE,1962,3.151
Zimbabwe,ZWE,1963,3.155
Zimbabwe,ZWE,1964,3.153
Zimbabwe,ZWE,1965,3.156
Zimbabwe,ZWE,1966,3.147
Zimbabwe,ZWE,1967,3.146
Zimbabwe,ZWE,1968,3.161
Zimbabwe,ZWE,1969,3.175
Zimbabwe,ZWE,1970,2.97
Zimbabwe,ZWE,1971,3.027
Zimbabwe,ZWE,1972,3.117
Zimbabwe,ZWE,1973,3.202
Zimbabwe,ZWE,1974,3.262
Zimbabwe,ZWE,1975,3.082
Zimbabwe,ZWE,1976,3.005
Zimbabwe,ZWE,1977,2.107
Zimbabwe,ZWE,1978,0.798
Zimbabwe,ZWE,1979,2.343
Zimbabwe,ZWE,1980,8.978
Zimbabwe,ZWE,1981,3.773
Zimbabwe,ZWE,1982,4.013
Zimbabwe,ZWE,1983,3.594
Zimbabwe,ZWE,1984,3.518
Zimbabwe,ZWE,1985,3.402
Zimbabwe,ZWE,1986,3.296
Zimbabwe,ZWE,1987,3.318
Zimbabwe,ZWE,1988,3.014
Zimbabwe,ZWE,1989,2.784
Zimbabwe,ZWE,1990,2.667
Zimbabwe,ZWE,1991,2.544
Zimbabwe,ZWE,1992,3.094
Zimbabwe,ZWE,1993,-0.147
Zimbabwe,ZWE,1994,0.383
Zimbabwe,ZWE,1995,1.469
Zimbabwe,ZWE,1996,1.849
Zimbabwe,ZWE,1997,1.906
Zimbabwe,ZWE,1998,2.003
Zimbabwe,ZWE,1999,1.24
Zimbabwe,ZWE,2000,0.598
Zimbabwe,ZWE,2001,0.74
Zimbabwe,ZWE,2002,1.183
Zimbabwe,ZWE,2003,1.197
Zimbabwe,ZWE,2004,0.976
Zimbabwe,ZWE,2005,0.916
Zimbabwe,ZWE,2006,1.517
Zimbabwe,ZWE,2007,1.121
Zimbabwe,ZWE,2008,1.286
Zimbabwe,ZWE,2009,1.526
Zimbabwe,ZWE,2010,1.699
Zimbabwe,ZWE,2011,1.845
Zimbabwe,ZWE,2012,1.405
Zimbabwe,ZWE,2013,1.411
Zimbabwe,ZWE,2014,1.333
Zimbabwe,ZWE,2015,1.347
Zimbabwe,ZWE,2016,1.429
Zimbabwe,ZWE,2017,1.457
Zimbabwe,ZWE,2018,1.518
Zimbabwe,ZWE,2019,1.609
Zimbabwe,ZWE,2020,1.709
Zimbabwe,ZWE,2021,1.743
Zimbabwe,ZWE,2022,1.67
Zimbabwe,ZWE,2023,1.684