Entity,Code,Year,Natural population growth rate
Afghanistan,AFG,1950,1.1962
Afghanistan,AFG,1951,1.2977
Afghanistan,AFG,1952,1.3721
Afghanistan,AFG,1953,1.4445
Afghanistan,AFG,1954,1.4771
Afghanistan,AFG,1955,1.5723
Afghanistan,AFG,1956,1.6372
Afghanistan,AFG,1957,1.6992
Afghanistan,AFG,1958,1.7649
Afghanistan,AFG,1959,1.8266
Afghanistan,AFG,1960,1.8844
Afghanistan,AFG,1961,1.9437
Afghanistan,AFG,1962,2.0036
Afghanistan,AFG,1963,2.0619
Afghanistan,AFG,1964,2.118
Afghanistan,AFG,1965,2.1696
Afghanistan,AFG,1966,2.2285
Afghanistan,AFG,1967,2.2841
Afghanistan,AFG,1968,2.3408
Afghanistan,AFG,1969,2.3946
Afghanistan,AFG,1970,2.4369
Afghanistan,AFG,1971,2.492
Afghanistan,AFG,1972,2.5362
Afghanistan,AFG,1973,2.5914
Afghanistan,AFG,1974,2.6484
Afghanistan,AFG,1975,2.6918
Afghanistan,AFG,1976,2.7395
Afghanistan,AFG,1977,2.7927
Afghanistan,AFG,1978,2.7117
Afghanistan,AFG,1979,2.6491
Afghanistan,AFG,1980,2.7746
Afghanistan,AFG,1981,2.8772
Afghanistan,AFG,1982,2.3947
Afghanistan,AFG,1983,2.416
Afghanistan,AFG,1984,1.8343
Afghanistan,AFG,1985,1.9994
Afghanistan,AFG,1986,2.7151
Afghanistan,AFG,1987,2.7605
Afghanistan,AFG,1988,3.1102
Afghanistan,AFG,1989,3.21
Afghanistan,AFG,1990,3.3409
Afghanistan,AFG,1991,3.3496
Afghanistan,AFG,1992,3.3145
Afghanistan,AFG,1993,3.6221
Afghanistan,AFG,1994,3.7481
Afghanistan,AFG,1995,3.828
Afghanistan,AFG,1996,3.8563
Afghanistan,AFG,1997,3.8466
Afghanistan,AFG,1998,3.7571
Afghanistan,AFG,1999,3.8251
Afghanistan,AFG,2000,3.8883
Afghanistan,AFG,2001,3.7669
Afghanistan,AFG,2002,3.6301
Afghanistan,AFG,2003,3.6342
Afghanistan,AFG,2004,3.6117
Afghanistan,AFG,2005,3.5039
Afghanistan,AFG,2006,3.4428
Afghanistan,AFG,2007,3.4344
Afghanistan,AFG,2008,3.3654
Afghanistan,AFG,2009,3.3517
Afghanistan,AFG,2010,3.3357
Afghanistan,AFG,2011,3.2941
Afghanistan,AFG,2012,3.288
Afghanistan,AFG,2013,3.2691
Afghanistan,AFG,2014,3.2135
Afghanistan,AFG,2015,3.1836
Afghanistan,AFG,2016,3.1412
Afghanistan,AFG,2017,3.0856
Afghanistan,AFG,2018,3.0353
Afghanistan,AFG,2019,3.0074
Afghanistan,AFG,2020,2.9036
Afghanistan,AFG,2021,2.834
Afghanistan,AFG,2022,3.0052
Afghanistan,AFG,2023,2.964
Africa (UN),UN_AFR,1950,2.0864
Africa (UN),UN_AFR,1951,2.1492
Africa (UN),UN_AFR,1952,2.2006
Africa (UN),UN_AFR,1953,2.251
Africa (UN),UN_AFR,1954,2.2827
Africa (UN),UN_AFR,1955,2.3211
Africa (UN),UN_AFR,1956,2.3558
Africa (UN),UN_AFR,1957,2.341
Africa (UN),UN_AFR,1958,2.3727
Africa (UN),UN_AFR,1959,2.4497
Africa (UN),UN_AFR,1960,2.4649
Africa (UN),UN_AFR,1961,2.4939
Africa (UN),UN_AFR,1962,2.5276
Africa (UN),UN_AFR,1963,2.5545
Africa (UN),UN_AFR,1964,2.5723
Africa (UN),UN_AFR,1965,2.5803
Africa (UN),UN_AFR,1966,2.586
Africa (UN),UN_AFR,1967,2.6053
Africa (UN),UN_AFR,1968,2.6365
Africa (UN),UN_AFR,1969,2.6506
Africa (UN),UN_AFR,1970,2.6798
Africa (UN),UN_AFR,1971,2.7103
Africa (UN),UN_AFR,1972,2.7104
Africa (UN),UN_AFR,1973,2.7453
Africa (UN),UN_AFR,1974,2.764
Africa (UN),UN_AFR,1975,2.7911
Africa (UN),UN_AFR,1976,2.8358
Africa (UN),UN_AFR,1977,2.859
Africa (UN),UN_AFR,1978,2.8755
Africa (UN),UN_AFR,1979,2.9035
Africa (UN),UN_AFR,1980,2.9191
Africa (UN),UN_AFR,1981,2.9243
Africa (UN),UN_AFR,1982,2.9322
Africa (UN),UN_AFR,1983,2.87
Africa (UN),UN_AFR,1984,2.8476
Africa (UN),UN_AFR,1985,2.8423
Africa (UN),UN_AFR,1986,2.8308
Africa (UN),UN_AFR,1987,2.8361
Africa (UN),UN_AFR,1988,2.7832
Africa (UN),UN_AFR,1989,2.7858
Africa (UN),UN_AFR,1990,2.7384
Africa (UN),UN_AFR,1991,2.693
Africa (UN),UN_AFR,1992,2.6554
Africa (UN),UN_AFR,1993,2.6481
Africa (UN),UN_AFR,1994,2.5038
Africa (UN),UN_AFR,1995,2.6222
Africa (UN),UN_AFR,1996,2.596
Africa (UN),UN_AFR,1997,2.5775
Africa (UN),UN_AFR,1998,2.5423
Africa (UN),UN_AFR,1999,2.5719
Africa (UN),UN_AFR,2000,2.5894
Africa (UN),UN_AFR,2001,2.5921
Africa (UN),UN_AFR,2002,2.592
Africa (UN),UN_AFR,2003,2.6036
Africa (UN),UN_AFR,2004,2.6215
Africa (UN),UN_AFR,2005,2.6446
Africa (UN),UN_AFR,2006,2.6631
Africa (UN),UN_AFR,2007,2.6767
Africa (UN),UN_AFR,2008,2.6954
Africa (UN),UN_AFR,2009,2.6731
Africa (UN),UN_AFR,2010,2.6984
Africa (UN),UN_AFR,2011,2.6735
Africa (UN),UN_AFR,2012,2.6806
Africa (UN),UN_AFR,2013,2.6602
Africa (UN),UN_AFR,2014,2.6294
Africa (UN),UN_AFR,2015,2.5962
Africa (UN),UN_AFR,2016,2.551
Africa (UN),UN_AFR,2017,2.5156
Africa (UN),UN_AFR,2018,2.4796
Africa (UN),UN_AFR,2019,2.4365
Africa (UN),UN_AFR,2020,2.3784
Africa (UN),UN_AFR,2021,2.3197
Africa (UN),UN_AFR,2022,2.3389
Africa (UN),UN_AFR,2023,2.3449
Albania,ALB,1950,1.6027
Albania,ALB,1951,1.6958
Albania,ALB,1952,1.7753
Albania,ALB,1953,1.9173
Albania,ALB,1954,2.0381
Albania,ALB,1955,2.1416
Albania,ALB,1956,2.1972
Albania,ALB,1957,2.256
Albania,ALB,1958,2.384
Albania,ALB,1959,2.481
Albania,ALB,1960,2.5134
Albania,ALB,1961,2.5185
Albania,ALB,1962,2.5199
Albania,ALB,1963,2.4985
Albania,ALB,1964,2.4367
Albania,ALB,1965,2.357
Albania,ALB,1966,2.3246
Albania,ALB,1967,2.3654
Albania,ALB,1968,2.4358
Albania,ALB,1969,2.4695
Albania,ALB,1970,2.4488
Albania,ALB,1971,2.4589
Albania,ALB,1972,2.4504
Albania,ALB,1973,2.4138
Albania,ALB,1974,2.3885
Albania,ALB,1975,2.3669
Albania,ALB,1976,2.2952
Albania,ALB,1977,2.2406
Albania,ALB,1978,2.1612
Albania,ALB,1979,2.0681
Albania,ALB,1980,2.0136
Albania,ALB,1981,2.0027
Albania,ALB,1982,2.0272
Albania,ALB,1983,2.027
Albania,ALB,1984,2.045
Albania,ALB,1985,2.0507
Albania,ALB,1986,2.0487
Albania,ALB,1987,2.0539
Albania,ALB,1988,2.0563
Albania,ALB,1989,2.0555
Albania,ALB,1990,2.0494
Albania,ALB,1991,2.0093
Albania,ALB,1992,1.9518
Albania,ALB,1993,1.8778
Albania,ALB,1994,1.8421
Albania,ALB,1995,1.7813
Albania,ALB,1996,1.6649
Albania,ALB,1997,1.4922
Albania,ALB,1998,1.4027
Albania,ALB,1999,1.2882
Albania,ALB,2000,1.1894
Albania,ALB,2001,1.0971
Albania,ALB,2002,0.9895
Albania,ALB,2003,0.9839
Albania,ALB,2004,0.8916
Albania,ALB,2005,0.8099
Albania,ALB,2006,0.7262
Albania,ALB,2007,0.683
Albania,ALB,2008,0.6625
Albania,ALB,2009,0.6605
Albania,ALB,2010,0.6318
Albania,ALB,2011,0.6046
Albania,ALB,2012,0.614
Albania,ALB,2013,0.6118
Albania,ALB,2014,0.5835
Albania,ALB,2015,0.5186
Albania,ALB,2016,0.4585
Albania,ALB,2017,0.4043
Albania,ALB,2018,0.3523
Albania,ALB,2019,0.3284
Albania,ALB,2020,0.1456
Albania,ALB,2021,0.025
Albania,ALB,2022,0.1596
Albania,ALB,2023,0.1912
Algeria,DZA,1950,2.7996
Algeria,DZA,1951,2.7854
Algeria,DZA,1952,2.7628
Algeria,DZA,1953,2.7547
Algeria,DZA,1954,2.5416
Algeria,DZA,1955,2.5626
Algeria,DZA,1956,2.5627
Algeria,DZA,1957,2.561
Algeria,DZA,1958,2.5668
Algeria,DZA,1959,2.5474
Algeria,DZA,1960,2.5434
Algeria,DZA,1961,2.5494
Algeria,DZA,1962,2.4058
Algeria,DZA,1963,2.6343
Algeria,DZA,1964,2.5676
Algeria,DZA,1965,2.5165
Algeria,DZA,1966,2.4593
Algeria,DZA,1967,2.4564
Algeria,DZA,1968,2.4639
Algeria,DZA,1969,2.4825
Algeria,DZA,1970,2.5143
Algeria,DZA,1971,2.5255
Algeria,DZA,1972,2.552
Algeria,DZA,1973,2.5911
Algeria,DZA,1974,2.6399
Algeria,DZA,1975,2.6648
Algeria,DZA,1976,2.6826
Algeria,DZA,1977,2.7351
Algeria,DZA,1978,2.8096
Algeria,DZA,1979,2.9045
Algeria,DZA,1980,3.0095
Algeria,DZA,1981,3.0964
Algeria,DZA,1982,3.122
Algeria,DZA,1983,3.1188
Algeria,DZA,1984,3.0861
Algeria,DZA,1985,3.0542
Algeria,DZA,1986,2.9089
Algeria,DZA,1987,2.7526
Algeria,DZA,1988,2.643
Algeria,DZA,1989,2.5391
Algeria,DZA,1990,2.4132
Algeria,DZA,1991,2.3736
Algeria,DZA,1992,2.3557
Algeria,DZA,1993,2.2411
Algeria,DZA,1994,2.1316
Algeria,DZA,1995,1.8725
Algeria,DZA,1996,1.6658
Algeria,DZA,1997,1.5218
Algeria,DZA,1998,1.4172
Algeria,DZA,1999,1.4248
Algeria,DZA,2000,1.4465
Algeria,DZA,2001,1.4383
Algeria,DZA,2002,1.4216
Algeria,DZA,2003,1.474
Algeria,DZA,2004,1.5593
Algeria,DZA,2005,1.6405
Algeria,DZA,2006,1.7274
Algeria,DZA,2007,1.814
Algeria,DZA,2008,1.9015
Algeria,DZA,2009,1.9484
Algeria,DZA,2010,1.9878
Algeria,DZA,2011,2.0102
Algeria,DZA,2012,2.1002
Algeria,DZA,2013,2.0883
Algeria,DZA,2014,2.1417
Algeria,DZA,2015,2.1166
Algeria,DZA,2016,2.0792
Algeria,DZA,2017,2.0355
Algeria,DZA,2018,1.9396
Algeria,DZA,2019,1.8698
Algeria,DZA,2020,1.6442
Algeria,DZA,2021,1.6432
Algeria,DZA,2022,1.5889
Algeria,DZA,2023,1.4984
American Samoa,ASM,1950,3.4604
American Samoa,ASM,1951,3.5247
American Samoa,ASM,1952,3.4797
American Samoa,ASM,1953,3.4349
American Samoa,ASM,1954,3.4005
American Samoa,ASM,1955,3.3815
American Samoa,ASM,1956,3.3605
American Samoa,ASM,1957,3.4087
American Samoa,ASM,1958,3.4954
American Samoa,ASM,1959,3.5462
American Samoa,ASM,1960,3.4787
American Samoa,ASM,1961,3.4678
American Samoa,ASM,1962,3.5044
American Samoa,ASM,1963,3.5614
American Samoa,ASM,1964,3.6074
American Samoa,ASM,1965,3.5613
American Samoa,ASM,1966,3.0962
American Samoa,ASM,1967,3.3871
American Samoa,ASM,1968,3.2788
American Samoa,ASM,1969,3.19
American Samoa,ASM,1970,3.112
American Samoa,ASM,1971,3.0739
American Samoa,ASM,1972,2.9916
American Samoa,ASM,1973,2.9489
American Samoa,ASM,1974,2.9142
American Samoa,ASM,1975,2.8815
American Samoa,ASM,1976,2.8635
American Samoa,ASM,1977,2.8799
American Samoa,ASM,1978,2.8959
American Samoa,ASM,1979,2.8969
American Samoa,ASM,1980,2.8766
American Samoa,ASM,1981,2.8568
American Samoa,ASM,1982,2.835
American Samoa,ASM,1983,2.8069
American Samoa,ASM,1984,2.8402
American Samoa,ASM,1985,2.8886
American Samoa,ASM,1986,2.9446
American Samoa,ASM,1987,2.9956
American Samoa,ASM,1988,3.0745
American Samoa,ASM,1989,3.1923
American Samoa,ASM,1990,3.2829
American Samoa,ASM,1991,3.3289
American Samoa,ASM,1992,3.3221
American Samoa,ASM,1993,3.3338
American Samoa,ASM,1994,3.1211
American Samoa,ASM,1995,2.869
American Samoa,ASM,1996,2.6808
American Samoa,ASM,1997,2.5852
American Samoa,ASM,1998,2.5414
American Samoa,ASM,1999,2.5113
American Samoa,ASM,2000,2.4813
American Samoa,ASM,2001,2.433
American Samoa,ASM,2002,2.3974
American Samoa,ASM,2003,2.3883
American Samoa,ASM,2004,2.3977
American Samoa,ASM,2005,2.3025
American Samoa,ASM,2006,2.1389
American Samoa,ASM,2007,1.9762
American Samoa,ASM,2008,1.8854
American Samoa,ASM,2009,1.7544
American Samoa,ASM,2010,1.7534
American Samoa,ASM,2011,1.6861
American Samoa,ASM,2012,1.6211
American Samoa,ASM,2013,1.5542
American Samoa,ASM,2014,1.4927
American Samoa,ASM,2015,1.4247
American Samoa,ASM,2016,1.3391
American Samoa,ASM,2017,1.236
American Samoa,ASM,2018,1.1193
American Samoa,ASM,2019,1.0113
American Samoa,ASM,2020,0.9308
American Samoa,ASM,2021,0.9066
American Samoa,ASM,2022,0.8707
American Samoa,ASM,2023,0.8367
Andorra,AND,1950,0.418
Andorra,AND,1951,0.5308
Andorra,AND,1952,0.4933
Andorra,AND,1953,0.4744
Andorra,AND,1954,0.4727
Andorra,AND,1955,0.5693
Andorra,AND,1956,0.7009
Andorra,AND,1957,0.8563
Andorra,AND,1958,1.0127
Andorra,AND,1959,1.1624
Andorra,AND,1960,1.2314
Andorra,AND,1961,1.2964
Andorra,AND,1962,1.3546
Andorra,AND,1963,1.4358
Andorra,AND,1964,1.5349
Andorra,AND,1965,1.5754
Andorra,AND,1966,1.6024
Andorra,AND,1967,1.5767
Andorra,AND,1968,1.5238
Andorra,AND,1969,1.4896
Andorra,AND,1970,1.4865
Andorra,AND,1971,1.5186
Andorra,AND,1972,1.5882
Andorra,AND,1973,1.5693
Andorra,AND,1974,1.5529
Andorra,AND,1975,1.4101
Andorra,AND,1976,1.282
Andorra,AND,1977,1.1971
Andorra,AND,1978,1.126
Andorra,AND,1979,1.0893
Andorra,AND,1980,1.1465
Andorra,AND,1981,1.1375
Andorra,AND,1982,1.0816
Andorra,AND,1983,0.9506
Andorra,AND,1984,0.8661
Andorra,AND,1985,0.8334
Andorra,AND,1986,0.7963
Andorra,AND,1987,0.7779
Andorra,AND,1988,0.7393
Andorra,AND,1989,0.7558
Andorra,AND,1990,0.7084
Andorra,AND,1991,0.7163
Andorra,AND,1992,0.7894
Andorra,AND,1993,0.7452
Andorra,AND,1994,0.7383
Andorra,AND,1995,0.7496
Andorra,AND,1996,0.7254
Andorra,AND,1997,0.7159
Andorra,AND,1998,0.7117
Andorra,AND,1999,0.7138
Andorra,AND,2000,0.5312
Andorra,AND,2001,0.5112
Andorra,AND,2002,0.4242
Andorra,AND,2003,0.3169
Andorra,AND,2004,0.3966
Andorra,AND,2005,0.4426
Andorra,AND,2006,0.4662
Andorra,AND,2007,0.4175
Andorra,AND,2008,0.4585
Andorra,AND,2009,0.4122
Andorra,AND,2010,0.4476
Andorra,AND,2011,0.4517
Andorra,AND,2012,0.4176
Andorra,AND,2013,0.3104
Andorra,AND,2014,0.3161
Andorra,AND,2015,0.3459
Andorra,AND,2016,0.302
Andorra,AND,2017,0.2395
Andorra,AND,2018,0.1679
Andorra,AND,2019,0.1433
Andorra,AND,2020,-0.1454
Andorra,AND,2021,-0.0155
Andorra,AND,2022,0.0902
Andorra,AND,2023,0.0783
Angola,AGO,1950,1.7545
Angola,AGO,1951,1.8274
Angola,AGO,1952,1.9333
Angola,AGO,1953,2.0293
Angola,AGO,1954,2.113
Angola,AGO,1955,2.1907
Angola,AGO,1956,2.2593
Angola,AGO,1957,2.3163
Angola,AGO,1958,2.3672
Angola,AGO,1959,2.4133
Angola,AGO,1960,2.456
Angola,AGO,1961,2.3971
Angola,AGO,1962,2.4355
Angola,AGO,1963,2.4699
Angola,AGO,1964,2.504
Angola,AGO,1965,2.5326
Angola,AGO,1966,2.5593
Angola,AGO,1967,2.5867
Angola,AGO,1968,2.6083
Angola,AGO,1969,2.6259
Angola,AGO,1970,2.6262
Angola,AGO,1971,2.587
Angola,AGO,1972,2.5807
Angola,AGO,1973,2.6129
Angola,AGO,1974,2.644
Angola,AGO,1975,2.6072
Angola,AGO,1976,2.6069
Angola,AGO,1977,2.6353
Angola,AGO,1978,2.6747
Angola,AGO,1979,2.7136
Angola,AGO,1980,2.7543
Angola,AGO,1981,2.8017
Angola,AGO,1982,2.8444
Angola,AGO,1983,2.8059
Angola,AGO,1984,2.8592
Angola,AGO,1985,2.9004
Angola,AGO,1986,2.9323
Angola,AGO,1987,2.7785
Angola,AGO,1988,2.8296
Angola,AGO,1989,2.8349
Angola,AGO,1990,2.8263
Angola,AGO,1991,2.9507
Angola,AGO,1992,2.786
Angola,AGO,1993,2.7639
Angola,AGO,1994,2.8399
Angola,AGO,1995,2.968
Angola,AGO,1996,2.9534
Angola,AGO,1997,2.938
Angola,AGO,1998,2.8281
Angola,AGO,1999,2.8479
Angola,AGO,2000,2.8773
Angola,AGO,2001,2.9165
Angola,AGO,2002,2.9595
Angola,AGO,2003,3.0992
Angola,AGO,2004,3.1502
Angola,AGO,2005,3.2032
Angola,AGO,2006,3.2366
Angola,AGO,2007,3.2858
Angola,AGO,2008,3.3205
Angola,AGO,2009,3.3473
Angola,AGO,2010,3.3583
Angola,AGO,2011,3.359
Angola,AGO,2012,3.3567
Angola,AGO,2013,3.3487
Angola,AGO,2014,3.3324
Angola,AGO,2015,3.3038
Angola,AGO,2016,3.2707
Angola,AGO,2017,3.2403
Angola,AGO,2018,3.2129
Angola,AGO,2019,3.1838
Angola,AGO,2020,3.1499
Angola,AGO,2021,3.1051
Angola,AGO,2022,3.1005
Angola,AGO,2023,3.0663
Anguilla,AIA,1950,3.6971
Anguilla,AIA,1951,3.7615
Anguilla,AIA,1952,3.8268
Anguilla,AIA,1953,3.824
Anguilla,AIA,1954,3.745
Anguilla,AIA,1955,3.6538
Anguilla,AIA,1956,3.48
Anguilla,AIA,1957,3.2993
Anguilla,AIA,1958,3.094
Anguilla,AIA,1959,2.8901
Anguilla,AIA,1960,2.5872
Anguilla,AIA,1961,2.6773
Anguilla,AIA,1962,2.7524
Anguilla,AIA,1963,2.7959
Anguilla,AIA,1964,2.8084
Anguilla,AIA,1965,2.7932
Anguilla,AIA,1966,2.7469
Anguilla,AIA,1967,2.671
Anguilla,AIA,1968,2.5507
Anguilla,AIA,1969,2.4002
Anguilla,AIA,1970,2.2497
Anguilla,AIA,1971,2.1128
Anguilla,AIA,1972,1.9845
Anguilla,AIA,1973,1.8397
Anguilla,AIA,1974,1.7137
Anguilla,AIA,1975,1.699
Anguilla,AIA,1976,1.6934
Anguilla,AIA,1977,1.6664
Anguilla,AIA,1978,1.6372
Anguilla,AIA,1979,1.6133
Anguilla,AIA,1980,1.5762
Anguilla,AIA,1981,1.5498
Anguilla,AIA,1982,1.5275
Anguilla,AIA,1983,1.4825
Anguilla,AIA,1984,1.3792
Anguilla,AIA,1985,1.3005
Anguilla,AIA,1986,1.2097
Anguilla,AIA,1987,1.1122
Anguilla,AIA,1988,1.0816
Anguilla,AIA,1989,1.2894
Anguilla,AIA,1990,1.1129
Anguilla,AIA,1991,1.08
Anguilla,AIA,1992,0.9854
Anguilla,AIA,1993,0.9827
Anguilla,AIA,1994,0.9555
Anguilla,AIA,1995,0.9852
Anguilla,AIA,1996,0.9446
Anguilla,AIA,1997,0.9496
Anguilla,AIA,1998,0.9733
Anguilla,AIA,1999,0.9747
Anguilla,AIA,2000,0.9342
Anguilla,AIA,2001,1.0201
Anguilla,AIA,2002,0.8304
Anguilla,AIA,2003,0.7676
Anguilla,AIA,2004,0.7609
Anguilla,AIA,2005,0.7098
Anguilla,AIA,2006,0.672
Anguilla,AIA,2007,0.7024
Anguilla,AIA,2008,0.7363
Anguilla,AIA,2009,0.7577
Anguilla,AIA,2010,0.7562
Anguilla,AIA,2011,0.7349
Anguilla,AIA,2012,0.7335
Anguilla,AIA,2013,0.5052
Anguilla,AIA,2014,0.4775
Anguilla,AIA,2015,0.5059
Anguilla,AIA,2016,0.5214
Anguilla,AIA,2017,0.4321
Anguilla,AIA,2018,0.4815
Anguilla,AIA,2019,0.4941
Anguilla,AIA,2020,0.4508
Anguilla,AIA,2021,0.4123
Anguilla,AIA,2022,0.2263
Anguilla,AIA,2023,0.2343
Antigua and Barbuda,ATG,1950,2.4464
Antigua and Barbuda,ATG,1951,2.4515
Antigua and Barbuda,ATG,1952,2.4618
Antigua and Barbuda,ATG,1953,2.4724
Antigua and Barbuda,ATG,1954,2.4958
Antigua and Barbuda,ATG,1955,2.5117
Antigua and Barbuda,ATG,1956,2.5301
Antigua and Barbuda,ATG,1957,2.5458
Antigua and Barbuda,ATG,1958,2.5623
Antigua and Barbuda,ATG,1959,2.5726
Antigua and Barbuda,ATG,1960,2.5807
Antigua and Barbuda,ATG,1961,2.61
Antigua and Barbuda,ATG,1962,2.6317
Antigua and Barbuda,ATG,1963,2.6541
Antigua and Barbuda,ATG,1964,2.64
Antigua and Barbuda,ATG,1965,2.548
Antigua and Barbuda,ATG,1966,2.4453
Antigua and Barbuda,ATG,1967,2.3145
Antigua and Barbuda,ATG,1968,2.1806
Antigua and Barbuda,ATG,1969,2.0482
Antigua and Barbuda,ATG,1970,1.9328
Antigua and Barbuda,ATG,1971,1.8846
Antigua and Barbuda,ATG,1972,1.8252
Antigua and Barbuda,ATG,1973,1.7643
Antigua and Barbuda,ATG,1974,1.6762
Antigua and Barbuda,ATG,1975,1.6113
Antigua and Barbuda,ATG,1976,1.6852
Antigua and Barbuda,ATG,1977,1.76
Antigua and Barbuda,ATG,1978,1.661
Antigua and Barbuda,ATG,1979,1.7888
Antigua and Barbuda,ATG,1980,1.5546
Antigua and Barbuda,ATG,1981,1.4534
Antigua and Barbuda,ATG,1982,1.4083
Antigua and Barbuda,ATG,1983,1.4492
Antigua and Barbuda,ATG,1984,1.385
Antigua and Barbuda,ATG,1985,1.4784
Antigua and Barbuda,ATG,1986,1.3298
Antigua and Barbuda,ATG,1987,1.3215
Antigua and Barbuda,ATG,1988,1.3324
Antigua and Barbuda,ATG,1989,1.3343
Antigua and Barbuda,ATG,1990,1.3214
Antigua and Barbuda,ATG,1991,1.0622
Antigua and Barbuda,ATG,1992,1.1306
Antigua and Barbuda,ATG,1993,1.076
Antigua and Barbuda,ATG,1994,1.1331
Antigua and Barbuda,ATG,1995,1.2372
Antigua and Barbuda,ATG,1996,1.3593
Antigua and Barbuda,ATG,1997,1.3111
Antigua and Barbuda,ATG,1998,1.1673
Antigua and Barbuda,ATG,1999,1.124
Antigua and Barbuda,ATG,2000,1.3466
Antigua and Barbuda,ATG,2001,1.1825
Antigua and Barbuda,ATG,2002,1.0942
Antigua and Barbuda,ATG,2003,1.0187
Antigua and Barbuda,ATG,2004,0.9614
Antigua and Barbuda,ATG,2005,0.927
Antigua and Barbuda,ATG,2006,0.9198
Antigua and Barbuda,ATG,2007,0.9433
Antigua and Barbuda,ATG,2008,1.0986
Antigua and Barbuda,ATG,2009,1.069
Antigua and Barbuda,ATG,2010,0.8893
Antigua and Barbuda,ATG,2011,0.8595
Antigua and Barbuda,ATG,2012,0.7764
Antigua and Barbuda,ATG,2013,0.665
Antigua and Barbuda,ATG,2014,0.6356
Antigua and Barbuda,ATG,2015,0.6518
Antigua and Barbuda,ATG,2016,0.5515
Antigua and Barbuda,ATG,2017,0.5568
Antigua and Barbuda,ATG,2018,0.451
Antigua and Barbuda,ATG,2019,0.5052
Antigua and Barbuda,ATG,2020,0.5575
Antigua and Barbuda,ATG,2021,0.5329
Antigua and Barbuda,ATG,2022,0.523
Antigua and Barbuda,ATG,2023,0.4955
Argentina,ARG,1950,1.6232
Argentina,ARG,1951,1.6459
Argentina,ARG,1952,1.6753
Argentina,ARG,1953,1.6545
Argentina,ARG,1954,1.654
Argentina,ARG,1955,1.6009
Argentina,ARG,1956,1.6358
Argentina,ARG,1957,1.5725
Argentina,ARG,1958,1.5833
Argentina,ARG,1959,1.5733
Argentina,ARG,1960,1.5498
Argentina,ARG,1961,1.5334
Argentina,ARG,1962,1.5041
Argentina,ARG,1963,1.48
Argentina,ARG,1964,1.4287
Argentina,ARG,1965,1.3781
Argentina,ARG,1966,1.3538
Argentina,ARG,1967,1.3549
Argentina,ARG,1968,1.3496
Argentina,ARG,1969,1.3574
Argentina,ARG,1970,1.4201
Argentina,ARG,1971,1.4218
Argentina,ARG,1972,1.452
Argentina,ARG,1973,1.4807
Argentina,ARG,1974,1.5243
Argentina,ARG,1975,1.5829
Argentina,ARG,1976,1.6069
Argentina,ARG,1977,1.654
Argentina,ARG,1978,1.6527
Argentina,ARG,1979,1.6321
Argentina,ARG,1980,1.5841
Argentina,ARG,1981,1.5546
Argentina,ARG,1982,1.4933
Argentina,ARG,1983,1.4499
Argentina,ARG,1984,1.4174
Argentina,ARG,1985,1.4137
Argentina,ARG,1986,1.4175
Argentina,ARG,1987,1.417
Argentina,ARG,1988,1.4339
Argentina,ARG,1989,1.4285
Argentina,ARG,1990,1.4246
Argentina,ARG,1991,1.4293
Argentina,ARG,1992,1.4045
Argentina,ARG,1993,1.3902
Argentina,ARG,1994,1.3924
Argentina,ARG,1995,1.3392
Argentina,ARG,1996,1.2902
Argentina,ARG,1997,1.2544
Argentina,ARG,1998,1.2102
Argentina,ARG,1999,1.2068
Argentina,ARG,2000,1.1758
Argentina,ARG,2001,1.1444
Argentina,ARG,2002,1.1171
Argentina,ARG,2003,1.0674
Argentina,ARG,2004,1.0768
Argentina,ARG,2005,1.092
Argentina,ARG,2006,1.0716
Argentina,ARG,2007,1.0068
Argentina,ARG,2008,1.0945
Argentina,ARG,2009,1.0752
Argentina,ARG,2010,1.0689
Argentina,ARG,2011,1.0753
Argentina,ARG,2012,0.9761
Argentina,ARG,2013,0.9903
Argentina,ARG,2014,1.047
Argentina,ARG,2015,1.0216
Argentina,ARG,2016,0.8924
Argentina,ARG,2017,0.8473
Argentina,ARG,2018,0.7749
Argentina,ARG,2019,0.6226
Argentina,ARG,2020,0.3349
Argentina,ARG,2021,0.1957
Argentina,ARG,2022,0.2129
Argentina,ARG,2023,0.3396
Armenia,ARM,1950,1.7491
Armenia,ARM,1951,1.8534
Armenia,ARM,1952,1.9505
Armenia,ARM,1953,2.057
Armenia,ARM,1954,2.1701
Armenia,ARM,1955,2.28
Armenia,ARM,1956,2.4533
Armenia,ARM,1957,2.5735
Armenia,ARM,1958,2.66
Armenia,ARM,1959,2.7489
Armenia,ARM,1960,2.7727
Armenia,ARM,1961,2.6956
Armenia,ARM,1962,2.5336
Armenia,ARM,1963,2.3374
Armenia,ARM,1964,2.1171
Armenia,ARM,1965,1.9358
Armenia,ARM,1966,1.7738
Armenia,ARM,1967,1.676
Armenia,ARM,1968,1.6102
Armenia,ARM,1969,1.5401
Armenia,ARM,1970,1.456
Armenia,ARM,1971,1.4489
Armenia,ARM,1972,1.4335
Armenia,ARM,1973,1.4199
Armenia,ARM,1974,1.4291
Armenia,ARM,1975,1.4658
Armenia,ARM,1976,1.4885
Armenia,ARM,1977,1.5559
Armenia,ARM,1978,1.604
Armenia,ARM,1979,1.7038
Armenia,ARM,1980,1.7419
Armenia,ARM,1981,1.7964
Armenia,ARM,1982,1.8531
Armenia,ARM,1983,1.9122
Armenia,ARM,1984,1.9266
Armenia,ARM,1985,1.9169
Armenia,ARM,1986,1.8748
Armenia,ARM,1987,1.8079
Armenia,ARM,1988,0.9905
Armenia,ARM,1989,1.6706
Armenia,ARM,1990,1.6861
Armenia,ARM,1991,1.557
Armenia,ARM,1992,1.4095
Armenia,ARM,1993,1.0372
Armenia,ARM,1994,0.7808
Armenia,ARM,1995,0.6788
Armenia,ARM,1996,0.6433
Armenia,ARM,1997,0.514
Armenia,ARM,1998,0.4475
Armenia,ARM,1999,0.33
Armenia,ARM,2000,0.3481
Armenia,ARM,2001,0.3452
Armenia,ARM,2002,0.3601
Armenia,ARM,2003,0.4303
Armenia,ARM,2004,0.4562
Armenia,ARM,2005,0.4612
Armenia,ARM,2006,0.4692
Armenia,ARM,2007,0.4956
Armenia,ARM,2008,0.5172
Armenia,ARM,2009,0.5379
Armenia,ARM,2010,0.5337
Armenia,ARM,2011,0.5485
Armenia,ARM,2012,0.5668
Armenia,ARM,2013,0.5634
Armenia,ARM,2014,0.5252
Armenia,ARM,2015,0.4498
Armenia,ARM,2016,0.4115
Armenia,ARM,2017,0.3158
Armenia,ARM,2018,0.2784
Armenia,ARM,2019,0.254
Armenia,ARM,2020,-0.2129
Armenia,ARM,2021,-0.0849
Armenia,ARM,2022,0.1717
Armenia,ARM,2023,0.2408
Aruba,ABW,1950,2.5309
Aruba,ABW,1951,2.6039
Aruba,ABW,1952,2.6536
Aruba,ABW,1953,2.6668
Aruba,ABW,1954,2.6634
Aruba,ABW,1955,2.6421
Aruba,ABW,1956,2.5975
Aruba,ABW,1957,2.5366
Aruba,ABW,1958,2.4797
Aruba,ABW,1959,2.449
Aruba,ABW,1960,2.4518
Aruba,ABW,1961,2.3878
Aruba,ABW,1962,2.332
Aruba,ABW,1963,2.2772
Aruba,ABW,1964,2.2157
Aruba,ABW,1965,2.1668
Aruba,ABW,1966,2.1037
Aruba,ABW,1967,2.036
Aruba,ABW,1968,1.9512
Aruba,ABW,1969,1.8615
Aruba,ABW,1970,1.783
Aruba,ABW,1971,1.716
Aruba,ABW,1972,1.6474
Aruba,ABW,1973,1.6176
Aruba,ABW,1974,1.5947
Aruba,ABW,1975,1.5728
Aruba,ABW,1976,1.5577
Aruba,ABW,1977,1.5446
Aruba,ABW,1978,1.5172
Aruba,ABW,1979,1.4815
Aruba,ABW,1980,1.4347
Aruba,ABW,1981,1.3998
Aruba,ABW,1982,1.3646
Aruba,ABW,1983,1.3427
Aruba,ABW,1984,1.3274
Aruba,ABW,1985,1.2963
Aruba,ABW,1986,1.2558
Aruba,ABW,1987,1.2453
Aruba,ABW,1988,1.1865
Aruba,ABW,1989,1.1193
Aruba,ABW,1990,1.0736
Aruba,ABW,1991,1.0432
Aruba,ABW,1992,1.0454
Aruba,ABW,1993,1.0193
Aruba,ABW,1994,0.9915
Aruba,ABW,1995,0.9845
Aruba,ABW,1996,0.9971
Aruba,ABW,1997,0.9652
Aruba,ABW,1998,0.8776
Aruba,ABW,1999,0.7897
Aruba,ABW,2000,0.7425
Aruba,ABW,2001,0.703
Aruba,ABW,2002,0.6615
Aruba,ABW,2003,0.6325
Aruba,ABW,2004,0.598
Aruba,ABW,2005,0.5892
Aruba,ABW,2006,0.5743
Aruba,ABW,2007,0.5584
Aruba,ABW,2008,0.5294
Aruba,ABW,2009,0.4848
Aruba,ABW,2010,0.4485
Aruba,ABW,2011,0.4395
Aruba,ABW,2012,0.4674
Aruba,ABW,2013,0.4813
Aruba,ABW,2014,0.4665
Aruba,ABW,2015,0.4151
Aruba,ABW,2016,0.3572
Aruba,ABW,2017,0.2821
Aruba,ABW,2018,0.227
Aruba,ABW,2019,0.1717
Aruba,ABW,2020,0.0371
Aruba,ABW,2021,-0.2076
Aruba,ABW,2022,0.0235
Aruba,ABW,2023,-0.0122
Asia (UN),UN_ASI,1950,1.8881
Asia (UN),UN_ASI,1951,1.9032
Asia (UN),UN_ASI,1952,2.2023
Asia (UN),UN_ASI,1953,2.125
Asia (UN),UN_ASI,1954,2.2583
Asia (UN),UN_ASI,1955,2.2776
Asia (UN),UN_ASI,1956,2.1986
Asia (UN),UN_ASI,1957,2.3651
Asia (UN),UN_ASI,1958,2.2063
Asia (UN),UN_ASI,1959,1.716
Asia (UN),UN_ASI,1960,1.4626
Asia (UN),UN_ASI,1961,1.6076
Asia (UN),UN_ASI,1962,2.4413
Asia (UN),UN_ASI,1963,2.7546
Asia (UN),UN_ASI,1964,2.5385
Asia (UN),UN_ASI,1965,2.4593
Asia (UN),UN_ASI,1966,2.3931
Asia (UN),UN_ASI,1967,2.3268
Asia (UN),UN_ASI,1968,2.5161
Asia (UN),UN_ASI,1969,2.455
Asia (UN),UN_ASI,1970,2.4458
Asia (UN),UN_ASI,1971,2.2956
Asia (UN),UN_ASI,1972,2.3141
Asia (UN),UN_ASI,1973,2.2667
Asia (UN),UN_ASI,1974,2.1594
Asia (UN),UN_ASI,1975,2.0267
Asia (UN),UN_ASI,1976,1.9737
Asia (UN),UN_ASI,1977,1.9066
Asia (UN),UN_ASI,1978,1.9047
Asia (UN),UN_ASI,1979,1.9653
Asia (UN),UN_ASI,1980,1.9871
Asia (UN),UN_ASI,1981,2.0111
Asia (UN),UN_ASI,1982,2.0652
Asia (UN),UN_ASI,1983,1.9594
Asia (UN),UN_ASI,1984,1.9892
Asia (UN),UN_ASI,1985,1.9989
Asia (UN),UN_ASI,1986,2.0374
Asia (UN),UN_ASI,1987,2.0471
Asia (UN),UN_ASI,1988,1.9795
Asia (UN),UN_ASI,1989,1.9743
Asia (UN),UN_ASI,1990,1.9591
Asia (UN),UN_ASI,1991,1.7689
Asia (UN),UN_ASI,1992,1.6967
Asia (UN),UN_ASI,1993,1.6437
Asia (UN),UN_ASI,1994,1.5995
Asia (UN),UN_ASI,1995,1.5552
Asia (UN),UN_ASI,1996,1.5096
Asia (UN),UN_ASI,1997,1.4684
Asia (UN),UN_ASI,1998,1.4301
Asia (UN),UN_ASI,1999,1.3989
Asia (UN),UN_ASI,2000,1.4061
Asia (UN),UN_ASI,2001,1.3636
Asia (UN),UN_ASI,2002,1.33
Asia (UN),UN_ASI,2003,1.2981
Asia (UN),UN_ASI,2004,1.2732
Asia (UN),UN_ASI,2005,1.2499
Asia (UN),UN_ASI,2006,1.2395
Asia (UN),UN_ASI,2007,1.2326
Asia (UN),UN_ASI,2008,1.2236
Asia (UN),UN_ASI,2009,1.2237
Asia (UN),UN_ASI,2010,1.1998
Asia (UN),UN_ASI,2011,1.1791
Asia (UN),UN_ASI,2012,1.1946
Asia (UN),UN_ASI,2013,1.1437
Asia (UN),UN_ASI,2014,1.1168
Asia (UN),UN_ASI,2015,1.0702
Asia (UN),UN_ASI,2016,1.0625
Asia (UN),UN_ASI,2017,1.0144
Asia (UN),UN_ASI,2018,0.9337
Asia (UN),UN_ASI,2019,0.884
Asia (UN),UN_ASI,2020,0.7507
Asia (UN),UN_ASI,2021,0.6159
Asia (UN),UN_ASI,2022,0.693
Asia (UN),UN_ASI,2023,0.6609
Australia,AUS,1950,1.3553
Australia,AUS,1951,1.3142
Australia,AUS,1952,1.3866
Australia,AUS,1953,1.3821
Australia,AUS,1954,1.3308
Australia,AUS,1955,1.3534
Australia,AUS,1956,1.3295
Australia,AUS,1957,1.3847
Australia,AUS,1958,1.3908
Australia,AUS,1959,1.3457
Australia,AUS,1960,1.3611
Australia,AUS,1961,1.4202
Australia,AUS,1962,1.3227
Australia,AUS,1963,1.2725
Australia,AUS,1964,1.1348
Australia,AUS,1965,1.0715
Australia,AUS,1966,1.0229
Australia,AUS,1967,1.0645
Australia,AUS,1968,1.0923
Australia,AUS,1969,1.1701
Australia,AUS,1970,1.1539
Australia,AUS,1971,1.319
Australia,AUS,1972,1.2292
Australia,AUS,1973,1.0816
Australia,AUS,1974,0.9936
Australia,AUS,1975,0.9441
Australia,AUS,1976,0.8274
Australia,AUS,1977,0.8416
Australia,AUS,1978,0.8135
Australia,AUS,1979,0.8053
Australia,AUS,1980,0.8033
Australia,AUS,1981,0.8452
Australia,AUS,1982,0.8332
Australia,AUS,1983,0.8645
Australia,AUS,1984,0.8027
Australia,AUS,1985,0.801
Australia,AUS,1986,0.806
Australia,AUS,1987,0.7736
Australia,AUS,1988,0.7692
Australia,AUS,1989,0.744
Australia,AUS,1990,0.8421
Australia,AUS,1991,0.8103
Australia,AUS,1992,0.8088
Australia,AUS,1993,0.7939
Australia,AUS,1994,0.7408
Australia,AUS,1995,0.7231
Australia,AUS,1996,0.6866
Australia,AUS,1997,0.6642
Australia,AUS,1998,0.6508
Australia,AUS,1999,0.6377
Australia,AUS,2000,0.6288
Australia,AUS,2001,0.6036
Australia,AUS,2002,0.5948
Australia,AUS,2003,0.5972
Australia,AUS,2004,0.6065
Australia,AUS,2005,0.6534
Australia,AUS,2006,0.6613
Australia,AUS,2007,0.7155
Australia,AUS,2008,0.7323
Australia,AUS,2009,0.7205
Australia,AUS,2010,0.7127
Australia,AUS,2011,0.6858
Australia,AUS,2012,0.6919
Australia,AUS,2013,0.6779
Australia,AUS,2014,0.6151
Australia,AUS,2015,0.6144
Australia,AUS,2016,0.6156
Australia,AUS,2017,0.577
Australia,AUS,2018,0.6099
Australia,AUS,2019,0.5465
Australia,AUS,2020,0.51
Australia,AUS,2021,0.5113
Australia,AUS,2022,0.3766
Australia,AUS,2023,0.4553
Austria,AUT,1950,0.3133
Austria,AUT,1951,0.2207
Austria,AUT,1952,0.2896
Austria,AUT,1953,0.2806
Austria,AUT,1954,0.2708
Austria,AUT,1955,0.3281
Austria,AUT,1956,0.4014
Austria,AUT,1957,0.4086
Austria,AUT,1958,0.4822
Austria,AUT,1959,0.5159
Austria,AUT,1960,0.5132
Austria,AUT,1961,0.6477
Austria,AUT,1962,0.5948
Austria,AUT,1963,0.6013
Austria,AUT,1964,0.6123
Austria,AUT,1965,0.4876
Austria,AUT,1966,0.5108
Austria,AUT,1967,0.4367
Austria,AUT,1968,0.4053
Austria,AUT,1969,0.2995
Austria,AUT,1970,0.1776
Austria,AUT,1971,0.1383
Austria,AUT,1972,0.1031
Austria,AUT,1973,0.0576
Austria,AUT,1974,0.0367
Austria,AUT,1975,-0.0334
Austria,AUT,1976,-0.1098
Austria,AUT,1977,-0.0995
Austria,AUT,1978,-0.1303
Austria,AUT,1979,-0.0789
Austria,AUT,1980,-0.0256
Austria,AUT,1981,0.0111
Austria,AUT,1982,0.0439
Austria,AUT,1983,-0.0394
Austria,AUT,1984,0.0084
Austria,AUT,1985,-0.0303
Austria,AUT,1986,-0.0014
Austria,AUT,1987,0.0248
Austria,AUT,1988,0.0651
Austria,AUT,1989,0.0678
Austria,AUT,1990,0.0933
Austria,AUT,1991,0.1362
Austria,AUT,1992,0.1493
Austria,AUT,1993,0.1609
Austria,AUT,1994,0.1486
Austria,AUT,1995,0.0948
Austria,AUT,1996,0.0965
Austria,AUT,1997,0.0554
Austria,AUT,1998,0.0329
Austria,AUT,1999,-0.0052
Austria,AUT,2000,0.0114
Austria,AUT,2001,0.0027
Austria,AUT,2002,0.0151
Austria,AUT,2003,-0.0142
Austria,AUT,2004,0.0437
Austria,AUT,2005,0.0263
Austria,AUT,2006,0.0333
Austria,AUT,2007,0.0115
Austria,AUT,2008,0.0194
Austria,AUT,2009,-0.0194
Austria,AUT,2010,0.0106
Austria,AUT,2011,0.012
Austria,AUT,2012,-0.0148
Austria,AUT,2013,-0.0104
Austria,AUT,2014,0.0303
Austria,AUT,2015,0.0034
Austria,AUT,2016,0.0721
Austria,AUT,2017,0.0451
Austria,AUT,2018,0.0115
Austria,AUT,2019,0.0119
Austria,AUT,2020,-0.0076
Austria,AUT,2021,0.0025
Austria,AUT,2022,-0.16
Austria,AUT,2023,-0.1771
Azerbaijan,AZE,1950,1.6991
Azerbaijan,AZE,1951,1.7953
Azerbaijan,AZE,1952,1.927
Azerbaijan,AZE,1953,2.0759
Azerbaijan,AZE,1954,2.2336
Azerbaijan,AZE,1955,2.4054
Azerbaijan,AZE,1956,2.5756
Azerbaijan,AZE,1957,2.734
Azerbaijan,AZE,1958,2.8849
Azerbaijan,AZE,1959,3.0113
Azerbaijan,AZE,1960,3.1064
Azerbaijan,AZE,1961,3.143
Azerbaijan,AZE,1962,3.1153
Azerbaijan,AZE,1963,3.0555
Azerbaijan,AZE,1964,2.9188
Azerbaijan,AZE,1965,2.7503
Azerbaijan,AZE,1966,2.5995
Azerbaijan,AZE,1967,2.3621
Azerbaijan,AZE,1968,2.2323
Azerbaijan,AZE,1969,2.1092
Azerbaijan,AZE,1970,2.018
Azerbaijan,AZE,1971,1.9389
Azerbaijan,AZE,1972,1.8598
Azerbaijan,AZE,1973,1.8077
Azerbaijan,AZE,1974,1.7934
Azerbaijan,AZE,1975,1.7962
Azerbaijan,AZE,1976,1.8189
Azerbaijan,AZE,1977,1.8284
Azerbaijan,AZE,1978,1.8503
Azerbaijan,AZE,1979,1.9538
Azerbaijan,AZE,1980,2.0058
Azerbaijan,AZE,1981,2.0639
Azerbaijan,AZE,1982,2.1045
Azerbaijan,AZE,1983,2.1539
Azerbaijan,AZE,1984,2.1615
Azerbaijan,AZE,1985,2.2066
Azerbaijan,AZE,1986,2.1929
Azerbaijan,AZE,1987,2.1698
Azerbaijan,AZE,1988,2.1245
Azerbaijan,AZE,1989,2.0816
Azerbaijan,AZE,1990,1.9789
Azerbaijan,AZE,1991,1.8661
Azerbaijan,AZE,1992,1.6236
Azerbaijan,AZE,1993,1.501
Azerbaijan,AZE,1994,1.1535
Azerbaijan,AZE,1995,1.0297
Azerbaijan,AZE,1996,0.8824
Azerbaijan,AZE,1997,0.9354
Azerbaijan,AZE,1998,0.8393
Azerbaijan,AZE,1999,0.7848
Azerbaijan,AZE,2000,0.7806
Azerbaijan,AZE,2001,0.7025
Azerbaijan,AZE,2002,0.714
Azerbaijan,AZE,2003,0.7277
Azerbaijan,AZE,2004,1.0709
Azerbaijan,AZE,2005,1.0924
Azerbaijan,AZE,2006,1.1595
Azerbaijan,AZE,2007,1.1195
Azerbaijan,AZE,2008,1.0921
Azerbaijan,AZE,2009,1.0369
Azerbaijan,AZE,2010,1.1475
Azerbaijan,AZE,2011,1.1946
Azerbaijan,AZE,2012,1.342
Azerbaijan,AZE,2013,1.3294
Azerbaijan,AZE,2014,1.2847
Azerbaijan,AZE,2015,1.2052
Azerbaijan,AZE,2016,1.0931
Azerbaijan,AZE,2017,0.9925
Azerbaijan,AZE,2018,0.9212
Azerbaijan,AZE,2019,0.8513
Azerbaijan,AZE,2020,0.5401
Azerbaijan,AZE,2021,0.4704
Azerbaijan,AZE,2022,0.6173
Azerbaijan,AZE,2023,0.5553
Bahamas,BHS,1950,2.5062
Bahamas,BHS,1951,2.5202
Bahamas,BHS,1952,2.5765
Bahamas,BHS,1953,2.6298
Bahamas,BHS,1954,2.6742
Bahamas,BHS,1955,2.7139
Bahamas,BHS,1956,2.7446
Bahamas,BHS,1957,2.7711
Bahamas,BHS,1958,2.792
Bahamas,BHS,1959,2.8411
Bahamas,BHS,1960,2.8809
Bahamas,BHS,1961,2.9271
Bahamas,BHS,1962,2.9168
Bahamas,BHS,1963,2.8879
Bahamas,BHS,1964,2.8528
Bahamas,BHS,1965,2.8336
Bahamas,BHS,1966,2.8017
Bahamas,BHS,1967,2.7743
Bahamas,BHS,1968,2.7177
Bahamas,BHS,1969,2.634
Bahamas,BHS,1970,2.5545
Bahamas,BHS,1971,2.4575
Bahamas,BHS,1972,2.3376
Bahamas,BHS,1973,2.2248
Bahamas,BHS,1974,2.1194
Bahamas,BHS,1975,2.0245
Bahamas,BHS,1976,1.9424
Bahamas,BHS,1977,1.857
Bahamas,BHS,1978,1.7817
Bahamas,BHS,1979,1.7084
Bahamas,BHS,1980,1.6534
Bahamas,BHS,1981,1.6276
Bahamas,BHS,1982,1.6056
Bahamas,BHS,1983,1.5889
Bahamas,BHS,1984,1.5641
Bahamas,BHS,1985,1.5475
Bahamas,BHS,1986,1.5524
Bahamas,BHS,1987,1.5612
Bahamas,BHS,1988,1.5758
Bahamas,BHS,1989,1.5944
Bahamas,BHS,1990,1.606
Bahamas,BHS,1991,1.6021
Bahamas,BHS,1992,1.771
Bahamas,BHS,1993,1.6742
Bahamas,BHS,1994,1.5371
Bahamas,BHS,1995,1.4709
Bahamas,BHS,1996,1.3923
Bahamas,BHS,1997,1.321
Bahamas,BHS,1998,1.2522
Bahamas,BHS,1999,1.1539
Bahamas,BHS,2000,1.0769
Bahamas,BHS,2001,1.0302
Bahamas,BHS,2002,0.98
Bahamas,BHS,2003,0.9479
Bahamas,BHS,2004,0.9313
Bahamas,BHS,2005,0.9365
Bahamas,BHS,2006,0.9201
Bahamas,BHS,2007,0.9177
Bahamas,BHS,2008,0.875
Bahamas,BHS,2009,0.8716
Bahamas,BHS,2010,0.7243
Bahamas,BHS,2011,0.6883
Bahamas,BHS,2012,0.6618
Bahamas,BHS,2013,0.6416
Bahamas,BHS,2014,0.5907
Bahamas,BHS,2015,0.4775
Bahamas,BHS,2016,0.4043
Bahamas,BHS,2017,0.3301
Bahamas,BHS,2018,0.2987
Bahamas,BHS,2019,0.1874
Bahamas,BHS,2020,0.1592
Bahamas,BHS,2021,-0.0236
Bahamas,BHS,2022,0.2384
Bahamas,BHS,2023,0.2139
Bahrain,BHR,1950,2.3715
Bahrain,BHR,1951,2.4413
Bahrain,BHR,1952,2.5085
Bahrain,BHR,1953,2.5796
Bahrain,BHR,1954,2.6582
Bahrain,BHR,1955,2.7485
Bahrain,BHR,1956,2.8561
Bahrain,BHR,1957,2.9753
Bahrain,BHR,1958,3.1183
Bahrain,BHR,1959,3.2326
Bahrain,BHR,1960,3.3318
Bahrain,BHR,1961,3.413
Bahrain,BHR,1962,3.4747
Bahrain,BHR,1963,3.5153
Bahrain,BHR,1964,3.5461
Bahrain,BHR,1965,3.5585
Bahrain,BHR,1966,3.5373
Bahrain,BHR,1967,3.4979
Bahrain,BHR,1968,3.4578
Bahrain,BHR,1969,3.2711
Bahrain,BHR,1970,3.1017
Bahrain,BHR,1971,2.882
Bahrain,BHR,1972,2.7936
Bahrain,BHR,1973,2.7464
Bahrain,BHR,1974,2.7003
Bahrain,BHR,1975,2.6602
Bahrain,BHR,1976,2.6245
Bahrain,BHR,1977,2.5869
Bahrain,BHR,1978,2.5477
Bahrain,BHR,1979,2.5002
Bahrain,BHR,1980,2.4519
Bahrain,BHR,1981,2.4148
Bahrain,BHR,1982,2.4281
Bahrain,BHR,1983,2.4508
Bahrain,BHR,1984,2.4735
Bahrain,BHR,1985,2.5384
Bahrain,BHR,1986,2.5667
Bahrain,BHR,1987,2.5298
Bahrain,BHR,1988,2.4994
Bahrain,BHR,1989,2.4718
Bahrain,BHR,1990,2.3965
Bahrain,BHR,1991,2.2843
Bahrain,BHR,1992,2.2417
Bahrain,BHR,1993,2.1729
Bahrain,BHR,1994,2.0451
Bahrain,BHR,1995,1.9366
Bahrain,BHR,1996,1.8486
Bahrain,BHR,1997,1.823
Bahrain,BHR,1998,1.8137
Bahrain,BHR,1999,1.8353
Bahrain,BHR,2000,1.7785
Bahrain,BHR,2001,1.6554
Bahrain,BHR,2002,1.6713
Bahrain,BHR,2003,1.7322
Bahrain,BHR,2004,1.7547
Bahrain,BHR,2005,1.7096
Bahrain,BHR,2006,1.5876
Bahrain,BHR,2007,1.4811
Bahrain,BHR,2008,1.4083
Bahrain,BHR,2009,1.3404
Bahrain,BHR,2010,1.3409
Bahrain,BHR,2011,1.338
Bahrain,BHR,2012,1.3416
Bahrain,BHR,2013,1.3601
Bahrain,BHR,2014,1.356
Bahrain,BHR,2015,1.3276
Bahrain,BHR,2016,1.264
Bahrain,BHR,2017,1.2084
Bahrain,BHR,2018,1.1606
Bahrain,BHR,2019,1.1214
Bahrain,BHR,2020,1.0227
Bahrain,BHR,2021,1.0238
Bahrain,BHR,2022,1.1188
Bahrain,BHR,2023,1.0371
Bangladesh,BGD,1950,1.8762
Bangladesh,BGD,1951,1.9889
Bangladesh,BGD,1952,2.0864
Bangladesh,BGD,1953,2.17
Bangladesh,BGD,1954,2.2922
Bangladesh,BGD,1955,2.378
Bangladesh,BGD,1956,2.4464
Bangladesh,BGD,1957,2.5483
Bangladesh,BGD,1958,2.6071
Bangladesh,BGD,1959,2.6857
Bangladesh,BGD,1960,2.7375
Bangladesh,BGD,1961,2.8222
Bangladesh,BGD,1962,2.8863
Bangladesh,BGD,1963,2.8542
Bangladesh,BGD,1964,2.899
Bangladesh,BGD,1965,2.819
Bangladesh,BGD,1966,2.9099
Bangladesh,BGD,1967,2.9298
Bangladesh,BGD,1968,2.9334
Bangladesh,BGD,1969,2.9512
Bangladesh,BGD,1970,2.5229
Bangladesh,BGD,1971,0.7723
Bangladesh,BGD,1972,3.1144
Bangladesh,BGD,1973,3.0879
Bangladesh,BGD,1974,3.0491
Bangladesh,BGD,1975,3.0638
Bangladesh,BGD,1976,3.0452
Bangladesh,BGD,1977,3.0238
Bangladesh,BGD,1978,2.9974
Bangladesh,BGD,1979,2.9911
Bangladesh,BGD,1980,2.9716
Bangladesh,BGD,1981,2.9441
Bangladesh,BGD,1982,2.9153
Bangladesh,BGD,1983,2.826
Bangladesh,BGD,1984,2.7737
Bangladesh,BGD,1985,2.6914
Bangladesh,BGD,1986,2.6162
Bangladesh,BGD,1987,2.536
Bangladesh,BGD,1988,2.4386
Bangladesh,BGD,1989,2.3972
Bangladesh,BGD,1990,2.3179
Bangladesh,BGD,1991,2.069
Bangladesh,BGD,1992,2.1161
Bangladesh,BGD,1993,2.0529
Bangladesh,BGD,1994,2.0567
Bangladesh,BGD,1995,2.0208
Bangladesh,BGD,1996,2.0275
Bangladesh,BGD,1997,2.0975
Bangladesh,BGD,1998,2.1146
Bangladesh,BGD,1999,2.1222
Bangladesh,BGD,2000,2.1313
Bangladesh,BGD,2001,2.124
Bangladesh,BGD,2002,2.0928
Bangladesh,BGD,2003,2.0443
Bangladesh,BGD,2004,1.9941
Bangladesh,BGD,2005,1.9231
Bangladesh,BGD,2006,1.8618
Bangladesh,BGD,2007,1.8016
Bangladesh,BGD,2008,1.7366
Bangladesh,BGD,2009,1.6648
Bangladesh,BGD,2010,1.5825
Bangladesh,BGD,2011,1.5184
Bangladesh,BGD,2012,1.4862
Bangladesh,BGD,2013,1.4772
Bangladesh,BGD,2014,1.4595
Bangladesh,BGD,2015,1.4616
Bangladesh,BGD,2016,1.4651
Bangladesh,BGD,2017,1.4479
Bangladesh,BGD,2018,1.4627
Bangladesh,BGD,2019,1.4759
Bangladesh,BGD,2020,1.4163
Bangladesh,BGD,2021,1.4097
Bangladesh,BGD,2022,1.5546
Bangladesh,BGD,2023,1.5343
Barbados,BRB,1950,1.9119
Barbados,BRB,1951,2.0049
Barbados,BRB,1952,2.0839
Barbados,BRB,1953,2.12
Barbados,BRB,1954,2.1366
Barbados,BRB,1955,2.1614
Barbados,BRB,1956,2.0567
Barbados,BRB,1957,2.2137
Barbados,BRB,1958,2.1866
Barbados,BRB,1959,2.2485
Barbados,BRB,1960,2.5765
Barbados,BRB,1961,2.2337
Barbados,BRB,1962,2.3761
Barbados,BRB,1963,2.4021
Barbados,BRB,1964,2.3701
Barbados,BRB,1965,2.3771
Barbados,BRB,1966,2.3842
Barbados,BRB,1967,2.0173
Barbados,BRB,1968,2.0258
Barbados,BRB,1969,1.8883
Barbados,BRB,1970,1.7129
Barbados,BRB,1971,1.8181
Barbados,BRB,1972,1.8045
Barbados,BRB,1973,1.5964
Barbados,BRB,1974,1.4532
Barbados,BRB,1975,1.3223
Barbados,BRB,1976,1.1881
Barbados,BRB,1977,1.1878
Barbados,BRB,1978,0.941
Barbados,BRB,1979,0.9892
Barbados,BRB,1980,0.9513
Barbados,BRB,1981,1.0327
Barbados,BRB,1982,1.051
Barbados,BRB,1983,1.0458
Barbados,BRB,1984,0.9367
Barbados,BRB,1985,0.9212
Barbados,BRB,1986,0.8225
Barbados,BRB,1987,0.7155
Barbados,BRB,1988,0.6533
Barbados,BRB,1989,0.6661
Barbados,BRB,1990,0.8126
Barbados,BRB,1991,0.7922
Barbados,BRB,1992,0.7346
Barbados,BRB,1993,0.6764
Barbados,BRB,1994,0.6139
Barbados,BRB,1995,0.5598
Barbados,BRB,1996,0.5087
Barbados,BRB,1997,0.4468
Barbados,BRB,1998,0.4165
Barbados,BRB,1999,0.5148
Barbados,BRB,2000,0.6017
Barbados,BRB,2001,0.6012
Barbados,BRB,2002,0.5183
Barbados,BRB,2003,0.4969
Barbados,BRB,2004,0.4502
Barbados,BRB,2005,0.3788
Barbados,BRB,2006,0.3432
Barbados,BRB,2007,0.3786
Barbados,BRB,2008,0.3628
Barbados,BRB,2009,0.3647
Barbados,BRB,2010,0.3565
Barbados,BRB,2011,0.325
Barbados,BRB,2012,0.2945
Barbados,BRB,2013,0.2777
Barbados,BRB,2014,0.2622
Barbados,BRB,2015,0.2474
Barbados,BRB,2016,0.2346
Barbados,BRB,2017,0.2201
Barbados,BRB,2018,0.208
Barbados,BRB,2019,0.1929
Barbados,BRB,2020,0.1786
Barbados,BRB,2021,0.147
Barbados,BRB,2022,0.0152
Barbados,BRB,2023,0.056
Belarus,BLR,1950,0.7557
Belarus,BLR,1951,0.918
Belarus,BLR,1952,1.0255
Belarus,BLR,1953,1.1154
Belarus,BLR,1954,1.2155
Belarus,BLR,1955,1.3145
Belarus,BLR,1956,1.4013
Belarus,BLR,1957,1.4809
Belarus,BLR,1958,1.5796
Belarus,BLR,1959,1.6784
Belarus,BLR,1960,1.7284
Belarus,BLR,1961,1.6486
Belarus,BLR,1962,1.5512
Belarus,BLR,1963,1.3782
Belarus,BLR,1964,1.155
Belarus,BLR,1965,1.0442
Belarus,BLR,1966,1.005
Belarus,BLR,1967,0.9129
Belarus,BLR,1968,0.8606
Belarus,BLR,1969,0.7858
Belarus,BLR,1970,0.7955
Belarus,BLR,1971,0.7979
Belarus,BLR,1972,0.7776
Belarus,BLR,1973,0.7211
Belarus,BLR,1974,0.7131
Belarus,BLR,1975,0.6713
Belarus,BLR,1976,0.6468
Belarus,BLR,1977,0.6288
Belarus,BLR,1978,0.6163
Belarus,BLR,1979,0.5879
Belarus,BLR,1980,0.6025
Belarus,BLR,1981,0.623
Belarus,BLR,1982,0.6344
Belarus,BLR,1983,0.7365
Belarus,BLR,1984,0.6676
Belarus,BLR,1985,0.6322
Belarus,BLR,1986,0.6959
Belarus,BLR,1987,0.6062
Belarus,BLR,1988,0.5639
Belarus,BLR,1989,0.4439
Belarus,BLR,1990,0.3015
Belarus,BLR,1991,0.1659
Belarus,BLR,1992,0.0669
Belarus,BLR,1993,-0.0824
Belarus,BLR,1994,-0.2045
Belarus,BLR,1995,-0.3182
Belarus,BLR,1996,-0.3946
Belarus,BLR,1997,-0.476
Belarus,BLR,1998,-0.4796
Belarus,BLR,1999,-0.4941
Belarus,BLR,2000,-0.5011
Belarus,BLR,2001,-0.541
Belarus,BLR,2002,-0.5981
Belarus,BLR,2003,-0.5993
Belarus,BLR,2004,-0.5773
Belarus,BLR,2005,-0.5424
Belarus,BLR,2006,-0.4519
Belarus,BLR,2007,-0.3563
Belarus,BLR,2008,-0.304
Belarus,BLR,2009,-0.2965
Belarus,BLR,2010,-0.3043
Belarus,BLR,2011,-0.2442
Belarus,BLR,2012,-0.1351
Belarus,BLR,2013,-0.0624
Belarus,BLR,2014,-0.0328
Belarus,BLR,2015,-0.0083
Belarus,BLR,2016,-0.0213
Belarus,BLR,2017,-0.17
Belarus,BLR,2018,-0.2884
Belarus,BLR,2019,-0.3872
Belarus,BLR,2020,-0.6898
Belarus,BLR,2021,-0.7215
Belarus,BLR,2022,-0.5184
Belarus,BLR,2023,-0.6202
Belgium,BEL,1950,0.4165
Belgium,BEL,1951,0.363
Belgium,BEL,1952,0.4616
Belgium,BEL,1953,0.4521
Belgium,BEL,1954,0.4817
Belgium,BEL,1955,0.4465
Belgium,BEL,1956,0.4608
Belgium,BEL,1957,0.4978
Belgium,BEL,1958,0.5373
Belgium,BEL,1959,0.5886
Belgium,BEL,1960,0.4429
Belgium,BEL,1961,0.5602
Belgium,BEL,1962,0.4581
Belgium,BEL,1963,0.449
Belgium,BEL,1964,0.5278
Belgium,BEL,1965,0.4163
Belgium,BEL,1966,0.3589
Belgium,BEL,1967,0.3096
Belgium,BEL,1968,0.1971
Belgium,BEL,1969,0.2114
Belgium,BEL,1970,0.2379
Belgium,BEL,1971,0.2252
Belgium,BEL,1972,0.1908
Belgium,BEL,1973,0.1111
Belgium,BEL,1974,0.0732
Belgium,BEL,1975,-0.0037
Belgium,BEL,1976,0.0123
Belgium,BEL,1977,0.0838
Belgium,BEL,1978,0.0627
Belgium,BEL,1979,0.1107
Belgium,BEL,1980,0.0999
Belgium,BEL,1981,0.1119
Belgium,BEL,1982,0.0849
Belgium,BEL,1983,0.0292
Belgium,BEL,1984,0.0514
Belgium,BEL,1985,0.026
Belgium,BEL,1986,0.0566
Belgium,BEL,1987,0.1236
Belgium,BEL,1988,0.1528
Belgium,BEL,1989,0.1372
Belgium,BEL,1990,0.1963
Belgium,BEL,1991,0.211
Belgium,BEL,1992,0.1988
Belgium,BEL,1993,0.1332
Belgium,BEL,1994,0.124
Belgium,BEL,1995,0.1026
Belgium,BEL,1996,0.112
Belgium,BEL,1997,0.1145
Belgium,BEL,1998,0.0882
Belgium,BEL,1999,0.0845
Belgium,BEL,2000,0.1037
Belgium,BEL,2001,0.1075
Belgium,BEL,2002,0.0633
Belgium,BEL,2003,0.0594
Belgium,BEL,2004,0.1372
Belgium,BEL,2005,0.1448
Belgium,BEL,2006,0.1875
Belgium,BEL,2007,0.196
Belgium,BEL,2008,0.1982
Belgium,BEL,2009,0.1997
Belgium,BEL,2010,0.2138
Belgium,BEL,2011,0.2078
Belgium,BEL,2012,0.1564
Belgium,BEL,2013,0.1351
Belgium,BEL,2014,0.1701
Belgium,BEL,2015,0.0918
Belgium,BEL,2016,0.1126
Belgium,BEL,2017,0.0786
Belgium,BEL,2018,0.057
Belgium,BEL,2019,0.0733
Belgium,BEL,2020,-0.1013
Belgium,BEL,2021,0.0463
Belgium,BEL,2022,-0.0518
Belgium,BEL,2023,-0.1033
Belize,BLZ,1950,3.5073
Belize,BLZ,1951,3.434
Belize,BLZ,1952,3.3738
Belize,BLZ,1953,3.3332
Belize,BLZ,1954,3.3023
Belize,BLZ,1955,3.2533
Belize,BLZ,1956,3.2485
Belize,BLZ,1957,3.2258
Belize,BLZ,1958,3.2055
Belize,BLZ,1959,3.1898
Belize,BLZ,1960,3.1788
Belize,BLZ,1961,2.8369
Belize,BLZ,1962,3.0833
Belize,BLZ,1963,3.0227
Belize,BLZ,1964,2.9622
Belize,BLZ,1965,2.9092
Belize,BLZ,1966,2.8651
Belize,BLZ,1967,2.8376
Belize,BLZ,1968,2.8247
Belize,BLZ,1969,2.8352
Belize,BLZ,1970,2.8878
Belize,BLZ,1971,2.9733
Belize,BLZ,1972,3.0587
Belize,BLZ,1973,3.1428
Belize,BLZ,1974,3.2265
Belize,BLZ,1975,3.2932
Belize,BLZ,1976,3.3689
Belize,BLZ,1977,3.4288
Belize,BLZ,1978,3.4635
Belize,BLZ,1979,3.4794
Belize,BLZ,1980,3.4672
Belize,BLZ,1981,3.4492
Belize,BLZ,1982,3.379
Belize,BLZ,1983,3.3021
Belize,BLZ,1984,3.2045
Belize,BLZ,1985,3.1471
Belize,BLZ,1986,3.1261
Belize,BLZ,1987,3.1098
Belize,BLZ,1988,3.1197
Belize,BLZ,1989,3.1425
Belize,BLZ,1990,3.1285
Belize,BLZ,1991,3.0239
Belize,BLZ,1992,2.912
Belize,BLZ,1993,2.789
Belize,BLZ,1994,2.6534
Belize,BLZ,1995,2.6152
Belize,BLZ,1996,2.5386
Belize,BLZ,1997,2.5269
Belize,BLZ,1998,2.546
Belize,BLZ,1999,2.5376
Belize,BLZ,2000,2.4644
Belize,BLZ,2001,2.3814
Belize,BLZ,2002,2.3307
Belize,BLZ,2003,2.2626
Belize,BLZ,2004,2.2072
Belize,BLZ,2005,2.1559
Belize,BLZ,2006,2.0405
Belize,BLZ,2007,1.9344
Belize,BLZ,2008,1.8541
Belize,BLZ,2009,1.7613
Belize,BLZ,2010,1.6801
Belize,BLZ,2011,1.683
Belize,BLZ,2012,1.6829
Belize,BLZ,2013,1.6882
Belize,BLZ,2014,1.6805
Belize,BLZ,2015,1.6555
Belize,BLZ,2016,1.6261
Belize,BLZ,2017,1.6192
Belize,BLZ,2018,1.6074
Belize,BLZ,2019,1.4295
Belize,BLZ,2020,1.2777
Belize,BLZ,2021,1.0589
Belize,BLZ,2022,1.1982
Belize,BLZ,2023,1.31
Benin,BEN,1950,0.9213
Benin,BEN,1951,0.9762
Benin,BEN,1952,1.05
Benin,BEN,1953,1.1296
Benin,BEN,1954,1.216
Benin,BEN,1955,1.3005
Benin,BEN,1956,1.3897
Benin,BEN,1957,1.4884
Benin,BEN,1958,1.5819
Benin,BEN,1959,1.6763
Benin,BEN,1960,1.7703
Benin,BEN,1961,1.9083
Benin,BEN,1962,1.9835
Benin,BEN,1963,2.0549
Benin,BEN,1964,2.121
Benin,BEN,1965,2.1811
Benin,BEN,1966,2.209
Benin,BEN,1967,2.2523
Benin,BEN,1968,2.2945
Benin,BEN,1969,2.3399
Benin,BEN,1970,2.3868
Benin,BEN,1971,2.4255
Benin,BEN,1972,2.4759
Benin,BEN,1973,2.5102
Benin,BEN,1974,2.5463
Benin,BEN,1975,2.5933
Benin,BEN,1976,2.6369
Benin,BEN,1977,2.6827
Benin,BEN,1978,2.7099
Benin,BEN,1979,2.7964
Benin,BEN,1980,2.878
Benin,BEN,1981,2.9377
Benin,BEN,1982,2.9531
Benin,BEN,1983,2.9528
Benin,BEN,1984,2.9867
Benin,BEN,1985,3.0106
Benin,BEN,1986,3.038
Benin,BEN,1987,3.067
Benin,BEN,1988,3.0918
Benin,BEN,1989,3.07
Benin,BEN,1990,3.0873
Benin,BEN,1991,3.0875
Benin,BEN,1992,3.0936
Benin,BEN,1993,3.0626
Benin,BEN,1994,3.2254
Benin,BEN,1995,3.1233
Benin,BEN,1996,3.0921
Benin,BEN,1997,3.0863
Benin,BEN,1998,3.0686
Benin,BEN,1999,3.0427
Benin,BEN,2000,3.0189
Benin,BEN,2001,2.9934
Benin,BEN,2002,2.9897
Benin,BEN,2003,3.0072
Benin,BEN,2004,3.0105
Benin,BEN,2005,3.012
Benin,BEN,2006,3.0488
Benin,BEN,2007,3.03
Benin,BEN,2008,2.9717
Benin,BEN,2009,2.9466
Benin,BEN,2010,2.9365
Benin,BEN,2011,2.936
Benin,BEN,2012,2.9447
Benin,BEN,2013,2.949
Benin,BEN,2014,2.9352
Benin,BEN,2015,2.9098
Benin,BEN,2016,2.8771
Benin,BEN,2017,2.822
Benin,BEN,2018,2.7478
Benin,BEN,2019,2.6701
Benin,BEN,2020,2.6161
Benin,BEN,2021,2.543
Benin,BEN,2022,2.5402
Benin,BEN,2023,2.5082
Bermuda,BMU,1950,1.8962
Bermuda,BMU,1951,1.8217
Bermuda,BMU,1952,1.7852
Bermuda,BMU,1953,1.7498
Bermuda,BMU,1954,1.7269
Bermuda,BMU,1955,1.6918
Bermuda,BMU,1956,1.6981
Bermuda,BMU,1957,1.7238
Bermuda,BMU,1958,1.7429
Bermuda,BMU,1959,1.7668
Bermuda,BMU,1960,1.7595
Bermuda,BMU,1961,1.7454
Bermuda,BMU,1962,1.6563
Bermuda,BMU,1963,1.6694
Bermuda,BMU,1964,1.4949
Bermuda,BMU,1965,1.3991
Bermuda,BMU,1966,1.222
Bermuda,BMU,1967,1.0862
Bermuda,BMU,1968,1.0361
Bermuda,BMU,1969,0.9961
Bermuda,BMU,1970,0.9797
Bermuda,BMU,1971,0.9874
Bermuda,BMU,1972,0.9617
Bermuda,BMU,1973,0.9164
Bermuda,BMU,1974,0.8331
Bermuda,BMU,1975,0.7311
Bermuda,BMU,1976,0.6998
Bermuda,BMU,1977,0.6177
Bermuda,BMU,1978,0.7534
Bermuda,BMU,1979,0.6907
Bermuda,BMU,1980,0.7257
Bermuda,BMU,1981,0.6532
Bermuda,BMU,1982,0.6821
Bermuda,BMU,1983,0.813
Bermuda,BMU,1984,0.6796
Bermuda,BMU,1985,0.7259
Bermuda,BMU,1986,0.6557
Bermuda,BMU,1987,0.6309
Bermuda,BMU,1988,0.7034
Bermuda,BMU,1989,0.7082
Bermuda,BMU,1990,0.6923
Bermuda,BMU,1991,0.7605
Bermuda,BMU,1992,0.7064
Bermuda,BMU,1993,0.6528
Bermuda,BMU,1994,0.6161
Bermuda,BMU,1995,0.5927
Bermuda,BMU,1996,0.5838
Bermuda,BMU,1997,0.546
Bermuda,BMU,1998,0.6371
Bermuda,BMU,1999,0.6596
Bermuda,BMU,2000,0.6424
Bermuda,BMU,2001,0.6926
Bermuda,BMU,2002,0.6114
Bermuda,BMU,2003,0.535
Bermuda,BMU,2004,0.4679
Bermuda,BMU,2005,0.4245
Bermuda,BMU,2006,0.3768
Bermuda,BMU,2007,0.4102
Bermuda,BMU,2008,0.3897
Bermuda,BMU,2009,0.4164
Bermuda,BMU,2010,0.4003
Bermuda,BMU,2011,0.2408
Bermuda,BMU,2012,0.1821
Bermuda,BMU,2013,0.1426
Bermuda,BMU,2014,0.0685
Bermuda,BMU,2015,0.0666
Bermuda,BMU,2016,0.0551
Bermuda,BMU,2017,0.0119
Bermuda,BMU,2018,-0.0282
Bermuda,BMU,2019,-0.033
Bermuda,BMU,2020,-0.0077
Bermuda,BMU,2021,-0.0552
Bermuda,BMU,2022,-0.0589
Bermuda,BMU,2023,-0.0812
Bhutan,BTN,1950,2.0804
Bhutan,BTN,1951,2.0923
Bhutan,BTN,1952,2.0988
Bhutan,BTN,1953,2.1051
Bhutan,BTN,1954,2.1133
Bhutan,BTN,1955,2.1197
Bhutan,BTN,1956,2.1294
Bhutan,BTN,1957,2.1368
Bhutan,BTN,1958,2.1454
Bhutan,BTN,1959,2.1587
Bhutan,BTN,1960,2.1811
Bhutan,BTN,1961,2.2035
Bhutan,BTN,1962,2.2294
Bhutan,BTN,1963,2.2644
Bhutan,BTN,1964,2.3
Bhutan,BTN,1965,2.3392
Bhutan,BTN,1966,2.3786
Bhutan,BTN,1967,2.4184
Bhutan,BTN,1968,2.4574
Bhutan,BTN,1969,2.493
Bhutan,BTN,1970,2.5251
Bhutan,BTN,1971,2.5568
Bhutan,BTN,1972,2.5887
Bhutan,BTN,1973,2.616
Bhutan,BTN,1974,2.6375
Bhutan,BTN,1975,2.6723
Bhutan,BTN,1976,2.7022
Bhutan,BTN,1977,2.7267
Bhutan,BTN,1978,2.7472
Bhutan,BTN,1979,2.7632
Bhutan,BTN,1980,2.7724
Bhutan,BTN,1981,2.7787
Bhutan,BTN,1982,2.7831
Bhutan,BTN,1983,2.7822
Bhutan,BTN,1984,2.7777
Bhutan,BTN,1985,2.7658
Bhutan,BTN,1986,2.7685
Bhutan,BTN,1987,2.754
Bhutan,BTN,1988,2.7311
Bhutan,BTN,1989,2.7051
Bhutan,BTN,1990,2.665
Bhutan,BTN,1991,2.6343
Bhutan,BTN,1992,2.6989
Bhutan,BTN,1993,2.5087
Bhutan,BTN,1994,2.4411
Bhutan,BTN,1995,2.361
Bhutan,BTN,1996,2.2146
Bhutan,BTN,1997,2.0883
Bhutan,BTN,1998,1.9879
Bhutan,BTN,1999,1.8778
Bhutan,BTN,2000,1.6992
Bhutan,BTN,2001,1.6215
Bhutan,BTN,2002,1.5157
Bhutan,BTN,2003,1.432
Bhutan,BTN,2004,1.392
Bhutan,BTN,2005,1.3752
Bhutan,BTN,2006,1.3711
Bhutan,BTN,2007,1.3736
Bhutan,BTN,2008,1.3403
Bhutan,BTN,2009,1.2844
Bhutan,BTN,2010,1.2254
Bhutan,BTN,2011,1.1675
Bhutan,BTN,2012,1.1107
Bhutan,BTN,2013,1.0602
Bhutan,BTN,2014,0.9944
Bhutan,BTN,2015,0.913
Bhutan,BTN,2016,0.8242
Bhutan,BTN,2017,0.7116
Bhutan,BTN,2018,0.6461
Bhutan,BTN,2019,0.6071
Bhutan,BTN,2020,0.6677
Bhutan,BTN,2021,0.6658
Bhutan,BTN,2022,0.6664
Bhutan,BTN,2023,0.6553
Bolivia,BOL,1950,1.7205
Bolivia,BOL,1951,1.7582
Bolivia,BOL,1952,1.7826
Bolivia,BOL,1953,1.8391
Bolivia,BOL,1954,1.8821
Bolivia,BOL,1955,1.9305
Bolivia,BOL,1956,1.9656
Bolivia,BOL,1957,2.007
Bolivia,BOL,1958,2.0455
Bolivia,BOL,1959,2.0834
Bolivia,BOL,1960,2.1203
Bolivia,BOL,1961,2.1464
Bolivia,BOL,1962,2.1799
Bolivia,BOL,1963,2.209
Bolivia,BOL,1964,2.2308
Bolivia,BOL,1965,2.2545
Bolivia,BOL,1966,2.2812
Bolivia,BOL,1967,2.3142
Bolivia,BOL,1968,2.3393
Bolivia,BOL,1969,2.3475
Bolivia,BOL,1970,2.3507
Bolivia,BOL,1971,2.3592
Bolivia,BOL,1972,2.3495
Bolivia,BOL,1973,2.369
Bolivia,BOL,1974,2.3805
Bolivia,BOL,1975,2.3915
Bolivia,BOL,1976,2.4456
Bolivia,BOL,1977,2.4459
Bolivia,BOL,1978,2.4437
Bolivia,BOL,1979,2.4389
Bolivia,BOL,1980,2.439
Bolivia,BOL,1981,2.432
Bolivia,BOL,1982,2.4065
Bolivia,BOL,1983,2.3927
Bolivia,BOL,1984,2.3965
Bolivia,BOL,1985,2.3735
Bolivia,BOL,1986,2.383
Bolivia,BOL,1987,2.3977
Bolivia,BOL,1988,2.4104
Bolivia,BOL,1989,2.4069
Bolivia,BOL,1990,2.4032
Bolivia,BOL,1991,2.4015
Bolivia,BOL,1992,2.345
Bolivia,BOL,1993,2.3135
Bolivia,BOL,1994,2.2697
Bolivia,BOL,1995,2.2241
Bolivia,BOL,1996,2.1923
Bolivia,BOL,1997,2.127
Bolivia,BOL,1998,2.0955
Bolivia,BOL,1999,2.0692
Bolivia,BOL,2000,2.0101
Bolivia,BOL,2001,1.9557
Bolivia,BOL,2002,1.9174
Bolivia,BOL,2003,1.8987
Bolivia,BOL,2004,1.8725
Bolivia,BOL,2005,1.8542
Bolivia,BOL,2006,1.8694
Bolivia,BOL,2007,1.8409
Bolivia,BOL,2008,1.8128
Bolivia,BOL,2009,1.7845
Bolivia,BOL,2010,1.7583
Bolivia,BOL,2011,1.7281
Bolivia,BOL,2012,1.6995
Bolivia,BOL,2013,1.6656
Bolivia,BOL,2014,1.6312
Bolivia,BOL,2015,1.5994
Bolivia,BOL,2016,1.5658
Bolivia,BOL,2017,1.532
Bolivia,BOL,2018,1.5013
Bolivia,BOL,2019,1.4702
Bolivia,BOL,2020,1.116
Bolivia,BOL,2021,1.0017
Bolivia,BOL,2022,1.3885
Bolivia,BOL,2023,1.4075
Bonaire Sint Eustatius and Saba,BES,1950,1.3356
Bonaire Sint Eustatius and Saba,BES,1951,1.4246
Bonaire Sint Eustatius and Saba,BES,1952,1.6066
Bonaire Sint Eustatius and Saba,BES,1953,1.5787
Bonaire Sint Eustatius and Saba,BES,1954,1.5757
Bonaire Sint Eustatius and Saba,BES,1955,1.5023
Bonaire Sint Eustatius and Saba,BES,1956,1.386
Bonaire Sint Eustatius and Saba,BES,1957,1.3755
Bonaire Sint Eustatius and Saba,BES,1958,1.3477
Bonaire Sint Eustatius and Saba,BES,1959,1.3292
Bonaire Sint Eustatius and Saba,BES,1960,1.3703
Bonaire Sint Eustatius and Saba,BES,1961,1.4174
Bonaire Sint Eustatius and Saba,BES,1962,1.547
Bonaire Sint Eustatius and Saba,BES,1963,1.7108
Bonaire Sint Eustatius and Saba,BES,1964,1.7584
Bonaire Sint Eustatius and Saba,BES,1965,1.6563
Bonaire Sint Eustatius and Saba,BES,1966,1.6201
Bonaire Sint Eustatius and Saba,BES,1967,1.5243
Bonaire Sint Eustatius and Saba,BES,1968,1.3185
Bonaire Sint Eustatius and Saba,BES,1969,1.307
Bonaire Sint Eustatius and Saba,BES,1970,1.2945
Bonaire Sint Eustatius and Saba,BES,1971,1.2339
Bonaire Sint Eustatius and Saba,BES,1972,1.1751
Bonaire Sint Eustatius and Saba,BES,1973,1.1732
Bonaire Sint Eustatius and Saba,BES,1974,1.2109
Bonaire Sint Eustatius and Saba,BES,1975,1.2555
Bonaire Sint Eustatius and Saba,BES,1976,1.3041
Bonaire Sint Eustatius and Saba,BES,1977,1.2999
Bonaire Sint Eustatius and Saba,BES,1978,1.2523
Bonaire Sint Eustatius and Saba,BES,1979,1.2559
Bonaire Sint Eustatius and Saba,BES,1980,1.1858
Bonaire Sint Eustatius and Saba,BES,1981,1.1181
Bonaire Sint Eustatius and Saba,BES,1982,1.2216
Bonaire Sint Eustatius and Saba,BES,1983,1.2787
Bonaire Sint Eustatius and Saba,BES,1984,1.2812
Bonaire Sint Eustatius and Saba,BES,1985,1.2751
Bonaire Sint Eustatius and Saba,BES,1986,1.2528
Bonaire Sint Eustatius and Saba,BES,1987,1.1803
Bonaire Sint Eustatius and Saba,BES,1988,1.1439
Bonaire Sint Eustatius and Saba,BES,1989,1.1227
Bonaire Sint Eustatius and Saba,BES,1990,1.0792
Bonaire Sint Eustatius and Saba,BES,1991,1.0375
Bonaire Sint Eustatius and Saba,BES,1992,0.9779
Bonaire Sint Eustatius and Saba,BES,1993,0.9967
Bonaire Sint Eustatius and Saba,BES,1994,1.0473
Bonaire Sint Eustatius and Saba,BES,1995,1.0876
Bonaire Sint Eustatius and Saba,BES,1996,1.0566
Bonaire Sint Eustatius and Saba,BES,1997,0.9537
Bonaire Sint Eustatius and Saba,BES,1998,0.9245
Bonaire Sint Eustatius and Saba,BES,1999,0.8121
Bonaire Sint Eustatius and Saba,BES,2000,0.7194
Bonaire Sint Eustatius and Saba,BES,2001,0.5878
Bonaire Sint Eustatius and Saba,BES,2002,0.5303
Bonaire Sint Eustatius and Saba,BES,2003,0.4842
Bonaire Sint Eustatius and Saba,BES,2004,0.4481
Bonaire Sint Eustatius and Saba,BES,2005,0.4569
Bonaire Sint Eustatius and Saba,BES,2006,0.4712
Bonaire Sint Eustatius and Saba,BES,2007,0.4872
Bonaire Sint Eustatius and Saba,BES,2008,0.5083
Bonaire Sint Eustatius and Saba,BES,2009,0.4863
Bonaire Sint Eustatius and Saba,BES,2010,0.4442
Bonaire Sint Eustatius and Saba,BES,2011,0.348
Bonaire Sint Eustatius and Saba,BES,2012,0.2737
Bonaire Sint Eustatius and Saba,BES,2013,0.3537
Bonaire Sint Eustatius and Saba,BES,2014,0.3128
Bonaire Sint Eustatius and Saba,BES,2015,0.197
Bonaire Sint Eustatius and Saba,BES,2016,0.3243
Bonaire Sint Eustatius and Saba,BES,2017,0.2313
Bonaire Sint Eustatius and Saba,BES,2018,0.2422
Bonaire Sint Eustatius and Saba,BES,2019,0.1402
Bonaire Sint Eustatius and Saba,BES,2020,0.2139
Bonaire Sint Eustatius and Saba,BES,2021,0.1635
Bonaire Sint Eustatius and Saba,BES,2022,0.1254
Bonaire Sint Eustatius and Saba,BES,2023,0.0733
Bosnia and Herzegovina,BIH,1950,1.8806
Bosnia and Herzegovina,BIH,1951,1.8901
Bosnia and Herzegovina,BIH,1952,2.1307
Bosnia and Herzegovina,BIH,1953,2.2779
Bosnia and Herzegovina,BIH,1954,2.331
Bosnia and Herzegovina,BIH,1955,2.3061
Bosnia and Herzegovina,BIH,1956,2.2605
Bosnia and Herzegovina,BIH,1957,2.1852
Bosnia and Herzegovina,BIH,1958,2.2652
Bosnia and Herzegovina,BIH,1959,2.3149
Bosnia and Herzegovina,BIH,1960,2.3417
Bosnia and Herzegovina,BIH,1961,2.3178
Bosnia and Herzegovina,BIH,1962,2.2768
Bosnia and Herzegovina,BIH,1963,2.1774
Bosnia and Herzegovina,BIH,1964,2.1105
Bosnia and Herzegovina,BIH,1965,2.046
Bosnia and Herzegovina,BIH,1966,1.9411
Bosnia and Herzegovina,BIH,1967,1.7947
Bosnia and Herzegovina,BIH,1968,1.6606
Bosnia and Herzegovina,BIH,1969,1.5639
Bosnia and Herzegovina,BIH,1970,1.4432
Bosnia and Herzegovina,BIH,1971,1.4268
Bosnia and Herzegovina,BIH,1972,1.4051
Bosnia and Herzegovina,BIH,1973,1.3631
Bosnia and Herzegovina,BIH,1974,1.3651
Bosnia and Herzegovina,BIH,1975,1.3523
Bosnia and Herzegovina,BIH,1976,1.3012
Bosnia and Herzegovina,BIH,1977,1.2034
Bosnia and Herzegovina,BIH,1978,1.0985
Bosnia and Herzegovina,BIH,1979,1.0249
Bosnia and Herzegovina,BIH,1980,1.0344
Bosnia and Herzegovina,BIH,1981,1.0856
Bosnia and Herzegovina,BIH,1982,1.114
Bosnia and Herzegovina,BIH,1983,1.1068
Bosnia and Herzegovina,BIH,1984,1.0805
Bosnia and Herzegovina,BIH,1985,1.0388
Bosnia and Herzegovina,BIH,1986,0.9831
Bosnia and Herzegovina,BIH,1987,0.9378
Bosnia and Herzegovina,BIH,1988,0.8848
Bosnia and Herzegovina,BIH,1989,0.83
Bosnia and Herzegovina,BIH,1990,0.7866
Bosnia and Herzegovina,BIH,1991,0.7557
Bosnia and Herzegovina,BIH,1992,-0.4223
Bosnia and Herzegovina,BIH,1993,-0.6966
Bosnia and Herzegovina,BIH,1994,0.1314
Bosnia and Herzegovina,BIH,1995,0.1595
Bosnia and Herzegovina,BIH,1996,0.3439
Bosnia and Herzegovina,BIH,1997,0.4806
Bosnia and Herzegovina,BIH,1998,0.4522
Bosnia and Herzegovina,BIH,1999,0.3285
Bosnia and Herzegovina,BIH,2000,0.2818
Bosnia and Herzegovina,BIH,2001,0.2494
Bosnia and Herzegovina,BIH,2002,0.262
Bosnia and Herzegovina,BIH,2003,0.258
Bosnia and Herzegovina,BIH,2004,0.2306
Bosnia and Herzegovina,BIH,2005,0.1598
Bosnia and Herzegovina,BIH,2006,0.0668
Bosnia and Herzegovina,BIH,2007,0.0388
Bosnia and Herzegovina,BIH,2008,0.0041
Bosnia and Herzegovina,BIH,2009,0.0168
Bosnia and Herzegovina,BIH,2010,-0.0497
Bosnia and Herzegovina,BIH,2011,-0.1431
Bosnia and Herzegovina,BIH,2012,-0.1842
Bosnia and Herzegovina,BIH,2013,-0.2317
Bosnia and Herzegovina,BIH,2014,-0.3088
Bosnia and Herzegovina,BIH,2015,-0.3394
Bosnia and Herzegovina,BIH,2016,-0.3746
Bosnia and Herzegovina,BIH,2017,-0.3736
Bosnia and Herzegovina,BIH,2018,-0.3177
Bosnia and Herzegovina,BIH,2019,-0.4541
Bosnia and Herzegovina,BIH,2020,-0.682
Bosnia and Herzegovina,BIH,2021,-1.0376
Bosnia and Herzegovina,BIH,2022,-0.6302
Bosnia and Herzegovina,BIH,2023,-0.5743
Botswana,BWA,1950,2.613
Botswana,BWA,1951,2.6446
Botswana,BWA,1952,2.6859
Botswana,BWA,1953,2.7542
Botswana,BWA,1954,2.8224
Botswana,BWA,1955,2.8922
Botswana,BWA,1956,2.9589
Botswana,BWA,1957,3.0175
Botswana,BWA,1958,3.0496
Botswana,BWA,1959,3.0722
Botswana,BWA,1960,3.0728
Botswana,BWA,1961,3.0656
Botswana,BWA,1962,3.0559
Botswana,BWA,1963,3.0896
Botswana,BWA,1964,3.1142
Botswana,BWA,1965,3.1401
Botswana,BWA,1966,3.1582
Botswana,BWA,1967,3.1782
Botswana,BWA,1968,3.2064
Botswana,BWA,1969,3.2405
Botswana,BWA,1970,3.2926
Botswana,BWA,1971,3.3183
Botswana,BWA,1972,3.3746
Botswana,BWA,1973,3.441
Botswana,BWA,1974,3.5246
Botswana,BWA,1975,3.5762
Botswana,BWA,1976,3.6251
Botswana,BWA,1977,3.6281
Botswana,BWA,1978,3.6027
Botswana,BWA,1979,3.6026
Botswana,BWA,1980,3.6197
Botswana,BWA,1981,3.5389
Botswana,BWA,1982,3.4539
Botswana,BWA,1983,3.3592
Botswana,BWA,1984,3.2787
Botswana,BWA,1985,3.2057
Botswana,BWA,1986,3.1192
Botswana,BWA,1987,2.9727
Botswana,BWA,1988,2.7976
Botswana,BWA,1989,2.6574
Botswana,BWA,1990,2.5285
Botswana,BWA,1991,2.4012
Botswana,BWA,1992,2.3184
Botswana,BWA,1993,2.2316
Botswana,BWA,1994,2.1003
Botswana,BWA,1995,1.9
Botswana,BWA,1996,1.7479
Botswana,BWA,1997,1.6376
Botswana,BWA,1998,1.5805
Botswana,BWA,1999,1.5443
Botswana,BWA,2000,1.5411
Botswana,BWA,2001,1.525
Botswana,BWA,2002,1.4995
Botswana,BWA,2003,1.4949
Botswana,BWA,2004,1.5207
Botswana,BWA,2005,1.5971
Botswana,BWA,2006,1.6719
Botswana,BWA,2007,1.7702
Botswana,BWA,2008,1.8171
Botswana,BWA,2009,1.8421
Botswana,BWA,2010,1.874
Botswana,BWA,2011,1.8622
Botswana,BWA,2012,1.8591
Botswana,BWA,2013,1.8407
Botswana,BWA,2014,1.8437
Botswana,BWA,2015,1.8562
Botswana,BWA,2016,1.8791
Botswana,BWA,2017,1.9038
Botswana,BWA,2018,1.9212
Botswana,BWA,2019,1.9343
Botswana,BWA,2020,1.9278
Botswana,BWA,2021,1.7029
Botswana,BWA,2022,1.9427
Botswana,BWA,2023,1.8989
Brazil,BRA,1950,2.9333
Brazil,BRA,1951,2.9705
Brazil,BRA,1952,2.9961
Brazil,BRA,1953,3.0134
Brazil,BRA,1954,3.0273
Brazil,BRA,1955,3.039
Brazil,BRA,1956,3.0469
Brazil,BRA,1957,3.0517
Brazil,BRA,1958,3.0512
Brazil,BRA,1959,3.0453
Brazil,BRA,1960,3.0259
Brazil,BRA,1961,3.0027
Brazil,BRA,1962,2.9749
Brazil,BRA,1963,2.9387
Brazil,BRA,1964,2.8697
Brazil,BRA,1965,2.7875
Brazil,BRA,1966,2.6995
Brazil,BRA,1967,2.609
Brazil,BRA,1968,2.5364
Brazil,BRA,1969,2.4979
Brazil,BRA,1970,2.4766
Brazil,BRA,1971,2.463
Brazil,BRA,1972,2.4511
Brazil,BRA,1973,2.4379
Brazil,BRA,1974,2.402
Brazil,BRA,1975,2.4021
Brazil,BRA,1976,2.4032
Brazil,BRA,1977,2.4056
Brazil,BRA,1978,2.4038
Brazil,BRA,1979,2.3963
Brazil,BRA,1980,2.3825
Brazil,BRA,1981,2.3603
Brazil,BRA,1982,2.3231
Brazil,BRA,1983,2.2747
Brazil,BRA,1984,2.2098
Brazil,BRA,1985,2.1495
Brazil,BRA,1986,2.0822
Brazil,BRA,1987,2.0024
Brazil,BRA,1988,1.9246
Brazil,BRA,1989,1.8552
Brazil,BRA,1990,1.7788
Brazil,BRA,1991,1.7177
Brazil,BRA,1992,1.6514
Brazil,BRA,1993,1.6237
Brazil,BRA,1994,1.5904
Brazil,BRA,1995,1.5743
Brazil,BRA,1996,1.5412
Brazil,BRA,1997,1.5191
Brazil,BRA,1998,1.4866
Brazil,BRA,1999,1.4279
Brazil,BRA,2000,1.3631
Brazil,BRA,2001,1.2996
Brazil,BRA,2002,1.2364
Brazil,BRA,2003,1.1786
Brazil,BRA,2004,1.154
Brazil,BRA,2005,1.128
Brazil,BRA,2006,1.0855
Brazil,BRA,2007,1.045
Brazil,BRA,2008,1.0023
Brazil,BRA,2009,0.978
Brazil,BRA,2010,0.9537
Brazil,BRA,2011,0.9298
Brazil,BRA,2012,0.9054
Brazil,BRA,2013,0.8861
Brazil,BRA,2014,0.8786
Brazil,BRA,2015,0.8639
Brazil,BRA,2016,0.792
Brazil,BRA,2017,0.7867
Brazil,BRA,2018,0.7685
Brazil,BRA,2019,0.7096
Brazil,BRA,2020,0.5493
Brazil,BRA,2021,0.4388
Brazil,BRA,2022,0.5016
Brazil,BRA,2023,0.5245
British Virgin Islands,VGB,1950,1.5195
British Virgin Islands,VGB,1951,1.6343
British Virgin Islands,VGB,1952,1.7372
British Virgin Islands,VGB,1953,1.8047
British Virgin Islands,VGB,1954,1.8937
British Virgin Islands,VGB,1955,2.0004
British Virgin Islands,VGB,1956,2.0297
British Virgin Islands,VGB,1957,2.0905
British Virgin Islands,VGB,1958,2.1368
British Virgin Islands,VGB,1959,2.1938
British Virgin Islands,VGB,1960,2.254
British Virgin Islands,VGB,1961,2.2964
British Virgin Islands,VGB,1962,2.288
British Virgin Islands,VGB,1963,2.2807
British Virgin Islands,VGB,1964,2.2621
British Virgin Islands,VGB,1965,2.2628
British Virgin Islands,VGB,1966,2.2972
British Virgin Islands,VGB,1967,2.3744
British Virgin Islands,VGB,1968,2.4622
British Virgin Islands,VGB,1969,2.5322
British Virgin Islands,VGB,1970,2.7036
British Virgin Islands,VGB,1971,2.6061
British Virgin Islands,VGB,1972,2.507
British Virgin Islands,VGB,1973,2.397
British Virgin Islands,VGB,1974,2.3068
British Virgin Islands,VGB,1975,2.2258
British Virgin Islands,VGB,1976,2.1645
British Virgin Islands,VGB,1977,2.1037
British Virgin Islands,VGB,1978,2.0589
British Virgin Islands,VGB,1979,2.0014
British Virgin Islands,VGB,1980,1.8493
British Virgin Islands,VGB,1981,1.3484
British Virgin Islands,VGB,1982,1.3436
British Virgin Islands,VGB,1983,1.2655
British Virgin Islands,VGB,1984,1.2004
British Virgin Islands,VGB,1985,1.1898
British Virgin Islands,VGB,1986,1.1029
British Virgin Islands,VGB,1987,1.0785
British Virgin Islands,VGB,1988,1.1
British Virgin Islands,VGB,1989,1.1728
British Virgin Islands,VGB,1990,1.1862
British Virgin Islands,VGB,1991,1.2403
British Virgin Islands,VGB,1992,1.2655
British Virgin Islands,VGB,1993,1.1807
British Virgin Islands,VGB,1994,1.0255
British Virgin Islands,VGB,1995,1.1052
British Virgin Islands,VGB,1996,1.1775
British Virgin Islands,VGB,1997,1.2385
British Virgin Islands,VGB,1998,0.8074
British Virgin Islands,VGB,1999,0.9884
British Virgin Islands,VGB,2000,0.9984
British Virgin Islands,VGB,2001,0.7223
British Virgin Islands,VGB,2002,0.5312
British Virgin Islands,VGB,2003,0.6033
British Virgin Islands,VGB,2004,0.7777
British Virgin Islands,VGB,2005,0.6642
British Virgin Islands,VGB,2006,0.585
British Virgin Islands,VGB,2007,0.6435
British Virgin Islands,VGB,2008,0.6005
British Virgin Islands,VGB,2009,0.5455
British Virgin Islands,VGB,2010,0.4883
British Virgin Islands,VGB,2011,0.5013
British Virgin Islands,VGB,2012,0.4195
British Virgin Islands,VGB,2013,0.4128
British Virgin Islands,VGB,2014,0.5502
British Virgin Islands,VGB,2015,0.4955
British Virgin Islands,VGB,2016,0.3757
British Virgin Islands,VGB,2017,0.1286
British Virgin Islands,VGB,2018,0.1656
British Virgin Islands,VGB,2019,0.2347
British Virgin Islands,VGB,2020,0.2383
British Virgin Islands,VGB,2021,0.1359
British Virgin Islands,VGB,2022,0.2508
British Virgin Islands,VGB,2023,0.236
Brunei,BRN,1950,3.1176
Brunei,BRN,1951,3.2694
Brunei,BRN,1952,3.3244
Brunei,BRN,1953,3.4099
Brunei,BRN,1954,3.5012
Brunei,BRN,1955,3.5768
Brunei,BRN,1956,3.6232
Brunei,BRN,1957,3.6561
Brunei,BRN,1958,3.667
Brunei,BRN,1959,3.6389
Brunei,BRN,1960,3.5864
Brunei,BRN,1961,3.4318
Brunei,BRN,1962,3.2342
Brunei,BRN,1963,3.1576
Brunei,BRN,1964,3.0814
Brunei,BRN,1965,3.001
Brunei,BRN,1966,2.9375
Brunei,BRN,1967,2.8736
Brunei,BRN,1968,2.8135
Brunei,BRN,1969,2.7526
Brunei,BRN,1970,2.7339
Brunei,BRN,1971,2.8127
Brunei,BRN,1972,2.8729
Brunei,BRN,1973,2.8607
Brunei,BRN,1974,2.8387
Brunei,BRN,1975,2.8036
Brunei,BRN,1976,2.7619
Brunei,BRN,1977,2.714
Brunei,BRN,1978,2.6689
Brunei,BRN,1979,2.6143
Brunei,BRN,1980,2.5653
Brunei,BRN,1981,2.5204
Brunei,BRN,1982,2.4887
Brunei,BRN,1983,2.5097
Brunei,BRN,1984,2.5382
Brunei,BRN,1985,2.5668
Brunei,BRN,1986,2.5721
Brunei,BRN,1987,2.5728
Brunei,BRN,1988,2.5466
Brunei,BRN,1989,2.5005
Brunei,BRN,1990,2.454
Brunei,BRN,1991,2.3834
Brunei,BRN,1992,2.2862
Brunei,BRN,1993,2.1826
Brunei,BRN,1994,2.0792
Brunei,BRN,1995,1.9745
Brunei,BRN,1996,1.8796
Brunei,BRN,1997,1.8073
Brunei,BRN,1998,1.7497
Brunei,BRN,1999,1.6869
Brunei,BRN,2000,1.6331
Brunei,BRN,2001,1.5826
Brunei,BRN,2002,1.5198
Brunei,BRN,2003,1.4525
Brunei,BRN,2004,1.381
Brunei,BRN,2005,1.3103
Brunei,BRN,2006,1.2586
Brunei,BRN,2007,1.2191
Brunei,BRN,2008,1.224
Brunei,BRN,2009,1.2438
Brunei,BRN,2010,1.2752
Brunei,BRN,2011,1.3123
Brunei,BRN,2012,1.3188
Brunei,BRN,2013,1.2895
Brunei,BRN,2014,1.2492
Brunei,BRN,2015,1.1983
Brunei,BRN,2016,1.1404
Brunei,BRN,2017,1.0825
Brunei,BRN,2018,1.0283
Brunei,BRN,2019,0.9793
Brunei,BRN,2020,0.9362
Brunei,BRN,2021,0.8822
Brunei,BRN,2022,0.7288
Brunei,BRN,2023,0.836
Bulgaria,BGR,1950,1.1548
Bulgaria,BGR,1951,1.0676
Bulgaria,BGR,1952,0.9668
Bulgaria,BGR,1953,1.1651
Bulgaria,BGR,1954,1.1016
Bulgaria,BGR,1955,1.1066
Bulgaria,BGR,1956,1.0116
Bulgaria,BGR,1957,0.9774
Bulgaria,BGR,1958,0.9911
Bulgaria,BGR,1959,0.797
Bulgaria,BGR,1960,0.9728
Bulgaria,BGR,1961,0.9448
Bulgaria,BGR,1962,0.8013
Bulgaria,BGR,1963,0.8131
Bulgaria,BGR,1964,0.8115
Bulgaria,BGR,1965,0.7254
Bulgaria,BGR,1966,0.6633
Bulgaria,BGR,1967,0.6072
Bulgaria,BGR,1968,0.8258
Bulgaria,BGR,1969,0.7526
Bulgaria,BGR,1970,0.7318
Bulgaria,BGR,1971,0.6206
Bulgaria,BGR,1972,0.5594
Bulgaria,BGR,1973,0.6782
Bulgaria,BGR,1974,0.7396
Bulgaria,BGR,1975,0.6425
Bulgaria,BGR,1976,0.6522
Bulgaria,BGR,1977,0.5434
Bulgaria,BGR,1978,0.5106
Bulgaria,BGR,1979,0.466
Bulgaria,BGR,1980,0.3486
Bulgaria,BGR,1981,0.3321
Bulgaria,BGR,1982,0.2697
Bulgaria,BGR,1983,0.2339
Bulgaria,BGR,1984,0.2297
Bulgaria,BGR,1985,0.136
Bulgaria,BGR,1986,0.1693
Bulgaria,BGR,1987,0.0985
Bulgaria,BGR,1988,0.107
Bulgaria,BGR,1989,0.0695
Bulgaria,BGR,1990,-0.0309
Bulgaria,BGR,1991,-0.1637
Bulgaria,BGR,1992,-0.2249
Bulgaria,BGR,1993,-0.2997
Bulgaria,BGR,1994,-0.391
Bulgaria,BGR,1995,-0.5118
Bulgaria,BGR,1996,-0.5553
Bulgaria,BGR,1997,-0.7066
Bulgaria,BGR,1998,-0.6576
Bulgaria,BGR,1999,-0.5063
Bulgaria,BGR,2000,-0.5374
Bulgaria,BGR,2001,-0.5575
Bulgaria,BGR,2002,-0.5767
Bulgaria,BGR,2003,-0.5612
Bulgaria,BGR,2004,-0.5082
Bulgaria,BGR,2005,-0.5372
Bulgaria,BGR,2006,-0.5045
Bulgaria,BGR,2007,-0.4839
Bulgaria,BGR,2008,-0.4235
Bulgaria,BGR,2009,-0.3552
Bulgaria,BGR,2010,-0.4505
Bulgaria,BGR,2011,-0.4963
Bulgaria,BGR,2012,-0.5427
Bulgaria,BGR,2013,-0.5155
Bulgaria,BGR,2014,-0.5723
Bulgaria,BGR,2015,-0.6146
Bulgaria,BGR,2016,-0.594
Bulgaria,BGR,2017,-0.6453
Bulgaria,BGR,2018,-0.6567
Bulgaria,BGR,2019,-0.665
Bulgaria,BGR,2020,-0.9413
Bulgaria,BGR,2021,-1.3016
Bulgaria,BGR,2022,-0.7539
Bulgaria,BGR,2023,-0.5935
Burkina Faso,BFA,1950,1.5037
Burkina Faso,BFA,1951,1.5838
Burkina Faso,BFA,1952,1.6342
Burkina Faso,BFA,1953,1.68
Burkina Faso,BFA,1954,1.7116
Burkina Faso,BFA,1955,1.7472
Burkina Faso,BFA,1956,1.7794
Burkina Faso,BFA,1957,1.8128
Burkina Faso,BFA,1958,1.8514
Burkina Faso,BFA,1959,1.8923
Burkina Faso,BFA,1960,1.9264
Burkina Faso,BFA,1961,1.9607
Burkina Faso,BFA,1962,2.0034
Burkina Faso,BFA,1963,2.0378
Burkina Faso,BFA,1964,2.0852
Burkina Faso,BFA,1965,2.1259
Burkina Faso,BFA,1966,2.1639
Burkina Faso,BFA,1967,2.2008
Burkina Faso,BFA,1968,2.2379
Burkina Faso,BFA,1969,2.2431
Burkina Faso,BFA,1970,2.2782
Burkina Faso,BFA,1971,2.2937
Burkina Faso,BFA,1972,2.3377
Burkina Faso,BFA,1973,2.3977
Burkina Faso,BFA,1974,2.4769
Burkina Faso,BFA,1975,2.5567
Burkina Faso,BFA,1976,2.6307
Burkina Faso,BFA,1977,2.7326
Burkina Faso,BFA,1978,2.8375
Burkina Faso,BFA,1979,2.9073
Burkina Faso,BFA,1980,2.9541
Burkina Faso,BFA,1981,2.9778
Burkina Faso,BFA,1982,3.0094
Burkina Faso,BFA,1983,3.0256
Burkina Faso,BFA,1984,3.0601
Burkina Faso,BFA,1985,3.0822
Burkina Faso,BFA,1986,3.0736
Burkina Faso,BFA,1987,3.0475
Burkina Faso,BFA,1988,3.0166
Burkina Faso,BFA,1989,2.9964
Burkina Faso,BFA,1990,2.9898
Burkina Faso,BFA,1991,2.9816
Burkina Faso,BFA,1992,2.9558
Burkina Faso,BFA,1993,2.928
Burkina Faso,BFA,1994,2.9284
Burkina Faso,BFA,1995,2.9449
Burkina Faso,BFA,1996,2.9638
Burkina Faso,BFA,1997,2.9472
Burkina Faso,BFA,1998,2.9642
Burkina Faso,BFA,1999,2.9601
Burkina Faso,BFA,2000,2.9907
Burkina Faso,BFA,2001,2.9909
Burkina Faso,BFA,2002,2.9756
Burkina Faso,BFA,2003,3.0156
Burkina Faso,BFA,2004,3.0263
Burkina Faso,BFA,2005,3.0666
Burkina Faso,BFA,2006,3.1332
Burkina Faso,BFA,2007,3.1538
Burkina Faso,BFA,2008,3.1801
Burkina Faso,BFA,2009,3.1801
Burkina Faso,BFA,2010,3.1866
Burkina Faso,BFA,2011,3.1855
Burkina Faso,BFA,2012,3.1696
Burkina Faso,BFA,2013,3.1426
Burkina Faso,BFA,2014,3.0896
Burkina Faso,BFA,2015,3.0385
Burkina Faso,BFA,2016,2.9559
Burkina Faso,BFA,2017,2.865
Burkina Faso,BFA,2018,2.7228
Burkina Faso,BFA,2019,2.5761
Burkina Faso,BFA,2020,2.4413
Burkina Faso,BFA,2021,2.3981
Burkina Faso,BFA,2022,2.3908
Burkina Faso,BFA,2023,2.3679
Burundi,BDI,1950,2.8627
Burundi,BDI,1951,2.7581
Burundi,BDI,1952,2.6922
Burundi,BDI,1953,2.6593
Burundi,BDI,1954,2.6209
Burundi,BDI,1955,2.5953
Burundi,BDI,1956,2.5693
Burundi,BDI,1957,2.5475
Burundi,BDI,1958,2.5393
Burundi,BDI,1959,2.5352
Burundi,BDI,1960,2.5335
Burundi,BDI,1961,2.5119
Burundi,BDI,1962,2.5692
Burundi,BDI,1963,2.5578
Burundi,BDI,1964,2.5372
Burundi,BDI,1965,2.4896
Burundi,BDI,1966,2.5995
Burundi,BDI,1967,2.6168
Burundi,BDI,1968,2.6259
Burundi,BDI,1969,2.6299
Burundi,BDI,1970,2.6194
Burundi,BDI,1971,2.6305
Burundi,BDI,1972,0.8441
Burundi,BDI,1973,2.071
Burundi,BDI,1974,2.5782
Burundi,BDI,1975,2.6648
Burundi,BDI,1976,2.6888
Burundi,BDI,1977,2.7234
Burundi,BDI,1978,2.8018
Burundi,BDI,1979,2.9351
Burundi,BDI,1980,2.9141
Burundi,BDI,1981,3.2026
Burundi,BDI,1982,3.142
Burundi,BDI,1983,3.1777
Burundi,BDI,1984,3.1334
Burundi,BDI,1985,3.1167
Burundi,BDI,1986,3.0446
Burundi,BDI,1987,3.0009
Burundi,BDI,1988,2.7069
Burundi,BDI,1989,2.8793
Burundi,BDI,1990,2.8032
Burundi,BDI,1991,2.7376
Burundi,BDI,1992,2.67
Burundi,BDI,1993,2.2706
Burundi,BDI,1994,1.9771
Burundi,BDI,1995,2.6422
Burundi,BDI,1996,2.6179
Burundi,BDI,1997,2.4778
Burundi,BDI,1998,2.4892
Burundi,BDI,1999,2.6305
Burundi,BDI,2000,2.6872
Burundi,BDI,2001,2.7816
Burundi,BDI,2002,2.9585
Burundi,BDI,2003,3.071
Burundi,BDI,2004,3.213
Burundi,BDI,2005,3.3398
Burundi,BDI,2006,3.4311
Burundi,BDI,2007,3.4958
Burundi,BDI,2008,3.5359
Burundi,BDI,2009,3.5717
Burundi,BDI,2010,3.6454
Burundi,BDI,2011,3.5906
Burundi,BDI,2012,3.5157
Burundi,BDI,2013,3.4698
Burundi,BDI,2014,3.4056
Burundi,BDI,2015,3.3569
Burundi,BDI,2016,3.1887
Burundi,BDI,2017,3.0754
Burundi,BDI,2018,2.9656
Burundi,BDI,2019,2.9185
Burundi,BDI,2020,2.8664
Burundi,BDI,2021,2.7754
Burundi,BDI,2022,2.7309
Burundi,BDI,2023,2.6949
Cambodia,KHM,1950,2.2322
Cambodia,KHM,1951,2.233
Cambodia,KHM,1952,2.2517
Cambodia,KHM,1953,2.2772
Cambodia,KHM,1954,2.2875
Cambodia,KHM,1955,2.312
Cambodia,KHM,1956,2.3106
Cambodia,KHM,1957,2.3129
Cambodia,KHM,1958,2.2966
Cambodia,KHM,1959,2.2773
Cambodia,KHM,1960,2.2796
Cambodia,KHM,1961,2.3022
Cambodia,KHM,1962,2.3319
Cambodia,KHM,1963,2.3624
Cambodia,KHM,1964,2.3749
Cambodia,KHM,1965,2.379
Cambodia,KHM,1966,2.3799
Cambodia,KHM,1967,2.3693
Cambodia,KHM,1968,2.3726
Cambodia,KHM,1969,2.3737
Cambodia,KHM,1970,1.8501
Cambodia,KHM,1971,1.719
Cambodia,KHM,1972,1.696
Cambodia,KHM,1973,1.5031
Cambodia,KHM,1974,1.0762
Cambodia,KHM,1975,-5.8317
Cambodia,KHM,1976,-6.6586
Cambodia,KHM,1977,-7.3408
Cambodia,KHM,1978,-6.8592
Cambodia,KHM,1979,1.5356
Cambodia,KHM,1980,3.0608
Cambodia,KHM,1981,3.1522
Cambodia,KHM,1982,3.3165
Cambodia,KHM,1983,3.4216
Cambodia,KHM,1984,3.5534
Cambodia,KHM,1985,3.5425
Cambodia,KHM,1986,3.5268
Cambodia,KHM,1987,3.5844
Cambodia,KHM,1988,3.5702
Cambodia,KHM,1989,3.3818
Cambodia,KHM,1990,3.3869
Cambodia,KHM,1991,3.3526
Cambodia,KHM,1992,3.213
Cambodia,KHM,1993,3.2754
Cambodia,KHM,1994,3.1034
Cambodia,KHM,1995,2.7965
Cambodia,KHM,1996,2.5381
Cambodia,KHM,1997,2.1809
Cambodia,KHM,1998,2.0822
Cambodia,KHM,1999,2.0009
Cambodia,KHM,2000,1.9766
Cambodia,KHM,2001,1.9807
Cambodia,KHM,2002,1.9592
Cambodia,KHM,2003,1.93
Cambodia,KHM,2004,1.9
Cambodia,KHM,2005,1.9105
Cambodia,KHM,2006,1.9334
Cambodia,KHM,2007,1.956
Cambodia,KHM,2008,1.9364
Cambodia,KHM,2009,1.9241
Cambodia,KHM,2010,1.8776
Cambodia,KHM,2011,1.8486
Cambodia,KHM,2012,1.8511
Cambodia,KHM,2013,1.8524
Cambodia,KHM,2014,1.8393
Cambodia,KHM,2015,1.8203
Cambodia,KHM,2016,1.7923
Cambodia,KHM,2017,1.7588
Cambodia,KHM,2018,1.7246
Cambodia,KHM,2019,1.6799
Cambodia,KHM,2020,1.6068
Cambodia,KHM,2021,1.5078
Cambodia,KHM,2022,1.4956
Cambodia,KHM,2023,1.4362
Cameroon,CMR,1950,1.4614
Cameroon,CMR,1951,1.5303
Cameroon,CMR,1952,1.6009
Cameroon,CMR,1953,1.6743
Cameroon,CMR,1954,1.7519
Cameroon,CMR,1955,1.8269
Cameroon,CMR,1956,1.8857
Cameroon,CMR,1957,1.8628
Cameroon,CMR,1958,1.9245
Cameroon,CMR,1959,1.9729
Cameroon,CMR,1960,1.5109
Cameroon,CMR,1961,1.5741
Cameroon,CMR,1962,2.1772
Cameroon,CMR,1963,2.1952
Cameroon,CMR,1964,2.2134
Cameroon,CMR,1965,2.2688
Cameroon,CMR,1966,2.3286
Cameroon,CMR,1967,2.4153
Cameroon,CMR,1968,2.4989
Cameroon,CMR,1969,2.5878
Cameroon,CMR,1970,2.6468
Cameroon,CMR,1971,2.7069
Cameroon,CMR,1972,2.7402
Cameroon,CMR,1973,2.7727
Cameroon,CMR,1974,2.7899
Cameroon,CMR,1975,2.7982
Cameroon,CMR,1976,2.8286
Cameroon,CMR,1977,2.8575
Cameroon,CMR,1978,2.8702
Cameroon,CMR,1979,2.8991
Cameroon,CMR,1980,2.9112
Cameroon,CMR,1981,2.9726
Cameroon,CMR,1982,3.042
Cameroon,CMR,1983,2.9962
Cameroon,CMR,1984,2.9985
Cameroon,CMR,1985,3.0355
Cameroon,CMR,1986,3.0634
Cameroon,CMR,1987,3.0869
Cameroon,CMR,1988,3.0713
Cameroon,CMR,1989,3.0415
Cameroon,CMR,1990,3.026
Cameroon,CMR,1991,3.0041
Cameroon,CMR,1992,2.9657
Cameroon,CMR,1993,2.9206
Cameroon,CMR,1994,2.8681
Cameroon,CMR,1995,2.8145
Cameroon,CMR,1996,2.7608
Cameroon,CMR,1997,2.7378
Cameroon,CMR,1998,2.7461
Cameroon,CMR,1999,2.7674
Cameroon,CMR,2000,2.7603
Cameroon,CMR,2001,2.7598
Cameroon,CMR,2002,2.7951
Cameroon,CMR,2003,2.8429
Cameroon,CMR,2004,2.883
Cameroon,CMR,2005,2.9081
Cameroon,CMR,2006,2.9137
Cameroon,CMR,2007,2.9194
Cameroon,CMR,2008,2.923
Cameroon,CMR,2009,2.9185
Cameroon,CMR,2010,2.8977
Cameroon,CMR,2011,2.8697
Cameroon,CMR,2012,2.8546
Cameroon,CMR,2013,2.8318
Cameroon,CMR,2014,2.8071
Cameroon,CMR,2015,2.8519
Cameroon,CMR,2016,2.8867
Cameroon,CMR,2017,2.8866
Cameroon,CMR,2018,2.8468
Cameroon,CMR,2019,2.802
Cameroon,CMR,2020,2.7331
Cameroon,CMR,2021,2.652
Cameroon,CMR,2022,2.6595
Cameroon,CMR,2023,2.6592
Canada,CAN,1950,1.7176
Canada,CAN,1951,1.7336
Canada,CAN,1952,1.8218
Canada,CAN,1953,1.8557
Canada,CAN,1954,1.9348
Canada,CAN,1955,1.8965
Canada,CAN,1956,1.8723
Canada,CAN,1957,1.8926
Canada,CAN,1958,1.8752
Canada,CAN,1959,1.8573
Canada,CAN,1960,1.8128
Canada,CAN,1961,1.7505
Canada,CAN,1962,1.6722
Canada,CAN,1963,1.5969
Canada,CAN,1964,1.512
Canada,CAN,1965,1.2962
Canada,CAN,1966,1.1175
Canada,CAN,1967,1.0222
Canada,CAN,1968,0.9667
Canada,CAN,1969,0.9697
Canada,CAN,1970,0.9449
Canada,CAN,1971,0.8855
Canada,CAN,1972,0.7934
Canada,CAN,1973,0.7597
Canada,CAN,1974,0.7522
Canada,CAN,1975,0.7894
Canada,CAN,1976,0.7851
Canada,CAN,1977,0.7911
Canada,CAN,1978,0.7756
Canada,CAN,1979,0.7897
Canada,CAN,1980,0.7839
Canada,CAN,1981,0.7803
Canada,CAN,1982,0.7697
Canada,CAN,1983,0.7699
Canada,CAN,1984,0.7703
Canada,CAN,1985,0.7355
Canada,CAN,1986,0.7048
Canada,CAN,1987,0.685
Canada,CAN,1988,0.6793
Canada,CAN,1989,0.7206
Canada,CAN,1990,0.7558
Canada,CAN,1991,0.7439
Canada,CAN,1992,0.715
Canada,CAN,1993,0.6447
Canada,CAN,1994,0.6153
Canada,CAN,1995,0.5685
Canada,CAN,1996,0.5117
Canada,CAN,1997,0.4399
Canada,CAN,1998,0.4039
Canada,CAN,1999,0.3784
Canada,CAN,2000,0.3524
Canada,CAN,2001,0.3552
Canada,CAN,2002,0.3266
Canada,CAN,2003,0.3302
Canada,CAN,2004,0.333
Canada,CAN,2005,0.3356
Canada,CAN,2006,0.3737
Canada,CAN,2007,0.3855
Canada,CAN,2008,0.4017
Canada,CAN,2009,0.4069
Canada,CAN,2010,0.3906
Canada,CAN,2011,0.3794
Canada,CAN,2012,0.3786
Canada,CAN,2013,0.3572
Canada,CAN,2014,0.3448
Canada,CAN,2015,0.3221
Canada,CAN,2016,0.3097
Canada,CAN,2017,0.2596
Canada,CAN,2018,0.2266
Canada,CAN,2019,0.2208
Canada,CAN,2020,0.1317
Canada,CAN,2021,0.1524
Canada,CAN,2022,0.0437
Canada,CAN,2023,0.1143
Cape Verde,CPV,1950,2.6258
Cape Verde,CPV,1951,2.653
Cape Verde,CPV,1952,2.6863
Cape Verde,CPV,1953,2.6891
Cape Verde,CPV,1954,2.6843
Cape Verde,CPV,1955,2.6711
Cape Verde,CPV,1956,2.7252
Cape Verde,CPV,1957,2.7834
Cape Verde,CPV,1958,2.8357
Cape Verde,CPV,1959,2.8772
Cape Verde,CPV,1960,2.9035
Cape Verde,CPV,1961,2.9047
Cape Verde,CPV,1962,2.9147
Cape Verde,CPV,1963,2.8726
Cape Verde,CPV,1964,2.8375
Cape Verde,CPV,1965,2.8085
Cape Verde,CPV,1966,2.7825
Cape Verde,CPV,1967,2.7597
Cape Verde,CPV,1968,2.7422
Cape Verde,CPV,1969,2.7307
Cape Verde,CPV,1970,2.7364
Cape Verde,CPV,1971,2.8429
Cape Verde,CPV,1972,2.9309
Cape Verde,CPV,1973,3.0022
Cape Verde,CPV,1974,3.0722
Cape Verde,CPV,1975,3.1391
Cape Verde,CPV,1976,3.1775
Cape Verde,CPV,1977,3.2081
Cape Verde,CPV,1978,3.2113
Cape Verde,CPV,1979,3.1999
Cape Verde,CPV,1980,3.1785
Cape Verde,CPV,1981,3.1936
Cape Verde,CPV,1982,3.1848
Cape Verde,CPV,1983,3.1796
Cape Verde,CPV,1984,3.1633
Cape Verde,CPV,1985,3.1968
Cape Verde,CPV,1986,3.2058
Cape Verde,CPV,1987,3.1981
Cape Verde,CPV,1988,3.1803
Cape Verde,CPV,1989,3.1561
Cape Verde,CPV,1990,3.1268
Cape Verde,CPV,1991,3.0939
Cape Verde,CPV,1992,3.0288
Cape Verde,CPV,1993,2.9369
Cape Verde,CPV,1994,2.7815
Cape Verde,CPV,1995,2.5746
Cape Verde,CPV,1996,2.4936
Cape Verde,CPV,1997,2.3852
Cape Verde,CPV,1998,2.3165
Cape Verde,CPV,1999,2.237
Cape Verde,CPV,2000,2.1512
Cape Verde,CPV,2001,2.066
Cape Verde,CPV,2002,1.9865
Cape Verde,CPV,2003,1.9089
Cape Verde,CPV,2004,1.841
Cape Verde,CPV,2005,1.7372
Cape Verde,CPV,2006,1.6261
Cape Verde,CPV,2007,1.5234
Cape Verde,CPV,2008,1.4587
Cape Verde,CPV,2009,1.4257
Cape Verde,CPV,2010,1.5196
Cape Verde,CPV,2011,1.5396
Cape Verde,CPV,2012,1.3979
Cape Verde,CPV,2013,1.3236
Cape Verde,CPV,2014,1.2925
Cape Verde,CPV,2015,1.2323
Cape Verde,CPV,2016,1.217
Cape Verde,CPV,2017,1.1685
Cape Verde,CPV,2018,1.0289
Cape Verde,CPV,2019,0.9284
Cape Verde,CPV,2020,0.7256
Cape Verde,CPV,2021,0.6921
Cape Verde,CPV,2022,0.7434
Cape Verde,CPV,2023,0.7271
Cayman Islands,CYM,1950,2.0136
Cayman Islands,CYM,1951,2.0573
Cayman Islands,CYM,1952,2.1166
Cayman Islands,CYM,1953,2.184
Cayman Islands,CYM,1954,2.1562
Cayman Islands,CYM,1955,2.1053
Cayman Islands,CYM,1956,2.069
Cayman Islands,CYM,1957,2.0363
Cayman Islands,CYM,1958,2.0029
Cayman Islands,CYM,1959,2.1029
Cayman Islands,CYM,1960,2.1284
Cayman Islands,CYM,1961,2.185
Cayman Islands,CYM,1962,2.1975
Cayman Islands,CYM,1963,2.1338
Cayman Islands,CYM,1964,1.9534
Cayman Islands,CYM,1965,1.7957
Cayman Islands,CYM,1966,1.7494
Cayman Islands,CYM,1967,1.7158
Cayman Islands,CYM,1968,1.6735
Cayman Islands,CYM,1969,1.3686
Cayman Islands,CYM,1970,2.0853
Cayman Islands,CYM,1971,1.4177
Cayman Islands,CYM,1972,2.484
Cayman Islands,CYM,1973,1.7329
Cayman Islands,CYM,1974,1.4073
Cayman Islands,CYM,1975,1.3154
Cayman Islands,CYM,1976,1.2462
Cayman Islands,CYM,1977,1.219
Cayman Islands,CYM,1978,1.237
Cayman Islands,CYM,1979,1.283
Cayman Islands,CYM,1980,1.3548
Cayman Islands,CYM,1981,1.423
Cayman Islands,CYM,1982,1.1565
Cayman Islands,CYM,1983,1.0514
Cayman Islands,CYM,1984,1.0562
Cayman Islands,CYM,1985,1.0566
Cayman Islands,CYM,1986,1.0219
Cayman Islands,CYM,1987,0.9269
Cayman Islands,CYM,1988,0.9751
Cayman Islands,CYM,1989,1.0821
Cayman Islands,CYM,1990,1.0927
Cayman Islands,CYM,1991,1.2003
Cayman Islands,CYM,1992,1.1195
Cayman Islands,CYM,1993,1.0864
Cayman Islands,CYM,1994,1.0922
Cayman Islands,CYM,1995,1.1041
Cayman Islands,CYM,1996,1.1047
Cayman Islands,CYM,1997,1.0909
Cayman Islands,CYM,1998,1.0614
Cayman Islands,CYM,1999,1.0286
Cayman Islands,CYM,2000,0.9892
Cayman Islands,CYM,2001,0.973
Cayman Islands,CYM,2002,0.9575
Cayman Islands,CYM,2003,0.9466
Cayman Islands,CYM,2004,0.9405
Cayman Islands,CYM,2005,0.9371
Cayman Islands,CYM,2006,0.935
Cayman Islands,CYM,2007,0.9429
Cayman Islands,CYM,2008,0.9586
Cayman Islands,CYM,2009,0.9743
Cayman Islands,CYM,2010,0.9521
Cayman Islands,CYM,2011,0.9059
Cayman Islands,CYM,2012,0.82
Cayman Islands,CYM,2013,0.7484
Cayman Islands,CYM,2014,0.6511
Cayman Islands,CYM,2015,0.5918
Cayman Islands,CYM,2016,0.5573
Cayman Islands,CYM,2017,0.544
Cayman Islands,CYM,2018,0.5817
Cayman Islands,CYM,2019,0.7626
Cayman Islands,CYM,2020,0.7843
Cayman Islands,CYM,2021,0.7597
Cayman Islands,CYM,2022,0.7372
Cayman Islands,CYM,2023,0.7037
Central African Republic,CAF,1950,1.6048
Central African Republic,CAF,1951,1.5952
Central African Republic,CAF,1952,1.6052
Central African Republic,CAF,1953,1.6182
Central African Republic,CAF,1954,1.6434
Central African Republic,CAF,1955,1.6672
Central African Republic,CAF,1956,1.701
Central African Republic,CAF,1957,1.7287
Central African Republic,CAF,1958,1.7577
Central African Republic,CAF,1959,1.7925
Central African Republic,CAF,1960,1.8287
Central African Republic,CAF,1961,1.8669
Central African Republic,CAF,1962,1.9077
Central African Republic,CAF,1963,1.9532
Central African Republic,CAF,1964,2.0047
Central African Republic,CAF,1965,2.0614
Central African Republic,CAF,1966,2.1273
Central African Republic,CAF,1967,2.1923
Central African Republic,CAF,1968,2.2631
Central African Republic,CAF,1969,2.2942
Central African Republic,CAF,1970,2.3213
Central African Republic,CAF,1971,2.3415
Central African Republic,CAF,1972,2.3533
Central African Republic,CAF,1973,2.3596
Central African Republic,CAF,1974,2.3697
Central African Republic,CAF,1975,2.3815
Central African Republic,CAF,1976,2.4579
Central African Republic,CAF,1977,2.5469
Central African Republic,CAF,1978,2.6391
Central African Republic,CAF,1979,2.7273
Central African Republic,CAF,1980,2.8059
Central African Republic,CAF,1981,2.8805
Central African Republic,CAF,1982,2.9246
Central African Republic,CAF,1983,2.9715
Central African Republic,CAF,1984,3.0131
Central African Republic,CAF,1985,3.0476
Central African Republic,CAF,1986,3.0805
Central African Republic,CAF,1987,3.1249
Central African Republic,CAF,1988,3.1192
Central African Republic,CAF,1989,3.088
Central African Republic,CAF,1990,3.047
Central African Republic,CAF,1991,2.993
Central African Republic,CAF,1992,2.9076
Central African Republic,CAF,1993,2.846
Central African Republic,CAF,1994,2.7914
Central African Republic,CAF,1995,2.7702
Central African Republic,CAF,1996,2.7174
Central African Republic,CAF,1997,2.644
Central African Republic,CAF,1998,2.6003
Central African Republic,CAF,1999,2.577
Central African Republic,CAF,2000,2.5426
Central African Republic,CAF,2001,2.5411
Central African Republic,CAF,2002,2.5109
Central African Republic,CAF,2003,2.5722
Central African Republic,CAF,2004,2.5889
Central African Republic,CAF,2005,2.6472
Central African Republic,CAF,2006,2.7157
Central African Republic,CAF,2007,2.7592
Central African Republic,CAF,2008,2.8214
Central African Republic,CAF,2009,-2.8839
Central African Republic,CAF,2010,2.9054
Central African Republic,CAF,2011,3.1306
Central African Republic,CAF,2012,3.1836
Central African Republic,CAF,2013,3.0262
Central African Republic,CAF,2014,2.3241
Central African Republic,CAF,2015,3.0655
Central African Republic,CAF,2016,3.0214
Central African Republic,CAF,2017,2.6799
Central African Republic,CAF,2018,3.1435
Central African Republic,CAF,2019,1.3858
Central African Republic,CAF,2020,3.1216
Central African Republic,CAF,2021,2.4336
Central African Republic,CAF,2022,-0.9701
Central African Republic,CAF,2023,3.6939
Chad,TCD,1950,1.7612
Chad,TCD,1951,1.7533
Chad,TCD,1952,1.781
Chad,TCD,1953,1.8137
Chad,TCD,1954,1.8547
Chad,TCD,1955,1.9007
Chad,TCD,1956,1.9466
Chad,TCD,1957,1.9763
Chad,TCD,1958,2.0049
Chad,TCD,1959,2.0173
Chad,TCD,1960,2.033
Chad,TCD,1961,2.045
Chad,TCD,1962,2.0567
Chad,TCD,1963,2.0801
Chad,TCD,1964,2.1008
Chad,TCD,1965,2.1016
Chad,TCD,1966,2.1251
Chad,TCD,1967,2.1702
Chad,TCD,1968,2.2208
Chad,TCD,1969,2.2846
Chad,TCD,1970,2.3515
Chad,TCD,1971,2.3482
Chad,TCD,1972,2.5979
Chad,TCD,1973,2.6197
Chad,TCD,1974,2.6211
Chad,TCD,1975,2.6232
Chad,TCD,1976,2.6186
Chad,TCD,1977,2.6202
Chad,TCD,1978,2.6088
Chad,TCD,1979,2.6142
Chad,TCD,1980,2.7122
Chad,TCD,1981,2.4753
Chad,TCD,1982,2.5139
Chad,TCD,1983,2.9058
Chad,TCD,1984,3.0031
Chad,TCD,1985,2.8618
Chad,TCD,1986,2.9015
Chad,TCD,1987,2.8832
Chad,TCD,1988,3.1728
Chad,TCD,1989,3.2388
Chad,TCD,1990,3.2085
Chad,TCD,1991,3.2245
Chad,TCD,1992,3.3878
Chad,TCD,1993,3.4693
Chad,TCD,1994,3.3021
Chad,TCD,1995,3.301
Chad,TCD,1996,3.4357
Chad,TCD,1997,3.4031
Chad,TCD,1998,3.4017
Chad,TCD,1999,3.3841
Chad,TCD,2000,3.3737
Chad,TCD,2001,3.3763
Chad,TCD,2002,3.3237
Chad,TCD,2003,3.3173
Chad,TCD,2004,3.3683
Chad,TCD,2005,3.4111
Chad,TCD,2006,3.3814
Chad,TCD,2007,3.3996
Chad,TCD,2008,3.376
Chad,TCD,2009,3.3794
Chad,TCD,2010,3.3801
Chad,TCD,2011,3.3633
Chad,TCD,2012,3.3627
Chad,TCD,2013,3.3198
Chad,TCD,2014,3.2981
Chad,TCD,2015,3.2634
Chad,TCD,2016,3.1985
Chad,TCD,2017,3.164
Chad,TCD,2018,3.1544
Chad,TCD,2019,3.1797
Chad,TCD,2020,3.1422
Chad,TCD,2021,3.1122
Chad,TCD,2022,3.1864
Chad,TCD,2023,3.1364
Chile,CHL,1950,2.2536
Chile,CHL,1951,2.3259
Chile,CHL,1952,2.3694
Chile,CHL,1953,2.4083
Chile,CHL,1954,2.4281
Chile,CHL,1955,2.4411
Chile,CHL,1956,2.4796
Chile,CHL,1957,2.4648
Chile,CHL,1958,2.4602
Chile,CHL,1959,2.4438
Chile,CHL,1960,2.4341
Chile,CHL,1961,2.3879
Chile,CHL,1962,2.3644
Chile,CHL,1963,2.3341
Chile,CHL,1964,2.2928
Chile,CHL,1965,2.2561
Chile,CHL,1966,2.229
Chile,CHL,1967,2.1861
Chile,CHL,1968,2.1396
Chile,CHL,1969,2.0946
Chile,CHL,1970,2.0355
Chile,CHL,1971,1.9833
Chile,CHL,1972,1.9476
Chile,CHL,1973,1.9116
Chile,CHL,1974,1.8687
Chile,CHL,1975,1.845
Chile,CHL,1976,1.8175
Chile,CHL,1977,1.7915
Chile,CHL,1978,1.7586
Chile,CHL,1979,1.739
Chile,CHL,1980,1.7229
Chile,CHL,1981,1.6972
Chile,CHL,1982,1.6837
Chile,CHL,1983,1.6826
Chile,CHL,1984,1.6826
Chile,CHL,1985,1.6854
Chile,CHL,1986,1.6965
Chile,CHL,1987,1.7047
Chile,CHL,1988,1.7047
Chile,CHL,1989,1.7015
Chile,CHL,1990,1.6889
Chile,CHL,1991,1.6628
Chile,CHL,1992,1.5789
Chile,CHL,1993,1.5246
Chile,CHL,1994,1.4657
Chile,CHL,1995,1.4319
Chile,CHL,1996,1.3567
Chile,CHL,1997,1.2753
Chile,CHL,1998,1.2283
Chile,CHL,1999,1.1619
Chile,CHL,2000,1.1311
Chile,CHL,2001,1.0945
Chile,CHL,2002,1.0236
Chile,CHL,2003,0.9628
Chile,CHL,2004,0.9275
Chile,CHL,2005,0.8992
Chile,CHL,2006,0.8618
Chile,CHL,2007,0.87
Chile,CHL,2008,0.8736
Chile,CHL,2009,0.8676
Chile,CHL,2010,0.847
Chile,CHL,2011,0.8129
Chile,CHL,2012,0.7684
Chile,CHL,2013,0.7564
Chile,CHL,2014,0.7354
Chile,CHL,2015,0.7041
Chile,CHL,2016,0.6599
Chile,CHL,2017,0.5726
Chile,CHL,2018,0.5502
Chile,CHL,2019,0.448
Chile,CHL,2020,0.2704
Chile,CHL,2021,0.1415
Chile,CHL,2022,0.2099
Chile,CHL,2023,0.2468
China,CHN,1950,1.7883
China,CHN,1951,1.7576
China,CHN,1952,2.3068
China,CHN,1953,2.0483
China,CHN,1954,2.2526
China,CHN,1955,2.2499
China,CHN,1956,2.0189
China,CHN,1957,2.4036
China,CHN,1958,1.9528
China,CHN,1959,0.6753
China,CHN,1960,-0.0298
China,CHN,1961,0.3326
China,CHN,1962,2.4774
China,CHN,1963,3.2932
China,CHN,1964,2.7283
China,CHN,1965,2.68
China,CHN,1966,2.5205
China,CHN,1967,2.2712
China,CHN,1968,2.7498
China,CHN,1969,2.6046
China,CHN,1970,2.6289
China,CHN,1971,2.3913
China,CHN,1972,2.2494
China,CHN,1973,2.1303
China,CHN,1974,1.8938
China,CHN,1975,1.622
China,CHN,1976,1.4857
China,CHN,1977,1.335
China,CHN,1978,1.324
China,CHN,1979,1.4048
China,CHN,1980,1.441
China,CHN,1981,1.503
China,CHN,1982,1.6577
China,CHN,1983,1.3829
China,CHN,1984,1.4785
China,CHN,1985,1.5658
China,CHN,1986,1.7077
China,CHN,1987,1.808
China,CHN,1988,1.6755
China,CHN,1989,1.7111
China,CHN,1990,1.7428
China,CHN,1991,1.2695
China,CHN,1992,1.1308
China,CHN,1993,1.0515
China,CHN,1994,0.984
China,CHN,1995,0.9388
China,CHN,1996,0.8761
China,CHN,1997,0.8167
China,CHN,1998,0.7674
China,CHN,1999,0.7298
China,CHN,2000,0.7696
China,CHN,2001,0.6847
China,CHN,2002,0.6578
China,CHN,2003,0.6342
China,CHN,2004,0.6405
China,CHN,2005,0.6403
China,CHN,2006,0.6471
China,CHN,2007,0.6631
China,CHN,2008,0.677
China,CHN,2009,0.6939
China,CHN,2010,0.675
China,CHN,2011,0.651
China,CHN,2012,0.7419
China,CHN,2013,0.6571
China,CHN,2014,0.6762
China,CHN,2015,0.5728
China,CHN,2016,0.6155
China,CHN,2017,0.5814
China,CHN,2018,0.3798
China,CHN,2019,0.3152
China,CHN,2020,0.1004
China,CHN,2021,-0.0209
China,CHN,2022,-0.1083
China,CHN,2023,-0.1957
Colombia,COL,1950,2.886
Colombia,COL,1951,2.9416
Colombia,COL,1952,3.0185
Colombia,COL,1953,3.0847
Colombia,COL,1954,3.1344
Colombia,COL,1955,3.1803
Colombia,COL,1956,3.2187
Colombia,COL,1957,3.3052
Colombia,COL,1958,3.3342
Colombia,COL,1959,3.3755
Colombia,COL,1960,3.3917
Colombia,COL,1961,3.39
Colombia,COL,1962,3.3736
Colombia,COL,1963,3.3444
Colombia,COL,1964,3.2966
Colombia,COL,1965,3.2345
Colombia,COL,1966,3.1592
Colombia,COL,1967,3.0758
Colombia,COL,1968,2.9818
Colombia,COL,1969,2.8906
Colombia,COL,1970,2.8032
Colombia,COL,1971,2.73
Colombia,COL,1972,2.6644
Colombia,COL,1973,2.6141
Colombia,COL,1974,2.5797
Colombia,COL,1975,2.5641
Colombia,COL,1976,2.5662
Colombia,COL,1977,2.5532
Colombia,COL,1978,2.5105
Colombia,COL,1979,2.4916
Colombia,COL,1980,2.4895
Colombia,COL,1981,2.4789
Colombia,COL,1982,2.4703
Colombia,COL,1983,2.4109
Colombia,COL,1984,2.3263
Colombia,COL,1985,2.1367
Colombia,COL,1986,2.2079
Colombia,COL,1987,2.1621
Colombia,COL,1988,2.1323
Colombia,COL,1989,2.1214
Colombia,COL,1990,2.1036
Colombia,COL,1991,2.0855
Colombia,COL,1992,2.0668
Colombia,COL,1993,2.0594
Colombia,COL,1994,2.0174
Colombia,COL,1995,1.941
Colombia,COL,1996,1.8719
Colombia,COL,1997,1.8482
Colombia,COL,1998,1.8197
Colombia,COL,1999,1.7386
Colombia,COL,2000,1.6684
Colombia,COL,2001,1.6191
Colombia,COL,2002,1.5892
Colombia,COL,2003,1.5686
Colombia,COL,2004,1.5127
Colombia,COL,2005,1.4494
Colombia,COL,2006,1.3923
Colombia,COL,2007,1.3487
Colombia,COL,2008,1.3178
Colombia,COL,2009,1.2627
Colombia,COL,2010,1.1918
Colombia,COL,2011,1.1302
Colombia,COL,2012,1.1009
Colombia,COL,2013,1.0597
Colombia,COL,2014,1.0113
Colombia,COL,2015,0.9512
Colombia,COL,2016,0.8961
Colombia,COL,2017,0.8862
Colombia,COL,2018,0.8845
Colombia,COL,2019,0.8838
Colombia,COL,2020,0.7485
Colombia,COL,2021,0.6078
Colombia,COL,2022,0.785
Colombia,COL,2023,0.8077
Comoros,COM,1950,1.939
Comoros,COM,1951,1.6652
Comoros,COM,1952,2.0778
Comoros,COM,1953,2.1593
Comoros,COM,1954,2.2282
Comoros,COM,1955,2.286
Comoros,COM,1956,2.3336
Comoros,COM,1957,2.3714
Comoros,COM,1958,2.4078
Comoros,COM,1959,2.4456
Comoros,COM,1960,2.4715
Comoros,COM,1961,2.4983
Comoros,COM,1962,2.5194
Comoros,COM,1963,2.5214
Comoros,COM,1964,2.5317
Comoros,COM,1965,2.5419
Comoros,COM,1966,2.5615
Comoros,COM,1967,2.5645
Comoros,COM,1968,2.5887
Comoros,COM,1969,2.6117
Comoros,COM,1970,2.6441
Comoros,COM,1971,2.6688
Comoros,COM,1972,2.6989
Comoros,COM,1973,2.7261
Comoros,COM,1974,2.7523
Comoros,COM,1975,2.6944
Comoros,COM,1976,2.8134
Comoros,COM,1977,2.8448
Comoros,COM,1978,2.8925
Comoros,COM,1979,2.9399
Comoros,COM,1980,2.9893
Comoros,COM,1981,3.0426
Comoros,COM,1982,3.0805
Comoros,COM,1983,3.0954
Comoros,COM,1984,3.1326
Comoros,COM,1985,3.142
Comoros,COM,1986,3.1468
Comoros,COM,1987,3.1355
Comoros,COM,1988,3.117
Comoros,COM,1989,3.0878
Comoros,COM,1990,3.0612
Comoros,COM,1991,3.0254
Comoros,COM,1992,2.9813
Comoros,COM,1993,2.8853
Comoros,COM,1994,2.7928
Comoros,COM,1995,2.7319
Comoros,COM,1996,2.6828
Comoros,COM,1997,2.6103
Comoros,COM,1998,2.5357
Comoros,COM,1999,2.5026
Comoros,COM,2000,2.4753
Comoros,COM,2001,2.4849
Comoros,COM,2002,2.4619
Comoros,COM,2003,2.4625
Comoros,COM,2004,2.471
Comoros,COM,2005,2.4989
Comoros,COM,2006,2.5007
Comoros,COM,2007,2.4951
Comoros,COM,2008,2.5114
Comoros,COM,2009,2.5414
Comoros,COM,2010,2.5731
Comoros,COM,2011,2.5916
Comoros,COM,2012,2.577
Comoros,COM,2013,2.5533
Comoros,COM,2014,2.5124
Comoros,COM,2015,2.4717
Comoros,COM,2016,2.415
Comoros,COM,2017,2.3522
Comoros,COM,2018,2.3177
Comoros,COM,2019,2.2803
Comoros,COM,2020,2.2323
Comoros,COM,2021,2.1566
Comoros,COM,2022,2.1762
Comoros,COM,2023,2.1457
Congo,COG,1950,2.1608
Congo,COG,1951,2.1907
Congo,COG,1952,2.2217
Congo,COG,1953,2.2601
Congo,COG,1954,2.2927
Congo,COG,1955,2.3447
Congo,COG,1956,2.3908
Congo,COG,1957,2.4344
Congo,COG,1958,2.4887
Congo,COG,1959,2.5296
Congo,COG,1960,2.564
Congo,COG,1961,2.6024
Congo,COG,1962,2.6359
Congo,COG,1963,2.6969
Congo,COG,1964,2.7468
Congo,COG,1965,2.8037
Congo,COG,1966,2.8532
Congo,COG,1967,2.8831
Congo,COG,1968,2.9461
Congo,COG,1969,2.9887
Congo,COG,1970,3.0318
Congo,COG,1971,3.0833
Congo,COG,1972,3.1233
Congo,COG,1973,3.1308
Congo,COG,1974,3.1323
Congo,COG,1975,3.1441
Congo,COG,1976,3.1278
Congo,COG,1977,3.1143
Congo,COG,1978,3.0825
Congo,COG,1979,3.0597
Congo,COG,1980,3.0372
Congo,COG,1981,3.0273
Congo,COG,1982,2.9855
Congo,COG,1983,2.98
Congo,COG,1984,2.9521
Congo,COG,1985,2.931
Congo,COG,1986,2.9081
Congo,COG,1987,2.8937
Congo,COG,1988,2.8754
Congo,COG,1989,2.8503
Congo,COG,1990,2.8246
Congo,COG,1991,2.7982
Congo,COG,1992,2.7773
Congo,COG,1993,2.7405
Congo,COG,1994,2.7255
Congo,COG,1995,2.6983
Congo,COG,1996,2.6754
Congo,COG,1997,2.2906
Congo,COG,1998,2.4542
Congo,COG,1999,2.5126
Congo,COG,2000,2.4907
Congo,COG,2001,2.5936
Congo,COG,2002,2.6411
Congo,COG,2003,2.6504
Congo,COG,2004,2.7086
Congo,COG,2005,2.7417
Congo,COG,2006,2.7851
Congo,COG,2007,2.8253
Congo,COG,2008,2.9345
Congo,COG,2009,2.9642
Congo,COG,2010,3.0681
Congo,COG,2011,3.0451
Congo,COG,2012,3.0053
Congo,COG,2013,2.9252
Congo,COG,2014,2.8472
Congo,COG,2015,2.7766
Congo,COG,2016,2.7067
Congo,COG,2017,2.6532
Congo,COG,2018,2.6026
Congo,COG,2019,2.4839
Congo,COG,2020,2.4943
Congo,COG,2021,2.448
Congo,COG,2022,2.437
Congo,COG,2023,2.4339
Cook Islands,COK,1950,2.05
Cook Islands,COK,1951,2.2966
Cook Islands,COK,1952,2.4474
Cook Islands,COK,1953,2.5399
Cook Islands,COK,1954,2.6229
Cook Islands,COK,1955,2.7087
Cook Islands,COK,1956,2.8235
Cook Islands,COK,1957,2.9478
Cook Islands,COK,1958,3.076
Cook Islands,COK,1959,3.1852
Cook Islands,COK,1960,3.2747
Cook Islands,COK,1961,3.3277
Cook Islands,COK,1962,3.3743
Cook Islands,COK,1963,3.3875
Cook Islands,COK,1964,3.3694
Cook Islands,COK,1965,3.3277
Cook Islands,COK,1966,3.2563
Cook Islands,COK,1967,3.1955
Cook Islands,COK,1968,3.1796
Cook Islands,COK,1969,3.1286
Cook Islands,COK,1970,3.0435
Cook Islands,COK,1971,2.9505
Cook Islands,COK,1972,2.8457
Cook Islands,COK,1973,2.715
Cook Islands,COK,1974,2.5473
Cook Islands,COK,1975,2.368
Cook Islands,COK,1976,2.1882
Cook Islands,COK,1977,2.0153
Cook Islands,COK,1978,2.0518
Cook Islands,COK,1979,2.0902
Cook Islands,COK,1980,2.1049
Cook Islands,COK,1981,2.0755
Cook Islands,COK,1982,2.0553
Cook Islands,COK,1983,2.0789
Cook Islands,COK,1984,2.1076
Cook Islands,COK,1985,2.1351
Cook Islands,COK,1986,2.1546
Cook Islands,COK,1987,2.1079
Cook Islands,COK,1988,2.2137
Cook Islands,COK,1989,2.2979
Cook Islands,COK,1990,2.3433
Cook Islands,COK,1991,2.4286
Cook Islands,COK,1992,2.4133
Cook Islands,COK,1993,2.3637
Cook Islands,COK,1994,2.2875
Cook Islands,COK,1995,2.2137
Cook Islands,COK,1996,2.1098
Cook Islands,COK,1997,1.8776
Cook Islands,COK,1998,1.8493
Cook Islands,COK,1999,1.7223
Cook Islands,COK,2000,1.6258
Cook Islands,COK,2001,1.5356
Cook Islands,COK,2002,1.3945
Cook Islands,COK,2003,1.3445
Cook Islands,COK,2004,1.3124
Cook Islands,COK,2005,1.2947
Cook Islands,COK,2006,1.27
Cook Islands,COK,2007,1.172
Cook Islands,COK,2008,1.1286
Cook Islands,COK,2009,1.0967
Cook Islands,COK,2010,1.0605
Cook Islands,COK,2011,1.0243
Cook Islands,COK,2012,0.9905
Cook Islands,COK,2013,0.9356
Cook Islands,COK,2014,0.8791
Cook Islands,COK,2015,0.8319
Cook Islands,COK,2016,0.7954
Cook Islands,COK,2017,0.7725
Cook Islands,COK,2018,0.7306
Cook Islands,COK,2019,0.668
Cook Islands,COK,2020,0.596
Cook Islands,COK,2021,0.532
Cook Islands,COK,2022,0.4438
Cook Islands,COK,2023,0.3214
Costa Rica,CRI,1950,3.2773
Costa Rica,CRI,1951,3.3464
Costa Rica,CRI,1952,3.3967
Costa Rica,CRI,1953,3.4658
Costa Rica,CRI,1954,3.5107
Costa Rica,CRI,1955,3.5441
Costa Rica,CRI,1956,3.5822
Costa Rica,CRI,1957,3.6231
Costa Rica,CRI,1958,3.6684
Costa Rica,CRI,1959,3.6887
Costa Rica,CRI,1960,3.6804
Costa Rica,CRI,1961,3.6395
Costa Rica,CRI,1962,3.571
Costa Rica,CRI,1963,3.4694
Costa Rica,CRI,1964,3.3531
Costa Rica,CRI,1965,3.2276
Costa Rica,CRI,1966,3.0984
Costa Rica,CRI,1967,2.9708
Costa Rica,CRI,1968,2.7798
Costa Rica,CRI,1969,2.7268
Costa Rica,CRI,1970,2.6318
Costa Rica,CRI,1971,2.5597
Costa Rica,CRI,1972,2.498
Costa Rica,CRI,1973,2.4615
Costa Rica,CRI,1974,2.4685
Costa Rica,CRI,1975,2.4838
Costa Rica,CRI,1976,2.5151
Costa Rica,CRI,1977,2.5452
Costa Rica,CRI,1978,2.5757
Costa Rica,CRI,1979,2.6213
Costa Rica,CRI,1980,2.6169
Costa Rica,CRI,1981,2.6309
Costa Rica,CRI,1982,2.6468
Costa Rica,CRI,1983,2.6577
Costa Rica,CRI,1984,2.6639
Costa Rica,CRI,1985,2.6542
Costa Rica,CRI,1986,2.5987
Costa Rica,CRI,1987,2.5301
Costa Rica,CRI,1988,2.4576
Costa Rica,CRI,1989,2.3762
Costa Rica,CRI,1990,2.2977
Costa Rica,CRI,1991,2.2018
Costa Rica,CRI,1992,2.1262
Costa Rica,CRI,1993,2.0495
Costa Rica,CRI,1994,1.9801
Costa Rica,CRI,1995,1.9118
Costa Rica,CRI,1996,1.8263
Costa Rica,CRI,1997,1.7547
Costa Rica,CRI,1998,1.7127
Costa Rica,CRI,1999,1.681
Costa Rica,CRI,2000,1.6321
Costa Rica,CRI,2001,1.5515
Costa Rica,CRI,2002,1.4326
Costa Rica,CRI,2003,1.371
Costa Rica,CRI,2004,1.3278
Costa Rica,CRI,2005,1.3409
Costa Rica,CRI,2006,1.2537
Costa Rica,CRI,2007,1.2612
Costa Rica,CRI,2008,1.2723
Costa Rica,CRI,2009,1.2391
Costa Rica,CRI,2010,1.1151
Costa Rica,CRI,2011,1.1472
Costa Rica,CRI,2012,1.1157
Costa Rica,CRI,2013,1.0438
Costa Rica,CRI,2014,1.0396
Costa Rica,CRI,2015,1.0186
Costa Rica,CRI,2016,0.9362
Costa Rica,CRI,2017,0.8848
Costa Rica,CRI,2018,0.8566
Costa Rica,CRI,2019,0.7537
Costa Rica,CRI,2020,0.5793
Costa Rica,CRI,2021,0.3976
Costa Rica,CRI,2022,0.4213
Costa Rica,CRI,2023,0.4722
Cote d'Ivoire,CIV,1950,2.0767
Cote d'Ivoire,CIV,1951,2.1449
Cote d'Ivoire,CIV,1952,2.2069
Cote d'Ivoire,CIV,1953,2.2675
Cote d'Ivoire,CIV,1954,2.3295
Cote d'Ivoire,CIV,1955,2.3837
Cote d'Ivoire,CIV,1956,2.4409
Cote d'Ivoire,CIV,1957,2.4983
Cote d'Ivoire,CIV,1958,2.5568
Cote d'Ivoire,CIV,1959,2.6103
Cote d'Ivoire,CIV,1960,2.7134
Cote d'Ivoire,CIV,1961,2.7707
Cote d'Ivoire,CIV,1962,2.8287
Cote d'Ivoire,CIV,1963,2.8824
Cote d'Ivoire,CIV,1964,2.9246
Cote d'Ivoire,CIV,1965,2.9624
Cote d'Ivoire,CIV,1966,2.9981
Cote d'Ivoire,CIV,1967,3.0371
Cote d'Ivoire,CIV,1968,3.0754
Cote d'Ivoire,CIV,1969,3.1112
Cote d'Ivoire,CIV,1970,3.1427
Cote d'Ivoire,CIV,1971,3.1839
Cote d'Ivoire,CIV,1972,3.2293
Cote d'Ivoire,CIV,1973,3.2891
Cote d'Ivoire,CIV,1974,3.3424
Cote d'Ivoire,CIV,1975,3.3777
Cote d'Ivoire,CIV,1976,3.4279
Cote d'Ivoire,CIV,1977,3.4261
Cote d'Ivoire,CIV,1978,3.3831
Cote d'Ivoire,CIV,1979,3.4025
Cote d'Ivoire,CIV,1980,3.4137
Cote d'Ivoire,CIV,1981,3.4214
Cote d'Ivoire,CIV,1982,3.4262
Cote d'Ivoire,CIV,1983,3.4227
Cote d'Ivoire,CIV,1984,3.4393
Cote d'Ivoire,CIV,1985,3.4316
Cote d'Ivoire,CIV,1986,3.4212
Cote d'Ivoire,CIV,1987,3.4157
Cote d'Ivoire,CIV,1988,3.3576
Cote d'Ivoire,CIV,1989,3.3284
Cote d'Ivoire,CIV,1990,3.303
Cote d'Ivoire,CIV,1991,3.2589
Cote d'Ivoire,CIV,1992,3.2067
Cote d'Ivoire,CIV,1993,3.136
Cote d'Ivoire,CIV,1994,3.0676
Cote d'Ivoire,CIV,1995,3.0542
Cote d'Ivoire,CIV,1996,3.0419
Cote d'Ivoire,CIV,1997,3.0534
Cote d'Ivoire,CIV,1998,3.0555
Cote d'Ivoire,CIV,1999,3.0648
Cote d'Ivoire,CIV,2000,3.08
Cote d'Ivoire,CIV,2001,3.0542
Cote d'Ivoire,CIV,2002,3.0217
Cote d'Ivoire,CIV,2003,2.971
Cote d'Ivoire,CIV,2004,2.957
Cote d'Ivoire,CIV,2005,2.9583
Cote d'Ivoire,CIV,2006,2.9445
Cote d'Ivoire,CIV,2007,2.935
Cote d'Ivoire,CIV,2008,2.9311
Cote d'Ivoire,CIV,2009,2.975
Cote d'Ivoire,CIV,2010,3.0085
Cote d'Ivoire,CIV,2011,3.0199
Cote d'Ivoire,CIV,2012,3.0206
Cote d'Ivoire,CIV,2013,3.0085
Cote d'Ivoire,CIV,2014,2.9721
Cote d'Ivoire,CIV,2015,2.897
Cote d'Ivoire,CIV,2016,2.8305
Cote d'Ivoire,CIV,2017,2.7477
Cote d'Ivoire,CIV,2018,2.6305
Cote d'Ivoire,CIV,2019,2.5814
Cote d'Ivoire,CIV,2020,2.5158
Cote d'Ivoire,CIV,2021,2.4703
Cote d'Ivoire,CIV,2022,2.4684
Cote d'Ivoire,CIV,2023,2.433
Croatia,HRV,1950,1.2866
Croatia,HRV,1951,1.1155
Croatia,HRV,1952,1.2094
Croatia,HRV,1953,1.2368
Croatia,HRV,1954,1.2361
Croatia,HRV,1955,1.219
Croatia,HRV,1956,1.1501
Croatia,HRV,1957,1.0468
Croatia,HRV,1958,0.9638
Croatia,HRV,1959,0.9559
Croatia,HRV,1960,0.9066
Croatia,HRV,1961,0.8664
Croatia,HRV,1962,0.8304
Croatia,HRV,1963,0.761
Croatia,HRV,1964,0.7349
Croatia,HRV,1965,0.771
Croatia,HRV,1966,0.7609
Croatia,HRV,1967,0.6479
Croatia,HRV,1968,0.5634
Croatia,HRV,1969,0.493
Croatia,HRV,1970,0.4413
Croatia,HRV,1971,0.519
Croatia,HRV,1972,0.5579
Croatia,HRV,1973,0.5814
Croatia,HRV,1974,0.5853
Croatia,HRV,1975,0.581
Croatia,HRV,1976,0.5765
Croatia,HRV,1977,0.5693
Croatia,HRV,1978,0.5498
Croatia,HRV,1979,0.5102
Croatia,HRV,1980,0.4626
Croatia,HRV,1981,0.4255
Croatia,HRV,1982,0.3754
Croatia,HRV,1983,0.3408
Croatia,HRV,1984,0.3183
Croatia,HRV,1985,0.2895
Croatia,HRV,1986,0.2392
Croatia,HRV,1987,0.202
Croatia,HRV,1988,0.1617
Croatia,HRV,1989,0.1229
Croatia,HRV,1990,0.0982
Croatia,HRV,1991,-0.0441
Croatia,HRV,1992,-0.0813
Croatia,HRV,1993,-0.0764
Croatia,HRV,1994,-0.1027
Croatia,HRV,1995,-0.1121
Croatia,HRV,1996,-0.0739
Croatia,HRV,1997,-0.1201
Croatia,HRV,1998,-0.2623
Croatia,HRV,1999,-0.289
Croatia,HRV,2000,-0.2706
Croatia,HRV,2001,-0.2331
Croatia,HRV,2002,-0.2364
Croatia,HRV,2003,-0.2526
Croatia,HRV,2004,-0.2409
Croatia,HRV,2005,-0.1833
Croatia,HRV,2006,-0.2285
Croatia,HRV,2007,-0.2218
Croatia,HRV,2008,-0.196
Croatia,HRV,2009,-0.1761
Croatia,HRV,2010,-0.1988
Croatia,HRV,2011,-0.2485
Croatia,HRV,2012,-0.2414
Croatia,HRV,2013,-0.2913
Croatia,HRV,2014,-0.3342
Croatia,HRV,2015,-0.4009
Croatia,HRV,2016,-0.4389
Croatia,HRV,2017,-0.4814
Croatia,HRV,2018,-0.4833
Croatia,HRV,2019,-0.4855
Croatia,HRV,2020,-0.597
Croatia,HRV,2021,-0.5611
Croatia,HRV,2022,-0.52
Croatia,HRV,2023,-0.6053
Cuba,CUB,1950,2.0812
Cuba,CUB,1951,2.0514
Cuba,CUB,1952,2.0712
Cuba,CUB,1953,2.0937
Cuba,CUB,1954,2.1166
Cuba,CUB,1955,2.132
Cuba,CUB,1956,2.1455
Cuba,CUB,1957,2.1638
Cuba,CUB,1958,2.1918
Cuba,CUB,1959,2.2822
Cuba,CUB,1960,2.3876
Cuba,CUB,1961,2.4882
Cuba,CUB,1962,2.6047
Cuba,CUB,1963,2.672
Cuba,CUB,1964,2.661
Cuba,CUB,1965,2.6314
Cuba,CUB,1966,2.553
Cuba,CUB,1967,2.4812
Cuba,CUB,1968,2.4148
Cuba,CUB,1969,2.3721
Cuba,CUB,1970,2.2871
Cuba,CUB,1971,2.1729
Cuba,CUB,1972,2.056
Cuba,CUB,1973,1.9166
Cuba,CUB,1974,1.7612
Cuba,CUB,1975,1.5292
Cuba,CUB,1976,1.31
Cuba,CUB,1977,1.1077
Cuba,CUB,1978,0.8944
Cuba,CUB,1979,0.8316
Cuba,CUB,1980,0.7575
Cuba,CUB,1981,0.752
Cuba,CUB,1982,0.9671
Cuba,CUB,1983,1.0195
Cuba,CUB,1984,1.0093
Cuba,CUB,1985,1.0163
Cuba,CUB,1986,1.0347
Cuba,CUB,1987,1.0606
Cuba,CUB,1988,1.1179
Cuba,CUB,1989,1.0905
Cuba,CUB,1990,1.057
Cuba,CUB,1991,0.8901
Cuba,CUB,1992,0.7738
Cuba,CUB,1993,0.6754
Cuba,CUB,1994,0.6302
Cuba,CUB,1995,0.6115
Cuba,CUB,1996,0.5641
Cuba,CUB,1997,0.6531
Cuba,CUB,1998,0.646
Cuba,CUB,1999,0.6238
Cuba,CUB,2000,0.5503
Cuba,CUB,2001,0.5144
Cuba,CUB,2002,0.5208
Cuba,CUB,2003,0.5011
Cuba,CUB,2004,0.3938
Cuba,CUB,2005,0.3255
Cuba,CUB,2006,0.2173
Cuba,CUB,2007,0.2181
Cuba,CUB,2008,0.2909
Cuba,CUB,2009,0.3324
Cuba,CUB,2010,0.3277
Cuba,CUB,2011,0.3606
Cuba,CUB,2012,0.2996
Cuba,CUB,2013,0.264
Cuba,CUB,2014,0.1989
Cuba,CUB,2015,0.1815
Cuba,CUB,2016,0.0859
Cuba,CUB,2017,0.0205
Cuba,CUB,2018,0.0306
Cuba,CUB,2019,-0.0379
Cuba,CUB,2020,-0.1146
Cuba,CUB,2021,-0.6439
Cuba,CUB,2022,-0.1624
Cuba,CUB,2023,-0.1441
Curacao,CUW,1950,2.5372
Curacao,CUW,1951,2.5852
Curacao,CUW,1952,2.6248
Curacao,CUW,1953,2.6521
Curacao,CUW,1954,2.6857
Curacao,CUW,1955,2.7168
Curacao,CUW,1956,2.7191
Curacao,CUW,1957,2.7244
Curacao,CUW,1958,2.718
Curacao,CUW,1959,2.6978
Curacao,CUW,1960,2.6728
Curacao,CUW,1961,2.6201
Curacao,CUW,1962,2.559
Curacao,CUW,1963,2.4996
Curacao,CUW,1964,2.433
Curacao,CUW,1965,2.3668
Curacao,CUW,1966,2.2746
Curacao,CUW,1967,2.1823
Curacao,CUW,1968,2.0694
Curacao,CUW,1969,1.9584
Curacao,CUW,1970,1.8509
Curacao,CUW,1971,1.7358
Curacao,CUW,1972,1.6392
Curacao,CUW,1973,1.6036
Curacao,CUW,1974,1.5715
Curacao,CUW,1975,1.5282
Curacao,CUW,1976,1.4856
Curacao,CUW,1977,1.4531
Curacao,CUW,1978,1.4238
Curacao,CUW,1979,1.4047
Curacao,CUW,1980,1.4042
Curacao,CUW,1981,1.4146
Curacao,CUW,1982,1.4265
Curacao,CUW,1983,1.4388
Curacao,CUW,1984,1.4435
Curacao,CUW,1985,1.4444
Curacao,CUW,1986,1.4319
Curacao,CUW,1987,1.415
Curacao,CUW,1988,1.3971
Curacao,CUW,1989,1.3702
Curacao,CUW,1990,1.3653
Curacao,CUW,1991,1.3771
Curacao,CUW,1992,1.376
Curacao,CUW,1993,1.3126
Curacao,CUW,1994,1.2478
Curacao,CUW,1995,1.182
Curacao,CUW,1996,1.113
Curacao,CUW,1997,1.0326
Curacao,CUW,1998,0.9406
Curacao,CUW,1999,0.8656
Curacao,CUW,2000,0.849
Curacao,CUW,2001,0.8253
Curacao,CUW,2002,0.7112
Curacao,CUW,2003,0.6264
Curacao,CUW,2004,0.5533
Curacao,CUW,2005,0.5034
Curacao,CUW,2006,0.4508
Curacao,CUW,2007,0.3975
Curacao,CUW,2008,0.3505
Curacao,CUW,2009,0.3385
Curacao,CUW,2010,0.5424
Curacao,CUW,2011,0.4836
Curacao,CUW,2012,0.5547
Curacao,CUW,2013,0.4927
Curacao,CUW,2014,0.4166
Curacao,CUW,2015,0.3365
Curacao,CUW,2016,0.1747
Curacao,CUW,2017,0.0031
Curacao,CUW,2018,0.0057
Curacao,CUW,2019,-0.0505
Curacao,CUW,2020,-0.1887
Curacao,CUW,2021,-0.2995
Curacao,CUW,2022,-0.2237
Curacao,CUW,2023,-0.2423
Cyprus,CYP,1950,1.4884
Cyprus,CYP,1951,1.5071
Cyprus,CYP,1952,1.326
Cyprus,CYP,1953,1.3473
Cyprus,CYP,1954,1.4152
Cyprus,CYP,1955,1.3838
Cyprus,CYP,1956,1.3815
Cyprus,CYP,1957,1.4
Cyprus,CYP,1958,1.4084
Cyprus,CYP,1959,1.4169
Cyprus,CYP,1960,1.4298
Cyprus,CYP,1961,1.6094
Cyprus,CYP,1962,1.572
Cyprus,CYP,1963,1.4109
Cyprus,CYP,1964,1.3588
Cyprus,CYP,1965,1.561
Cyprus,CYP,1966,1.5205
Cyprus,CYP,1967,1.4799
Cyprus,CYP,1968,1.4411
Cyprus,CYP,1969,1.3814
Cyprus,CYP,1970,1.2993
Cyprus,CYP,1971,1.2839
Cyprus,CYP,1972,1.2472
Cyprus,CYP,1973,0.8117
Cyprus,CYP,1974,0.0483
Cyprus,CYP,1975,0.7617
Cyprus,CYP,1976,0.9888
Cyprus,CYP,1977,0.8405
Cyprus,CYP,1978,0.885
Cyprus,CYP,1979,0.9771
Cyprus,CYP,1980,1.1645
Cyprus,CYP,1981,1.0357
Cyprus,CYP,1982,1.3328
Cyprus,CYP,1983,1.3175
Cyprus,CYP,1984,1.3229
Cyprus,CYP,1985,1.2637
Cyprus,CYP,1986,1.2665
Cyprus,CYP,1987,1.2075
Cyprus,CYP,1988,1.2522
Cyprus,CYP,1989,1.1778
Cyprus,CYP,1990,1.1945
Cyprus,CYP,1991,1.1393
Cyprus,CYP,1992,1.2148
Cyprus,CYP,1993,1.0245
Cyprus,CYP,1994,0.944
Cyprus,CYP,1995,0.8377
Cyprus,CYP,1996,0.7851
Cyprus,CYP,1997,0.7179
Cyprus,CYP,1998,0.6429
Cyprus,CYP,1999,0.5932
Cyprus,CYP,2000,0.5877
Cyprus,CYP,2001,0.5506
Cyprus,CYP,2002,0.5324
Cyprus,CYP,2003,0.5486
Cyprus,CYP,2004,0.5605
Cyprus,CYP,2005,0.5449
Cyprus,CYP,2006,0.5848
Cyprus,CYP,2007,0.5578
Cyprus,CYP,2008,0.5892
Cyprus,CYP,2009,0.6147
Cyprus,CYP,2010,0.5961
Cyprus,CYP,2011,0.547
Cyprus,CYP,2012,0.5771
Cyprus,CYP,2013,0.5166
Cyprus,CYP,2014,0.5153
Cyprus,CYP,2015,0.5199
Cyprus,CYP,2016,0.537
Cyprus,CYP,2017,0.4849
Cyprus,CYP,2018,0.4647
Cyprus,CYP,2019,0.4414
Cyprus,CYP,2020,0.4474
Cyprus,CYP,2021,0.4027
Cyprus,CYP,2022,0.3355
Cyprus,CYP,2023,0.3736
Czechia,CZE,1950,0.9622
Czechia,CZE,1951,0.9324
Czechia,CZE,1952,0.9159
Czechia,CZE,1953,0.8051
Czechia,CZE,1954,0.7381
Czechia,CZE,1955,0.7737
Czechia,CZE,1956,0.7286
Czechia,CZE,1957,0.5886
Czechia,CZE,1958,0.49
Czechia,CZE,1959,0.314
Czechia,CZE,1960,0.3438
Czechia,CZE,1961,0.3524
Czechia,CZE,1962,0.2813
Czechia,CZE,1963,0.4714
Czechia,CZE,1964,0.5101
Czechia,CZE,1965,0.4178
Czechia,CZE,1966,0.3539
Czechia,CZE,1967,0.2854
Czechia,CZE,1968,0.2114
Czechia,CZE,1969,0.2137
Czechia,CZE,1970,0.2397
Czechia,CZE,1971,0.3209
Czechia,CZE,1972,0.4506
Czechia,CZE,1973,0.578
Czechia,CZE,1974,0.68
Czechia,CZE,1975,0.6765
Czechia,CZE,1976,0.6168
Czechia,CZE,1977,0.5448
Czechia,CZE,1978,0.4925
Czechia,CZE,1979,0.4039
Czechia,CZE,1980,0.1496
Czechia,CZE,1981,0.1116
Czechia,CZE,1982,0.0865
Czechia,CZE,1983,0.019
Czechia,CZE,1984,0.0314
Czechia,CZE,1985,0.02
Czechia,CZE,1986,-0.0161
Czechia,CZE,1987,0.0197
Czechia,CZE,1988,0.0477
Czechia,CZE,1989,-0.0104
Czechia,CZE,1990,-0.0045
Czechia,CZE,1991,0.0321
Czechia,CZE,1992,0.0044
Czechia,CZE,1993,0.0148
Czechia,CZE,1994,-0.1093
Czechia,CZE,1995,-0.2148
Czechia,CZE,1996,-0.2201
Czechia,CZE,1997,-0.2207
Czechia,CZE,1998,-0.1908
Czechia,CZE,1999,-0.2034
Czechia,CZE,2000,-0.1825
Czechia,CZE,2001,-0.1682
Czechia,CZE,2002,-0.152
Czechia,CZE,2003,-0.1721
Czechia,CZE,2004,-0.0908
Czechia,CZE,2005,-0.0536
Czechia,CZE,2006,0.0187
Czechia,CZE,2007,0.0951
Czechia,CZE,2008,0.1346
Czechia,CZE,2009,0.0992
Czechia,CZE,2010,0.0913
Czechia,CZE,2011,0.0155
Czechia,CZE,2012,-0.0016
Czechia,CZE,2013,-0.0281
Czechia,CZE,2014,0.0318
Czechia,CZE,2015,-0.0029
Czechia,CZE,2016,0.0463
Czechia,CZE,2017,0.0256
Czechia,CZE,2018,0.0085
Czechia,CZE,2019,-0.004
Czechia,CZE,2020,-0.1798
Czechia,CZE,2021,-0.2695
Czechia,CZE,2022,-0.1912
Czechia,CZE,2023,-0.2006
Democratic Republic of Congo,COD,1950,1.9226
Democratic Republic of Congo,COD,1951,1.9957
Democratic Republic of Congo,COD,1952,2.0546
Democratic Republic of Congo,COD,1953,2.1162
Democratic Republic of Congo,COD,1954,2.1505
Democratic Republic of Congo,COD,1955,2.188
Democratic Republic of Congo,COD,1956,2.2227
Democratic Republic of Congo,COD,1957,2.2736
Democratic Republic of Congo,COD,1958,2.3163
Democratic Republic of Congo,COD,1959,2.3419
Democratic Republic of Congo,COD,1960,2.3814
Democratic Republic of Congo,COD,1961,2.3509
Democratic Republic of Congo,COD,1962,2.385
Democratic Republic of Congo,COD,1963,2.4169
Democratic Republic of Congo,COD,1964,2.3965
Democratic Republic of Congo,COD,1965,2.4616
Democratic Republic of Congo,COD,1966,2.5842
Democratic Republic of Congo,COD,1967,2.5974
Democratic Republic of Congo,COD,1968,2.6177
Democratic Republic of Congo,COD,1969,2.6305
Democratic Republic of Congo,COD,1970,2.6483
Democratic Republic of Congo,COD,1971,2.6544
Democratic Republic of Congo,COD,1972,2.6563
Democratic Republic of Congo,COD,1973,2.6493
Democratic Republic of Congo,COD,1974,2.6475
Democratic Republic of Congo,COD,1975,2.6439
Democratic Republic of Congo,COD,1976,2.642
Democratic Republic of Congo,COD,1977,2.6342
Democratic Republic of Congo,COD,1978,2.5864
Democratic Republic of Congo,COD,1979,2.6723
Democratic Republic of Congo,COD,1980,2.7109
Democratic Republic of Congo,COD,1981,2.7213
Democratic Republic of Congo,COD,1982,2.7342
Democratic Republic of Congo,COD,1983,2.7593
Democratic Republic of Congo,COD,1984,2.7937
Democratic Republic of Congo,COD,1985,2.8328
Democratic Republic of Congo,COD,1986,2.8679
Democratic Republic of Congo,COD,1987,2.8826
Democratic Republic of Congo,COD,1988,2.8947
Democratic Republic of Congo,COD,1989,2.8947
Democratic Republic of Congo,COD,1990,2.8991
Democratic Republic of Congo,COD,1991,2.9374
Democratic Republic of Congo,COD,1992,2.9386
Democratic Republic of Congo,COD,1993,2.9743
Democratic Republic of Congo,COD,1994,2.9548
Democratic Republic of Congo,COD,1995,3.1405
Democratic Republic of Congo,COD,1996,3.0477
Democratic Republic of Congo,COD,1997,3.0242
Democratic Republic of Congo,COD,1998,2.9074
Democratic Republic of Congo,COD,1999,2.9651
Democratic Republic of Congo,COD,2000,3.0679
Democratic Republic of Congo,COD,2001,3.0595
Democratic Republic of Congo,COD,2002,3.0355
Democratic Republic of Congo,COD,2003,3.0341
Democratic Republic of Congo,COD,2004,3.037
Democratic Republic of Congo,COD,2005,3.063
Democratic Republic of Congo,COD,2006,3.117
Democratic Republic of Congo,COD,2007,3.1431
Democratic Republic of Congo,COD,2008,3.1747
Democratic Republic of Congo,COD,2009,3.2026
Democratic Republic of Congo,COD,2010,3.2266
Democratic Republic of Congo,COD,2011,3.2614
Democratic Republic of Congo,COD,2012,3.2837
Democratic Republic of Congo,COD,2013,3.2846
Democratic Republic of Congo,COD,2014,3.291
Democratic Republic of Congo,COD,2015,3.2887
Democratic Republic of Congo,COD,2016,3.2799
Democratic Republic of Congo,COD,2017,3.3109
Democratic Republic of Congo,COD,2018,3.324
Democratic Republic of Congo,COD,2019,3.3089
Democratic Republic of Congo,COD,2020,3.288
Democratic Republic of Congo,COD,2021,3.2557
Democratic Republic of Congo,COD,2022,3.2693
Democratic Republic of Congo,COD,2023,3.278
Denmark,DNK,1950,0.9418
Denmark,DNK,1951,0.9071
Denmark,DNK,1952,0.8755
Denmark,DNK,1953,0.891
Denmark,DNK,1954,0.8361
Denmark,DNK,1955,0.8642
Denmark,DNK,1956,0.8376
Denmark,DNK,1957,0.7455
Denmark,DNK,1958,0.7204
Denmark,DNK,1959,0.6845
Denmark,DNK,1960,0.7017
Denmark,DNK,1961,0.7144
Denmark,DNK,1962,0.6963
Denmark,DNK,1963,0.7842
Denmark,DNK,1964,0.7749
Denmark,DNK,1965,0.8
Denmark,DNK,1966,0.8078
Denmark,DNK,1967,0.6955
Denmark,DNK,1968,0.5645
Denmark,DNK,1969,0.479
Denmark,DNK,1970,0.4602
Denmark,DNK,1971,0.5302
Denmark,DNK,1972,0.4971
Denmark,DNK,1973,0.4258
Denmark,DNK,1974,0.3904
Denmark,DNK,1975,0.4141
Denmark,DNK,1976,0.2235
Denmark,DNK,1977,0.2254
Denmark,DNK,1978,0.1734
Denmark,DNK,1979,0.0916
Denmark,DNK,1980,0.0226
Denmark,DNK,1981,-0.0609
Denmark,DNK,1982,-0.0557
Denmark,DNK,1983,-0.1211
Denmark,DNK,1984,-0.1049
Denmark,DNK,1985,-0.0942
Denmark,DNK,1986,-0.0583
Denmark,DNK,1987,-0.0376
Denmark,DNK,1988,-0.0014
Denmark,DNK,1989,0.0357
Denmark,DNK,1990,0.0467
Denmark,DNK,1991,0.0918
Denmark,DNK,1992,0.1268
Denmark,DNK,1993,0.0893
Denmark,DNK,1994,0.1592
Denmark,DNK,1995,0.1211
Denmark,DNK,1996,0.1251
Denmark,DNK,1997,0.1427
Denmark,DNK,1998,0.1423
Denmark,DNK,1999,0.1301
Denmark,DNK,2000,0.165
Denmark,DNK,2001,0.1286
Denmark,DNK,2002,0.1032
Denmark,DNK,2003,0.1284
Denmark,DNK,2004,0.1599
Denmark,DNK,2005,0.1702
Denmark,DNK,2006,0.1677
Denmark,DNK,2007,0.1501
Denmark,DNK,2008,0.1781
Denmark,DNK,2009,0.1396
Denmark,DNK,2010,0.1547
Denmark,DNK,2011,0.1141
Denmark,DNK,2012,0.0967
Denmark,DNK,2013,0.0568
Denmark,DNK,2014,0.091
Denmark,DNK,2015,0.0907
Denmark,DNK,2016,0.1425
Denmark,DNK,2017,0.1358
Denmark,DNK,2018,0.1038
Denmark,DNK,2019,0.1232
Denmark,DNK,2020,0.1082
Denmark,DNK,2021,0.1099
Denmark,DNK,2022,-0.022
Denmark,DNK,2023,0.009
Djibouti,DJI,1950,2.261
Djibouti,DJI,1951,2.3488
Djibouti,DJI,1952,2.3998
Djibouti,DJI,1953,2.4496
Djibouti,DJI,1954,2.4921
Djibouti,DJI,1955,2.5266
Djibouti,DJI,1956,2.5552
Djibouti,DJI,1957,2.5815
Djibouti,DJI,1958,2.6107
Djibouti,DJI,1959,2.6377
Djibouti,DJI,1960,2.6722
Djibouti,DJI,1961,2.6989
Djibouti,DJI,1962,2.7209
Djibouti,DJI,1963,2.7455
Djibouti,DJI,1964,2.7748
Djibouti,DJI,1965,2.7994
Djibouti,DJI,1966,2.8347
Djibouti,DJI,1967,2.8636
Djibouti,DJI,1968,2.8941
Djibouti,DJI,1969,2.9024
Djibouti,DJI,1970,2.9267
Djibouti,DJI,1971,2.8906
Djibouti,DJI,1972,2.9379
Djibouti,DJI,1973,2.9332
Djibouti,DJI,1974,2.9078
Djibouti,DJI,1975,2.8745
Djibouti,DJI,1976,2.8464
Djibouti,DJI,1977,2.8262
Djibouti,DJI,1978,2.8161
Djibouti,DJI,1979,2.8154
Djibouti,DJI,1980,2.8197
Djibouti,DJI,1981,2.8142
Djibouti,DJI,1982,2.8184
Djibouti,DJI,1983,2.8118
Djibouti,DJI,1984,2.7896
Djibouti,DJI,1985,2.758
Djibouti,DJI,1986,2.7375
Djibouti,DJI,1987,2.7194
Djibouti,DJI,1988,2.705
Djibouti,DJI,1989,2.6465
Djibouti,DJI,1990,2.6011
Djibouti,DJI,1991,2.6229
Djibouti,DJI,1992,2.7111
Djibouti,DJI,1993,2.5732
Djibouti,DJI,1994,2.5513
Djibouti,DJI,1995,2.4723
Djibouti,DJI,1996,2.3765
Djibouti,DJI,1997,2.2707
Djibouti,DJI,1998,2.2656
Djibouti,DJI,1999,2.2771
Djibouti,DJI,2000,2.2767
Djibouti,DJI,2001,2.296
Djibouti,DJI,2002,2.2835
Djibouti,DJI,2003,2.2545
Djibouti,DJI,2004,2.1493
Djibouti,DJI,2005,2.0688
Djibouti,DJI,2006,1.975
Djibouti,DJI,2007,1.9036
Djibouti,DJI,2008,1.8321
Djibouti,DJI,2009,1.7908
Djibouti,DJI,2010,1.7441
Djibouti,DJI,2011,1.7045
Djibouti,DJI,2012,1.6577
Djibouti,DJI,2013,1.6233
Djibouti,DJI,2014,1.5814
Djibouti,DJI,2015,1.5405
Djibouti,DJI,2016,1.5054
Djibouti,DJI,2017,1.4782
Djibouti,DJI,2018,1.4483
Djibouti,DJI,2019,1.4116
Djibouti,DJI,2020,1.3545
Djibouti,DJI,2021,1.2981
Djibouti,DJI,2022,1.3488
Djibouti,DJI,2023,1.3313
Dominica,DMA,1950,1.1895
Dominica,DMA,1951,1.464
Dominica,DMA,1952,1.7155
Dominica,DMA,1953,1.9568
Dominica,DMA,1954,2.1776
Dominica,DMA,1955,2.3926
Dominica,DMA,1956,2.5762
Dominica,DMA,1957,2.7208
Dominica,DMA,1958,2.8128
Dominica,DMA,1959,2.8617
Dominica,DMA,1960,2.8957
Dominica,DMA,1961,2.9263
Dominica,DMA,1962,2.9304
Dominica,DMA,1963,2.9088
Dominica,DMA,1964,2.8635
Dominica,DMA,1965,2.7994
Dominica,DMA,1966,2.7171
Dominica,DMA,1967,2.616
Dominica,DMA,1968,2.5071
Dominica,DMA,1969,2.3967
Dominica,DMA,1970,2.2846
Dominica,DMA,1971,2.2264
Dominica,DMA,1972,2.1361
Dominica,DMA,1973,1.9826
Dominica,DMA,1974,1.7813
Dominica,DMA,1975,1.5958
Dominica,DMA,1976,1.4585
Dominica,DMA,1977,1.3761
Dominica,DMA,1978,1.3633
Dominica,DMA,1979,1.3454
Dominica,DMA,1980,1.4913
Dominica,DMA,1981,1.6026
Dominica,DMA,1982,1.7192
Dominica,DMA,1983,1.7984
Dominica,DMA,1984,1.8159
Dominica,DMA,1985,1.8149
Dominica,DMA,1986,1.7994
Dominica,DMA,1987,1.769
Dominica,DMA,1988,1.7307
Dominica,DMA,1989,1.6795
Dominica,DMA,1990,1.6349
Dominica,DMA,1991,1.5912
Dominica,DMA,1992,1.6023
Dominica,DMA,1993,1.6282
Dominica,DMA,1994,1.4421
Dominica,DMA,1995,1.2281
Dominica,DMA,1996,1.0851
Dominica,DMA,1997,0.9542
Dominica,DMA,1998,0.8601
Dominica,DMA,1999,0.9395
Dominica,DMA,2000,0.8194
Dominica,DMA,2001,0.8141
Dominica,DMA,2002,0.6273
Dominica,DMA,2003,0.5649
Dominica,DMA,2004,0.5236
Dominica,DMA,2005,0.4931
Dominica,DMA,2006,0.5294
Dominica,DMA,2007,0.4634
Dominica,DMA,2008,0.3951
Dominica,DMA,2009,0.3188
Dominica,DMA,2010,0.2476
Dominica,DMA,2011,0.1756
Dominica,DMA,2012,0.2423
Dominica,DMA,2013,0.1576
Dominica,DMA,2014,0.3657
Dominica,DMA,2015,0.2233
Dominica,DMA,2016,0.2548
Dominica,DMA,2017,-0.1813
Dominica,DMA,2018,-0.0881
Dominica,DMA,2019,-0.1099
Dominica,DMA,2020,-0.1302
Dominica,DMA,2021,-0.3059
Dominica,DMA,2022,-0.1762
Dominica,DMA,2023,-0.1673
Dominican Republic,DOM,1950,3.1274
Dominican Republic,DOM,1951,3.2176
Dominican Republic,DOM,1952,3.3155
Dominican Republic,DOM,1953,3.3998
Dominican Republic,DOM,1954,3.4694
Dominican Republic,DOM,1955,3.5275
Dominican Republic,DOM,1956,3.5689
Dominican Republic,DOM,1957,3.5944
Dominican Republic,DOM,1958,3.6044
Dominican Republic,DOM,1959,3.6038
Dominican Republic,DOM,1960,3.5904
Dominican Republic,DOM,1961,3.5668
Dominican Republic,DOM,1962,3.5339
Dominican Republic,DOM,1963,3.4834
Dominican Republic,DOM,1964,3.4474
Dominican Republic,DOM,1965,3.2908
Dominican Republic,DOM,1966,3.3682
Dominican Republic,DOM,1967,3.2952
Dominican Republic,DOM,1968,3.2153
Dominican Republic,DOM,1969,3.1668
Dominican Republic,DOM,1970,3.1331
Dominican Republic,DOM,1971,3.1049
Dominican Republic,DOM,1972,3.0795
Dominican Republic,DOM,1973,3.0589
Dominican Republic,DOM,1974,3.0046
Dominican Republic,DOM,1975,2.9591
Dominican Republic,DOM,1976,2.9187
Dominican Republic,DOM,1977,2.8751
Dominican Republic,DOM,1978,2.8255
Dominican Republic,DOM,1979,2.769
Dominican Republic,DOM,1980,2.7526
Dominican Republic,DOM,1981,2.6995
Dominican Republic,DOM,1982,2.6568
Dominican Republic,DOM,1983,2.6538
Dominican Republic,DOM,1984,2.6119
Dominican Republic,DOM,1985,2.5518
Dominican Republic,DOM,1986,2.5212
Dominican Republic,DOM,1987,2.4961
Dominican Republic,DOM,1988,2.4985
Dominican Republic,DOM,1989,2.5044
Dominican Republic,DOM,1990,2.4716
Dominican Republic,DOM,1991,2.4298
Dominican Republic,DOM,1992,2.3831
Dominican Republic,DOM,1993,2.3397
Dominican Republic,DOM,1994,2.2848
Dominican Republic,DOM,1995,2.2241
Dominican Republic,DOM,1996,2.1662
Dominican Republic,DOM,1997,2.0604
Dominican Republic,DOM,1998,1.9769
Dominican Republic,DOM,1999,1.986
Dominican Republic,DOM,2000,2
Dominican Republic,DOM,2001,1.9517
Dominican Republic,DOM,2002,1.8836
Dominican Republic,DOM,2003,1.818
Dominican Republic,DOM,2004,1.744
Dominican Republic,DOM,2005,1.6846
Dominican Republic,DOM,2006,1.6178
Dominican Republic,DOM,2007,1.6082
Dominican Republic,DOM,2008,1.6365
Dominican Republic,DOM,2009,1.6595
Dominican Republic,DOM,2010,1.6504
Dominican Republic,DOM,2011,1.6298
Dominican Republic,DOM,2012,1.5979
Dominican Republic,DOM,2013,1.563
Dominican Republic,DOM,2014,1.5245
Dominican Republic,DOM,2015,1.4783
Dominican Republic,DOM,2016,1.4363
Dominican Republic,DOM,2017,1.4209
Dominican Republic,DOM,2018,1.3991
Dominican Republic,DOM,2019,1.3298
Dominican Republic,DOM,2020,1.2483
Dominican Republic,DOM,2021,1.1585
Dominican Republic,DOM,2022,1.2356
Dominican Republic,DOM,2023,1.1681
East Timor,TLS,1950,0.737
East Timor,TLS,1951,0.9409
East Timor,TLS,1952,1.039
East Timor,TLS,1953,1.1135
East Timor,TLS,1954,1.1764
East Timor,TLS,1955,1.2339
East Timor,TLS,1956,1.2888
East Timor,TLS,1957,1.343
East Timor,TLS,1958,1.3976
East Timor,TLS,1959,1.4495
East Timor,TLS,1960,1.4979
East Timor,TLS,1961,1.5422
East Timor,TLS,1962,1.5823
East Timor,TLS,1963,1.6182
East Timor,TLS,1964,1.6515
East Timor,TLS,1965,1.6816
East Timor,TLS,1966,1.7085
East Timor,TLS,1967,1.7324
East Timor,TLS,1968,1.7523
East Timor,TLS,1969,1.7689
East Timor,TLS,1970,1.7763
East Timor,TLS,1971,1.77
East Timor,TLS,1972,1.7504
East Timor,TLS,1973,1.7214
East Timor,TLS,1974,1.4225
East Timor,TLS,1975,-0.1776
East Timor,TLS,1976,0.1288
East Timor,TLS,1977,0.048
East Timor,TLS,1978,-0.1591
East Timor,TLS,1979,0.1545
East Timor,TLS,1980,1.0679
East Timor,TLS,1981,1.4134
East Timor,TLS,1982,1.4315
East Timor,TLS,1983,1.4292
East Timor,TLS,1984,1.5904
East Timor,TLS,1985,1.5484
East Timor,TLS,1986,1.5642
East Timor,TLS,1987,1.6625
East Timor,TLS,1988,1.6584
East Timor,TLS,1989,2.3841
East Timor,TLS,1990,2.4124
East Timor,TLS,1991,2.3905
East Timor,TLS,1992,2.4872
East Timor,TLS,1993,2.5286
East Timor,TLS,1994,2.5751
East Timor,TLS,1995,2.5297
East Timor,TLS,1996,2.5444
East Timor,TLS,1997,2.5623
East Timor,TLS,1998,2.5029
East Timor,TLS,1999,2.6202
East Timor,TLS,2000,2.8962
East Timor,TLS,2001,2.8703
East Timor,TLS,2002,2.8902
East Timor,TLS,2003,2.9338
East Timor,TLS,2004,2.8793
East Timor,TLS,2005,2.7852
East Timor,TLS,2006,2.6849
East Timor,TLS,2007,2.5947
East Timor,TLS,2008,2.5075
East Timor,TLS,2009,2.427
East Timor,TLS,2010,2.3523
East Timor,TLS,2011,2.2731
East Timor,TLS,2012,2.1932
East Timor,TLS,2013,2.1177
East Timor,TLS,2014,2.034
East Timor,TLS,2015,1.941
East Timor,TLS,2016,1.8544
East Timor,TLS,2017,1.7692
East Timor,TLS,2018,1.6968
East Timor,TLS,2019,1.6378
East Timor,TLS,2020,1.5962
East Timor,TLS,2021,1.4888
East Timor,TLS,2022,1.5062
East Timor,TLS,2023,1.4806
Ecuador,ECU,1950,2.5243
Ecuador,ECU,1951,2.5711
Ecuador,ECU,1952,2.606
Ecuador,ECU,1953,2.6333
Ecuador,ECU,1954,2.6608
Ecuador,ECU,1955,2.6864
Ecuador,ECU,1956,2.713
Ecuador,ECU,1957,2.7432
Ecuador,ECU,1958,2.7745
Ecuador,ECU,1959,2.8075
Ecuador,ECU,1960,2.8397
Ecuador,ECU,1961,2.8709
Ecuador,ECU,1962,2.9005
Ecuador,ECU,1963,2.9296
Ecuador,ECU,1964,2.9566
Ecuador,ECU,1965,2.9773
Ecuador,ECU,1966,2.9891
Ecuador,ECU,1967,2.9957
Ecuador,ECU,1968,2.9972
Ecuador,ECU,1969,2.9857
Ecuador,ECU,1970,2.9814
Ecuador,ECU,1971,2.9652
Ecuador,ECU,1972,2.9428
Ecuador,ECU,1973,2.9162
Ecuador,ECU,1974,2.8803
Ecuador,ECU,1975,2.8435
Ecuador,ECU,1976,2.8052
Ecuador,ECU,1977,2.778
Ecuador,ECU,1978,2.7468
Ecuador,ECU,1979,2.7194
Ecuador,ECU,1980,2.6956
Ecuador,ECU,1981,2.6717
Ecuador,ECU,1982,2.6431
Ecuador,ECU,1983,2.6168
Ecuador,ECU,1984,2.6066
Ecuador,ECU,1985,2.5393
Ecuador,ECU,1986,2.4836
Ecuador,ECU,1987,2.4309
Ecuador,ECU,1988,2.4093
Ecuador,ECU,1989,2.4227
Ecuador,ECU,1990,2.4148
Ecuador,ECU,1991,2.408
Ecuador,ECU,1992,2.3768
Ecuador,ECU,1993,2.3339
Ecuador,ECU,1994,2.302
Ecuador,ECU,1995,2.2816
Ecuador,ECU,1996,2.2665
Ecuador,ECU,1997,2.2111
Ecuador,ECU,1998,2.1543
Ecuador,ECU,1999,2.0981
Ecuador,ECU,2000,2.0477
Ecuador,ECU,2001,2.009
Ecuador,ECU,2002,1.9747
Ecuador,ECU,2003,1.9363
Ecuador,ECU,2004,1.8917
Ecuador,ECU,2005,1.8438
Ecuador,ECU,2006,1.8045
Ecuador,ECU,2007,1.7686
Ecuador,ECU,2008,1.7694
Ecuador,ECU,2009,1.7597
Ecuador,ECU,2010,1.7073
Ecuador,ECU,2011,1.6845
Ecuador,ECU,2012,1.6043
Ecuador,ECU,2013,1.481
Ecuador,ECU,2014,1.4081
Ecuador,ECU,2015,1.3488
Ecuador,ECU,2016,1.2617
Ecuador,ECU,2017,1.2611
Ecuador,ECU,2018,1.2875
Ecuador,ECU,2019,1.2171
Ecuador,ECU,2020,0.8917
Ecuador,ECU,2021,0.8774
Ecuador,ECU,2022,1.006
Ecuador,ECU,2023,0.9905
Egypt,EGY,1950,2.2087
Egypt,EGY,1951,2.3458
Egypt,EGY,1952,2.4466
Egypt,EGY,1953,2.5271
Egypt,EGY,1954,2.566
Egypt,EGY,1955,2.5824
Egypt,EGY,1956,2.5746
Egypt,EGY,1957,2.5761
Egypt,EGY,1958,2.5589
Egypt,EGY,1959,2.5502
Egypt,EGY,1960,2.5483
Egypt,EGY,1961,2.5478
Egypt,EGY,1962,2.5413
Egypt,EGY,1963,2.5395
Egypt,EGY,1964,2.5105
Egypt,EGY,1965,2.4574
Egypt,EGY,1966,2.4657
Egypt,EGY,1967,2.4503
Egypt,EGY,1968,2.4531
Egypt,EGY,1969,2.4387
Egypt,EGY,1970,2.4317
Egypt,EGY,1971,2.4507
Egypt,EGY,1972,2.4638
Egypt,EGY,1973,2.4394
Egypt,EGY,1974,2.4916
Egypt,EGY,1975,2.541
Egypt,EGY,1976,2.5896
Egypt,EGY,1977,2.6143
Egypt,EGY,1978,2.6512
Egypt,EGY,1979,2.6756
Egypt,EGY,1980,2.6892
Egypt,EGY,1981,2.6731
Egypt,EGY,1982,2.712
Egypt,EGY,1983,2.7591
Egypt,EGY,1984,2.7439
Egypt,EGY,1985,2.7372
Egypt,EGY,1986,2.7013
Egypt,EGY,1987,2.6755
Egypt,EGY,1988,2.6557
Egypt,EGY,1989,2.5772
Egypt,EGY,1990,2.4843
Egypt,EGY,1991,2.4004
Egypt,EGY,1992,2.3119
Egypt,EGY,1993,2.2401
Egypt,EGY,1994,2.1822
Egypt,EGY,1995,2.143
Egypt,EGY,1996,2.1292
Egypt,EGY,1997,2.1483
Egypt,EGY,1998,2.1728
Egypt,EGY,1999,2.1458
Egypt,EGY,2000,2.1073
Egypt,EGY,2001,2.1017
Egypt,EGY,2002,2.0901
Egypt,EGY,2003,2.0735
Egypt,EGY,2004,2.0468
Egypt,EGY,2005,2.0476
Egypt,EGY,2006,2.0476
Egypt,EGY,2007,2.0757
Egypt,EGY,2008,2.0881
Egypt,EGY,2009,2.1121
Egypt,EGY,2010,2.1415
Egypt,EGY,2011,2.1427
Egypt,EGY,2012,2.2118
Egypt,EGY,2013,2.2625
Egypt,EGY,2014,2.2514
Egypt,EGY,2015,2.2366
Egypt,EGY,2016,2.0972
Egypt,EGY,2017,2.0472
Egypt,EGY,2018,1.8059
Egypt,EGY,2019,1.679
Egypt,EGY,2020,1.5597
Egypt,EGY,2021,1.4118
Egypt,EGY,2022,1.5416
Egypt,EGY,2023,1.5543
El Salvador,SLV,1950,2.5899
El Salvador,SLV,1951,2.5605
El Salvador,SLV,1952,2.6497
El Salvador,SLV,1953,2.6789
El Salvador,SLV,1954,2.7273
El Salvador,SLV,1955,2.7756
El Salvador,SLV,1956,2.8159
El Salvador,SLV,1957,2.8621
El Salvador,SLV,1958,2.8985
El Salvador,SLV,1959,2.9036
El Salvador,SLV,1960,2.9212
El Salvador,SLV,1961,2.9482
El Salvador,SLV,1962,2.9919
El Salvador,SLV,1963,2.9978
El Salvador,SLV,1964,2.9991
El Salvador,SLV,1965,2.9799
El Salvador,SLV,1966,2.9522
El Salvador,SLV,1967,2.9075
El Salvador,SLV,1968,2.8399
El Salvador,SLV,1969,2.7918
El Salvador,SLV,1970,2.7393
El Salvador,SLV,1971,2.7868
El Salvador,SLV,1972,2.7972
El Salvador,SLV,1973,2.8325
El Salvador,SLV,1974,2.8252
El Salvador,SLV,1975,2.8331
El Salvador,SLV,1976,2.8623
El Salvador,SLV,1977,2.8235
El Salvador,SLV,1978,2.8326
El Salvador,SLV,1979,2.764
El Salvador,SLV,1980,2.4617
El Salvador,SLV,1981,2.5674
El Salvador,SLV,1982,2.6163
El Salvador,SLV,1983,2.5853
El Salvador,SLV,1984,2.606
El Salvador,SLV,1985,2.5997
El Salvador,SLV,1986,2.6073
El Salvador,SLV,1987,2.6248
El Salvador,SLV,1988,2.6219
El Salvador,SLV,1989,2.6249
El Salvador,SLV,1990,2.5985
El Salvador,SLV,1991,2.5603
El Salvador,SLV,1992,2.4925
El Salvador,SLV,1993,2.4458
El Salvador,SLV,1994,2.4146
El Salvador,SLV,1995,2.3996
El Salvador,SLV,1996,2.3587
El Salvador,SLV,1997,2.3004
El Salvador,SLV,1998,2.2797
El Salvador,SLV,1999,2.1804
El Salvador,SLV,2000,2.058
El Salvador,SLV,2001,1.9154
El Salvador,SLV,2002,1.7729
El Salvador,SLV,2003,1.6312
El Salvador,SLV,2004,1.5139
El Salvador,SLV,2005,1.4134
El Salvador,SLV,2006,1.3476
El Salvador,SLV,2007,1.2775
El Salvador,SLV,2008,1.2457
El Salvador,SLV,2009,1.2385
El Salvador,SLV,2010,1.2474
El Salvador,SLV,2011,1.2509
El Salvador,SLV,2012,1.2348
El Salvador,SLV,2013,1.2033
El Salvador,SLV,2014,1.1777
El Salvador,SLV,2015,1.1201
El Salvador,SLV,2016,1.0281
El Salvador,SLV,2017,0.9628
El Salvador,SLV,2018,0.9246
El Salvador,SLV,2019,0.9131
El Salvador,SLV,2020,0.7738
El Salvador,SLV,2021,0.7438
El Salvador,SLV,2022,0.8461
El Salvador,SLV,2023,0.8239
Equatorial Guinea,GNQ,1950,1.7858
Equatorial Guinea,GNQ,1951,1.7583
Equatorial Guinea,GNQ,1952,1.743
Equatorial Guinea,GNQ,1953,1.7351
Equatorial Guinea,GNQ,1954,1.731
Equatorial Guinea,GNQ,1955,1.7295
Equatorial Guinea,GNQ,1956,1.7295
Equatorial Guinea,GNQ,1957,1.7313
Equatorial Guinea,GNQ,1958,1.7351
Equatorial Guinea,GNQ,1959,1.7415
Equatorial Guinea,GNQ,1960,1.7518
Equatorial Guinea,GNQ,1961,1.7672
Equatorial Guinea,GNQ,1962,1.7884
Equatorial Guinea,GNQ,1963,1.8154
Equatorial Guinea,GNQ,1964,1.8474
Equatorial Guinea,GNQ,1965,1.884
Equatorial Guinea,GNQ,1966,1.9247
Equatorial Guinea,GNQ,1967,1.9675
Equatorial Guinea,GNQ,1968,2.0125
Equatorial Guinea,GNQ,1969,0.804
Equatorial Guinea,GNQ,1970,0.8464
Equatorial Guinea,GNQ,1971,1.5263
Equatorial Guinea,GNQ,1972,2.1234
Equatorial Guinea,GNQ,1973,2.1529
Equatorial Guinea,GNQ,1974,1.9316
Equatorial Guinea,GNQ,1975,1.5907
Equatorial Guinea,GNQ,1976,0.8721
Equatorial Guinea,GNQ,1977,2.0054
Equatorial Guinea,GNQ,1978,2.0376
Equatorial Guinea,GNQ,1979,2.0677
Equatorial Guinea,GNQ,1980,2.4744
Equatorial Guinea,GNQ,1981,2.4971
Equatorial Guinea,GNQ,1982,2.539
Equatorial Guinea,GNQ,1983,2.5876
Equatorial Guinea,GNQ,1984,2.7615
Equatorial Guinea,GNQ,1985,2.8995
Equatorial Guinea,GNQ,1986,2.98
Equatorial Guinea,GNQ,1987,3.0122
Equatorial Guinea,GNQ,1988,3.0174
Equatorial Guinea,GNQ,1989,3.0044
Equatorial Guinea,GNQ,1990,2.9851
Equatorial Guinea,GNQ,1991,2.9624
Equatorial Guinea,GNQ,1992,2.9386
Equatorial Guinea,GNQ,1993,2.9165
Equatorial Guinea,GNQ,1994,2.8968
Equatorial Guinea,GNQ,1995,2.8613
Equatorial Guinea,GNQ,1996,2.8311
Equatorial Guinea,GNQ,1997,2.8052
Equatorial Guinea,GNQ,1998,2.7833
Equatorial Guinea,GNQ,1999,2.7675
Equatorial Guinea,GNQ,2000,2.7203
Equatorial Guinea,GNQ,2001,2.7175
Equatorial Guinea,GNQ,2002,2.7249
Equatorial Guinea,GNQ,2003,2.7326
Equatorial Guinea,GNQ,2004,2.7409
Equatorial Guinea,GNQ,2005,2.7567
Equatorial Guinea,GNQ,2006,2.7672
Equatorial Guinea,GNQ,2007,2.7675
Equatorial Guinea,GNQ,2008,2.7607
Equatorial Guinea,GNQ,2009,2.7459
Equatorial Guinea,GNQ,2010,2.7221
Equatorial Guinea,GNQ,2011,2.6978
Equatorial Guinea,GNQ,2012,2.6554
Equatorial Guinea,GNQ,2013,2.6116
Equatorial Guinea,GNQ,2014,2.5638
Equatorial Guinea,GNQ,2015,2.5134
Equatorial Guinea,GNQ,2016,2.4652
Equatorial Guinea,GNQ,2017,2.4155
Equatorial Guinea,GNQ,2018,2.3714
Equatorial Guinea,GNQ,2019,2.3287
Equatorial Guinea,GNQ,2020,2.2718
Equatorial Guinea,GNQ,2021,2.2265
Equatorial Guinea,GNQ,2022,2.2108
Equatorial Guinea,GNQ,2023,2.1726
Eritrea,ERI,1950,1.3987
Eritrea,ERI,1951,1.5275
Eritrea,ERI,1952,1.6298
Eritrea,ERI,1953,1.716
Eritrea,ERI,1954,1.783
Eritrea,ERI,1955,1.8414
Eritrea,ERI,1956,1.9079
Eritrea,ERI,1957,1.3688
Eritrea,ERI,1958,1.482
Eritrea,ERI,1959,2.1745
Eritrea,ERI,1960,2.2029
Eritrea,ERI,1961,2.245
Eritrea,ERI,1962,2.3023
Eritrea,ERI,1963,2.334
Eritrea,ERI,1964,2.3641
Eritrea,ERI,1965,2.3932
Eritrea,ERI,1966,2.1968
Eritrea,ERI,1967,2.4291
Eritrea,ERI,1968,2.4352
Eritrea,ERI,1969,2.4369
Eritrea,ERI,1970,2.4678
Eritrea,ERI,1971,2.4676
Eritrea,ERI,1972,2.364
Eritrea,ERI,1973,2.381
Eritrea,ERI,1974,2.1888
Eritrea,ERI,1975,2.1993
Eritrea,ERI,1976,2.5107
Eritrea,ERI,1977,2.5156
Eritrea,ERI,1978,2.5193
Eritrea,ERI,1979,2.5316
Eritrea,ERI,1980,2.5777
Eritrea,ERI,1981,2.6016
Eritrea,ERI,1982,2.6038
Eritrea,ERI,1983,1.9249
Eritrea,ERI,1984,1.9812
Eritrea,ERI,1985,2.0667
Eritrea,ERI,1986,2.1391
Eritrea,ERI,1987,2.7654
Eritrea,ERI,1988,2.7944
Eritrea,ERI,1989,2.7327
Eritrea,ERI,1990,2.7993
Eritrea,ERI,1991,3.008
Eritrea,ERI,1992,2.8599
Eritrea,ERI,1993,2.7844
Eritrea,ERI,1994,2.941
Eritrea,ERI,1995,2.7728
Eritrea,ERI,1996,3.127
Eritrea,ERI,1997,2.9716
Eritrea,ERI,1998,2.5377
Eritrea,ERI,1999,2.0391
Eritrea,ERI,2000,2.6824
Eritrea,ERI,2001,2.6461
Eritrea,ERI,2002,2.7345
Eritrea,ERI,2003,2.6581
Eritrea,ERI,2004,2.7767
Eritrea,ERI,2005,2.7405
Eritrea,ERI,2006,2.7546
Eritrea,ERI,2007,2.6648
Eritrea,ERI,2008,2.6059
Eritrea,ERI,2009,2.6388
Eritrea,ERI,2010,2.5838
Eritrea,ERI,2011,2.5615
Eritrea,ERI,2012,2.5162
Eritrea,ERI,2013,2.4578
Eritrea,ERI,2014,2.4467
Eritrea,ERI,2015,2.3726
Eritrea,ERI,2016,2.3363
Eritrea,ERI,2017,2.2947
Eritrea,ERI,2018,2.2711
Eritrea,ERI,2019,2.2706
Eritrea,ERI,2020,2.229
Eritrea,ERI,2021,2.2206
Eritrea,ERI,2022,2.2356
Eritrea,ERI,2023,2.2497
Estonia,EST,1950,0.5891
Estonia,EST,1951,0.6338
Estonia,EST,1952,0.6674
Estonia,EST,1953,0.5983
Estonia,EST,1954,0.6538
Estonia,EST,1955,0.6433
Estonia,EST,1956,0.5588
Estonia,EST,1957,0.5419
Estonia,EST,1958,0.5446
Estonia,EST,1959,0.5221
Estonia,EST,1960,0.5701
Estonia,EST,1961,0.544
Estonia,EST,1962,0.477
Estonia,EST,1963,0.4466
Estonia,EST,1964,0.4995
Estonia,EST,1965,0.384
Estonia,EST,1966,0.3401
Estonia,EST,1967,0.354
Estonia,EST,1968,0.3977
Estonia,EST,1969,0.4027
Estonia,EST,1970,0.4469
Estonia,EST,1971,0.4856
Estonia,EST,1972,0.4253
Estonia,EST,1973,0.3881
Estonia,EST,1974,0.4177
Estonia,EST,1975,0.3294
Estonia,EST,1976,0.3044
Estonia,EST,1977,0.3376
Estonia,EST,1978,0.2752
Estonia,EST,1979,0.2613
Estonia,EST,1980,0.2648
Estonia,EST,1981,0.2974
Estonia,EST,1982,0.3408
Estonia,EST,1983,0.3834
Estonia,EST,1984,0.3295
Estonia,EST,1985,0.2776
Estonia,EST,1986,0.3924
Estonia,EST,1987,0.4293
Estonia,EST,1988,0.4101
Estonia,EST,1989,0.3639
Estonia,EST,1990,0.1757
Estonia,EST,1991,-0.0148
Estonia,EST,1992,-0.1305
Estonia,EST,1993,-0.3879
Estonia,EST,1994,-0.5381
Estonia,EST,1995,-0.5016
Estonia,EST,1996,-0.4019
Estonia,EST,1997,-0.4182
Estonia,EST,1998,-0.5161
Estonia,EST,1999,-0.4342
Estonia,EST,2000,-0.3866
Estonia,EST,2001,-0.4238
Estonia,EST,2002,-0.3926
Estonia,EST,2003,-0.3764
Estonia,EST,2004,-0.2795
Estonia,EST,2005,-0.2182
Estonia,EST,2006,-0.1792
Estonia,EST,2007,-0.1232
Estonia,EST,2008,-0.0479
Estonia,EST,2009,-0.0244
Estonia,EST,2010,0.0029
Estonia,EST,2011,-0.0378
Estonia,EST,2012,-0.1029
Estonia,EST,2013,-0.1264
Estonia,EST,2014,-0.1451
Estonia,EST,2015,-0.1091
Estonia,EST,2016,-0.1038
Estonia,EST,2017,-0.1337
Estonia,EST,2018,-0.1095
Estonia,EST,2019,-0.0992
Estonia,EST,2020,-0.1554
Estonia,EST,2021,-0.3386
Estonia,EST,2022,-0.415
Estonia,EST,2023,-0.4138
Eswatini,SWZ,1950,2.9225
Eswatini,SWZ,1951,2.8888
Eswatini,SWZ,1952,2.8594
Eswatini,SWZ,1953,2.8408
Eswatini,SWZ,1954,2.8317
Eswatini,SWZ,1955,2.8259
Eswatini,SWZ,1956,2.8255
Eswatini,SWZ,1957,2.8327
Eswatini,SWZ,1958,2.8449
Eswatini,SWZ,1959,2.8623
Eswatini,SWZ,1960,2.8803
Eswatini,SWZ,1961,2.9047
Eswatini,SWZ,1962,2.9336
Eswatini,SWZ,1963,2.9559
Eswatini,SWZ,1964,2.9754
Eswatini,SWZ,1965,3.0177
Eswatini,SWZ,1966,3.08
Eswatini,SWZ,1967,3.1228
Eswatini,SWZ,1968,3.2086
Eswatini,SWZ,1969,3.2949
Eswatini,SWZ,1970,3.371
Eswatini,SWZ,1971,3.4455
Eswatini,SWZ,1972,3.5108
Eswatini,SWZ,1973,3.579
Eswatini,SWZ,1974,3.6454
Eswatini,SWZ,1975,3.7128
Eswatini,SWZ,1976,3.771
Eswatini,SWZ,1977,3.8141
Eswatini,SWZ,1978,3.844
Eswatini,SWZ,1979,3.8633
Eswatini,SWZ,1980,3.8805
Eswatini,SWZ,1981,3.8867
Eswatini,SWZ,1982,3.8801
Eswatini,SWZ,1983,3.7761
Eswatini,SWZ,1984,3.8411
Eswatini,SWZ,1985,3.7999
Eswatini,SWZ,1986,3.6878
Eswatini,SWZ,1987,3.5723
Eswatini,SWZ,1988,3.4254
Eswatini,SWZ,1989,3.3727
Eswatini,SWZ,1990,3.2494
Eswatini,SWZ,1991,3.1378
Eswatini,SWZ,1992,3.0152
Eswatini,SWZ,1993,2.8874
Eswatini,SWZ,1994,2.7494
Eswatini,SWZ,1995,2.373
Eswatini,SWZ,1996,2.2082
Eswatini,SWZ,1997,2.055
Eswatini,SWZ,1998,1.9382
Eswatini,SWZ,1999,1.884
Eswatini,SWZ,2000,1.8081
Eswatini,SWZ,2001,1.6958
Eswatini,SWZ,2002,1.5975
Eswatini,SWZ,2003,1.5371
Eswatini,SWZ,2004,1.489
Eswatini,SWZ,2005,1.4778
Eswatini,SWZ,2006,1.4877
Eswatini,SWZ,2007,1.5215
Eswatini,SWZ,2008,1.5732
Eswatini,SWZ,2009,1.5976
Eswatini,SWZ,2010,1.5879
Eswatini,SWZ,2011,1.5785
Eswatini,SWZ,2012,1.6291
Eswatini,SWZ,2013,1.6729
Eswatini,SWZ,2014,1.6815
Eswatini,SWZ,2015,1.6821
Eswatini,SWZ,2016,1.6732
Eswatini,SWZ,2017,1.6645
Eswatini,SWZ,2018,1.659
Eswatini,SWZ,2019,1.6517
Eswatini,SWZ,2020,1.5845
Eswatini,SWZ,2021,1.435
Eswatini,SWZ,2022,1.6511
Eswatini,SWZ,2023,1.6373
Ethiopia,ETH,1950,1.7089
Ethiopia,ETH,1951,1.8106
Ethiopia,ETH,1952,1.8873
Ethiopia,ETH,1953,1.9547
Ethiopia,ETH,1954,2.0147
Ethiopia,ETH,1955,2.0605
Ethiopia,ETH,1956,2.1146
Ethiopia,ETH,1957,1.5548
Ethiopia,ETH,1958,1.655
Ethiopia,ETH,1959,2.3442
Ethiopia,ETH,1960,2.3937
Ethiopia,ETH,1961,2.4583
Ethiopia,ETH,1962,2.509
Ethiopia,ETH,1963,2.5638
Ethiopia,ETH,1964,2.6141
Ethiopia,ETH,1965,2.6423
Ethiopia,ETH,1966,2.4698
Ethiopia,ETH,1967,2.7138
Ethiopia,ETH,1968,2.717
Ethiopia,ETH,1969,2.7202
Ethiopia,ETH,1970,2.7339
Ethiopia,ETH,1971,2.7519
Ethiopia,ETH,1972,2.6547
Ethiopia,ETH,1973,2.6769
Ethiopia,ETH,1974,2.5109
Ethiopia,ETH,1975,2.5263
Ethiopia,ETH,1976,2.765
Ethiopia,ETH,1977,2.8021
Ethiopia,ETH,1978,2.7965
Ethiopia,ETH,1979,2.8833
Ethiopia,ETH,1980,2.9264
Ethiopia,ETH,1981,2.8859
Ethiopia,ETH,1982,2.945
Ethiopia,ETH,1983,2.2879
Ethiopia,ETH,1984,2.3768
Ethiopia,ETH,1985,2.5025
Ethiopia,ETH,1986,2.5593
Ethiopia,ETH,1987,3.1956
Ethiopia,ETH,1988,3.1559
Ethiopia,ETH,1989,3.1425
Ethiopia,ETH,1990,3.1079
Ethiopia,ETH,1991,3.1768
Ethiopia,ETH,1992,3.228
Ethiopia,ETH,1993,3.2301
Ethiopia,ETH,1994,3.2154
Ethiopia,ETH,1995,3.1824
Ethiopia,ETH,1996,3.1889
Ethiopia,ETH,1997,3.1677
Ethiopia,ETH,1998,3.1327
Ethiopia,ETH,1999,3.0761
Ethiopia,ETH,2000,3.0909
Ethiopia,ETH,2001,3.0765
Ethiopia,ETH,2002,3.0567
Ethiopia,ETH,2003,3.022
Ethiopia,ETH,2004,3.0193
Ethiopia,ETH,2005,3.003
Ethiopia,ETH,2006,2.9659
Ethiopia,ETH,2007,2.9322
Ethiopia,ETH,2008,2.8819
Ethiopia,ETH,2009,2.8033
Ethiopia,ETH,2010,2.7591
Ethiopia,ETH,2011,2.7137
Ethiopia,ETH,2012,2.6445
Ethiopia,ETH,2013,2.5864
Ethiopia,ETH,2014,2.5947
Ethiopia,ETH,2015,2.6125
Ethiopia,ETH,2016,2.633
Ethiopia,ETH,2017,2.6436
Ethiopia,ETH,2018,2.6763
Ethiopia,ETH,2019,2.7068
Ethiopia,ETH,2020,2.6907
Ethiopia,ETH,2021,2.6238
Ethiopia,ETH,2022,2.632
Ethiopia,ETH,2023,2.5943
Europe (UN),UN_EUR,1950,1.0397
Europe (UN),UN_EUR,1951,0.9844
Europe (UN),UN_EUR,1952,1.0272
Europe (UN),UN_EUR,1953,1.017
Europe (UN),UN_EUR,1954,1.0447
Europe (UN),UN_EUR,1955,1.0513
Europe (UN),UN_EUR,1956,1.0556
Europe (UN),UN_EUR,1957,1.0562
Europe (UN),UN_EUR,1958,1.0808
Europe (UN),UN_EUR,1959,1.0741
Europe (UN),UN_EUR,1960,1.0537
Europe (UN),UN_EUR,1961,1.0316
Europe (UN),UN_EUR,1962,0.9383
Europe (UN),UN_EUR,1963,0.9098
Europe (UN),UN_EUR,1964,0.8934
Europe (UN),UN_EUR,1965,0.8005
Europe (UN),UN_EUR,1966,0.767
Europe (UN),UN_EUR,1967,0.7487
Europe (UN),UN_EUR,1968,0.6753
Europe (UN),UN_EUR,1969,0.6236
Europe (UN),UN_EUR,1970,0.6091
Europe (UN),UN_EUR,1971,0.6086
Europe (UN),UN_EUR,1972,0.5797
Europe (UN),UN_EUR,1973,0.5332
Europe (UN),UN_EUR,1974,0.5422
Europe (UN),UN_EUR,1975,0.4922
Europe (UN),UN_EUR,1976,0.4738
Europe (UN),UN_EUR,1977,0.4637
Europe (UN),UN_EUR,1978,0.4347
Europe (UN),UN_EUR,1979,0.4215
Europe (UN),UN_EUR,1980,0.4083
Europe (UN),UN_EUR,1981,0.3871
Europe (UN),UN_EUR,1982,0.3998
Europe (UN),UN_EUR,1983,0.3815
Europe (UN),UN_EUR,1984,0.3652
Europe (UN),UN_EUR,1985,0.337
Europe (UN),UN_EUR,1986,0.3768
Europe (UN),UN_EUR,1987,0.3745
Europe (UN),UN_EUR,1988,0.34
Europe (UN),UN_EUR,1989,0.282
Europe (UN),UN_EUR,1990,0.2263
Europe (UN),UN_EUR,1991,0.1583
Europe (UN),UN_EUR,1992,0.0786
Europe (UN),UN_EUR,1993,-0.0455
Europe (UN),UN_EUR,1994,-0.0853
Europe (UN),UN_EUR,1995,-0.1212
Europe (UN),UN_EUR,1996,-0.111
Europe (UN),UN_EUR,1997,-0.1035
Europe (UN),UN_EUR,1998,-0.1115
Europe (UN),UN_EUR,1999,-0.1575
Europe (UN),UN_EUR,2000,-0.1502
Europe (UN),UN_EUR,2001,-0.157
Europe (UN),UN_EUR,2002,-0.1672
Europe (UN),UN_EUR,2003,-0.1654
Europe (UN),UN_EUR,2004,-0.113
Europe (UN),UN_EUR,2005,-0.1254
Europe (UN),UN_EUR,2006,-0.0732
Europe (UN),UN_EUR,2007,-0.0382
Europe (UN),UN_EUR,2008,0.0005
Europe (UN),UN_EUR,2009,0.0154
Europe (UN),UN_EUR,2010,0.0097
Europe (UN),UN_EUR,2011,0.0195
Europe (UN),UN_EUR,2012,0.0162
Europe (UN),UN_EUR,2013,0.002
Europe (UN),UN_EUR,2014,0.0114
Europe (UN),UN_EUR,2015,-0.0271
Europe (UN),UN_EUR,2016,-0.0136
Europe (UN),UN_EUR,2017,-0.0635
Europe (UN),UN_EUR,2018,-0.1075
Europe (UN),UN_EUR,2019,-0.1339
Europe (UN),UN_EUR,2020,-0.3017
Europe (UN),UN_EUR,2021,-0.3618
Europe (UN),UN_EUR,2022,-0.3067
Europe (UN),UN_EUR,2023,-0.2623
Falkland Islands,FLK,1950,0.0104
Falkland Islands,FLK,1951,0.0925
Falkland Islands,FLK,1952,0.104
Falkland Islands,FLK,1953,0.0951
Falkland Islands,FLK,1954,0.2101
Falkland Islands,FLK,1955,0.3191
Falkland Islands,FLK,1956,0.3821
Falkland Islands,FLK,1957,0.4376
Falkland Islands,FLK,1958,0.5052
Falkland Islands,FLK,1959,0.5922
Falkland Islands,FLK,1960,0.6794
Falkland Islands,FLK,1961,0.6399
Falkland Islands,FLK,1962,0.5744
Falkland Islands,FLK,1963,0.535
Falkland Islands,FLK,1964,0.5225
Falkland Islands,FLK,1965,0.5297
Falkland Islands,FLK,1966,0.5168
Falkland Islands,FLK,1967,0.5182
Falkland Islands,FLK,1968,0.5484
Falkland Islands,FLK,1969,0.5493
Falkland Islands,FLK,1970,0.5152
Falkland Islands,FLK,1971,0.4789
Falkland Islands,FLK,1972,0.441
Falkland Islands,FLK,1973,0.3959
Falkland Islands,FLK,1974,0.2929
Falkland Islands,FLK,1975,0.1882
Falkland Islands,FLK,1976,0.0902
Falkland Islands,FLK,1977,-0.0119
Falkland Islands,FLK,1978,-0.1287
Falkland Islands,FLK,1979,-0.2545
Falkland Islands,FLK,1980,-0.3822
Falkland Islands,FLK,1981,-0.5114
Falkland Islands,FLK,1982,-0.6093
Falkland Islands,FLK,1983,-0.6812
Falkland Islands,FLK,1984,-0.7291
Falkland Islands,FLK,1985,-0.7235
Falkland Islands,FLK,1986,-0.7028
Falkland Islands,FLK,1987,-0.6668
Falkland Islands,FLK,1988,-0.6261
Falkland Islands,FLK,1989,-0.5857
Falkland Islands,FLK,1990,-0.5012
Falkland Islands,FLK,1991,-0.409
Falkland Islands,FLK,1992,-0.3014
Falkland Islands,FLK,1993,-0.2006
Falkland Islands,FLK,1994,-0.1111
Falkland Islands,FLK,1995,0.0104
Falkland Islands,FLK,1996,0.1257
Falkland Islands,FLK,1997,0.2125
Falkland Islands,FLK,1998,0.281
Falkland Islands,FLK,1999,0.3493
Falkland Islands,FLK,2000,0.4354
Falkland Islands,FLK,2001,0.502
Falkland Islands,FLK,2002,0.5385
Falkland Islands,FLK,2003,0.5528
Falkland Islands,FLK,2004,0.557
Falkland Islands,FLK,2005,0.5681
Falkland Islands,FLK,2006,0.5796
Falkland Islands,FLK,2007,0.585
Falkland Islands,FLK,2008,0.5669
Falkland Islands,FLK,2009,0.5513
Falkland Islands,FLK,2010,0.5348
Falkland Islands,FLK,2011,0.529
Falkland Islands,FLK,2012,0.5205
Falkland Islands,FLK,2013,0.5244
Falkland Islands,FLK,2014,0.532
Falkland Islands,FLK,2015,0.5357
Falkland Islands,FLK,2016,0.5354
Falkland Islands,FLK,2017,0.5287
Falkland Islands,FLK,2018,0.514
Falkland Islands,FLK,2019,0.4982
Falkland Islands,FLK,2020,0.4906
Falkland Islands,FLK,2021,0.4775
Falkland Islands,FLK,2022,0.4083
Falkland Islands,FLK,2023,0.3463
Faroe Islands,FRO,1950,1.4642
Faroe Islands,FRO,1951,1.5101
Faroe Islands,FRO,1952,1.3619
Faroe Islands,FRO,1953,1.3153
Faroe Islands,FRO,1954,1.3007
Faroe Islands,FRO,1955,1.3516
Faroe Islands,FRO,1956,1.3488
Faroe Islands,FRO,1957,1.4869
Faroe Islands,FRO,1958,1.5859
Faroe Islands,FRO,1959,1.606
Faroe Islands,FRO,1960,1.5315
Faroe Islands,FRO,1961,1.4861
Faroe Islands,FRO,1962,1.5623
Faroe Islands,FRO,1963,1.6247
Faroe Islands,FRO,1964,1.69
Faroe Islands,FRO,1965,1.7661
Faroe Islands,FRO,1966,1.75
Faroe Islands,FRO,1967,1.7348
Faroe Islands,FRO,1968,1.6864
Faroe Islands,FRO,1969,1.5215
Faroe Islands,FRO,1970,1.4282
Faroe Islands,FRO,1971,1.3266
Faroe Islands,FRO,1972,1.3778
Faroe Islands,FRO,1973,1.3896
Faroe Islands,FRO,1974,1.3138
Faroe Islands,FRO,1975,1.2229
Faroe Islands,FRO,1976,1.1286
Faroe Islands,FRO,1977,1.0979
Faroe Islands,FRO,1978,1.0525
Faroe Islands,FRO,1979,1.12
Faroe Islands,FRO,1980,0.9924
Faroe Islands,FRO,1981,0.9906
Faroe Islands,FRO,1982,0.905
Faroe Islands,FRO,1983,0.7798
Faroe Islands,FRO,1984,0.7749
Faroe Islands,FRO,1985,0.8448
Faroe Islands,FRO,1986,0.939
Faroe Islands,FRO,1987,0.9307
Faroe Islands,FRO,1988,1.0752
Faroe Islands,FRO,1989,1.18
Faroe Islands,FRO,1990,1.2413
Faroe Islands,FRO,1991,1.0889
Faroe Islands,FRO,1992,0.958
Faroe Islands,FRO,1993,0.8623
Faroe Islands,FRO,1994,0.6996
Faroe Islands,FRO,1995,0.6218
Faroe Islands,FRO,1996,0.6872
Faroe Islands,FRO,1997,0.635
Faroe Islands,FRO,1998,0.5255
Faroe Islands,FRO,1999,0.5109
Faroe Islands,FRO,2000,0.6204
Faroe Islands,FRO,2001,0.4928
Faroe Islands,FRO,2002,0.5902
Faroe Islands,FRO,2003,0.5696
Faroe Islands,FRO,2004,0.5709
Faroe Islands,FRO,2005,0.5655
Faroe Islands,FRO,2006,0.4721
Faroe Islands,FRO,2007,0.4746
Faroe Islands,FRO,2008,0.4492
Faroe Islands,FRO,2009,0.3224
Faroe Islands,FRO,2010,0.345
Faroe Islands,FRO,2011,0.2338
Faroe Islands,FRO,2012,0.3423
Faroe Islands,FRO,2013,0.3153
Faroe Islands,FRO,2014,0.294
Faroe Islands,FRO,2015,0.1805
Faroe Islands,FRO,2016,0.2487
Faroe Islands,FRO,2017,0.276
Faroe Islands,FRO,2018,0.2653
Faroe Islands,FRO,2019,0.2641
Faroe Islands,FRO,2020,0.2466
Faroe Islands,FRO,2021,0.1723
Faroe Islands,FRO,2022,0.118
Faroe Islands,FRO,2023,0.2303
Fiji,FJI,1950,2.3566
Fiji,FJI,1951,2.4896
Fiji,FJI,1952,2.6047
Fiji,FJI,1953,2.7059
Fiji,FJI,1954,2.8425
Fiji,FJI,1955,2.9877
Fiji,FJI,1956,3.1119
Fiji,FJI,1957,3.2064
Fiji,FJI,1958,3.2708
Fiji,FJI,1959,3.2909
Fiji,FJI,1960,3.2881
Fiji,FJI,1961,3.2709
Fiji,FJI,1962,3.3513
Fiji,FJI,1963,3.3253
Fiji,FJI,1964,3.2682
Fiji,FJI,1965,3.2093
Fiji,FJI,1966,3.1062
Fiji,FJI,1967,2.979
Fiji,FJI,1968,2.9081
Fiji,FJI,1969,2.8166
Fiji,FJI,1970,2.7368
Fiji,FJI,1971,2.6452
Fiji,FJI,1972,2.526
Fiji,FJI,1973,2.3932
Fiji,FJI,1974,2.3889
Fiji,FJI,1975,2.4781
Fiji,FJI,1976,2.5503
Fiji,FJI,1977,2.5982
Fiji,FJI,1978,2.6461
Fiji,FJI,1979,2.6241
Fiji,FJI,1980,2.6336
Fiji,FJI,1981,2.6286
Fiji,FJI,1982,2.6255
Fiji,FJI,1983,2.6436
Fiji,FJI,1984,2.6175
Fiji,FJI,1985,2.5517
Fiji,FJI,1986,2.438
Fiji,FJI,1987,2.3965
Fiji,FJI,1988,2.3808
Fiji,FJI,1989,2.3498
Fiji,FJI,1990,2.2951
Fiji,FJI,1991,2.2596
Fiji,FJI,1992,2.1863
Fiji,FJI,1993,2.1194
Fiji,FJI,1994,2.0665
Fiji,FJI,1995,2.0372
Fiji,FJI,1996,2.0108
Fiji,FJI,1997,1.9393
Fiji,FJI,1998,1.8807
Fiji,FJI,1999,1.8309
Fiji,FJI,2000,1.751
Fiji,FJI,2001,1.7326
Fiji,FJI,2002,1.6861
Fiji,FJI,2003,1.6769
Fiji,FJI,2004,1.6613
Fiji,FJI,2005,1.6436
Fiji,FJI,2006,1.6348
Fiji,FJI,2007,1.5982
Fiji,FJI,2008,1.5497
Fiji,FJI,2009,1.4924
Fiji,FJI,2010,1.4529
Fiji,FJI,2011,1.3863
Fiji,FJI,2012,1.2806
Fiji,FJI,2013,1.3065
Fiji,FJI,2014,1.2729
Fiji,FJI,2015,1.2207
Fiji,FJI,2016,1.1758
Fiji,FJI,2017,1.1334
Fiji,FJI,2018,1.0662
Fiji,FJI,2019,1.0134
Fiji,FJI,2020,0.9542
Fiji,FJI,2021,0.7393
Fiji,FJI,2022,0.8943
Fiji,FJI,2023,0.8741
Finland,FIN,1950,1.3929
Finland,FIN,1951,1.3128
Finland,FIN,1952,1.3466
Finland,FIN,1953,1.2368
Finland,FIN,1954,1.2391
Finland,FIN,1955,1.1815
Finland,FIN,1956,1.1707
Finland,FIN,1957,1.0691
Finland,FIN,1958,0.9807
Finland,FIN,1959,1.0061
Finland,FIN,1960,0.9607
Finland,FIN,1961,0.9304
Finland,FIN,1962,0.8605
Finland,FIN,1963,0.8879
Finland,FIN,1964,0.8409
Finland,FIN,1965,0.7453
Finland,FIN,1966,0.7497
Finland,FIN,1967,0.7266
Finland,FIN,1968,0.6233
Finland,FIN,1969,0.4847
Finland,FIN,1970,0.452
Finland,FIN,1971,0.3278
Finland,FIN,1972,0.3194
Finland,FIN,1973,0.2945
Finland,FIN,1974,0.3772
Finland,FIN,1975,0.4639
Finland,FIN,1976,0.4685
Finland,FIN,1977,0.4621
Finland,FIN,1978,0.4307
Finland,FIN,1979,0.4171
Finland,FIN,1980,0.3927
Finland,FIN,1981,0.399
Finland,FIN,1982,0.4663
Finland,FIN,1983,0.438
Finland,FIN,1984,0.4081
Finland,FIN,1985,0.2971
Finland,FIN,1986,0.2747
Finland,FIN,1987,0.2466
Finland,FIN,1988,0.2831
Finland,FIN,1989,0.2872
Finland,FIN,1990,0.3036
Finland,FIN,1991,0.3198
Finland,FIN,1992,0.3297
Finland,FIN,1993,0.2737
Finland,FIN,1994,0.3341
Finland,FIN,1995,0.2693
Finland,FIN,1996,0.2292
Finland,FIN,1997,0.1945
Finland,FIN,1998,0.1534
Finland,FIN,1999,0.155
Finland,FIN,2000,0.1403
Finland,FIN,2001,0.1454
Finland,FIN,2002,0.1175
Finland,FIN,2003,0.1445
Finland,FIN,2004,0.1908
Finland,FIN,2005,0.1846
Finland,FIN,2006,0.2007
Finland,FIN,2007,0.1798
Finland,FIN,2008,0.1915
Finland,FIN,2009,0.1926
Finland,FIN,2010,0.1817
Finland,FIN,2011,0.17
Finland,FIN,2012,0.1407
Finland,FIN,2013,0.1191
Finland,FIN,2014,0.0861
Finland,FIN,2015,0.0511
Finland,FIN,2016,-0.0232
Finland,FIN,2017,-0.0643
Finland,FIN,2018,-0.126
Finland,FIN,2019,-0.1538
Finland,FIN,2020,-0.1624
Finland,FIN,2021,-0.146
Finland,FIN,2022,-0.3287
Finland,FIN,2023,-0.2933
France,FRA,1950,0.7939
France,FRA,1951,0.6295
France,FRA,1952,0.7104
France,FRA,1953,0.5931
France,FRA,1954,0.6917
France,FRA,1955,0.6664
France,FRA,1956,0.6193
France,FRA,1957,0.6626
France,FRA,1958,0.7106
France,FRA,1959,0.7169
France,FRA,1960,0.6638
France,FRA,1961,0.7497
France,FRA,1962,0.6246
France,FRA,1963,0.6318
France,FRA,1964,0.717
France,FRA,1965,0.646
France,FRA,1966,0.6701
France,FRA,1967,0.5886
France,FRA,1968,0.5541
France,FRA,1969,0.5279
France,FRA,1970,0.6029
France,FRA,1971,0.6362
France,FRA,1972,0.6373
France,FRA,1973,0.5785
France,FRA,1974,0.4821
France,FRA,1975,0.3558
France,FRA,1976,0.3064
France,FRA,1977,0.3936
France,FRA,1978,0.3595
France,FRA,1979,0.4051
France,FRA,1980,0.4708
France,FRA,1981,0.4606
France,FRA,1982,0.4662
France,FRA,1983,0.3467
France,FRA,1984,0.3984
France,FRA,1985,0.3947
France,FRA,1986,0.4208
France,FRA,1987,0.437
France,FRA,1988,0.4475
France,FRA,1989,0.4273
France,FRA,1990,0.4259
France,FRA,1991,0.4215
France,FRA,1992,0.3961
France,FRA,1993,0.3216
France,FRA,1994,0.3425
France,FRA,1995,0.3564
France,FRA,1996,0.3564
France,FRA,1997,0.3495
France,FRA,1998,0.3584
France,FRA,1999,0.3562
France,FRA,2000,0.4161
France,FRA,2001,0.4077
France,FRA,2002,0.3798
France,FRA,2003,0.3484
France,FRA,2004,0.4256
France,FRA,2005,0.401
France,FRA,2006,0.4489
France,FRA,2007,0.4199
France,FRA,2008,0.417
France,FRA,2009,0.4012
France,FRA,2010,0.4067
France,FRA,2011,0.3955
France,FRA,2012,0.3494
France,FRA,2013,0.3341
France,FRA,2014,0.349
France,FRA,2015,0.2617
France,FRA,2016,0.2396
France,FRA,2017,0.186
France,FRA,2018,0.1713
France,FRA,2019,0.1562
France,FRA,2020,0.0476
France,FRA,2021,0.0728
France,FRA,2022,0.0434
France,FRA,2023,0.0343
French Guiana,GUF,1950,1.2196
French Guiana,GUF,1951,1.2751
French Guiana,GUF,1952,1.3056
French Guiana,GUF,1953,1.3913
French Guiana,GUF,1954,1.4913
French Guiana,GUF,1955,1.5657
French Guiana,GUF,1956,1.6316
French Guiana,GUF,1957,1.6876
French Guiana,GUF,1958,1.7144
French Guiana,GUF,1959,1.7863
French Guiana,GUF,1960,1.839
French Guiana,GUF,1961,1.8379
French Guiana,GUF,1962,1.8823
French Guiana,GUF,1963,1.9508
French Guiana,GUF,1964,2.0557
French Guiana,GUF,1965,2.0355
French Guiana,GUF,1966,2.0061
French Guiana,GUF,1967,1.999
French Guiana,GUF,1968,2.0205
French Guiana,GUF,1969,2.0957
French Guiana,GUF,1970,2.1766
French Guiana,GUF,1971,2.2146
French Guiana,GUF,1972,2.212
French Guiana,GUF,1973,2.0924
French Guiana,GUF,1974,1.9873
French Guiana,GUF,1975,1.9564
French Guiana,GUF,1976,1.8983
French Guiana,GUF,1977,1.9186
French Guiana,GUF,1978,1.9571
French Guiana,GUF,1979,1.9927
French Guiana,GUF,1980,2.0265
French Guiana,GUF,1981,2.085
French Guiana,GUF,1982,2.1237
French Guiana,GUF,1983,2.1761
French Guiana,GUF,1984,2.1709
French Guiana,GUF,1985,2.1754
French Guiana,GUF,1986,2.2067
French Guiana,GUF,1987,2.2454
French Guiana,GUF,1988,2.2968
French Guiana,GUF,1989,2.404
French Guiana,GUF,1990,2.5396
French Guiana,GUF,1991,2.6137
French Guiana,GUF,1992,2.6272
French Guiana,GUF,1993,2.5921
French Guiana,GUF,1994,2.5558
French Guiana,GUF,1995,2.4963
French Guiana,GUF,1996,2.4489
French Guiana,GUF,1997,2.3958
French Guiana,GUF,1998,2.4474
French Guiana,GUF,1999,2.4715
French Guiana,GUF,2000,2.5999
French Guiana,GUF,2001,2.4694
French Guiana,GUF,2002,2.4215
French Guiana,GUF,2003,2.4518
French Guiana,GUF,2004,2.2263
French Guiana,GUF,2005,2.4606
French Guiana,GUF,2006,2.5087
French Guiana,GUF,2007,2.4673
French Guiana,GUF,2008,2.3108
French Guiana,GUF,2009,2.2509
French Guiana,GUF,2010,2.1954
French Guiana,GUF,2011,2.216
French Guiana,GUF,2012,2.2895
French Guiana,GUF,2013,2.1575
French Guiana,GUF,2014,2.1501
French Guiana,GUF,2015,2.2011
French Guiana,GUF,2016,2.2751
French Guiana,GUF,2017,2.4569
French Guiana,GUF,2018,2.3964
French Guiana,GUF,2019,2.3331
French Guiana,GUF,2020,2.3458
French Guiana,GUF,2021,2.1641
French Guiana,GUF,2022,2.0783
French Guiana,GUF,2023,2.0452
French Polynesia,PYF,1950,2.4479
French Polynesia,PYF,1951,2.6053
French Polynesia,PYF,1952,2.7536
French Polynesia,PYF,1953,2.8988
French Polynesia,PYF,1954,3.0389
French Polynesia,PYF,1955,3.1354
French Polynesia,PYF,1956,3.1798
French Polynesia,PYF,1957,3.2461
French Polynesia,PYF,1958,3.2739
French Polynesia,PYF,1959,3.2853
French Polynesia,PYF,1960,3.2659
French Polynesia,PYF,1961,3.2677
French Polynesia,PYF,1962,3.2617
French Polynesia,PYF,1963,3.2272
French Polynesia,PYF,1964,3.2414
French Polynesia,PYF,1965,3.2582
French Polynesia,PYF,1966,3.2458
French Polynesia,PYF,1967,3.2207
French Polynesia,PYF,1968,3.1801
French Polynesia,PYF,1969,3.1214
French Polynesia,PYF,1970,3.0011
French Polynesia,PYF,1971,2.9044
French Polynesia,PYF,1972,2.842
French Polynesia,PYF,1973,2.7802
French Polynesia,PYF,1974,2.7212
French Polynesia,PYF,1975,2.6602
French Polynesia,PYF,1976,2.5909
French Polynesia,PYF,1977,2.5509
French Polynesia,PYF,1978,2.4028
French Polynesia,PYF,1979,2.3982
French Polynesia,PYF,1980,2.4701
French Polynesia,PYF,1981,2.5367
French Polynesia,PYF,1982,2.4996
French Polynesia,PYF,1983,2.5242
French Polynesia,PYF,1984,2.6451
French Polynesia,PYF,1985,2.723
French Polynesia,PYF,1986,2.6688
French Polynesia,PYF,1987,2.6259
French Polynesia,PYF,1988,2.7523
French Polynesia,PYF,1989,2.5582
French Polynesia,PYF,1990,2.5279
French Polynesia,PYF,1991,2.4014
French Polynesia,PYF,1992,2.3214
French Polynesia,PYF,1993,2.2729
French Polynesia,PYF,1994,2.1564
French Polynesia,PYF,1995,2.0242
French Polynesia,PYF,1996,1.9668
French Polynesia,PYF,1997,1.8635
French Polynesia,PYF,1998,1.7829
French Polynesia,PYF,1999,1.8681
French Polynesia,PYF,2000,1.8808
French Polynesia,PYF,2001,1.8201
French Polynesia,PYF,2002,1.7379
French Polynesia,PYF,2003,1.5987
French Polynesia,PYF,2004,1.5397
French Polynesia,PYF,2005,1.5182
French Polynesia,PYF,2006,1.5378
French Polynesia,PYF,2007,1.4547
French Polynesia,PYF,2008,1.5136
French Polynesia,PYF,2009,1.4742
French Polynesia,PYF,2010,1.4876
French Polynesia,PYF,2011,1.3963
French Polynesia,PYF,2012,1.356
French Polynesia,PYF,2013,1.2717
French Polynesia,PYF,2014,1.274
French Polynesia,PYF,2015,1.1877
French Polynesia,PYF,2016,1.0824
French Polynesia,PYF,2017,0.9921
French Polynesia,PYF,2018,0.952
French Polynesia,PYF,2019,0.8569
French Polynesia,PYF,2020,0.797
French Polynesia,PYF,2021,0.6179
French Polynesia,PYF,2022,0.7627
French Polynesia,PYF,2023,0.7258
Gabon,GAB,1950,0.5781
Gabon,GAB,1951,0.6005
Gabon,GAB,1952,0.6369
Gabon,GAB,1953,0.6798
Gabon,GAB,1954,0.7254
Gabon,GAB,1955,0.7809
Gabon,GAB,1956,0.8368
Gabon,GAB,1957,0.8959
Gabon,GAB,1958,0.9685
Gabon,GAB,1959,1.0448
Gabon,GAB,1960,1.1188
Gabon,GAB,1961,1.1887
Gabon,GAB,1962,1.2597
Gabon,GAB,1963,1.3173
Gabon,GAB,1964,1.3741
Gabon,GAB,1965,1.4464
Gabon,GAB,1966,1.5168
Gabon,GAB,1967,1.5774
Gabon,GAB,1968,1.6455
Gabon,GAB,1969,1.7092
Gabon,GAB,1970,1.7849
Gabon,GAB,1971,1.8668
Gabon,GAB,1972,1.9477
Gabon,GAB,1973,2.0081
Gabon,GAB,1974,2.0659
Gabon,GAB,1975,2.1386
Gabon,GAB,1976,2.2132
Gabon,GAB,1977,2.2828
Gabon,GAB,1978,2.35
Gabon,GAB,1979,2.4066
Gabon,GAB,1980,2.4723
Gabon,GAB,1981,2.5414
Gabon,GAB,1982,2.571
Gabon,GAB,1983,2.6094
Gabon,GAB,1984,2.6215
Gabon,GAB,1985,2.64
Gabon,GAB,1986,2.6526
Gabon,GAB,1987,2.6739
Gabon,GAB,1988,2.6732
Gabon,GAB,1989,2.6495
Gabon,GAB,1990,2.6286
Gabon,GAB,1991,2.6053
Gabon,GAB,1992,2.5819
Gabon,GAB,1993,2.5539
Gabon,GAB,1994,2.4912
Gabon,GAB,1995,2.4297
Gabon,GAB,1996,2.3828
Gabon,GAB,1997,2.3745
Gabon,GAB,1998,2.3683
Gabon,GAB,1999,2.3596
Gabon,GAB,2000,2.3683
Gabon,GAB,2001,2.3626
Gabon,GAB,2002,2.3624
Gabon,GAB,2003,2.3607
Gabon,GAB,2004,2.3646
Gabon,GAB,2005,2.3756
Gabon,GAB,2006,2.3857
Gabon,GAB,2007,2.4029
Gabon,GAB,2008,2.4267
Gabon,GAB,2009,2.4698
Gabon,GAB,2010,2.5037
Gabon,GAB,2011,2.5209
Gabon,GAB,2012,2.4875
Gabon,GAB,2013,2.4479
Gabon,GAB,2014,2.4112
Gabon,GAB,2015,2.3947
Gabon,GAB,2016,2.3959
Gabon,GAB,2017,2.3856
Gabon,GAB,2018,2.372
Gabon,GAB,2019,2.3453
Gabon,GAB,2020,2.271
Gabon,GAB,2021,2.2136
Gabon,GAB,2022,2.1781
Gabon,GAB,2023,2.1397
Gambia,GMB,1950,1.7104
Gambia,GMB,1951,1.8174
Gambia,GMB,1952,1.8736
Gambia,GMB,1953,1.9079
Gambia,GMB,1954,1.9374
Gambia,GMB,1955,1.9569
Gambia,GMB,1956,1.9844
Gambia,GMB,1957,2.0101
Gambia,GMB,1958,2.0479
Gambia,GMB,1959,2.0819
Gambia,GMB,1960,2.1154
Gambia,GMB,1961,2.1464
Gambia,GMB,1962,2.1777
Gambia,GMB,1963,2.1988
Gambia,GMB,1964,2.2144
Gambia,GMB,1965,2.2288
Gambia,GMB,1966,2.2245
Gambia,GMB,1967,2.2474
Gambia,GMB,1968,2.2644
Gambia,GMB,1969,2.2907
Gambia,GMB,1970,2.314
Gambia,GMB,1971,2.3809
Gambia,GMB,1972,2.4187
Gambia,GMB,1973,2.4558
Gambia,GMB,1974,2.4831
Gambia,GMB,1975,2.5141
Gambia,GMB,1976,2.5624
Gambia,GMB,1977,2.5973
Gambia,GMB,1978,2.6118
Gambia,GMB,1979,2.6883
Gambia,GMB,1980,2.7406
Gambia,GMB,1981,2.727
Gambia,GMB,1982,2.8592
Gambia,GMB,1983,2.9168
Gambia,GMB,1984,2.9778
Gambia,GMB,1985,3.0034
Gambia,GMB,1986,3.0419
Gambia,GMB,1987,3.0558
Gambia,GMB,1988,3.0859
Gambia,GMB,1989,3.115
Gambia,GMB,1990,3.1443
Gambia,GMB,1991,3.1441
Gambia,GMB,1992,3.1382
Gambia,GMB,1993,3.1389
Gambia,GMB,1994,3.1681
Gambia,GMB,1995,3.1385
Gambia,GMB,1996,3.093
Gambia,GMB,1997,3.043
Gambia,GMB,1998,3.0387
Gambia,GMB,1999,3.0042
Gambia,GMB,2000,2.9723
Gambia,GMB,2001,2.9534
Gambia,GMB,2002,2.9404
Gambia,GMB,2003,2.9458
Gambia,GMB,2004,2.9776
Gambia,GMB,2005,2.9999
Gambia,GMB,2006,3.0511
Gambia,GMB,2007,3.0385
Gambia,GMB,2008,3.0273
Gambia,GMB,2009,3.0231
Gambia,GMB,2010,3.0392
Gambia,GMB,2011,3.0533
Gambia,GMB,2012,3.0711
Gambia,GMB,2013,3.0188
Gambia,GMB,2014,2.9191
Gambia,GMB,2015,2.8245
Gambia,GMB,2016,2.7305
Gambia,GMB,2017,2.6328
Gambia,GMB,2018,2.536
Gambia,GMB,2019,2.5114
Gambia,GMB,2020,2.4728
Gambia,GMB,2021,2.4161
Gambia,GMB,2022,2.4136
Gambia,GMB,2023,2.4137
Georgia,GEO,1950,0.922
Georgia,GEO,1951,0.9422
Georgia,GEO,1952,0.9654
Georgia,GEO,1953,1.0084
Georgia,GEO,1954,1.0573
Georgia,GEO,1955,1.125
Georgia,GEO,1956,1.2016
Georgia,GEO,1957,1.2708
Georgia,GEO,1958,1.3276
Georgia,GEO,1959,1.3728
Georgia,GEO,1960,1.4165
Georgia,GEO,1961,1.4117
Georgia,GEO,1962,1.3803
Georgia,GEO,1963,1.3484
Georgia,GEO,1964,1.2513
Georgia,GEO,1965,1.1083
Georgia,GEO,1966,1.0312
Georgia,GEO,1967,1.0003
Georgia,GEO,1968,0.9361
Georgia,GEO,1969,0.9255
Georgia,GEO,1970,0.9401
Georgia,GEO,1971,0.9357
Georgia,GEO,1972,0.9234
Georgia,GEO,1973,0.9018
Georgia,GEO,1974,0.8896
Georgia,GEO,1975,0.9123
Georgia,GEO,1976,0.9203
Georgia,GEO,1977,0.9154
Georgia,GEO,1978,0.9463
Georgia,GEO,1979,0.9675
Georgia,GEO,1980,0.9874
Georgia,GEO,1981,1.0253
Georgia,GEO,1982,1.0426
Georgia,GEO,1983,1.0582
Georgia,GEO,1984,1.0498
Georgia,GEO,1985,1.0677
Georgia,GEO,1986,1.0407
Georgia,GEO,1987,0.9605
Georgia,GEO,1988,0.8936
Georgia,GEO,1989,0.8642
Georgia,GEO,1990,0.8365
Georgia,GEO,1991,0.681
Georgia,GEO,1992,0.4971
Georgia,GEO,1993,0.3727
Georgia,GEO,1994,0.3573
Georgia,GEO,1995,0.3788
Georgia,GEO,1996,0.4075
Georgia,GEO,1997,0.2727
Georgia,GEO,1998,0.2315
Georgia,GEO,1999,0.166
Georgia,GEO,2000,0.1148
Georgia,GEO,2001,0.0858
Georgia,GEO,2002,0.056
Georgia,GEO,2003,0.0628
Georgia,GEO,2004,0.0072
Georgia,GEO,2005,0.0411
Georgia,GEO,2006,0.0553
Georgia,GEO,2007,0.092
Georgia,GEO,2008,0.2072
Georgia,GEO,2009,0.3201
Georgia,GEO,2010,0.2773
Georgia,GEO,2011,0.2393
Georgia,GEO,2012,0.2302
Georgia,GEO,2013,0.2729
Georgia,GEO,2014,0.3519
Georgia,GEO,2015,0.3518
Georgia,GEO,2016,0.3044
Georgia,GEO,2017,0.2251
Georgia,GEO,2018,0.2256
Georgia,GEO,2019,0.1507
Georgia,GEO,2020,0.009
Georgia,GEO,2021,-0.2461
Georgia,GEO,2022,-0.0599
Georgia,GEO,2023,-0.0345
Germany,DEU,1950,0.7
Germany,DEU,1951,0.6262
Germany,DEU,1952,0.5587
Germany,DEU,1953,0.5145
Germany,DEU,1954,0.4982
Germany,DEU,1955,0.4808
Germany,DEU,1956,0.492
Germany,DEU,1957,0.4952
Germany,DEU,1958,0.5115
Germany,DEU,1959,0.5793
Germany,DEU,1960,0.5529
Germany,DEU,1961,0.6626
Germany,DEU,1962,0.6102
Germany,DEU,1963,0.6265
Germany,DEU,1964,0.6468
Germany,DEU,1965,0.542
Germany,DEU,1966,0.5274
Germany,DEU,1967,0.4619
Germany,DEU,1968,0.2927
Germany,DEU,1969,0.1821
Germany,DEU,1970,0.0892
Germany,DEU,1971,0.0445
Germany,DEU,1972,-0.0929
Germany,DEU,1973,-0.197
Germany,DEU,1974,-0.1983
Germany,DEU,1975,-0.267
Germany,DEU,1976,-0.226
Germany,DEU,1977,-0.1725
Germany,DEU,1978,-0.2004
Germany,DEU,1979,-0.1705
Germany,DEU,1980,-0.1197
Germany,DEU,1981,-0.1221
Germany,DEU,1982,-0.109
Germany,DEU,1983,-0.1459
Germany,DEU,1984,-0.1354
Germany,DEU,1985,-0.1499
Germany,DEU,1986,-0.1013
Germany,DEU,1987,-0.0399
Germany,DEU,1988,-0.015
Germany,DEU,1989,-0.0293
Germany,DEU,1990,-0.0199
Germany,DEU,1991,-0.0946
Germany,DEU,1992,-0.0924
Germany,DEU,1993,-0.1168
Germany,DEU,1994,-0.1331
Germany,DEU,1995,-0.1368
Germany,DEU,1996,-0.0978
Germany,DEU,1997,-0.0499
Germany,DEU,1998,-0.0647
Germany,DEU,1999,-0.0968
Germany,DEU,2000,-0.094
Germany,DEU,2001,-0.1188
Germany,DEU,2002,-0.1528
Germany,DEU,2003,-0.1812
Germany,DEU,2004,-0.1374
Germany,DEU,2005,-0.1734
Germany,DEU,2006,-0.1708
Germany,DEU,2007,-0.1888
Germany,DEU,2008,-0.2144
Germany,DEU,2009,-0.2475
Germany,DEU,2010,-0.229
Germany,DEU,2011,-0.2305
Germany,DEU,2012,-0.2361
Germany,DEU,2013,-0.2716
Germany,DEU,2014,-0.2035
Germany,DEU,2015,-0.2425
Germany,DEU,2016,-0.1553
Germany,DEU,2017,-0.1854
Germany,DEU,2018,-0.2085
Germany,DEU,2019,-0.2009
Germany,DEU,2020,-0.2579
Germany,DEU,2021,-0.1927
Germany,DEU,2022,-0.4189
Germany,DEU,2023,-0.3724
Ghana,GHA,1950,2.5346
Ghana,GHA,1951,2.6779
Ghana,GHA,1952,2.7956
Ghana,GHA,1953,2.8992
Ghana,GHA,1954,2.9856
Ghana,GHA,1955,3.0531
Ghana,GHA,1956,3.1052
Ghana,GHA,1957,3.1316
Ghana,GHA,1958,3.1439
Ghana,GHA,1959,3.1408
Ghana,GHA,1960,3.1192
Ghana,GHA,1961,3.1046
Ghana,GHA,1962,3.0507
Ghana,GHA,1963,2.999
Ghana,GHA,1964,2.9456
Ghana,GHA,1965,2.9059
Ghana,GHA,1966,2.8663
Ghana,GHA,1967,2.867
Ghana,GHA,1968,2.8649
Ghana,GHA,1969,2.8989
Ghana,GHA,1970,2.8898
Ghana,GHA,1971,2.8927
Ghana,GHA,1972,2.9162
Ghana,GHA,1973,2.9171
Ghana,GHA,1974,2.9078
Ghana,GHA,1975,2.8974
Ghana,GHA,1976,2.886
Ghana,GHA,1977,2.8907
Ghana,GHA,1978,2.8842
Ghana,GHA,1979,2.8873
Ghana,GHA,1980,2.9043
Ghana,GHA,1981,2.9277
Ghana,GHA,1982,2.9189
Ghana,GHA,1983,2.9152
Ghana,GHA,1984,2.9322
Ghana,GHA,1985,2.9406
Ghana,GHA,1986,2.9444
Ghana,GHA,1987,2.9346
Ghana,GHA,1988,2.9039
Ghana,GHA,1989,2.8823
Ghana,GHA,1990,2.8725
Ghana,GHA,1991,2.8387
Ghana,GHA,1992,2.7937
Ghana,GHA,1993,2.7407
Ghana,GHA,1994,2.6457
Ghana,GHA,1995,2.5964
Ghana,GHA,1996,2.5281
Ghana,GHA,1997,2.5211
Ghana,GHA,1998,2.522
Ghana,GHA,1999,2.5442
Ghana,GHA,2000,2.5907
Ghana,GHA,2001,2.5754
Ghana,GHA,2002,2.5501
Ghana,GHA,2003,2.5199
Ghana,GHA,2004,2.4846
Ghana,GHA,2005,2.5089
Ghana,GHA,2006,2.4716
Ghana,GHA,2007,2.4208
Ghana,GHA,2008,2.3905
Ghana,GHA,2009,2.3844
Ghana,GHA,2010,2.4068
Ghana,GHA,2011,2.42
Ghana,GHA,2012,2.4186
Ghana,GHA,2013,2.405
Ghana,GHA,2014,2.3566
Ghana,GHA,2015,2.3269
Ghana,GHA,2016,2.2479
Ghana,GHA,2017,2.1368
Ghana,GHA,2018,2.094
Ghana,GHA,2019,2.0551
Ghana,GHA,2020,1.9991
Ghana,GHA,2021,1.9552
Ghana,GHA,2022,1.9501
Ghana,GHA,2023,1.927
Gibraltar,GIB,1950,1.4455
Gibraltar,GIB,1951,1.4692
Gibraltar,GIB,1952,1.4557
Gibraltar,GIB,1953,1.3918
Gibraltar,GIB,1954,1.3236
Gibraltar,GIB,1955,1.2737
Gibraltar,GIB,1956,1.3109
Gibraltar,GIB,1957,1.3436
Gibraltar,GIB,1958,1.3678
Gibraltar,GIB,1959,1.3787
Gibraltar,GIB,1960,1.4051
Gibraltar,GIB,1961,1.4473
Gibraltar,GIB,1962,1.5355
Gibraltar,GIB,1963,1.7979
Gibraltar,GIB,1964,1.8902
Gibraltar,GIB,1965,1.7627
Gibraltar,GIB,1966,1.6055
Gibraltar,GIB,1967,1.4181
Gibraltar,GIB,1968,1.3508
Gibraltar,GIB,1969,1.3828
Gibraltar,GIB,1970,1.42
Gibraltar,GIB,1971,1.4284
Gibraltar,GIB,1972,1.2828
Gibraltar,GIB,1973,1.1817
Gibraltar,GIB,1974,1.1243
Gibraltar,GIB,1975,1.0809
Gibraltar,GIB,1976,1.0568
Gibraltar,GIB,1977,1.0623
Gibraltar,GIB,1978,1.0962
Gibraltar,GIB,1979,1.1499
Gibraltar,GIB,1980,1.2142
Gibraltar,GIB,1981,1.2252
Gibraltar,GIB,1982,1.2174
Gibraltar,GIB,1983,1.137
Gibraltar,GIB,1984,1.0754
Gibraltar,GIB,1985,1.0248
Gibraltar,GIB,1986,0.9881
Gibraltar,GIB,1987,0.9627
Gibraltar,GIB,1988,0.9404
Gibraltar,GIB,1989,0.9324
Gibraltar,GIB,1990,0.9525
Gibraltar,GIB,1991,0.9759
Gibraltar,GIB,1992,0.9716
Gibraltar,GIB,1993,0.9453
Gibraltar,GIB,1994,0.9089
Gibraltar,GIB,1995,0.8651
Gibraltar,GIB,1996,0.8002
Gibraltar,GIB,1997,0.7829
Gibraltar,GIB,1998,0.7574
Gibraltar,GIB,1999,0.7398
Gibraltar,GIB,2000,0.73
Gibraltar,GIB,2001,0.6677
Gibraltar,GIB,2002,0.3762
Gibraltar,GIB,2003,0.3358
Gibraltar,GIB,2004,0.3665
Gibraltar,GIB,2005,0.4043
Gibraltar,GIB,2006,0.4308
Gibraltar,GIB,2007,0.4631
Gibraltar,GIB,2008,0.5048
Gibraltar,GIB,2009,0.5284
Gibraltar,GIB,2010,0.5558
Gibraltar,GIB,2011,0.5788
Gibraltar,GIB,2012,0.5995
Gibraltar,GIB,2013,0.644
Gibraltar,GIB,2014,0.6208
Gibraltar,GIB,2015,0.5974
Gibraltar,GIB,2016,0.4968
Gibraltar,GIB,2017,0.5015
Gibraltar,GIB,2018,0.5091
Gibraltar,GIB,2019,0.5164
Gibraltar,GIB,2020,0.5094
Gibraltar,GIB,2021,0.3153
Gibraltar,GIB,2022,0.5617
Gibraltar,GIB,2023,0.556
Greece,GRC,1950,1.0959
Greece,GRC,1951,1.091
Greece,GRC,1952,1.1003
Greece,GRC,1953,1.1135
Greece,GRC,1954,1.1705
Greece,GRC,1955,1.2348
Greece,GRC,1956,1.1805
Greece,GRC,1957,1.1613
Greece,GRC,1958,1.2273
Greece,GRC,1959,1.228
Greece,GRC,1960,1.2428
Greece,GRC,1961,1.1592
Greece,GRC,1962,1.0729
Greece,GRC,1963,1.0768
Greece,GRC,1964,1.1038
Greece,GRC,1965,1.163
Greece,GRC,1966,0.9152
Greece,GRC,1967,1.23
Greece,GRC,1968,0.8641
Greece,GRC,1969,1.1654
Greece,GRC,1970,0.8252
Greece,GRC,1971,0.8337
Greece,GRC,1972,0.7658
Greece,GRC,1973,0.7449
Greece,GRC,1974,0.7856
Greece,GRC,1975,0.7417
Greece,GRC,1976,0.7505
Greece,GRC,1977,0.712
Greece,GRC,1978,0.7437
Greece,GRC,1979,0.7274
Greece,GRC,1980,0.6825
Greece,GRC,1981,0.6516
Greece,GRC,1982,0.588
Greece,GRC,1983,0.5235
Greece,GRC,1984,0.4437
Greece,GRC,1985,0.3624
Greece,GRC,1986,0.3164
Greece,GRC,1987,0.2127
Greece,GRC,1988,0.2341
Greece,GRC,1989,0.1841
Greece,GRC,1990,0.165
Greece,GRC,1991,0.1473
Greece,GRC,1992,0.1197
Greece,GRC,1993,0.1198
Greece,GRC,1994,0.1129
Greece,GRC,1995,0.0814
Greece,GRC,1996,0.0663
Greece,GRC,1997,0.0788
Greece,GRC,1998,0.04
Greece,GRC,1999,0.0283
Greece,GRC,2000,0.0162
Greece,GRC,2001,0.0393
Greece,GRC,2002,0.0359
Greece,GRC,2003,0.0132
Greece,GRC,2004,0.0181
Greece,GRC,2005,0.033
Greece,GRC,2006,0.0453
Greece,GRC,2007,0.0113
Greece,GRC,2008,0.0771
Greece,GRC,2009,0.0773
Greece,GRC,2010,0.0399
Greece,GRC,2011,-0.0568
Greece,GRC,2012,-0.1596
Greece,GRC,2013,-0.175
Greece,GRC,2014,-0.2162
Greece,GRC,2015,-0.285
Greece,GRC,2016,-0.2503
Greece,GRC,2017,-0.3527
Greece,GRC,2018,-0.3344
Greece,GRC,2019,-0.4046
Greece,GRC,2020,-0.3567
Greece,GRC,2021,-0.4491
Greece,GRC,2022,-0.6949
Greece,GRC,2023,-0.521
Greenland,GRL,1950,1.9416
Greenland,GRL,1951,2.1505
Greenland,GRL,1952,2.362
Greenland,GRL,1953,2.5644
Greenland,GRL,1954,2.8154
Greenland,GRL,1955,3.0474
Greenland,GRL,1956,3.1739
Greenland,GRL,1957,3.3242
Greenland,GRL,1958,3.4475
Greenland,GRL,1959,3.5729
Greenland,GRL,1960,3.6685
Greenland,GRL,1961,3.7311
Greenland,GRL,1962,3.6646
Greenland,GRL,1963,3.5786
Greenland,GRL,1964,3.4854
Greenland,GRL,1965,3.3671
Greenland,GRL,1966,3.1375
Greenland,GRL,1967,2.899
Greenland,GRL,1968,2.5701
Greenland,GRL,1969,2.1564
Greenland,GRL,1970,1.74
Greenland,GRL,1971,1.5267
Greenland,GRL,1972,1.3996
Greenland,GRL,1973,1.2158
Greenland,GRL,1974,1.0242
Greenland,GRL,1975,0.964
Greenland,GRL,1976,0.9559
Greenland,GRL,1977,1.0161
Greenland,GRL,1978,0.9879
Greenland,GRL,1979,1.0489
Greenland,GRL,1980,1.2061
Greenland,GRL,1981,1.2408
Greenland,GRL,1982,1.2222
Greenland,GRL,1983,1.1493
Greenland,GRL,1984,1.2074
Greenland,GRL,1985,1.2932
Greenland,GRL,1986,1.2076
Greenland,GRL,1987,1.215
Greenland,GRL,1988,1.3386
Greenland,GRL,1989,1.3594
Greenland,GRL,1990,1.3829
Greenland,GRL,1991,1.3348
Greenland,GRL,1992,1.3677
Greenland,GRL,1993,1.3149
Greenland,GRL,1994,1.2079
Greenland,GRL,1995,1.1294
Greenland,GRL,1996,1.0627
Greenland,GRL,1997,1.0664
Greenland,GRL,1998,0.8979
Greenland,GRL,1999,0.8156
Greenland,GRL,2000,0.7729
Greenland,GRL,2001,0.8375
Greenland,GRL,2002,0.8665
Greenland,GRL,2003,0.8034
Greenland,GRL,2004,0.7721
Greenland,GRL,2005,0.7435
Greenland,GRL,2006,0.6945
Greenland,GRL,2007,0.7016
Greenland,GRL,2008,0.6981
Greenland,GRL,2009,0.7305
Greenland,GRL,2010,0.6741
Greenland,GRL,2011,0.6104
Greenland,GRL,2012,0.5821
Greenland,GRL,2013,0.6068
Greenland,GRL,2014,0.6083
Greenland,GRL,2015,0.6513
Greenland,GRL,2016,0.6467
Greenland,GRL,2017,0.6374
Greenland,GRL,2018,0.594
Greenland,GRL,2019,0.5665
Greenland,GRL,2020,0.5418
Greenland,GRL,2021,0.505
Greenland,GRL,2022,0.4675
Greenland,GRL,2023,0.4256
Grenada,GRD,1950,1.9358
Grenada,GRD,1951,2.218
Grenada,GRD,1952,2.5464
Grenada,GRD,1953,2.8213
Grenada,GRD,1954,3.0677
Grenada,GRD,1955,3.3009
Grenada,GRD,1956,3.5018
Grenada,GRD,1957,3.6947
Grenada,GRD,1958,3.8146
Grenada,GRD,1959,3.8939
Grenada,GRD,1960,3.9103
Grenada,GRD,1961,3.8843
Grenada,GRD,1962,3.8122
Grenada,GRD,1963,3.7049
Grenada,GRD,1964,3.5887
Grenada,GRD,1965,3.4661
Grenada,GRD,1966,3.3404
Grenada,GRD,1967,3.2201
Grenada,GRD,1968,3.0996
Grenada,GRD,1969,3.0022
Grenada,GRD,1970,2.8387
Grenada,GRD,1971,2.7424
Grenada,GRD,1972,2.6099
Grenada,GRD,1973,2.4961
Grenada,GRD,1974,2.3957
Grenada,GRD,1975,2.2665
Grenada,GRD,1976,2.142
Grenada,GRD,1977,2.0339
Grenada,GRD,1978,1.9544
Grenada,GRD,1979,1.9597
Grenada,GRD,1980,1.9459
Grenada,GRD,1981,1.7278
Grenada,GRD,1982,1.9049
Grenada,GRD,1983,1.9128
Grenada,GRD,1984,2.0685
Grenada,GRD,1985,2.3048
Grenada,GRD,1986,2.4014
Grenada,GRD,1987,2.4051
Grenada,GRD,1988,2.0787
Grenada,GRD,1989,2.1027
Grenada,GRD,1990,1.9318
Grenada,GRD,1991,1.9382
Grenada,GRD,1992,1.7833
Grenada,GRD,1993,1.6025
Grenada,GRD,1994,1.5477
Grenada,GRD,1995,1.5207
Grenada,GRD,1996,1.49
Grenada,GRD,1997,1.4064
Grenada,GRD,1998,1.1353
Grenada,GRD,1999,1.0234
Grenada,GRD,2000,1.029
Grenada,GRD,2001,1.0021
Grenada,GRD,2002,0.9932
Grenada,GRD,2003,0.9869
Grenada,GRD,2004,0.9455
Grenada,GRD,2005,0.9797
Grenada,GRD,2006,0.9694
Grenada,GRD,2007,0.9589
Grenada,GRD,2008,0.943
Grenada,GRD,2009,0.9198
Grenada,GRD,2010,0.8864
Grenada,GRD,2011,0.851
Grenada,GRD,2012,0.8203
Grenada,GRD,2013,0.7735
Grenada,GRD,2014,0.6762
Grenada,GRD,2015,0.5967
Grenada,GRD,2016,0.5029
Grenada,GRD,2017,0.3479
Grenada,GRD,2018,0.4063
Grenada,GRD,2019,0.3985
Grenada,GRD,2020,0.372
Grenada,GRD,2021,0.2942
Grenada,GRD,2022,0.3172
Grenada,GRD,2023,0.2852
Guadeloupe,GLP,1950,2.2741
Guadeloupe,GLP,1951,2.3436
Guadeloupe,GLP,1952,2.3803
Guadeloupe,GLP,1953,2.4664
Guadeloupe,GLP,1954,2.555
Guadeloupe,GLP,1955,2.6679
Guadeloupe,GLP,1956,2.6225
Guadeloupe,GLP,1957,2.5773
Guadeloupe,GLP,1958,2.6215
Guadeloupe,GLP,1959,2.6362
Guadeloupe,GLP,1960,2.7209
Guadeloupe,GLP,1961,2.6512
Guadeloupe,GLP,1962,2.7979
Guadeloupe,GLP,1963,2.6908
Guadeloupe,GLP,1964,2.584
Guadeloupe,GLP,1965,2.6035
Guadeloupe,GLP,1966,2.5813
Guadeloupe,GLP,1967,2.5129
Guadeloupe,GLP,1968,2.4258
Guadeloupe,GLP,1969,2.3539
Guadeloupe,GLP,1970,2.2728
Guadeloupe,GLP,1971,2.1988
Guadeloupe,GLP,1972,2.1162
Guadeloupe,GLP,1973,2.0537
Guadeloupe,GLP,1974,1.9809
Guadeloupe,GLP,1975,1.8698
Guadeloupe,GLP,1976,1.6702
Guadeloupe,GLP,1977,1.4538
Guadeloupe,GLP,1978,1.2616
Guadeloupe,GLP,1979,1.219
Guadeloupe,GLP,1980,1.2609
Guadeloupe,GLP,1981,1.2746
Guadeloupe,GLP,1982,1.2895
Guadeloupe,GLP,1983,1.3236
Guadeloupe,GLP,1984,1.3382
Guadeloupe,GLP,1985,1.3575
Guadeloupe,GLP,1986,1.3362
Guadeloupe,GLP,1987,1.3084
Guadeloupe,GLP,1988,1.2907
Guadeloupe,GLP,1989,1.2887
Guadeloupe,GLP,1990,1.2868
Guadeloupe,GLP,1991,1.2807
Guadeloupe,GLP,1992,1.2577
Guadeloupe,GLP,1993,1.2147
Guadeloupe,GLP,1994,1.1868
Guadeloupe,GLP,1995,1.1634
Guadeloupe,GLP,1996,1.146
Guadeloupe,GLP,1997,1.1336
Guadeloupe,GLP,1998,1.12
Guadeloupe,GLP,1999,1.119
Guadeloupe,GLP,2000,1.1046
Guadeloupe,GLP,2001,1.0629
Guadeloupe,GLP,2002,1.015
Guadeloupe,GLP,2003,0.9771
Guadeloupe,GLP,2004,0.9349
Guadeloupe,GLP,2005,0.9017
Guadeloupe,GLP,2006,0.8303
Guadeloupe,GLP,2007,0.7899
Guadeloupe,GLP,2008,0.7385
Guadeloupe,GLP,2009,0.6651
Guadeloupe,GLP,2010,0.6447
Guadeloupe,GLP,2011,0.6325
Guadeloupe,GLP,2012,0.6243
Guadeloupe,GLP,2013,0.5755
Guadeloupe,GLP,2014,0.5488
Guadeloupe,GLP,2015,0.4854
Guadeloupe,GLP,2016,0.4348
Guadeloupe,GLP,2017,0.3893
Guadeloupe,GLP,2018,0.3987
Guadeloupe,GLP,2019,0.3436
Guadeloupe,GLP,2020,0.2669
Guadeloupe,GLP,2021,0.0329
Guadeloupe,GLP,2022,0.1606
Guadeloupe,GLP,2023,0.1787
Guam,GUM,1950,2.2239
Guam,GUM,1951,2.2781
Guam,GUM,1952,2.4567
Guam,GUM,1953,2.5726
Guam,GUM,1954,2.6838
Guam,GUM,1955,2.9083
Guam,GUM,1956,2.9699
Guam,GUM,1957,3.146
Guam,GUM,1958,2.9916
Guam,GUM,1959,2.976
Guam,GUM,1960,2.9272
Guam,GUM,1961,2.8805
Guam,GUM,1962,2.8278
Guam,GUM,1963,2.6619
Guam,GUM,1964,2.596
Guam,GUM,1965,2.518
Guam,GUM,1966,2.5708
Guam,GUM,1967,2.4053
Guam,GUM,1968,2.3333
Guam,GUM,1969,2.4894
Guam,GUM,1970,2.5048
Guam,GUM,1971,2.4811
Guam,GUM,1972,2.4568
Guam,GUM,1973,2.4376
Guam,GUM,1974,2.4454
Guam,GUM,1975,2.461
Guam,GUM,1976,2.447
Guam,GUM,1977,2.3905
Guam,GUM,1978,2.2423
Guam,GUM,1979,2.2304
Guam,GUM,1980,2.2592
Guam,GUM,1981,2.1925
Guam,GUM,1982,2.1351
Guam,GUM,1983,2.2358
Guam,GUM,1984,2.0929
Guam,GUM,1985,2.1441
Guam,GUM,1986,2.1696
Guam,GUM,1987,2.1896
Guam,GUM,1988,2.1909
Guam,GUM,1989,2.1878
Guam,GUM,1990,2.1774
Guam,GUM,1991,2.1558
Guam,GUM,1992,2.1351
Guam,GUM,1993,2.1217
Guam,GUM,1994,2.091
Guam,GUM,1995,2.0587
Guam,GUM,1996,2.0251
Guam,GUM,1997,1.9913
Guam,GUM,1998,1.9577
Guam,GUM,1999,1.9065
Guam,GUM,2000,1.8498
Guam,GUM,2001,1.7431
Guam,GUM,2002,1.5286
Guam,GUM,2003,1.5582
Guam,GUM,2004,1.6127
Guam,GUM,2005,1.4885
Guam,GUM,2006,1.579
Guam,GUM,2007,1.6144
Guam,GUM,2008,1.58
Guam,GUM,2009,1.5413
Guam,GUM,2010,1.5752
Guam,GUM,2011,1.4843
Guam,GUM,2012,1.6228
Guam,GUM,2013,1.4345
Guam,GUM,2014,1.4464
Guam,GUM,2015,1.3997
Guam,GUM,2016,1.5245
Guam,GUM,2017,1.4331
Guam,GUM,2018,1.3406
Guam,GUM,2019,1.2722
Guam,GUM,2020,1.139
Guam,GUM,2021,1.0882
Guam,GUM,2022,1.1272
Guam,GUM,2023,1.0794
Guatemala,GTM,1950,2.482
Guatemala,GTM,1951,2.5694
Guatemala,GTM,1952,2.643
Guatemala,GTM,1953,2.6953
Guatemala,GTM,1954,2.7344
Guatemala,GTM,1955,2.7696
Guatemala,GTM,1956,2.7989
Guatemala,GTM,1957,2.8328
Guatemala,GTM,1958,2.8764
Guatemala,GTM,1959,2.9176
Guatemala,GTM,1960,2.9709
Guatemala,GTM,1961,2.9562
Guatemala,GTM,1962,2.932
Guatemala,GTM,1963,2.9067
Guatemala,GTM,1964,2.9059
Guatemala,GTM,1965,2.8905
Guatemala,GTM,1966,2.9022
Guatemala,GTM,1967,2.8894
Guatemala,GTM,1968,2.8711
Guatemala,GTM,1969,2.8441
Guatemala,GTM,1970,2.8895
Guatemala,GTM,1971,2.9811
Guatemala,GTM,1972,3.0471
Guatemala,GTM,1973,3.0844
Guatemala,GTM,1974,3.0929
Guatemala,GTM,1975,3.0757
Guatemala,GTM,1976,2.745
Guatemala,GTM,1977,3.1758
Guatemala,GTM,1978,3.2203
Guatemala,GTM,1979,3.2226
Guatemala,GTM,1980,3.166
Guatemala,GTM,1981,3.124
Guatemala,GTM,1982,2.7597
Guatemala,GTM,1983,3.2085
Guatemala,GTM,1984,3.17
Guatemala,GTM,1985,3.1354
Guatemala,GTM,1986,3.1317
Guatemala,GTM,1987,3.1549
Guatemala,GTM,1988,3.1817
Guatemala,GTM,1989,3.1535
Guatemala,GTM,1990,3.1061
Guatemala,GTM,1991,3.0619
Guatemala,GTM,1992,3.0288
Guatemala,GTM,1993,3.0217
Guatemala,GTM,1994,3.0139
Guatemala,GTM,1995,2.9985
Guatemala,GTM,1996,2.9787
Guatemala,GTM,1997,2.948
Guatemala,GTM,1998,2.9192
Guatemala,GTM,1999,2.8792
Guatemala,GTM,2000,2.8458
Guatemala,GTM,2001,2.803
Guatemala,GTM,2002,2.7293
Guatemala,GTM,2003,2.6628
Guatemala,GTM,2004,2.5899
Guatemala,GTM,2005,2.4895
Guatemala,GTM,2006,2.4358
Guatemala,GTM,2007,2.3901
Guatemala,GTM,2008,2.3195
Guatemala,GTM,2009,2.2744
Guatemala,GTM,2010,2.24
Guatemala,GTM,2011,2.2211
Guatemala,GTM,2012,2.2026
Guatemala,GTM,2013,2.1532
Guatemala,GTM,2014,2.127
Guatemala,GTM,2015,2.0979
Guatemala,GTM,2016,2.0783
Guatemala,GTM,2017,2.009
Guatemala,GTM,2018,1.918
Guatemala,GTM,2019,1.7972
Guatemala,GTM,2020,1.6208
Guatemala,GTM,2021,1.4498
Guatemala,GTM,2022,1.5782
Guatemala,GTM,2023,1.598
Guernsey,GGY,1950,0.5208
Guernsey,GGY,1951,0.506
Guernsey,GGY,1952,0.4777
Guernsey,GGY,1953,0.3723
Guernsey,GGY,1954,0.3892
Guernsey,GGY,1955,0.2577
Guernsey,GGY,1956,0.5135
Guernsey,GGY,1957,0.3106
Guernsey,GGY,1958,0.3271
Guernsey,GGY,1959,0.3623
Guernsey,GGY,1960,0.408
Guernsey,GGY,1961,0.2475
Guernsey,GGY,1962,0.3403
Guernsey,GGY,1963,0.4555
Guernsey,GGY,1964,0.3455
Guernsey,GGY,1965,0.2011
Guernsey,GGY,1966,0.2506
Guernsey,GGY,1967,0.2181
Guernsey,GGY,1968,0.1752
Guernsey,GGY,1969,0.2014
Guernsey,GGY,1970,0.1882
Guernsey,GGY,1971,0.1837
Guernsey,GGY,1972,0.1469
Guernsey,GGY,1973,0.2069
Guernsey,GGY,1974,0.1569
Guernsey,GGY,1975,0.1222
Guernsey,GGY,1976,0.1157
Guernsey,GGY,1977,0.105
Guernsey,GGY,1978,0.0726
Guernsey,GGY,1979,0.0434
Guernsey,GGY,1980,0.0807
Guernsey,GGY,1981,-0.0018
Guernsey,GGY,1982,-0.267
Guernsey,GGY,1983,0.1371
Guernsey,GGY,1984,0.0377
Guernsey,GGY,1985,0.0919
Guernsey,GGY,1986,0.0926
Guernsey,GGY,1987,0.129
Guernsey,GGY,1988,0.15
Guernsey,GGY,1989,0.2298
Guernsey,GGY,1990,0.1929
Guernsey,GGY,1991,0.2188
Guernsey,GGY,1992,0.2162
Guernsey,GGY,1993,0.0792
Guernsey,GGY,1994,0.0515
Guernsey,GGY,1995,0.0756
Guernsey,GGY,1996,0.1029
Guernsey,GGY,1997,0.1877
Guernsey,GGY,1998,0.2063
Guernsey,GGY,1999,0.2719
Guernsey,GGY,2000,0.1634
Guernsey,GGY,2001,0.134
Guernsey,GGY,2002,0.1135
Guernsey,GGY,2003,0.0938
Guernsey,GGY,2004,0.1313
Guernsey,GGY,2005,0.1399
Guernsey,GGY,2006,0.1578
Guernsey,GGY,2007,0.1531
Guernsey,GGY,2008,0.1512
Guernsey,GGY,2009,0.1507
Guernsey,GGY,2010,0.1593
Guernsey,GGY,2011,0.1614
Guernsey,GGY,2012,0.1094
Guernsey,GGY,2013,0.1149
Guernsey,GGY,2014,0.0906
Guernsey,GGY,2015,0.0317
Guernsey,GGY,2016,-0.0255
Guernsey,GGY,2017,-0.0877
Guernsey,GGY,2018,-0.0922
Guernsey,GGY,2019,-0.0729
Guernsey,GGY,2020,-0.0796
Guernsey,GGY,2021,-0.1899
Guernsey,GGY,2022,-0.1065
Guernsey,GGY,2023,-0.1164
Guinea,GIN,1950,1.6071
Guinea,GIN,1951,1.6057
Guinea,GIN,1952,1.6149
Guinea,GIN,1953,1.6264
Guinea,GIN,1954,1.6374
Guinea,GIN,1955,1.6511
Guinea,GIN,1956,1.6649
Guinea,GIN,1957,1.6868
Guinea,GIN,1958,1.7046
Guinea,GIN,1959,1.7193
Guinea,GIN,1960,1.7389
Guinea,GIN,1961,1.7617
Guinea,GIN,1962,1.7825
Guinea,GIN,1963,1.8046
Guinea,GIN,1964,1.8286
Guinea,GIN,1965,1.854
Guinea,GIN,1966,1.8856
Guinea,GIN,1967,1.9121
Guinea,GIN,1968,1.9398
Guinea,GIN,1969,1.9722
Guinea,GIN,1970,1.9969
Guinea,GIN,1971,2.0288
Guinea,GIN,1972,2.0569
Guinea,GIN,1973,2.0807
Guinea,GIN,1974,2.1027
Guinea,GIN,1975,2.133
Guinea,GIN,1976,2.1673
Guinea,GIN,1977,2.2076
Guinea,GIN,1978,2.2431
Guinea,GIN,1979,2.2814
Guinea,GIN,1980,2.3217
Guinea,GIN,1981,2.3569
Guinea,GIN,1982,2.4169
Guinea,GIN,1983,2.4372
Guinea,GIN,1984,2.4934
Guinea,GIN,1985,2.5366
Guinea,GIN,1986,2.576
Guinea,GIN,1987,2.6131
Guinea,GIN,1988,2.6346
Guinea,GIN,1989,2.6498
Guinea,GIN,1990,2.6409
Guinea,GIN,1991,2.7071
Guinea,GIN,1992,2.7433
Guinea,GIN,1993,2.7442
Guinea,GIN,1994,2.7425
Guinea,GIN,1995,2.7226
Guinea,GIN,1996,2.7657
Guinea,GIN,1997,2.7785
Guinea,GIN,1998,2.7145
Guinea,GIN,1999,2.7098
Guinea,GIN,2000,2.6941
Guinea,GIN,2001,2.6656
Guinea,GIN,2002,2.6403
Guinea,GIN,2003,2.6466
Guinea,GIN,2004,2.6711
Guinea,GIN,2005,2.717
Guinea,GIN,2006,2.7382
Guinea,GIN,2007,2.7537
Guinea,GIN,2008,2.7713
Guinea,GIN,2009,2.7793
Guinea,GIN,2010,2.7752
Guinea,GIN,2011,2.7524
Guinea,GIN,2012,2.7294
Guinea,GIN,2013,2.7201
Guinea,GIN,2014,2.698
Guinea,GIN,2015,2.6906
Guinea,GIN,2016,2.6887
Guinea,GIN,2017,2.6526
Guinea,GIN,2018,2.6178
Guinea,GIN,2019,2.6007
Guinea,GIN,2020,2.5599
Guinea,GIN,2021,2.5172
Guinea,GIN,2022,2.5081
Guinea,GIN,2023,2.4723
Guinea-Bissau,GNB,1950,1.8273
Guinea-Bissau,GNB,1951,1.8107
Guinea-Bissau,GNB,1952,1.802
Guinea-Bissau,GNB,1953,1.7973
Guinea-Bissau,GNB,1954,1.7959
Guinea-Bissau,GNB,1955,1.7967
Guinea-Bissau,GNB,1956,1.7999
Guinea-Bissau,GNB,1957,1.806
Guinea-Bissau,GNB,1958,1.8142
Guinea-Bissau,GNB,1959,1.8253
Guinea-Bissau,GNB,1960,1.8382
Guinea-Bissau,GNB,1961,1.8465
Guinea-Bissau,GNB,1962,1.8088
Guinea-Bissau,GNB,1963,1.5459
Guinea-Bissau,GNB,1964,1.5272
Guinea-Bissau,GNB,1965,1.3547
Guinea-Bissau,GNB,1966,1.2268
Guinea-Bissau,GNB,1967,1.1849
Guinea-Bissau,GNB,1968,1.2606
Guinea-Bissau,GNB,1969,1.351
Guinea-Bissau,GNB,1970,1.3059
Guinea-Bissau,GNB,1971,1.396
Guinea-Bissau,GNB,1972,1.3485
Guinea-Bissau,GNB,1973,1.4221
Guinea-Bissau,GNB,1974,1.6827
Guinea-Bissau,GNB,1975,1.8431
Guinea-Bissau,GNB,1976,1.9719
Guinea-Bissau,GNB,1977,2.0873
Guinea-Bissau,GNB,1978,2.2064
Guinea-Bissau,GNB,1979,2.4073
Guinea-Bissau,GNB,1980,2.5352
Guinea-Bissau,GNB,1981,2.5653
Guinea-Bissau,GNB,1982,2.5857
Guinea-Bissau,GNB,1983,2.5922
Guinea-Bissau,GNB,1984,2.5875
Guinea-Bissau,GNB,1985,2.575
Guinea-Bissau,GNB,1986,2.5546
Guinea-Bissau,GNB,1987,2.5407
Guinea-Bissau,GNB,1988,2.5412
Guinea-Bissau,GNB,1989,2.5356
Guinea-Bissau,GNB,1990,2.4583
Guinea-Bissau,GNB,1991,2.4659
Guinea-Bissau,GNB,1992,2.5135
Guinea-Bissau,GNB,1993,2.5448
Guinea-Bissau,GNB,1994,2.5544
Guinea-Bissau,GNB,1995,2.6021
Guinea-Bissau,GNB,1996,2.604
Guinea-Bissau,GNB,1997,2.5561
Guinea-Bissau,GNB,1998,2.5592
Guinea-Bissau,GNB,1999,2.5546
Guinea-Bissau,GNB,2000,2.6577
Guinea-Bissau,GNB,2001,2.653
Guinea-Bissau,GNB,2002,2.6806
Guinea-Bissau,GNB,2003,2.7031
Guinea-Bissau,GNB,2004,2.7042
Guinea-Bissau,GNB,2005,2.7032
Guinea-Bissau,GNB,2006,2.7475
Guinea-Bissau,GNB,2007,2.7766
Guinea-Bissau,GNB,2008,2.7446
Guinea-Bissau,GNB,2009,2.7483
Guinea-Bissau,GNB,2010,2.7495
Guinea-Bissau,GNB,2011,2.7614
Guinea-Bissau,GNB,2012,2.754
Guinea-Bissau,GNB,2013,2.7401
Guinea-Bissau,GNB,2014,2.6773
Guinea-Bissau,GNB,2015,2.6223
Guinea-Bissau,GNB,2016,2.5555
Guinea-Bissau,GNB,2017,2.4676
Guinea-Bissau,GNB,2018,2.4274
Guinea-Bissau,GNB,2019,2.3985
Guinea-Bissau,GNB,2020,2.3205
Guinea-Bissau,GNB,2021,2.2946
Guinea-Bissau,GNB,2022,2.3234
Guinea-Bissau,GNB,2023,2.2987
Guyana,GUY,1950,2.4796
Guyana,GUY,1951,2.6288
Guyana,GUY,1952,2.7548
Guyana,GUY,1953,2.8646
Guyana,GUY,1954,2.9504
Guyana,GUY,1955,3.0084
Guyana,GUY,1956,3.0697
Guyana,GUY,1957,3.1208
Guyana,GUY,1958,3.111
Guyana,GUY,1959,3.1135
Guyana,GUY,1960,3.1393
Guyana,GUY,1961,3.1056
Guyana,GUY,1962,3.0807
Guyana,GUY,1963,3.0576
Guyana,GUY,1964,3.0121
Guyana,GUY,1965,2.9587
Guyana,GUY,1966,2.908
Guyana,GUY,1967,2.8587
Guyana,GUY,1968,2.8152
Guyana,GUY,1969,2.772
Guyana,GUY,1970,2.737
Guyana,GUY,1971,2.7044
Guyana,GUY,1972,2.6634
Guyana,GUY,1973,2.6011
Guyana,GUY,1974,2.5186
Guyana,GUY,1975,2.4574
Guyana,GUY,1976,2.4039
Guyana,GUY,1977,2.3468
Guyana,GUY,1978,2.2939
Guyana,GUY,1979,2.2598
Guyana,GUY,1980,2.2339
Guyana,GUY,1981,2.2501
Guyana,GUY,1982,2.2717
Guyana,GUY,1983,2.2881
Guyana,GUY,1984,2.2563
Guyana,GUY,1985,2.2414
Guyana,GUY,1986,2.2054
Guyana,GUY,1987,2.1725
Guyana,GUY,1988,2.131
Guyana,GUY,1989,2.1126
Guyana,GUY,1990,2.1225
Guyana,GUY,1991,2.1255
Guyana,GUY,1992,2.1323
Guyana,GUY,1993,2.1381
Guyana,GUY,1994,2.1413
Guyana,GUY,1995,2.1085
Guyana,GUY,1996,2.0734
Guyana,GUY,1997,2.0424
Guyana,GUY,1998,2.0026
Guyana,GUY,1999,1.9311
Guyana,GUY,2000,1.8472
Guyana,GUY,2001,1.7407
Guyana,GUY,2002,1.5999
Guyana,GUY,2003,1.4866
Guyana,GUY,2004,1.4122
Guyana,GUY,2005,1.374
Guyana,GUY,2006,1.3868
Guyana,GUY,2007,1.4192
Guyana,GUY,2008,1.4301
Guyana,GUY,2009,1.4304
Guyana,GUY,2010,1.4216
Guyana,GUY,2011,1.4358
Guyana,GUY,2012,1.4248
Guyana,GUY,2013,1.4516
Guyana,GUY,2014,1.4774
Guyana,GUY,2015,1.4759
Guyana,GUY,2016,1.4627
Guyana,GUY,2017,1.4454
Guyana,GUY,2018,1.3829
Guyana,GUY,2019,1.4442
Guyana,GUY,2020,1.2764
Guyana,GUY,2021,0.9963
Guyana,GUY,2022,1.3439
Guyana,GUY,2023,1.2967
Haiti,HTI,1950,1.9219
Haiti,HTI,1951,1.9737
Haiti,HTI,1952,2.015
Haiti,HTI,1953,2.0555
Haiti,HTI,1954,2.0765
Haiti,HTI,1955,2.1371
Haiti,HTI,1956,2.1708
Haiti,HTI,1957,2.1749
Haiti,HTI,1958,2.1956
Haiti,HTI,1959,2.2099
Haiti,HTI,1960,2.2125
Haiti,HTI,1961,2.2286
Haiti,HTI,1962,2.2412
Haiti,HTI,1963,2.1211
Haiti,HTI,1964,2.2668
Haiti,HTI,1965,2.267
Haiti,HTI,1966,2.2538
Haiti,HTI,1967,2.2648
Haiti,HTI,1968,2.2686
Haiti,HTI,1969,2.267
Haiti,HTI,1970,2.2698
Haiti,HTI,1971,2.2859
Haiti,HTI,1972,2.2998
Haiti,HTI,1973,2.3075
Haiti,HTI,1974,2.318
Haiti,HTI,1975,2.3241
Haiti,HTI,1976,2.3275
Haiti,HTI,1977,2.3308
Haiti,HTI,1978,2.3301
Haiti,HTI,1979,2.3278
Haiti,HTI,1980,2.3292
Haiti,HTI,1981,2.3358
Haiti,HTI,1982,2.3512
Haiti,HTI,1983,2.3596
Haiti,HTI,1984,2.3761
Haiti,HTI,1985,2.3965
Haiti,HTI,1986,2.4111
Haiti,HTI,1987,2.4277
Haiti,HTI,1988,2.4437
Haiti,HTI,1989,2.4416
Haiti,HTI,1990,2.4425
Haiti,HTI,1991,2.4004
Haiti,HTI,1992,2.3678
Haiti,HTI,1993,2.3253
Haiti,HTI,1994,2.2812
Haiti,HTI,1995,2.2724
Haiti,HTI,1996,2.2491
Haiti,HTI,1997,2.2276
Haiti,HTI,1998,2.1955
Haiti,HTI,1999,2.1766
Haiti,HTI,2000,2.176
Haiti,HTI,2001,2.1138
Haiti,HTI,2002,2.0694
Haiti,HTI,2003,2.0496
Haiti,HTI,2004,1.9536
Haiti,HTI,2005,1.9933
Haiti,HTI,2006,1.9841
Haiti,HTI,2007,1.9654
Haiti,HTI,2008,1.9449
Haiti,HTI,2009,1.9382
Haiti,HTI,2010,0.9789
Haiti,HTI,2011,1.8628
Haiti,HTI,2012,1.8243
Haiti,HTI,2013,1.7751
Haiti,HTI,2014,1.7546
Haiti,HTI,2015,1.7301
Haiti,HTI,2016,1.6952
Haiti,HTI,2017,1.6668
Haiti,HTI,2018,1.6295
Haiti,HTI,2019,1.5898
Haiti,HTI,2020,1.5054
Haiti,HTI,2021,1.3978
Haiti,HTI,2022,1.4275
Haiti,HTI,2023,1.4383
High-income countries,OWID_HIC,1950,1.1819
High-income countries,OWID_HIC,1951,1.1557
High-income countries,OWID_HIC,1952,1.2144
High-income countries,OWID_HIC,1953,1.1937
High-income countries,OWID_HIC,1954,1.2336
High-income countries,OWID_HIC,1955,1.2286
High-income countries,OWID_HIC,1956,1.2095
High-income countries,OWID_HIC,1957,1.2029
High-income countries,OWID_HIC,1958,1.2335
High-income countries,OWID_HIC,1959,1.2256
High-income countries,OWID_HIC,1960,1.1936
High-income countries,OWID_HIC,1961,1.1951
High-income countries,OWID_HIC,1962,1.1268
High-income countries,OWID_HIC,1963,1.1076
High-income countries,OWID_HIC,1964,1.1149
High-income countries,OWID_HIC,1965,1.0458
High-income countries,OWID_HIC,1966,0.9494
High-income countries,OWID_HIC,1967,0.9999
High-income countries,OWID_HIC,1968,0.9158
High-income countries,OWID_HIC,1969,0.895
High-income countries,OWID_HIC,1970,0.8962
High-income countries,OWID_HIC,1971,0.8769
High-income countries,OWID_HIC,1972,0.8117
High-income countries,OWID_HIC,1973,0.764
High-income countries,OWID_HIC,1974,0.7571
High-income countries,OWID_HIC,1975,0.712
High-income countries,OWID_HIC,1976,0.6879
High-income countries,OWID_HIC,1977,0.6923
High-income countries,OWID_HIC,1978,0.6657
High-income countries,OWID_HIC,1979,0.6818
High-income countries,OWID_HIC,1980,0.6619
High-income countries,OWID_HIC,1981,0.6492
High-income countries,OWID_HIC,1982,0.6414
High-income countries,OWID_HIC,1983,0.5886
High-income countries,OWID_HIC,1984,0.5801
High-income countries,OWID_HIC,1985,0.5501
High-income countries,OWID_HIC,1986,0.5367
High-income countries,OWID_HIC,1987,0.5393
High-income countries,OWID_HIC,1988,0.539
High-income countries,OWID_HIC,1989,0.533
High-income countries,OWID_HIC,1990,0.5331
High-income countries,OWID_HIC,1991,0.5086
High-income countries,OWID_HIC,1992,0.4888
High-income countries,OWID_HIC,1993,0.4375
High-income countries,OWID_HIC,1994,0.4231
High-income countries,OWID_HIC,1995,0.3827
High-income countries,OWID_HIC,1996,0.3798
High-income countries,OWID_HIC,1997,0.3713
High-income countries,OWID_HIC,1998,0.3552
High-income countries,OWID_HIC,1999,0.3367
High-income countries,OWID_HIC,2000,0.3554
High-income countries,OWID_HIC,2001,0.3343
High-income countries,OWID_HIC,2002,0.309
High-income countries,OWID_HIC,2003,0.2965
High-income countries,OWID_HIC,2004,0.3197
High-income countries,OWID_HIC,2005,0.3025
High-income countries,OWID_HIC,2006,0.3324
High-income countries,OWID_HIC,2007,0.3386
High-income countries,OWID_HIC,2008,0.3347
High-income countries,OWID_HIC,2009,0.322
High-income countries,OWID_HIC,2010,0.3025
High-income countries,OWID_HIC,2011,0.2799
High-income countries,OWID_HIC,2012,0.2651
High-income countries,OWID_HIC,2013,0.2423
High-income countries,OWID_HIC,2014,0.2466
High-income countries,OWID_HIC,2015,0.2126
High-income countries,OWID_HIC,2016,0.2091
High-income countries,OWID_HIC,2017,0.1658
High-income countries,OWID_HIC,2018,0.135
High-income countries,OWID_HIC,2019,0.1072
High-income countries,OWID_HIC,2020,-0.0198
High-income countries,OWID_HIC,2021,-0.0362
High-income countries,OWID_HIC,2022,-0.0529
High-income countries,OWID_HIC,2023,-0.0103
Honduras,HND,1950,2.6774
Honduras,HND,1951,2.7239
Honduras,HND,1952,2.7661
Honduras,HND,1953,2.8104
Honduras,HND,1954,2.8488
Honduras,HND,1955,2.8899
Honduras,HND,1956,2.9208
Honduras,HND,1957,2.953
Honduras,HND,1958,2.9805
Honduras,HND,1959,3.0084
Honduras,HND,1960,3.0359
Honduras,HND,1961,3.0488
Honduras,HND,1962,3.0857
Honduras,HND,1963,3.113
Honduras,HND,1964,3.1498
Honduras,HND,1965,3.1812
Honduras,HND,1966,3.203
Honduras,HND,1967,3.2212
Honduras,HND,1968,3.2421
Honduras,HND,1969,3.2683
Honduras,HND,1970,3.3037
Honduras,HND,1971,3.3372
Honduras,HND,1972,3.3755
Honduras,HND,1973,3.3058
Honduras,HND,1974,3.166
Honduras,HND,1975,3.4908
Honduras,HND,1976,3.5136
Honduras,HND,1977,3.5112
Honduras,HND,1978,3.4972
Honduras,HND,1979,3.4843
Honduras,HND,1980,3.4572
Honduras,HND,1981,3.4304
Honduras,HND,1982,3.4008
Honduras,HND,1983,3.374
Honduras,HND,1984,3.3299
Honduras,HND,1985,3.2889
Honduras,HND,1986,3.248
Honduras,HND,1987,3.2063
Honduras,HND,1988,3.1678
Honduras,HND,1989,3.1448
Honduras,HND,1990,3.143
Honduras,HND,1991,3.1409
Honduras,HND,1992,3.1383
Honduras,HND,1993,3.1228
Honduras,HND,1994,3.1086
Honduras,HND,1995,3.0892
Honduras,HND,1996,3.0502
Honduras,HND,1997,3.0027
Honduras,HND,1998,2.7209
Honduras,HND,1999,2.9188
Honduras,HND,2000,2.8932
Honduras,HND,2001,2.8209
Honduras,HND,2002,2.7332
Honduras,HND,2003,2.6387
Honduras,HND,2004,2.5589
Honduras,HND,2005,2.4767
Honduras,HND,2006,2.395
Honduras,HND,2007,2.3364
Honduras,HND,2008,2.279
Honduras,HND,2009,2.2253
Honduras,HND,2010,2.1554
Honduras,HND,2011,2.1095
Honduras,HND,2012,2.0698
Honduras,HND,2013,2.0249
Honduras,HND,2014,1.9869
Honduras,HND,2015,1.9605
Honduras,HND,2016,1.9362
Honduras,HND,2017,1.9058
Honduras,HND,2018,1.894
Honduras,HND,2019,1.8625
Honduras,HND,2020,1.7743
Honduras,HND,2021,1.6802
Honduras,HND,2022,1.78
Honduras,HND,2023,1.7485
Hong Kong,HKG,1950,2.919
Hong Kong,HKG,1951,3.0164
Hong Kong,HKG,1952,3.0332
Hong Kong,HKG,1953,3.0414
Hong Kong,HKG,1954,3.036
Hong Kong,HKG,1955,3.0543
Hong Kong,HKG,1956,3.0509
Hong Kong,HKG,1957,3.0526
Hong Kong,HKG,1958,3.0378
Hong Kong,HKG,1959,3.0181
Hong Kong,HKG,1960,2.9821
Hong Kong,HKG,1961,3.0733
Hong Kong,HKG,1962,2.8373
Hong Kong,HKG,1963,2.5406
Hong Kong,HKG,1964,1.7263
Hong Kong,HKG,1965,3.4612
Hong Kong,HKG,1966,3.2255
Hong Kong,HKG,1967,3.1708
Hong Kong,HKG,1968,1.0804
Hong Kong,HKG,1969,1.1698
Hong Kong,HKG,1970,1.2246
Hong Kong,HKG,1971,1.4111
Hong Kong,HKG,1972,1.4162
Hong Kong,HKG,1973,1.4307
Hong Kong,HKG,1974,1.4153
Hong Kong,HKG,1975,1.2894
Hong Kong,HKG,1976,1.2248
Hong Kong,HKG,1977,1.2146
Hong Kong,HKG,1978,1.1966
Hong Kong,HKG,1979,1.1851
Hong Kong,HKG,1980,1.2099
Hong Kong,HKG,1981,1.1864
Hong Kong,HKG,1982,1.1674
Hong Kong,HKG,1983,1.1091
Hong Kong,HKG,1984,0.9913
Hong Kong,HKG,1985,0.9544
Hong Kong,HKG,1986,0.8697
Hong Kong,HKG,1987,0.8332
Hong Kong,HKG,1988,0.8953
Hong Kong,HKG,1989,0.8016
Hong Kong,HKG,1990,0.7644
Hong Kong,HKG,1991,0.7624
Hong Kong,HKG,1992,0.8009
Hong Kong,HKG,1993,0.7793
Hong Kong,HKG,1994,0.7758
Hong Kong,HKG,1995,0.7025
Hong Kong,HKG,1996,0.5881
Hong Kong,HKG,1997,0.5012
Hong Kong,HKG,1998,0.4033
Hong Kong,HKG,1999,0.3714
Hong Kong,HKG,2000,0.4031
Hong Kong,HKG,2001,0.3251
Hong Kong,HKG,2002,0.2942
Hong Kong,HKG,2003,0.2374
Hong Kong,HKG,2004,0.2368
Hong Kong,HKG,2005,0.2555
Hong Kong,HKG,2006,0.2743
Hong Kong,HKG,2007,0.3
Hong Kong,HKG,2008,0.3101
Hong Kong,HKG,2009,0.3009
Hong Kong,HKG,2010,0.3612
Hong Kong,HKG,2011,0.3792
Hong Kong,HKG,2012,0.4428
Hong Kong,HKG,2013,0.4856
Hong Kong,HKG,2014,0.4206
Hong Kong,HKG,2015,0.4348
Hong Kong,HKG,2016,0.4097
Hong Kong,HKG,2017,0.3383
Hong Kong,HKG,2018,0.2767
Hong Kong,HKG,2019,0.2265
Hong Kong,HKG,2020,0.0115
Hong Kong,HKG,2021,-0.0921
Hong Kong,HKG,2022,-0.3164
Hong Kong,HKG,2023,-0.2136
Hungary,HUN,1950,0.9608
Hungary,HUN,1951,0.8681
Hungary,HUN,1952,0.8357
Hungary,HUN,1953,0.9864
Hungary,HUN,1954,1.1923
Hungary,HUN,1955,1.1533
Hungary,HUN,1956,0.9168
Hungary,HUN,1957,0.6548
Hungary,HUN,1958,0.6098
Hungary,HUN,1959,0.4705
Hungary,HUN,1960,0.4481
Hungary,HUN,1961,0.4371
Hungary,HUN,1962,0.2207
Hungary,HUN,1963,0.3165
Hungary,HUN,1964,0.3035
Hungary,HUN,1965,0.2373
Hungary,HUN,1966,0.3517
Hungary,HUN,1967,0.3741
Hungary,HUN,1968,0.3711
Hungary,HUN,1969,0.3573
Hungary,HUN,1970,0.2987
Hungary,HUN,1971,0.2605
Hungary,HUN,1972,0.3253
Hungary,HUN,1973,0.3272
Hungary,HUN,1974,0.5766
Hungary,HUN,1975,0.6029
Hungary,HUN,1976,0.5073
Hungary,HUN,1977,0.4294
Hungary,HUN,1978,0.2649
Hungary,HUN,1979,0.2243
Hungary,HUN,1980,0.0414
Hungary,HUN,1981,-0.0172
Hungary,HUN,1982,-0.105
Hungary,HUN,1983,-0.2116
Hungary,HUN,1984,-0.2133
Hungary,HUN,1985,-0.1843
Hungary,HUN,1986,-0.1966
Hungary,HUN,1987,-0.1797
Hungary,HUN,1988,-0.1734
Hungary,HUN,1989,-0.2218
Hungary,HUN,1990,-0.2042
Hungary,HUN,1991,-0.1817
Hungary,HUN,1992,-0.2666
Hungary,HUN,1993,-0.322
Hungary,HUN,1994,-0.3019
Hungary,HUN,1995,-0.3212
Hungary,HUN,1996,-0.3639
Hungary,HUN,1997,-0.3754
Hungary,HUN,1998,-0.4189
Hungary,HUN,1999,-0.4627
Hungary,HUN,2000,-0.3664
Hungary,HUN,2001,-0.3372
Hungary,HUN,2002,-0.3488
Hungary,HUN,2003,-0.399
Hungary,HUN,2004,-0.3622
Hungary,HUN,2005,-0.3695
Hungary,HUN,2006,-0.3099
Hungary,HUN,2007,-0.3406
Hungary,HUN,2008,-0.3048
Hungary,HUN,2009,-0.3346
Hungary,HUN,2010,-0.3899
Hungary,HUN,2011,-0.3865
Hungary,HUN,2012,-0.3914
Hungary,HUN,2013,-0.3707
Hungary,HUN,2014,-0.3403
Hungary,HUN,2015,-0.3978
Hungary,HUN,2016,-0.3276
Hungary,HUN,2017,-0.3882
Hungary,HUN,2018,-0.3973
Hungary,HUN,2019,-0.3868
Hungary,HUN,2020,-0.4868
Hungary,HUN,2021,-0.6723
Hungary,HUN,2022,-0.4551
Hungary,HUN,2023,-0.4407
Iceland,ISL,1950,2.0896
Iceland,ISL,1951,1.9837
Iceland,ISL,1952,2.0457
Iceland,ISL,1953,2.0842
Iceland,ISL,1954,2.0941
Iceland,ISL,1955,2.1389
Iceland,ISL,1956,2.1221
Iceland,ISL,1957,2.1176
Iceland,ISL,1958,2.0389
Iceland,ISL,1959,2.0529
Iceland,ISL,1960,2.104
Iceland,ISL,1961,1.835
Iceland,ISL,1962,1.9007
Iceland,ISL,1963,1.8779
Iceland,ISL,1964,1.8292
Iceland,ISL,1965,1.7768
Iceland,ISL,1966,1.672
Iceland,ISL,1967,1.5164
Iceland,ISL,1968,1.4045
Iceland,ISL,1969,1.3635
Iceland,ISL,1970,1.2695
Iceland,ISL,1971,1.3381
Iceland,ISL,1972,1.5247
Iceland,ISL,1973,1.4632
Iceland,ISL,1974,1.2818
Iceland,ISL,1975,1.352
Iceland,ISL,1976,1.3407
Iceland,ISL,1977,1.1713
Iceland,ISL,1978,1.226
Iceland,ISL,1979,1.3223
Iceland,ISL,1980,1.3118
Iceland,ISL,1981,1.1626
Iceland,ISL,1982,1.1716
Iceland,ISL,1983,1.1411
Iceland,ISL,1984,1.0551
Iceland,ISL,1985,0.9226
Iceland,ISL,1986,0.9437
Iceland,ISL,1987,0.995
Iceland,ISL,1988,1.117
Iceland,ISL,1989,1.1374
Iceland,ISL,1990,1.1968
Iceland,ISL,1991,1.0592
Iceland,ISL,1992,1.1072
Iceland,ISL,1993,1.0879
Iceland,ISL,1994,1.0256
Iceland,ISL,1995,0.8766
Iceland,ISL,1996,0.9026
Iceland,ISL,1997,0.8474
Iceland,ISL,1998,0.8472
Iceland,ISL,1999,0.785
Iceland,ISL,2000,0.8689
Iceland,ISL,2001,0.8249
Iceland,ISL,2002,0.7744
Iceland,ISL,2003,0.7998
Iceland,ISL,2004,0.8198
Iceland,ISL,2005,0.8069
Iceland,ISL,2006,0.8091
Iceland,ISL,2007,0.8145
Iceland,ISL,2008,0.8805
Iceland,ISL,2009,0.9561
Iceland,ISL,2010,0.9082
Iceland,ISL,2011,0.7901
Iceland,ISL,2012,0.7958
Iceland,ISL,2013,0.6668
Iceland,ISL,2014,0.6993
Iceland,ISL,2015,0.5841
Iceland,ISL,2016,0.5018
Iceland,ISL,2017,0.5126
Iceland,ISL,2018,0.5394
Iceland,ISL,2019,0.5885
Iceland,ISL,2020,0.5923
Iceland,ISL,2021,0.6641
Iceland,ISL,2022,0.3965
Iceland,ISL,2023,0.4476
India,IND,1950,2.1473
India,IND,1951,2.1732
India,IND,1952,2.2201
India,IND,1953,2.2511
India,IND,1954,2.3189
India,IND,1955,2.3345
India,IND,1956,2.3411
India,IND,1957,2.3389
India,IND,1958,2.3279
India,IND,1959,2.3311
India,IND,1960,2.3481
India,IND,1961,2.3443
India,IND,1962,2.3494
India,IND,1963,2.3533
India,IND,1964,2.3549
India,IND,1965,2.2291
India,IND,1966,2.2147
India,IND,1967,2.2048
India,IND,1968,2.297
India,IND,1969,2.2791
India,IND,1970,2.2749
India,IND,1971,2.2912
India,IND,1972,2.2861
India,IND,1973,2.2988
India,IND,1974,2.3107
India,IND,1975,2.2834
India,IND,1976,2.3065
India,IND,1977,2.2746
India,IND,1978,2.272
India,IND,1979,2.2935
India,IND,1980,2.3305
India,IND,1981,2.3337
India,IND,1982,2.331
India,IND,1983,2.3352
India,IND,1984,2.3446
India,IND,1985,2.3256
India,IND,1986,2.3341
India,IND,1987,2.2865
India,IND,1988,2.2606
India,IND,1989,2.2279
India,IND,1990,2.1843
India,IND,1991,2.1551
India,IND,1992,2.1189
India,IND,1993,2.077
India,IND,1994,2.0518
India,IND,1995,2.0198
India,IND,1996,1.9846
India,IND,1997,1.9511
India,IND,1998,1.9211
India,IND,1999,1.8925
India,IND,2000,1.889
India,IND,2001,1.8724
India,IND,2002,1.8244
India,IND,2003,1.7658
India,IND,2004,1.7139
India,IND,2005,1.6485
India,IND,2006,1.5894
India,IND,2007,1.5396
India,IND,2008,1.5096
India,IND,2009,1.4921
India,IND,2010,1.4469
India,IND,2011,1.4108
India,IND,2012,1.3727
India,IND,2013,1.3202
India,IND,2014,1.2319
India,IND,2015,1.2207
India,IND,2016,1.2056
India,IND,2017,1.1322
India,IND,2018,1.124
India,IND,2019,1.0698
India,IND,2020,0.953
India,IND,2021,0.7232
India,IND,2022,0.976
India,IND,2023,0.9535
Indonesia,IDN,1950,1.9594
Indonesia,IDN,1951,2.0603
Indonesia,IDN,1952,2.1589
Indonesia,IDN,1953,2.2454
Indonesia,IDN,1954,2.3375
Indonesia,IDN,1955,2.4155
Indonesia,IDN,1956,2.4792
Indonesia,IDN,1957,2.5334
Indonesia,IDN,1958,2.5703
Indonesia,IDN,1959,2.6241
Indonesia,IDN,1960,2.6626
Indonesia,IDN,1961,2.681
Indonesia,IDN,1962,2.7043
Indonesia,IDN,1963,2.7168
Indonesia,IDN,1964,2.732
Indonesia,IDN,1965,2.2482
Indonesia,IDN,1966,2.6158
Indonesia,IDN,1967,2.7317
Indonesia,IDN,1968,2.7059
Indonesia,IDN,1969,2.6972
Indonesia,IDN,1970,2.6634
Indonesia,IDN,1971,2.6182
Indonesia,IDN,1972,2.5809
Indonesia,IDN,1973,2.5626
Indonesia,IDN,1974,2.4862
Indonesia,IDN,1975,2.4755
Indonesia,IDN,1976,2.435
Indonesia,IDN,1977,2.4072
Indonesia,IDN,1978,2.4043
Indonesia,IDN,1979,2.3795
Indonesia,IDN,1980,2.3396
Indonesia,IDN,1981,2.2935
Indonesia,IDN,1982,2.272
Indonesia,IDN,1983,2.2292
Indonesia,IDN,1984,2.1743
Indonesia,IDN,1985,2.0503
Indonesia,IDN,1986,1.945
Indonesia,IDN,1987,1.9045
Indonesia,IDN,1988,1.8836
Indonesia,IDN,1989,1.8406
Indonesia,IDN,1990,1.7716
Indonesia,IDN,1991,1.7608
Indonesia,IDN,1992,1.7057
Indonesia,IDN,1993,1.7006
Indonesia,IDN,1994,1.6746
Indonesia,IDN,1995,1.6532
Indonesia,IDN,1996,1.6395
Indonesia,IDN,1997,1.6163
Indonesia,IDN,1998,1.5531
Indonesia,IDN,1999,1.4728
Indonesia,IDN,2000,1.4257
Indonesia,IDN,2001,1.3995
Indonesia,IDN,2002,1.3792
Indonesia,IDN,2003,1.3498
Indonesia,IDN,2004,1.2699
Indonesia,IDN,2005,1.3642
Indonesia,IDN,2006,1.352
Indonesia,IDN,2007,1.3547
Indonesia,IDN,2008,1.3067
Indonesia,IDN,2009,1.2914
Indonesia,IDN,2010,1.2834
Indonesia,IDN,2011,1.3094
Indonesia,IDN,2012,1.29
Indonesia,IDN,2013,1.2133
Indonesia,IDN,2014,1.1592
Indonesia,IDN,2015,1.1074
Indonesia,IDN,2016,1.0636
Indonesia,IDN,2017,1.0034
Indonesia,IDN,2018,0.9584
Indonesia,IDN,2019,0.9351
Indonesia,IDN,2020,0.7831
Indonesia,IDN,2021,0.6375
Indonesia,IDN,2022,0.8712
Indonesia,IDN,2023,0.841
Iran,IRN,1950,2.218
Iran,IRN,1951,2.2365
Iran,IRN,1952,2.2926
Iran,IRN,1953,2.335
Iran,IRN,1954,2.3845
Iran,IRN,1955,2.4943
Iran,IRN,1956,2.5679
Iran,IRN,1957,2.6227
Iran,IRN,1958,2.7123
Iran,IRN,1959,2.7657
Iran,IRN,1960,2.7203
Iran,IRN,1961,2.6877
Iran,IRN,1962,2.6111
Iran,IRN,1963,2.6367
Iran,IRN,1964,2.6196
Iran,IRN,1965,2.6482
Iran,IRN,1966,2.6909
Iran,IRN,1967,2.7312
Iran,IRN,1968,2.7116
Iran,IRN,1969,2.7611
Iran,IRN,1970,2.7264
Iran,IRN,1971,2.6835
Iran,IRN,1972,2.6003
Iran,IRN,1973,2.6127
Iran,IRN,1974,2.663
Iran,IRN,1975,2.7497
Iran,IRN,1976,2.9088
Iran,IRN,1977,3.0377
Iran,IRN,1978,3.1163
Iran,IRN,1979,3.3684
Iran,IRN,1980,3.4167
Iran,IRN,1981,3.279
Iran,IRN,1982,3.4203
Iran,IRN,1983,3.4187
Iran,IRN,1984,3.4587
Iran,IRN,1985,3.3515
Iran,IRN,1986,3.2253
Iran,IRN,1987,3.0749
Iran,IRN,1988,2.9316
Iran,IRN,1989,2.8388
Iran,IRN,1990,2.6215
Iran,IRN,1991,2.4932
Iran,IRN,1992,2.2317
Iran,IRN,1993,1.9863
Iran,IRN,1994,1.6386
Iran,IRN,1995,1.4141
Iran,IRN,1996,1.2476
Iran,IRN,1997,1.1417
Iran,IRN,1998,1.1123
Iran,IRN,1999,1.1051
Iran,IRN,2000,1.1009
Iran,IRN,2001,1.1025
Iran,IRN,2002,1.106
Iran,IRN,2003,1.0653
Iran,IRN,2004,1.1404
Iran,IRN,2005,1.1657
Iran,IRN,2006,1.2052
Iran,IRN,2007,1.2322
Iran,IRN,2008,1.2461
Iran,IRN,2009,1.2534
Iran,IRN,2010,1.2663
Iran,IRN,2011,1.3063
Iran,IRN,2012,1.3529
Iran,IRN,2013,1.3922
Iran,IRN,2014,1.4215
Iran,IRN,2015,1.4262
Iran,IRN,2016,1.4162
Iran,IRN,2017,1.3414
Iran,IRN,2018,1.2019
Iran,IRN,2019,1.0259
Iran,IRN,2020,0.7569
Iran,IRN,2021,0.73
Iran,IRN,2022,0.8417
Iran,IRN,2023,0.8279
Iraq,IRQ,1950,1.9547
Iraq,IRQ,1951,2.1747
Iraq,IRQ,1952,2.5191
Iraq,IRQ,1953,2.5658
Iraq,IRQ,1954,2.5667
Iraq,IRQ,1955,2.1715
Iraq,IRQ,1956,2.2859
Iraq,IRQ,1957,1.6322
Iraq,IRQ,1958,1.7661
Iraq,IRQ,1959,2.1384
Iraq,IRQ,1960,2.2166
Iraq,IRQ,1961,2.5685
Iraq,IRQ,1962,3.3386
Iraq,IRQ,1963,3.3131
Iraq,IRQ,1964,3.3145
Iraq,IRQ,1965,3.3473
Iraq,IRQ,1966,3.3648
Iraq,IRQ,1967,3.3967
Iraq,IRQ,1968,3.4193
Iraq,IRQ,1969,3.454
Iraq,IRQ,1970,3.4721
Iraq,IRQ,1971,3.4875
Iraq,IRQ,1972,3.4739
Iraq,IRQ,1973,3.4568
Iraq,IRQ,1974,3.3686
Iraq,IRQ,1975,3.3431
Iraq,IRQ,1976,3.3725
Iraq,IRQ,1977,3.3268
Iraq,IRQ,1978,3.2835
Iraq,IRQ,1979,3.2532
Iraq,IRQ,1980,3.0875
Iraq,IRQ,1981,2.9772
Iraq,IRQ,1982,2.9733
Iraq,IRQ,1983,2.9635
Iraq,IRQ,1984,2.9766
Iraq,IRQ,1985,2.9805
Iraq,IRQ,1986,2.951
Iraq,IRQ,1987,2.9583
Iraq,IRQ,1988,2.8197
Iraq,IRQ,1989,2.8613
Iraq,IRQ,1990,2.9496
Iraq,IRQ,1991,3.0964
Iraq,IRQ,1992,3.2342
Iraq,IRQ,1993,3.1597
Iraq,IRQ,1994,3.1497
Iraq,IRQ,1995,3.0874
Iraq,IRQ,1996,3.0364
Iraq,IRQ,1997,3.0103
Iraq,IRQ,1998,2.9896
Iraq,IRQ,1999,2.9707
Iraq,IRQ,2000,2.9306
Iraq,IRQ,2001,2.8959
Iraq,IRQ,2002,2.8432
Iraq,IRQ,2003,2.7839
Iraq,IRQ,2004,2.7615
Iraq,IRQ,2005,2.7338
Iraq,IRQ,2006,2.7863
Iraq,IRQ,2007,2.7618
Iraq,IRQ,2008,2.7696
Iraq,IRQ,2009,2.8448
Iraq,IRQ,2010,2.9195
Iraq,IRQ,2011,3.0194
Iraq,IRQ,2012,2.9713
Iraq,IRQ,2013,2.9081
Iraq,IRQ,2014,2.8474
Iraq,IRQ,2015,2.6825
Iraq,IRQ,2016,2.4616
Iraq,IRQ,2017,2.3502
Iraq,IRQ,2018,2.3303
Iraq,IRQ,2019,2.2892
Iraq,IRQ,2020,2.1843
Iraq,IRQ,2021,2.1869
Iraq,IRQ,2022,2.184
Iraq,IRQ,2023,2.1596
Ireland,IRL,1950,0.9997
Ireland,IRL,1951,0.867
Ireland,IRL,1952,1.1251
Ireland,IRL,1953,1.1099
Ireland,IRL,1954,1.0123
Ireland,IRL,1955,0.8847
Ireland,IRL,1956,0.9616
Ireland,IRL,1957,0.9729
Ireland,IRL,1958,0.9218
Ireland,IRL,1959,0.9562
Ireland,IRL,1960,1.0362
Ireland,IRL,1961,0.9004
Ireland,IRL,1962,0.9838
Ireland,IRL,1963,1.0297
Ireland,IRL,1964,1.0936
Ireland,IRL,1965,1.0575
Ireland,IRL,1966,0.9332
Ireland,IRL,1967,1.0212
Ireland,IRL,1968,0.9551
Ireland,IRL,1969,0.9994
Ireland,IRL,1970,1.0486
Ireland,IRL,1971,1.1834
Ireland,IRL,1972,1.1176
Ireland,IRL,1973,1.1215
Ireland,IRL,1974,1.0933
Ireland,IRL,1975,1.0794
Ireland,IRL,1976,1.0596
Ireland,IRL,1977,1.0922
Ireland,IRL,1978,1.1115
Ireland,IRL,1979,1.1614
Ireland,IRL,1980,1.2024
Ireland,IRL,1981,1.1544
Ireland,IRL,1982,1.1191
Ireland,IRL,1983,0.9936
Ireland,IRL,1984,0.9255
Ireland,IRL,1985,0.8443
Ireland,IRL,1986,0.8102
Ireland,IRL,1987,0.7879
Ireland,IRL,1988,0.6802
Ireland,IRL,1989,0.5909
Ireland,IRL,1990,0.6291
Ireland,IRL,1991,0.6122
Ireland,IRL,1992,0.5733
Ireland,IRL,1993,0.4873
Ireland,IRL,1994,0.4881
Ireland,IRL,1995,0.4612
Ireland,IRL,1996,0.522
Ireland,IRL,1997,0.5772
Ireland,IRL,1998,0.6017
Ireland,IRL,1999,0.5649
Ireland,IRL,2000,0.61
Ireland,IRL,2001,0.7008
Ireland,IRL,2002,0.7725
Ireland,IRL,2003,0.8045
Ireland,IRL,2004,0.8072
Ireland,IRL,2005,0.7831
Ireland,IRL,2006,0.8422
Ireland,IRL,2007,0.9684
Ireland,IRL,2008,1.0476
Ireland,IRL,2009,1.0598
Ireland,IRL,2010,1.0549
Ireland,IRL,2011,1.0145
Ireland,IRL,2012,0.9467
Ireland,IRL,2013,0.871
Ireland,IRL,2014,0.8304
Ireland,IRL,2015,0.7653
Ireland,IRL,2016,0.709
Ireland,IRL,2017,0.6646
Ireland,IRL,2018,0.6227
Ireland,IRL,2019,0.5773
Ireland,IRL,2020,0.4887
Ireland,IRL,2021,0.4797
Ireland,IRL,2022,0.3542
Ireland,IRL,2023,0.3409
Isle of Man,IMN,1950,0.1343
Isle of Man,IMN,1951,0.0899
Isle of Man,IMN,1952,0.0034
Isle of Man,IMN,1953,-0.0963
Isle of Man,IMN,1954,-0.2051
Isle of Man,IMN,1955,-0.3155
Isle of Man,IMN,1956,-0.2996
Isle of Man,IMN,1957,-0.3106
Isle of Man,IMN,1958,-0.2781
Isle of Man,IMN,1959,-0.3284
Isle of Man,IMN,1960,-0.2742
Isle of Man,IMN,1961,-0.3419
Isle of Man,IMN,1962,-0.4011
Isle of Man,IMN,1963,-0.4203
Isle of Man,IMN,1964,-0.4221
Isle of Man,IMN,1965,-0.4619
Isle of Man,IMN,1966,-0.4911
Isle of Man,IMN,1967,-0.4695
Isle of Man,IMN,1968,-0.4395
Isle of Man,IMN,1969,-0.3815
Isle of Man,IMN,1970,-0.3314
Isle of Man,IMN,1971,-0.3403
Isle of Man,IMN,1972,-0.3387
Isle of Man,IMN,1973,-0.3516
Isle of Man,IMN,1974,-0.3784
Isle of Man,IMN,1975,-0.4107
Isle of Man,IMN,1976,-0.4313
Isle of Man,IMN,1977,-0.4408
Isle of Man,IMN,1978,-0.4346
Isle of Man,IMN,1979,-0.4239
Isle of Man,IMN,1980,-0.4022
Isle of Man,IMN,1981,-0.3886
Isle of Man,IMN,1982,-0.3969
Isle of Man,IMN,1983,-0.4115
Isle of Man,IMN,1984,-0.4285
Isle of Man,IMN,1985,-0.427
Isle of Man,IMN,1986,-0.4208
Isle of Man,IMN,1987,-0.3672
Isle of Man,IMN,1988,-0.3036
Isle of Man,IMN,1989,-0.2489
Isle of Man,IMN,1990,-0.178
Isle of Man,IMN,1991,-0.1221
Isle of Man,IMN,1992,-0.0967
Isle of Man,IMN,1993,-0.0967
Isle of Man,IMN,1994,-0.0996
Isle of Man,IMN,1995,-0.0881
Isle of Man,IMN,1996,-0.0775
Isle of Man,IMN,1997,-0.0613
Isle of Man,IMN,1998,-0.0498
Isle of Man,IMN,1999,-0.0567
Isle of Man,IMN,2000,-0.0256
Isle of Man,IMN,2001,0.0073
Isle of Man,IMN,2002,0.0255
Isle of Man,IMN,2003,0.0277
Isle of Man,IMN,2004,0.0354
Isle of Man,IMN,2005,0.0733
Isle of Man,IMN,2006,0.1055
Isle of Man,IMN,2007,0.1357
Isle of Man,IMN,2008,0.1651
Isle of Man,IMN,2009,0.1792
Isle of Man,IMN,2010,0.182
Isle of Man,IMN,2011,0.1684
Isle of Man,IMN,2012,0.1305
Isle of Man,IMN,2013,0.085
Isle of Man,IMN,2014,0.0406
Isle of Man,IMN,2015,-0.0085
Isle of Man,IMN,2016,-0.0486
Isle of Man,IMN,2017,-0.0781
Isle of Man,IMN,2018,-0.1037
Isle of Man,IMN,2019,-0.1259
Isle of Man,IMN,2020,-0.1754
Isle of Man,IMN,2021,-0.2185
Isle of Man,IMN,2022,-0.183
Isle of Man,IMN,2023,-0.2136
Israel,ISR,1950,3.1097
Israel,ISR,1951,2.9927
Israel,ISR,1952,2.9412
Israel,ISR,1953,2.8033
Israel,ISR,1954,2.4522
Israel,ISR,1955,2.5016
Israel,ISR,1956,2.4145
Israel,ISR,1957,2.3128
Israel,ISR,1958,2.3076
Israel,ISR,1959,2.2987
Israel,ISR,1960,2.2977
Israel,ISR,1961,2.0933
Israel,ISR,1962,1.9791
Israel,ISR,1963,1.9475
Israel,ISR,1964,1.9771
Israel,ISR,1965,1.9866
Israel,ISR,1966,1.9068
Israel,ISR,1967,1.8282
Israel,ISR,1968,1.7738
Israel,ISR,1969,1.805
Israel,ISR,1970,1.9348
Israel,ISR,1971,2.0423
Israel,ISR,1972,2.0571
Israel,ISR,1973,1.967
Israel,ISR,1974,2.019
Israel,ISR,1975,2.0235
Israel,ISR,1976,2.0901
Israel,ISR,1977,1.9678
Israel,ISR,1978,1.8196
Israel,ISR,1979,1.7859
Israel,ISR,1980,1.738
Israel,ISR,1981,1.6876
Israel,ISR,1982,1.7005
Israel,ISR,1983,1.7349
Israel,ISR,1984,1.683
Israel,ISR,1985,1.6593
Israel,ISR,1986,1.5926
Israel,ISR,1987,1.5456
Israel,ISR,1988,1.5375
Israel,ISR,1989,1.513
Israel,ISR,1990,1.4911
Israel,ISR,1991,1.4673
Israel,ISR,1992,1.4906
Israel,ISR,1993,1.5111
Israel,ISR,1994,1.4919
Israel,ISR,1995,1.4787
Israel,ISR,1996,1.488
Israel,ISR,1997,1.5036
Israel,ISR,1998,1.5445
Israel,ISR,1999,1.5358
Israel,ISR,2000,1.5884
Israel,ISR,2001,1.5729
Israel,ISR,2002,1.5805
Israel,ISR,2003,1.6169
Israel,ISR,2004,1.5755
Israel,ISR,2005,1.5243
Israel,ISR,2006,1.5586
Israel,ISR,2007,1.5665
Israel,ISR,2008,1.6045
Israel,ISR,2009,1.6385
Israel,ISR,2010,1.677
Israel,ISR,2011,1.6351
Israel,ISR,2012,1.6343
Israel,ISR,2013,1.6163
Israel,ISR,2014,1.6204
Israel,ISR,2015,1.5951
Israel,ISR,2016,1.6042
Israel,ISR,2017,1.5911
Israel,ISR,2018,1.5671
Israel,ISR,2019,1.4981
Israel,ISR,2020,1.4021
Israel,ISR,2021,1.4345
Israel,ISR,2022,1.3764
Israel,ISR,2023,1.3074
Italy,ITA,1950,0.9929
Italy,ITA,1951,0.8259
Italy,ITA,1952,0.7979
Italy,ITA,1953,0.7802
Italy,ITA,1954,0.91
Italy,ITA,1955,0.8972
Italy,ITA,1956,0.799
Italy,ITA,1957,0.8286
Italy,ITA,1958,0.8677
Italy,ITA,1959,0.9191
Italy,ITA,1960,0.856
Italy,ITA,1961,0.8994
Italy,ITA,1962,0.8335
Italy,ITA,1963,0.8633
Italy,ITA,1964,1.0117
Italy,ITA,1965,0.9125
Italy,ITA,1966,0.9217
Italy,ITA,1967,0.8279
Italy,ITA,1968,0.7635
Italy,ITA,1969,0.7332
Italy,ITA,1970,0.7094
Italy,ITA,1971,0.7024
Italy,ITA,1972,0.6617
Italy,ITA,1973,0.594
Italy,ITA,1974,0.6085
Italy,ITA,1975,0.4909
Italy,ITA,1976,0.4184
Italy,ITA,1977,0.3503
Italy,ITA,1978,0.2994
Italy,ITA,1979,0.2365
Italy,ITA,1980,0.1567
Italy,ITA,1981,0.1379
Italy,ITA,1982,0.1477
Italy,ITA,1983,0.067
Italy,ITA,1984,0.0949
Italy,ITA,1985,0.0514
Italy,ITA,1986,0.0194
Italy,ITA,1987,0.0338
Italy,ITA,1988,0.0493
Italy,ITA,1989,0.0524
Italy,ITA,1990,0.0433
Italy,ITA,1991,0.0143
Italy,ITA,1992,0.0342
Italy,ITA,1993,-0.0071
Italy,ITA,1994,-0.0422
Italy,ITA,1995,-0.0902
Italy,ITA,1996,-0.0417
Italy,ITA,1997,-0.0451
Italy,ITA,1998,-0.0715
Italy,ITA,1999,-0.0529
Italy,ITA,2000,-0.0304
Italy,ITA,2001,-0.0356
Italy,ITA,2002,-0.0393
Italy,ITA,2003,-0.0722
Italy,ITA,2004,0.0331
Italy,ITA,2005,-0.017
Italy,ITA,2006,0.0082
Italy,ITA,2007,-0.0123
Italy,ITA,2008,-0.0074
Italy,ITA,2009,-0.0287
Italy,ITA,2010,-0.0341
Italy,ITA,2011,-0.0746
Italy,ITA,2012,-0.1301
Italy,ITA,2013,-0.1437
Italy,ITA,2014,-0.1698
Italy,ITA,2015,-0.2754
Italy,ITA,2016,-0.2506
Italy,ITA,2017,-0.3374
Italy,ITA,2018,-0.333
Italy,ITA,2019,-0.3731
Italy,ITA,2020,-0.5715
Italy,ITA,2021,-0.4472
Italy,ITA,2022,-0.5735
Italy,ITA,2023,-0.4686
Jamaica,JAM,1950,2.1504
Jamaica,JAM,1951,2.2339
Jamaica,JAM,1952,2.289
Jamaica,JAM,1953,2.3983
Jamaica,JAM,1954,2.5075
Jamaica,JAM,1955,2.6358
Jamaica,JAM,1956,2.7692
Jamaica,JAM,1957,2.894
Jamaica,JAM,1958,3.0123
Jamaica,JAM,1959,3.0517
Jamaica,JAM,1960,3.1481
Jamaica,JAM,1961,3.1036
Jamaica,JAM,1962,3.0501
Jamaica,JAM,1963,3.0374
Jamaica,JAM,1964,3.0077
Jamaica,JAM,1965,2.9066
Jamaica,JAM,1966,2.8361
Jamaica,JAM,1967,2.7684
Jamaica,JAM,1968,2.6824
Jamaica,JAM,1969,2.6013
Jamaica,JAM,1970,2.5315
Jamaica,JAM,1971,2.4797
Jamaica,JAM,1972,2.4165
Jamaica,JAM,1973,2.4188
Jamaica,JAM,1974,2.2867
Jamaica,JAM,1975,2.2158
Jamaica,JAM,1976,2.145
Jamaica,JAM,1977,2.0766
Jamaica,JAM,1978,2.0276
Jamaica,JAM,1979,2.0028
Jamaica,JAM,1980,1.9722
Jamaica,JAM,1981,1.9734
Jamaica,JAM,1982,1.9881
Jamaica,JAM,1983,2.0178
Jamaica,JAM,1984,2.0156
Jamaica,JAM,1985,1.9698
Jamaica,JAM,1986,1.9255
Jamaica,JAM,1987,1.8952
Jamaica,JAM,1988,1.8748
Jamaica,JAM,1989,1.8456
Jamaica,JAM,1990,1.8684
Jamaica,JAM,1991,1.9
Jamaica,JAM,1992,1.9175
Jamaica,JAM,1993,1.8813
Jamaica,JAM,1994,1.8265
Jamaica,JAM,1995,1.7481
Jamaica,JAM,1996,1.6755
Jamaica,JAM,1997,1.5904
Jamaica,JAM,1998,1.5032
Jamaica,JAM,1999,1.4151
Jamaica,JAM,2000,1.3211
Jamaica,JAM,2001,1.2828
Jamaica,JAM,2002,1.2714
Jamaica,JAM,2003,1.255
Jamaica,JAM,2004,1.2162
Jamaica,JAM,2005,1.1725
Jamaica,JAM,2006,1.1186
Jamaica,JAM,2007,1.0644
Jamaica,JAM,2008,1.0109
Jamaica,JAM,2009,0.9613
Jamaica,JAM,2010,0.9107
Jamaica,JAM,2011,0.8559
Jamaica,JAM,2012,0.8051
Jamaica,JAM,2013,0.7557
Jamaica,JAM,2014,0.707
Jamaica,JAM,2015,0.6597
Jamaica,JAM,2016,0.603
Jamaica,JAM,2017,0.5476
Jamaica,JAM,2018,0.4939
Jamaica,JAM,2019,0.4638
Jamaica,JAM,2020,0.4299
Jamaica,JAM,2021,0.2249
Jamaica,JAM,2022,0.395
Jamaica,JAM,2023,0.3547
Japan,JPN,1950,1.7566
Japan,JPN,1951,1.5645
Japan,JPN,1952,1.4677
Japan,JPN,1953,1.2796
Japan,JPN,1954,1.2124
Japan,JPN,1955,1.1816
Japan,JPN,1956,1.0599
Japan,JPN,1957,0.9126
Japan,JPN,1958,1.0633
Japan,JPN,1959,1.0204
Japan,JPN,1960,0.9656
Japan,JPN,1961,0.9403
Japan,JPN,1962,0.9375
Japan,JPN,1963,1.0126
Japan,JPN,1964,1.0645
Japan,JPN,1965,1.1294
Japan,JPN,1966,0.771
Japan,JPN,1967,1.2346
Japan,JPN,1968,1.1508
Japan,JPN,1969,1.1215
Japan,JPN,1970,1.1324
Japan,JPN,1971,1.246
Japan,JPN,1972,1.2913
Japan,JPN,1973,1.3105
Japan,JPN,1974,1.2366
Japan,JPN,1975,1.1013
Japan,JPN,1976,1.0044
Japan,JPN,1977,0.9318
Japan,JPN,1978,0.8797
Japan,JPN,1979,0.8249
Japan,JPN,1980,0.7224
Japan,JPN,1981,0.6609
Japan,JPN,1982,0.6395
Japan,JPN,1983,0.6007
Japan,JPN,1984,0.5763
Japan,JPN,1985,0.5104
Japan,JPN,1986,0.4661
Japan,JPN,1987,0.4363
Japan,JPN,1988,0.3719
Japan,JPN,1989,0.3278
Japan,JPN,1990,0.2803
Japan,JPN,1991,0.2812
Japan,JPN,1992,0.2469
Japan,JPN,1993,0.2128
Japan,JPN,1994,0.2435
Japan,JPN,1995,0.1788
Japan,JPN,1996,0.2127
Japan,JPN,1997,0.194
Japan,JPN,1998,0.1835
Japan,JPN,1999,0.1338
Japan,JPN,2000,0.1594
Japan,JPN,2001,0.1409
Japan,JPN,2002,0.117
Japan,JPN,2003,0.0693
Japan,JPN,2004,0.0444
Japan,JPN,2005,-0.0342
Japan,JPN,2006,-0.0247
Japan,JPN,2007,-0.0435
Japan,JPN,2008,-0.069
Japan,JPN,2009,-0.0833
Japan,JPN,2010,-0.1287
Japan,JPN,2011,-0.1891
Japan,JPN,2012,-0.2029
Japan,JPN,2013,-0.2224
Japan,JPN,2014,-0.2468
Japan,JPN,2015,-0.2624
Japan,JPN,2016,-0.3001
Japan,JPN,2017,-0.3511
Japan,JPN,2018,-0.3935
Japan,JPN,2019,-0.4478
Japan,JPN,2020,-0.4613
Japan,JPN,2021,-0.5369
Japan,JPN,2022,-0.663
Japan,JPN,2023,-0.6228
Jersey,JEY,1950,0.3425
Jersey,JEY,1951,0.2934
Jersey,JEY,1952,0.2529
Jersey,JEY,1953,0.2045
Jersey,JEY,1954,0.1749
Jersey,JEY,1955,0.1365
Jersey,JEY,1956,0.1517
Jersey,JEY,1957,0.189
Jersey,JEY,1958,0.2607
Jersey,JEY,1959,0.3294
Jersey,JEY,1960,0.4243
Jersey,JEY,1961,0.4806
Jersey,JEY,1962,0.5616
Jersey,JEY,1963,0.6251
Jersey,JEY,1964,0.6459
Jersey,JEY,1965,0.6142
Jersey,JEY,1966,0.5211
Jersey,JEY,1967,0.4099
Jersey,JEY,1968,0.3405
Jersey,JEY,1969,0.2618
Jersey,JEY,1970,0.1642
Jersey,JEY,1971,0.164
Jersey,JEY,1972,-0.0058
Jersey,JEY,1973,-0.0369
Jersey,JEY,1974,-0.0723
Jersey,JEY,1975,-0.0908
Jersey,JEY,1976,-0.1284
Jersey,JEY,1977,-0.0631
Jersey,JEY,1978,-0.071
Jersey,JEY,1979,-0.0462
Jersey,JEY,1980,-0.0495
Jersey,JEY,1981,-0.0401
Jersey,JEY,1982,-0.0033
Jersey,JEY,1983,0.0287
Jersey,JEY,1984,0.0885
Jersey,JEY,1985,0.0643
Jersey,JEY,1986,0.1091
Jersey,JEY,1987,0.1771
Jersey,JEY,1988,0.2414
Jersey,JEY,1989,0.2569
Jersey,JEY,1990,0.2689
Jersey,JEY,1991,0.2411
Jersey,JEY,1992,0.3013
Jersey,JEY,1993,0.2508
Jersey,JEY,1994,0.3258
Jersey,JEY,1995,0.3416
Jersey,JEY,1996,0.3481
Jersey,JEY,1997,0.3353
Jersey,JEY,1998,0.3165
Jersey,JEY,1999,0.2893
Jersey,JEY,2000,0.2711
Jersey,JEY,2001,0.2503
Jersey,JEY,2002,0.2311
Jersey,JEY,2003,0.274
Jersey,JEY,2004,0.2585
Jersey,JEY,2005,0.2016
Jersey,JEY,2006,0.2006
Jersey,JEY,2007,0.2608
Jersey,JEY,2008,0.27
Jersey,JEY,2009,0.2688
Jersey,JEY,2010,0.2741
Jersey,JEY,2011,0.2704
Jersey,JEY,2012,0.2442
Jersey,JEY,2013,0.1986
Jersey,JEY,2014,0.1541
Jersey,JEY,2015,0.0846
Jersey,JEY,2016,0.0188
Jersey,JEY,2017,-0.0539
Jersey,JEY,2018,-0.1186
Jersey,JEY,2019,-0.1791
Jersey,JEY,2020,-0.2808
Jersey,JEY,2021,-0.3105
Jersey,JEY,2022,-0.2745
Jersey,JEY,2023,-0.2858
Jordan,JOR,1950,2.1874
Jordan,JOR,1951,2.315
Jordan,JOR,1952,2.4413
Jordan,JOR,1953,2.573
Jordan,JOR,1954,2.6967
Jordan,JOR,1955,2.8302
Jordan,JOR,1956,2.9656
Jordan,JOR,1957,3.0906
Jordan,JOR,1958,3.208
Jordan,JOR,1959,3.3223
Jordan,JOR,1960,3.4554
Jordan,JOR,1961,3.5811
Jordan,JOR,1962,3.6785
Jordan,JOR,1963,3.743
Jordan,JOR,1964,3.7856
Jordan,JOR,1965,3.7869
Jordan,JOR,1966,3.7832
Jordan,JOR,1967,3.8382
Jordan,JOR,1968,3.8862
Jordan,JOR,1969,3.8987
Jordan,JOR,1970,3.854
Jordan,JOR,1971,3.9366
Jordan,JOR,1972,3.949
Jordan,JOR,1973,3.9401
Jordan,JOR,1974,3.9263
Jordan,JOR,1975,3.9173
Jordan,JOR,1976,3.8802
Jordan,JOR,1977,3.8683
Jordan,JOR,1978,3.8351
Jordan,JOR,1979,3.8106
Jordan,JOR,1980,3.7825
Jordan,JOR,1981,3.7304
Jordan,JOR,1982,3.6867
Jordan,JOR,1983,3.6599
Jordan,JOR,1984,3.6197
Jordan,JOR,1985,3.5915
Jordan,JOR,1986,3.5586
Jordan,JOR,1987,3.4957
Jordan,JOR,1988,3.4373
Jordan,JOR,1989,3.3618
Jordan,JOR,1990,3.1727
Jordan,JOR,1991,3.3113
Jordan,JOR,1992,3.2522
Jordan,JOR,1993,3.2076
Jordan,JOR,1994,3.1613
Jordan,JOR,1995,3.1071
Jordan,JOR,1996,3.0097
Jordan,JOR,1997,2.8805
Jordan,JOR,1998,2.7244
Jordan,JOR,1999,2.6192
Jordan,JOR,2000,2.5323
Jordan,JOR,2001,2.4814
Jordan,JOR,2002,2.4795
Jordan,JOR,2003,2.4808
Jordan,JOR,2004,2.4099
Jordan,JOR,2005,2.352
Jordan,JOR,2006,2.2971
Jordan,JOR,2007,2.4545
Jordan,JOR,2008,2.5043
Jordan,JOR,2009,2.4875
Jordan,JOR,2010,2.4359
Jordan,JOR,2011,2.3672
Jordan,JOR,2012,2.3123
Jordan,JOR,2013,2.1331
Jordan,JOR,2014,2.0948
Jordan,JOR,2015,2.0482
Jordan,JOR,2016,2.0576
Jordan,JOR,2017,2.0119
Jordan,JOR,2018,1.9626
Jordan,JOR,2019,1.9203
Jordan,JOR,2020,1.8236
Jordan,JOR,2021,1.7241
Jordan,JOR,2022,1.7759
Jordan,JOR,2023,1.7562
Kazakhstan,KAZ,1950,2.029
Kazakhstan,KAZ,1951,2.0537
Kazakhstan,KAZ,1952,2.0589
Kazakhstan,KAZ,1953,2.0669
Kazakhstan,KAZ,1954,2.0849
Kazakhstan,KAZ,1955,2.1433
Kazakhstan,KAZ,1956,2.2472
Kazakhstan,KAZ,1957,2.3591
Kazakhstan,KAZ,1958,2.4549
Kazakhstan,KAZ,1959,2.4242
Kazakhstan,KAZ,1960,2.3969
Kazakhstan,KAZ,1961,2.3474
Kazakhstan,KAZ,1962,2.2684
Kazakhstan,KAZ,1963,2.1499
Kazakhstan,KAZ,1964,1.9541
Kazakhstan,KAZ,1965,1.769
Kazakhstan,KAZ,1966,1.6964
Kazakhstan,KAZ,1967,1.6534
Kazakhstan,KAZ,1968,1.5679
Kazakhstan,KAZ,1969,1.5146
Kazakhstan,KAZ,1970,1.5442
Kazakhstan,KAZ,1971,1.596
Kazakhstan,KAZ,1972,1.6393
Kazakhstan,KAZ,1973,1.6349
Kazakhstan,KAZ,1974,1.6178
Kazakhstan,KAZ,1975,1.6039
Kazakhstan,KAZ,1976,1.5858
Kazakhstan,KAZ,1977,1.5626
Kazakhstan,KAZ,1978,1.5355
Kazakhstan,KAZ,1979,1.5852
Kazakhstan,KAZ,1980,1.5771
Kazakhstan,KAZ,1981,1.5901
Kazakhstan,KAZ,1982,1.5942
Kazakhstan,KAZ,1983,1.6627
Kazakhstan,KAZ,1984,1.7576
Kazakhstan,KAZ,1985,1.8329
Kazakhstan,KAZ,1986,1.819
Kazakhstan,KAZ,1987,1.756
Kazakhstan,KAZ,1988,1.6404
Kazakhstan,KAZ,1989,1.4967
Kazakhstan,KAZ,1990,1.3706
Kazakhstan,KAZ,1991,1.2824
Kazakhstan,KAZ,1992,1.1815
Kazakhstan,KAZ,1993,1.0747
Kazakhstan,KAZ,1994,0.9718
Kazakhstan,KAZ,1995,0.8411
Kazakhstan,KAZ,1996,0.6846
Kazakhstan,KAZ,1997,0.5783
Kazakhstan,KAZ,1998,0.5479
Kazakhstan,KAZ,1999,0.5146
Kazakhstan,KAZ,2000,0.5206
Kazakhstan,KAZ,2001,0.5411
Kazakhstan,KAZ,2002,0.5976
Kazakhstan,KAZ,2003,0.7121
Kazakhstan,KAZ,2004,0.8346
Kazakhstan,KAZ,2005,0.9182
Kazakhstan,KAZ,2006,1.0338
Kazakhstan,KAZ,2007,1.1594
Kazakhstan,KAZ,2008,1.3038
Kazakhstan,KAZ,2009,1.3119
Kazakhstan,KAZ,2010,1.3689
Kazakhstan,KAZ,2011,1.3939
Kazakhstan,KAZ,2012,1.4445
Kazakhstan,KAZ,2013,1.4766
Kazakhstan,KAZ,2014,1.5402
Kazakhstan,KAZ,2015,1.5125
Kazakhstan,KAZ,2016,1.5132
Kazakhstan,KAZ,2017,1.4372
Kazakhstan,KAZ,2018,1.4732
Kazakhstan,KAZ,2019,1.4513
Kazakhstan,KAZ,2020,1.3985
Kazakhstan,KAZ,2021,1.3626
Kazakhstan,KAZ,2022,1.3827
Kazakhstan,KAZ,2023,1.3429
Kenya,KEN,1950,1.8848
Kenya,KEN,1951,2.1783
Kenya,KEN,1952,2.3869
Kenya,KEN,1953,2.6036
Kenya,KEN,1954,2.787
Kenya,KEN,1955,2.966
Kenya,KEN,1956,3.1513
Kenya,KEN,1957,3.3511
Kenya,KEN,1958,3.4765
Kenya,KEN,1959,3.57
Kenya,KEN,1960,3.639
Kenya,KEN,1961,3.7365
Kenya,KEN,1962,3.8051
Kenya,KEN,1963,3.8568
Kenya,KEN,1964,3.8928
Kenya,KEN,1965,3.9242
Kenya,KEN,1966,3.9401
Kenya,KEN,1967,3.9256
Kenya,KEN,1968,3.9163
Kenya,KEN,1969,3.9107
Kenya,KEN,1970,3.8972
Kenya,KEN,1971,3.9011
Kenya,KEN,1972,3.8715
Kenya,KEN,1973,3.843
Kenya,KEN,1974,3.8256
Kenya,KEN,1975,3.8306
Kenya,KEN,1976,3.8455
Kenya,KEN,1977,3.8404
Kenya,KEN,1978,3.8482
Kenya,KEN,1979,3.851
Kenya,KEN,1980,3.848
Kenya,KEN,1981,3.8694
Kenya,KEN,1982,3.8539
Kenya,KEN,1983,3.836
Kenya,KEN,1984,3.8328
Kenya,KEN,1985,3.816
Kenya,KEN,1986,3.7967
Kenya,KEN,1987,3.7598
Kenya,KEN,1988,3.6788
Kenya,KEN,1989,3.5971
Kenya,KEN,1990,3.4469
Kenya,KEN,1991,3.341
Kenya,KEN,1992,3.2196
Kenya,KEN,1993,3.1396
Kenya,KEN,1994,3.0657
Kenya,KEN,1995,3.0539
Kenya,KEN,1996,3.0256
Kenya,KEN,1997,3.0158
Kenya,KEN,1998,3.0307
Kenya,KEN,1999,3.0218
Kenya,KEN,2000,3.0296
Kenya,KEN,2001,3.0479
Kenya,KEN,2002,3.0403
Kenya,KEN,2003,3.0256
Kenya,KEN,2004,3.0207
Kenya,KEN,2005,3.0183
Kenya,KEN,2006,3.0169
Kenya,KEN,2007,3.0157
Kenya,KEN,2008,2.9965
Kenya,KEN,2009,2.9538
Kenya,KEN,2010,2.8842
Kenya,KEN,2011,2.7734
Kenya,KEN,2012,2.6466
Kenya,KEN,2013,2.5252
Kenya,KEN,2014,2.4393
Kenya,KEN,2015,2.3768
Kenya,KEN,2016,2.3033
Kenya,KEN,2017,2.2476
Kenya,KEN,2018,2.1851
Kenya,KEN,2019,2.0932
Kenya,KEN,2020,1.9845
Kenya,KEN,2021,1.9487
Kenya,KEN,2022,2.013
Kenya,KEN,2023,1.9895
Kiribati,KIR,1950,2.0015
Kiribati,KIR,1951,2.0435
Kiribati,KIR,1952,2.0835
Kiribati,KIR,1953,2.1297
Kiribati,KIR,1954,2.1705
Kiribati,KIR,1955,2.2009
Kiribati,KIR,1956,2.2326
Kiribati,KIR,1957,2.2707
Kiribati,KIR,1958,2.3068
Kiribati,KIR,1959,2.356
Kiribati,KIR,1960,2.4185
Kiribati,KIR,1961,2.4813
Kiribati,KIR,1962,2.4896
Kiribati,KIR,1963,2.5061
Kiribati,KIR,1964,2.5293
Kiribati,KIR,1965,2.5758
Kiribati,KIR,1966,2.64
Kiribati,KIR,1967,2.5764
Kiribati,KIR,1968,2.508
Kiribati,KIR,1969,2.4252
Kiribati,KIR,1970,2.4136
Kiribati,KIR,1971,2.3961
Kiribati,KIR,1972,2.3514
Kiribati,KIR,1973,2.3163
Kiribati,KIR,1974,2.3366
Kiribati,KIR,1975,2.3341
Kiribati,KIR,1976,2.35
Kiribati,KIR,1977,2.3667
Kiribati,KIR,1978,2.4709
Kiribati,KIR,1979,2.507
Kiribati,KIR,1980,2.5692
Kiribati,KIR,1981,2.6317
Kiribati,KIR,1982,2.6885
Kiribati,KIR,1983,2.7234
Kiribati,KIR,1984,2.779
Kiribati,KIR,1985,2.8288
Kiribati,KIR,1986,2.8405
Kiribati,KIR,1987,2.8416
Kiribati,KIR,1988,2.8318
Kiribati,KIR,1989,2.8335
Kiribati,KIR,1990,2.8409
Kiribati,KIR,1991,2.8485
Kiribati,KIR,1992,2.7991
Kiribati,KIR,1993,2.7401
Kiribati,KIR,1994,2.7096
Kiribati,KIR,1995,2.6874
Kiribati,KIR,1996,2.6836
Kiribati,KIR,1997,2.6389
Kiribati,KIR,1998,2.5809
Kiribati,KIR,1999,2.5089
Kiribati,KIR,2000,2.4294
Kiribati,KIR,2001,2.3479
Kiribati,KIR,2002,2.2478
Kiribati,KIR,2003,2.1719
Kiribati,KIR,2004,2.2045
Kiribati,KIR,2005,2.2321
Kiribati,KIR,2006,2.2846
Kiribati,KIR,2007,2.3447
Kiribati,KIR,2008,2.3921
Kiribati,KIR,2009,2.4169
Kiribati,KIR,2010,2.4321
Kiribati,KIR,2011,2.4484
Kiribati,KIR,2012,2.3851
Kiribati,KIR,2013,2.3096
Kiribati,KIR,2014,2.235
Kiribati,KIR,2015,2.1868
Kiribati,KIR,2016,2.1489
Kiribati,KIR,2017,2.1192
Kiribati,KIR,2018,2.0975
Kiribati,KIR,2019,2.0655
Kiribati,KIR,2020,1.98
Kiribati,KIR,2021,1.8757
Kiribati,KIR,2022,1.933
Kiribati,KIR,2023,1.8767
Kosovo,OWID_KOS,1950,2.0379
Kosovo,OWID_KOS,1951,1.9915
Kosovo,OWID_KOS,1952,2.1667
Kosovo,OWID_KOS,1953,2.171
Kosovo,OWID_KOS,1954,2.3793
Kosovo,OWID_KOS,1955,2.3276
Kosovo,OWID_KOS,1956,2.3406
Kosovo,OWID_KOS,1957,2.3353
Kosovo,OWID_KOS,1958,2.4126
Kosovo,OWID_KOS,1959,2.4082
Kosovo,OWID_KOS,1960,2.4422
Kosovo,OWID_KOS,1961,2.5143
Kosovo,OWID_KOS,1962,2.4029
Kosovo,OWID_KOS,1963,2.4857
Kosovo,OWID_KOS,1964,2.5231
Kosovo,OWID_KOS,1965,2.563
Kosovo,OWID_KOS,1966,2.5697
Kosovo,OWID_KOS,1967,2.5849
Kosovo,OWID_KOS,1968,2.6251
Kosovo,OWID_KOS,1969,2.4968
Kosovo,OWID_KOS,1970,2.4085
Kosovo,OWID_KOS,1971,2.3749
Kosovo,OWID_KOS,1972,2.4089
Kosovo,OWID_KOS,1973,2.4432
Kosovo,OWID_KOS,1974,2.4644
Kosovo,OWID_KOS,1975,2.4845
Kosovo,OWID_KOS,1976,2.4637
Kosovo,OWID_KOS,1977,2.429
Kosovo,OWID_KOS,1978,2.3778
Kosovo,OWID_KOS,1979,2.3471
Kosovo,OWID_KOS,1980,2.407
Kosovo,OWID_KOS,1981,2.3546
Kosovo,OWID_KOS,1982,2.373
Kosovo,OWID_KOS,1983,2.411
Kosovo,OWID_KOS,1984,2.4089
Kosovo,OWID_KOS,1985,2.278
Kosovo,OWID_KOS,1986,2.3152
Kosovo,OWID_KOS,1987,2.3862
Kosovo,OWID_KOS,1988,2.3622
Kosovo,OWID_KOS,1989,2.1588
Kosovo,OWID_KOS,1990,2.1889
Kosovo,OWID_KOS,1991,1.9556
Kosovo,OWID_KOS,1992,1.5772
Kosovo,OWID_KOS,1993,1.5549
Kosovo,OWID_KOS,1994,1.513
Kosovo,OWID_KOS,1995,1.5428
Kosovo,OWID_KOS,1996,1.5888
Kosovo,OWID_KOS,1997,1.4311
Kosovo,OWID_KOS,1998,1.5083
Kosovo,OWID_KOS,1999,0.91
Kosovo,OWID_KOS,2000,1.2497
Kosovo,OWID_KOS,2001,1.299
Kosovo,OWID_KOS,2002,1.3421
Kosovo,OWID_KOS,2003,1.3235
Kosovo,OWID_KOS,2004,1.3947
Kosovo,OWID_KOS,2005,1.4474
Kosovo,OWID_KOS,2006,1.4047
Kosovo,OWID_KOS,2007,1.4032
Kosovo,OWID_KOS,2008,1.4338
Kosovo,OWID_KOS,2009,1.4171
Kosovo,OWID_KOS,2010,1.3243
Kosovo,OWID_KOS,2011,1.1844
Kosovo,OWID_KOS,2012,1.1296
Kosovo,OWID_KOS,2013,1.1352
Kosovo,OWID_KOS,2014,1.0473
Kosovo,OWID_KOS,2015,0.9134
Kosovo,OWID_KOS,2016,0.7771
Kosovo,OWID_KOS,2017,0.7572
Kosovo,OWID_KOS,2018,0.7168
Kosovo,OWID_KOS,2019,0.6916
Kosovo,OWID_KOS,2020,0.3782
Kosovo,OWID_KOS,2021,0.5285
Kosovo,OWID_KOS,2022,0.639
Kosovo,OWID_KOS,2023,0.6196
Kuwait,KWT,1950,2.8485
Kuwait,KWT,1951,2.9021
Kuwait,KWT,1952,2.9543
Kuwait,KWT,1953,3.002
Kuwait,KWT,1954,3.037
Kuwait,KWT,1955,2.9477
Kuwait,KWT,1956,3.2438
Kuwait,KWT,1957,3.4927
Kuwait,KWT,1958,3.5242
Kuwait,KWT,1959,3.5392
Kuwait,KWT,1960,3.5536
Kuwait,KWT,1961,3.5635
Kuwait,KWT,1962,3.5662
Kuwait,KWT,1963,3.5908
Kuwait,KWT,1964,3.6067
Kuwait,KWT,1965,3.6364
Kuwait,KWT,1966,3.6526
Kuwait,KWT,1967,3.7447
Kuwait,KWT,1968,3.804
Kuwait,KWT,1969,3.8393
Kuwait,KWT,1970,3.8053
Kuwait,KWT,1971,3.7383
Kuwait,KWT,1972,3.6991
Kuwait,KWT,1973,3.6558
Kuwait,KWT,1974,3.6043
Kuwait,KWT,1975,3.5566
Kuwait,KWT,1976,3.5156
Kuwait,KWT,1977,3.4119
Kuwait,KWT,1978,3.3035
Kuwait,KWT,1979,3.2012
Kuwait,KWT,1980,3.1298
Kuwait,KWT,1981,3.0376
Kuwait,KWT,1982,3.0064
Kuwait,KWT,1983,2.9502
Kuwait,KWT,1984,2.8857
Kuwait,KWT,1985,2.7331
Kuwait,KWT,1986,2.6273
Kuwait,KWT,1987,2.4691
Kuwait,KWT,1988,2.344
Kuwait,KWT,1989,2.2273
Kuwait,KWT,1990,2.773
Kuwait,KWT,1991,1.6181
Kuwait,KWT,1992,1.9582
Kuwait,KWT,1993,1.9878
Kuwait,KWT,1994,2.195
Kuwait,KWT,1995,2.3311
Kuwait,KWT,1996,2.3072
Kuwait,KWT,1997,2.2141
Kuwait,KWT,1998,2.1322
Kuwait,KWT,1999,2.0706
Kuwait,KWT,2000,2.0367
Kuwait,KWT,2001,2.0249
Kuwait,KWT,2002,2.0219
Kuwait,KWT,2003,2.0349
Kuwait,KWT,2004,2.0554
Kuwait,KWT,2005,2.0227
Kuwait,KWT,2006,1.9415
Kuwait,KWT,2007,1.8557
Kuwait,KWT,2008,1.7917
Kuwait,KWT,2009,1.7485
Kuwait,KWT,2010,1.6932
Kuwait,KWT,2011,1.6194
Kuwait,KWT,2012,1.5936
Kuwait,KWT,2013,1.5014
Kuwait,KWT,2014,1.4914
Kuwait,KWT,2015,1.3594
Kuwait,KWT,2016,1.2836
Kuwait,KWT,2017,1.2395
Kuwait,KWT,2018,1.0922
Kuwait,KWT,2019,0.996
Kuwait,KWT,2020,0.9058
Kuwait,KWT,2021,0.6886
Kuwait,KWT,2022,0.8556
Kuwait,KWT,2023,0.8415
Kyrgyzstan,KGZ,1950,1.7369
Kyrgyzstan,KGZ,1951,1.7777
Kyrgyzstan,KGZ,1952,1.8445
Kyrgyzstan,KGZ,1953,1.9168
Kyrgyzstan,KGZ,1954,1.9884
Kyrgyzstan,KGZ,1955,2.0717
Kyrgyzstan,KGZ,1956,2.1556
Kyrgyzstan,KGZ,1957,2.2677
Kyrgyzstan,KGZ,1958,2.4087
Kyrgyzstan,KGZ,1959,2.4799
Kyrgyzstan,KGZ,1960,2.5282
Kyrgyzstan,KGZ,1961,2.5345
Kyrgyzstan,KGZ,1962,2.5211
Kyrgyzstan,KGZ,1963,2.4918
Kyrgyzstan,KGZ,1964,2.3908
Kyrgyzstan,KGZ,1965,2.2991
Kyrgyzstan,KGZ,1966,2.235
Kyrgyzstan,KGZ,1967,2.185
Kyrgyzstan,KGZ,1968,2.1527
Kyrgyzstan,KGZ,1969,2.19
Kyrgyzstan,KGZ,1970,2.2462
Kyrgyzstan,KGZ,1971,2.2798
Kyrgyzstan,KGZ,1972,2.2943
Kyrgyzstan,KGZ,1973,2.2671
Kyrgyzstan,KGZ,1974,2.231
Kyrgyzstan,KGZ,1975,2.1946
Kyrgyzstan,KGZ,1976,2.1818
Kyrgyzstan,KGZ,1977,2.1699
Kyrgyzstan,KGZ,1978,2.1834
Kyrgyzstan,KGZ,1979,2.1534
Kyrgyzstan,KGZ,1980,2.1292
Kyrgyzstan,KGZ,1981,2.1702
Kyrgyzstan,KGZ,1982,2.2473
Kyrgyzstan,KGZ,1983,2.2835
Kyrgyzstan,KGZ,1984,2.3863
Kyrgyzstan,KGZ,1985,2.4978
Kyrgyzstan,KGZ,1986,2.6035
Kyrgyzstan,KGZ,1987,2.6179
Kyrgyzstan,KGZ,1988,2.5217
Kyrgyzstan,KGZ,1989,2.4163
Kyrgyzstan,KGZ,1990,2.3062
Kyrgyzstan,KGZ,1991,2.261
Kyrgyzstan,KGZ,1992,2.1565
Kyrgyzstan,KGZ,1993,1.9558
Kyrgyzstan,KGZ,1994,1.7236
Kyrgyzstan,KGZ,1995,1.7332
Kyrgyzstan,KGZ,1996,1.641
Kyrgyzstan,KGZ,1997,1.5349
Kyrgyzstan,KGZ,1998,1.5202
Kyrgyzstan,KGZ,1999,1.509
Kyrgyzstan,KGZ,2000,1.4271
Kyrgyzstan,KGZ,2001,1.3972
Kyrgyzstan,KGZ,2002,1.4019
Kyrgyzstan,KGZ,2003,1.4264
Kyrgyzstan,KGZ,2004,1.4688
Kyrgyzstan,KGZ,2005,1.497
Kyrgyzstan,KGZ,2006,1.5799
Kyrgyzstan,KGZ,2007,1.6212
Kyrgyzstan,KGZ,2008,1.7008
Kyrgyzstan,KGZ,2009,1.8311
Kyrgyzstan,KGZ,2010,1.9939
Kyrgyzstan,KGZ,2011,2.015
Kyrgyzstan,KGZ,2012,1.9998
Kyrgyzstan,KGZ,2013,1.8937
Kyrgyzstan,KGZ,2014,1.8884
Kyrgyzstan,KGZ,2015,1.8371
Kyrgyzstan,KGZ,2016,1.7482
Kyrgyzstan,KGZ,2017,1.7339
Kyrgyzstan,KGZ,2018,1.9595
Kyrgyzstan,KGZ,2019,1.9949
Kyrgyzstan,KGZ,2020,1.6305
Kyrgyzstan,KGZ,2021,1.5118
Kyrgyzstan,KGZ,2022,1.5628
Kyrgyzstan,KGZ,2023,1.5347
Laos,LAO,1950,2.4191
Laos,LAO,1951,2.3551
Laos,LAO,1952,2.3354
Laos,LAO,1953,2.3244
Laos,LAO,1954,2.3029
Laos,LAO,1955,2.3008
Laos,LAO,1956,2.2954
Laos,LAO,1957,2.2879
Laos,LAO,1958,2.29
Laos,LAO,1959,2.2403
Laos,LAO,1960,2.2425
Laos,LAO,1961,2.2579
Laos,LAO,1962,2.3084
Laos,LAO,1963,2.2481
Laos,LAO,1964,2.2594
Laos,LAO,1965,2.2838
Laos,LAO,1966,2.2827
Laos,LAO,1967,2.3219
Laos,LAO,1968,2.3393
Laos,LAO,1969,2.3627
Laos,LAO,1970,2.3934
Laos,LAO,1971,2.412
Laos,LAO,1972,2.4305
Laos,LAO,1973,2.4564
Laos,LAO,1974,2.5394
Laos,LAO,1975,2.5528
Laos,LAO,1976,2.5311
Laos,LAO,1977,2.5377
Laos,LAO,1978,2.5413
Laos,LAO,1979,2.5665
Laos,LAO,1980,2.6286
Laos,LAO,1981,2.6722
Laos,LAO,1982,2.7263
Laos,LAO,1983,2.7726
Laos,LAO,1984,2.8126
Laos,LAO,1985,2.8355
Laos,LAO,1986,2.8405
Laos,LAO,1987,2.8554
Laos,LAO,1988,2.8741
Laos,LAO,1989,2.8882
Laos,LAO,1990,2.9058
Laos,LAO,1991,2.9204
Laos,LAO,1992,2.9041
Laos,LAO,1993,2.8878
Laos,LAO,1994,2.7905
Laos,LAO,1995,2.6827
Laos,LAO,1996,2.5991
Laos,LAO,1997,2.5308
Laos,LAO,1998,2.4467
Laos,LAO,1999,2.3827
Laos,LAO,2000,2.2868
Laos,LAO,2001,2.243
Laos,LAO,2002,2.1763
Laos,LAO,2003,2.1439
Laos,LAO,2004,2.1082
Laos,LAO,2005,2.0132
Laos,LAO,2006,1.9889
Laos,LAO,2007,1.9811
Laos,LAO,2008,1.9685
Laos,LAO,2009,1.9574
Laos,LAO,2010,1.9342
Laos,LAO,2011,1.9118
Laos,LAO,2012,1.8611
Laos,LAO,2013,1.8127
Laos,LAO,2014,1.7619
Laos,LAO,2015,1.7455
Laos,LAO,2016,1.7366
Laos,LAO,2017,1.7172
Laos,LAO,2018,1.6833
Laos,LAO,2019,1.6552
Laos,LAO,2020,1.6145
Laos,LAO,2021,1.5473
Laos,LAO,2022,1.5428
Laos,LAO,2023,1.505
Latin America and the Caribbean (UN),UN_LAC,1950,2.6161
Latin America and the Caribbean (UN),UN_LAC,1951,2.6613
Latin America and the Caribbean (UN),UN_LAC,1952,2.7019
Latin America and the Caribbean (UN),UN_LAC,1953,2.7393
Latin America and the Caribbean (UN),UN_LAC,1954,2.7731
Latin America and the Caribbean (UN),UN_LAC,1955,2.797
Latin America and the Caribbean (UN),UN_LAC,1956,2.8244
Latin America and the Caribbean (UN),UN_LAC,1957,2.8415
Latin America and the Caribbean (UN),UN_LAC,1958,2.8593
Latin America and the Caribbean (UN),UN_LAC,1959,2.8727
Latin America and the Caribbean (UN),UN_LAC,1960,2.883
Latin America and the Caribbean (UN),UN_LAC,1961,2.8857
Latin America and the Caribbean (UN),UN_LAC,1962,2.8868
Latin America and the Caribbean (UN),UN_LAC,1963,2.877
Latin America and the Caribbean (UN),UN_LAC,1964,2.8516
Latin America and the Caribbean (UN),UN_LAC,1965,2.8141
Latin America and the Caribbean (UN),UN_LAC,1966,2.7734
Latin America and the Caribbean (UN),UN_LAC,1967,2.7288
Latin America and the Caribbean (UN),UN_LAC,1968,2.685
Latin America and the Caribbean (UN),UN_LAC,1969,2.651
Latin America and the Caribbean (UN),UN_LAC,1970,2.607
Latin America and the Caribbean (UN),UN_LAC,1971,2.6105
Latin America and the Caribbean (UN),UN_LAC,1972,2.5858
Latin America and the Caribbean (UN),UN_LAC,1973,2.5649
Latin America and the Caribbean (UN),UN_LAC,1974,2.5344
Latin America and the Caribbean (UN),UN_LAC,1975,2.5178
Latin America and the Caribbean (UN),UN_LAC,1976,2.4938
Latin America and the Caribbean (UN),UN_LAC,1977,2.4839
Latin America and the Caribbean (UN),UN_LAC,1978,2.4601
Latin America and the Caribbean (UN),UN_LAC,1979,2.4291
Latin America and the Caribbean (UN),UN_LAC,1980,2.3952
Latin America and the Caribbean (UN),UN_LAC,1981,2.3729
Latin America and the Caribbean (UN),UN_LAC,1982,2.3439
Latin America and the Caribbean (UN),UN_LAC,1983,2.3199
Latin America and the Caribbean (UN),UN_LAC,1984,2.2795
Latin America and the Caribbean (UN),UN_LAC,1985,2.2355
Latin America and the Caribbean (UN),UN_LAC,1986,2.2105
Latin America and the Caribbean (UN),UN_LAC,1987,2.1596
Latin America and the Caribbean (UN),UN_LAC,1988,2.1131
Latin America and the Caribbean (UN),UN_LAC,1989,2.0717
Latin America and the Caribbean (UN),UN_LAC,1990,2.0273
Latin America and the Caribbean (UN),UN_LAC,1991,1.987
Latin America and the Caribbean (UN),UN_LAC,1992,1.9399
Latin America and the Caribbean (UN),UN_LAC,1993,1.9082
Latin America and the Caribbean (UN),UN_LAC,1994,1.8721
Latin America and the Caribbean (UN),UN_LAC,1995,1.8345
Latin America and the Caribbean (UN),UN_LAC,1996,1.7898
Latin America and the Caribbean (UN),UN_LAC,1997,1.7538
Latin America and the Caribbean (UN),UN_LAC,1998,1.7074
Latin America and the Caribbean (UN),UN_LAC,1999,1.6634
Latin America and the Caribbean (UN),UN_LAC,2000,1.6127
Latin America and the Caribbean (UN),UN_LAC,2001,1.5603
Latin America and the Caribbean (UN),UN_LAC,2002,1.5143
Latin America and the Caribbean (UN),UN_LAC,2003,1.4635
Latin America and the Caribbean (UN),UN_LAC,2004,1.4277
Latin America and the Caribbean (UN),UN_LAC,2005,1.3963
Latin America and the Caribbean (UN),UN_LAC,2006,1.3544
Latin America and the Caribbean (UN),UN_LAC,2007,1.3156
Latin America and the Caribbean (UN),UN_LAC,2008,1.2885
Latin America and the Caribbean (UN),UN_LAC,2009,1.2611
Latin America and the Caribbean (UN),UN_LAC,2010,1.2171
Latin America and the Caribbean (UN),UN_LAC,2011,1.212
Latin America and the Caribbean (UN),UN_LAC,2012,1.1803
Latin America and the Caribbean (UN),UN_LAC,2013,1.1532
Latin America and the Caribbean (UN),UN_LAC,2014,1.1276
Latin America and the Caribbean (UN),UN_LAC,2015,1.0903
Latin America and the Caribbean (UN),UN_LAC,2016,1.0239
Latin America and the Caribbean (UN),UN_LAC,2017,0.9913
Latin America and the Caribbean (UN),UN_LAC,2018,0.965
Latin America and the Caribbean (UN),UN_LAC,2019,0.9114
Latin America and the Caribbean (UN),UN_LAC,2020,0.7259
Latin America and the Caribbean (UN),UN_LAC,2021,0.6055
Latin America and the Caribbean (UN),UN_LAC,2022,0.7356
Latin America and the Caribbean (UN),UN_LAC,2023,0.7595
Latvia,LVA,1950,0.4679
Latvia,LVA,1951,0.4542
Latvia,LVA,1952,0.4263
Latvia,LVA,1953,0.3765
Latvia,LVA,1954,0.4634
Latvia,LVA,1955,0.4535
Latvia,LVA,1956,0.4366
Latvia,LVA,1957,0.5122
Latvia,LVA,1958,0.5835
Latvia,LVA,1959,0.6265
Latvia,LVA,1960,0.6598
Latvia,LVA,1961,0.6564
Latvia,LVA,1962,0.5206
Latvia,LVA,1963,0.4995
Latvia,LVA,1964,0.5194
Latvia,LVA,1965,0.3635
Latvia,LVA,1966,0.365
Latvia,LVA,1967,0.3282
Latvia,LVA,1968,0.3123
Latvia,LVA,1969,0.2706
Latvia,LVA,1970,0.3074
Latvia,LVA,1971,0.3551
Latvia,LVA,1972,0.3022
Latvia,LVA,1973,0.2283
Latvia,LVA,1974,0.2664
Latvia,LVA,1975,0.1821
Latvia,LVA,1976,0.163
Latvia,LVA,1977,0.1305
Latvia,LVA,1978,0.1149
Latvia,LVA,1979,0.0958
Latvia,LVA,1980,0.1316
Latvia,LVA,1981,0.138
Latvia,LVA,1982,0.2354
Latvia,LVA,1983,0.3036
Latvia,LVA,1984,0.2696
Latvia,LVA,1985,0.1982
Latvia,LVA,1986,0.3837
Latvia,LVA,1987,0.3495
Latvia,LVA,1988,0.3149
Latvia,LVA,1989,0.225
Latvia,LVA,1990,0.1036
Latvia,LVA,1991,0.003
Latvia,LVA,1992,-0.157
Latvia,LVA,1993,-0.4996
Latvia,LVA,1994,-0.7142
Latvia,LVA,1995,-0.7174
Latvia,LVA,1996,-0.6132
Latvia,LVA,1997,-0.6246
Latvia,LVA,1998,-0.6706
Latvia,LVA,1999,-0.5805
Latvia,LVA,2000,-0.516
Latvia,LVA,2001,-0.5768
Latvia,LVA,2002,-0.5461
Latvia,LVA,2003,-0.5036
Latvia,LVA,2004,-0.5093
Latvia,LVA,2005,-0.4903
Latvia,LVA,2006,-0.4589
Latvia,LVA,2007,-0.4129
Latvia,LVA,2008,-0.3016
Latvia,LVA,2009,-0.3512
Latvia,LVA,2010,-0.4747
Latvia,LVA,2011,-0.4608
Latvia,LVA,2012,-0.443
Latvia,LVA,2013,-0.3937
Latvia,LVA,2014,-0.3317
Latvia,LVA,2015,-0.3197
Latvia,LVA,2016,-0.3331
Latvia,LVA,2017,-0.4024
Latvia,LVA,2018,-0.4853
Latvia,LVA,2019,-0.4651
Latvia,LVA,2020,-0.5692
Latvia,LVA,2021,-0.8929
Latvia,LVA,2022,-0.742
Latvia,LVA,2023,-0.71
Least developed countries,,1950,1.9621
Least developed countries,,1951,2.0228
Least developed countries,,1952,2.0805
Least developed countries,,1953,2.1309
Least developed countries,,1954,2.1837
Least developed countries,,1955,2.2298
Least developed countries,,1956,2.2697
Least developed countries,,1957,2.261
Least developed countries,,1958,2.2987
Least developed countries,,1959,2.396
Least developed countries,,1960,2.4315
Least developed countries,,1961,2.4674
Least developed countries,,1962,2.5048
Least developed countries,,1963,2.5121
Least developed countries,,1964,2.5528
Least developed countries,,1965,2.5517
Least developed countries,,1966,2.5749
Least developed countries,,1967,2.6199
Least developed countries,,1968,2.6381
Least developed countries,,1969,2.6575
Least developed countries,,1970,2.5709
Least developed countries,,1971,2.2056
Least developed countries,,1972,2.6982
Least developed countries,,1973,2.7193
Least developed countries,,1974,2.7044
Least developed countries,,1975,2.5945
Least developed countries,,1976,2.6277
Least developed countries,,1977,2.6465
Least developed countries,,1978,2.6699
Least developed countries,,1979,2.8136
Least developed countries,,1980,2.8505
Least developed countries,,1981,2.8484
Least developed countries,,1982,2.843
Least developed countries,,1983,2.7592
Least developed countries,,1984,2.7352
Least developed countries,,1985,2.732
Least developed countries,,1986,2.7456
Least developed countries,,1987,2.7636
Least developed countries,,1988,2.7161
Least developed countries,,1989,2.7495
Least developed countries,,1990,2.7274
Least developed countries,,1991,2.6524
Least developed countries,,1992,2.6505
Least developed countries,,1993,2.6762
Least developed countries,,1994,2.5443
Least developed countries,,1995,2.6943
Least developed countries,,1996,2.679
Least developed countries,,1997,2.6773
Least developed countries,,1998,2.6391
Least developed countries,,1999,2.673
Least developed countries,,2000,2.6924
Least developed countries,,2001,2.6893
Least developed countries,,2002,2.6792
Least developed countries,,2003,2.676
Least developed countries,,2004,2.6708
Least developed countries,,2005,2.6634
Least developed countries,,2006,2.6631
Least developed countries,,2007,2.6555
Least developed countries,,2008,2.6239
Least developed countries,,2009,2.5983
Least developed countries,,2010,2.5963
Least developed countries,,2011,2.5636
Least developed countries,,2012,2.573
Least developed countries,,2013,2.5643
Least developed countries,,2014,2.5411
Least developed countries,,2015,2.5298
Least developed countries,,2016,2.5226
Least developed countries,,2017,2.5079
Least developed countries,,2018,2.5167
Least developed countries,,2019,2.504
Least developed countries,,2020,2.4738
Least developed countries,,2021,2.4255
Least developed countries,,2022,2.4514
Least developed countries,,2023,2.4633
Lebanon,LBN,1950,2.7864
Lebanon,LBN,1951,2.7989
Lebanon,LBN,1952,2.8158
Lebanon,LBN,1953,2.8387
Lebanon,LBN,1954,2.8558
Lebanon,LBN,1955,2.8423
Lebanon,LBN,1956,2.8764
Lebanon,LBN,1957,2.8895
Lebanon,LBN,1958,2.8159
Lebanon,LBN,1959,2.9123
Lebanon,LBN,1960,2.9266
Lebanon,LBN,1961,2.9185
Lebanon,LBN,1962,2.9109
Lebanon,LBN,1963,2.8957
Lebanon,LBN,1964,2.8469
Lebanon,LBN,1965,2.786
Lebanon,LBN,1966,2.7253
Lebanon,LBN,1967,2.6717
Lebanon,LBN,1968,2.6142
Lebanon,LBN,1969,2.5698
Lebanon,LBN,1970,2.5394
Lebanon,LBN,1971,2.5049
Lebanon,LBN,1972,2.479
Lebanon,LBN,1973,2.4649
Lebanon,LBN,1974,2.4448
Lebanon,LBN,1975,2.0579
Lebanon,LBN,1976,0.4085
Lebanon,LBN,1977,2.1806
Lebanon,LBN,1978,2.155
Lebanon,LBN,1979,2.1225
Lebanon,LBN,1980,2.1412
Lebanon,LBN,1981,2.163
Lebanon,LBN,1982,1.3618
Lebanon,LBN,1983,2.1343
Lebanon,LBN,1984,2.1183
Lebanon,LBN,1985,2.0628
Lebanon,LBN,1986,2.035
Lebanon,LBN,1987,2.0398
Lebanon,LBN,1988,2.0391
Lebanon,LBN,1989,2.1155
Lebanon,LBN,1990,2.048
Lebanon,LBN,1991,2.1607
Lebanon,LBN,1992,2.0667
Lebanon,LBN,1993,1.9703
Lebanon,LBN,1994,1.8785
Lebanon,LBN,1995,1.793
Lebanon,LBN,1996,1.7668
Lebanon,LBN,1997,1.74
Lebanon,LBN,1998,1.7193
Lebanon,LBN,1999,1.7023
Lebanon,LBN,2000,1.6779
Lebanon,LBN,2001,1.662
Lebanon,LBN,2002,1.6276
Lebanon,LBN,2003,1.574
Lebanon,LBN,2004,1.5149
Lebanon,LBN,2005,1.451
Lebanon,LBN,2006,1.3877
Lebanon,LBN,2007,1.3824
Lebanon,LBN,2008,1.363
Lebanon,LBN,2009,1.3822
Lebanon,LBN,2010,1.4402
Lebanon,LBN,2011,1.482
Lebanon,LBN,2012,1.4754
Lebanon,LBN,2013,1.3967
Lebanon,LBN,2014,1.454
Lebanon,LBN,2015,1.5046
Lebanon,LBN,2016,1.4479
Lebanon,LBN,2017,1.3664
Lebanon,LBN,2018,1.2895
Lebanon,LBN,2019,1.2164
Lebanon,LBN,2020,1.0505
Lebanon,LBN,2021,0.8152
Lebanon,LBN,2022,1.0603
Lebanon,LBN,2023,1.0182
Lesotho,LSO,1950,1.9292
Lesotho,LSO,1951,2.0871
Lesotho,LSO,1952,2.2028
Lesotho,LSO,1953,2.3058
Lesotho,LSO,1954,2.423
Lesotho,LSO,1955,2.5021
Lesotho,LSO,1956,2.5857
Lesotho,LSO,1957,2.6474
Lesotho,LSO,1958,2.6841
Lesotho,LSO,1959,2.7033
Lesotho,LSO,1960,2.713
Lesotho,LSO,1961,2.7122
Lesotho,LSO,1962,2.703
Lesotho,LSO,1963,2.6801
Lesotho,LSO,1964,2.6664
Lesotho,LSO,1965,2.6642
Lesotho,LSO,1966,2.645
Lesotho,LSO,1967,2.6161
Lesotho,LSO,1968,2.5831
Lesotho,LSO,1969,2.5567
Lesotho,LSO,1970,2.5444
Lesotho,LSO,1971,2.5409
Lesotho,LSO,1972,2.5448
Lesotho,LSO,1973,2.5478
Lesotho,LSO,1974,2.5967
Lesotho,LSO,1975,2.6623
Lesotho,LSO,1976,2.7223
Lesotho,LSO,1977,2.764
Lesotho,LSO,1978,2.7941
Lesotho,LSO,1979,2.8137
Lesotho,LSO,1980,2.8167
Lesotho,LSO,1981,2.8181
Lesotho,LSO,1982,2.8135
Lesotho,LSO,1983,2.7958
Lesotho,LSO,1984,2.773
Lesotho,LSO,1985,2.7441
Lesotho,LSO,1986,2.7148
Lesotho,LSO,1987,2.8013
Lesotho,LSO,1988,2.7105
Lesotho,LSO,1989,2.6058
Lesotho,LSO,1990,2.4899
Lesotho,LSO,1991,2.3896
Lesotho,LSO,1992,2.273
Lesotho,LSO,1993,2.1298
Lesotho,LSO,1994,2.0039
Lesotho,LSO,1995,1.915
Lesotho,LSO,1996,1.8367
Lesotho,LSO,1997,1.7422
Lesotho,LSO,1998,1.546
Lesotho,LSO,1999,1.3674
Lesotho,LSO,2000,1.2369
Lesotho,LSO,2001,1.159
Lesotho,LSO,2002,1.1167
Lesotho,LSO,2003,1.0142
Lesotho,LSO,2004,0.8762
Lesotho,LSO,2005,0.8106
Lesotho,LSO,2006,0.7832
Lesotho,LSO,2007,0.9094
Lesotho,LSO,2008,0.9839
Lesotho,LSO,2009,1.0266
Lesotho,LSO,2010,1.0959
Lesotho,LSO,2011,1.2734
Lesotho,LSO,2012,1.3563
Lesotho,LSO,2013,1.4485
Lesotho,LSO,2014,1.4866
Lesotho,LSO,2015,1.5246
Lesotho,LSO,2016,1.5673
Lesotho,LSO,2017,1.5577
Lesotho,LSO,2018,1.5164
Lesotho,LSO,2019,1.461
Lesotho,LSO,2020,1.3741
Lesotho,LSO,2021,1.2295
Lesotho,LSO,2022,1.3474
Lesotho,LSO,2023,1.3461
Less developed regions,,1950,1.9952
Less developed regions,,1951,2.0306
Less developed regions,,1952,2.2904
Less developed regions,,1953,2.2477
Less developed regions,,1954,2.3667
Less developed regions,,1955,2.3911
Less developed regions,,1956,2.3399
Less developed regions,,1957,2.4808
Less developed regions,,1958,2.3505
Less developed regions,,1959,1.9682
Less developed regions,,1960,1.7712
Less developed regions,,1961,1.8949
Less developed regions,,1962,2.5684
Less developed regions,,1963,2.8174
Less developed regions,,1964,2.6408
Less developed regions,,1965,2.5708
Less developed regions,,1966,2.5286
Less developed regions,,1967,2.4536
Less developed regions,,1968,2.607
Less developed regions,,1969,2.557
Less developed regions,,1970,2.5479
Less developed regions,,1971,2.4279
Less developed regions,,1972,2.4379
Less developed regions,,1973,2.4018
Less developed regions,,1974,2.3189
Less developed regions,,1975,2.221
Less developed regions,,1976,2.1867
Less developed regions,,1977,2.1392
Less developed regions,,1978,2.14
Less developed regions,,1979,2.1908
Less developed regions,,1980,2.2105
Less developed regions,,1981,2.23
Less developed regions,,1982,2.2713
Less developed regions,,1983,2.1786
Less developed regions,,1984,2.1949
Less developed regions,,1985,2.1992
Less developed regions,,1986,2.2258
Less developed regions,,1987,2.2296
Less developed regions,,1988,2.1663
Less developed regions,,1989,2.1595
Less developed regions,,1990,2.1371
Less developed regions,,1991,1.9799
Less developed regions,,1992,1.9151
Less developed regions,,1993,1.8716
Less developed regions,,1994,1.811
Less developed regions,,1995,1.7945
Less developed regions,,1996,1.7508
Less developed regions,,1997,1.7142
Less developed regions,,1998,1.6759
Less developed regions,,1999,1.655
Less developed regions,,2000,1.6586
Less developed regions,,2001,1.6235
Less developed regions,,2002,1.5957
Less developed regions,,2003,1.5714
Less developed regions,,2004,1.5547
Less developed regions,,2005,1.5422
Less developed regions,,2006,1.5352
Less developed regions,,2007,1.5314
Less developed regions,,2008,1.5285
Less developed regions,,2009,1.5245
Less developed regions,,2010,1.5108
Less developed regions,,2011,1.4945
Less developed regions,,2012,1.5068
Less developed regions,,2013,1.4663
Less developed regions,,2014,1.4419
Less developed regions,,2015,1.4013
Less developed regions,,2016,1.3842
Less developed regions,,2017,1.3434
Less developed regions,,2018,1.28
Less developed regions,,2019,1.235
Less developed regions,,2020,1.114
Less developed regions,,2021,1
Less developed regions,,2022,1.0778
Less developed regions,,2023,1.0624
"Less developed regions, excluding China",,1950,2.0836
"Less developed regions, excluding China",,1951,2.1496
"Less developed regions, excluding China",,1952,2.2719
"Less developed regions, excluding China",,1953,2.3321
"Less developed regions, excluding China",,1954,2.4112
"Less developed regions, excluding China",,1955,2.4484
"Less developed regions, excluding China",,1956,2.4827
"Less developed regions, excluding China",,1957,2.5093
"Less developed regions, excluding China",,1958,2.5302
"Less developed regions, excluding China",,1959,2.5609
"Less developed regions, excluding China",,1960,2.581
"Less developed regions, excluding China",,1961,2.5803
"Less developed regions, excluding China",,1962,2.6049
"Less developed regions, excluding China",,1963,2.6073
"Less developed regions, excluding China",,1964,2.603
"Less developed regions, excluding China",,1965,2.52
"Less developed regions, excluding China",,1966,2.5311
"Less developed regions, excluding China",,1967,2.5343
"Less developed regions, excluding China",,1968,2.5493
"Less developed regions, excluding China",,1969,2.5416
"Less developed regions, excluding China",,1970,2.5179
"Less developed regions, excluding China",,1971,2.4499
"Less developed regions, excluding China",,1972,2.5284
"Less developed regions, excluding China",,1973,2.5288
"Less developed regions, excluding China",,1974,2.5126
"Less developed regions, excluding China",,1975,2.4889
"Less developed regions, excluding China",,1976,2.4954
"Less developed regions, excluding China",,1977,2.4897
"Less developed regions, excluding China",,1978,2.4916
"Less developed regions, excluding China",,1979,2.5262
"Less developed regions, excluding China",,1980,2.5362
"Less developed regions, excluding China",,1981,2.5355
"Less developed regions, excluding China",,1982,2.5286
"Less developed regions, excluding China",,1983,2.5075
"Less developed regions, excluding China",,1984,2.49
"Less developed regions, excluding China",,1985,2.4597
"Less developed regions, excluding China",,1986,2.4406
"Less developed regions, excluding China",,1987,2.4053
"Less developed regions, excluding China",,1988,2.3668
"Less developed regions, excluding China",,1989,2.3428
"Less developed regions, excluding China",,1990,2.2983
"Less developed regions, excluding China",,1991,2.2597
"Less developed regions, excluding China",,1992,2.2195
"Less developed regions, excluding China",,1993,2.1859
"Less developed regions, excluding China",,1994,2.1239
"Less developed regions, excluding China",,1995,2.1147
"Less developed regions, excluding China",,1996,2.0743
"Less developed regions, excluding China",,1997,2.0424
"Less developed regions, excluding China",,1998,2.005
"Less developed regions, excluding China",,1999,1.9862
"Less developed regions, excluding China",,2000,1.9737
"Less developed regions, excluding China",,2001,1.9523
"Less developed regions, excluding China",,2002,1.9204
"Less developed regions, excluding China",,2003,1.8924
"Less developed regions, excluding China",,2004,1.8645
"Less developed regions, excluding China",,2005,1.8446
"Less developed regions, excluding China",,2006,1.8296
"Less developed regions, excluding China",,2007,1.8162
"Less developed regions, excluding China",,2008,1.8048
"Less developed regions, excluding China",,2009,1.7916
"Less developed regions, excluding China",,2010,1.7769
"Less developed regions, excluding China",,2011,1.7595
"Less developed regions, excluding China",,2012,1.745
"Less developed regions, excluding China",,2013,1.7154
"Less developed regions, excluding China",,2014,1.6757
"Less developed regions, excluding China",,2015,1.6508
"Less developed regions, excluding China",,2016,1.6141
"Less developed regions, excluding China",,2017,1.5695
"Less developed regions, excluding China",,2018,1.5429
"Less developed regions, excluding China",,2019,1.5006
"Less developed regions, excluding China",,2020,1.402
"Less developed regions, excluding China",,2021,1.2861
"Less developed regions, excluding China",,2022,1.4062
"Less developed regions, excluding China",,2023,1.4046
"Less developed regions, excluding least developed countries",,1950,1.9998
"Less developed regions, excluding least developed countries",,1951,2.0316
"Less developed regions, excluding least developed countries",,1952,2.3185
"Less developed regions, excluding least developed countries",,1953,2.2632
"Less developed regions, excluding least developed countries",,1954,2.391
"Less developed regions, excluding least developed countries",,1955,2.4124
"Less developed regions, excluding least developed countries",,1956,2.3492
"Less developed regions, excluding least developed countries",,1957,2.5097
"Less developed regions, excluding least developed countries",,1958,2.3573
"Less developed regions, excluding least developed countries",,1959,1.912
"Less developed regions, excluding least developed countries",,1960,1.684
"Less developed regions, excluding least developed countries",,1961,1.8189
"Less developed regions, excluding least developed countries",,1962,2.5769
"Less developed regions, excluding least developed countries",,1963,2.858
"Less developed regions, excluding least developed countries",,1964,2.6524
"Less developed regions, excluding least developed countries",,1965,2.5734
"Less developed regions, excluding least developed countries",,1966,2.5225
"Less developed regions, excluding least developed countries",,1967,2.4316
"Less developed regions, excluding least developed countries",,1968,2.6029
"Less developed regions, excluding least developed countries",,1969,2.5437
"Less developed regions, excluding least developed countries",,1970,2.5448
"Less developed regions, excluding least developed countries",,1971,2.4575
"Less developed regions, excluding least developed countries",,1972,2.4034
"Less developed regions, excluding least developed countries",,1973,2.3595
"Less developed regions, excluding least developed countries",,1974,2.2673
"Less developed regions, excluding least developed countries",,1975,2.171
"Less developed regions, excluding least developed countries",,1976,2.1275
"Less developed regions, excluding least developed countries",,1977,2.0709
"Less developed regions, excluding least developed countries",,1978,2.0684
"Less developed regions, excluding least developed countries",,1979,2.1061
"Less developed regions, excluding least developed countries",,1980,2.1233
"Less developed regions, excluding least developed countries",,1981,2.1458
"Less developed regions, excluding least developed countries",,1982,2.1931
"Less developed regions, excluding least developed countries",,1983,2.0987
"Less developed regions, excluding least developed countries",,1984,2.1203
"Less developed regions, excluding least developed countries",,1985,2.1252
"Less developed regions, excluding least developed countries",,1986,2.1533
"Less developed regions, excluding least developed countries",,1987,2.1547
"Less developed regions, excluding least developed countries",,1988,2.0889
"Less developed regions, excluding least developed countries",,1989,2.076
"Less developed regions, excluding least developed countries",,1990,2.0533
"Less developed regions, excluding least developed countries",,1991,1.8839
"Less developed regions, excluding least developed countries",,1992,1.8092
"Less developed regions, excluding least developed countries",,1993,1.7544
"Less developed regions, excluding least developed countries",,1994,1.7029
"Less developed regions, excluding least developed countries",,1995,1.6606
"Less developed regions, excluding least developed countries",,1996,1.6113
"Less developed regions, excluding least developed countries",,1997,1.568
"Less developed regions, excluding least developed countries",,1998,1.5281
"Less developed regions, excluding least developed countries",,1999,1.4973
"Less developed regions, excluding least developed countries",,2000,1.4969
"Less developed regions, excluding least developed countries",,2001,1.4552
"Less developed regions, excluding least developed countries",,2002,1.4227
"Less developed regions, excluding least developed countries",,2003,1.3931
"Less developed regions, excluding least developed countries",,2004,1.3726
"Less developed regions, excluding least developed countries",,2005,1.3573
"Less developed regions, excluding least developed countries",,2006,1.3472
"Less developed regions, excluding least developed countries",,2007,1.3421
"Less developed regions, excluding least developed countries",,2008,1.3422
"Less developed regions, excluding least developed countries",,2009,1.34
"Less developed regions, excluding least developed countries",,2010,1.3223
"Less developed regions, excluding least developed countries",,2011,1.3068
"Less developed regions, excluding least developed countries",,2012,1.3176
"Less developed regions, excluding least developed countries",,2013,1.2694
"Less developed regions, excluding least developed countries",,2014,1.2425
"Less developed regions, excluding least developed countries",,2015,1.1943
"Less developed regions, excluding least developed countries",,2016,1.1726
"Less developed regions, excluding least developed countries",,2017,1.1243
"Less developed regions, excluding least developed countries",,2018,1.0442
"Less developed regions, excluding least developed countries",,2019,0.9896
"Less developed regions, excluding least developed countries",,2020,0.847
"Less developed regions, excluding least developed countries",,2021,0.7156
"Less developed regions, excluding least developed countries",,2022,0.7996
"Less developed regions, excluding least developed countries",,2023,0.7743
Liberia,LBR,1950,1.9103
Liberia,LBR,1951,1.9594
Liberia,LBR,1952,2.0056
Liberia,LBR,1953,2.0445
Liberia,LBR,1954,2.079
Liberia,LBR,1955,2.109
Liberia,LBR,1956,2.1465
Liberia,LBR,1957,2.1789
Liberia,LBR,1958,2.2021
Liberia,LBR,1959,2.2311
Liberia,LBR,1960,2.2565
Liberia,LBR,1961,2.2839
Liberia,LBR,1962,2.3123
Liberia,LBR,1963,2.3389
Liberia,LBR,1964,2.3509
Liberia,LBR,1965,2.3714
Liberia,LBR,1966,2.375
Liberia,LBR,1967,2.3939
Liberia,LBR,1968,2.4065
Liberia,LBR,1969,2.4256
Liberia,LBR,1970,2.3997
Liberia,LBR,1971,2.3945
Liberia,LBR,1972,2.4542
Liberia,LBR,1973,2.5066
Liberia,LBR,1974,2.5517
Liberia,LBR,1975,2.6021
Liberia,LBR,1976,2.6515
Liberia,LBR,1977,2.6943
Liberia,LBR,1978,2.7396
Liberia,LBR,1979,2.7834
Liberia,LBR,1980,2.7706
Liberia,LBR,1981,2.7683
Liberia,LBR,1982,2.7445
Liberia,LBR,1983,2.7318
Liberia,LBR,1984,2.7359
Liberia,LBR,1985,2.6774
Liberia,LBR,1986,2.6824
Liberia,LBR,1987,2.6143
Liberia,LBR,1988,2.5625
Liberia,LBR,1989,2.5116
Liberia,LBR,1990,2.3731
Liberia,LBR,1991,2.424
Liberia,LBR,1992,2.4224
Liberia,LBR,1993,2.3947
Liberia,LBR,1994,2.4234
Liberia,LBR,1995,2.4621
Liberia,LBR,1996,2.5262
Liberia,LBR,1997,2.5464
Liberia,LBR,1998,2.702
Liberia,LBR,1999,2.7689
Liberia,LBR,2000,2.8395
Liberia,LBR,2001,2.8593
Liberia,LBR,2002,2.8643
Liberia,LBR,2003,2.806
Liberia,LBR,2004,2.9065
Liberia,LBR,2005,2.9227
Liberia,LBR,2006,2.9821
Liberia,LBR,2007,2.9753
Liberia,LBR,2008,2.932
Liberia,LBR,2009,2.8767
Liberia,LBR,2010,2.8148
Liberia,LBR,2011,2.7361
Liberia,LBR,2012,2.7892
Liberia,LBR,2013,2.6875
Liberia,LBR,2014,2.5561
Liberia,LBR,2015,2.4784
Liberia,LBR,2016,2.4992
Liberia,LBR,2017,2.4619
Liberia,LBR,2018,2.4315
Liberia,LBR,2019,2.3918
Liberia,LBR,2020,2.3426
Liberia,LBR,2021,2.3014
Liberia,LBR,2022,2.303
Liberia,LBR,2023,2.2889
Libya,LBY,1950,1.6612
Libya,LBY,1951,1.6943
Libya,LBY,1952,1.7331
Libya,LBY,1953,1.8155
Libya,LBY,1954,1.8971
Libya,LBY,1955,1.9851
Libya,LBY,1956,2.072
Libya,LBY,1957,2.1768
Libya,LBY,1958,2.3008
Libya,LBY,1959,2.4296
Libya,LBY,1960,2.5716
Libya,LBY,1961,2.7105
Libya,LBY,1962,2.8516
Libya,LBY,1963,2.9827
Libya,LBY,1964,3.1492
Libya,LBY,1965,3.2779
Libya,LBY,1966,3.2662
Libya,LBY,1967,3.2604
Libya,LBY,1968,3.2759
Libya,LBY,1969,3.3154
Libya,LBY,1970,3.3846
Libya,LBY,1971,3.4796
Libya,LBY,1972,3.4978
Libya,LBY,1973,3.5112
Libya,LBY,1974,3.6731
Libya,LBY,1975,3.6889
Libya,LBY,1976,3.7169
Libya,LBY,1977,3.74
Libya,LBY,1978,3.7565
Libya,LBY,1979,3.7562
Libya,LBY,1980,3.7389
Libya,LBY,1981,3.5961
Libya,LBY,1982,3.5844
Libya,LBY,1983,3.2854
Libya,LBY,1984,2.9157
Libya,LBY,1985,2.8264
Libya,LBY,1986,2.7213
Libya,LBY,1987,2.6094
Libya,LBY,1988,2.4888
Libya,LBY,1989,2.3676
Libya,LBY,1990,2.2473
Libya,LBY,1991,2.1253
Libya,LBY,1992,2.0164
Libya,LBY,1993,1.9132
Libya,LBY,1994,1.8408
Libya,LBY,1995,1.7865
Libya,LBY,1996,1.7433
Libya,LBY,1997,1.7158
Libya,LBY,1998,1.7043
Libya,LBY,1999,1.7007
Libya,LBY,2000,1.693
Libya,LBY,2001,1.7279
Libya,LBY,2002,1.7718
Libya,LBY,2003,1.8177
Libya,LBY,2004,1.8677
Libya,LBY,2005,1.9257
Libya,LBY,2006,1.9338
Libya,LBY,2007,1.9118
Libya,LBY,2008,1.8841
Libya,LBY,2009,1.855
Libya,LBY,2010,1.8918
Libya,LBY,2011,1.9078
Libya,LBY,2012,1.7616
Libya,LBY,2013,1.757
Libya,LBY,2014,1.718
Libya,LBY,2015,1.6549
Libya,LBY,2016,1.5872
Libya,LBY,2017,1.5417
Libya,LBY,2018,1.4837
Libya,LBY,2019,1.4076
Libya,LBY,2020,1.3193
Libya,LBY,2021,1.2334
Libya,LBY,2022,1.2729
Libya,LBY,2023,1.037
Liechtenstein,LIE,1950,1.1227
Liechtenstein,LIE,1951,1.1581
Liechtenstein,LIE,1952,1.117
Liechtenstein,LIE,1953,1.0939
Liechtenstein,LIE,1954,1.0732
Liechtenstein,LIE,1955,1.0729
Liechtenstein,LIE,1956,1.0876
Liechtenstein,LIE,1957,1.1213
Liechtenstein,LIE,1958,1.1538
Liechtenstein,LIE,1959,1.1701
Liechtenstein,LIE,1960,1.1918
Liechtenstein,LIE,1961,1.2167
Liechtenstein,LIE,1962,1.2443
Liechtenstein,LIE,1963,1.3057
Liechtenstein,LIE,1964,1.3826
Liechtenstein,LIE,1965,1.4442
Liechtenstein,LIE,1966,1.3642
Liechtenstein,LIE,1967,1.1994
Liechtenstein,LIE,1968,1.0484
Liechtenstein,LIE,1969,1.0255
Liechtenstein,LIE,1970,1.0342
Liechtenstein,LIE,1971,1.0233
Liechtenstein,LIE,1972,1.0003
Liechtenstein,LIE,1973,0.9724
Liechtenstein,LIE,1974,0.9597
Liechtenstein,LIE,1975,0.9662
Liechtenstein,LIE,1976,0.986
Liechtenstein,LIE,1977,1.0052
Liechtenstein,LIE,1978,0.9882
Liechtenstein,LIE,1979,0.8014
Liechtenstein,LIE,1980,0.8305
Liechtenstein,LIE,1981,0.8376
Liechtenstein,LIE,1982,0.7568
Liechtenstein,LIE,1983,0.7058
Liechtenstein,LIE,1984,0.6962
Liechtenstein,LIE,1985,0.6989
Liechtenstein,LIE,1986,0.6984
Liechtenstein,LIE,1987,0.7306
Liechtenstein,LIE,1988,0.7374
Liechtenstein,LIE,1989,0.7531
Liechtenstein,LIE,1990,0.7645
Liechtenstein,LIE,1991,0.769
Liechtenstein,LIE,1992,0.7284
Liechtenstein,LIE,1993,0.6776
Liechtenstein,LIE,1994,0.6314
Liechtenstein,LIE,1995,0.5899
Liechtenstein,LIE,1996,0.6207
Liechtenstein,LIE,1997,0.6332
Liechtenstein,LIE,1998,0.6303
Liechtenstein,LIE,1999,0.6326
Liechtenstein,LIE,2000,0.6002
Liechtenstein,LIE,2001,0.5645
Liechtenstein,LIE,2002,0.511
Liechtenstein,LIE,2003,0.4238
Liechtenstein,LIE,2004,0.4664
Liechtenstein,LIE,2005,0.482
Liechtenstein,LIE,2006,0.4148
Liechtenstein,LIE,2007,0.3858
Liechtenstein,LIE,2008,0.3747
Liechtenstein,LIE,2009,0.4958
Liechtenstein,LIE,2010,0.3078
Liechtenstein,LIE,2011,0.4327
Liechtenstein,LIE,2012,0.3272
Liechtenstein,LIE,2013,0.2697
Liechtenstein,LIE,2014,0.3238
Liechtenstein,LIE,2015,0.226
Liechtenstein,LIE,2016,0.3177
Liechtenstein,LIE,2017,0.2288
Liechtenstein,LIE,2018,0.2829
Liechtenstein,LIE,2019,0.2235
Liechtenstein,LIE,2020,0.0709
Liechtenstein,LIE,2021,0.1719
Liechtenstein,LIE,2022,0.1906
Liechtenstein,LIE,2023,0.1787
Lithuania,LTU,1950,1.0157
Lithuania,LTU,1951,1.0955
Lithuania,LTU,1952,1.1362
Lithuania,LTU,1953,1.1598
Lithuania,LTU,1954,1.1787
Lithuania,LTU,1955,1.2127
Lithuania,LTU,1956,1.2583
Lithuania,LTU,1957,1.3648
Lithuania,LTU,1958,1.4297
Lithuania,LTU,1959,1.4453
Lithuania,LTU,1960,1.4927
Lithuania,LTU,1961,1.4502
Lithuania,LTU,1962,1.2314
Lithuania,LTU,1963,1.1794
Lithuania,LTU,1964,1.1683
Lithuania,LTU,1965,1.0319
Lithuania,LTU,1966,1.0198
Lithuania,LTU,1967,0.9681
Lithuania,LTU,1968,0.9323
Lithuania,LTU,1969,0.8695
Lithuania,LTU,1970,0.8676
Lithuania,LTU,1971,0.9088
Lithuania,LTU,1972,0.7883
Lithuania,LTU,1973,0.7063
Lithuania,LTU,1974,0.6838
Lithuania,LTU,1975,0.6213
Lithuania,LTU,1976,0.6149
Lithuania,LTU,1977,0.5778
Lithuania,LTU,1978,0.532
Lithuania,LTU,1979,0.5015
Lithuania,LTU,1980,0.4651
Lithuania,LTU,1981,0.4829
Lithuania,LTU,1982,0.5166
Lithuania,LTU,1983,0.5984
Lithuania,LTU,1984,0.5372
Lithuania,LTU,1985,0.5415
Lithuania,LTU,1986,0.665
Lithuania,LTU,1987,0.6142
Lithuania,LTU,1988,0.5122
Lithuania,LTU,1989,0.4447
Lithuania,LTU,1990,0.4653
Lithuania,LTU,1991,0.4101
Lithuania,LTU,1992,0.352
Lithuania,LTU,1993,0.0384
Lithuania,LTU,1994,-0.1084
Lithuania,LTU,1995,-0.1138
Lithuania,LTU,1996,-0.1053
Lithuania,LTU,1997,-0.0911
Lithuania,LTU,1998,-0.1041
Lithuania,LTU,1999,-0.0996
Lithuania,LTU,2000,-0.1394
Lithuania,LTU,2001,-0.2625
Lithuania,LTU,2002,-0.332
Lithuania,LTU,2003,-0.3155
Lithuania,LTU,2004,-0.3368
Lithuania,LTU,2005,-0.4164
Lithuania,LTU,2006,-0.4582
Lithuania,LTU,2007,-0.4747
Lithuania,LTU,2008,-0.3799
Lithuania,LTU,2009,-0.3045
Lithuania,LTU,2010,-0.3345
Lithuania,LTU,2011,-0.3432
Lithuania,LTU,2012,-0.3456
Lithuania,LTU,2013,-0.3872
Lithuania,LTU,2014,-0.3331
Lithuania,LTU,2015,-0.347
Lithuania,LTU,2016,-0.3506
Lithuania,LTU,2017,-0.3852
Lithuania,LTU,2018,-0.4025
Lithuania,LTU,2019,-0.3854
Lithuania,LTU,2020,-0.6567
Lithuania,LTU,2021,-0.8489
Lithuania,LTU,2022,-0.8228
Lithuania,LTU,2023,-0.6834
Low-income countries,OWID_LIC,1950,1.456
Low-income countries,OWID_LIC,1951,1.5434
Low-income countries,OWID_LIC,1952,1.8868
Low-income countries,OWID_LIC,1953,2.0312
Low-income countries,OWID_LIC,1954,2.1536
Low-income countries,OWID_LIC,1955,2.2091
Low-income countries,OWID_LIC,1956,2.238
Low-income countries,OWID_LIC,1957,2.2325
Low-income countries,OWID_LIC,1958,2.2723
Low-income countries,OWID_LIC,1959,2.3658
Low-income countries,OWID_LIC,1960,2.407
Low-income countries,OWID_LIC,1961,2.4141
Low-income countries,OWID_LIC,1962,2.4606
Low-income countries,OWID_LIC,1963,2.4997
Low-income countries,OWID_LIC,1964,2.5365
Low-income countries,OWID_LIC,1965,2.5559
Low-income countries,OWID_LIC,1966,2.5658
Low-income countries,OWID_LIC,1967,2.6566
Low-income countries,OWID_LIC,1968,2.6665
Low-income countries,OWID_LIC,1969,2.6831
Low-income countries,OWID_LIC,1970,2.7049
Low-income countries,OWID_LIC,1971,2.7175
Low-income countries,OWID_LIC,1972,2.6897
Low-income countries,OWID_LIC,1973,2.6952
Low-income countries,OWID_LIC,1974,2.6715
Low-income countries,OWID_LIC,1975,2.6855
Low-income countries,OWID_LIC,1976,2.7298
Low-income countries,OWID_LIC,1977,2.7525
Low-income countries,OWID_LIC,1978,2.7612
Low-income countries,OWID_LIC,1979,2.8126
Low-income countries,OWID_LIC,1980,2.8486
Low-income countries,OWID_LIC,1981,2.8531
Low-income countries,OWID_LIC,1982,2.8335
Low-income countries,OWID_LIC,1983,2.725
Low-income countries,OWID_LIC,1984,2.7043
Low-income countries,OWID_LIC,1985,2.7451
Low-income countries,OWID_LIC,1986,2.8179
Low-income countries,OWID_LIC,1987,2.8972
Low-income countries,OWID_LIC,1988,2.8576
Low-income countries,OWID_LIC,1989,2.9352
Low-income countries,OWID_LIC,1990,2.9312
Low-income countries,OWID_LIC,1991,2.89
Low-income countries,OWID_LIC,1992,2.8803
Low-income countries,OWID_LIC,1993,2.9459
Low-income countries,OWID_LIC,1994,2.7135
Low-income countries,OWID_LIC,1995,2.9676
Low-income countries,OWID_LIC,1996,2.9474
Low-income countries,OWID_LIC,1997,2.9367
Low-income countries,OWID_LIC,1998,2.8726
Low-income countries,OWID_LIC,1999,2.9309
Low-income countries,OWID_LIC,2000,2.9565
Low-income countries,OWID_LIC,2001,2.9482
Low-income countries,OWID_LIC,2002,2.9342
Low-income countries,OWID_LIC,2003,2.9498
Low-income countries,OWID_LIC,2004,2.9492
Low-income countries,OWID_LIC,2005,2.9494
Low-income countries,OWID_LIC,2006,2.9617
Low-income countries,OWID_LIC,2007,2.966
Low-income countries,OWID_LIC,2008,2.9669
Low-income countries,OWID_LIC,2009,2.9073
Low-income countries,OWID_LIC,2010,2.9418
Low-income countries,OWID_LIC,2011,2.884
Low-income countries,OWID_LIC,2012,2.8907
Low-income countries,OWID_LIC,2013,2.8695
Low-income countries,OWID_LIC,2014,2.828
Low-income countries,OWID_LIC,2015,2.805
Low-income countries,OWID_LIC,2016,2.7873
Low-income countries,OWID_LIC,2017,2.7706
Low-income countries,OWID_LIC,2018,2.786
Low-income countries,OWID_LIC,2019,2.775
Low-income countries,OWID_LIC,2020,2.7549
Low-income countries,OWID_LIC,2021,2.7069
Low-income countries,OWID_LIC,2022,2.6997
Low-income countries,OWID_LIC,2023,2.7275
Lower-middle-income countries,OWID_LMC,1950,2.0708
Lower-middle-income countries,OWID_LMC,1951,2.1024
Lower-middle-income countries,OWID_LMC,1952,2.1772
Lower-middle-income countries,OWID_LMC,1953,2.2142
Lower-middle-income countries,OWID_LMC,1954,2.2855
Lower-middle-income countries,OWID_LMC,1955,2.3179
Lower-middle-income countries,OWID_LMC,1956,2.3456
Lower-middle-income countries,OWID_LMC,1957,2.3805
Lower-middle-income countries,OWID_LMC,1958,2.3966
Lower-middle-income countries,OWID_LMC,1959,2.4197
Lower-middle-income countries,OWID_LMC,1960,2.4374
Lower-middle-income countries,OWID_LMC,1961,2.4258
Lower-middle-income countries,OWID_LMC,1962,2.452
Lower-middle-income countries,OWID_LMC,1963,2.453
Lower-middle-income countries,OWID_LMC,1964,2.4497
Lower-middle-income countries,OWID_LMC,1965,2.3735
Lower-middle-income countries,OWID_LMC,1966,2.3705
Lower-middle-income countries,OWID_LMC,1967,2.3606
Lower-middle-income countries,OWID_LMC,1968,2.4029
Lower-middle-income countries,OWID_LMC,1969,2.402
Lower-middle-income countries,OWID_LMC,1970,2.3799
Lower-middle-income countries,OWID_LMC,1971,2.2779
Lower-middle-income countries,OWID_LMC,1972,2.4273
Lower-middle-income countries,OWID_LMC,1973,2.4417
Lower-middle-income countries,OWID_LMC,1974,2.4452
Lower-middle-income countries,OWID_LMC,1975,2.4184
Lower-middle-income countries,OWID_LMC,1976,2.4395
Lower-middle-income countries,OWID_LMC,1977,2.438
Lower-middle-income countries,OWID_LMC,1978,2.4514
Lower-middle-income countries,OWID_LMC,1979,2.5055
Lower-middle-income countries,OWID_LMC,1980,2.533
Lower-middle-income countries,OWID_LMC,1981,2.539
Lower-middle-income countries,OWID_LMC,1982,2.5475
Lower-middle-income countries,OWID_LMC,1983,2.5535
Lower-middle-income countries,OWID_LMC,1984,2.5492
Lower-middle-income countries,OWID_LMC,1985,2.5203
Lower-middle-income countries,OWID_LMC,1986,2.5025
Lower-middle-income countries,OWID_LMC,1987,2.4546
Lower-middle-income countries,OWID_LMC,1988,2.4194
Lower-middle-income countries,OWID_LMC,1989,2.3867
Lower-middle-income countries,OWID_LMC,1990,2.3389
Lower-middle-income countries,OWID_LMC,1991,2.2932
Lower-middle-income countries,OWID_LMC,1992,2.2464
Lower-middle-income countries,OWID_LMC,1993,2.1918
Lower-middle-income countries,OWID_LMC,1994,2.1476
Lower-middle-income countries,OWID_LMC,1995,2.104
Lower-middle-income countries,OWID_LMC,1996,2.0601
Lower-middle-income countries,OWID_LMC,1997,2.027
Lower-middle-income countries,OWID_LMC,1998,1.9994
Lower-middle-income countries,OWID_LMC,1999,1.9839
Lower-middle-income countries,OWID_LMC,2000,1.9827
Lower-middle-income countries,OWID_LMC,2001,1.9721
Lower-middle-income countries,OWID_LMC,2002,1.9444
Lower-middle-income countries,OWID_LMC,2003,1.9135
Lower-middle-income countries,OWID_LMC,2004,1.882
Lower-middle-income countries,OWID_LMC,2005,1.8468
Lower-middle-income countries,OWID_LMC,2006,1.8283
Lower-middle-income countries,OWID_LMC,2007,1.8117
Lower-middle-income countries,OWID_LMC,2008,1.8005
Lower-middle-income countries,OWID_LMC,2009,1.7982
Lower-middle-income countries,OWID_LMC,2010,1.7722
Lower-middle-income countries,OWID_LMC,2011,1.7528
Lower-middle-income countries,OWID_LMC,2012,1.7318
Lower-middle-income countries,OWID_LMC,2013,1.7004
Lower-middle-income countries,OWID_LMC,2014,1.6507
Lower-middle-income countries,OWID_LMC,2015,1.6308
Lower-middle-income countries,OWID_LMC,2016,1.5976
Lower-middle-income countries,OWID_LMC,2017,1.5418
Lower-middle-income countries,OWID_LMC,2018,1.504
Lower-middle-income countries,OWID_LMC,2019,1.4543
Lower-middle-income countries,OWID_LMC,2020,1.3564
Lower-middle-income countries,OWID_LMC,2021,1.2186
Lower-middle-income countries,OWID_LMC,2022,1.3707
Lower-middle-income countries,OWID_LMC,2023,1.3564
Luxembourg,LUX,1950,0.2474
Luxembourg,LUX,1951,0.3138
Luxembourg,LUX,1952,0.4151
Luxembourg,LUX,1953,0.3954
Luxembourg,LUX,1954,0.4699
Luxembourg,LUX,1955,0.4381
Luxembourg,LUX,1956,0.3635
Luxembourg,LUX,1957,0.3392
Luxembourg,LUX,1958,0.4325
Luxembourg,LUX,1959,0.4286
Luxembourg,LUX,1960,0.4394
Luxembourg,LUX,1961,0.4784
Luxembourg,LUX,1962,0.3494
Luxembourg,LUX,1963,0.367
Luxembourg,LUX,1964,0.4104
Luxembourg,LUX,1965,0.3693
Luxembourg,LUX,1966,0.3302
Luxembourg,LUX,1967,0.2401
Luxembourg,LUX,1968,0.168
Luxembourg,LUX,1969,0.079
Luxembourg,LUX,1970,0.0558
Luxembourg,LUX,1971,-0.0192
Luxembourg,LUX,1972,-0.034
Luxembourg,LUX,1973,-0.1279
Luxembourg,LUX,1974,-0.1433
Luxembourg,LUX,1975,-0.1426
Luxembourg,LUX,1976,-0.2001
Luxembourg,LUX,1977,-0.0477
Luxembourg,LUX,1978,-0.0582
Luxembourg,LUX,1979,0.0205
Luxembourg,LUX,1980,0.01
Luxembourg,LUX,1981,0.0652
Luxembourg,LUX,1982,0.0353
Luxembourg,LUX,1983,0.0089
Luxembourg,LUX,1984,0.0191
Luxembourg,LUX,1985,0.0116
Luxembourg,LUX,1986,0.0665
Luxembourg,LUX,1987,0.0542
Luxembourg,LUX,1988,0.1795
Luxembourg,LUX,1989,0.1607
Luxembourg,LUX,1990,0.2758
Luxembourg,LUX,1991,0.2915
Luxembourg,LUX,1992,0.2559
Luxembourg,LUX,1993,0.3304
Luxembourg,LUX,1994,0.3757
Luxembourg,LUX,1995,0.3605
Luxembourg,LUX,1996,0.3961
Luxembourg,LUX,1997,0.3422
Luxembourg,LUX,1998,0.3191
Luxembourg,LUX,1999,0.3712
Luxembourg,LUX,2000,0.3883
Luxembourg,LUX,2001,0.3648
Luxembourg,LUX,2002,0.331
Luxembourg,LUX,2003,0.2378
Luxembourg,LUX,2004,0.3702
Luxembourg,LUX,2005,0.3352
Luxembourg,LUX,2006,0.3311
Luxembourg,LUX,2007,0.3011
Luxembourg,LUX,2008,0.3669
Luxembourg,LUX,2009,0.3572
Luxembourg,LUX,2010,0.3745
Luxembourg,LUX,2011,0.3113
Luxembourg,LUX,2012,0.3612
Luxembourg,LUX,2013,0.3835
Luxembourg,LUX,2014,0.3637
Luxembourg,LUX,2015,0.3336
Luxembourg,LUX,2016,0.3249
Luxembourg,LUX,2017,0.2808
Luxembourg,LUX,2018,0.2867
Luxembourg,LUX,2019,0.2791
Luxembourg,LUX,2020,0.2654
Luxembourg,LUX,2021,0.3106
Luxembourg,LUX,2022,0.3322
Luxembourg,LUX,2023,0.3464
Macao,MAC,1950,3.6543
Macao,MAC,1951,3.5235
Macao,MAC,1952,3.3732
Macao,MAC,1953,3.2425
Macao,MAC,1954,3.1261
Macao,MAC,1955,2.9974
Macao,MAC,1956,2.8448
Macao,MAC,1957,2.7642
Macao,MAC,1958,2.6231
Macao,MAC,1959,2.4839
Macao,MAC,1960,2.388
Macao,MAC,1961,2.0525
Macao,MAC,1962,1.8215
Macao,MAC,1963,1.6844
Macao,MAC,1964,1.2203
Macao,MAC,1965,0.9856
Macao,MAC,1966,0.8917
Macao,MAC,1967,0.7978
Macao,MAC,1968,0.6515
Macao,MAC,1969,0.5364
Macao,MAC,1970,0.4649
Macao,MAC,1971,0.4584
Macao,MAC,1972,0.5937
Macao,MAC,1973,0.9696
Macao,MAC,1974,-0.7816
Macao,MAC,1975,-0.6282
Macao,MAC,1976,-0.4499
Macao,MAC,1977,-0.2921
Macao,MAC,1978,-0.0623
Macao,MAC,1979,0.2645
Macao,MAC,1980,0.6451
Macao,MAC,1981,1.036
Macao,MAC,1982,1.3476
Macao,MAC,1983,1.5694
Macao,MAC,1984,1.7007
Macao,MAC,1985,1.8777
Macao,MAC,1986,1.8795
Macao,MAC,1987,1.7815
Macao,MAC,1988,1.605
Macao,MAC,1989,1.5926
Macao,MAC,1990,1.5071
Macao,MAC,1991,1.4102
Macao,MAC,1992,1.3371
Macao,MAC,1993,1.2235
Macao,MAC,1994,1.1282
Macao,MAC,1995,1.0264
Macao,MAC,1996,0.8761
Macao,MAC,1997,0.7939
Macao,MAC,1998,0.6758
Macao,MAC,1999,0.57
Macao,MAC,2000,0.4649
Macao,MAC,2001,0.37
Macao,MAC,2002,0.3227
Macao,MAC,2003,0.3029
Macao,MAC,2004,0.3004
Macao,MAC,2005,0.3434
Macao,MAC,2006,0.3927
Macao,MAC,2007,0.437
Macao,MAC,2008,0.4596
Macao,MAC,2009,0.4904
Macao,MAC,2010,0.5553
Macao,MAC,2011,0.656
Macao,MAC,2012,0.7435
Macao,MAC,2013,0.7131
Macao,MAC,2014,0.7978
Macao,MAC,2015,0.7242
Macao,MAC,2016,0.7179
Macao,MAC,2017,0.5906
Macao,MAC,2018,0.4967
Macao,MAC,2019,0.4872
Macao,MAC,2020,0.4551
Macao,MAC,2021,0.3078
Macao,MAC,2022,0.0647
Macao,MAC,2023,0.153
Madagascar,MDG,1950,2.5302
Madagascar,MDG,1951,2.5177
Madagascar,MDG,1952,2.5265
Madagascar,MDG,1953,2.5374
Madagascar,MDG,1954,2.5423
Madagascar,MDG,1955,2.5456
Madagascar,MDG,1956,2.5684
Madagascar,MDG,1957,2.5836
Madagascar,MDG,1958,2.6038
Madagascar,MDG,1959,2.6146
Madagascar,MDG,1960,2.6156
Madagascar,MDG,1961,2.6034
Madagascar,MDG,1962,2.5893
Madagascar,MDG,1963,2.5821
Madagascar,MDG,1964,2.5908
Madagascar,MDG,1965,2.6183
Madagascar,MDG,1966,2.6695
Madagascar,MDG,1967,2.7261
Madagascar,MDG,1968,2.7887
Madagascar,MDG,1969,2.8461
Madagascar,MDG,1970,2.921
Madagascar,MDG,1971,2.9789
Madagascar,MDG,1972,3.0128
Madagascar,MDG,1973,3.0429
Madagascar,MDG,1974,3.0658
Madagascar,MDG,1975,3.0852
Madagascar,MDG,1976,3.0968
Madagascar,MDG,1977,3.1062
Madagascar,MDG,1978,3.111
Madagascar,MDG,1979,3.0987
Madagascar,MDG,1980,3.0567
Madagascar,MDG,1981,2.991
Madagascar,MDG,1982,2.9791
Madagascar,MDG,1983,2.9471
Madagascar,MDG,1984,2.9295
Madagascar,MDG,1985,2.9157
Madagascar,MDG,1986,2.86
Madagascar,MDG,1987,2.8751
Madagascar,MDG,1988,2.907
Madagascar,MDG,1989,2.9413
Madagascar,MDG,1990,2.9913
Madagascar,MDG,1991,3.0193
Madagascar,MDG,1992,3.0344
Madagascar,MDG,1993,3.0976
Madagascar,MDG,1994,3.1451
Madagascar,MDG,1995,3.2044
Madagascar,MDG,1996,3.249
Madagascar,MDG,1997,3.2747
Madagascar,MDG,1998,3.2823
Madagascar,MDG,1999,3.231
Madagascar,MDG,2000,3.1536
Madagascar,MDG,2001,3.1096
Madagascar,MDG,2002,3.0514
Madagascar,MDG,2003,3.0152
Madagascar,MDG,2004,2.9899
Madagascar,MDG,2005,2.9653
Madagascar,MDG,2006,2.9471
Madagascar,MDG,2007,2.942
Madagascar,MDG,2008,2.942
Madagascar,MDG,2009,2.9424
Madagascar,MDG,2010,2.892
Madagascar,MDG,2011,2.8068
Madagascar,MDG,2012,2.7459
Madagascar,MDG,2013,2.7136
Madagascar,MDG,2014,2.6685
Madagascar,MDG,2015,2.631
Madagascar,MDG,2016,2.6161
Madagascar,MDG,2017,2.6112
Madagascar,MDG,2018,2.616
Madagascar,MDG,2019,2.6076
Madagascar,MDG,2020,2.5441
Madagascar,MDG,2021,2.4971
Madagascar,MDG,2022,2.477
Madagascar,MDG,2023,2.4567
Malawi,MWI,1950,1.7109
Malawi,MWI,1951,1.8214
Malawi,MWI,1952,1.9056
Malawi,MWI,1953,1.9688
Malawi,MWI,1954,1.9856
Malawi,MWI,1955,2.0591
Malawi,MWI,1956,2.1311
Malawi,MWI,1957,2.1912
Malawi,MWI,1958,2.2573
Malawi,MWI,1959,2.3202
Malawi,MWI,1960,2.3626
Malawi,MWI,1961,2.3978
Malawi,MWI,1962,2.4292
Malawi,MWI,1963,2.4595
Malawi,MWI,1964,2.4431
Malawi,MWI,1965,2.4423
Malawi,MWI,1966,2.4658
Malawi,MWI,1967,2.4789
Malawi,MWI,1968,2.5012
Malawi,MWI,1969,2.502
Malawi,MWI,1970,2.521
Malawi,MWI,1971,2.5469
Malawi,MWI,1972,2.5793
Malawi,MWI,1973,2.6285
Malawi,MWI,1974,2.6806
Malawi,MWI,1975,2.7472
Malawi,MWI,1976,2.8185
Malawi,MWI,1977,2.8839
Malawi,MWI,1978,2.969
Malawi,MWI,1979,3.0209
Malawi,MWI,1980,3.0763
Malawi,MWI,1981,3.0605
Malawi,MWI,1982,3.0298
Malawi,MWI,1983,2.9698
Malawi,MWI,1984,2.8931
Malawi,MWI,1985,2.8368
Malawi,MWI,1986,2.7638
Malawi,MWI,1987,2.6596
Malawi,MWI,1988,2.5923
Malawi,MWI,1989,2.5933
Malawi,MWI,1990,2.6206
Malawi,MWI,1991,2.6431
Malawi,MWI,1992,2.6548
Malawi,MWI,1993,2.689
Malawi,MWI,1994,2.7097
Malawi,MWI,1995,2.628
Malawi,MWI,1996,2.6086
Malawi,MWI,1997,2.6267
Malawi,MWI,1998,2.6444
Malawi,MWI,1999,2.6759
Malawi,MWI,2000,2.655
Malawi,MWI,2001,2.6812
Malawi,MWI,2002,2.7176
Malawi,MWI,2003,2.8004
Malawi,MWI,2004,2.8889
Malawi,MWI,2005,2.9683
Malawi,MWI,2006,3.0088
Malawi,MWI,2007,3.0221
Malawi,MWI,2008,3.0178
Malawi,MWI,2009,3.0204
Malawi,MWI,2010,2.9978
Malawi,MWI,2011,2.9751
Malawi,MWI,2012,2.9325
Malawi,MWI,2013,2.9099
Malawi,MWI,2014,2.8422
Malawi,MWI,2015,2.7654
Malawi,MWI,2016,2.7041
Malawi,MWI,2017,2.6866
Malawi,MWI,2018,2.6681
Malawi,MWI,2019,2.6601
Malawi,MWI,2020,2.6347
Malawi,MWI,2021,2.5809
Malawi,MWI,2022,2.5935
Malawi,MWI,2023,2.6018
Malaysia,MYS,1950,2.4375
Malaysia,MYS,1951,2.534
Malaysia,MYS,1952,2.6428
Malaysia,MYS,1953,2.7541
Malaysia,MYS,1954,2.8487
Malaysia,MYS,1955,2.9323
Malaysia,MYS,1956,3.0101
Malaysia,MYS,1957,3.0804
Malaysia,MYS,1958,3.1203
Malaysia,MYS,1959,3.1459
Malaysia,MYS,1960,3.1559
Malaysia,MYS,1961,3.1511
Malaysia,MYS,1962,3.1281
Malaysia,MYS,1963,3.0901
Malaysia,MYS,1964,3.0176
Malaysia,MYS,1965,2.9243
Malaysia,MYS,1966,2.8236
Malaysia,MYS,1967,2.7218
Malaysia,MYS,1968,2.6807
Malaysia,MYS,1969,2.6572
Malaysia,MYS,1970,2.6461
Malaysia,MYS,1971,2.6126
Malaysia,MYS,1972,2.5875
Malaysia,MYS,1973,2.6026
Malaysia,MYS,1974,2.588
Malaysia,MYS,1975,2.5675
Malaysia,MYS,1976,2.5584
Malaysia,MYS,1977,2.5384
Malaysia,MYS,1978,2.5229
Malaysia,MYS,1979,2.5138
Malaysia,MYS,1980,2.5182
Malaysia,MYS,1981,2.5374
Malaysia,MYS,1982,2.5529
Malaysia,MYS,1983,2.557
Malaysia,MYS,1984,2.553
Malaysia,MYS,1985,2.5127
Malaysia,MYS,1986,2.4479
Malaysia,MYS,1987,2.3469
Malaysia,MYS,1988,2.3011
Malaysia,MYS,1989,2.1558
Malaysia,MYS,1990,2.1562
Malaysia,MYS,1991,2.1913
Malaysia,MYS,1992,2.2241
Malaysia,MYS,1993,2.2249
Malaysia,MYS,1994,2.2092
Malaysia,MYS,1995,2.1807
Malaysia,MYS,1996,2.1591
Malaysia,MYS,1997,2.0948
Malaysia,MYS,1998,1.9917
Malaysia,MYS,1999,1.9271
Malaysia,MYS,2000,1.8172
Malaysia,MYS,2001,1.7042
Malaysia,MYS,2002,1.5811
Malaysia,MYS,2003,1.5293
Malaysia,MYS,2004,1.4457
Malaysia,MYS,2005,1.3753
Malaysia,MYS,2006,1.323
Malaysia,MYS,2007,1.2916
Malaysia,MYS,2008,1.3144
Malaysia,MYS,2009,1.3019
Malaysia,MYS,2010,1.2572
Malaysia,MYS,2011,1.2785
Malaysia,MYS,2012,1.2524
Malaysia,MYS,2013,1.2154
Malaysia,MYS,2014,1.1975
Malaysia,MYS,2015,1.1472
Malaysia,MYS,2016,1.0874
Malaysia,MYS,2017,1.0398
Malaysia,MYS,2018,0.9862
Malaysia,MYS,2019,0.9253
Malaysia,MYS,2020,0.8359
Malaysia,MYS,2021,0.6184
Malaysia,MYS,2022,0.6847
Malaysia,MYS,2023,0.7254
Maldives,MDV,1950,1.6255
Maldives,MDV,1951,1.7373
Maldives,MDV,1952,1.8084
Maldives,MDV,1953,1.8697
Maldives,MDV,1954,1.9372
Maldives,MDV,1955,2.0293
Maldives,MDV,1956,2.1134
Maldives,MDV,1957,2.1901
Maldives,MDV,1958,2.2634
Maldives,MDV,1959,2.3307
Maldives,MDV,1960,2.4574
Maldives,MDV,1961,2.5182
Maldives,MDV,1962,2.5834
Maldives,MDV,1963,2.6134
Maldives,MDV,1964,2.6423
Maldives,MDV,1965,2.6387
Maldives,MDV,1966,2.622
Maldives,MDV,1967,2.6749
Maldives,MDV,1968,2.7135
Maldives,MDV,1969,2.7272
Maldives,MDV,1970,2.7716
Maldives,MDV,1971,2.7935
Maldives,MDV,1972,2.831
Maldives,MDV,1973,2.9081
Maldives,MDV,1974,2.9762
Maldives,MDV,1975,3.0216
Maldives,MDV,1976,3.0761
Maldives,MDV,1977,3.1454
Maldives,MDV,1978,3.0816
Maldives,MDV,1979,3.2895
Maldives,MDV,1980,3.3526
Maldives,MDV,1981,3.4078
Maldives,MDV,1982,3.475
Maldives,MDV,1983,3.5511
Maldives,MDV,1984,3.6265
Maldives,MDV,1985,3.6516
Maldives,MDV,1986,3.6326
Maldives,MDV,1987,3.5792
Maldives,MDV,1988,3.5156
Maldives,MDV,1989,3.4319
Maldives,MDV,1990,3.3118
Maldives,MDV,1991,3.1472
Maldives,MDV,1992,2.9746
Maldives,MDV,1993,2.7941
Maldives,MDV,1994,2.6116
Maldives,MDV,1995,2.4069
Maldives,MDV,1996,2.1749
Maldives,MDV,1997,1.9673
Maldives,MDV,1998,1.8036
Maldives,MDV,1999,1.6587
Maldives,MDV,2000,1.5504
Maldives,MDV,2001,1.4894
Maldives,MDV,2002,1.4597
Maldives,MDV,2003,1.4558
Maldives,MDV,2004,1.4223
Maldives,MDV,2005,1.4662
Maldives,MDV,2006,1.5184
Maldives,MDV,2007,1.6408
Maldives,MDV,2008,1.7419
Maldives,MDV,2009,1.7879
Maldives,MDV,2010,1.7601
Maldives,MDV,2011,1.7205
Maldives,MDV,2012,1.6662
Maldives,MDV,2013,1.5766
Maldives,MDV,2014,1.4802
Maldives,MDV,2015,1.3813
Maldives,MDV,2016,1.2749
Maldives,MDV,2017,1.1657
Maldives,MDV,2018,1.0753
Maldives,MDV,2019,1.0018
Maldives,MDV,2020,0.9149
Maldives,MDV,2021,0.8576
Maldives,MDV,2022,0.9067
Maldives,MDV,2023,0.868
Mali,MLI,1950,1.558
Mali,MLI,1951,1.5607
Mali,MLI,1952,1.558
Mali,MLI,1953,1.5684
Mali,MLI,1954,1.5631
Mali,MLI,1955,1.5725
Mali,MLI,1956,1.5864
Mali,MLI,1957,1.6052
Mali,MLI,1958,1.6149
Mali,MLI,1959,1.6263
Mali,MLI,1960,1.6437
Mali,MLI,1961,1.662
Mali,MLI,1962,1.6733
Mali,MLI,1963,1.6834
Mali,MLI,1964,1.6957
Mali,MLI,1965,1.7273
Mali,MLI,1966,1.7567
Mali,MLI,1967,1.7969
Mali,MLI,1968,1.8314
Mali,MLI,1969,1.8512
Mali,MLI,1970,1.8952
Mali,MLI,1971,1.9378
Mali,MLI,1972,2.0002
Mali,MLI,1973,2.0585
Mali,MLI,1974,2.1212
Mali,MLI,1975,2.1971
Mali,MLI,1976,2.2666
Mali,MLI,1977,2.3279
Mali,MLI,1978,2.3881
Mali,MLI,1979,2.4738
Mali,MLI,1980,2.5305
Mali,MLI,1981,2.5768
Mali,MLI,1982,2.6067
Mali,MLI,1983,2.6361
Mali,MLI,1984,2.6567
Mali,MLI,1985,2.6835
Mali,MLI,1986,2.7405
Mali,MLI,1987,2.7516
Mali,MLI,1988,2.7811
Mali,MLI,1989,2.777
Mali,MLI,1990,2.7488
Mali,MLI,1991,2.7946
Mali,MLI,1992,2.8011
Mali,MLI,1993,2.8138
Mali,MLI,1994,2.8329
Mali,MLI,1995,2.804
Mali,MLI,1996,2.8245
Mali,MLI,1997,2.897
Mali,MLI,1998,2.9666
Mali,MLI,1999,3.0613
Mali,MLI,2000,3.1071
Mali,MLI,2001,3.1604
Mali,MLI,2002,3.2286
Mali,MLI,2003,3.2934
Mali,MLI,2004,3.356
Mali,MLI,2005,3.4048
Mali,MLI,2006,3.4143
Mali,MLI,2007,3.4293
Mali,MLI,2008,3.4447
Mali,MLI,2009,3.4578
Mali,MLI,2010,3.4772
Mali,MLI,2011,3.4665
Mali,MLI,2012,3.472
Mali,MLI,2013,3.4244
Mali,MLI,2014,3.4096
Mali,MLI,2015,3.3884
Mali,MLI,2016,3.3643
Mali,MLI,2017,3.3411
Mali,MLI,2018,3.2811
Mali,MLI,2019,3.1664
Mali,MLI,2020,3.1457
Mali,MLI,2021,3.143
Mali,MLI,2022,3.1486
Mali,MLI,2023,3.1402
Malta,MLT,1950,1.662
Malta,MLT,1951,1.7412
Malta,MLT,1952,1.7588
Malta,MLT,1953,1.7622
Malta,MLT,1954,1.8296
Malta,MLT,1955,1.8662
Malta,MLT,1956,1.9196
Malta,MLT,1957,1.7295
Malta,MLT,1958,1.7006
Malta,MLT,1959,1.7319
Malta,MLT,1960,1.7506
Malta,MLT,1961,1.4829
Malta,MLT,1962,1.4604
Malta,MLT,1963,1.197
Malta,MLT,1964,1.0814
Malta,MLT,1965,0.8438
Malta,MLT,1966,0.7496
Malta,MLT,1967,0.6858
Malta,MLT,1968,0.6181
Malta,MLT,1969,0.6365
Malta,MLT,1970,0.7369
Malta,MLT,1971,0.7967
Malta,MLT,1972,0.8102
Malta,MLT,1973,0.9343
Malta,MLT,1974,1.0005
Malta,MLT,1975,1.07
Malta,MLT,1976,1.0426
Malta,MLT,1977,1.0343
Malta,MLT,1978,0.9451
Malta,MLT,1979,0.9472
Malta,MLT,1980,0.81
Malta,MLT,1981,0.7008
Malta,MLT,1982,0.859
Malta,MLT,1983,0.7779
Malta,MLT,1984,0.7147
Malta,MLT,1985,0.7123
Malta,MLT,1986,0.6982
Malta,MLT,1987,0.7711
Malta,MLT,1988,0.8491
Malta,MLT,1989,0.857
Malta,MLT,1990,0.7695
Malta,MLT,1991,0.7229
Malta,MLT,1992,0.7308
Malta,MLT,1993,0.6246
Malta,MLT,1994,0.5152
Malta,MLT,1995,0.4629
Malta,MLT,1996,0.4973
Malta,MLT,1997,0.5214
Malta,MLT,1998,0.4822
Malta,MLT,1999,0.4038
Malta,MLT,2000,0.3362
Malta,MLT,2001,0.2905
Malta,MLT,2002,0.2191
Malta,MLT,2003,0.242
Malta,MLT,2004,0.2142
Malta,MLT,2005,0.2129
Malta,MLT,2006,0.1825
Malta,MLT,2007,0.1927
Malta,MLT,2008,0.2248
Malta,MLT,2009,0.2387
Malta,MLT,2010,0.2686
Malta,MLT,2011,0.2536
Malta,MLT,2012,0.2299
Malta,MLT,2013,0.2198
Malta,MLT,2014,0.2463
Malta,MLT,2015,0.2554
Malta,MLT,2016,0.2696
Malta,MLT,2017,0.224
Malta,MLT,2018,0.1906
Malta,MLT,2019,0.1427
Malta,MLT,2020,0.0901
Malta,MLT,2021,0.0633
Malta,MLT,2022,0.0327
Malta,MLT,2023,0.0533
Marshall Islands,MHL,1950,2.8683
Marshall Islands,MHL,1951,2.8521
Marshall Islands,MHL,1952,2.8771
Marshall Islands,MHL,1953,2.9123
Marshall Islands,MHL,1954,2.9654
Marshall Islands,MHL,1955,3.0124
Marshall Islands,MHL,1956,3.0437
Marshall Islands,MHL,1957,3.0869
Marshall Islands,MHL,1958,3.0907
Marshall Islands,MHL,1959,3.0752
Marshall Islands,MHL,1960,3.0751
Marshall Islands,MHL,1961,3.0816
Marshall Islands,MHL,1962,3.0971
Marshall Islands,MHL,1963,3.1269
Marshall Islands,MHL,1964,3.1833
Marshall Islands,MHL,1965,3.2551
Marshall Islands,MHL,1966,3.3613
Marshall Islands,MHL,1967,3.4074
Marshall Islands,MHL,1968,3.448
Marshall Islands,MHL,1969,3.5084
Marshall Islands,MHL,1970,3.6327
Marshall Islands,MHL,1971,3.7523
Marshall Islands,MHL,1972,3.8059
Marshall Islands,MHL,1973,3.8833
Marshall Islands,MHL,1974,3.9538
Marshall Islands,MHL,1975,4.0329
Marshall Islands,MHL,1976,4.1031
Marshall Islands,MHL,1977,4.1561
Marshall Islands,MHL,1978,4.1908
Marshall Islands,MHL,1979,4.204
Marshall Islands,MHL,1980,4.1833
Marshall Islands,MHL,1981,4.1473
Marshall Islands,MHL,1982,4.1173
Marshall Islands,MHL,1983,4.0862
Marshall Islands,MHL,1984,4.0531
Marshall Islands,MHL,1985,4
Marshall Islands,MHL,1986,3.9288
Marshall Islands,MHL,1987,3.8354
Marshall Islands,MHL,1988,3.7233
Marshall Islands,MHL,1989,3.6115
Marshall Islands,MHL,1990,3.487
Marshall Islands,MHL,1991,3.3788
Marshall Islands,MHL,1992,3.2883
Marshall Islands,MHL,1993,3.2363
Marshall Islands,MHL,1994,3.1945
Marshall Islands,MHL,1995,3.1529
Marshall Islands,MHL,1996,3.16
Marshall Islands,MHL,1997,3.1736
Marshall Islands,MHL,1998,3.168
Marshall Islands,MHL,1999,3.1674
Marshall Islands,MHL,2000,3.1407
Marshall Islands,MHL,2001,3.1215
Marshall Islands,MHL,2002,3.0996
Marshall Islands,MHL,2003,3.0977
Marshall Islands,MHL,2004,3.0795
Marshall Islands,MHL,2005,3.0551
Marshall Islands,MHL,2006,2.9925
Marshall Islands,MHL,2007,2.8971
Marshall Islands,MHL,2008,2.7732
Marshall Islands,MHL,2009,2.6254
Marshall Islands,MHL,2010,2.447
Marshall Islands,MHL,2011,2.2835
Marshall Islands,MHL,2012,2.1331
Marshall Islands,MHL,2013,2.001
Marshall Islands,MHL,2014,1.9259
Marshall Islands,MHL,2015,1.8671
Marshall Islands,MHL,2016,1.8157
Marshall Islands,MHL,2017,1.7752
Marshall Islands,MHL,2018,1.7352
Marshall Islands,MHL,2019,1.6949
Marshall Islands,MHL,2020,1.6143
Marshall Islands,MHL,2021,1.5787
Marshall Islands,MHL,2022,1.5127
Marshall Islands,MHL,2023,1.4169
Martinique,MTQ,1950,2.3755
Martinique,MTQ,1951,2.2306
Martinique,MTQ,1952,2.2258
Martinique,MTQ,1953,2.5206
Martinique,MTQ,1954,2.6336
Martinique,MTQ,1955,2.6863
Martinique,MTQ,1956,2.7245
Martinique,MTQ,1957,2.7372
Martinique,MTQ,1958,2.6665
Martinique,MTQ,1959,2.7146
Martinique,MTQ,1960,2.723
Martinique,MTQ,1961,2.7258
Martinique,MTQ,1962,2.6352
Martinique,MTQ,1963,2.5249
Martinique,MTQ,1964,2.4888
Martinique,MTQ,1965,2.5305
Martinique,MTQ,1966,2.4502
Martinique,MTQ,1967,2.3904
Martinique,MTQ,1968,2.2641
Martinique,MTQ,1969,2.09
Martinique,MTQ,1970,1.9534
Martinique,MTQ,1971,1.9872
Martinique,MTQ,1972,1.897
Martinique,MTQ,1973,1.7253
Martinique,MTQ,1974,1.5483
Martinique,MTQ,1975,1.3579
Martinique,MTQ,1976,1.1979
Martinique,MTQ,1977,1.092
Martinique,MTQ,1978,1.0286
Martinique,MTQ,1979,1.002
Martinique,MTQ,1980,1.0065
Martinique,MTQ,1981,1.0491
Martinique,MTQ,1982,1.0799
Martinique,MTQ,1983,1.1241
Martinique,MTQ,1984,1.1411
Martinique,MTQ,1985,1.1539
Martinique,MTQ,1986,1.1555
Martinique,MTQ,1987,1.1798
Martinique,MTQ,1988,1.1682
Martinique,MTQ,1989,1.1712
Martinique,MTQ,1990,1.1314
Martinique,MTQ,1991,1.0532
Martinique,MTQ,1992,1.0127
Martinique,MTQ,1993,0.9628
Martinique,MTQ,1994,0.9125
Martinique,MTQ,1995,0.8597
Martinique,MTQ,1996,0.8201
Martinique,MTQ,1997,0.7841
Martinique,MTQ,1998,0.753
Martinique,MTQ,1999,0.726
Martinique,MTQ,2000,0.7179
Martinique,MTQ,2001,0.6653
Martinique,MTQ,2002,0.6311
Martinique,MTQ,2003,0.6266
Martinique,MTQ,2004,0.6039
Martinique,MTQ,2005,0.6397
Martinique,MTQ,2006,0.6419
Martinique,MTQ,2007,0.6056
Martinique,MTQ,2008,0.6309
Martinique,MTQ,2009,0.6074
Martinique,MTQ,2010,0.5347
Martinique,MTQ,2011,0.4895
Martinique,MTQ,2012,0.4359
Martinique,MTQ,2013,0.3741
Martinique,MTQ,2014,0.3174
Martinique,MTQ,2015,0.2582
Martinique,MTQ,2016,0.1888
Martinique,MTQ,2017,0.1535
Martinique,MTQ,2018,0.1155
Martinique,MTQ,2019,0.0829
Martinique,MTQ,2020,-0.0503
Martinique,MTQ,2021,-0.3943
Martinique,MTQ,2022,-0.0108
Martinique,MTQ,2023,0.0651
Mauritania,MRT,1950,1.9713
Mauritania,MRT,1951,2.0606
Mauritania,MRT,1952,2.1161
Mauritania,MRT,1953,2.1687
Mauritania,MRT,1954,2.2271
Mauritania,MRT,1955,2.2913
Mauritania,MRT,1956,2.3541
Mauritania,MRT,1957,2.4163
Mauritania,MRT,1958,2.4789
Mauritania,MRT,1959,2.5403
Mauritania,MRT,1960,2.6209
Mauritania,MRT,1961,2.6922
Mauritania,MRT,1962,2.7529
Mauritania,MRT,1963,2.8262
Mauritania,MRT,1964,2.8908
Mauritania,MRT,1965,2.9633
Mauritania,MRT,1966,3.0285
Mauritania,MRT,1967,3.0735
Mauritania,MRT,1968,3.0954
Mauritania,MRT,1969,3.1172
Mauritania,MRT,1970,3.1262
Mauritania,MRT,1971,3.1118
Mauritania,MRT,1972,3.097
Mauritania,MRT,1973,3.0837
Mauritania,MRT,1974,3.0726
Mauritania,MRT,1975,3.0513
Mauritania,MRT,1976,3.0524
Mauritania,MRT,1977,3.0546
Mauritania,MRT,1978,3.0544
Mauritania,MRT,1979,3.0387
Mauritania,MRT,1980,3.0546
Mauritania,MRT,1981,3.0748
Mauritania,MRT,1982,3.0712
Mauritania,MRT,1983,3.0613
Mauritania,MRT,1984,3.0662
Mauritania,MRT,1985,3.0624
Mauritania,MRT,1986,3.0433
Mauritania,MRT,1987,3.0525
Mauritania,MRT,1988,3.0527
Mauritania,MRT,1989,3.0827
Mauritania,MRT,1990,3.0706
Mauritania,MRT,1991,3.0741
Mauritania,MRT,1992,3.041
Mauritania,MRT,1993,3.1351
Mauritania,MRT,1994,3.1372
Mauritania,MRT,1995,3.1247
Mauritania,MRT,1996,3.0506
Mauritania,MRT,1997,2.958
Mauritania,MRT,1998,2.9113
Mauritania,MRT,1999,2.8939
Mauritania,MRT,2000,2.9053
Mauritania,MRT,2001,2.9405
Mauritania,MRT,2002,2.9574
Mauritania,MRT,2003,2.9908
Mauritania,MRT,2004,3.0529
Mauritania,MRT,2005,3.0942
Mauritania,MRT,2006,3.152
Mauritania,MRT,2007,3.1973
Mauritania,MRT,2008,3.2178
Mauritania,MRT,2009,3.2052
Mauritania,MRT,2010,3.1885
Mauritania,MRT,2011,3.1736
Mauritania,MRT,2012,3.1359
Mauritania,MRT,2013,3.0945
Mauritania,MRT,2014,3.0867
Mauritania,MRT,2015,3.0785
Mauritania,MRT,2016,3.0671
Mauritania,MRT,2017,3.0533
Mauritania,MRT,2018,3.0335
Mauritania,MRT,2019,3.0096
Mauritania,MRT,2020,2.9325
Mauritania,MRT,2021,2.9052
Mauritania,MRT,2022,2.9217
Mauritania,MRT,2023,2.8903
Mauritius,MUS,1950,2.7527
Mauritius,MUS,1951,2.77
Mauritius,MUS,1952,2.6725
Mauritius,MUS,1953,2.5555
Mauritius,MUS,1954,2.5561
Mauritius,MUS,1955,2.6364
Mauritius,MUS,1956,2.6933
Mauritius,MUS,1957,2.7318
Mauritius,MUS,1958,2.7792
Mauritius,MUS,1959,2.8417
Mauritius,MUS,1960,2.9296
Mauritius,MUS,1961,2.9658
Mauritius,MUS,1962,2.8418
Mauritius,MUS,1963,2.9784
Mauritius,MUS,1964,2.8506
Mauritius,MUS,1965,2.6162
Mauritius,MUS,1966,2.6032
Mauritius,MUS,1967,2.1158
Mauritius,MUS,1968,2.1471
Mauritius,MUS,1969,1.8277
Mauritius,MUS,1970,1.8117
Mauritius,MUS,1971,1.6723
Mauritius,MUS,1972,1.6735
Mauritius,MUS,1973,1.5434
Mauritius,MUS,1974,1.8653
Mauritius,MUS,1975,1.7512
Mauritius,MUS,1976,1.7535
Mauritius,MUS,1977,1.7943
Mauritius,MUS,1978,1.8129
Mauritius,MUS,1979,1.8031
Mauritius,MUS,1980,1.7627
Mauritius,MUS,1981,1.6996
Mauritius,MUS,1982,1.6354
Mauritius,MUS,1983,1.5459
Mauritius,MUS,1984,1.4185
Mauritius,MUS,1985,1.2631
Mauritius,MUS,1986,1.169
Mauritius,MUS,1987,1.2224
Mauritius,MUS,1988,1.2998
Mauritius,MUS,1989,1.3763
Mauritius,MUS,1990,1.4391
Mauritius,MUS,1991,1.4177
Mauritius,MUS,1992,1.4504
Mauritius,MUS,1993,1.3847
Mauritius,MUS,1994,1.3013
Mauritius,MUS,1995,1.1962
Mauritius,MUS,1996,1.1513
Mauritius,MUS,1997,1.0663
Mauritius,MUS,1998,0.9598
Mauritius,MUS,1999,1.0665
Mauritius,MUS,2000,1.0189
Mauritius,MUS,2001,0.9373
Mauritius,MUS,2002,0.9288
Mauritius,MUS,2003,0.8741
Mauritius,MUS,2004,0.8549
Mauritius,MUS,2005,0.7947
Mauritius,MUS,2006,0.6921
Mauritius,MUS,2007,0.6401
Mauritius,MUS,2008,0.5749
Mauritius,MUS,2009,0.501
Mauritius,MUS,2010,0.4796
Mauritius,MUS,2011,0.4703
Mauritius,MUS,2012,0.4572
Mauritius,MUS,2013,0.3884
Mauritius,MUS,2014,0.336
Mauritius,MUS,2015,0.2738
Mauritius,MUS,2016,0.2818
Mauritius,MUS,2017,0.2996
Mauritius,MUS,2018,0.2247
Mauritius,MUS,2019,0.176
Mauritius,MUS,2020,0.2132
Mauritius,MUS,2021,0.0223
Mauritius,MUS,2022,-0.0093
Mauritius,MUS,2023,0.0534
Mayotte,MYT,1950,2.4209
Mayotte,MYT,1951,2.5195
Mayotte,MYT,1952,2.6116
Mayotte,MYT,1953,2.6949
Mayotte,MYT,1954,2.7735
Mayotte,MYT,1955,2.85
Mayotte,MYT,1956,2.9103
Mayotte,MYT,1957,2.9805
Mayotte,MYT,1958,3.0489
Mayotte,MYT,1959,3.1034
Mayotte,MYT,1960,3.152
Mayotte,MYT,1961,3.1925
Mayotte,MYT,1962,3.2366
Mayotte,MYT,1963,3.2829
Mayotte,MYT,1964,3.342
Mayotte,MYT,1965,3.4183
Mayotte,MYT,1966,3.4971
Mayotte,MYT,1967,3.6047
Mayotte,MYT,1968,3.7156
Mayotte,MYT,1969,3.7742
Mayotte,MYT,1970,3.838
Mayotte,MYT,1971,3.8941
Mayotte,MYT,1972,3.9426
Mayotte,MYT,1973,3.9913
Mayotte,MYT,1974,4.0394
Mayotte,MYT,1975,4.0992
Mayotte,MYT,1976,4.124
Mayotte,MYT,1977,4.1463
Mayotte,MYT,1978,4.1405
Mayotte,MYT,1979,4.1552
Mayotte,MYT,1980,4.2227
Mayotte,MYT,1981,4.2734
Mayotte,MYT,1982,4.3065
Mayotte,MYT,1983,4.3215
Mayotte,MYT,1984,4.3134
Mayotte,MYT,1985,4.268
Mayotte,MYT,1986,4.2356
Mayotte,MYT,1987,4.2452
Mayotte,MYT,1988,4.2436
Mayotte,MYT,1989,4.223
Mayotte,MYT,1990,4.1866
Mayotte,MYT,1991,4.1478
Mayotte,MYT,1992,4.0868
Mayotte,MYT,1993,4.0535
Mayotte,MYT,1994,4.0207
Mayotte,MYT,1995,3.9816
Mayotte,MYT,1996,3.9398
Mayotte,MYT,1997,3.8675
Mayotte,MYT,1998,3.7564
Mayotte,MYT,1999,3.6094
Mayotte,MYT,2000,3.4708
Mayotte,MYT,2001,3.3329
Mayotte,MYT,2002,3.2147
Mayotte,MYT,2003,3.088
Mayotte,MYT,2004,2.9343
Mayotte,MYT,2005,3.146
Mayotte,MYT,2006,3.323
Mayotte,MYT,2007,3.4817
Mayotte,MYT,2008,3.5607
Mayotte,MYT,2009,3.5169
Mayotte,MYT,2010,3.4474
Mayotte,MYT,2011,3.3587
Mayotte,MYT,2012,3.2684
Mayotte,MYT,2013,3.2707
Mayotte,MYT,2014,3.3415
Mayotte,MYT,2015,3.4289
Mayotte,MYT,2016,3.4271
Mayotte,MYT,2017,3.3742
Mayotte,MYT,2018,3.3854
Mayotte,MYT,2019,3.2386
Mayotte,MYT,2020,2.8862
Mayotte,MYT,2021,3.2108
Mayotte,MYT,2022,3.2751
Mayotte,MYT,2023,3.2693
Mexico,MEX,1950,2.7611
Mexico,MEX,1951,2.8365
Mexico,MEX,1952,2.8908
Mexico,MEX,1953,2.9729
Mexico,MEX,1954,3.0449
Mexico,MEX,1955,3.0998
Mexico,MEX,1956,3.1388
Mexico,MEX,1957,3.1749
Mexico,MEX,1958,3.2036
Mexico,MEX,1959,3.2404
Mexico,MEX,1960,3.2865
Mexico,MEX,1961,3.3408
Mexico,MEX,1962,3.3947
Mexico,MEX,1963,3.4328
Mexico,MEX,1964,3.4649
Mexico,MEX,1965,3.4936
Mexico,MEX,1966,3.5093
Mexico,MEX,1967,3.513
Mexico,MEX,1968,3.5074
Mexico,MEX,1969,3.4759
Mexico,MEX,1970,3.4505
Mexico,MEX,1971,3.4171
Mexico,MEX,1972,3.3746
Mexico,MEX,1973,3.3154
Mexico,MEX,1974,3.2603
Mexico,MEX,1975,3.1878
Mexico,MEX,1976,3.1197
Mexico,MEX,1977,3.0541
Mexico,MEX,1978,3.0032
Mexico,MEX,1979,2.9064
Mexico,MEX,1980,2.813
Mexico,MEX,1981,2.7643
Mexico,MEX,1982,2.7285
Mexico,MEX,1983,2.6944
Mexico,MEX,1984,2.667
Mexico,MEX,1985,2.6433
Mexico,MEX,1986,2.6089
Mexico,MEX,1987,2.5228
Mexico,MEX,1988,2.43
Mexico,MEX,1989,2.3727
Mexico,MEX,1990,2.3261
Mexico,MEX,1991,2.3011
Mexico,MEX,1992,2.274
Mexico,MEX,1993,2.2403
Mexico,MEX,1994,2.1956
Mexico,MEX,1995,2.1367
Mexico,MEX,1996,2.0795
Mexico,MEX,1997,2.0191
Mexico,MEX,1998,1.9583
Mexico,MEX,1999,1.9147
Mexico,MEX,2000,1.8711
Mexico,MEX,2001,1.8346
Mexico,MEX,2002,1.7929
Mexico,MEX,2003,1.7363
Mexico,MEX,2004,1.6852
Mexico,MEX,2005,1.6375
Mexico,MEX,2006,1.5907
Mexico,MEX,2007,1.549
Mexico,MEX,2008,1.5138
Mexico,MEX,2009,1.4832
Mexico,MEX,2010,1.4598
Mexico,MEX,2011,1.4397
Mexico,MEX,2012,1.4181
Mexico,MEX,2013,1.388
Mexico,MEX,2014,1.3254
Mexico,MEX,2015,1.2459
Mexico,MEX,2016,1.1822
Mexico,MEX,2017,1.1217
Mexico,MEX,2018,1.0966
Mexico,MEX,2019,1.0794
Mexico,MEX,2020,0.8136
Mexico,MEX,2021,0.7338
Mexico,MEX,2022,0.952
Mexico,MEX,2023,0.9545
Micronesia (country),FSM,1950,2.7553
Micronesia (country),FSM,1951,2.7847
Micronesia (country),FSM,1952,2.8169
Micronesia (country),FSM,1953,2.8405
Micronesia (country),FSM,1954,2.8723
Micronesia (country),FSM,1955,2.9016
Micronesia (country),FSM,1956,2.9417
Micronesia (country),FSM,1957,2.9804
Micronesia (country),FSM,1958,3.0198
Micronesia (country),FSM,1959,3.0586
Micronesia (country),FSM,1960,3.0943
Micronesia (country),FSM,1961,3.1072
Micronesia (country),FSM,1962,3.1229
Micronesia (country),FSM,1963,3.1422
Micronesia (country),FSM,1964,3.1764
Micronesia (country),FSM,1965,3.1957
Micronesia (country),FSM,1966,3.2375
Micronesia (country),FSM,1967,3.2825
Micronesia (country),FSM,1968,3.3179
Micronesia (country),FSM,1969,3.3614
Micronesia (country),FSM,1970,3.4165
Micronesia (country),FSM,1971,3.4543
Micronesia (country),FSM,1972,3.4662
Micronesia (country),FSM,1973,3.4715
Micronesia (country),FSM,1974,3.4608
Micronesia (country),FSM,1975,3.4562
Micronesia (country),FSM,1976,3.4951
Micronesia (country),FSM,1977,3.5211
Micronesia (country),FSM,1978,3.524
Micronesia (country),FSM,1979,3.4939
Micronesia (country),FSM,1980,3.4335
Micronesia (country),FSM,1981,3.3795
Micronesia (country),FSM,1982,3.3293
Micronesia (country),FSM,1983,3.2746
Micronesia (country),FSM,1984,3.2127
Micronesia (country),FSM,1985,3.156
Micronesia (country),FSM,1986,3.101
Micronesia (country),FSM,1987,3.0379
Micronesia (country),FSM,1988,2.9977
Micronesia (country),FSM,1989,2.9173
Micronesia (country),FSM,1990,2.8412
Micronesia (country),FSM,1991,2.7754
Micronesia (country),FSM,1992,2.7116
Micronesia (country),FSM,1993,2.627
Micronesia (country),FSM,1994,2.5371
Micronesia (country),FSM,1995,2.4876
Micronesia (country),FSM,1996,2.4996
Micronesia (country),FSM,1997,2.5045
Micronesia (country),FSM,1998,2.5168
Micronesia (country),FSM,1999,2.5335
Micronesia (country),FSM,2000,2.5263
Micronesia (country),FSM,2001,2.4743
Micronesia (country),FSM,2002,2.3305
Micronesia (country),FSM,2003,2.2802
Micronesia (country),FSM,2004,2.2091
Micronesia (country),FSM,2005,2.1444
Micronesia (country),FSM,2006,2.0722
Micronesia (country),FSM,2007,1.9987
Micronesia (country),FSM,2008,1.9257
Micronesia (country),FSM,2009,1.8633
Micronesia (country),FSM,2010,1.805
Micronesia (country),FSM,2011,1.7536
Micronesia (country),FSM,2012,1.7121
Micronesia (country),FSM,2013,1.672
Micronesia (country),FSM,2014,1.6409
Micronesia (country),FSM,2015,1.6091
Micronesia (country),FSM,2016,1.5864
Micronesia (country),FSM,2017,1.5638
Micronesia (country),FSM,2018,1.5474
Micronesia (country),FSM,2019,1.5291
Micronesia (country),FSM,2020,1.4723
Micronesia (country),FSM,2021,1.477
Micronesia (country),FSM,2022,1.4896
Micronesia (country),FSM,2023,1.4659
Moldova,MDA,1950,1.6563
Moldova,MDA,1951,1.7381
Moldova,MDA,1952,1.7974
Moldova,MDA,1953,1.8394
Moldova,MDA,1954,1.8606
Moldova,MDA,1955,1.8685
Moldova,MDA,1956,1.8712
Moldova,MDA,1957,1.8647
Moldova,MDA,1958,1.8507
Moldova,MDA,1959,1.8248
Moldova,MDA,1960,1.7664
Moldova,MDA,1961,1.6726
Moldova,MDA,1962,1.4941
Moldova,MDA,1963,1.3423
Moldova,MDA,1964,1.1607
Moldova,MDA,1965,1.0999
Moldova,MDA,1966,1.0305
Moldova,MDA,1967,0.9691
Moldova,MDA,1968,0.9273
Moldova,MDA,1969,0.9038
Moldova,MDA,1970,0.9154
Moldova,MDA,1971,0.9493
Moldova,MDA,1972,0.9911
Moldova,MDA,1973,1.0343
Moldova,MDA,1974,1.0724
Moldova,MDA,1975,1.0782
Moldova,MDA,1976,1.0707
Moldova,MDA,1977,1.055
Moldova,MDA,1978,1.0399
Moldova,MDA,1979,1.0556
Moldova,MDA,1980,1.1095
Moldova,MDA,1981,1.1462
Moldova,MDA,1982,1.1876
Moldova,MDA,1983,1.2925
Moldova,MDA,1984,1.3511
Moldova,MDA,1985,1.3351
Moldova,MDA,1986,1.3688
Moldova,MDA,1987,1.3758
Moldova,MDA,1988,1.2075
Moldova,MDA,1989,0.9979
Moldova,MDA,1990,0.8672
Moldova,MDA,1991,0.7086
Moldova,MDA,1992,0.5828
Moldova,MDA,1993,0.4666
Moldova,MDA,1994,0.3344
Moldova,MDA,1995,0.1874
Moldova,MDA,1996,0.0901
Moldova,MDA,1997,0.159
Moldova,MDA,1998,0.0729
Moldova,MDA,1999,0.0219
Moldova,MDA,2000,-0.0111
Moldova,MDA,2001,-0.0246
Moldova,MDA,2002,-0.0429
Moldova,MDA,2003,-0.0111
Moldova,MDA,2004,0.0592
Moldova,MDA,2005,0.0694
Moldova,MDA,2006,0.0835
Moldova,MDA,2007,0.1214
Moldova,MDA,2008,0.1816
Moldova,MDA,2009,0.2615
Moldova,MDA,2010,0.2605
Moldova,MDA,2011,0.2079
Moldova,MDA,2012,0.1951
Moldova,MDA,2013,0.1237
Moldova,MDA,2014,0.2536
Moldova,MDA,2015,0.2133
Moldova,MDA,2016,0.1634
Moldova,MDA,2017,0.0509
Moldova,MDA,2018,-0.0355
Moldova,MDA,2019,-0.1282
Moldova,MDA,2020,-0.2682
Moldova,MDA,2021,-0.5179
Moldova,MDA,2022,-0.2525
Moldova,MDA,2023,-0.2851
Monaco,MCO,1950,0.5214
Monaco,MCO,1951,0.5391
Monaco,MCO,1952,0.4877
Monaco,MCO,1953,0.4382
Monaco,MCO,1954,0.3685
Monaco,MCO,1955,0.3152
Monaco,MCO,1956,0.2609
Monaco,MCO,1957,0.2129
Monaco,MCO,1958,0.165
Monaco,MCO,1959,0.1143
Monaco,MCO,1960,0.0929
Monaco,MCO,1961,0.0601
Monaco,MCO,1962,0.0259
Monaco,MCO,1963,-0.0171
Monaco,MCO,1964,-0.0369
Monaco,MCO,1965,-0.0532
Monaco,MCO,1966,-0.0671
Monaco,MCO,1967,-0.0932
Monaco,MCO,1968,-0.1094
Monaco,MCO,1969,-0.1177
Monaco,MCO,1970,-0.1247
Monaco,MCO,1971,-0.1399
Monaco,MCO,1972,-0.1613
Monaco,MCO,1973,-0.1906
Monaco,MCO,1974,-0.2166
Monaco,MCO,1975,-0.2375
Monaco,MCO,1976,-0.2212
Monaco,MCO,1977,-0.1943
Monaco,MCO,1978,-0.1716
Monaco,MCO,1979,-0.1762
Monaco,MCO,1980,-0.1937
Monaco,MCO,1981,-0.2197
Monaco,MCO,1982,-0.2144
Monaco,MCO,1983,-0.1729
Monaco,MCO,1984,-0.1037
Monaco,MCO,1985,-0.0192
Monaco,MCO,1986,0.0554
Monaco,MCO,1987,0.0997
Monaco,MCO,1988,0.0652
Monaco,MCO,1989,-0.0074
Monaco,MCO,1990,-0.0861
Monaco,MCO,1991,-0.114
Monaco,MCO,1992,-0.1093
Monaco,MCO,1993,-0.093
Monaco,MCO,1994,-0.0721
Monaco,MCO,1995,-0.046
Monaco,MCO,1996,-0.0178
Monaco,MCO,1997,0.0176
Monaco,MCO,1998,0.056
Monaco,MCO,1999,0.0762
Monaco,MCO,2000,0.1122
Monaco,MCO,2001,0.1614
Monaco,MCO,2002,0.0809
Monaco,MCO,2003,0.0437
Monaco,MCO,2004,0.0971
Monaco,MCO,2005,0.0814
Monaco,MCO,2006,0.0806
Monaco,MCO,2007,0.0745
Monaco,MCO,2008,0.1268
Monaco,MCO,2009,0.0717
Monaco,MCO,2010,-0.0547
Monaco,MCO,2011,-0.2665
Monaco,MCO,2012,-0.4143
Monaco,MCO,2013,-0.6111
Monaco,MCO,2014,-0.7344
Monaco,MCO,2015,-0.8915
Monaco,MCO,2016,-1.0084
Monaco,MCO,2017,-1.1067
Monaco,MCO,2018,-1.108
Monaco,MCO,2019,-1.2397
Monaco,MCO,2020,-1.1693
Monaco,MCO,2021,-1.5698
Monaco,MCO,2022,-1.4809
Monaco,MCO,2023,-1.153
Mongolia,MNG,1950,1.6238
Mongolia,MNG,1951,1.5847
Mongolia,MNG,1952,1.6032
Mongolia,MNG,1953,1.6362
Mongolia,MNG,1954,1.6865
Mongolia,MNG,1955,1.7995
Mongolia,MNG,1956,1.9038
Mongolia,MNG,1957,1.8149
Mongolia,MNG,1958,2.0127
Mongolia,MNG,1959,2.0723
Mongolia,MNG,1960,2.1201
Mongolia,MNG,1961,2.1671
Mongolia,MNG,1962,2.2046
Mongolia,MNG,1963,2.2534
Mongolia,MNG,1964,2.301
Mongolia,MNG,1965,2.3307
Mongolia,MNG,1966,2.3491
Mongolia,MNG,1967,2.3541
Mongolia,MNG,1968,2.3592
Mongolia,MNG,1969,2.3593
Mongolia,MNG,1970,2.3592
Mongolia,MNG,1971,2.371
Mongolia,MNG,1972,2.3944
Mongolia,MNG,1973,2.4186
Mongolia,MNG,1974,2.4409
Mongolia,MNG,1975,2.4518
Mongolia,MNG,1976,2.459
Mongolia,MNG,1977,2.4739
Mongolia,MNG,1978,2.487
Mongolia,MNG,1979,2.5031
Mongolia,MNG,1980,2.4888
Mongolia,MNG,1981,2.5009
Mongolia,MNG,1982,2.5305
Mongolia,MNG,1983,2.5652
Mongolia,MNG,1984,2.5909
Mongolia,MNG,1985,2.5992
Mongolia,MNG,1986,2.5535
Mongolia,MNG,1987,2.5282
Mongolia,MNG,1988,2.4846
Mongolia,MNG,1989,2.4207
Mongolia,MNG,1990,2.3559
Mongolia,MNG,1991,2.2114
Mongolia,MNG,1992,1.9576
Mongolia,MNG,1993,1.7054
Mongolia,MNG,1994,1.5854
Mongolia,MNG,1995,1.5494
Mongolia,MNG,1996,1.4933
Mongolia,MNG,1997,1.4139
Mongolia,MNG,1998,1.3666
Mongolia,MNG,1999,1.3698
Mongolia,MNG,2000,1.3714
Mongolia,MNG,2001,1.3257
Mongolia,MNG,2002,1.2429
Mongolia,MNG,2003,1.1622
Mongolia,MNG,2004,1.1329
Mongolia,MNG,2005,1.1548
Mongolia,MNG,2006,1.3092
Mongolia,MNG,2007,1.5234
Mongolia,MNG,2008,1.7344
Mongolia,MNG,2009,1.8162
Mongolia,MNG,2010,1.6969
Mongolia,MNG,2011,1.7484
Mongolia,MNG,2012,1.8858
Mongolia,MNG,2013,2.0432
Mongolia,MNG,2014,2.0465
Mongolia,MNG,2015,2.0201
Mongolia,MNG,2016,1.9243
Mongolia,MNG,2017,1.808
Mongolia,MNG,2018,1.7649
Mongolia,MNG,2019,1.7461
Mongolia,MNG,2020,1.5875
Mongolia,MNG,2021,1.3632
Mongolia,MNG,2022,1.3929
Mongolia,MNG,2023,1.3018
Montenegro,MNE,1950,1.6057
Montenegro,MNE,1951,1.8158
Montenegro,MNE,1952,1.9334
Montenegro,MNE,1953,2.0542
Montenegro,MNE,1954,2.1533
Montenegro,MNE,1955,2.0102
Montenegro,MNE,1956,2.0209
Montenegro,MNE,1957,2.0417
Montenegro,MNE,1958,2.0023
Montenegro,MNE,1959,1.8461
Montenegro,MNE,1960,1.9027
Montenegro,MNE,1961,1.8892
Montenegro,MNE,1962,1.8708
Montenegro,MNE,1963,1.8404
Montenegro,MNE,1964,1.7684
Montenegro,MNE,1965,1.7117
Montenegro,MNE,1966,1.6453
Montenegro,MNE,1967,1.5227
Montenegro,MNE,1968,1.4488
Montenegro,MNE,1969,1.4511
Montenegro,MNE,1970,1.3794
Montenegro,MNE,1971,1.3905
Montenegro,MNE,1972,1.3899
Montenegro,MNE,1973,1.3384
Montenegro,MNE,1974,1.2839
Montenegro,MNE,1975,1.2587
Montenegro,MNE,1976,1.2389
Montenegro,MNE,1977,1.1926
Montenegro,MNE,1978,1.1401
Montenegro,MNE,1979,1.083
Montenegro,MNE,1980,1.1147
Montenegro,MNE,1981,1.0829
Montenegro,MNE,1982,1.0934
Montenegro,MNE,1983,1.0903
Montenegro,MNE,1984,1.0546
Montenegro,MNE,1985,1.0379
Montenegro,MNE,1986,1.0033
Montenegro,MNE,1987,0.9798
Montenegro,MNE,1988,0.9103
Montenegro,MNE,1989,0.8455
Montenegro,MNE,1990,0.8263
Montenegro,MNE,1991,0.855
Montenegro,MNE,1992,0.8241
Montenegro,MNE,1993,0.7602
Montenegro,MNE,1994,0.7166
Montenegro,MNE,1995,0.7082
Montenegro,MNE,1996,0.6542
Montenegro,MNE,1997,0.6021
Montenegro,MNE,1998,0.5842
Montenegro,MNE,1999,0.5502
Montenegro,MNE,2000,0.5601
Montenegro,MNE,2001,0.518
Montenegro,MNE,2002,0.4944
Montenegro,MNE,2003,0.4717
Montenegro,MNE,2004,0.4069
Montenegro,MNE,2005,0.3563
Montenegro,MNE,2006,0.3715
Montenegro,MNE,2007,0.389
Montenegro,MNE,2008,0.4515
Montenegro,MNE,2009,0.4892
Montenegro,MNE,2010,0.306
Montenegro,MNE,2011,0.2434
Montenegro,MNE,2012,0.2762
Montenegro,MNE,2013,0.2594
Montenegro,MNE,2014,0.2435
Montenegro,MNE,2015,0.1942
Montenegro,MNE,2016,0.1796
Montenegro,MNE,2017,0.133
Montenegro,MNE,2018,0.0888
Montenegro,MNE,2019,0.0553
Montenegro,MNE,2020,-0.0665
Montenegro,MNE,2021,-0.3479
Montenegro,MNE,2022,-0.0489
Montenegro,MNE,2023,-0.0359
Montserrat,MSR,1950,1.4478
Montserrat,MSR,1951,1.5254
Montserrat,MSR,1952,1.5909
Montserrat,MSR,1953,1.6403
Montserrat,MSR,1954,1.6537
Montserrat,MSR,1955,1.6679
Montserrat,MSR,1956,1.6341
Montserrat,MSR,1957,1.6202
Montserrat,MSR,1958,1.6243
Montserrat,MSR,1959,1.6248
Montserrat,MSR,1960,1.6257
Montserrat,MSR,1961,1.6761
Montserrat,MSR,1962,1.7413
Montserrat,MSR,1963,1.767
Montserrat,MSR,1964,1.7371
Montserrat,MSR,1965,1.6695
Montserrat,MSR,1966,1.5764
Montserrat,MSR,1967,1.4801
Montserrat,MSR,1968,1.3678
Montserrat,MSR,1969,1.2185
Montserrat,MSR,1970,1.0767
Montserrat,MSR,1971,1.0863
Montserrat,MSR,1972,1.136
Montserrat,MSR,1973,1.1523
Montserrat,MSR,1974,1.1216
Montserrat,MSR,1975,1.0417
Montserrat,MSR,1976,0.9484
Montserrat,MSR,1977,0.8419
Montserrat,MSR,1978,0.7349
Montserrat,MSR,1979,0.6443
Montserrat,MSR,1980,0.5786
Montserrat,MSR,1981,0.6316
Montserrat,MSR,1982,0.8938
Montserrat,MSR,1983,0.925
Montserrat,MSR,1984,0.9077
Montserrat,MSR,1985,0.8529
Montserrat,MSR,1986,0.7748
Montserrat,MSR,1987,0.7408
Montserrat,MSR,1988,0.7
Montserrat,MSR,1989,0.5646
Montserrat,MSR,1990,0.6439
Montserrat,MSR,1991,0.6322
Montserrat,MSR,1992,0.5994
Montserrat,MSR,1993,0.5403
Montserrat,MSR,1994,0.4438
Montserrat,MSR,1995,0.2725
Montserrat,MSR,1996,0.0275
Montserrat,MSR,1997,-0.648
Montserrat,MSR,1998,-0.3985
Montserrat,MSR,1999,-0.6136
Montserrat,MSR,2000,-0.7529
Montserrat,MSR,2001,-0.7178
Montserrat,MSR,2002,-0.683
Montserrat,MSR,2003,-0.4808
Montserrat,MSR,2004,-0.3743
Montserrat,MSR,2005,-0.3035
Montserrat,MSR,2006,-0.2512
Montserrat,MSR,2007,-0.2215
Montserrat,MSR,2008,-0.2047
Montserrat,MSR,2009,-0.2046
Montserrat,MSR,2010,-0.211
Montserrat,MSR,2011,-0.2296
Montserrat,MSR,2012,-0.2131
Montserrat,MSR,2013,-0.2525
Montserrat,MSR,2014,-0.2498
Montserrat,MSR,2015,-0.2133
Montserrat,MSR,2016,-0.1394
Montserrat,MSR,2017,-0.1002
Montserrat,MSR,2018,-0.0711
Montserrat,MSR,2019,-0.0223
Montserrat,MSR,2020,-0.0209
Montserrat,MSR,2021,-0.0626
Montserrat,MSR,2022,-0.3912
Montserrat,MSR,2023,-0.4752
More developed regions,,1950,1.2075
More developed regions,,1951,1.1573
More developed regions,,1952,1.1847
More developed regions,,1953,1.1599
More developed regions,,1954,1.1871
More developed regions,,1955,1.1826
More developed regions,,1956,1.1771
More developed regions,,1957,1.1612
More developed regions,,1958,1.1954
More developed regions,,1959,1.1815
More developed regions,,1960,1.1532
More developed regions,,1961,1.1323
More developed regions,,1962,1.0441
More developed regions,,1963,1.0112
More developed regions,,1964,0.9927
More developed regions,,1965,0.9019
More developed regions,,1966,0.8156
More developed regions,,1967,0.8385
More developed regions,,1968,0.7686
More developed regions,,1969,0.7433
More developed regions,,1970,0.7467
More developed regions,,1971,0.7396
More developed regions,,1972,0.6885
More developed regions,,1973,0.6445
More developed regions,,1974,0.6462
More developed regions,,1975,0.6015
More developed regions,,1976,0.5777
More developed regions,,1977,0.5784
More developed regions,,1978,0.5523
More developed regions,,1979,0.5515
More developed regions,,1980,0.5315
More developed regions,,1981,0.5128
More developed regions,,1982,0.5213
More developed regions,,1983,0.4969
More developed regions,,1984,0.4812
More developed regions,,1985,0.455
More developed regions,,1986,0.4714
More developed regions,,1987,0.4679
More developed regions,,1988,0.4422
More developed regions,,1989,0.4122
More developed regions,,1990,0.38
More developed regions,,1991,0.3286
More developed regions,,1992,0.2673
More developed regions,,1993,0.1688
More developed regions,,1994,0.139
More developed regions,,1995,0.1003
More developed regions,,1996,0.1064
More developed regions,,1997,0.1053
More developed regions,,1998,0.1
More developed regions,,1999,0.0631
More developed regions,,2000,0.0756
More developed regions,,2001,0.0662
More developed regions,,2002,0.0533
More developed regions,,2003,0.0539
More developed regions,,2004,0.0897
More developed regions,,2005,0.0737
More developed regions,,2006,0.119
More developed regions,,2007,0.1439
More developed regions,,2008,0.1567
More developed regions,,2009,0.1586
More developed regions,,2010,0.1381
More developed regions,,2011,0.1293
More developed regions,,2012,0.1247
More developed regions,,2013,0.1089
More developed regions,,2014,0.1126
More developed regions,,2015,0.0816
More developed regions,,2016,0.081
More developed regions,,2017,0.0329
More developed regions,,2018,-0.0035
More developed regions,,2019,-0.0307
More developed regions,,2020,-0.1853
More developed regions,,2021,-0.232
More developed regions,,2022,-0.1887
More developed regions,,2023,-0.1449
Morocco,MAR,1950,2.375
Morocco,MAR,1951,2.4619
Morocco,MAR,1952,2.5505
Morocco,MAR,1953,2.6211
Morocco,MAR,1954,2.6578
Morocco,MAR,1955,2.7061
Morocco,MAR,1956,2.7458
Morocco,MAR,1957,2.7826
Morocco,MAR,1958,2.823
Morocco,MAR,1959,2.8623
Morocco,MAR,1960,2.7828
Morocco,MAR,1961,2.9222
Morocco,MAR,1962,2.9694
Morocco,MAR,1963,2.9358
Morocco,MAR,1964,2.9137
Morocco,MAR,1965,2.9004
Morocco,MAR,1966,2.8821
Morocco,MAR,1967,2.8679
Morocco,MAR,1968,2.8397
Morocco,MAR,1969,2.8161
Morocco,MAR,1970,2.8158
Morocco,MAR,1971,2.8022
Morocco,MAR,1972,2.8035
Morocco,MAR,1973,2.7912
Morocco,MAR,1974,2.7737
Morocco,MAR,1975,2.7674
Morocco,MAR,1976,2.7434
Morocco,MAR,1977,2.7154
Morocco,MAR,1978,2.6997
Morocco,MAR,1979,2.7198
Morocco,MAR,1980,2.7464
Morocco,MAR,1981,2.7667
Morocco,MAR,1982,2.7529
Morocco,MAR,1983,2.6889
Morocco,MAR,1984,2.6126
Morocco,MAR,1985,2.536
Morocco,MAR,1986,2.4694
Morocco,MAR,1987,2.3987
Morocco,MAR,1988,2.3225
Morocco,MAR,1989,2.2515
Morocco,MAR,1990,2.1969
Morocco,MAR,1991,2.1769
Morocco,MAR,1992,2.085
Morocco,MAR,1993,1.9821
Morocco,MAR,1994,1.9285
Morocco,MAR,1995,1.881
Morocco,MAR,1996,1.8707
Morocco,MAR,1997,1.8403
Morocco,MAR,1998,1.7834
Morocco,MAR,1999,1.6879
Morocco,MAR,2000,1.6231
Morocco,MAR,2001,1.5708
Morocco,MAR,2002,1.528
Morocco,MAR,2003,1.5307
Morocco,MAR,2004,1.5416
Morocco,MAR,2005,1.5623
Morocco,MAR,2006,1.5703
Morocco,MAR,2007,1.5825
Morocco,MAR,2008,1.5812
Morocco,MAR,2009,1.5903
Morocco,MAR,2010,1.5887
Morocco,MAR,2011,1.5596
Morocco,MAR,2012,1.5131
Morocco,MAR,2013,1.457
Morocco,MAR,2014,1.4071
Morocco,MAR,2015,1.3802
Morocco,MAR,2016,1.3552
Morocco,MAR,2017,1.3288
Morocco,MAR,2018,1.2957
Morocco,MAR,2019,1.2629
Morocco,MAR,2020,1.1371
Morocco,MAR,2021,1.1036
Morocco,MAR,2022,1.1463
Morocco,MAR,2023,1.1063
Mozambique,MOZ,1950,2.0227
Mozambique,MOZ,1951,2.0797
Mozambique,MOZ,1952,2.1218
Mozambique,MOZ,1953,2.1581
Mozambique,MOZ,1954,2.1983
Mozambique,MOZ,1955,2.2365
Mozambique,MOZ,1956,2.2691
Mozambique,MOZ,1957,2.3034
Mozambique,MOZ,1958,2.3409
Mozambique,MOZ,1959,2.4149
Mozambique,MOZ,1960,2.4692
Mozambique,MOZ,1961,2.5053
Mozambique,MOZ,1962,2.5296
Mozambique,MOZ,1963,2.5439
Mozambique,MOZ,1964,2.5132
Mozambique,MOZ,1965,2.5104
Mozambique,MOZ,1966,2.5019
Mozambique,MOZ,1967,2.4991
Mozambique,MOZ,1968,2.5039
Mozambique,MOZ,1969,2.5062
Mozambique,MOZ,1970,2.5136
Mozambique,MOZ,1971,2.4968
Mozambique,MOZ,1972,2.4824
Mozambique,MOZ,1973,2.5334
Mozambique,MOZ,1974,2.6057
Mozambique,MOZ,1975,2.704
Mozambique,MOZ,1976,2.7761
Mozambique,MOZ,1977,2.8283
Mozambique,MOZ,1978,2.9233
Mozambique,MOZ,1979,3.0027
Mozambique,MOZ,1980,3.0838
Mozambique,MOZ,1981,2.7853
Mozambique,MOZ,1982,2.7189
Mozambique,MOZ,1983,2.6848
Mozambique,MOZ,1984,2.4726
Mozambique,MOZ,1985,2.4514
Mozambique,MOZ,1986,2.6045
Mozambique,MOZ,1987,2.6082
Mozambique,MOZ,1988,2.7302
Mozambique,MOZ,1989,2.7027
Mozambique,MOZ,1990,2.698
Mozambique,MOZ,1991,2.6788
Mozambique,MOZ,1992,2.6619
Mozambique,MOZ,1993,2.6298
Mozambique,MOZ,1994,2.5597
Mozambique,MOZ,1995,2.6417
Mozambique,MOZ,1996,2.6834
Mozambique,MOZ,1997,2.721
Mozambique,MOZ,1998,2.7361
Mozambique,MOZ,1999,2.7732
Mozambique,MOZ,2000,2.7919
Mozambique,MOZ,2001,2.8029
Mozambique,MOZ,2002,2.7949
Mozambique,MOZ,2003,2.7897
Mozambique,MOZ,2004,2.7972
Mozambique,MOZ,2005,2.8079
Mozambique,MOZ,2006,2.8191
Mozambique,MOZ,2007,2.8698
Mozambique,MOZ,2008,3.0016
Mozambique,MOZ,2009,3.0979
Mozambique,MOZ,2010,3.1263
Mozambique,MOZ,2011,3.1346
Mozambique,MOZ,2012,3.1354
Mozambique,MOZ,2013,3.1321
Mozambique,MOZ,2014,3.1013
Mozambique,MOZ,2015,3.1055
Mozambique,MOZ,2016,3.1109
Mozambique,MOZ,2017,3.1122
Mozambique,MOZ,2018,3.1124
Mozambique,MOZ,2019,3.1039
Mozambique,MOZ,2020,3.0729
Mozambique,MOZ,2021,3
Mozambique,MOZ,2022,3.0735
Mozambique,MOZ,2023,3.0484
Myanmar,MMR,1950,1.8198
Myanmar,MMR,1951,1.8463
Myanmar,MMR,1952,1.9211
Myanmar,MMR,1953,1.9663
Myanmar,MMR,1954,2.0184
Myanmar,MMR,1955,2.0536
Myanmar,MMR,1956,2.0836
Myanmar,MMR,1957,2.1144
Myanmar,MMR,1958,2.1307
Myanmar,MMR,1959,2.1371
Myanmar,MMR,1960,2.1401
Myanmar,MMR,1961,2.1378
Myanmar,MMR,1962,2.149
Myanmar,MMR,1963,2.1606
Myanmar,MMR,1964,2.1752
Myanmar,MMR,1965,2.1971
Myanmar,MMR,1966,2.1999
Myanmar,MMR,1967,2.2025
Myanmar,MMR,1968,2.1975
Myanmar,MMR,1969,2.2004
Myanmar,MMR,1970,2.1893
Myanmar,MMR,1971,2.1893
Myanmar,MMR,1972,2.1683
Myanmar,MMR,1973,2.1519
Myanmar,MMR,1974,2.1233
Myanmar,MMR,1975,2.1043
Myanmar,MMR,1976,2.0899
Myanmar,MMR,1977,2.0727
Myanmar,MMR,1978,2.0582
Myanmar,MMR,1979,2.0534
Myanmar,MMR,1980,2.0279
Myanmar,MMR,1981,2.0079
Myanmar,MMR,1982,2.0335
Myanmar,MMR,1983,2.0468
Myanmar,MMR,1984,2.0157
Myanmar,MMR,1985,1.9275
Myanmar,MMR,1986,1.8209
Myanmar,MMR,1987,1.7196
Myanmar,MMR,1988,1.6331
Myanmar,MMR,1989,1.6234
Myanmar,MMR,1990,1.5975
Myanmar,MMR,1991,1.5785
Myanmar,MMR,1992,1.5494
Myanmar,MMR,1993,1.5266
Myanmar,MMR,1994,1.4895
Myanmar,MMR,1995,1.4561
Myanmar,MMR,1996,1.4355
Myanmar,MMR,1997,1.4027
Myanmar,MMR,1998,1.3695
Myanmar,MMR,1999,1.335
Myanmar,MMR,2000,1.3181
Myanmar,MMR,2001,1.3142
Myanmar,MMR,2002,1.304
Myanmar,MMR,2003,1.2475
Myanmar,MMR,2004,1.1823
Myanmar,MMR,2005,1.1329
Myanmar,MMR,2006,1.1032
Myanmar,MMR,2007,1.0883
Myanmar,MMR,2008,0.7714
Myanmar,MMR,2009,1.0381
Myanmar,MMR,2010,1.0153
Myanmar,MMR,2011,0.9961
Myanmar,MMR,2012,0.9776
Myanmar,MMR,2013,0.9702
Myanmar,MMR,2014,0.9631
Myanmar,MMR,2015,0.9704
Myanmar,MMR,2016,0.97
Myanmar,MMR,2017,0.9486
Myanmar,MMR,2018,0.9227
Myanmar,MMR,2019,0.8927
Myanmar,MMR,2020,0.8462
Myanmar,MMR,2021,0.7382
Myanmar,MMR,2022,0.7732
Myanmar,MMR,2023,0.7543
Namibia,NAM,1950,1.8911
Namibia,NAM,1951,1.946
Namibia,NAM,1952,2.0029
Namibia,NAM,1953,2.0531
Namibia,NAM,1954,2.1039
Namibia,NAM,1955,2.15
Namibia,NAM,1956,2.1972
Namibia,NAM,1957,2.2471
Namibia,NAM,1958,2.3093
Namibia,NAM,1959,2.3589
Namibia,NAM,1960,2.4188
Namibia,NAM,1961,2.4766
Namibia,NAM,1962,2.5426
Namibia,NAM,1963,2.6097
Namibia,NAM,1964,2.6584
Namibia,NAM,1965,2.7101
Namibia,NAM,1966,2.75
Namibia,NAM,1967,2.8013
Namibia,NAM,1968,2.8608
Namibia,NAM,1969,2.9054
Namibia,NAM,1970,2.9575
Namibia,NAM,1971,3.0063
Namibia,NAM,1972,3.0589
Namibia,NAM,1973,3.107
Namibia,NAM,1974,3.1421
Namibia,NAM,1975,3.1648
Namibia,NAM,1976,3.1752
Namibia,NAM,1977,3.1405
Namibia,NAM,1978,3.1481
Namibia,NAM,1979,3.0047
Namibia,NAM,1980,2.8674
Namibia,NAM,1981,2.8149
Namibia,NAM,1982,2.7194
Namibia,NAM,1983,2.7284
Namibia,NAM,1984,2.7575
Namibia,NAM,1985,2.7875
Namibia,NAM,1986,2.8083
Namibia,NAM,1987,2.8547
Namibia,NAM,1988,2.8766
Namibia,NAM,1989,2.926
Namibia,NAM,1990,3.2101
Namibia,NAM,1991,3.145
Namibia,NAM,1992,3.0072
Namibia,NAM,1993,2.8409
Namibia,NAM,1994,2.6548
Namibia,NAM,1995,2.4416
Namibia,NAM,1996,2.2585
Namibia,NAM,1997,2.2055
Namibia,NAM,1998,2.1642
Namibia,NAM,1999,2.096
Namibia,NAM,2000,1.9399
Namibia,NAM,2001,1.7739
Namibia,NAM,2002,1.6903
Namibia,NAM,2003,1.6227
Namibia,NAM,2004,1.6208
Namibia,NAM,2005,1.6734
Namibia,NAM,2006,1.7416
Namibia,NAM,2007,1.8047
Namibia,NAM,2008,1.8635
Namibia,NAM,2009,1.9227
Namibia,NAM,2010,1.9929
Namibia,NAM,2011,2.0294
Namibia,NAM,2012,2.1053
Namibia,NAM,2013,2.1221
Namibia,NAM,2014,2.1444
Namibia,NAM,2015,2.1415
Namibia,NAM,2016,2.1412
Namibia,NAM,2017,2.1132
Namibia,NAM,2018,2.094
Namibia,NAM,2019,2.0664
Namibia,NAM,2020,2.0168
Namibia,NAM,2021,1.7847
Namibia,NAM,2022,1.8872
Namibia,NAM,2023,1.9721
Nauru,NRU,1950,1.2753
Nauru,NRU,1951,1.3337
Nauru,NRU,1952,1.4078
Nauru,NRU,1953,1.4907
Nauru,NRU,1954,1.5728
Nauru,NRU,1955,1.6198
Nauru,NRU,1956,1.6415
Nauru,NRU,1957,1.6463
Nauru,NRU,1958,1.6352
Nauru,NRU,1959,1.6127
Nauru,NRU,1960,1.5526
Nauru,NRU,1961,1.4713
Nauru,NRU,1962,1.5018
Nauru,NRU,1963,1.6753
Nauru,NRU,1964,1.8256
Nauru,NRU,1965,1.94
Nauru,NRU,1966,2.0356
Nauru,NRU,1967,1.9056
Nauru,NRU,1968,1.8208
Nauru,NRU,1969,1.085
Nauru,NRU,1970,0.7324
Nauru,NRU,1971,0.7392
Nauru,NRU,1972,0.7676
Nauru,NRU,1973,0.8193
Nauru,NRU,1974,0.8992
Nauru,NRU,1975,1.0008
Nauru,NRU,1976,1.1185
Nauru,NRU,1977,1.2517
Nauru,NRU,1978,1.5249
Nauru,NRU,1979,1.7364
Nauru,NRU,1980,1.8949
Nauru,NRU,1981,1.9982
Nauru,NRU,1982,2.022
Nauru,NRU,1983,1.9818
Nauru,NRU,1984,1.9766
Nauru,NRU,1985,2.0074
Nauru,NRU,1986,2.0364
Nauru,NRU,1987,2.0799
Nauru,NRU,1988,2.1233
Nauru,NRU,1989,2.1676
Nauru,NRU,1990,2.2177
Nauru,NRU,1991,2.2858
Nauru,NRU,1992,2.3615
Nauru,NRU,1993,2.3237
Nauru,NRU,1994,2.2566
Nauru,NRU,1995,2.2114
Nauru,NRU,1996,2.1704
Nauru,NRU,1997,2.1337
Nauru,NRU,1998,2.0969
Nauru,NRU,1999,2.0785
Nauru,NRU,2000,2.0342
Nauru,NRU,2001,2.0028
Nauru,NRU,2002,1.9867
Nauru,NRU,2003,2.0007
Nauru,NRU,2004,2.0103
Nauru,NRU,2005,2.0353
Nauru,NRU,2006,2.0898
Nauru,NRU,2007,2.2164
Nauru,NRU,2008,2.4022
Nauru,NRU,2009,2.604
Nauru,NRU,2010,2.7941
Nauru,NRU,2011,2.8782
Nauru,NRU,2012,2.8361
Nauru,NRU,2013,2.765
Nauru,NRU,2014,2.7045
Nauru,NRU,2015,2.6583
Nauru,NRU,2016,2.595
Nauru,NRU,2017,2.4633
Nauru,NRU,2018,2.3082
Nauru,NRU,2019,2.2008
Nauru,NRU,2020,2.111
Nauru,NRU,2021,2.0126
Nauru,NRU,2022,1.9141
Nauru,NRU,2023,1.7986
Nepal,NPL,1950,2.051
Nepal,NPL,1951,2.0537
Nepal,NPL,1952,2.0439
Nepal,NPL,1953,2.0397
Nepal,NPL,1954,2.0337
Nepal,NPL,1955,2.0135
Nepal,NPL,1956,1.9922
Nepal,NPL,1957,1.9807
Nepal,NPL,1958,1.9769
Nepal,NPL,1959,1.975
Nepal,NPL,1960,2.0089
Nepal,NPL,1961,2.0344
Nepal,NPL,1962,2.047
Nepal,NPL,1963,2.0465
Nepal,NPL,1964,2.0824
Nepal,NPL,1965,2.0918
Nepal,NPL,1966,2.1187
Nepal,NPL,1967,2.1389
Nepal,NPL,1968,2.1691
Nepal,NPL,1969,2.1744
Nepal,NPL,1970,2.1907
Nepal,NPL,1971,2.2089
Nepal,NPL,1972,2.2073
Nepal,NPL,1973,2.1751
Nepal,NPL,1974,2.2337
Nepal,NPL,1975,2.2528
Nepal,NPL,1976,2.2798
Nepal,NPL,1977,2.2956
Nepal,NPL,1978,2.33
Nepal,NPL,1979,2.3409
Nepal,NPL,1980,2.342
Nepal,NPL,1981,2.3498
Nepal,NPL,1982,2.3668
Nepal,NPL,1983,2.3914
Nepal,NPL,1984,2.4063
Nepal,NPL,1985,2.4216
Nepal,NPL,1986,2.4334
Nepal,NPL,1987,2.4624
Nepal,NPL,1988,2.4872
Nepal,NPL,1989,2.5122
Nepal,NPL,1990,2.5363
Nepal,NPL,1991,2.5565
Nepal,NPL,1992,2.5863
Nepal,NPL,1993,2.6513
Nepal,NPL,1994,2.6628
Nepal,NPL,1995,2.658
Nepal,NPL,1996,2.5508
Nepal,NPL,1997,2.4371
Nepal,NPL,1998,2.3766
Nepal,NPL,1999,2.3123
Nepal,NPL,2000,2.259
Nepal,NPL,2001,2.1731
Nepal,NPL,2002,2.0729
Nepal,NPL,2003,2.0109
Nepal,NPL,2004,1.9405
Nepal,NPL,2005,1.859
Nepal,NPL,2006,1.7893
Nepal,NPL,2007,1.735
Nepal,NPL,2008,1.676
Nepal,NPL,2009,1.624
Nepal,NPL,2010,1.5823
Nepal,NPL,2011,1.5655
Nepal,NPL,2012,1.5622
Nepal,NPL,2013,1.5397
Nepal,NPL,2014,1.5292
Nepal,NPL,2015,1.4756
Nepal,NPL,2016,1.4878
Nepal,NPL,2017,1.4502
Nepal,NPL,2018,1.4052
Nepal,NPL,2019,1.3624
Nepal,NPL,2020,1.2896
Nepal,NPL,2021,1.1914
Nepal,NPL,2022,1.2755
Nepal,NPL,2023,1.2408
Netherlands,NLD,1950,1.524
Netherlands,NLD,1951,1.4837
Netherlands,NLD,1952,1.5105
Netherlands,NLD,1953,1.4115
Netherlands,NLD,1954,1.4025
Netherlands,NLD,1955,1.3742
Netherlands,NLD,1956,1.3489
Netherlands,NLD,1957,1.3683
Netherlands,NLD,1958,1.3592
Netherlands,NLD,1959,1.3744
Netherlands,NLD,1960,1.319
Netherlands,NLD,1961,1.3607
Netherlands,NLD,1962,1.2849
Netherlands,NLD,1963,1.2824
Netherlands,NLD,1964,1.2939
Netherlands,NLD,1965,1.1955
Netherlands,NLD,1966,1.1159
Netherlands,NLD,1967,1.0941
Netherlands,NLD,1968,1.0323
Netherlands,NLD,1969,1.0781
Netherlands,NLD,1970,0.9932
Netherlands,NLD,1971,0.8913
Netherlands,NLD,1972,0.7561
Netherlands,NLD,1973,0.631
Netherlands,NLD,1974,0.565
Netherlands,NLD,1975,0.4671
Netherlands,NLD,1976,0.4494
Netherlands,NLD,1977,0.4571
Netherlands,NLD,1978,0.4357
Netherlands,NLD,1979,0.4434
Netherlands,NLD,1980,0.4657
Netherlands,NLD,1981,0.4375
Netherlands,NLD,1982,0.3819
Netherlands,NLD,1983,0.3655
Netherlands,NLD,1984,0.3824
Netherlands,NLD,1985,0.3904
Netherlands,NLD,1986,0.4142
Netherlands,NLD,1987,0.4509
Netherlands,NLD,1988,0.4383
Netherlands,NLD,1989,0.4236
Netherlands,NLD,1990,0.4763
Netherlands,NLD,1991,0.4725
Netherlands,NLD,1992,0.458
Netherlands,NLD,1993,0.3979
Netherlands,NLD,1994,0.4231
Netherlands,NLD,1995,0.3751
Netherlands,NLD,1996,0.3501
Netherlands,NLD,1997,0.3775
Netherlands,NLD,1998,0.406
Netherlands,NLD,1999,0.3931
Netherlands,NLD,2000,0.4235
Netherlands,NLD,2001,0.3984
Netherlands,NLD,2002,0.3763
Netherlands,NLD,2003,0.3646
Netherlands,NLD,2004,0.3587
Netherlands,NLD,2005,0.3225
Netherlands,NLD,2006,0.3097
Netherlands,NLD,2007,0.3002
Netherlands,NLD,2008,0.3016
Netherlands,NLD,2009,0.3085
Netherlands,NLD,2010,0.2931
Netherlands,NLD,2011,0.2703
Netherlands,NLD,2012,0.2166
Netherlands,NLD,2013,0.1902
Netherlands,NLD,2014,0.2186
Netherlands,NLD,2015,0.1478
Netherlands,NLD,2016,0.1448
Netherlands,NLD,2017,0.1234
Netherlands,NLD,2018,0.0971
Netherlands,NLD,2019,0.1103
Netherlands,NLD,2020,0.0142
Netherlands,NLD,2021,0.0629
Netherlands,NLD,2022,0.0317
Netherlands,NLD,2023,0.0083
New Caledonia,NCL,1950,1.429
New Caledonia,NCL,1951,1.4984
New Caledonia,NCL,1952,1.5771
New Caledonia,NCL,1953,1.6525
New Caledonia,NCL,1954,1.7256
New Caledonia,NCL,1955,1.8245
New Caledonia,NCL,1956,1.9196
New Caledonia,NCL,1957,2.0136
New Caledonia,NCL,1958,2.1053
New Caledonia,NCL,1959,2.1852
New Caledonia,NCL,1960,2.263
New Caledonia,NCL,1961,2.3339
New Caledonia,NCL,1962,2.3313
New Caledonia,NCL,1963,2.3415
New Caledonia,NCL,1964,2.3507
New Caledonia,NCL,1965,2.3583
New Caledonia,NCL,1966,2.3861
New Caledonia,NCL,1967,2.3999
New Caledonia,NCL,1968,2.4191
New Caledonia,NCL,1969,2.4346
New Caledonia,NCL,1970,2.5563
New Caledonia,NCL,1971,2.5778
New Caledonia,NCL,1972,2.606
New Caledonia,NCL,1973,2.5633
New Caledonia,NCL,1974,2.4487
New Caledonia,NCL,1975,2.3453
New Caledonia,NCL,1976,2.2554
New Caledonia,NCL,1977,2.1919
New Caledonia,NCL,1978,2.1182
New Caledonia,NCL,1979,2.0755
New Caledonia,NCL,1980,2.0508
New Caledonia,NCL,1981,2.0314
New Caledonia,NCL,1982,2.0033
New Caledonia,NCL,1983,1.9389
New Caledonia,NCL,1984,1.8324
New Caledonia,NCL,1985,1.773
New Caledonia,NCL,1986,1.8256
New Caledonia,NCL,1987,1.8507
New Caledonia,NCL,1988,1.8896
New Caledonia,NCL,1989,1.8926
New Caledonia,NCL,1990,1.9391
New Caledonia,NCL,1991,1.9497
New Caledonia,NCL,1992,1.8733
New Caledonia,NCL,1993,1.7904
New Caledonia,NCL,1994,1.7208
New Caledonia,NCL,1995,1.6744
New Caledonia,NCL,1996,1.6948
New Caledonia,NCL,1997,1.7039
New Caledonia,NCL,1998,1.6281
New Caledonia,NCL,1999,1.5865
New Caledonia,NCL,2000,1.604
New Caledonia,NCL,2001,1.5189
New Caledonia,NCL,2002,1.4432
New Caledonia,NCL,2003,1.3586
New Caledonia,NCL,2004,1.3212
New Caledonia,NCL,2005,1.2889
New Caledonia,NCL,2006,1.2814
New Caledonia,NCL,2007,1.2308
New Caledonia,NCL,2008,1.1909
New Caledonia,NCL,2009,1.1487
New Caledonia,NCL,2010,1.1225
New Caledonia,NCL,2011,1.1333
New Caledonia,NCL,2012,1.1312
New Caledonia,NCL,2013,1.0958
New Caledonia,NCL,2014,1.0472
New Caledonia,NCL,2015,1.0045
New Caledonia,NCL,2016,0.9859
New Caledonia,NCL,2017,0.9394
New Caledonia,NCL,2018,0.9158
New Caledonia,NCL,2019,0.8905
New Caledonia,NCL,2020,0.7491
New Caledonia,NCL,2021,0.8083
New Caledonia,NCL,2022,0.7698
New Caledonia,NCL,2023,0.7991
New Zealand,NZL,1950,1.625
New Zealand,NZL,1951,1.5978
New Zealand,NZL,1952,1.6213
New Zealand,NZL,1953,1.6249
New Zealand,NZL,1954,1.6644
New Zealand,NZL,1955,1.6903
New Zealand,NZL,1956,1.7038
New Zealand,NZL,1957,1.6666
New Zealand,NZL,1958,1.7366
New Zealand,NZL,1959,1.7403
New Zealand,NZL,1960,1.7858
New Zealand,NZL,1961,1.7902
New Zealand,NZL,1962,1.7079
New Zealand,NZL,1963,1.6575
New Zealand,NZL,1964,1.5147
New Zealand,NZL,1965,1.4103
New Zealand,NZL,1966,1.3638
New Zealand,NZL,1967,1.4029
New Zealand,NZL,1968,1.385
New Zealand,NZL,1969,1.3885
New Zealand,NZL,1970,1.332
New Zealand,NZL,1971,1.4068
New Zealand,NZL,1972,1.3196
New Zealand,NZL,1973,1.1713
New Zealand,NZL,1974,1.1098
New Zealand,NZL,1975,1.0043
New Zealand,NZL,1976,0.9618
New Zealand,NZL,1977,0.9163
New Zealand,NZL,1978,0.8569
New Zealand,NZL,1979,0.8675
New Zealand,NZL,1980,0.7729
New Zealand,NZL,1981,0.8146
New Zealand,NZL,1982,0.7678
New Zealand,NZL,1983,0.7583
New Zealand,NZL,1984,0.8036
New Zealand,NZL,1985,0.7543
New Zealand,NZL,1986,0.7927
New Zealand,NZL,1987,0.8401
New Zealand,NZL,1988,0.9071
New Zealand,NZL,1989,0.9402
New Zealand,NZL,1990,0.9818
New Zealand,NZL,1991,0.9465
New Zealand,NZL,1992,0.9081
New Zealand,NZL,1993,0.8832
New Zealand,NZL,1994,0.8346
New Zealand,NZL,1995,0.8006
New Zealand,NZL,1996,0.766
New Zealand,NZL,1997,0.7776
New Zealand,NZL,1998,0.7561
New Zealand,NZL,1999,0.7448
New Zealand,NZL,2000,0.7701
New Zealand,NZL,2001,0.7062
New Zealand,NZL,2002,0.6391
New Zealand,NZL,2003,0.6717
New Zealand,NZL,2004,0.7013
New Zealand,NZL,2005,0.7212
New Zealand,NZL,2006,0.7244
New Zealand,NZL,2007,0.8232
New Zealand,NZL,2008,0.8094
New Zealand,NZL,2009,0.7658
New Zealand,NZL,2010,0.7945
New Zealand,NZL,2011,0.7024
New Zealand,NZL,2012,0.6885
New Zealand,NZL,2013,0.6421
New Zealand,NZL,2014,0.5596
New Zealand,NZL,2015,0.6058
New Zealand,NZL,2016,0.5758
New Zealand,NZL,2017,0.5183
New Zealand,NZL,2018,0.4849
New Zealand,NZL,2019,0.49
New Zealand,NZL,2020,0.4862
New Zealand,NZL,2021,0.4654
New Zealand,NZL,2022,0.3476
New Zealand,NZL,2023,0.4166
Nicaragua,NIC,1950,3.0087
Nicaragua,NIC,1951,2.975
Nicaragua,NIC,1952,3.0059
Nicaragua,NIC,1953,3.0173
Nicaragua,NIC,1954,3.0373
Nicaragua,NIC,1955,3.0615
Nicaragua,NIC,1956,3.0852
Nicaragua,NIC,1957,3.1049
Nicaragua,NIC,1958,3.121
Nicaragua,NIC,1959,3.1339
Nicaragua,NIC,1960,3.123
Nicaragua,NIC,1961,3.131
Nicaragua,NIC,1962,3.1468
Nicaragua,NIC,1963,3.1658
Nicaragua,NIC,1964,3.1951
Nicaragua,NIC,1965,3.2352
Nicaragua,NIC,1966,3.2689
Nicaragua,NIC,1967,3.2972
Nicaragua,NIC,1968,3.3156
Nicaragua,NIC,1969,3.3315
Nicaragua,NIC,1970,3.3481
Nicaragua,NIC,1971,3.3658
Nicaragua,NIC,1972,2.9883
Nicaragua,NIC,1973,3.3844
Nicaragua,NIC,1974,3.3859
Nicaragua,NIC,1975,3.3806
Nicaragua,NIC,1976,3.3783
Nicaragua,NIC,1977,3.3583
Nicaragua,NIC,1978,3.1951
Nicaragua,NIC,1979,3.0472
Nicaragua,NIC,1980,3.3392
Nicaragua,NIC,1981,3.3004
Nicaragua,NIC,1982,3.2706
Nicaragua,NIC,1983,3.1334
Nicaragua,NIC,1984,3.0431
Nicaragua,NIC,1985,2.9934
Nicaragua,NIC,1986,2.9797
Nicaragua,NIC,1987,2.9078
Nicaragua,NIC,1988,2.9529
Nicaragua,NIC,1989,2.9541
Nicaragua,NIC,1990,2.8991
Nicaragua,NIC,1991,2.8591
Nicaragua,NIC,1992,2.7818
Nicaragua,NIC,1993,2.7049
Nicaragua,NIC,1994,2.6282
Nicaragua,NIC,1995,2.5485
Nicaragua,NIC,1996,2.4704
Nicaragua,NIC,1997,2.3789
Nicaragua,NIC,1998,2.2291
Nicaragua,NIC,1999,2.2248
Nicaragua,NIC,2000,2.174
Nicaragua,NIC,2001,2.1052
Nicaragua,NIC,2002,2.0545
Nicaragua,NIC,2003,2.0369
Nicaragua,NIC,2004,2.0274
Nicaragua,NIC,2005,2.0401
Nicaragua,NIC,2006,2.0313
Nicaragua,NIC,2007,2.0072
Nicaragua,NIC,2008,1.9796
Nicaragua,NIC,2009,1.9484
Nicaragua,NIC,2010,1.9255
Nicaragua,NIC,2011,1.8908
Nicaragua,NIC,2012,1.8651
Nicaragua,NIC,2013,1.8221
Nicaragua,NIC,2014,1.7872
Nicaragua,NIC,2015,1.7456
Nicaragua,NIC,2016,1.7101
Nicaragua,NIC,2017,1.6698
Nicaragua,NIC,2018,1.6377
Nicaragua,NIC,2019,1.5858
Nicaragua,NIC,2020,1.3787
Nicaragua,NIC,2021,1.3426
Nicaragua,NIC,2022,1.5004
Nicaragua,NIC,2023,1.479
Niger,NER,1950,3.0864
Niger,NER,1951,3.0813
Niger,NER,1952,3.0727
Niger,NER,1953,3.0564
Niger,NER,1954,3.0483
Niger,NER,1955,3.0347
Niger,NER,1956,3.0234
Niger,NER,1957,3.0164
Niger,NER,1958,3.0105
Niger,NER,1959,2.9999
Niger,NER,1960,2.998
Niger,NER,1961,2.9847
Niger,NER,1962,2.9689
Niger,NER,1963,2.957
Niger,NER,1964,2.9317
Niger,NER,1965,2.8882
Niger,NER,1966,2.8643
Niger,NER,1967,2.8331
Niger,NER,1968,2.8
Niger,NER,1969,2.7706
Niger,NER,1970,2.7565
Niger,NER,1971,2.6846
Niger,NER,1972,2.7282
Niger,NER,1973,2.7332
Niger,NER,1974,2.7557
Niger,NER,1975,2.7828
Niger,NER,1976,2.8269
Niger,NER,1977,2.879
Niger,NER,1978,2.9676
Niger,NER,1979,3.033
Niger,NER,1980,3.0843
Niger,NER,1981,3.0993
Niger,NER,1982,3.1018
Niger,NER,1983,3.0999
Niger,NER,1984,3.0841
Niger,NER,1985,3.0794
Niger,NER,1986,3.0585
Niger,NER,1987,3.06
Niger,NER,1988,3.0447
Niger,NER,1989,3.0527
Niger,NER,1990,3.0967
Niger,NER,1991,3.1184
Niger,NER,1992,3.1606
Niger,NER,1993,3.21
Niger,NER,1994,3.2562
Niger,NER,1995,3.3314
Niger,NER,1996,3.397
Niger,NER,1997,3.4548
Niger,NER,1998,3.5109
Niger,NER,1999,3.5459
Niger,NER,2000,3.569
Niger,NER,2001,3.5939
Niger,NER,2002,3.6178
Niger,NER,2003,3.6516
Niger,NER,2004,3.6811
Niger,NER,2005,3.7159
Niger,NER,2006,3.7381
Niger,NER,2007,3.7613
Niger,NER,2008,3.7738
Niger,NER,2009,3.78
Niger,NER,2010,3.7748
Niger,NER,2011,3.7562
Niger,NER,2012,3.7227
Niger,NER,2013,3.7045
Niger,NER,2014,3.6668
Niger,NER,2015,3.6191
Niger,NER,2016,3.5725
Niger,NER,2017,3.51
Niger,NER,2018,3.4412
Niger,NER,2019,3.3793
Niger,NER,2020,3.3074
Niger,NER,2021,3.2382
Niger,NER,2022,3.2777
Niger,NER,2023,3.3033
Nigeria,NGA,1950,1.827
Nigeria,NGA,1951,1.8498
Nigeria,NGA,1952,1.8537
Nigeria,NGA,1953,1.876
Nigeria,NGA,1954,1.8947
Nigeria,NGA,1955,1.9095
Nigeria,NGA,1956,1.9289
Nigeria,NGA,1957,1.9464
Nigeria,NGA,1958,1.9637
Nigeria,NGA,1959,1.9786
Nigeria,NGA,1960,2.0005
Nigeria,NGA,1961,2.0268
Nigeria,NGA,1962,2.0578
Nigeria,NGA,1963,2.0743
Nigeria,NGA,1964,2.098
Nigeria,NGA,1965,2.12
Nigeria,NGA,1966,2.1403
Nigeria,NGA,1967,2.0708
Nigeria,NGA,1968,2.1864
Nigeria,NGA,1969,2.2212
Nigeria,NGA,1970,2.3178
Nigeria,NGA,1971,2.4013
Nigeria,NGA,1972,2.4725
Nigeria,NGA,1973,2.539
Nigeria,NGA,1974,2.6343
Nigeria,NGA,1975,2.7103
Nigeria,NGA,1976,2.8001
Nigeria,NGA,1977,2.8615
Nigeria,NGA,1978,2.9132
Nigeria,NGA,1979,2.9019
Nigeria,NGA,1980,2.8762
Nigeria,NGA,1981,2.8657
Nigeria,NGA,1982,2.8495
Nigeria,NGA,1983,2.8495
Nigeria,NGA,1984,2.7604
Nigeria,NGA,1985,2.6971
Nigeria,NGA,1986,2.6308
Nigeria,NGA,1987,2.5922
Nigeria,NGA,1988,2.5825
Nigeria,NGA,1989,2.5942
Nigeria,NGA,1990,2.5658
Nigeria,NGA,1991,2.5349
Nigeria,NGA,1992,2.536
Nigeria,NGA,1993,2.5434
Nigeria,NGA,1994,2.5341
Nigeria,NGA,1995,2.5544
Nigeria,NGA,1996,2.5337
Nigeria,NGA,1997,2.5151
Nigeria,NGA,1998,2.5065
Nigeria,NGA,1999,2.5644
Nigeria,NGA,2000,2.6453
Nigeria,NGA,2001,2.6785
Nigeria,NGA,2002,2.7023
Nigeria,NGA,2003,2.734
Nigeria,NGA,2004,2.7488
Nigeria,NGA,2005,2.7678
Nigeria,NGA,2006,2.7742
Nigeria,NGA,2007,2.783
Nigeria,NGA,2008,2.8002
Nigeria,NGA,2009,2.7943
Nigeria,NGA,2010,2.7779
Nigeria,NGA,2011,2.759
Nigeria,NGA,2012,2.7097
Nigeria,NGA,2013,2.6577
Nigeria,NGA,2014,2.6156
Nigeria,NGA,2015,2.5295
Nigeria,NGA,2016,2.4363
Nigeria,NGA,2017,2.3501
Nigeria,NGA,2018,2.2738
Nigeria,NGA,2019,2.2006
Nigeria,NGA,2020,2.1146
Nigeria,NGA,2021,2.124
Nigeria,NGA,2022,2.1239
Nigeria,NGA,2023,2.1214
Niue,NIU,1950,2.9906
Niue,NIU,1951,3.1514
Niue,NIU,1952,3.2931
Niue,NIU,1953,3.3444
Niue,NIU,1954,3.4242
Niue,NIU,1955,3.5093
Niue,NIU,1956,3.5818
Niue,NIU,1957,3.6305
Niue,NIU,1958,3.6047
Niue,NIU,1959,3.576
Niue,NIU,1960,3.5521
Niue,NIU,1961,3.5152
Niue,NIU,1962,3.4319
Niue,NIU,1963,3.4136
Niue,NIU,1964,3.3948
Niue,NIU,1965,3.3861
Niue,NIU,1966,3.3958
Niue,NIU,1967,3.3955
Niue,NIU,1968,3.2979
Niue,NIU,1969,3.204
Niue,NIU,1970,3.0295
Niue,NIU,1971,2.8529
Niue,NIU,1972,2.7177
Niue,NIU,1973,2.6086
Niue,NIU,1974,2.5171
Niue,NIU,1975,2.4081
Niue,NIU,1976,2.2932
Niue,NIU,1977,2.1651
Niue,NIU,1978,2.1593
Niue,NIU,1979,2.1777
Niue,NIU,1980,2.2156
Niue,NIU,1981,2.2194
Niue,NIU,1982,2.1902
Niue,NIU,1983,2.1655
Niue,NIU,1984,2.0874
Niue,NIU,1985,1.9535
Niue,NIU,1986,1.7359
Niue,NIU,1987,1.5064
Niue,NIU,1988,1.4775
Niue,NIU,1989,1.4393
Niue,NIU,1990,1.3853
Niue,NIU,1991,1.3194
Niue,NIU,1992,1.2446
Niue,NIU,1993,1.1799
Niue,NIU,1994,1.1144
Niue,NIU,1995,1.0339
Niue,NIU,1996,0.9483
Niue,NIU,1997,0.8749
Niue,NIU,1998,0.8044
Niue,NIU,1999,0.7271
Niue,NIU,2000,0.7207
Niue,NIU,2001,0.6785
Niue,NIU,2002,0.6422
Niue,NIU,2003,0.6581
Niue,NIU,2004,0.6097
Niue,NIU,2005,0.6752
Niue,NIU,2006,0.6524
Niue,NIU,2007,0.6076
Niue,NIU,2008,0.5685
Niue,NIU,2009,0.5192
Niue,NIU,2010,0.4234
Niue,NIU,2011,0.3262
Niue,NIU,2012,0.2599
Niue,NIU,2013,0.2331
Niue,NIU,2014,0.2099
Niue,NIU,2015,0.167
Niue,NIU,2016,0.1218
Niue,NIU,2017,0.0696
Niue,NIU,2018,0.0237
Niue,NIU,2019,-0.0065
Niue,NIU,2020,-0.02
Niue,NIU,2021,-0.0624
Niue,NIU,2022,-0.0843
Niue,NIU,2023,-0.0848
North Korea,PRK,1950,-3.2815
North Korea,PRK,1951,-3.2874
North Korea,PRK,1952,-0.1917
North Korea,PRK,1953,0.915
North Korea,PRK,1954,1.9265
North Korea,PRK,1955,2.1401
North Korea,PRK,1956,2.0801
North Korea,PRK,1957,2.7958
North Korea,PRK,1958,2.8331
North Korea,PRK,1959,2.2894
North Korea,PRK,1960,2.369
North Korea,PRK,1961,2.1499
North Korea,PRK,1962,2.3366
North Korea,PRK,1963,2.5607
North Korea,PRK,1964,2.5107
North Korea,PRK,1965,2.5386
North Korea,PRK,1966,2.6817
North Korea,PRK,1967,2.9705
North Korea,PRK,1968,2.7833
North Korea,PRK,1969,2.737
North Korea,PRK,1970,2.6767
North Korea,PRK,1971,2.5251
North Korea,PRK,1972,2.579
North Korea,PRK,1973,2.0709
North Korea,PRK,1974,1.8407
North Korea,PRK,1975,1.7027
North Korea,PRK,1976,1.4837
North Korea,PRK,1977,1.3884
North Korea,PRK,1978,1.3731
North Korea,PRK,1979,1.398
North Korea,PRK,1980,1.3994
North Korea,PRK,1981,1.4799
North Korea,PRK,1982,1.4717
North Korea,PRK,1983,1.4645
North Korea,PRK,1984,1.4636
North Korea,PRK,1985,1.4664
North Korea,PRK,1986,1.4727
North Korea,PRK,1987,1.4651
North Korea,PRK,1988,1.4598
North Korea,PRK,1989,1.4568
North Korea,PRK,1990,1.48
North Korea,PRK,1991,1.4959
North Korea,PRK,1992,1.4896
North Korea,PRK,1993,1.4537
North Korea,PRK,1994,1.4328
North Korea,PRK,1995,1.0295
North Korea,PRK,1996,0.9875
North Korea,PRK,1997,0.9144
North Korea,PRK,1998,0.8476
North Korea,PRK,1999,0.7729
North Korea,PRK,2000,0.6828
North Korea,PRK,2001,0.6018
North Korea,PRK,2002,0.4991
North Korea,PRK,2003,0.7421
North Korea,PRK,2004,0.6425
North Korea,PRK,2005,0.5442
North Korea,PRK,2006,0.5267
North Korea,PRK,2007,0.489
North Korea,PRK,2008,0.4927
North Korea,PRK,2009,0.4483
North Korea,PRK,2010,0.45
North Korea,PRK,2011,0.4574
North Korea,PRK,2012,0.4711
North Korea,PRK,2013,0.4837
North Korea,PRK,2014,0.4993
North Korea,PRK,2015,0.498
North Korea,PRK,2016,0.4866
North Korea,PRK,2017,0.4655
North Korea,PRK,2018,0.4364
North Korea,PRK,2019,0.4079
North Korea,PRK,2020,0.367
North Korea,PRK,2021,0.3801
North Korea,PRK,2022,0.3665
North Korea,PRK,2023,0.3263
North Macedonia,MKD,1950,1.8403
North Macedonia,MKD,1951,1.7088
North Macedonia,MKD,1952,1.952
North Macedonia,MKD,1953,1.866
North Macedonia,MKD,1954,2.0778
North Macedonia,MKD,1955,1.9304
North Macedonia,MKD,1956,1.9717
North Macedonia,MKD,1957,1.7814
North Macedonia,MKD,1958,2.0175
North Macedonia,MKD,1959,2.0278
North Macedonia,MKD,1960,2.008
North Macedonia,MKD,1961,1.9136
North Macedonia,MKD,1962,1.7202
North Macedonia,MKD,1963,1.8891
North Macedonia,MKD,1964,1.8459
North Macedonia,MKD,1965,1.8627
North Macedonia,MKD,1966,1.8471
North Macedonia,MKD,1967,1.7947
North Macedonia,MKD,1968,1.7638
North Macedonia,MKD,1969,1.6784
North Macedonia,MKD,1970,1.6838
North Macedonia,MKD,1971,1.6562
North Macedonia,MKD,1972,1.6441
North Macedonia,MKD,1973,1.6075
North Macedonia,MKD,1974,1.604
North Macedonia,MKD,1975,1.612
North Macedonia,MKD,1976,1.5773
North Macedonia,MKD,1977,1.4791
North Macedonia,MKD,1978,1.4443
North Macedonia,MKD,1979,1.4212
North Macedonia,MKD,1980,1.3733
North Macedonia,MKD,1981,1.3113
North Macedonia,MKD,1982,1.3042
North Macedonia,MKD,1983,1.2395
North Macedonia,MKD,1984,1.2197
North Macedonia,MKD,1985,1.1998
North Macedonia,MKD,1986,1.1715
North Macedonia,MKD,1987,1.1969
North Macedonia,MKD,1988,1.1763
North Macedonia,MKD,1989,1.1146
North Macedonia,MKD,1990,1.1081
North Macedonia,MKD,1991,1.1375
North Macedonia,MKD,1992,1.0656
North Macedonia,MKD,1993,1.0363
North Macedonia,MKD,1994,0.9587
North Macedonia,MKD,1995,0.8626
North Macedonia,MKD,1996,0.7357
North Macedonia,MKD,1997,0.6154
North Macedonia,MKD,1998,0.5999
North Macedonia,MKD,1999,0.5207
North Macedonia,MKD,2000,0.5715
North Macedonia,MKD,2001,0.4884
North Macedonia,MKD,2002,0.4841
North Macedonia,MKD,2003,0.4588
North Macedonia,MKD,2004,0.3026
North Macedonia,MKD,2005,0.24
North Macedonia,MKD,2006,0.2733
North Macedonia,MKD,2007,0.2453
North Macedonia,MKD,2008,0.2883
North Macedonia,MKD,2009,0.3231
North Macedonia,MKD,2010,0.3545
North Macedonia,MKD,2011,0.2522
North Macedonia,MKD,2012,0.2715
North Macedonia,MKD,2013,0.2911
North Macedonia,MKD,2014,0.2839
North Macedonia,MKD,2015,0.2289
North Macedonia,MKD,2016,0.225
North Macedonia,MKD,2017,0.1652
North Macedonia,MKD,2018,0.1878
North Macedonia,MKD,2019,0.0683
North Macedonia,MKD,2020,-0.2611
North Macedonia,MKD,2021,-0.4317
North Macedonia,MKD,2022,-0.162
North Macedonia,MKD,2023,-0.163
Northern America (UN),UN_NAM,1950,1.4615
Northern America (UN),UN_NAM,1951,1.4964
Northern America (UN),UN_NAM,1952,1.5318
Northern America (UN),UN_NAM,1953,1.5397
Northern America (UN),UN_NAM,1954,1.6144
Northern America (UN),UN_NAM,1955,1.5836
Northern America (UN),UN_NAM,1956,1.6035
Northern America (UN),UN_NAM,1957,1.5953
Northern America (UN),UN_NAM,1958,1.5998
Northern America (UN),UN_NAM,1959,1.5762
Northern America (UN),UN_NAM,1960,1.5301
Northern America (UN),UN_NAM,1961,1.507
Northern America (UN),UN_NAM,1962,1.3908
Northern America (UN),UN_NAM,1963,1.2916
Northern America (UN),UN_NAM,1964,1.24
Northern America (UN),UN_NAM,1965,1.0792
Northern America (UN),UN_NAM,1966,0.961
Northern America (UN),UN_NAM,1967,0.8967
Northern America (UN),UN_NAM,1968,0.836
Northern America (UN),UN_NAM,1969,0.8815
Northern America (UN),UN_NAM,1970,0.932
Northern America (UN),UN_NAM,1971,0.8362
Northern America (UN),UN_NAM,1972,0.678
Northern America (UN),UN_NAM,1973,0.6172
Northern America (UN),UN_NAM,1974,0.6366
Northern America (UN),UN_NAM,1975,0.6485
Northern America (UN),UN_NAM,1976,0.6477
Northern America (UN),UN_NAM,1977,0.7111
Northern America (UN),UN_NAM,1978,0.7047
Northern America (UN),UN_NAM,1979,0.7618
Northern America (UN),UN_NAM,1980,0.76
Northern America (UN),UN_NAM,1981,0.7626
Northern America (UN),UN_NAM,1982,0.7729
Northern America (UN),UN_NAM,1983,0.7338
Northern America (UN),UN_NAM,1984,0.7237
Northern America (UN),UN_NAM,1985,0.7184
Northern America (UN),UN_NAM,1986,0.699
Northern America (UN),UN_NAM,1987,0.704
Northern America (UN),UN_NAM,1988,0.7148
Northern America (UN),UN_NAM,1989,0.7605
Northern America (UN),UN_NAM,1990,0.7839
Northern America (UN),UN_NAM,1991,0.7466
Northern America (UN),UN_NAM,1992,0.7118
Northern America (UN),UN_NAM,1993,0.6384
Northern America (UN),UN_NAM,1994,0.6044
Northern America (UN),UN_NAM,1995,0.5632
Northern America (UN),UN_NAM,1996,0.5453
Northern America (UN),UN_NAM,1997,0.5279
Northern America (UN),UN_NAM,1998,0.5266
Northern America (UN),UN_NAM,1999,0.5093
Northern America (UN),UN_NAM,2000,0.5256
Northern America (UN),UN_NAM,2001,0.5098
Northern America (UN),UN_NAM,2002,0.4916
Northern America (UN),UN_NAM,2003,0.5041
Northern America (UN),UN_NAM,2004,0.5238
Northern America (UN),UN_NAM,2005,0.5157
Northern America (UN),UN_NAM,2006,0.5579
Northern America (UN),UN_NAM,2007,0.5702
Northern America (UN),UN_NAM,2008,0.5367
Northern America (UN),UN_NAM,2009,0.5142
Northern America (UN),UN_NAM,2010,0.4664
Northern America (UN),UN_NAM,2011,0.436
Northern America (UN),UN_NAM,2012,0.4281
Northern America (UN),UN_NAM,2013,0.4068
Northern America (UN),UN_NAM,2014,0.4113
Northern America (UN),UN_NAM,2015,0.384
Northern America (UN),UN_NAM,2016,0.3645
Northern America (UN),UN_NAM,2017,0.3176
Northern America (UN),UN_NAM,2018,0.2906
Northern America (UN),UN_NAM,2019,0.2699
Northern America (UN),UN_NAM,2020,0.0816
Northern America (UN),UN_NAM,2021,0.0653
Northern America (UN),UN_NAM,2022,0.1525
Northern America (UN),UN_NAM,2023,0.1898
Northern Mariana Islands,MNP,1950,3.485
Northern Mariana Islands,MNP,1951,3.4346
Northern Mariana Islands,MNP,1952,3.3824
Northern Mariana Islands,MNP,1953,3.3133
Northern Mariana Islands,MNP,1954,3.2226
Northern Mariana Islands,MNP,1955,3.1142
Northern Mariana Islands,MNP,1956,2.9939
Northern Mariana Islands,MNP,1957,2.8679
Northern Mariana Islands,MNP,1958,2.7266
Northern Mariana Islands,MNP,1959,2.6736
Northern Mariana Islands,MNP,1960,2.6801
Northern Mariana Islands,MNP,1961,2.6663
Northern Mariana Islands,MNP,1962,2.6373
Northern Mariana Islands,MNP,1963,2.6099
Northern Mariana Islands,MNP,1964,2.5713
Northern Mariana Islands,MNP,1965,2.5555
Northern Mariana Islands,MNP,1966,2.5444
Northern Mariana Islands,MNP,1967,2.7065
Northern Mariana Islands,MNP,1968,4.019
Northern Mariana Islands,MNP,1969,3.957
Northern Mariana Islands,MNP,1970,3.5351
Northern Mariana Islands,MNP,1971,3.4313
Northern Mariana Islands,MNP,1972,3.4331
Northern Mariana Islands,MNP,1973,3.4462
Northern Mariana Islands,MNP,1974,3.4747
Northern Mariana Islands,MNP,1975,3.3672
Northern Mariana Islands,MNP,1976,3.243
Northern Mariana Islands,MNP,1977,3.083
Northern Mariana Islands,MNP,1978,2.9007
Northern Mariana Islands,MNP,1979,2.6832
Northern Mariana Islands,MNP,1980,2.3044
Northern Mariana Islands,MNP,1981,2.1322
Northern Mariana Islands,MNP,1982,2.0196
Northern Mariana Islands,MNP,1983,1.9096
Northern Mariana Islands,MNP,1984,1.8262
Northern Mariana Islands,MNP,1985,1.7902
Northern Mariana Islands,MNP,1986,1.9491
Northern Mariana Islands,MNP,1987,2.2579
Northern Mariana Islands,MNP,1988,2.1163
Northern Mariana Islands,MNP,1989,1.9544
Northern Mariana Islands,MNP,1990,2.3807
Northern Mariana Islands,MNP,1991,2.8875
Northern Mariana Islands,MNP,1992,3.062
Northern Mariana Islands,MNP,1993,3.1286
Northern Mariana Islands,MNP,1994,2.7332
Northern Mariana Islands,MNP,1995,2.6951
Northern Mariana Islands,MNP,1996,2.2159
Northern Mariana Islands,MNP,1997,2.1581
Northern Mariana Islands,MNP,1998,1.6724
Northern Mariana Islands,MNP,1999,1.717
Northern Mariana Islands,MNP,2000,1.9324
Northern Mariana Islands,MNP,2001,2.0444
Northern Mariana Islands,MNP,2002,1.8632
Northern Mariana Islands,MNP,2003,2.0079
Northern Mariana Islands,MNP,2004,2.0345
Northern Mariana Islands,MNP,2005,2.0461
Northern Mariana Islands,MNP,2006,2.1984
Northern Mariana Islands,MNP,2007,2.1655
Northern Mariana Islands,MNP,2008,2.0076
Northern Mariana Islands,MNP,2009,1.7828
Northern Mariana Islands,MNP,2010,1.7752
Northern Mariana Islands,MNP,2011,1.8328
Northern Mariana Islands,MNP,2012,1.8519
Northern Mariana Islands,MNP,2013,1.9329
Northern Mariana Islands,MNP,2014,1.784
Northern Mariana Islands,MNP,2015,1.6026
Northern Mariana Islands,MNP,2016,1.4474
Northern Mariana Islands,MNP,2017,1.3308
Northern Mariana Islands,MNP,2018,1.2426
Northern Mariana Islands,MNP,2019,1.1887
Northern Mariana Islands,MNP,2020,1.1341
Northern Mariana Islands,MNP,2021,1.0443
Northern Mariana Islands,MNP,2022,0.9302
Northern Mariana Islands,MNP,2023,0.8214
Norway,NOR,1950,1.019
Norway,NOR,1951,1.0038
Norway,NOR,1952,1.0238
Norway,NOR,1953,1.0218
Norway,NOR,1954,0.9787
Norway,NOR,1955,0.9924
Norway,NOR,1956,0.9851
Norway,NOR,1957,0.9126
Norway,NOR,1958,0.8815
Norway,NOR,1959,0.8586
Norway,NOR,1960,0.7924
Norway,NOR,1961,0.7947
Norway,NOR,1962,0.7581
Norway,NOR,1963,0.7096
Norway,NOR,1964,0.8159
Norway,NOR,1965,0.8234
Norway,NOR,1966,0.8258
Norway,NOR,1967,0.7946
Norway,NOR,1968,0.7772
Norway,NOR,1969,0.7484
Norway,NOR,1970,0.6737
Norway,NOR,1971,0.6841
Norway,NOR,1972,0.635
Norway,NOR,1973,0.5398
Norway,NOR,1974,0.5058
Norway,NOR,1975,0.4062
Norway,NOR,1976,0.3309
Norway,NOR,1977,0.2754
Norway,NOR,1978,0.2719
Norway,NOR,1979,0.2445
Norway,NOR,1980,0.2359
Norway,NOR,1981,0.2128
Norway,NOR,1982,0.2345
Norway,NOR,1983,0.1862
Norway,NOR,1984,0.1839
Norway,NOR,1985,0.1602
Norway,NOR,1986,0.209
Norway,NOR,1987,0.2129
Norway,NOR,1988,0.2874
Norway,NOR,1989,0.3346
Norway,NOR,1990,0.3495
Norway,NOR,1991,0.3701
Norway,NOR,1992,0.3579
Norway,NOR,1993,0.3033
Norway,NOR,1994,0.3684
Norway,NOR,1995,0.3476
Norway,NOR,1996,0.391
Norway,NOR,1997,0.3444
Norway,NOR,1998,0.3208
Norway,NOR,1999,0.3152
Norway,NOR,2000,0.3371
Norway,NOR,2001,0.2821
Norway,NOR,2002,0.238
Norway,NOR,2003,0.3033
Norway,NOR,2004,0.3377
Norway,NOR,2005,0.33
Norway,NOR,2006,0.3614
Norway,NOR,2007,0.3401
Norway,NOR,2008,0.3786
Norway,NOR,2009,0.4074
Norway,NOR,2010,0.393
Norway,NOR,2011,0.365
Norway,NOR,2012,0.3501
Norway,NOR,2013,0.3386
Norway,NOR,2014,0.3528
Norway,NOR,2015,0.344
Norway,NOR,2016,0.342
Norway,NOR,2017,0.2967
Norway,NOR,2018,0.2658
Norway,NOR,2019,0.2556
Norway,NOR,2020,0.2312
Norway,NOR,2021,0.2611
Norway,NOR,2022,0.1001
Norway,NOR,2023,0.1341
Oceania (UN),UN_OCE,1950,1.6092
Oceania (UN),UN_OCE,1951,1.5482
Oceania (UN),UN_OCE,1952,1.6633
Oceania (UN),UN_OCE,1953,1.6759
Oceania (UN),UN_OCE,1954,1.6584
Oceania (UN),UN_OCE,1955,1.6906
Oceania (UN),UN_OCE,1956,1.6842
Oceania (UN),UN_OCE,1957,1.7255
Oceania (UN),UN_OCE,1958,1.7461
Oceania (UN),UN_OCE,1959,1.7204
Oceania (UN),UN_OCE,1960,1.7423
Oceania (UN),UN_OCE,1961,1.7848
Oceania (UN),UN_OCE,1962,1.7155
Oceania (UN),UN_OCE,1963,1.6811
Oceania (UN),UN_OCE,1964,1.5746
Oceania (UN),UN_OCE,1965,1.5229
Oceania (UN),UN_OCE,1966,1.4885
Oceania (UN),UN_OCE,1967,1.5231
Oceania (UN),UN_OCE,1968,1.5421
Oceania (UN),UN_OCE,1969,1.595
Oceania (UN),UN_OCE,1970,1.5748
Oceania (UN),UN_OCE,1971,1.6875
Oceania (UN),UN_OCE,1972,1.6135
Oceania (UN),UN_OCE,1973,1.4903
Oceania (UN),UN_OCE,1974,1.4209
Oceania (UN),UN_OCE,1975,1.3726
Oceania (UN),UN_OCE,1976,1.2933
Oceania (UN),UN_OCE,1977,1.2962
Oceania (UN),UN_OCE,1978,1.269
Oceania (UN),UN_OCE,1979,1.2631
Oceania (UN),UN_OCE,1980,1.2476
Oceania (UN),UN_OCE,1981,1.2817
Oceania (UN),UN_OCE,1982,1.2691
Oceania (UN),UN_OCE,1983,1.2937
Oceania (UN),UN_OCE,1984,1.2628
Oceania (UN),UN_OCE,1985,1.2572
Oceania (UN),UN_OCE,1986,1.2638
Oceania (UN),UN_OCE,1987,1.249
Oceania (UN),UN_OCE,1988,1.2553
Oceania (UN),UN_OCE,1989,1.24
Oceania (UN),UN_OCE,1990,1.3049
Oceania (UN),UN_OCE,1991,1.2741
Oceania (UN),UN_OCE,1992,1.2676
Oceania (UN),UN_OCE,1993,1.2568
Oceania (UN),UN_OCE,1994,1.2158
Oceania (UN),UN_OCE,1995,1.1989
Oceania (UN),UN_OCE,1996,1.1736
Oceania (UN),UN_OCE,1997,1.1628
Oceania (UN),UN_OCE,1998,1.1452
Oceania (UN),UN_OCE,1999,1.1467
Oceania (UN),UN_OCE,2000,1.1442
Oceania (UN),UN_OCE,2001,1.1202
Oceania (UN),UN_OCE,2002,1.1022
Oceania (UN),UN_OCE,2003,1.1057
Oceania (UN),UN_OCE,2004,1.1103
Oceania (UN),UN_OCE,2005,1.1365
Oceania (UN),UN_OCE,2006,1.1384
Oceania (UN),UN_OCE,2007,1.1764
Oceania (UN),UN_OCE,2008,1.181
Oceania (UN),UN_OCE,2009,1.1607
Oceania (UN),UN_OCE,2010,1.1569
Oceania (UN),UN_OCE,2011,1.125
Oceania (UN),UN_OCE,2012,1.1186
Oceania (UN),UN_OCE,2013,1.0987
Oceania (UN),UN_OCE,2014,1.045
Oceania (UN),UN_OCE,2015,1.0388
Oceania (UN),UN_OCE,2016,1.0247
Oceania (UN),UN_OCE,2017,0.9823
Oceania (UN),UN_OCE,2018,0.9865
Oceania (UN),UN_OCE,2019,0.9371
Oceania (UN),UN_OCE,2020,0.8992
Oceania (UN),UN_OCE,2021,0.8729
Oceania (UN),UN_OCE,2022,0.7871
Oceania (UN),UN_OCE,2023,0.835
Oman,OMN,1950,1.6665
Oman,OMN,1951,1.717
Oman,OMN,1952,1.751
Oman,OMN,1953,1.7883
Oman,OMN,1954,1.832
Oman,OMN,1955,1.8755
Oman,OMN,1956,1.931
Oman,OMN,1957,1.9942
Oman,OMN,1958,2.0854
Oman,OMN,1959,2.1684
Oman,OMN,1960,2.2686
Oman,OMN,1961,2.3506
Oman,OMN,1962,2.4521
Oman,OMN,1963,2.5467
Oman,OMN,1964,2.6555
Oman,OMN,1965,2.7515
Oman,OMN,1966,2.844
Oman,OMN,1967,2.9332
Oman,OMN,1968,3.0156
Oman,OMN,1969,3.0917
Oman,OMN,1970,3.1528
Oman,OMN,1971,3.226
Oman,OMN,1972,3.2784
Oman,OMN,1973,3.3549
Oman,OMN,1974,3.4194
Oman,OMN,1975,3.5564
Oman,OMN,1976,3.6863
Oman,OMN,1977,3.7813
Oman,OMN,1978,3.9032
Oman,OMN,1979,4.0061
Oman,OMN,1980,4.1058
Oman,OMN,1981,4.1781
Oman,OMN,1982,4.1997
Oman,OMN,1983,4.2021
Oman,OMN,1984,4.1879
Oman,OMN,1985,4.1199
Oman,OMN,1986,3.9142
Oman,OMN,1987,3.7264
Oman,OMN,1988,3.5341
Oman,OMN,1989,3.3529
Oman,OMN,1990,3.1747
Oman,OMN,1991,2.9912
Oman,OMN,1992,2.8103
Oman,OMN,1993,2.6433
Oman,OMN,1994,2.514
Oman,OMN,1995,2.4116
Oman,OMN,1996,2.3349
Oman,OMN,1997,2.26
Oman,OMN,1998,2.1892
Oman,OMN,1999,2.1329
Oman,OMN,2000,2.0686
Oman,OMN,2001,2.0193
Oman,OMN,2002,1.9852
Oman,OMN,2003,1.9576
Oman,OMN,2004,1.8983
Oman,OMN,2005,1.8167
Oman,OMN,2006,1.7484
Oman,OMN,2007,1.72
Oman,OMN,2008,1.795
Oman,OMN,2009,1.9372
Oman,OMN,2010,2.0896
Oman,OMN,2011,1.94
Oman,OMN,2012,1.8486
Oman,OMN,2013,1.8755
Oman,OMN,2014,1.9053
Oman,OMN,2015,1.8935
Oman,OMN,2016,1.8527
Oman,OMN,2017,1.8162
Oman,OMN,2018,1.7277
Oman,OMN,2019,1.6857
Oman,OMN,2020,1.6412
Oman,OMN,2021,1.5552
Oman,OMN,2022,1.4223
Oman,OMN,2023,1.4946
Pakistan,PAK,1950,1.8118
Pakistan,PAK,1951,1.9566
Pakistan,PAK,1952,2.0719
Pakistan,PAK,1953,2.1733
Pakistan,PAK,1954,2.2585
Pakistan,PAK,1955,2.3394
Pakistan,PAK,1956,2.4168
Pakistan,PAK,1957,2.4862
Pakistan,PAK,1958,2.5514
Pakistan,PAK,1959,2.6096
Pakistan,PAK,1960,2.6628
Pakistan,PAK,1961,2.7147
Pakistan,PAK,1962,2.7591
Pakistan,PAK,1963,2.8008
Pakistan,PAK,1964,2.8492
Pakistan,PAK,1965,2.8655
Pakistan,PAK,1966,2.918
Pakistan,PAK,1967,2.9462
Pakistan,PAK,1968,2.963
Pakistan,PAK,1969,2.9654
Pakistan,PAK,1970,2.981
Pakistan,PAK,1971,2.7412
Pakistan,PAK,1972,3.0083
Pakistan,PAK,1973,3.0123
Pakistan,PAK,1974,3.0083
Pakistan,PAK,1975,3.023
Pakistan,PAK,1976,3.0324
Pakistan,PAK,1977,3.0552
Pakistan,PAK,1978,3.0883
Pakistan,PAK,1979,3.1157
Pakistan,PAK,1980,3.1576
Pakistan,PAK,1981,3.2522
Pakistan,PAK,1982,3.2941
Pakistan,PAK,1983,3.31
Pakistan,PAK,1984,3.3056
Pakistan,PAK,1985,3.2916
Pakistan,PAK,1986,3.2888
Pakistan,PAK,1987,3.2805
Pakistan,PAK,1988,3.2695
Pakistan,PAK,1989,3.2475
Pakistan,PAK,1990,3.2127
Pakistan,PAK,1991,3.1837
Pakistan,PAK,1992,3.1475
Pakistan,PAK,1993,3.0828
Pakistan,PAK,1994,3.0262
Pakistan,PAK,1995,2.9552
Pakistan,PAK,1996,2.9026
Pakistan,PAK,1997,2.8372
Pakistan,PAK,1998,2.8015
Pakistan,PAK,1999,2.8081
Pakistan,PAK,2000,2.7642
Pakistan,PAK,2001,2.7025
Pakistan,PAK,2002,2.6391
Pakistan,PAK,2003,2.5975
Pakistan,PAK,2004,2.5073
Pakistan,PAK,2005,2.4476
Pakistan,PAK,2006,2.5258
Pakistan,PAK,2007,2.5422
Pakistan,PAK,2008,2.5783
Pakistan,PAK,2009,2.5868
Pakistan,PAK,2010,2.5834
Pakistan,PAK,2011,2.547
Pakistan,PAK,2012,2.4998
Pakistan,PAK,2013,2.4525
Pakistan,PAK,2014,2.4031
Pakistan,PAK,2015,2.3533
Pakistan,PAK,2016,2.2917
Pakistan,PAK,2017,2.2798
Pakistan,PAK,2018,2.2491
Pakistan,PAK,2019,2.2214
Pakistan,PAK,2020,2.1324
Pakistan,PAK,2021,2.1154
Pakistan,PAK,2022,2.1617
Pakistan,PAK,2023,2.134
Palau,PLW,1950,2.5805
Palau,PLW,1951,2.6379
Palau,PLW,1952,2.7076
Palau,PLW,1953,2.7615
Palau,PLW,1954,2.8155
Palau,PLW,1955,2.8702
Palau,PLW,1956,2.9348
Palau,PLW,1957,3.0387
Palau,PLW,1958,3.1581
Palau,PLW,1959,3.2068
Palau,PLW,1960,3.1741
Palau,PLW,1961,3.1176
Palau,PLW,1962,3.0238
Palau,PLW,1963,2.8967
Palau,PLW,1964,2.7529
Palau,PLW,1965,2.6015
Palau,PLW,1966,2.4807
Palau,PLW,1967,2.4183
Palau,PLW,1968,2.4788
Palau,PLW,1969,2.5335
Palau,PLW,1970,2.5156
Palau,PLW,1971,2.4334
Palau,PLW,1972,2.2932
Palau,PLW,1973,2.1359
Palau,PLW,1974,2.0177
Palau,PLW,1975,1.9647
Palau,PLW,1976,1.8727
Palau,PLW,1977,1.7041
Palau,PLW,1978,1.5489
Palau,PLW,1979,1.428
Palau,PLW,1980,1.3401
Palau,PLW,1981,1.2967
Palau,PLW,1982,1.3441
Palau,PLW,1983,1.3564
Palau,PLW,1984,1.357
Palau,PLW,1985,1.3251
Palau,PLW,1986,1.2973
Palau,PLW,1987,1.2719
Palau,PLW,1988,1.2472
Palau,PLW,1989,1.2373
Palau,PLW,1990,1.1858
Palau,PLW,1991,1.1186
Palau,PLW,1992,1.1454
Palau,PLW,1993,1.1946
Palau,PLW,1994,1.1633
Palau,PLW,1995,1.0781
Palau,PLW,1996,0.9411
Palau,PLW,1997,0.7745
Palau,PLW,1998,0.6231
Palau,PLW,1999,0.5331
Palau,PLW,2000,0.4455
Palau,PLW,2001,0.4518
Palau,PLW,2002,0.4515
Palau,PLW,2003,0.4407
Palau,PLW,2004,0.417
Palau,PLW,2005,0.4025
Palau,PLW,2006,0.4012
Palau,PLW,2007,0.4112
Palau,PLW,2008,0.4191
Palau,PLW,2009,0.43
Palau,PLW,2010,0.4389
Palau,PLW,2011,0.4605
Palau,PLW,2012,0.4847
Palau,PLW,2013,0.4971
Palau,PLW,2014,0.4121
Palau,PLW,2015,0.3079
Palau,PLW,2016,0.2967
Palau,PLW,2017,0.239
Palau,PLW,2018,0.1663
Palau,PLW,2019,0.129
Palau,PLW,2020,0.0494
Palau,PLW,2021,-0.0161
Palau,PLW,2022,-0.0387
Palau,PLW,2023,-0.0598
Palestine,PSE,1950,2.7168
Palestine,PSE,1951,2.7724
Palestine,PSE,1952,2.8233
Palestine,PSE,1953,2.8747
Palestine,PSE,1954,2.9346
Palestine,PSE,1955,2.9894
Palestine,PSE,1956,3.0499
Palestine,PSE,1957,3.1097
Palestine,PSE,1958,3.1702
Palestine,PSE,1959,3.2294
Palestine,PSE,1960,3.2817
Palestine,PSE,1961,3.3335
Palestine,PSE,1962,3.3943
Palestine,PSE,1963,3.4407
Palestine,PSE,1964,3.5029
Palestine,PSE,1965,3.5622
Palestine,PSE,1966,3.6191
Palestine,PSE,1967,3.5575
Palestine,PSE,1968,3.7144
Palestine,PSE,1969,3.7351
Palestine,PSE,1970,3.7445
Palestine,PSE,1971,3.7471
Palestine,PSE,1972,3.7649
Palestine,PSE,1973,3.8055
Palestine,PSE,1974,3.8203
Palestine,PSE,1975,3.8482
Palestine,PSE,1976,3.8766
Palestine,PSE,1977,3.8862
Palestine,PSE,1978,3.8929
Palestine,PSE,1979,3.9112
Palestine,PSE,1980,3.8906
Palestine,PSE,1981,3.9058
Palestine,PSE,1982,3.919
Palestine,PSE,1983,3.9238
Palestine,PSE,1984,3.9295
Palestine,PSE,1985,3.9814
Palestine,PSE,1986,3.9866
Palestine,PSE,1987,3.9397
Palestine,PSE,1988,4.0183
Palestine,PSE,1989,4.0467
Palestine,PSE,1990,4.0784
Palestine,PSE,1991,4.078
Palestine,PSE,1992,4.0457
Palestine,PSE,1993,3.9714
Palestine,PSE,1994,3.893
Palestine,PSE,1995,3.7975
Palestine,PSE,1996,3.708
Palestine,PSE,1997,3.6171
Palestine,PSE,1998,3.5748
Palestine,PSE,1999,3.5275
Palestine,PSE,2000,3.4462
Palestine,PSE,2001,3.3778
Palestine,PSE,2002,3.3513
Palestine,PSE,2003,3.2691
Palestine,PSE,2004,3.2214
Palestine,PSE,2005,3.1905
Palestine,PSE,2006,3.1136
Palestine,PSE,2007,3.0368
Palestine,PSE,2008,3.0177
Palestine,PSE,2009,3.0285
Palestine,PSE,2010,3.108
Palestine,PSE,2011,3.0652
Palestine,PSE,2012,2.9946
Palestine,PSE,2013,2.9559
Palestine,PSE,2014,2.8927
Palestine,PSE,2015,2.9552
Palestine,PSE,2016,2.9012
Palestine,PSE,2017,2.8214
Palestine,PSE,2018,2.7312
Palestine,PSE,2019,2.6574
Palestine,PSE,2020,2.5486
Palestine,PSE,2021,2.4457
Palestine,PSE,2022,2.4583
Palestine,PSE,2023,1.9864
Panama,PAN,1950,2.7464
Panama,PAN,1951,2.8115
Panama,PAN,1952,2.8716
Panama,PAN,1953,2.9258
Panama,PAN,1954,2.9423
Panama,PAN,1955,2.9552
Panama,PAN,1956,2.9792
Panama,PAN,1957,3.0047
Panama,PAN,1958,3.0412
Panama,PAN,1959,3.0907
Panama,PAN,1960,3.1466
Panama,PAN,1961,3.1986
Panama,PAN,1962,3.224
Panama,PAN,1963,3.2361
Panama,PAN,1964,3.2129
Panama,PAN,1965,3.1787
Panama,PAN,1966,3.1487
Panama,PAN,1967,3.1005
Panama,PAN,1968,3.053
Panama,PAN,1969,3.0103
Panama,PAN,1970,2.979
Panama,PAN,1971,2.9476
Panama,PAN,1972,2.8949
Panama,PAN,1973,2.8314
Panama,PAN,1974,2.7805
Panama,PAN,1975,2.7216
Panama,PAN,1976,2.6623
Panama,PAN,1977,2.6043
Panama,PAN,1978,2.5555
Panama,PAN,1979,2.53
Panama,PAN,1980,2.5071
Panama,PAN,1981,2.4954
Panama,PAN,1982,2.4781
Panama,PAN,1983,2.4692
Panama,PAN,1984,2.438
Panama,PAN,1985,2.3887
Panama,PAN,1986,2.34
Panama,PAN,1987,2.2889
Panama,PAN,1988,2.2427
Panama,PAN,1989,2.1755
Panama,PAN,1990,2.1767
Panama,PAN,1991,2.1162
Panama,PAN,1992,2.0765
Panama,PAN,1993,2.0493
Panama,PAN,1994,2.017
Panama,PAN,1995,1.9845
Panama,PAN,1996,1.9607
Panama,PAN,1997,1.941
Panama,PAN,1998,1.9172
Panama,PAN,1999,1.8941
Panama,PAN,2000,1.8681
Panama,PAN,2001,1.8457
Panama,PAN,2002,1.8218
Panama,PAN,2003,1.8013
Panama,PAN,2004,1.7926
Panama,PAN,2005,1.7511
Panama,PAN,2006,1.7205
Panama,PAN,2007,1.7005
Panama,PAN,2008,1.6843
Panama,PAN,2009,1.66
Panama,PAN,2010,1.6375
Panama,PAN,2011,1.6356
Panama,PAN,2012,1.6086
Panama,PAN,2013,1.5762
Panama,PAN,2014,1.5474
Panama,PAN,2015,1.5125
Panama,PAN,2016,1.4756
Panama,PAN,2017,1.4299
Panama,PAN,2018,1.3798
Panama,PAN,2019,1.2851
Panama,PAN,2020,1.0854
Panama,PAN,2021,1.0758
Panama,PAN,2022,1.1488
Panama,PAN,2023,1.1258
Papua New Guinea,PNG,1950,2.4479
Papua New Guinea,PNG,1951,2.1528
Papua New Guinea,PNG,1952,2.6144
Papua New Guinea,PNG,1953,2.6817
Papua New Guinea,PNG,1954,2.6954
Papua New Guinea,PNG,1955,2.7415
Papua New Guinea,PNG,1956,2.7611
Papua New Guinea,PNG,1957,2.7875
Papua New Guinea,PNG,1958,2.8026
Papua New Guinea,PNG,1959,2.7998
Papua New Guinea,PNG,1960,2.8232
Papua New Guinea,PNG,1961,2.842
Papua New Guinea,PNG,1962,2.8642
Papua New Guinea,PNG,1963,2.9075
Papua New Guinea,PNG,1964,2.9501
Papua New Guinea,PNG,1965,2.9829
Papua New Guinea,PNG,1966,3.0277
Papua New Guinea,PNG,1967,3.0596
Papua New Guinea,PNG,1968,3.0945
Papua New Guinea,PNG,1969,3.1245
Papua New Guinea,PNG,1970,3.1414
Papua New Guinea,PNG,1971,3.1405
Papua New Guinea,PNG,1972,3.1453
Papua New Guinea,PNG,1973,3.1153
Papua New Guinea,PNG,1974,3.0817
Papua New Guinea,PNG,1975,3.0485
Papua New Guinea,PNG,1976,3.0224
Papua New Guinea,PNG,1977,2.9913
Papua New Guinea,PNG,1978,2.9546
Papua New Guinea,PNG,1979,2.9123
Papua New Guinea,PNG,1980,2.8825
Papua New Guinea,PNG,1981,2.8704
Papua New Guinea,PNG,1982,2.865
Papua New Guinea,PNG,1983,2.8792
Papua New Guinea,PNG,1984,2.881
Papua New Guinea,PNG,1985,2.884
Papua New Guinea,PNG,1986,2.8791
Papua New Guinea,PNG,1987,2.8731
Papua New Guinea,PNG,1988,2.8626
Papua New Guinea,PNG,1989,2.8503
Papua New Guinea,PNG,1990,2.8239
Papua New Guinea,PNG,1991,2.7712
Papua New Guinea,PNG,1992,2.7556
Papua New Guinea,PNG,1993,2.7464
Papua New Guinea,PNG,1994,2.7256
Papua New Guinea,PNG,1995,2.7003
Papua New Guinea,PNG,1996,2.6967
Papua New Guinea,PNG,1997,2.6957
Papua New Guinea,PNG,1998,2.6455
Papua New Guinea,PNG,1999,2.6843
Papua New Guinea,PNG,2000,2.6638
Papua New Guinea,PNG,2001,2.6435
Papua New Guinea,PNG,2002,2.618
Papua New Guinea,PNG,2003,2.59
Papua New Guinea,PNG,2004,2.5446
Papua New Guinea,PNG,2005,2.5075
Papua New Guinea,PNG,2006,2.4681
Papua New Guinea,PNG,2007,2.4314
Papua New Guinea,PNG,2008,2.406
Papua New Guinea,PNG,2009,2.3685
Papua New Guinea,PNG,2010,2.3449
Papua New Guinea,PNG,2011,2.3137
Papua New Guinea,PNG,2012,2.2726
Papua New Guinea,PNG,2013,2.2377
Papua New Guinea,PNG,2014,2.2009
Papua New Guinea,PNG,2015,2.1571
Papua New Guinea,PNG,2016,2.1121
Papua New Guinea,PNG,2017,2.0669
Papua New Guinea,PNG,2018,2.0295
Papua New Guinea,PNG,2019,1.9842
Papua New Guinea,PNG,2020,1.9268
Papua New Guinea,PNG,2021,1.8353
Papua New Guinea,PNG,2022,1.8314
Papua New Guinea,PNG,2023,1.806
Paraguay,PRY,1950,3.2798
Paraguay,PRY,1951,3.2701
Paraguay,PRY,1952,3.2521
Paraguay,PRY,1953,3.2334
Paraguay,PRY,1954,3.216
Paraguay,PRY,1955,3.2007
Paraguay,PRY,1956,3.1886
Paraguay,PRY,1957,3.1828
Paraguay,PRY,1958,3.179
Paraguay,PRY,1959,3.181
Paraguay,PRY,1960,3.186
Paraguay,PRY,1961,3.1927
Paraguay,PRY,1962,3.1969
Paraguay,PRY,1963,3.202
Paraguay,PRY,1964,3.1682
Paraguay,PRY,1965,3.1086
Paraguay,PRY,1966,3.031
Paraguay,PRY,1967,2.946
Paraguay,PRY,1968,2.8731
Paraguay,PRY,1969,2.8101
Paraguay,PRY,1970,2.7598
Paraguay,PRY,1971,2.7079
Paraguay,PRY,1972,2.6651
Paraguay,PRY,1973,2.6474
Paraguay,PRY,1974,2.6302
Paraguay,PRY,1975,2.6112
Paraguay,PRY,1976,2.6088
Paraguay,PRY,1977,2.6295
Paraguay,PRY,1978,2.6452
Paraguay,PRY,1979,2.7016
Paraguay,PRY,1980,2.7698
Paraguay,PRY,1981,2.8511
Paraguay,PRY,1982,2.8801
Paraguay,PRY,1983,2.9055
Paraguay,PRY,1984,2.9282
Paraguay,PRY,1985,2.9299
Paraguay,PRY,1986,2.9289
Paraguay,PRY,1987,2.9062
Paraguay,PRY,1988,2.8883
Paraguay,PRY,1989,2.8445
Paraguay,PRY,1990,2.7966
Paraguay,PRY,1991,2.7621
Paraguay,PRY,1992,2.714
Paraguay,PRY,1993,2.6408
Paraguay,PRY,1994,2.5867
Paraguay,PRY,1995,2.528
Paraguay,PRY,1996,2.4666
Paraguay,PRY,1997,2.4006
Paraguay,PRY,1998,2.329
Paraguay,PRY,1999,2.2531
Paraguay,PRY,2000,2.1561
Paraguay,PRY,2001,2.0669
Paraguay,PRY,2002,1.9892
Paraguay,PRY,2003,1.923
Paraguay,PRY,2004,1.8911
Paraguay,PRY,2005,1.8545
Paraguay,PRY,2006,1.813
Paraguay,PRY,2007,1.7833
Paraguay,PRY,2008,1.7782
Paraguay,PRY,2009,1.7685
Paraguay,PRY,2010,1.7333
Paraguay,PRY,2011,1.7274
Paraguay,PRY,2012,1.7383
Paraguay,PRY,2013,1.7281
Paraguay,PRY,2014,1.7395
Paraguay,PRY,2015,1.7343
Paraguay,PRY,2016,1.7091
Paraguay,PRY,2017,1.6665
Paraguay,PRY,2018,1.6322
Paraguay,PRY,2019,1.5837
Paraguay,PRY,2020,1.4941
Paraguay,PRY,2021,1.1769
Paraguay,PRY,2022,1.3997
Paraguay,PRY,2023,1.4282
Peru,PER,1950,2.7686
Peru,PER,1951,2.7921
Peru,PER,1952,2.8097
Peru,PER,1953,2.8295
Peru,PER,1954,2.8485
Peru,PER,1955,2.87
Peru,PER,1956,2.8931
Peru,PER,1957,2.918
Peru,PER,1958,2.9414
Peru,PER,1959,2.9622
Peru,PER,1960,2.9774
Peru,PER,1961,2.9917
Peru,PER,1962,2.9831
Peru,PER,1963,2.9936
Peru,PER,1964,2.9889
Peru,PER,1965,2.9695
Peru,PER,1966,2.9486
Peru,PER,1967,2.9338
Peru,PER,1968,2.9083
Peru,PER,1969,2.8811
Peru,PER,1970,2.3555
Peru,PER,1971,2.8292
Peru,PER,1972,2.7935
Peru,PER,1973,2.7481
Peru,PER,1974,2.7299
Peru,PER,1975,2.7025
Peru,PER,1976,2.6741
Peru,PER,1977,2.6408
Peru,PER,1978,2.6164
Peru,PER,1979,2.5932
Peru,PER,1980,2.5638
Peru,PER,1981,2.546
Peru,PER,1982,2.5271
Peru,PER,1983,2.5114
Peru,PER,1984,2.4927
Peru,PER,1985,2.4882
Peru,PER,1986,2.4691
Peru,PER,1987,2.4401
Peru,PER,1988,2.4148
Peru,PER,1989,2.3785
Peru,PER,1990,2.3404
Peru,PER,1991,2.2855
Peru,PER,1992,2.2427
Peru,PER,1993,2.1943
Peru,PER,1994,2.147
Peru,PER,1995,2.0859
Peru,PER,1996,2.0227
Peru,PER,1997,1.9599
Peru,PER,1998,1.9016
Peru,PER,1999,1.8601
Peru,PER,2000,1.8205
Peru,PER,2001,1.7436
Peru,PER,2002,1.6993
Peru,PER,2003,1.6651
Peru,PER,2004,1.6502
Peru,PER,2005,1.6163
Peru,PER,2006,1.5742
Peru,PER,2007,1.5251
Peru,PER,2008,1.4403
Peru,PER,2009,1.3722
Peru,PER,2010,1.3151
Peru,PER,2011,1.3079
Peru,PER,2012,1.2741
Peru,PER,2013,1.2499
Peru,PER,2014,1.2243
Peru,PER,2015,1.1911
Peru,PER,2016,1.1529
Peru,PER,2017,1.1152
Peru,PER,2018,1.0757
Peru,PER,2019,1.0693
Peru,PER,2020,0.9195
Peru,PER,2021,0.7101
Peru,PER,2022,0.9794
Peru,PER,2023,1.0453
Philippines,PHL,1950,3.2691
Philippines,PHL,1951,3.3207
Philippines,PHL,1952,3.3795
Philippines,PHL,1953,3.4408
Philippines,PHL,1954,3.4897
Philippines,PHL,1955,3.5343
Philippines,PHL,1956,3.5785
Philippines,PHL,1957,3.6107
Philippines,PHL,1958,3.6403
Philippines,PHL,1959,3.6725
Philippines,PHL,1960,3.7144
Philippines,PHL,1961,3.6967
Philippines,PHL,1962,3.6737
Philippines,PHL,1963,3.6401
Philippines,PHL,1964,3.5761
Philippines,PHL,1965,3.5129
Philippines,PHL,1966,3.4402
Philippines,PHL,1967,3.3699
Philippines,PHL,1968,3.289
Philippines,PHL,1969,3.2359
Philippines,PHL,1970,3.1868
Philippines,PHL,1971,3.142
Philippines,PHL,1972,3.0613
Philippines,PHL,1973,2.9937
Philippines,PHL,1974,2.9603
Philippines,PHL,1975,2.9417
Philippines,PHL,1976,2.9126
Philippines,PHL,1977,2.9616
Philippines,PHL,1978,2.9943
Philippines,PHL,1979,2.9783
Philippines,PHL,1980,2.9426
Philippines,PHL,1981,2.9133
Philippines,PHL,1982,2.9308
Philippines,PHL,1983,2.9547
Philippines,PHL,1984,2.9406
Philippines,PHL,1985,2.9233
Philippines,PHL,1986,2.8802
Philippines,PHL,1987,2.8738
Philippines,PHL,1988,2.8581
Philippines,PHL,1989,2.8211
Philippines,PHL,1990,2.7836
Philippines,PHL,1991,2.7681
Philippines,PHL,1992,2.6837
Philippines,PHL,1993,2.6483
Philippines,PHL,1994,2.628
Philippines,PHL,1995,2.618
Philippines,PHL,1996,2.5621
Philippines,PHL,1997,2.5181
Philippines,PHL,1998,2.4678
Philippines,PHL,1999,2.4361
Philippines,PHL,2000,2.3891
Philippines,PHL,2001,2.3724
Philippines,PHL,2002,2.3108
Philippines,PHL,2003,2.2694
Philippines,PHL,2004,2.2273
Philippines,PHL,2005,2.1797
Philippines,PHL,2006,2.19
Philippines,PHL,2007,2.1572
Philippines,PHL,2008,2.1657
Philippines,PHL,2009,2.1461
Philippines,PHL,2010,2.1082
Philippines,PHL,2011,2.0544
Philippines,PHL,2012,1.9761
Philippines,PHL,2013,1.9052
Philippines,PHL,2014,1.7846
Philippines,PHL,2015,1.735
Philippines,PHL,2016,1.6098
Philippines,PHL,2017,1.5006
Philippines,PHL,2018,1.3665
Philippines,PHL,2019,1.2208
Philippines,PHL,2020,1.1186
Philippines,PHL,2021,0.8116
Philippines,PHL,2022,0.9791
Philippines,PHL,2023,0.9783
Poland,POL,1950,1.8226
Poland,POL,1951,1.8708
Poland,POL,1952,1.8305
Poland,POL,1953,1.8618
Poland,POL,1954,1.8592
Poland,POL,1955,1.8727
Poland,POL,1956,1.797
Poland,POL,1957,1.8484
Poland,POL,1958,1.7438
Poland,POL,1959,1.6627
Poland,POL,1960,1.4641
Poland,POL,1961,1.3369
Poland,POL,1962,1.21
Poland,POL,1963,1.1396
Poland,POL,1964,1.0508
Poland,POL,1965,0.9896
Poland,POL,1966,0.9157
Poland,POL,1967,0.8616
Poland,POL,1968,0.8188
Poland,POL,1969,0.8192
Poland,POL,1970,0.8252
Poland,POL,1971,0.877
Poland,POL,1972,0.9102
Poland,POL,1973,0.9784
Poland,POL,1974,1.0102
Poland,POL,1975,1.0413
Poland,POL,1976,1.0725
Poland,POL,1977,1.0258
Poland,POL,1978,1.0094
Poland,POL,1979,1.0236
Poland,POL,1980,1.012
Poland,POL,1981,0.9675
Poland,POL,1982,1.0181
Poland,POL,1983,1.0207
Poland,POL,1984,0.9105
Poland,POL,1985,0.8057
Poland,POL,1986,0.6771
Poland,POL,1987,0.6039
Poland,POL,1988,0.5575
Poland,POL,1989,0.4757
Poland,POL,1990,0.4042
Poland,POL,1991,0.385
Poland,POL,1992,0.3054
Poland,POL,1993,0.2649
Poland,POL,1994,0.2297
Poland,POL,1995,0.1237
Poland,POL,1996,0.104
Poland,POL,1997,0.073
Poland,POL,1998,0.0313
Poland,POL,1999,0.0081
Poland,POL,2000,0.0172
Poland,POL,2001,0.0118
Poland,POL,2002,-0.0191
Poland,POL,2003,-0.0234
Poland,POL,2004,-0.0149
Poland,POL,2005,-0.0015
Poland,POL,2006,0.0128
Poland,POL,2007,0.036
Poland,POL,2008,0.0808
Poland,POL,2009,0.085
Poland,POL,2010,0.1122
Poland,POL,2011,0.0477
Poland,POL,2012,0.0252
Poland,POL,2013,-0.0101
Poland,POL,2014,-0.0062
Poland,POL,2015,-0.0122
Poland,POL,2016,0.0008
Poland,POL,2017,0.0269
Poland,POL,2018,-0.0426
Poland,POL,2019,-0.0564
Poland,POL,2020,-0.2615
Poland,POL,2021,-0.4411
Poland,POL,2022,-0.29
Poland,POL,2023,-0.2435
Portugal,PRT,1950,1.2046
Portugal,PRT,1951,1.2169
Portugal,PRT,1952,1.3045
Portugal,PRT,1953,1.2326
Portugal,PRT,1954,1.2018
Portugal,PRT,1955,1.2786
Portugal,PRT,1956,1.1248
Portugal,PRT,1957,1.2674
Portugal,PRT,1958,1.3905
Portugal,PRT,1959,1.3205
Portugal,PRT,1960,1.3528
Portugal,PRT,1961,1.3381
Portugal,PRT,1962,1.378
Portugal,PRT,1963,1.2731
Portugal,PRT,1964,1.3186
Portugal,PRT,1965,1.2717
Portugal,PRT,1966,1.1918
Portugal,PRT,1967,1.2034
Portugal,PRT,1968,1.1658
Portugal,PRT,1969,1.0588
Portugal,PRT,1970,1.048
Portugal,PRT,1971,0.969
Portugal,PRT,1972,0.9966
Portugal,PRT,1973,0.9018
Portugal,PRT,1974,0.864
Portugal,PRT,1975,0.9199
Portugal,PRT,1976,0.9525
Portugal,PRT,1977,0.9416
Portugal,PRT,1978,0.7898
Portugal,PRT,1979,0.7406
Portugal,PRT,1980,0.6837
Portugal,PRT,1981,0.602
Portugal,PRT,1982,0.6093
Portugal,PRT,1983,0.5056
Portugal,PRT,1984,0.4653
Portugal,PRT,1985,0.3473
Portugal,PRT,1986,0.3179
Portugal,PRT,1987,0.2917
Portugal,PRT,1988,0.2573
Portugal,PRT,1989,0.2503
Portugal,PRT,1990,0.1675
Portugal,PRT,1991,0.1539
Portugal,PRT,1992,0.1682
Portugal,PRT,1993,0.1057
Portugal,PRT,1994,0.1242
Portugal,PRT,1995,0.0634
Portugal,PRT,1996,0.0578
Portugal,PRT,1997,0.1031
Portugal,PRT,1998,0.0951
Portugal,PRT,1999,0.1031
Portugal,PRT,2000,0.1554
Portugal,PRT,2001,0.0977
Portugal,PRT,2002,0.0921
Portugal,PRT,2003,0.0564
Portugal,PRT,2004,0.0927
Portugal,PRT,2005,0.0383
Portugal,PRT,2006,0.0564
Portugal,PRT,2007,0.0158
Portugal,PRT,2008,0.0217
Portugal,PRT,2009,-0.0182
Portugal,PRT,2010,-0.0207
Portugal,PRT,2011,-0.0369
Portugal,PRT,2012,-0.1457
Portugal,PRT,2013,-0.2003
Portugal,PRT,2014,-0.1965
Portugal,PRT,2015,-0.2099
Portugal,PRT,2016,-0.213
Portugal,PRT,2017,-0.2151
Portugal,PRT,2018,-0.2445
Portugal,PRT,2019,-0.2374
Portugal,PRT,2020,-0.3657
Portugal,PRT,2021,-0.4319
Portugal,PRT,2022,-0.3955
Portugal,PRT,2023,-0.2806
Puerto Rico,PRI,1950,2.8877
Puerto Rico,PRI,1951,2.7707
Puerto Rico,PRI,1952,2.6794
Puerto Rico,PRI,1953,2.6859
Puerto Rico,PRI,1954,2.7116
Puerto Rico,PRI,1955,2.7124
Puerto Rico,PRI,1956,2.7016
Puerto Rico,PRI,1957,2.6178
Puerto Rico,PRI,1958,2.6026
Puerto Rico,PRI,1959,2.5578
Puerto Rico,PRI,1960,2.5529
Puerto Rico,PRI,1961,2.4471
Puerto Rico,PRI,1962,2.4511
Puerto Rico,PRI,1963,2.4261
Puerto Rico,PRI,1964,2.3855
Puerto Rico,PRI,1965,2.3994
Puerto Rico,PRI,1966,2.1741
Puerto Rico,PRI,1967,2.0533
Puerto Rico,PRI,1968,1.8931
Puerto Rico,PRI,1969,1.817
Puerto Rico,PRI,1970,1.7363
Puerto Rico,PRI,1971,1.835
Puerto Rico,PRI,1972,1.706
Puerto Rico,PRI,1973,1.6611
Puerto Rico,PRI,1974,1.6739
Puerto Rico,PRI,1975,1.6588
Puerto Rico,PRI,1976,1.7156
Puerto Rico,PRI,1977,1.7505
Puerto Rico,PRI,1978,1.7031
Puerto Rico,PRI,1979,1.6238
Puerto Rico,PRI,1980,1.565
Puerto Rico,PRI,1981,1.4726
Puerto Rico,PRI,1982,1.3814
Puerto Rico,PRI,1983,1.2768
Puerto Rico,PRI,1984,1.1845
Puerto Rico,PRI,1985,1.1344
Puerto Rico,PRI,1986,1.1807
Puerto Rico,PRI,1987,1.1399
Puerto Rico,PRI,1988,1.0975
Puerto Rico,PRI,1989,1.1015
Puerto Rico,PRI,1990,1.0926
Puerto Rico,PRI,1991,1.0705
Puerto Rico,PRI,1992,1.0049
Puerto Rico,PRI,1993,0.9844
Puerto Rico,PRI,1994,0.9421
Puerto Rico,PRI,1995,0.8883
Puerto Rico,PRI,1996,0.8705
Puerto Rico,PRI,1997,0.8945
Puerto Rico,PRI,1998,0.7722
Puerto Rico,PRI,1999,0.7363
Puerto Rico,PRI,2000,0.7045
Puerto Rico,PRI,2001,0.6229
Puerto Rico,PRI,2002,0.5728
Puerto Rico,PRI,2003,0.5006
Puerto Rico,PRI,2004,0.469
Puerto Rico,PRI,2005,0.41
Puerto Rico,PRI,2006,0.3893
Puerto Rico,PRI,2007,0.3003
Puerto Rico,PRI,2008,0.194
Puerto Rico,PRI,2009,0.1362
Puerto Rico,PRI,2010,0.1178
Puerto Rico,PRI,2011,0.078
Puerto Rico,PRI,2012,0.0602
Puerto Rico,PRI,2013,0.0625
Puerto Rico,PRI,2014,-0.0134
Puerto Rico,PRI,2015,-0.0508
Puerto Rico,PRI,2016,-0.1633
Puerto Rico,PRI,2017,-0.3368
Puerto Rico,PRI,2018,-0.3817
Puerto Rico,PRI,2019,-0.3784
Puerto Rico,PRI,2020,-0.4646
Puerto Rico,PRI,2021,-0.4657
Puerto Rico,PRI,2022,-0.5744
Puerto Rico,PRI,2023,-0.4877
Qatar,QAT,1950,3.1732
Qatar,QAT,1951,3.186
Qatar,QAT,1952,3.2072
Qatar,QAT,1953,3.2188
Qatar,QAT,1954,3.2434
Qatar,QAT,1955,3.2578
Qatar,QAT,1956,3.2805
Qatar,QAT,1957,3.2999
Qatar,QAT,1958,3.3253
Qatar,QAT,1959,3.3555
Qatar,QAT,1960,3.3865
Qatar,QAT,1961,3.4193
Qatar,QAT,1962,3.5617
Qatar,QAT,1963,3.6811
Qatar,QAT,1964,3.7803
Qatar,QAT,1965,3.8583
Qatar,QAT,1966,3.8947
Qatar,QAT,1967,3.888
Qatar,QAT,1968,3.8661
Qatar,QAT,1969,3.8254
Qatar,QAT,1970,3.7351
Qatar,QAT,1971,3.3751
Qatar,QAT,1972,3.1268
Qatar,QAT,1973,2.9537
Qatar,QAT,1974,2.8275
Qatar,QAT,1975,2.7394
Qatar,QAT,1976,2.6776
Qatar,QAT,1977,2.6297
Qatar,QAT,1978,2.5827
Qatar,QAT,1979,2.5436
Qatar,QAT,1980,2.4987
Qatar,QAT,1981,2.4532
Qatar,QAT,1982,2.4039
Qatar,QAT,1983,2.3553
Qatar,QAT,1984,2.2988
Qatar,QAT,1985,2.2441
Qatar,QAT,1986,2.2067
Qatar,QAT,1987,2.2181
Qatar,QAT,1988,2.2365
Qatar,QAT,1989,2.21
Qatar,QAT,1990,2.1329
Qatar,QAT,1991,2.0188
Qatar,QAT,1992,1.9566
Qatar,QAT,1993,1.9091
Qatar,QAT,1994,1.8533
Qatar,QAT,1995,1.7861
Qatar,QAT,1996,1.7106
Qatar,QAT,1997,1.607
Qatar,QAT,1998,1.5598
Qatar,QAT,1999,1.5398
Qatar,QAT,2000,1.5464
Qatar,QAT,2001,1.5759
Qatar,QAT,2002,1.5554
Qatar,QAT,2003,1.5163
Qatar,QAT,2004,1.4537
Qatar,QAT,2005,1.3802
Qatar,QAT,2006,1.0511
Qatar,QAT,2007,0.9392
Qatar,QAT,2008,0.9855
Qatar,QAT,2009,0.9693
Qatar,QAT,2010,1.0035
Qatar,QAT,2011,1.0182
Qatar,QAT,2012,1.0265
Qatar,QAT,2013,1.0263
Qatar,QAT,2014,1.0084
Qatar,QAT,2015,0.9626
Qatar,QAT,2016,0.9049
Qatar,QAT,2017,0.913
Qatar,QAT,2018,0.9044
Qatar,QAT,2019,0.9138
Qatar,QAT,2020,0.8993
Qatar,QAT,2021,0.8502
Qatar,QAT,2022,0.9167
Qatar,QAT,2023,0.8978
Reunion,REU,1950,3.0674
Reunion,REU,1951,3.1093
Reunion,REU,1952,3.1409
Reunion,REU,1953,3.1876
Reunion,REU,1954,3.1491
Reunion,REU,1955,3.2092
Reunion,REU,1956,3.1246
Reunion,REU,1957,3.0557
Reunion,REU,1958,2.8492
Reunion,REU,1959,2.8505
Reunion,REU,1960,2.9277
Reunion,REU,1961,2.9448
Reunion,REU,1962,3.0314
Reunion,REU,1963,3.0821
Reunion,REU,1964,3.0251
Reunion,REU,1965,3.0429
Reunion,REU,1966,2.9712
Reunion,REU,1967,2.8444
Reunion,REU,1968,2.7654
Reunion,REU,1969,2.5897
Reunion,REU,1970,2.2136
Reunion,REU,1971,2.1369
Reunion,REU,1972,2.1495
Reunion,REU,1973,2.1597
Reunion,REU,1974,2.183
Reunion,REU,1975,2.1917
Reunion,REU,1976,2.1525
Reunion,REU,1977,2.1075
Reunion,REU,1978,2.0456
Reunion,REU,1979,1.9516
Reunion,REU,1980,1.7851
Reunion,REU,1981,1.8594
Reunion,REU,1982,1.6409
Reunion,REU,1983,1.6634
Reunion,REU,1984,1.7043
Reunion,REU,1985,1.6414
Reunion,REU,1986,1.5304
Reunion,REU,1987,1.4948
Reunion,REU,1988,1.4661
Reunion,REU,1989,1.4637
Reunion,REU,1990,1.5648
Reunion,REU,1991,1.4959
Reunion,REU,1992,1.4632
Reunion,REU,1993,1.3303
Reunion,REU,1994,1.2776
Reunion,REU,1995,1.2292
Reunion,REU,1996,1.2135
Reunion,REU,1997,1.2725
Reunion,REU,1998,1.2609
Reunion,REU,1999,1.2908
Reunion,REU,2000,1.4267
Reunion,REU,2001,1.4053
Reunion,REU,2002,1.3847
Reunion,REU,2003,1.4087
Reunion,REU,2004,1.4318
Reunion,REU,2005,1.4622
Reunion,REU,2006,1.3956
Reunion,REU,2007,1.3903
Reunion,REU,2008,1.3936
Reunion,REU,2009,1.3192
Reunion,REU,2010,1.1773
Reunion,REU,2011,1.1715
Reunion,REU,2012,1.1905
Reunion,REU,2013,1.1507
Reunion,REU,2014,1.1167
Reunion,REU,2015,1.0679
Reunion,REU,2016,1.043
Reunion,REU,2017,1.0047
Reunion,REU,2018,0.8873
Reunion,REU,2019,0.8407
Reunion,REU,2020,0.8323
Reunion,REU,2021,0.7768
Reunion,REU,2022,0.7498
Reunion,REU,2023,0.8237
Romania,ROU,1950,1.3563
Romania,ROU,1951,1.3717
Romania,ROU,1952,1.3808
Romania,ROU,1953,1.3965
Romania,ROU,1954,1.4193
Romania,ROU,1955,1.4236
Romania,ROU,1956,1.3386
Romania,ROU,1957,1.2274
Romania,ROU,1958,1.1353
Romania,ROU,1959,1.0279
Romania,ROU,1960,0.9539
Romania,ROU,1961,0.8325
Romania,ROU,1962,0.7333
Romania,ROU,1963,0.6994
Romania,ROU,1964,0.6621
Romania,ROU,1965,0.597
Romania,ROU,1966,0.5357
Romania,ROU,1967,1.7485
Romania,ROU,1968,1.6628
Romania,ROU,1969,1.2747
Romania,ROU,1970,1.108
Romania,ROU,1971,0.9637
Romania,ROU,1972,0.9351
Romania,ROU,1973,0.8304
Romania,ROU,1974,1.1047
Romania,ROU,1975,1.0383
Romania,ROU,1976,0.9793
Romania,ROU,1977,0.9394
Romania,ROU,1978,0.8756
Romania,ROU,1979,0.7841
Romania,ROU,1980,0.6496
Romania,ROU,1981,0.5821
Romania,ROU,1982,0.4436
Romania,ROU,1983,0.3202
Romania,ROU,1984,0.4402
Romania,ROU,1985,0.4299
Romania,ROU,1986,0.5258
Romania,ROU,1987,0.5091
Romania,ROU,1988,0.5069
Romania,ROU,1989,0.4873
Romania,ROU,1990,0.2802
Romania,ROU,1991,0.1155
Romania,ROU,1992,0.0152
Romania,ROU,1993,-0.0311
Romania,ROU,1994,-0.0667
Romania,ROU,1995,-0.1405
Romania,ROU,1996,-0.245
Romania,ROU,1997,-0.2055
Romania,ROU,1998,-0.1663
Romania,ROU,1999,-0.1645
Romania,ROU,2000,-0.1284
Romania,ROU,2001,-0.1861
Romania,ROU,2002,-0.2815
Romania,ROU,2003,-0.3617
Romania,ROU,2004,-0.3635
Romania,ROU,2005,-0.2511
Romania,ROU,2006,-0.181
Romania,ROU,2007,-0.125
Romania,ROU,2008,-0.0021
Romania,ROU,2009,-0.0044
Romania,ROU,2010,-0.1345
Romania,ROU,2011,-0.2392
Romania,ROU,2012,-0.289
Romania,ROU,2013,-0.3007
Romania,ROU,2014,-0.2946
Romania,ROU,2015,-0.3236
Romania,ROU,2016,-0.2772
Romania,ROU,2017,-0.2759
Romania,ROU,2018,-0.3196
Romania,ROU,2019,-0.3543
Romania,ROU,2020,-0.5566
Romania,ROU,2021,-0.7779
Romania,ROU,2022,-0.4402
Romania,ROU,2023,-0.3845
Russia,RUS,1950,1.4717
Russia,RUS,1951,1.4665
Russia,RUS,1952,1.5412
Russia,RUS,1953,1.5545
Russia,RUS,1954,1.5963
Russia,RUS,1955,1.6267
Russia,RUS,1956,1.7433
Russia,RUS,1957,1.6787
Russia,RUS,1958,1.7208
Russia,RUS,1959,1.6528
Russia,RUS,1960,1.6371
Russia,RUS,1961,1.4934
Russia,RUS,1962,1.2837
Russia,RUS,1963,1.1585
Russia,RUS,1964,0.9841
Russia,RUS,1965,0.8358
Russia,RUS,1966,0.7761
Russia,RUS,1967,0.6666
Russia,RUS,1968,0.6109
Russia,RUS,1969,0.5808
Russia,RUS,1970,0.6024
Russia,RUS,1971,0.6519
Russia,RUS,1972,0.6611
Russia,RUS,1973,0.6381
Russia,RUS,1974,0.6619
Russia,RUS,1975,0.6288
Russia,RUS,1976,0.6306
Russia,RUS,1977,0.612
Russia,RUS,1978,0.593
Russia,RUS,1979,0.5511
Russia,RUS,1980,0.5399
Russia,RUS,1981,0.5472
Russia,RUS,1982,0.6315
Russia,RUS,1983,0.6889
Russia,RUS,1984,0.5932
Russia,RUS,1985,0.5834
Russia,RUS,1986,0.7424
Russia,RUS,1987,0.7149
Russia,RUS,1988,0.5727
Russia,RUS,1989,0.4259
Russia,RUS,1990,0.2514
Russia,RUS,1991,0.0923
Russia,RUS,1992,-0.1335
Russia,RUS,1993,-0.4995
Russia,RUS,1994,-0.6126
Russia,RUS,1995,-0.611
Russia,RUS,1996,-0.5529
Russia,RUS,1997,-0.5218
Russia,RUS,1998,-0.4975
Russia,RUS,1999,-0.6494
Russia,RUS,2000,-0.6939
Russia,RUS,2001,-0.6795
Russia,RUS,2002,-0.6723
Russia,RUS,2003,-0.6345
Russia,RUS,2004,-0.5659
Russia,RUS,2005,-0.6002
Russia,RUS,2006,-0.4815
Russia,RUS,2007,-0.3244
Russia,RUS,2008,-0.2474
Russia,RUS,2009,-0.1673
Russia,RUS,2010,-0.199
Russia,RUS,2011,-0.0777
Russia,RUS,2012,0.0078
Russia,RUS,2013,0.0271
Russia,RUS,2014,0.0341
Russia,RUS,2015,0.0448
Russia,RUS,2016,0.0306
Russia,RUS,2017,-0.0497
Russia,RUS,2018,-0.1211
Russia,RUS,2019,-0.2003
Russia,RUS,2020,-0.4788
Russia,RUS,2021,-0.6979
Russia,RUS,2022,-0.3946
Russia,RUS,2023,-0.3422
Rwanda,RWA,1950,3.5715
Rwanda,RWA,1951,3.5189
Rwanda,RWA,1952,3.4957
Rwanda,RWA,1953,3.4784
Rwanda,RWA,1954,3.459
Rwanda,RWA,1955,3.4287
Rwanda,RWA,1956,3.4115
Rwanda,RWA,1957,3.4007
Rwanda,RWA,1958,3.3823
Rwanda,RWA,1959,3.3635
Rwanda,RWA,1960,3.3295
Rwanda,RWA,1961,3.2848
Rwanda,RWA,1962,3.2187
Rwanda,RWA,1963,2.8935
Rwanda,RWA,1964,3.0755
Rwanda,RWA,1965,3.0212
Rwanda,RWA,1966,2.9852
Rwanda,RWA,1967,2.977
Rwanda,RWA,1968,2.976
Rwanda,RWA,1969,2.9885
Rwanda,RWA,1970,2.9963
Rwanda,RWA,1971,2.9894
Rwanda,RWA,1972,2.9951
Rwanda,RWA,1973,3.0154
Rwanda,RWA,1974,3.0339
Rwanda,RWA,1975,3.0513
Rwanda,RWA,1976,3.1114
Rwanda,RWA,1977,3.1711
Rwanda,RWA,1978,3.2527
Rwanda,RWA,1979,3.3621
Rwanda,RWA,1980,3.4556
Rwanda,RWA,1981,3.5419
Rwanda,RWA,1982,3.5918
Rwanda,RWA,1983,3.6027
Rwanda,RWA,1984,3.5912
Rwanda,RWA,1985,3.5426
Rwanda,RWA,1986,3.4527
Rwanda,RWA,1987,3.3446
Rwanda,RWA,1988,3.2112
Rwanda,RWA,1989,3.0291
Rwanda,RWA,1990,2.8188
Rwanda,RWA,1991,2.6097
Rwanda,RWA,1992,2.4472
Rwanda,RWA,1993,2.3045
Rwanda,RWA,1994,-10.5925
Rwanda,RWA,1995,2.1349
Rwanda,RWA,1996,2.0936
Rwanda,RWA,1997,2.2525
Rwanda,RWA,1998,2.4399
Rwanda,RWA,1999,2.5837
Rwanda,RWA,2000,2.6939
Rwanda,RWA,2001,2.7856
Rwanda,RWA,2002,2.8456
Rwanda,RWA,2003,2.9259
Rwanda,RWA,2004,3.0087
Rwanda,RWA,2005,3.0385
Rwanda,RWA,2006,3.0341
Rwanda,RWA,2007,2.9926
Rwanda,RWA,2008,2.9307
Rwanda,RWA,2009,2.8531
Rwanda,RWA,2010,2.7802
Rwanda,RWA,2011,2.6757
Rwanda,RWA,2012,2.6093
Rwanda,RWA,2013,2.5811
Rwanda,RWA,2014,2.5762
Rwanda,RWA,2015,2.5697
Rwanda,RWA,2016,2.5635
Rwanda,RWA,2017,2.5432
Rwanda,RWA,2018,2.5025
Rwanda,RWA,2019,2.454
Rwanda,RWA,2020,2.3932
Rwanda,RWA,2021,2.3204
Rwanda,RWA,2022,2.2866
Rwanda,RWA,2023,2.2413
Saint Barthelemy,BLM,1950,0.8787
Saint Barthelemy,BLM,1951,0.9599
Saint Barthelemy,BLM,1952,1.0496
Saint Barthelemy,BLM,1953,1.0622
Saint Barthelemy,BLM,1954,1.054
Saint Barthelemy,BLM,1955,1.0108
Saint Barthelemy,BLM,1956,1.0184
Saint Barthelemy,BLM,1957,1.0298
Saint Barthelemy,BLM,1958,1.0463
Saint Barthelemy,BLM,1959,1.0789
Saint Barthelemy,BLM,1960,1.0987
Saint Barthelemy,BLM,1961,1.147
Saint Barthelemy,BLM,1962,1.1956
Saint Barthelemy,BLM,1963,1.2138
Saint Barthelemy,BLM,1964,1.2562
Saint Barthelemy,BLM,1965,1.2998
Saint Barthelemy,BLM,1966,1.3281
Saint Barthelemy,BLM,1967,1.2918
Saint Barthelemy,BLM,1968,1.2487
Saint Barthelemy,BLM,1969,1.1842
Saint Barthelemy,BLM,1970,1.1106
Saint Barthelemy,BLM,1971,1.0448
Saint Barthelemy,BLM,1972,0.9943
Saint Barthelemy,BLM,1973,0.9405
Saint Barthelemy,BLM,1974,0.8779
Saint Barthelemy,BLM,1975,0.7902
Saint Barthelemy,BLM,1976,0.7164
Saint Barthelemy,BLM,1977,0.6918
Saint Barthelemy,BLM,1978,0.7358
Saint Barthelemy,BLM,1979,0.8242
Saint Barthelemy,BLM,1980,0.9526
Saint Barthelemy,BLM,1981,1.0964
Saint Barthelemy,BLM,1982,1.1625
Saint Barthelemy,BLM,1983,1.303
Saint Barthelemy,BLM,1984,1.3973
Saint Barthelemy,BLM,1985,1.4543
Saint Barthelemy,BLM,1986,1.4893
Saint Barthelemy,BLM,1987,1.486
Saint Barthelemy,BLM,1988,1.4518
Saint Barthelemy,BLM,1989,1.4031
Saint Barthelemy,BLM,1990,1.355
Saint Barthelemy,BLM,1991,1.233
Saint Barthelemy,BLM,1992,1.1356
Saint Barthelemy,BLM,1993,1.0501
Saint Barthelemy,BLM,1994,0.9806
Saint Barthelemy,BLM,1995,0.9195
Saint Barthelemy,BLM,1996,0.8619
Saint Barthelemy,BLM,1997,0.8094
Saint Barthelemy,BLM,1998,0.7647
Saint Barthelemy,BLM,1999,0.7336
Saint Barthelemy,BLM,2000,0.7247
Saint Barthelemy,BLM,2001,0.711
Saint Barthelemy,BLM,2002,0.6882
Saint Barthelemy,BLM,2003,0.6595
Saint Barthelemy,BLM,2004,0.6424
Saint Barthelemy,BLM,2005,0.6236
Saint Barthelemy,BLM,2006,0.5977
Saint Barthelemy,BLM,2007,0.5667
Saint Barthelemy,BLM,2008,0.5259
Saint Barthelemy,BLM,2009,0.4828
Saint Barthelemy,BLM,2010,0.4524
Saint Barthelemy,BLM,2011,0.4393
Saint Barthelemy,BLM,2012,0.4452
Saint Barthelemy,BLM,2013,0.3444
Saint Barthelemy,BLM,2014,0.2473
Saint Barthelemy,BLM,2015,0.3429
Saint Barthelemy,BLM,2016,0.2963
Saint Barthelemy,BLM,2017,0.1567
Saint Barthelemy,BLM,2018,0.1421
Saint Barthelemy,BLM,2019,0.11
Saint Barthelemy,BLM,2020,-0.0099
Saint Barthelemy,BLM,2021,-0.1521
Saint Barthelemy,BLM,2022,-0.1488
Saint Barthelemy,BLM,2023,-0.1539
Saint Helena,SHN,1950,2.6086
Saint Helena,SHN,1951,2.5478
Saint Helena,SHN,1952,2.4728
Saint Helena,SHN,1953,2.3899
Saint Helena,SHN,1954,2.2984
Saint Helena,SHN,1955,2.2214
Saint Helena,SHN,1956,2.1034
Saint Helena,SHN,1957,1.998
Saint Helena,SHN,1958,2.0433
Saint Helena,SHN,1959,2.0974
Saint Helena,SHN,1960,2.1399
Saint Helena,SHN,1961,2.1672
Saint Helena,SHN,1962,2.1774
Saint Helena,SHN,1963,2.1545
Saint Helena,SHN,1964,2.1099
Saint Helena,SHN,1965,2.0638
Saint Helena,SHN,1966,1.9974
Saint Helena,SHN,1967,1.9872
Saint Helena,SHN,1968,2.0668
Saint Helena,SHN,1969,2.1101
Saint Helena,SHN,1970,1.9996
Saint Helena,SHN,1971,1.8142
Saint Helena,SHN,1972,1.6717
Saint Helena,SHN,1973,1.5783
Saint Helena,SHN,1974,1.5294
Saint Helena,SHN,1975,1.4727
Saint Helena,SHN,1976,1.3763
Saint Helena,SHN,1977,1.3058
Saint Helena,SHN,1978,1.2874
Saint Helena,SHN,1979,1.3007
Saint Helena,SHN,1980,1.334
Saint Helena,SHN,1981,1.3911
Saint Helena,SHN,1982,1.3899
Saint Helena,SHN,1983,1.3195
Saint Helena,SHN,1984,1.2255
Saint Helena,SHN,1985,1.1411
Saint Helena,SHN,1986,1.0941
Saint Helena,SHN,1987,1.0449
Saint Helena,SHN,1988,1.0468
Saint Helena,SHN,1989,1.0343
Saint Helena,SHN,1990,0.9895
Saint Helena,SHN,1991,0.9275
Saint Helena,SHN,1992,0.874
Saint Helena,SHN,1993,0.7888
Saint Helena,SHN,1994,0.6925
Saint Helena,SHN,1995,0.6333
Saint Helena,SHN,1996,0.5464
Saint Helena,SHN,1997,0.4888
Saint Helena,SHN,1998,0.4528
Saint Helena,SHN,1999,0.4514
Saint Helena,SHN,2000,0.3749
Saint Helena,SHN,2001,0.3239
Saint Helena,SHN,2002,0.2244
Saint Helena,SHN,2003,0.1787
Saint Helena,SHN,2004,0.1458
Saint Helena,SHN,2005,0.055
Saint Helena,SHN,2006,-0.069
Saint Helena,SHN,2007,-0.2662
Saint Helena,SHN,2008,-0.3674
Saint Helena,SHN,2009,-0.3468
Saint Helena,SHN,2010,-0.3026
Saint Helena,SHN,2011,-0.3098
Saint Helena,SHN,2012,-0.3473
Saint Helena,SHN,2013,-0.3655
Saint Helena,SHN,2014,-0.4519
Saint Helena,SHN,2015,-0.5204
Saint Helena,SHN,2016,-0.4979
Saint Helena,SHN,2017,-0.49
Saint Helena,SHN,2018,-0.5672
Saint Helena,SHN,2019,-0.6325
Saint Helena,SHN,2020,-0.7138
Saint Helena,SHN,2021,-0.8474
Saint Helena,SHN,2022,-0.8993
Saint Helena,SHN,2023,-0.9495
Saint Kitts and Nevis,KNA,1950,3.4002
Saint Kitts and Nevis,KNA,1951,3.3086
Saint Kitts and Nevis,KNA,1952,3.2501
Saint Kitts and Nevis,KNA,1953,3.1994
Saint Kitts and Nevis,KNA,1954,3.1632
Saint Kitts and Nevis,KNA,1955,3.0838
Saint Kitts and Nevis,KNA,1956,3.1025
Saint Kitts and Nevis,KNA,1957,3.1705
Saint Kitts and Nevis,KNA,1958,3.162
Saint Kitts and Nevis,KNA,1959,2.9945
Saint Kitts and Nevis,KNA,1960,2.7997
Saint Kitts and Nevis,KNA,1961,2.6493
Saint Kitts and Nevis,KNA,1962,2.5199
Saint Kitts and Nevis,KNA,1963,2.5437
Saint Kitts and Nevis,KNA,1964,2.4949
Saint Kitts and Nevis,KNA,1965,2.4015
Saint Kitts and Nevis,KNA,1966,2.2111
Saint Kitts and Nevis,KNA,1967,1.9562
Saint Kitts and Nevis,KNA,1968,1.7186
Saint Kitts and Nevis,KNA,1969,1.5466
Saint Kitts and Nevis,KNA,1970,1.3702
Saint Kitts and Nevis,KNA,1971,1.3917
Saint Kitts and Nevis,KNA,1972,1.4054
Saint Kitts and Nevis,KNA,1973,1.4715
Saint Kitts and Nevis,KNA,1974,1.532
Saint Kitts and Nevis,KNA,1975,1.5783
Saint Kitts and Nevis,KNA,1976,1.6165
Saint Kitts and Nevis,KNA,1977,1.6074
Saint Kitts and Nevis,KNA,1978,1.5151
Saint Kitts and Nevis,KNA,1979,1.4935
Saint Kitts and Nevis,KNA,1980,1.5224
Saint Kitts and Nevis,KNA,1981,1.6015
Saint Kitts and Nevis,KNA,1982,1.5802
Saint Kitts and Nevis,KNA,1983,1.5689
Saint Kitts and Nevis,KNA,1984,1.4192
Saint Kitts and Nevis,KNA,1985,1.372
Saint Kitts and Nevis,KNA,1986,1.2487
Saint Kitts and Nevis,KNA,1987,1.1754
Saint Kitts and Nevis,KNA,1988,1.1464
Saint Kitts and Nevis,KNA,1989,1.1687
Saint Kitts and Nevis,KNA,1990,1.1641
Saint Kitts and Nevis,KNA,1991,1.0193
Saint Kitts and Nevis,KNA,1992,0.907
Saint Kitts and Nevis,KNA,1993,0.9038
Saint Kitts and Nevis,KNA,1994,0.8848
Saint Kitts and Nevis,KNA,1995,0.9031
Saint Kitts and Nevis,KNA,1996,0.8847
Saint Kitts and Nevis,KNA,1997,0.9336
Saint Kitts and Nevis,KNA,1998,0.9421
Saint Kitts and Nevis,KNA,1999,0.9263
Saint Kitts and Nevis,KNA,2000,0.8313
Saint Kitts and Nevis,KNA,2001,0.8064
Saint Kitts and Nevis,KNA,2002,0.7938
Saint Kitts and Nevis,KNA,2003,0.7987
Saint Kitts and Nevis,KNA,2004,0.7889
Saint Kitts and Nevis,KNA,2005,0.7769
Saint Kitts and Nevis,KNA,2006,0.7608
Saint Kitts and Nevis,KNA,2007,0.7306
Saint Kitts and Nevis,KNA,2008,0.6876
Saint Kitts and Nevis,KNA,2009,0.6413
Saint Kitts and Nevis,KNA,2010,0.5838
Saint Kitts and Nevis,KNA,2011,0.5333
Saint Kitts and Nevis,KNA,2012,0.5238
Saint Kitts and Nevis,KNA,2013,0.4826
Saint Kitts and Nevis,KNA,2014,0.4521
Saint Kitts and Nevis,KNA,2015,0.4186
Saint Kitts and Nevis,KNA,2016,0.3943
Saint Kitts and Nevis,KNA,2017,0.3591
Saint Kitts and Nevis,KNA,2018,0.3192
Saint Kitts and Nevis,KNA,2019,0.2875
Saint Kitts and Nevis,KNA,2020,0.2083
Saint Kitts and Nevis,KNA,2021,-0.0415
Saint Kitts and Nevis,KNA,2022,0.03
Saint Kitts and Nevis,KNA,2023,0.1782
Saint Lucia,LCA,1950,2.8203
Saint Lucia,LCA,1951,2.8979
Saint Lucia,LCA,1952,3.044
Saint Lucia,LCA,1953,2.8307
Saint Lucia,LCA,1954,2.9756
Saint Lucia,LCA,1955,3.1345
Saint Lucia,LCA,1956,3.2367
Saint Lucia,LCA,1957,3.3255
Saint Lucia,LCA,1958,3.4191
Saint Lucia,LCA,1959,3.4757
Saint Lucia,LCA,1960,3.4579
Saint Lucia,LCA,1961,3.3934
Saint Lucia,LCA,1962,3.305
Saint Lucia,LCA,1963,3.1907
Saint Lucia,LCA,1964,3.1859
Saint Lucia,LCA,1965,3.1212
Saint Lucia,LCA,1966,3.0752
Saint Lucia,LCA,1967,3.1283
Saint Lucia,LCA,1968,3.1335
Saint Lucia,LCA,1969,3.0851
Saint Lucia,LCA,1970,2.9981
Saint Lucia,LCA,1971,2.9132
Saint Lucia,LCA,1972,2.8565
Saint Lucia,LCA,1973,2.8215
Saint Lucia,LCA,1974,2.847
Saint Lucia,LCA,1975,2.8227
Saint Lucia,LCA,1976,2.8155
Saint Lucia,LCA,1977,2.8385
Saint Lucia,LCA,1978,2.8835
Saint Lucia,LCA,1979,2.8089
Saint Lucia,LCA,1980,2.7454
Saint Lucia,LCA,1981,2.7284
Saint Lucia,LCA,1982,2.7304
Saint Lucia,LCA,1983,2.7538
Saint Lucia,LCA,1984,2.7751
Saint Lucia,LCA,1985,2.7802
Saint Lucia,LCA,1986,2.6638
Saint Lucia,LCA,1987,2.5151
Saint Lucia,LCA,1988,2.3919
Saint Lucia,LCA,1989,2.3043
Saint Lucia,LCA,1990,2.2203
Saint Lucia,LCA,1991,2.1563
Saint Lucia,LCA,1992,2.1044
Saint Lucia,LCA,1993,2.0171
Saint Lucia,LCA,1994,2.04
Saint Lucia,LCA,1995,2.0365
Saint Lucia,LCA,1996,1.7609
Saint Lucia,LCA,1997,1.7752
Saint Lucia,LCA,1998,1.4835
Saint Lucia,LCA,1999,1.5249
Saint Lucia,LCA,2000,1.2402
Saint Lucia,LCA,2001,1.1608
Saint Lucia,LCA,2002,1.0975
Saint Lucia,LCA,2003,1.0398
Saint Lucia,LCA,2004,0.9832
Saint Lucia,LCA,2005,0.9385
Saint Lucia,LCA,2006,0.9069
Saint Lucia,LCA,2007,0.8477
Saint Lucia,LCA,2008,0.8106
Saint Lucia,LCA,2009,0.7944
Saint Lucia,LCA,2010,0.6882
Saint Lucia,LCA,2011,0.5434
Saint Lucia,LCA,2012,0.5305
Saint Lucia,LCA,2013,0.515
Saint Lucia,LCA,2014,0.4893
Saint Lucia,LCA,2015,0.4807
Saint Lucia,LCA,2016,0.4369
Saint Lucia,LCA,2017,0.4109
Saint Lucia,LCA,2018,0.3921
Saint Lucia,LCA,2019,0.3428
Saint Lucia,LCA,2020,0.3157
Saint Lucia,LCA,2021,-0.0082
Saint Lucia,LCA,2022,0.2962
Saint Lucia,LCA,2023,0.2648
Saint Martin (French part),MAF,1950,3.9145
Saint Martin (French part),MAF,1951,3.8073
Saint Martin (French part),MAF,1952,3.7114
Saint Martin (French part),MAF,1953,3.6394
Saint Martin (French part),MAF,1954,3.5743
Saint Martin (French part),MAF,1955,3.5206
Saint Martin (French part),MAF,1956,3.4706
Saint Martin (French part),MAF,1957,3.4278
Saint Martin (French part),MAF,1958,3.3891
Saint Martin (French part),MAF,1959,3.3434
Saint Martin (French part),MAF,1960,3.2918
Saint Martin (French part),MAF,1961,3.264
Saint Martin (French part),MAF,1962,3.2238
Saint Martin (French part),MAF,1963,3.1956
Saint Martin (French part),MAF,1964,3.1792
Saint Martin (French part),MAF,1965,3.1655
Saint Martin (French part),MAF,1966,3.2106
Saint Martin (French part),MAF,1967,3.3072
Saint Martin (French part),MAF,1968,3.4646
Saint Martin (French part),MAF,1969,3.4209
Saint Martin (French part),MAF,1970,3.3767
Saint Martin (French part),MAF,1971,3.33
Saint Martin (French part),MAF,1972,3.2871
Saint Martin (French part),MAF,1973,3.2095
Saint Martin (French part),MAF,1974,3.0993
Saint Martin (French part),MAF,1975,2.9948
Saint Martin (French part),MAF,1976,3.0244
Saint Martin (French part),MAF,1977,3.0186
Saint Martin (French part),MAF,1978,2.9799
Saint Martin (French part),MAF,1979,2.9349
Saint Martin (French part),MAF,1980,2.8394
Saint Martin (French part),MAF,1981,2.6989
Saint Martin (French part),MAF,1982,2.3054
Saint Martin (French part),MAF,1983,2.4168
Saint Martin (French part),MAF,1984,2.6005
Saint Martin (French part),MAF,1985,2.7275
Saint Martin (French part),MAF,1986,2.8158
Saint Martin (French part),MAF,1987,2.9028
Saint Martin (French part),MAF,1988,2.9366
Saint Martin (French part),MAF,1989,2.9128
Saint Martin (French part),MAF,1990,2.9401
Saint Martin (French part),MAF,1991,2.8001
Saint Martin (French part),MAF,1992,2.6472
Saint Martin (French part),MAF,1993,2.5208
Saint Martin (French part),MAF,1994,2.4269
Saint Martin (French part),MAF,1995,2.3605
Saint Martin (French part),MAF,1996,2.3119
Saint Martin (French part),MAF,1997,2.2898
Saint Martin (French part),MAF,1998,2.2919
Saint Martin (French part),MAF,1999,2.2636
Saint Martin (French part),MAF,2000,2.2379
Saint Martin (French part),MAF,2001,2.2057
Saint Martin (French part),MAF,2002,2.1628
Saint Martin (French part),MAF,2003,2.1071
Saint Martin (French part),MAF,2004,2.0383
Saint Martin (French part),MAF,2005,1.9677
Saint Martin (French part),MAF,2006,1.8809
Saint Martin (French part),MAF,2007,1.7878
Saint Martin (French part),MAF,2008,1.6926
Saint Martin (French part),MAF,2009,1.5974
Saint Martin (French part),MAF,2010,1.5314
Saint Martin (French part),MAF,2011,1.5352
Saint Martin (French part),MAF,2012,1.7866
Saint Martin (French part),MAF,2013,1.7145
Saint Martin (French part),MAF,2014,1.6707
Saint Martin (French part),MAF,2015,1.5979
Saint Martin (French part),MAF,2016,1.5301
Saint Martin (French part),MAF,2017,1.4488
Saint Martin (French part),MAF,2018,1.4945
Saint Martin (French part),MAF,2019,1.2069
Saint Martin (French part),MAF,2020,0.4953
Saint Martin (French part),MAF,2021,0.8611
Saint Martin (French part),MAF,2022,0.8305
Saint Martin (French part),MAF,2023,0.7787
Saint Pierre and Miquelon,SPM,1950,1.6946
Saint Pierre and Miquelon,SPM,1951,1.6226
Saint Pierre and Miquelon,SPM,1952,1.5739
Saint Pierre and Miquelon,SPM,1953,1.8353
Saint Pierre and Miquelon,SPM,1954,2.1013
Saint Pierre and Miquelon,SPM,1955,2.374
Saint Pierre and Miquelon,SPM,1956,2.7299
Saint Pierre and Miquelon,SPM,1957,3.1161
Saint Pierre and Miquelon,SPM,1958,2.9742
Saint Pierre and Miquelon,SPM,1959,1.6931
Saint Pierre and Miquelon,SPM,1960,2.2096
Saint Pierre and Miquelon,SPM,1961,2.1866
Saint Pierre and Miquelon,SPM,1962,2.013
Saint Pierre and Miquelon,SPM,1963,1.5294
Saint Pierre and Miquelon,SPM,1964,1.5776
Saint Pierre and Miquelon,SPM,1965,2.2974
Saint Pierre and Miquelon,SPM,1966,2.1732
Saint Pierre and Miquelon,SPM,1967,1.4756
Saint Pierre and Miquelon,SPM,1968,1.3419
Saint Pierre and Miquelon,SPM,1969,1.3443
Saint Pierre and Miquelon,SPM,1970,1.3891
Saint Pierre and Miquelon,SPM,1971,1.3716
Saint Pierre and Miquelon,SPM,1972,1.3121
Saint Pierre and Miquelon,SPM,1973,1.2134
Saint Pierre and Miquelon,SPM,1974,1.0906
Saint Pierre and Miquelon,SPM,1975,0.9249
Saint Pierre and Miquelon,SPM,1976,0.7509
Saint Pierre and Miquelon,SPM,1977,0.6903
Saint Pierre and Miquelon,SPM,1978,0.73
Saint Pierre and Miquelon,SPM,1979,0.7741
Saint Pierre and Miquelon,SPM,1980,0.8199
Saint Pierre and Miquelon,SPM,1981,0.8635
Saint Pierre and Miquelon,SPM,1982,0.8965
Saint Pierre and Miquelon,SPM,1983,0.9505
Saint Pierre and Miquelon,SPM,1984,0.9901
Saint Pierre and Miquelon,SPM,1985,1.0172
Saint Pierre and Miquelon,SPM,1986,1.0243
Saint Pierre and Miquelon,SPM,1987,1.0101
Saint Pierre and Miquelon,SPM,1988,1.0041
Saint Pierre and Miquelon,SPM,1989,0.9806
Saint Pierre and Miquelon,SPM,1990,0.9505
Saint Pierre and Miquelon,SPM,1991,0.927
Saint Pierre and Miquelon,SPM,1992,0.8921
Saint Pierre and Miquelon,SPM,1993,0.8511
Saint Pierre and Miquelon,SPM,1994,0.7966
Saint Pierre and Miquelon,SPM,1995,0.7311
Saint Pierre and Miquelon,SPM,1996,0.6529
Saint Pierre and Miquelon,SPM,1997,0.5693
Saint Pierre and Miquelon,SPM,1998,0.478
Saint Pierre and Miquelon,SPM,1999,0.3863
Saint Pierre and Miquelon,SPM,2000,0.3392
Saint Pierre and Miquelon,SPM,2001,0.2992
Saint Pierre and Miquelon,SPM,2002,0.2653
Saint Pierre and Miquelon,SPM,2003,0.2292
Saint Pierre and Miquelon,SPM,2004,0.1983
Saint Pierre and Miquelon,SPM,2005,0.1507
Saint Pierre and Miquelon,SPM,2006,0.0906
Saint Pierre and Miquelon,SPM,2007,0.0698
Saint Pierre and Miquelon,SPM,2008,0.0641
Saint Pierre and Miquelon,SPM,2009,0.0576
Saint Pierre and Miquelon,SPM,2010,0.0333
Saint Pierre and Miquelon,SPM,2011,-0.055
Saint Pierre and Miquelon,SPM,2012,-0.1696
Saint Pierre and Miquelon,SPM,2013,-0.2716
Saint Pierre and Miquelon,SPM,2014,-0.4342
Saint Pierre and Miquelon,SPM,2015,-0.5051
Saint Pierre and Miquelon,SPM,2016,-0.5156
Saint Pierre and Miquelon,SPM,2017,-0.5232
Saint Pierre and Miquelon,SPM,2018,-0.5461
Saint Pierre and Miquelon,SPM,2019,-0.6469
Saint Pierre and Miquelon,SPM,2020,-0.7827
Saint Pierre and Miquelon,SPM,2021,-0.8342
Saint Pierre and Miquelon,SPM,2022,-0.8818
Saint Pierre and Miquelon,SPM,2023,-0.916
Saint Vincent and the Grenadines,VCT,1950,2.5975
Saint Vincent and the Grenadines,VCT,1951,2.7879
Saint Vincent and the Grenadines,VCT,1952,2.9223
Saint Vincent and the Grenadines,VCT,1953,3.0721
Saint Vincent and the Grenadines,VCT,1954,3.2075
Saint Vincent and the Grenadines,VCT,1955,3.3305
Saint Vincent and the Grenadines,VCT,1956,3.3737
Saint Vincent and the Grenadines,VCT,1957,3.4316
Saint Vincent and the Grenadines,VCT,1958,3.4989
Saint Vincent and the Grenadines,VCT,1959,3.5327
Saint Vincent and the Grenadines,VCT,1960,3.5891
Saint Vincent and the Grenadines,VCT,1961,3.5621
Saint Vincent and the Grenadines,VCT,1962,3.5235
Saint Vincent and the Grenadines,VCT,1963,3.4868
Saint Vincent and the Grenadines,VCT,1964,3.4874
Saint Vincent and the Grenadines,VCT,1965,3.4813
Saint Vincent and the Grenadines,VCT,1966,3.4693
Saint Vincent and the Grenadines,VCT,1967,3.4489
Saint Vincent and the Grenadines,VCT,1968,3.4194
Saint Vincent and the Grenadines,VCT,1969,3.366
Saint Vincent and the Grenadines,VCT,1970,3.2941
Saint Vincent and the Grenadines,VCT,1971,3.2025
Saint Vincent and the Grenadines,VCT,1972,3.1012
Saint Vincent and the Grenadines,VCT,1973,2.9907
Saint Vincent and the Grenadines,VCT,1974,2.8751
Saint Vincent and the Grenadines,VCT,1975,2.7635
Saint Vincent and the Grenadines,VCT,1976,2.6629
Saint Vincent and the Grenadines,VCT,1977,2.5712
Saint Vincent and the Grenadines,VCT,1978,2.5121
Saint Vincent and the Grenadines,VCT,1979,2.4886
Saint Vincent and the Grenadines,VCT,1980,2.266
Saint Vincent and the Grenadines,VCT,1981,2.312
Saint Vincent and the Grenadines,VCT,1982,2.3377
Saint Vincent and the Grenadines,VCT,1983,2.2564
Saint Vincent and the Grenadines,VCT,1984,2.0878
Saint Vincent and the Grenadines,VCT,1985,1.9607
Saint Vincent and the Grenadines,VCT,1986,1.8488
Saint Vincent and the Grenadines,VCT,1987,1.761
Saint Vincent and the Grenadines,VCT,1988,1.6958
Saint Vincent and the Grenadines,VCT,1989,1.6555
Saint Vincent and the Grenadines,VCT,1990,1.6322
Saint Vincent and the Grenadines,VCT,1991,1.6226
Saint Vincent and the Grenadines,VCT,1992,1.644
Saint Vincent and the Grenadines,VCT,1993,1.6254
Saint Vincent and the Grenadines,VCT,1994,1.5816
Saint Vincent and the Grenadines,VCT,1995,1.5175
Saint Vincent and the Grenadines,VCT,1996,1.4239
Saint Vincent and the Grenadines,VCT,1997,1.3228
Saint Vincent and the Grenadines,VCT,1998,1.2177
Saint Vincent and the Grenadines,VCT,1999,1.1599
Saint Vincent and the Grenadines,VCT,2000,1.1271
Saint Vincent and the Grenadines,VCT,2001,1.0842
Saint Vincent and the Grenadines,VCT,2002,1.0295
Saint Vincent and the Grenadines,VCT,2003,0.9401
Saint Vincent and the Grenadines,VCT,2004,0.8794
Saint Vincent and the Grenadines,VCT,2005,0.8439
Saint Vincent and the Grenadines,VCT,2006,0.7862
Saint Vincent and the Grenadines,VCT,2007,0.7768
Saint Vincent and the Grenadines,VCT,2008,0.814
Saint Vincent and the Grenadines,VCT,2009,0.7969
Saint Vincent and the Grenadines,VCT,2010,0.7243
Saint Vincent and the Grenadines,VCT,2011,0.6187
Saint Vincent and the Grenadines,VCT,2012,0.5862
Saint Vincent and the Grenadines,VCT,2013,0.5363
Saint Vincent and the Grenadines,VCT,2014,0.5393
Saint Vincent and the Grenadines,VCT,2015,0.5067
Saint Vincent and the Grenadines,VCT,2016,0.4162
Saint Vincent and the Grenadines,VCT,2017,0.3214
Saint Vincent and the Grenadines,VCT,2018,0.2578
Saint Vincent and the Grenadines,VCT,2019,0.1972
Saint Vincent and the Grenadines,VCT,2020,-0.0092
Saint Vincent and the Grenadines,VCT,2021,-0.0086
Saint Vincent and the Grenadines,VCT,2022,0.0943
Saint Vincent and the Grenadines,VCT,2023,0.0659
Samoa,WSM,1950,3.6994
Samoa,WSM,1951,3.7339
Samoa,WSM,1952,3.7648
Samoa,WSM,1953,3.7811
Samoa,WSM,1954,3.7957
Samoa,WSM,1955,3.8053
Samoa,WSM,1956,3.8138
Samoa,WSM,1957,3.8162
Samoa,WSM,1958,3.8258
Samoa,WSM,1959,3.8329
Samoa,WSM,1960,3.8211
Samoa,WSM,1961,3.808
Samoa,WSM,1962,3.7924
Samoa,WSM,1963,3.7316
Samoa,WSM,1964,3.4642
Samoa,WSM,1965,3.5982
Samoa,WSM,1966,3.5046
Samoa,WSM,1967,3.455
Samoa,WSM,1968,3.3852
Samoa,WSM,1969,3.3224
Samoa,WSM,1970,3.2526
Samoa,WSM,1971,3.1817
Samoa,WSM,1972,3.1038
Samoa,WSM,1973,3.0344
Samoa,WSM,1974,2.9516
Samoa,WSM,1975,2.9115
Samoa,WSM,1976,2.8767
Samoa,WSM,1977,2.8512
Samoa,WSM,1978,2.8421
Samoa,WSM,1979,2.8385
Samoa,WSM,1980,2.8434
Samoa,WSM,1981,2.8485
Samoa,WSM,1982,2.8882
Samoa,WSM,1983,2.9477
Samoa,WSM,1984,2.9853
Samoa,WSM,1985,2.9959
Samoa,WSM,1986,2.9825
Samoa,WSM,1987,2.9279
Samoa,WSM,1988,2.9041
Samoa,WSM,1989,2.8706
Samoa,WSM,1990,2.8152
Samoa,WSM,1991,2.7483
Samoa,WSM,1992,2.7313
Samoa,WSM,1993,2.7766
Samoa,WSM,1994,2.818
Samoa,WSM,1995,2.8504
Samoa,WSM,1996,2.8617
Samoa,WSM,1997,2.846
Samoa,WSM,1998,2.8071
Samoa,WSM,1999,2.7386
Samoa,WSM,2000,2.672
Samoa,WSM,2001,2.5982
Samoa,WSM,2002,2.5325
Samoa,WSM,2003,2.4925
Samoa,WSM,2004,2.4449
Samoa,WSM,2005,2.4084
Samoa,WSM,2006,2.3829
Samoa,WSM,2007,2.3736
Samoa,WSM,2008,2.4094
Samoa,WSM,2009,2.3624
Samoa,WSM,2010,2.4756
Samoa,WSM,2011,2.4956
Samoa,WSM,2012,2.475
Samoa,WSM,2013,2.4587
Samoa,WSM,2014,2.4241
Samoa,WSM,2015,2.376
Samoa,WSM,2016,2.3192
Samoa,WSM,2017,2.2695
Samoa,WSM,2018,2.2341
Samoa,WSM,2019,2.1428
Samoa,WSM,2020,2.0957
Samoa,WSM,2021,2.0486
Samoa,WSM,2022,1.992
Samoa,WSM,2023,1.9244
San Marino,SMR,1950,0.9903
San Marino,SMR,1951,0.9225
San Marino,SMR,1952,0.8849
San Marino,SMR,1953,0.8533
San Marino,SMR,1954,0.8284
San Marino,SMR,1955,0.8225
San Marino,SMR,1956,0.8139
San Marino,SMR,1957,0.818
San Marino,SMR,1958,0.8224
San Marino,SMR,1959,0.8383
San Marino,SMR,1960,0.8962
San Marino,SMR,1961,1.1058
San Marino,SMR,1962,0.955
San Marino,SMR,1963,0.9554
San Marino,SMR,1964,0.9595
San Marino,SMR,1965,0.9741
San Marino,SMR,1966,0.9864
San Marino,SMR,1967,0.9647
San Marino,SMR,1968,0.9555
San Marino,SMR,1969,0.96
San Marino,SMR,1970,0.9532
San Marino,SMR,1971,0.943
San Marino,SMR,1972,0.9176
San Marino,SMR,1973,0.882
San Marino,SMR,1974,0.806
San Marino,SMR,1975,0.7407
San Marino,SMR,1976,0.6587
San Marino,SMR,1977,0.5848
San Marino,SMR,1978,0.5755
San Marino,SMR,1979,0.4842
San Marino,SMR,1980,0.4166
San Marino,SMR,1981,0.3463
San Marino,SMR,1982,0.2795
San Marino,SMR,1983,0.2421
San Marino,SMR,1984,0.2057
San Marino,SMR,1985,0.194
San Marino,SMR,1986,0.1777
San Marino,SMR,1987,0.1365
San Marino,SMR,1988,0.1481
San Marino,SMR,1989,0.1569
San Marino,SMR,1990,0.1769
San Marino,SMR,1991,0.1864
San Marino,SMR,1992,0.1772
San Marino,SMR,1993,0.1584
San Marino,SMR,1994,0.1732
San Marino,SMR,1995,0.2039
San Marino,SMR,1996,0.2461
San Marino,SMR,1997,0.2761
San Marino,SMR,1998,0.2866
San Marino,SMR,1999,0.3049
San Marino,SMR,2000,0.4001
San Marino,SMR,2001,0.4895
San Marino,SMR,2002,0.4064
San Marino,SMR,2003,0.2849
San Marino,SMR,2004,0.2761
San Marino,SMR,2005,0.1877
San Marino,SMR,2006,0.2138
San Marino,SMR,2007,0.2149
San Marino,SMR,2008,0.3933
San Marino,SMR,2009,0.2548
San Marino,SMR,2010,0.3011
San Marino,SMR,2011,0.263
San Marino,SMR,2012,0.1092
San Marino,SMR,2013,0.205
San Marino,SMR,2014,0.0336
San Marino,SMR,2015,-0.0233
San Marino,SMR,2016,-0.09
San Marino,SMR,2017,-0.1522
San Marino,SMR,2018,-0.1497
San Marino,SMR,2019,-0.1578
San Marino,SMR,2020,-0.4267
San Marino,SMR,2021,-0.368
San Marino,SMR,2022,-0.1748
San Marino,SMR,2023,-0.2073
Sao Tome and Principe,STP,1950,1.9729
Sao Tome and Principe,STP,1951,1.8303
Sao Tome and Principe,STP,1952,1.7287
Sao Tome and Principe,STP,1953,1.6708
Sao Tome and Principe,STP,1954,1.6596
Sao Tome and Principe,STP,1955,1.6885
Sao Tome and Principe,STP,1956,1.7539
Sao Tome and Principe,STP,1957,1.8561
Sao Tome and Principe,STP,1958,1.9842
Sao Tome and Principe,STP,1959,2.1253
Sao Tome and Principe,STP,1960,2.2746
Sao Tome and Principe,STP,1961,2.4125
Sao Tome and Principe,STP,1962,2.342
Sao Tome and Principe,STP,1963,2.2958
Sao Tome and Principe,STP,1964,2.2584
Sao Tome and Principe,STP,1965,2.2484
Sao Tome and Principe,STP,1966,2.2621
Sao Tome and Principe,STP,1967,2.3004
Sao Tome and Principe,STP,1968,2.3632
Sao Tome and Principe,STP,1969,2.4468
Sao Tome and Principe,STP,1970,2.5504
Sao Tome and Principe,STP,1971,2.6814
Sao Tome and Principe,STP,1972,2.7543
Sao Tome and Principe,STP,1973,2.8133
Sao Tome and Principe,STP,1974,2.8605
Sao Tome and Principe,STP,1975,2.9005
Sao Tome and Principe,STP,1976,2.9326
Sao Tome and Principe,STP,1977,2.9619
Sao Tome and Principe,STP,1978,2.9858
Sao Tome and Principe,STP,1979,3.0052
Sao Tome and Principe,STP,1980,3.0091
Sao Tome and Principe,STP,1981,2.9963
Sao Tome and Principe,STP,1982,2.9729
Sao Tome and Principe,STP,1983,2.97
Sao Tome and Principe,STP,1984,2.9731
Sao Tome and Principe,STP,1985,2.9837
Sao Tome and Principe,STP,1986,2.8615
Sao Tome and Principe,STP,1987,3.0195
Sao Tome and Principe,STP,1988,3.0301
Sao Tome and Principe,STP,1989,2.9799
Sao Tome and Principe,STP,1990,3.024
Sao Tome and Principe,STP,1991,3.024
Sao Tome and Principe,STP,1992,2.9836
Sao Tome and Principe,STP,1993,2.9441
Sao Tome and Principe,STP,1994,2.9084
Sao Tome and Principe,STP,1995,2.9266
Sao Tome and Principe,STP,1996,2.916
Sao Tome and Principe,STP,1997,2.9089
Sao Tome and Principe,STP,1998,2.9273
Sao Tome and Principe,STP,1999,2.9632
Sao Tome and Principe,STP,2000,3.0095
Sao Tome and Principe,STP,2001,3.0544
Sao Tome and Principe,STP,2002,3.0622
Sao Tome and Principe,STP,2003,3.0568
Sao Tome and Principe,STP,2004,3.0502
Sao Tome and Principe,STP,2005,3.0299
Sao Tome and Principe,STP,2006,3.0529
Sao Tome and Principe,STP,2007,3.0796
Sao Tome and Principe,STP,2008,3.0478
Sao Tome and Principe,STP,2009,3.0076
Sao Tome and Principe,STP,2010,2.9653
Sao Tome and Principe,STP,2011,2.9331
Sao Tome and Principe,STP,2012,2.904
Sao Tome and Principe,STP,2013,2.8213
Sao Tome and Principe,STP,2014,2.7345
Sao Tome and Principe,STP,2015,2.6306
Sao Tome and Principe,STP,2016,2.5161
Sao Tome and Principe,STP,2017,2.4193
Sao Tome and Principe,STP,2018,2.3585
Sao Tome and Principe,STP,2019,2.3112
Sao Tome and Principe,STP,2020,2.2416
Sao Tome and Principe,STP,2021,2.2322
Sao Tome and Principe,STP,2022,2.2545
Sao Tome and Principe,STP,2023,2.2613
Saudi Arabia,SAU,1950,2.5881
Saudi Arabia,SAU,1951,2.6413
Saudi Arabia,SAU,1952,2.6947
Saudi Arabia,SAU,1953,2.7523
Saudi Arabia,SAU,1954,2.7978
Saudi Arabia,SAU,1955,2.8454
Saudi Arabia,SAU,1956,2.883
Saudi Arabia,SAU,1957,2.9271
Saudi Arabia,SAU,1958,2.9675
Saudi Arabia,SAU,1959,3.0083
Saudi Arabia,SAU,1960,3.0444
Saudi Arabia,SAU,1961,3.0773
Saudi Arabia,SAU,1962,3.1055
Saudi Arabia,SAU,1963,3.1434
Saudi Arabia,SAU,1964,3.1813
Saudi Arabia,SAU,1965,3.2034
Saudi Arabia,SAU,1966,3.2357
Saudi Arabia,SAU,1967,3.2732
Saudi Arabia,SAU,1968,3.2985
Saudi Arabia,SAU,1969,3.332
Saudi Arabia,SAU,1970,3.3808
Saudi Arabia,SAU,1971,3.4264
Saudi Arabia,SAU,1972,3.4913
Saudi Arabia,SAU,1973,3.5421
Saudi Arabia,SAU,1974,3.596
Saudi Arabia,SAU,1975,3.6482
Saudi Arabia,SAU,1976,3.7027
Saudi Arabia,SAU,1977,3.7596
Saudi Arabia,SAU,1978,3.8152
Saudi Arabia,SAU,1979,3.8604
Saudi Arabia,SAU,1980,3.8752
Saudi Arabia,SAU,1981,3.8806
Saudi Arabia,SAU,1982,3.8806
Saudi Arabia,SAU,1983,3.869
Saudi Arabia,SAU,1984,3.8535
Saudi Arabia,SAU,1985,3.8097
Saudi Arabia,SAU,1986,3.7357
Saudi Arabia,SAU,1987,3.6482
Saudi Arabia,SAU,1988,3.5607
Saudi Arabia,SAU,1989,3.4497
Saudi Arabia,SAU,1990,3.3409
Saudi Arabia,SAU,1991,3.2375
Saudi Arabia,SAU,1992,3.1383
Saudi Arabia,SAU,1993,3.0503
Saudi Arabia,SAU,1994,2.9596
Saudi Arabia,SAU,1995,2.8612
Saudi Arabia,SAU,1996,2.7637
Saudi Arabia,SAU,1997,2.6785
Saudi Arabia,SAU,1998,2.6102
Saudi Arabia,SAU,1999,2.5214
Saudi Arabia,SAU,2000,2.4256
Saudi Arabia,SAU,2001,2.2425
Saudi Arabia,SAU,2002,2.0775
Saudi Arabia,SAU,2003,1.9403
Saudi Arabia,SAU,2004,1.8447
Saudi Arabia,SAU,2005,1.8285
Saudi Arabia,SAU,2006,1.8609
Saudi Arabia,SAU,2007,1.9009
Saudi Arabia,SAU,2008,1.8613
Saudi Arabia,SAU,2009,1.8109
Saudi Arabia,SAU,2010,1.7459
Saudi Arabia,SAU,2011,1.7682
Saudi Arabia,SAU,2012,1.7794
Saudi Arabia,SAU,2013,1.7206
Saudi Arabia,SAU,2014,1.743
Saudi Arabia,SAU,2015,1.7139
Saudi Arabia,SAU,2016,1.7375
Saudi Arabia,SAU,2017,1.765
Saudi Arabia,SAU,2018,1.7511
Saudi Arabia,SAU,2019,1.578
Saudi Arabia,SAU,2020,1.4168
Saudi Arabia,SAU,2021,1.3287
Saudi Arabia,SAU,2022,1.2647
Saudi Arabia,SAU,2023,1.4075
Senegal,SEN,1950,2.2545
Senegal,SEN,1951,2.2898
Senegal,SEN,1952,2.33
Senegal,SEN,1953,2.3683
Senegal,SEN,1954,2.4039
Senegal,SEN,1955,2.438
Senegal,SEN,1956,2.4689
Senegal,SEN,1957,2.478
Senegal,SEN,1958,2.5028
Senegal,SEN,1959,2.523
Senegal,SEN,1960,2.5363
Senegal,SEN,1961,2.5411
Senegal,SEN,1962,2.5444
Senegal,SEN,1963,2.5376
Senegal,SEN,1964,2.5343
Senegal,SEN,1965,2.5433
Senegal,SEN,1966,2.5568
Senegal,SEN,1967,2.5668
Senegal,SEN,1968,2.5725
Senegal,SEN,1969,2.5927
Senegal,SEN,1970,2.6255
Senegal,SEN,1971,2.6622
Senegal,SEN,1972,2.7
Senegal,SEN,1973,2.7396
Senegal,SEN,1974,2.7831
Senegal,SEN,1975,2.8489
Senegal,SEN,1976,2.9156
Senegal,SEN,1977,2.9715
Senegal,SEN,1978,3.0126
Senegal,SEN,1979,3.041
Senegal,SEN,1980,3.0742
Senegal,SEN,1981,3.1001
Senegal,SEN,1982,3.1072
Senegal,SEN,1983,3.1255
Senegal,SEN,1984,3.1253
Senegal,SEN,1985,3.1155
Senegal,SEN,1986,3.0951
Senegal,SEN,1987,3.0858
Senegal,SEN,1988,3.0423
Senegal,SEN,1989,3.0364
Senegal,SEN,1990,3.0329
Senegal,SEN,1991,2.9927
Senegal,SEN,1992,2.9563
Senegal,SEN,1993,2.9268
Senegal,SEN,1994,2.8886
Senegal,SEN,1995,2.8543
Senegal,SEN,1996,2.817
Senegal,SEN,1997,2.8136
Senegal,SEN,1998,2.8139
Senegal,SEN,1999,2.8563
Senegal,SEN,2000,2.8485
Senegal,SEN,2001,2.8365
Senegal,SEN,2002,2.8553
Senegal,SEN,2003,2.8808
Senegal,SEN,2004,2.8908
Senegal,SEN,2005,2.8829
Senegal,SEN,2006,2.8814
Senegal,SEN,2007,2.8883
Senegal,SEN,2008,2.9186
Senegal,SEN,2009,2.9361
Senegal,SEN,2010,2.9515
Senegal,SEN,2011,2.9886
Senegal,SEN,2012,3.022
Senegal,SEN,2013,2.9654
Senegal,SEN,2014,2.8619
Senegal,SEN,2015,2.789
Senegal,SEN,2016,2.7369
Senegal,SEN,2017,2.6518
Senegal,SEN,2018,2.5477
Senegal,SEN,2019,2.4426
Senegal,SEN,2020,2.3879
Senegal,SEN,2021,2.3403
Senegal,SEN,2022,2.354
Senegal,SEN,2023,2.3842
Serbia,SRB,1950,1.0501
Serbia,SRB,1951,1.0522
Serbia,SRB,1952,1.1078
Serbia,SRB,1953,1.1895
Serbia,SRB,1954,1.174
Serbia,SRB,1955,1.1276
Serbia,SRB,1956,1.0728
Serbia,SRB,1957,1.0628
Serbia,SRB,1958,1.0376
Serbia,SRB,1959,1.0055
Serbia,SRB,1960,0.9586
Serbia,SRB,1961,0.9129
Serbia,SRB,1962,0.8799
Serbia,SRB,1963,0.8188
Serbia,SRB,1964,0.793
Serbia,SRB,1965,0.7763
Serbia,SRB,1966,0.7699
Serbia,SRB,1967,0.7625
Serbia,SRB,1968,0.7371
Serbia,SRB,1969,0.7062
Serbia,SRB,1970,0.6747
Serbia,SRB,1971,0.6576
Serbia,SRB,1972,0.6653
Serbia,SRB,1973,0.6809
Serbia,SRB,1974,0.7041
Serbia,SRB,1975,0.7125
Serbia,SRB,1976,0.6928
Serbia,SRB,1977,0.6446
Serbia,SRB,1978,0.5815
Serbia,SRB,1979,0.5174
Serbia,SRB,1980,0.4705
Serbia,SRB,1981,0.4434
Serbia,SRB,1982,0.3942
Serbia,SRB,1983,0.3533
Serbia,SRB,1984,0.3048
Serbia,SRB,1985,0.2819
Serbia,SRB,1986,0.2471
Serbia,SRB,1987,0.2124
Serbia,SRB,1988,0.1757
Serbia,SRB,1989,0.1504
Serbia,SRB,1990,0.0939
Serbia,SRB,1991,0.0291
Serbia,SRB,1992,-0.0497
Serbia,SRB,1993,-0.0749
Serbia,SRB,1994,-0.0939
Serbia,SRB,1995,-0.1078
Serbia,SRB,1996,-0.1418
Serbia,SRB,1997,-0.1872
Serbia,SRB,1998,-0.2634
Serbia,SRB,1999,-0.4257
Serbia,SRB,2000,-0.3659
Serbia,SRB,2001,-0.4028
Serbia,SRB,2002,-0.382
Serbia,SRB,2003,-0.4075
Serbia,SRB,2004,-0.4415
Serbia,SRB,2005,-0.4676
Serbia,SRB,2006,-0.4818
Serbia,SRB,2007,-0.4768
Serbia,SRB,2008,-0.4811
Serbia,SRB,2009,-0.473
Serbia,SRB,2010,-0.4531
Serbia,SRB,2011,-0.4445
Serbia,SRB,2012,-0.4073
Serbia,SRB,2013,-0.4216
Serbia,SRB,2014,-0.4228
Serbia,SRB,2015,-0.4417
Serbia,SRB,2016,-0.4705
Serbia,SRB,2017,-0.4899
Serbia,SRB,2018,-0.4956
Serbia,SRB,2019,-0.5049
Serbia,SRB,2020,-0.7587
Serbia,SRB,2021,-1.0704
Serbia,SRB,2022,-0.6832
Serbia,SRB,2023,-0.5033
Seychelles,SYC,1950,1.3143
Seychelles,SYC,1951,1.3834
Seychelles,SYC,1952,1.4792
Seychelles,SYC,1953,1.5843
Seychelles,SYC,1954,1.7206
Seychelles,SYC,1955,1.8614
Seychelles,SYC,1956,1.9768
Seychelles,SYC,1957,2.0784
Seychelles,SYC,1958,2.1784
Seychelles,SYC,1959,2.2783
Seychelles,SYC,1960,2.3434
Seychelles,SYC,1961,2.426
Seychelles,SYC,1962,2.4598
Seychelles,SYC,1963,2.4847
Seychelles,SYC,1964,2.4926
Seychelles,SYC,1965,2.4515
Seychelles,SYC,1966,2.6285
Seychelles,SYC,1967,2.4366
Seychelles,SYC,1968,2.2385
Seychelles,SYC,1969,2.136
Seychelles,SYC,1970,2.0289
Seychelles,SYC,1971,2.2359
Seychelles,SYC,1972,2.0093
Seychelles,SYC,1973,1.8764
Seychelles,SYC,1974,2.1381
Seychelles,SYC,1975,2.0272
Seychelles,SYC,1976,1.7234
Seychelles,SYC,1977,1.6083
Seychelles,SYC,1978,1.8132
Seychelles,SYC,1979,1.7506
Seychelles,SYC,1980,1.9086
Seychelles,SYC,1981,1.8856
Seychelles,SYC,1982,1.5725
Seychelles,SYC,1983,1.6963
Seychelles,SYC,1984,1.7738
Seychelles,SYC,1985,1.7207
Seychelles,SYC,1986,1.738
Seychelles,SYC,1987,1.6429
Seychelles,SYC,1988,1.5586
Seychelles,SYC,1989,1.4923
Seychelles,SYC,1990,1.4596
Seychelles,SYC,1991,1.544
Seychelles,SYC,1992,1.4105
Seychelles,SYC,1993,1.462
Seychelles,SYC,1994,1.4711
Seychelles,SYC,1995,1.2682
Seychelles,SYC,1996,1.2253
Seychelles,SYC,1997,1.0634
Seychelles,SYC,1998,0.9812
Seychelles,SYC,1999,0.9881
Seychelles,SYC,2000,0.9969
Seychelles,SYC,2001,0.9133
Seychelles,SYC,2002,0.9326
Seychelles,SYC,2003,0.9296
Seychelles,SYC,2004,0.9041
Seychelles,SYC,2005,1.0084
Seychelles,SYC,2006,0.9242
Seychelles,SYC,2007,0.9972
Seychelles,SYC,2008,1.0457
Seychelles,SYC,2009,1.0571
Seychelles,SYC,2010,0.8936
Seychelles,SYC,2011,0.9874
Seychelles,SYC,2012,1.0034
Seychelles,SYC,2013,0.8239
Seychelles,SYC,2014,0.7886
Seychelles,SYC,2015,0.8058
Seychelles,SYC,2016,0.834
Seychelles,SYC,2017,0.8179
Seychelles,SYC,2018,0.7687
Seychelles,SYC,2019,0.7117
Seychelles,SYC,2020,0.792
Seychelles,SYC,2021,0.5149
Seychelles,SYC,2022,0.4462
Seychelles,SYC,2023,0.5412
Sierra Leone,SLE,1950,1.333
Sierra Leone,SLE,1951,1.3599
Sierra Leone,SLE,1952,1.3769
Sierra Leone,SLE,1953,1.3913
Sierra Leone,SLE,1954,1.4529
Sierra Leone,SLE,1955,1.4942
Sierra Leone,SLE,1956,1.5322
Sierra Leone,SLE,1957,1.5673
Sierra Leone,SLE,1958,1.5955
Sierra Leone,SLE,1959,1.6291
Sierra Leone,SLE,1960,1.6837
Sierra Leone,SLE,1961,1.7369
Sierra Leone,SLE,1962,1.7762
Sierra Leone,SLE,1963,1.8289
Sierra Leone,SLE,1964,1.8762
Sierra Leone,SLE,1965,1.9129
Sierra Leone,SLE,1966,1.9679
Sierra Leone,SLE,1967,2.019
Sierra Leone,SLE,1968,2.0343
Sierra Leone,SLE,1969,2.0579
Sierra Leone,SLE,1970,2.0836
Sierra Leone,SLE,1971,2.1165
Sierra Leone,SLE,1972,2.1418
Sierra Leone,SLE,1973,2.178
Sierra Leone,SLE,1974,2.2379
Sierra Leone,SLE,1975,2.2712
Sierra Leone,SLE,1976,2.2948
Sierra Leone,SLE,1977,2.3227
Sierra Leone,SLE,1978,2.3567
Sierra Leone,SLE,1979,2.3692
Sierra Leone,SLE,1980,2.3817
Sierra Leone,SLE,1981,2.3993
Sierra Leone,SLE,1982,2.4194
Sierra Leone,SLE,1983,2.4307
Sierra Leone,SLE,1984,2.4467
Sierra Leone,SLE,1985,2.4425
Sierra Leone,SLE,1986,2.4381
Sierra Leone,SLE,1987,2.4606
Sierra Leone,SLE,1988,2.4487
Sierra Leone,SLE,1989,2.4367
Sierra Leone,SLE,1990,2.4013
Sierra Leone,SLE,1991,2.484
Sierra Leone,SLE,1992,2.4782
Sierra Leone,SLE,1993,2.4853
Sierra Leone,SLE,1994,2.4319
Sierra Leone,SLE,1995,2.414
Sierra Leone,SLE,1996,2.48
Sierra Leone,SLE,1997,2.4786
Sierra Leone,SLE,1998,2.4188
Sierra Leone,SLE,1999,2.369
Sierra Leone,SLE,2000,2.5037
Sierra Leone,SLE,2001,2.4857
Sierra Leone,SLE,2002,2.5431
Sierra Leone,SLE,2003,2.5168
Sierra Leone,SLE,2004,2.477
Sierra Leone,SLE,2005,2.4944
Sierra Leone,SLE,2006,2.5625
Sierra Leone,SLE,2007,2.5349
Sierra Leone,SLE,2008,2.5422
Sierra Leone,SLE,2009,2.5211
Sierra Leone,SLE,2010,2.4963
Sierra Leone,SLE,2011,2.4871
Sierra Leone,SLE,2012,2.4563
Sierra Leone,SLE,2013,2.4019
Sierra Leone,SLE,2014,2.3288
Sierra Leone,SLE,2015,2.3058
Sierra Leone,SLE,2016,2.3425
Sierra Leone,SLE,2017,2.3479
Sierra Leone,SLE,2018,2.3664
Sierra Leone,SLE,2019,2.3418
Sierra Leone,SLE,2020,2.2877
Sierra Leone,SLE,2021,2.2648
Sierra Leone,SLE,2022,2.2548
Sierra Leone,SLE,2023,2.2314
Singapore,SGP,1950,3.2033
Singapore,SGP,1951,3.196
Singapore,SGP,1952,3.2148
Singapore,SGP,1953,3.2378
Singapore,SGP,1954,3.3018
Singapore,SGP,1955,3.3623
Singapore,SGP,1956,3.431
Singapore,SGP,1957,3.4253
Singapore,SGP,1958,3.3878
Singapore,SGP,1959,3.2752
Singapore,SGP,1960,3.0486
Singapore,SGP,1961,2.8387
Singapore,SGP,1962,2.7187
Singapore,SGP,1963,2.6811
Singapore,SGP,1964,2.5643
Singapore,SGP,1965,2.393
Singapore,SGP,1966,2.296
Singapore,SGP,1967,2.0146
Singapore,SGP,1968,1.8121
Singapore,SGP,1969,1.6639
Singapore,SGP,1970,1.6192
Singapore,SGP,1971,1.6579
Singapore,SGP,1972,1.7357
Singapore,SGP,1973,1.6442
Singapore,SGP,1974,1.4075
Singapore,SGP,1975,1.2599
Singapore,SGP,1976,1.339
Singapore,SGP,1977,1.1621
Singapore,SGP,1978,1.1788
Singapore,SGP,1979,1.2241
Singapore,SGP,1980,1.2059
Singapore,SGP,1981,1.2211
Singapore,SGP,1982,1.2511
Singapore,SGP,1983,1.1539
Singapore,SGP,1984,1.1613
Singapore,SGP,1985,1.1714
Singapore,SGP,1986,0.9511
Singapore,SGP,1987,1.0881
Singapore,SGP,1988,1.3407
Singapore,SGP,1989,1.0896
Singapore,SGP,1990,1.147
Singapore,SGP,1991,1.0766
Singapore,SGP,1992,1.0663
Singapore,SGP,1993,1.063
Singapore,SGP,1994,1.0119
Singapore,SGP,1995,0.9596
Singapore,SGP,1996,0.928
Singapore,SGP,1997,0.8656
Singapore,SGP,1998,0.758
Singapore,SGP,1999,0.7341
Singapore,SGP,2000,0.8269
Singapore,SGP,2001,0.6859
Singapore,SGP,2002,0.6803
Singapore,SGP,2003,0.5926
Singapore,SGP,2004,0.5763
Singapore,SGP,2005,0.5771
Singapore,SGP,2006,0.5699
Singapore,SGP,2007,0.5631
Singapore,SGP,2008,0.5428
Singapore,SGP,2009,0.5141
Singapore,SGP,2010,0.4517
Singapore,SGP,2011,0.4842
Singapore,SGP,2012,0.5431
Singapore,SGP,2013,0.4654
Singapore,SGP,2014,0.4989
Singapore,SGP,2015,0.4641
Singapore,SGP,2016,0.4293
Singapore,SGP,2017,0.4193
Singapore,SGP,2018,0.4286
Singapore,SGP,2019,0.4154
Singapore,SGP,2020,0.397
Singapore,SGP,2021,0.3525
Singapore,SGP,2022,0.2979
Singapore,SGP,2023,0.341
Sint Maarten (Dutch part),SXM,1950,2.2242
Sint Maarten (Dutch part),SXM,1951,2.2572
Sint Maarten (Dutch part),SXM,1952,2.2401
Sint Maarten (Dutch part),SXM,1953,2.2623
Sint Maarten (Dutch part),SXM,1954,2.2626
Sint Maarten (Dutch part),SXM,1955,2.2565
Sint Maarten (Dutch part),SXM,1956,2.1533
Sint Maarten (Dutch part),SXM,1957,2.0615
Sint Maarten (Dutch part),SXM,1958,1.9647
Sint Maarten (Dutch part),SXM,1959,1.871
Sint Maarten (Dutch part),SXM,1960,1.764
Sint Maarten (Dutch part),SXM,1961,1.7895
Sint Maarten (Dutch part),SXM,1962,1.8553
Sint Maarten (Dutch part),SXM,1963,1.9239
Sint Maarten (Dutch part),SXM,1964,2.0008
Sint Maarten (Dutch part),SXM,1965,2.0776
Sint Maarten (Dutch part),SXM,1966,2.1429
Sint Maarten (Dutch part),SXM,1967,2.2037
Sint Maarten (Dutch part),SXM,1968,2.2434
Sint Maarten (Dutch part),SXM,1969,2.2712
Sint Maarten (Dutch part),SXM,1970,2.2679
Sint Maarten (Dutch part),SXM,1971,2.2438
Sint Maarten (Dutch part),SXM,1972,2.213
Sint Maarten (Dutch part),SXM,1973,2.1993
Sint Maarten (Dutch part),SXM,1974,2.2476
Sint Maarten (Dutch part),SXM,1975,2.3
Sint Maarten (Dutch part),SXM,1976,2.3381
Sint Maarten (Dutch part),SXM,1977,2.3588
Sint Maarten (Dutch part),SXM,1978,2.364
Sint Maarten (Dutch part),SXM,1979,2.356
Sint Maarten (Dutch part),SXM,1980,2.34
Sint Maarten (Dutch part),SXM,1981,2.2528
Sint Maarten (Dutch part),SXM,1982,2.17
Sint Maarten (Dutch part),SXM,1983,2.1334
Sint Maarten (Dutch part),SXM,1984,2.0856
Sint Maarten (Dutch part),SXM,1985,2.0382
Sint Maarten (Dutch part),SXM,1986,2.0068
Sint Maarten (Dutch part),SXM,1987,1.9634
Sint Maarten (Dutch part),SXM,1988,1.9004
Sint Maarten (Dutch part),SXM,1989,1.8216
Sint Maarten (Dutch part),SXM,1990,1.7292
Sint Maarten (Dutch part),SXM,1991,1.6796
Sint Maarten (Dutch part),SXM,1992,1.6934
Sint Maarten (Dutch part),SXM,1993,1.7136
Sint Maarten (Dutch part),SXM,1994,1.7564
Sint Maarten (Dutch part),SXM,1995,1.7812
Sint Maarten (Dutch part),SXM,1996,1.7646
Sint Maarten (Dutch part),SXM,1997,1.7022
Sint Maarten (Dutch part),SXM,1998,1.6241
Sint Maarten (Dutch part),SXM,1999,1.503
Sint Maarten (Dutch part),SXM,2000,1.377
Sint Maarten (Dutch part),SXM,2001,1.2512
Sint Maarten (Dutch part),SXM,2002,1.1343
Sint Maarten (Dutch part),SXM,2003,1.0385
Sint Maarten (Dutch part),SXM,2004,0.9707
Sint Maarten (Dutch part),SXM,2005,0.9424
Sint Maarten (Dutch part),SXM,2006,0.9496
Sint Maarten (Dutch part),SXM,2007,0.7786
Sint Maarten (Dutch part),SXM,2008,0.8606
Sint Maarten (Dutch part),SXM,2009,0.8088
Sint Maarten (Dutch part),SXM,2010,0.8673
Sint Maarten (Dutch part),SXM,2011,0.924
Sint Maarten (Dutch part),SXM,2012,0.8863
Sint Maarten (Dutch part),SXM,2013,0.8272
Sint Maarten (Dutch part),SXM,2014,0.7613
Sint Maarten (Dutch part),SXM,2015,0.6788
Sint Maarten (Dutch part),SXM,2016,0.5833
Sint Maarten (Dutch part),SXM,2017,0.4734
Sint Maarten (Dutch part),SXM,2018,0.3981
Sint Maarten (Dutch part),SXM,2019,0.3145
Sint Maarten (Dutch part),SXM,2020,0.1843
Sint Maarten (Dutch part),SXM,2021,0.0651
Sint Maarten (Dutch part),SXM,2022,0.1217
Sint Maarten (Dutch part),SXM,2023,0.1
Slovakia,SVK,1950,1.7388
Slovakia,SVK,1951,1.7178
Slovakia,SVK,1952,1.789
Slovakia,SVK,1953,1.7401
Slovakia,SVK,1954,1.701
Slovakia,SVK,1955,1.7503
Slovakia,SVK,1956,1.7237
Slovakia,SVK,1957,1.565
Slovakia,SVK,1958,1.5232
Slovakia,SVK,1959,1.3223
Slovakia,SVK,1960,1.3806
Slovakia,SVK,1961,1.3312
Slovakia,SVK,1962,1.1658
Slovakia,SVK,1963,1.2511
Slovakia,SVK,1964,1.2325
Slovakia,SVK,1965,1.089
Slovakia,SVK,1966,1.0063
Slovakia,SVK,1967,0.9289
Slovakia,SVK,1968,0.8332
Slovakia,SVK,1969,0.8419
Slovakia,SVK,1970,0.8339
Slovakia,SVK,1971,0.872
Slovakia,SVK,1972,1
Slovakia,SVK,1973,1.0581
Slovakia,SVK,1974,1.1269
Slovakia,SVK,1975,1.1186
Slovakia,SVK,1976,1.1433
Slovakia,SVK,1977,1.0896
Slovakia,SVK,1978,1.0773
Slovakia,SVK,1979,1.0583
Slovakia,SVK,1980,0.8929
Slovakia,SVK,1981,0.8674
Slovakia,SVK,1982,0.8335
Slovakia,SVK,1983,0.7791
Slovakia,SVK,1984,0.7597
Slovakia,SVK,1985,0.7185
Slovakia,SVK,1986,0.6379
Slovakia,SVK,1987,0.5969
Slovakia,SVK,1988,0.5625
Slovakia,SVK,1989,0.4734
Slovakia,SVK,1990,0.4575
Slovakia,SVK,1991,0.43
Slovakia,SVK,1992,0.385
Slovakia,SVK,1993,0.367
Slovakia,SVK,1994,0.2664
Slovakia,SVK,1995,0.1496
Slovakia,SVK,1996,0.1506
Slovakia,SVK,1997,0.1143
Slovakia,SVK,1998,0.068
Slovakia,SVK,1999,0.0572
Slovakia,SVK,2000,0.0308
Slovakia,SVK,2001,-0.02
Slovakia,SVK,2002,-0.0183
Slovakia,SVK,2003,-0.0144
Slovakia,SVK,2004,0.0305
Slovakia,SVK,2005,0.0142
Slovakia,SVK,2006,0.012
Slovakia,SVK,2007,0.0145
Slovakia,SVK,2008,0.0842
Slovakia,SVK,2009,0.1563
Slovakia,SVK,2010,0.1392
Slovakia,SVK,2011,0.1706
Slovakia,SVK,2012,0.108
Slovakia,SVK,2013,0.1032
Slovakia,SVK,2014,0.1178
Slovakia,SVK,2015,0.0429
Slovakia,SVK,2016,0.1032
Slovakia,SVK,2017,0.083
Slovakia,SVK,2018,0.0703
Slovakia,SVK,2019,0.0805
Slovakia,SVK,2020,-0.0563
Slovakia,SVK,2021,-0.3239
Slovakia,SVK,2022,-0.103
Slovakia,SVK,2023,-0.0343
Slovenia,SVN,1950,1.1492
Slovenia,SVN,1951,1.0965
Slovenia,SVN,1952,1.1482
Slovenia,SVN,1953,1.2371
Slovenia,SVN,1954,1.1493
Slovenia,SVN,1955,1.114
Slovenia,SVN,1956,1.0729
Slovenia,SVN,1957,0.9795
Slovenia,SVN,1958,0.8795
Slovenia,SVN,1959,0.8795
Slovenia,SVN,1960,0.8458
Slovenia,SVN,1961,0.9038
Slovenia,SVN,1962,0.8923
Slovenia,SVN,1963,0.8605
Slovenia,SVN,1964,0.853
Slovenia,SVN,1965,0.9275
Slovenia,SVN,1966,0.9339
Slovenia,SVN,1967,0.8303
Slovenia,SVN,1968,0.6826
Slovenia,SVN,1969,0.617
Slovenia,SVN,1970,0.6174
Slovenia,SVN,1971,0.7081
Slovenia,SVN,1972,0.7571
Slovenia,SVN,1973,0.797
Slovenia,SVN,1974,0.7436
Slovenia,SVN,1975,0.7794
Slovenia,SVN,1976,0.8015
Slovenia,SVN,1977,0.7788
Slovenia,SVN,1978,0.8178
Slovenia,SVN,1979,0.8102
Slovenia,SVN,1980,0.7256
Slovenia,SVN,1981,0.5803
Slovenia,SVN,1982,0.4885
Slovenia,SVN,1983,0.3372
Slovenia,SVN,1984,0.2753
Slovenia,SVN,1985,0.2843
Slovenia,SVN,1986,0.2597
Slovenia,SVN,1987,0.2816
Slovenia,SVN,1988,0.2733
Slovenia,SVN,1989,0.209
Slovenia,SVN,1990,0.1513
Slovenia,SVN,1991,0.1027
Slovenia,SVN,1992,0.0072
Slovenia,SVN,1993,-0.0026
Slovenia,SVN,1994,-0.0126
Slovenia,SVN,1995,-0.0145
Slovenia,SVN,1996,-0.011
Slovenia,SVN,1997,-0.0415
Slovenia,SVN,1998,-0.0641
Slovenia,SVN,1999,-0.0749
Slovenia,SVN,2000,-0.0339
Slovenia,SVN,2001,-0.0622
Slovenia,SVN,2002,-0.0744
Slovenia,SVN,2003,-0.0947
Slovenia,SVN,2004,-0.0491
Slovenia,SVN,2005,-0.0176
Slovenia,SVN,2006,0.0178
Slovenia,SVN,2007,0.0727
Slovenia,SVN,2008,0.1593
Slovenia,SVN,2009,0.1597
Slovenia,SVN,2010,0.1747
Slovenia,SVN,2011,0.1479
Slovenia,SVN,2012,0.1315
Slovenia,SVN,2013,0.0872
Slovenia,SVN,2014,0.0756
Slovenia,SVN,2015,0.0432
Slovenia,SVN,2016,0.0027
Slovenia,SVN,2017,-0.026
Slovenia,SVN,2018,-0.064
Slovenia,SVN,2019,-0.0841
Slovenia,SVN,2020,-0.2452
Slovenia,SVN,2021,-0.1746
Slovenia,SVN,2022,-0.2048
Slovenia,SVN,2023,-0.1737
Solomon Islands,SLB,1950,2.0382
Solomon Islands,SLB,1951,2.193
Solomon Islands,SLB,1952,2.3251
Solomon Islands,SLB,1953,2.417
Solomon Islands,SLB,1954,2.5122
Solomon Islands,SLB,1955,2.5938
Solomon Islands,SLB,1956,2.4998
Solomon Islands,SLB,1957,2.7448
Solomon Islands,SLB,1958,2.8165
Solomon Islands,SLB,1959,2.8806
Solomon Islands,SLB,1960,2.949
Solomon Islands,SLB,1961,2.9788
Solomon Islands,SLB,1962,3.0149
Solomon Islands,SLB,1963,3.0557
Solomon Islands,SLB,1964,3.1011
Solomon Islands,SLB,1965,3.1181
Solomon Islands,SLB,1966,3.135
Solomon Islands,SLB,1967,3.1363
Solomon Islands,SLB,1968,3.1408
Solomon Islands,SLB,1969,3.1564
Solomon Islands,SLB,1970,3.1568
Solomon Islands,SLB,1971,3.2183
Solomon Islands,SLB,1972,3.2832
Solomon Islands,SLB,1973,3.3421
Solomon Islands,SLB,1974,3.3903
Solomon Islands,SLB,1975,3.3048
Solomon Islands,SLB,1976,3.4065
Solomon Islands,SLB,1977,3.3998
Solomon Islands,SLB,1978,3.422
Solomon Islands,SLB,1979,3.4243
Solomon Islands,SLB,1980,3.425
Solomon Islands,SLB,1981,3.4217
Solomon Islands,SLB,1982,3.4169
Solomon Islands,SLB,1983,3.4125
Solomon Islands,SLB,1984,3.4044
Solomon Islands,SLB,1985,3.3754
Solomon Islands,SLB,1986,3.3086
Solomon Islands,SLB,1987,3.2988
Solomon Islands,SLB,1988,3.2581
Solomon Islands,SLB,1989,3.2226
Solomon Islands,SLB,1990,3.1866
Solomon Islands,SLB,1991,3.1572
Solomon Islands,SLB,1992,3.1314
Solomon Islands,SLB,1993,3.141
Solomon Islands,SLB,1994,3.15
Solomon Islands,SLB,1995,3.1512
Solomon Islands,SLB,1996,3.1129
Solomon Islands,SLB,1997,3.0623
Solomon Islands,SLB,1998,3.0204
Solomon Islands,SLB,1999,2.9754
Solomon Islands,SLB,2000,2.9374
Solomon Islands,SLB,2001,2.9082
Solomon Islands,SLB,2002,2.8832
Solomon Islands,SLB,2003,2.8625
Solomon Islands,SLB,2004,2.8326
Solomon Islands,SLB,2005,2.8087
Solomon Islands,SLB,2006,2.8071
Solomon Islands,SLB,2007,2.7916
Solomon Islands,SLB,2008,2.7957
Solomon Islands,SLB,2009,2.7756
Solomon Islands,SLB,2010,2.7401
Solomon Islands,SLB,2011,2.7299
Solomon Islands,SLB,2012,2.717
Solomon Islands,SLB,2013,2.6957
Solomon Islands,SLB,2014,2.6994
Solomon Islands,SLB,2015,2.6444
Solomon Islands,SLB,2016,2.5706
Solomon Islands,SLB,2017,2.4643
Solomon Islands,SLB,2018,2.3677
Solomon Islands,SLB,2019,2.2866
Solomon Islands,SLB,2020,2.2146
Solomon Islands,SLB,2021,2.1801
Solomon Islands,SLB,2022,2.2089
Solomon Islands,SLB,2023,2.1794
Somalia,SOM,1950,2.8166
Somalia,SOM,1951,2.7472
Somalia,SOM,1952,2.7026
Somalia,SOM,1953,2.6682
Somalia,SOM,1954,2.6404
Somalia,SOM,1955,2.6187
Somalia,SOM,1956,2.6018
Somalia,SOM,1957,2.589
Somalia,SOM,1958,2.5804
Somalia,SOM,1959,2.5723
Somalia,SOM,1960,2.5675
Somalia,SOM,1961,2.558
Somalia,SOM,1962,2.5655
Somalia,SOM,1963,2.5675
Somalia,SOM,1964,2.5696
Somalia,SOM,1965,2.5763
Somalia,SOM,1966,2.5833
Somalia,SOM,1967,2.5907
Somalia,SOM,1968,2.5999
Somalia,SOM,1969,2.6104
Somalia,SOM,1970,2.6221
Somalia,SOM,1971,2.6369
Somalia,SOM,1972,2.6525
Somalia,SOM,1973,2.6705
Somalia,SOM,1974,2.5245
Somalia,SOM,1975,2.5601
Somalia,SOM,1976,2.5956
Somalia,SOM,1977,2.7836
Somalia,SOM,1978,2.7558
Somalia,SOM,1979,2.7714
Somalia,SOM,1980,2.9445
Somalia,SOM,1981,3.0957
Somalia,SOM,1982,3.0446
Somalia,SOM,1983,3.0778
Somalia,SOM,1984,3.0959
Somalia,SOM,1985,3.107
Somalia,SOM,1986,3.1315
Somalia,SOM,1987,3.2038
Somalia,SOM,1988,2.9798
Somalia,SOM,1989,3.166
Somalia,SOM,1990,3.179
Somalia,SOM,1991,0.7786
Somalia,SOM,1992,0.8852
Somalia,SOM,1993,3.4867
Somalia,SOM,1994,3.5144
Somalia,SOM,1995,3.4936
Somalia,SOM,1996,3.5053
Somalia,SOM,1997,3.4749
Somalia,SOM,1998,3.4919
Somalia,SOM,1999,3.48
Somalia,SOM,2000,3.4694
Somalia,SOM,2001,3.4686
Somalia,SOM,2002,3.4682
Somalia,SOM,2003,3.4432
Somalia,SOM,2004,3.4234
Somalia,SOM,2005,3.4114
Somalia,SOM,2006,3.3948
Somalia,SOM,2007,3.3588
Somalia,SOM,2008,3.3804
Somalia,SOM,2009,3.3925
Somalia,SOM,2010,3.1445
Somalia,SOM,2011,1.6456
Somalia,SOM,2012,3.2057
Somalia,SOM,2013,3.4851
Somalia,SOM,2014,3.482
Somalia,SOM,2015,3.4879
Somalia,SOM,2016,3.4507
Somalia,SOM,2017,3.2082
Somalia,SOM,2018,3.3279
Somalia,SOM,2019,3.4231
Somalia,SOM,2020,3.371
Somalia,SOM,2021,3.2794
Somalia,SOM,2022,3.0977
Somalia,SOM,2023,3.3129
South Africa,ZAF,1950,1.939
South Africa,ZAF,1951,2.0406
South Africa,ZAF,1952,2.1296
South Africa,ZAF,1953,2.208
South Africa,ZAF,1954,2.2786
South Africa,ZAF,1955,2.3488
South Africa,ZAF,1956,2.407
South Africa,ZAF,1957,2.4617
South Africa,ZAF,1958,2.5158
South Africa,ZAF,1959,2.533
South Africa,ZAF,1960,2.5624
South Africa,ZAF,1961,2.5896
South Africa,ZAF,1962,2.6158
South Africa,ZAF,1963,2.639
South Africa,ZAF,1964,2.6503
South Africa,ZAF,1965,2.654
South Africa,ZAF,1966,2.7164
South Africa,ZAF,1967,2.7259
South Africa,ZAF,1968,2.7286
South Africa,ZAF,1969,2.7333
South Africa,ZAF,1970,2.7159
South Africa,ZAF,1971,2.7232
South Africa,ZAF,1972,2.7055
South Africa,ZAF,1973,2.6821
South Africa,ZAF,1974,2.6349
South Africa,ZAF,1975,2.5996
South Africa,ZAF,1976,2.5573
South Africa,ZAF,1977,2.5109
South Africa,ZAF,1978,2.4914
South Africa,ZAF,1979,2.5024
South Africa,ZAF,1980,2.5015
South Africa,ZAF,1981,2.5141
South Africa,ZAF,1982,2.5543
South Africa,ZAF,1983,2.5566
South Africa,ZAF,1984,2.564
South Africa,ZAF,1985,2.5509
South Africa,ZAF,1986,2.4976
South Africa,ZAF,1987,2.471
South Africa,ZAF,1988,2.3628
South Africa,ZAF,1989,2.2323
South Africa,ZAF,1990,2.0503
South Africa,ZAF,1991,1.9845
South Africa,ZAF,1992,1.8717
South Africa,ZAF,1993,1.8228
South Africa,ZAF,1994,1.5876
South Africa,ZAF,1995,1.6692
South Africa,ZAF,1996,1.5754
South Africa,ZAF,1997,1.4627
South Africa,ZAF,1998,1.3565
South Africa,ZAF,1999,1.2725
South Africa,ZAF,2000,1.1174
South Africa,ZAF,2001,1.0192
South Africa,ZAF,2002,0.8974
South Africa,ZAF,2003,0.8557
South Africa,ZAF,2004,0.9033
South Africa,ZAF,2005,0.9385
South Africa,ZAF,2006,0.9752
South Africa,ZAF,2007,0.9966
South Africa,ZAF,2008,1.1647
South Africa,ZAF,2009,1.0712
South Africa,ZAF,2010,1.0829
South Africa,ZAF,2011,1.1354
South Africa,ZAF,2012,1.1969
South Africa,ZAF,2013,1.1932
South Africa,ZAF,2014,1.2137
South Africa,ZAF,2015,1.179
South Africa,ZAF,2016,1.1201
South Africa,ZAF,2017,1.1208
South Africa,ZAF,2018,1.1061
South Africa,ZAF,2019,1.0944
South Africa,ZAF,2020,0.9839
South Africa,ZAF,2021,0.7421
South Africa,ZAF,2022,0.9677
South Africa,ZAF,2023,0.9536
South Korea,KOR,1950,-0.7401
South Korea,KOR,1951,0.2866
South Korea,KOR,1952,1.6103
South Korea,KOR,1953,2.0252
South Korea,KOR,1954,2.4539
South Korea,KOR,1955,2.6189
South Korea,KOR,1956,2.7525
South Korea,KOR,1957,2.8602
South Korea,KOR,1958,2.8765
South Korea,KOR,1959,2.9196
South Korea,KOR,1960,2.9106
South Korea,KOR,1961,2.8339
South Korea,KOR,1962,2.6877
South Korea,KOR,1963,2.5157
South Korea,KOR,1964,2.3424
South Korea,KOR,1965,2.2334
South Korea,KOR,1966,2.1183
South Korea,KOR,1967,2.2972
South Korea,KOR,1968,2.2196
South Korea,KOR,1969,2.2008
South Korea,KOR,1970,2.2341
South Korea,KOR,1971,2.1138
South Korea,KOR,1972,1.9789
South Korea,KOR,1973,1.8659
South Korea,KOR,1974,1.7432
South Korea,KOR,1975,1.6335
South Korea,KOR,1976,1.5585
South Korea,KOR,1977,1.4751
South Korea,KOR,1978,1.3668
South Korea,KOR,1979,1.5211
South Korea,KOR,1980,1.5068
South Korea,KOR,1981,1.6836
South Korea,KOR,1982,1.5638
South Korea,KOR,1983,1.3082
South Korea,KOR,1984,1.1525
South Korea,KOR,1985,1.055
South Korea,KOR,1986,1.0001
South Korea,KOR,1987,0.9501
South Korea,KOR,1988,0.953
South Korea,KOR,1989,0.9555
South Korea,KOR,1990,0.9801
South Korea,KOR,1991,1.0686
South Korea,KOR,1992,1.0992
South Korea,KOR,1993,1.0378
South Korea,KOR,1994,1.0004
South Korea,KOR,1995,0.9709
South Korea,KOR,1996,0.9296
South Korea,KOR,1997,0.8843
South Korea,KOR,1998,0.8211
South Korea,KOR,1999,0.7847
South Korea,KOR,2000,0.77
South Korea,KOR,2001,0.6516
South Korea,KOR,2002,0.5305
South Korea,KOR,2003,0.4826
South Korea,KOR,2004,0.4426
South Korea,KOR,2005,0.3937
South Korea,KOR,2006,0.4116
South Korea,KOR,2007,0.449
South Korea,KOR,2008,0.4184
South Korea,KOR,2009,0.3963
South Korea,KOR,2010,0.401
South Korea,KOR,2011,0.4052
South Korea,KOR,2012,0.3891
South Korea,KOR,2013,0.3322
South Korea,KOR,2014,0.3155
South Korea,KOR,2015,0.286
South Korea,KOR,2016,0.2223
South Korea,KOR,2017,0.1306
South Korea,KOR,2018,0.0383
South Korea,KOR,2019,-0.0246
South Korea,KOR,2020,-0.0912
South Korea,KOR,2021,-0.1326
South Korea,KOR,2022,-0.2589
South Korea,KOR,2023,-0.2109
South Sudan,SSD,1950,1.4248
South Sudan,SSD,1951,1.539
South Sudan,SSD,1952,1.6206
South Sudan,SSD,1953,1.6997
South Sudan,SSD,1954,1.7656
South Sudan,SSD,1955,1.8212
South Sudan,SSD,1956,1.799
South Sudan,SSD,1957,1.7423
South Sudan,SSD,1958,1.3579
South Sudan,SSD,1959,1.4131
South Sudan,SSD,1960,1.4649
South Sudan,SSD,1961,1.518
South Sudan,SSD,1962,1.5675
South Sudan,SSD,1963,1.5079
South Sudan,SSD,1964,2.0699
South Sudan,SSD,1965,1.6202
South Sudan,SSD,1966,1.1903
South Sudan,SSD,1967,1.2618
South Sudan,SSD,1968,1.3311
South Sudan,SSD,1969,1.2484
South Sudan,SSD,1970,1.3132
South Sudan,SSD,1971,2.0846
South Sudan,SSD,1972,2.1116
South Sudan,SSD,1973,2.6125
South Sudan,SSD,1974,2.6101
South Sudan,SSD,1975,2.6137
South Sudan,SSD,1976,2.6096
South Sudan,SSD,1977,2.6065
South Sudan,SSD,1978,2.6008
South Sudan,SSD,1979,2.588
South Sudan,SSD,1980,2.5883
South Sudan,SSD,1981,2.5895
South Sudan,SSD,1982,2.6031
South Sudan,SSD,1983,2.2333
South Sudan,SSD,1984,1.9149
South Sudan,SSD,1985,1.9722
South Sudan,SSD,1986,2.0219
South Sudan,SSD,1987,0.116
South Sudan,SSD,1988,-2.5876
South Sudan,SSD,1989,1.7766
South Sudan,SSD,1990,1.7498
South Sudan,SSD,1991,1.8168
South Sudan,SSD,1992,0.5881
South Sudan,SSD,1993,0.6614
South Sudan,SSD,1994,3.2617
South Sudan,SSD,1995,2.1129
South Sudan,SSD,1996,2.179
South Sudan,SSD,1997,2.2046
South Sudan,SSD,1998,-0.2163
South Sudan,SSD,1999,3.1312
South Sudan,SSD,2000,3.2501
South Sudan,SSD,2001,3.2355
South Sudan,SSD,2002,3.2139
South Sudan,SSD,2003,3.2713
South Sudan,SSD,2004,3.2058
South Sudan,SSD,2005,3.1524
South Sudan,SSD,2006,3.0929
South Sudan,SSD,2007,3.0582
South Sudan,SSD,2008,3.0424
South Sudan,SSD,2009,3.0168
South Sudan,SSD,2010,2.949
South Sudan,SSD,2011,2.9469
South Sudan,SSD,2012,2.9097
South Sudan,SSD,2013,2.8298
South Sudan,SSD,2014,2.0259
South Sudan,SSD,2015,1.3373
South Sudan,SSD,2016,1.0208
South Sudan,SSD,2017,0.7037
South Sudan,SSD,2018,1.6645
South Sudan,SSD,2019,2.0119
South Sudan,SSD,2020,1.9847
South Sudan,SSD,2021,1.9655
South Sudan,SSD,2022,1.916
South Sudan,SSD,2023,1.8981
Spain,ESP,1950,0.8994
Spain,ESP,1951,0.8439
Spain,ESP,1952,1.1073
Spain,ESP,1953,1.0821
Spain,ESP,1954,1.0905
Spain,ESP,1955,1.114
Spain,ESP,1956,1.0937
Spain,ESP,1957,1.1935
Spain,ESP,1958,1.3279
Spain,ESP,1959,1.2962
Spain,ESP,1960,1.311
Spain,ESP,1961,1.2771
Spain,ESP,1962,1.2266
Spain,ESP,1963,1.2376
Spain,ESP,1964,1.3266
Spain,ESP,1965,1.2489
Spain,ESP,1966,1.2116
Spain,ESP,1967,1.2194
Spain,ESP,1968,1.1666
Spain,ESP,1969,1.0828
Spain,ESP,1970,1.1221
Spain,ESP,1971,1.0635
Spain,ESP,1972,1.1183
Spain,ESP,1973,1.0607
Spain,ESP,1974,1.0902
Spain,ESP,1975,1.0528
Spain,ESP,1976,1.0547
Spain,ESP,1977,1.0039
Spain,ESP,1978,0.933
Spain,ESP,1979,0.846
Spain,ESP,1980,0.7598
Spain,ESP,1981,0.641
Spain,ESP,1982,0.6078
Spain,ESP,1983,0.4894
Spain,ESP,1984,0.4612
Spain,ESP,1985,0.384
Spain,ESP,1986,0.3477
Spain,ESP,1987,0.3195
Spain,ESP,1988,0.274
Spain,ESP,1989,0.2343
Spain,ESP,1990,0.1944
Spain,ESP,1991,0.1669
Spain,ESP,1992,0.181
Spain,ESP,1993,0.133
Spain,ESP,1994,0.1007
Spain,ESP,1995,0.0625
Spain,ESP,1996,0.0474
Spain,ESP,1997,0.0637
Spain,ESP,1998,0.0325
Spain,ESP,1999,0.0396
Spain,ESP,2000,0.1044
Spain,ESP,2001,0.1242
Spain,ESP,2002,0.1192
Spain,ESP,2003,0.1308
Spain,ESP,2004,0.1871
Spain,ESP,2005,0.1747
Spain,ESP,2006,0.239
Spain,ESP,2007,0.2269
Spain,ESP,2008,0.2755
Spain,ESP,2009,0.2342
Spain,ESP,2010,0.2186
Spain,ESP,2011,0.1757
Spain,ESP,2012,0.1079
Spain,ESP,2013,0.0803
Spain,ESP,2014,0.0655
Spain,ESP,2015,-0.008
Spain,ESP,2016,-0.0056
Spain,ESP,2017,-0.0712
Spain,ESP,2018,-0.1206
Spain,ESP,2019,-0.1284
Spain,ESP,2020,-0.3189
Spain,ESP,2021,-0.2448
Spain,ESP,2022,-0.2966
Spain,ESP,2023,-0.2309
Sri Lanka,LKA,1950,1.6907
Sri Lanka,LKA,1951,1.854
Sri Lanka,LKA,1952,1.9835
Sri Lanka,LKA,1953,2.0874
Sri Lanka,LKA,1954,2.1666
Sri Lanka,LKA,1955,2.2304
Sri Lanka,LKA,1956,2.2806
Sri Lanka,LKA,1957,2.3915
Sri Lanka,LKA,1958,2.499
Sri Lanka,LKA,1959,2.5608
Sri Lanka,LKA,1960,2.5631
Sri Lanka,LKA,1961,2.5364
Sri Lanka,LKA,1962,2.5308
Sri Lanka,LKA,1963,2.5289
Sri Lanka,LKA,1964,2.5305
Sri Lanka,LKA,1965,2.4954
Sri Lanka,LKA,1966,2.4638
Sri Lanka,LKA,1967,2.4852
Sri Lanka,LKA,1968,2.4424
Sri Lanka,LKA,1969,2.3824
Sri Lanka,LKA,1970,2.3335
Sri Lanka,LKA,1971,2.2403
Sri Lanka,LKA,1972,2.2054
Sri Lanka,LKA,1973,2.1329
Sri Lanka,LKA,1974,2.0707
Sri Lanka,LKA,1975,2.085
Sri Lanka,LKA,1976,2.1151
Sri Lanka,LKA,1977,2.1356
Sri Lanka,LKA,1978,2.2156
Sri Lanka,LKA,1979,2.262
Sri Lanka,LKA,1980,2.2101
Sri Lanka,LKA,1981,2.1729
Sri Lanka,LKA,1982,1.9627
Sri Lanka,LKA,1983,1.805
Sri Lanka,LKA,1984,1.7043
Sri Lanka,LKA,1985,1.5944
Sri Lanka,LKA,1986,1.4861
Sri Lanka,LKA,1987,1.4225
Sri Lanka,LKA,1988,1.3632
Sri Lanka,LKA,1989,1.3072
Sri Lanka,LKA,1990,1.3726
Sri Lanka,LKA,1991,1.3239
Sri Lanka,LKA,1992,1.3276
Sri Lanka,LKA,1993,1.3289
Sri Lanka,LKA,1994,1.325
Sri Lanka,LKA,1995,1.2637
Sri Lanka,LKA,1996,1.2024
Sri Lanka,LKA,1997,1.1409
Sri Lanka,LKA,1998,1.0812
Sri Lanka,LKA,1999,1.092
Sri Lanka,LKA,2000,1.1769
Sri Lanka,LKA,2001,1.2468
Sri Lanka,LKA,2002,1.2766
Sri Lanka,LKA,2003,1.2631
Sri Lanka,LKA,2004,1.058
Sri Lanka,LKA,2005,1.2301
Sri Lanka,LKA,2006,1.222
Sri Lanka,LKA,2007,1.2116
Sri Lanka,LKA,2008,1.1257
Sri Lanka,LKA,2009,0.9644
Sri Lanka,LKA,2010,1.0744
Sri Lanka,LKA,2011,1.0684
Sri Lanka,LKA,2012,1.0824
Sri Lanka,LKA,2013,1.0737
Sri Lanka,LKA,2014,1.0181
Sri Lanka,LKA,2015,0.9624
Sri Lanka,LKA,2016,0.9158
Sri Lanka,LKA,2017,0.8763
Sri Lanka,LKA,2018,0.8473
Sri Lanka,LKA,2019,0.818
Sri Lanka,LKA,2020,0.7866
Sri Lanka,LKA,2021,0.7009
Sri Lanka,LKA,2022,0.7318
Sri Lanka,LKA,2023,0.7037
Sudan,SDN,1950,2.8945
Sudan,SDN,1951,2.9316
Sudan,SDN,1952,2.9598
Sudan,SDN,1953,2.9891
Sudan,SDN,1954,3.0174
Sudan,SDN,1955,3.0392
Sudan,SDN,1956,3.0578
Sudan,SDN,1957,3.08
Sudan,SDN,1958,3.1043
Sudan,SDN,1959,3.1111
Sudan,SDN,1960,3.1351
Sudan,SDN,1961,3.1565
Sudan,SDN,1962,3.2214
Sudan,SDN,1963,3.2776
Sudan,SDN,1964,3.3067
Sudan,SDN,1965,3.3252
Sudan,SDN,1966,3.3549
Sudan,SDN,1967,3.3799
Sudan,SDN,1968,3.3973
Sudan,SDN,1969,3.4137
Sudan,SDN,1970,3.4287
Sudan,SDN,1971,3.45
Sudan,SDN,1972,3.4191
Sudan,SDN,1973,3.3657
Sudan,SDN,1974,3.2727
Sudan,SDN,1975,3.2337
Sudan,SDN,1976,3.226
Sudan,SDN,1977,3.2021
Sudan,SDN,1978,3.1729
Sudan,SDN,1979,3.2096
Sudan,SDN,1980,3.2413
Sudan,SDN,1981,3.2906
Sudan,SDN,1982,3.28
Sudan,SDN,1983,2.9838
Sudan,SDN,1984,2.954
Sudan,SDN,1985,2.9307
Sudan,SDN,1986,3.2021
Sudan,SDN,1987,3.18
Sudan,SDN,1988,3.1819
Sudan,SDN,1989,3.1687
Sudan,SDN,1990,3.1785
Sudan,SDN,1991,3.1802
Sudan,SDN,1992,3.1891
Sudan,SDN,1993,3.1701
Sudan,SDN,1994,3.1802
Sudan,SDN,1995,3.1643
Sudan,SDN,1996,3.1426
Sudan,SDN,1997,3.1095
Sudan,SDN,1998,3.0793
Sudan,SDN,1999,3.0808
Sudan,SDN,2000,3.0864
Sudan,SDN,2001,3.0869
Sudan,SDN,2002,3.0722
Sudan,SDN,2003,3.0045
Sudan,SDN,2004,2.9106
Sudan,SDN,2005,2.9013
Sudan,SDN,2006,3.0124
Sudan,SDN,2007,3.0302
Sudan,SDN,2008,2.9795
Sudan,SDN,2009,3.0137
Sudan,SDN,2010,3.0168
Sudan,SDN,2011,2.9631
Sudan,SDN,2012,2.9062
Sudan,SDN,2013,2.8541
Sudan,SDN,2014,2.8281
Sudan,SDN,2015,2.8614
Sudan,SDN,2016,2.8464
Sudan,SDN,2017,2.8282
Sudan,SDN,2018,2.8428
Sudan,SDN,2019,2.836
Sudan,SDN,2020,2.7694
Sudan,SDN,2021,2.6917
Sudan,SDN,2022,2.7013
Sudan,SDN,2023,2.7208
Suriname,SUR,1950,2.4064
Suriname,SUR,1951,2.6925
Suriname,SUR,1952,2.6921
Suriname,SUR,1953,2.7521
Suriname,SUR,1954,2.8196
Suriname,SUR,1955,2.8982
Suriname,SUR,1956,2.9759
Suriname,SUR,1957,3.0283
Suriname,SUR,1958,3.0687
Suriname,SUR,1959,3.0893
Suriname,SUR,1960,3.0957
Suriname,SUR,1961,3.065
Suriname,SUR,1962,3.0041
Suriname,SUR,1963,2.9751
Suriname,SUR,1964,2.9685
Suriname,SUR,1965,2.8967
Suriname,SUR,1966,2.7913
Suriname,SUR,1967,2.6567
Suriname,SUR,1968,2.5323
Suriname,SUR,1969,2.4203
Suriname,SUR,1970,2.3254
Suriname,SUR,1971,2.2488
Suriname,SUR,1972,2.2376
Suriname,SUR,1973,2.2428
Suriname,SUR,1974,2.2229
Suriname,SUR,1975,2.1953
Suriname,SUR,1976,2.1446
Suriname,SUR,1977,2.077
Suriname,SUR,1978,2.0051
Suriname,SUR,1979,1.9365
Suriname,SUR,1980,1.8655
Suriname,SUR,1981,2.0084
Suriname,SUR,1982,2.1768
Suriname,SUR,1983,2.3227
Suriname,SUR,1984,2.3631
Suriname,SUR,1985,2.3715
Suriname,SUR,1986,2.3505
Suriname,SUR,1987,2.348
Suriname,SUR,1988,2.3238
Suriname,SUR,1989,2.3117
Suriname,SUR,1990,2.1933
Suriname,SUR,1991,2.081
Suriname,SUR,1992,2.0009
Suriname,SUR,1993,1.9379
Suriname,SUR,1994,1.8774
Suriname,SUR,1995,1.8549
Suriname,SUR,1996,1.8302
Suriname,SUR,1997,1.8091
Suriname,SUR,1998,1.7869
Suriname,SUR,1999,1.7639
Suriname,SUR,2000,1.7463
Suriname,SUR,2001,1.7159
Suriname,SUR,2002,1.5942
Suriname,SUR,2003,1.4603
Suriname,SUR,2004,1.3519
Suriname,SUR,2005,1.355
Suriname,SUR,2006,1.3862
Suriname,SUR,2007,1.4063
Suriname,SUR,2008,1.4057
Suriname,SUR,2009,1.3907
Suriname,SUR,2010,1.3618
Suriname,SUR,2011,1.3305
Suriname,SUR,2012,1.3162
Suriname,SUR,2013,1.2917
Suriname,SUR,2014,1.266
Suriname,SUR,2015,1.2293
Suriname,SUR,2016,1.1873
Suriname,SUR,2017,1.1407
Suriname,SUR,2018,1.1031
Suriname,SUR,2019,1.0835
Suriname,SUR,2020,1.0844
Suriname,SUR,2021,0.8564
Suriname,SUR,2022,1.0783
Suriname,SUR,2023,1.0649
Sweden,SWE,1950,0.6428
Sweden,SWE,1951,0.5743
Sweden,SWE,1952,0.59
Sweden,SWE,1953,0.5641
Sweden,SWE,1954,0.4995
Sweden,SWE,1955,0.5248
Sweden,SWE,1956,0.5139
Sweden,SWE,1957,0.4585
Sweden,SWE,1958,0.4568
Sweden,SWE,1959,0.438
Sweden,SWE,1960,0.344
Sweden,SWE,1961,0.3932
Sweden,SWE,1962,0.3892
Sweden,SWE,1963,0.4642
Sweden,SWE,1964,0.5755
Sweden,SWE,1965,0.5627
Sweden,SWE,1966,0.5674
Sweden,SWE,1967,0.5254
Sweden,SWE,1968,0.3854
Sweden,SWE,1969,0.3001
Sweden,SWE,1970,0.3677
Sweden,SWE,1971,0.3888
Sweden,SWE,1972,0.3487
Sweden,SWE,1973,0.2977
Sweden,SWE,1974,0.2824
Sweden,SWE,1975,0.1854
Sweden,SWE,1976,0.0905
Sweden,SWE,1977,0.0886
Sweden,SWE,1978,0.0428
Sweden,SWE,1979,0.0564
Sweden,SWE,1980,0.058
Sweden,SWE,1981,0.0229
Sweden,SWE,1982,0.0219
Sweden,SWE,1983,0.0122
Sweden,SWE,1984,0.0403
Sweden,SWE,1985,0.0482
Sweden,SWE,1986,0.0977
Sweden,SWE,1987,0.1335
Sweden,SWE,1988,0.1753
Sweden,SWE,1989,0.277
Sweden,SWE,1990,0.3242
Sweden,SWE,1991,0.3255
Sweden,SWE,1992,0.3156
Sweden,SWE,1993,0.2333
Sweden,SWE,1994,0.2243
Sweden,SWE,1995,0.106
Sweden,SWE,1996,0.0147
Sweden,SWE,1997,-0.0308
Sweden,SWE,1998,-0.0505
Sweden,SWE,1999,-0.075
Sweden,SWE,2000,-0.0381
Sweden,SWE,2001,-0.0285
Sweden,SWE,2002,0.0042
Sweden,SWE,2003,0.0655
Sweden,SWE,2004,0.1099
Sweden,SWE,2005,0.1016
Sweden,SWE,2006,0.1522
Sweden,SWE,2007,0.1628
Sweden,SWE,2008,0.1843
Sweden,SWE,2009,0.2214
Sweden,SWE,2010,0.2515
Sweden,SWE,2011,0.2249
Sweden,SWE,2012,0.2129
Sweden,SWE,2013,0.2329
Sweden,SWE,2014,0.2564
Sweden,SWE,2015,0.2352
Sweden,SWE,2016,0.2498
Sweden,SWE,2017,0.2234
Sweden,SWE,2018,0.2204
Sweden,SWE,2019,0.2421
Sweden,SWE,2020,0.1383
Sweden,SWE,2021,0.2047
Sweden,SWE,2022,0.0971
Sweden,SWE,2023,0.0377
Switzerland,CHE,1950,0.7903
Switzerland,CHE,1951,0.6708
Switzerland,CHE,1952,0.7386
Switzerland,CHE,1953,0.6816
Switzerland,CHE,1954,0.698
Switzerland,CHE,1955,0.6984
Switzerland,CHE,1956,0.7175
Switzerland,CHE,1957,0.7733
Switzerland,CHE,1958,0.8118
Switzerland,CHE,1959,0.8115
Switzerland,CHE,1960,0.7896
Switzerland,CHE,1961,0.8654
Switzerland,CHE,1962,0.8621
Switzerland,CHE,1963,0.9074
Switzerland,CHE,1964,1.0094
Switzerland,CHE,1965,0.9564
Switzerland,CHE,1966,0.903
Switzerland,CHE,1967,0.8582
Switzerland,CHE,1968,0.773
Switzerland,CHE,1969,0.7158
Switzerland,CHE,1970,0.6925
Switzerland,CHE,1971,0.613
Switzerland,CHE,1972,0.549
Switzerland,CHE,1973,0.4775
Switzerland,CHE,1974,0.4363
Switzerland,CHE,1975,0.3622
Switzerland,CHE,1976,0.2759
Switzerland,CHE,1977,0.2704
Switzerland,CHE,1978,0.214
Switzerland,CHE,1979,0.2257
Switzerland,CHE,1980,0.2208
Switzerland,CHE,1981,0.2108
Switzerland,CHE,1982,0.2336
Switzerland,CHE,1983,0.1945
Switzerland,CHE,1984,0.2412
Switzerland,CHE,1985,0.2256
Switzerland,CHE,1986,0.236
Switzerland,CHE,1987,0.2501
Switzerland,CHE,1988,0.2833
Switzerland,CHE,1989,0.2944
Switzerland,CHE,1990,0.2733
Switzerland,CHE,1991,0.3095
Switzerland,CHE,1992,0.3409
Switzerland,CHE,1993,0.2938
Switzerland,CHE,1994,0.2864
Switzerland,CHE,1995,0.2576
Switzerland,CHE,1996,0.2752
Switzerland,CHE,1997,0.2421
Switzerland,CHE,1998,0.221
Switzerland,CHE,1999,0.2104
Switzerland,CHE,2000,0.2042
Switzerland,CHE,2001,0.1413
Switzerland,CHE,2002,0.1297
Switzerland,CHE,2003,0.1054
Switzerland,CHE,2004,0.1587
Switzerland,CHE,2005,0.1461
Switzerland,CHE,2006,0.1605
Switzerland,CHE,2007,0.1585
Switzerland,CHE,2008,0.1811
Switzerland,CHE,2009,0.1842
Switzerland,CHE,2010,0.2076
Switzerland,CHE,2011,0.2199
Switzerland,CHE,2012,0.2085
Switzerland,CHE,2013,0.2004
Switzerland,CHE,2014,0.2432
Switzerland,CHE,2015,0.211
Switzerland,CHE,2016,0.2575
Switzerland,CHE,2017,0.2274
Switzerland,CHE,2018,0.2265
Switzerland,CHE,2019,0.2016
Switzerland,CHE,2020,0.1017
Switzerland,CHE,2021,0.2057
Switzerland,CHE,2022,0.0605
Switzerland,CHE,2023,0.1118
Syria,SYR,1950,1.9035
Syria,SYR,1951,2.0849
Syria,SYR,1952,2.2291
Syria,SYR,1953,2.3679
Syria,SYR,1954,2.5039
Syria,SYR,1955,2.6314
Syria,SYR,1956,2.7277
Syria,SYR,1957,2.8221
Syria,SYR,1958,2.903
Syria,SYR,1959,2.9945
Syria,SYR,1960,3.0745
Syria,SYR,1961,3.1458
Syria,SYR,1962,3.2092
Syria,SYR,1963,3.2591
Syria,SYR,1964,3.3127
Syria,SYR,1965,3.3588
Syria,SYR,1966,3.4074
Syria,SYR,1967,3.4407
Syria,SYR,1968,3.5033
Syria,SYR,1969,3.5483
Syria,SYR,1970,3.6065
Syria,SYR,1971,3.6315
Syria,SYR,1972,3.6482
Syria,SYR,1973,3.6073
Syria,SYR,1974,3.7076
Syria,SYR,1975,3.7369
Syria,SYR,1976,3.7643
Syria,SYR,1977,3.79
Syria,SYR,1978,3.7828
Syria,SYR,1979,3.7514
Syria,SYR,1980,3.7115
Syria,SYR,1981,3.5662
Syria,SYR,1982,3.3394
Syria,SYR,1983,3.5879
Syria,SYR,1984,3.5753
Syria,SYR,1985,3.569
Syria,SYR,1986,3.552
Syria,SYR,1987,3.5048
Syria,SYR,1988,3.4313
Syria,SYR,1989,3.3345
Syria,SYR,1990,3.2528
Syria,SYR,1991,3.1649
Syria,SYR,1992,3.0845
Syria,SYR,1993,3.0462
Syria,SYR,1994,3.0052
Syria,SYR,1995,2.943
Syria,SYR,1996,2.8683
Syria,SYR,1997,2.7883
Syria,SYR,1998,2.7398
Syria,SYR,1999,2.7068
Syria,SYR,2000,2.6819
Syria,SYR,2001,2.6479
Syria,SYR,2002,2.5988
Syria,SYR,2003,2.5546
Syria,SYR,2004,2.5152
Syria,SYR,2005,2.4926
Syria,SYR,2006,2.4475
Syria,SYR,2007,2.5338
Syria,SYR,2008,2.6649
Syria,SYR,2009,2.545
Syria,SYR,2010,2.4849
Syria,SYR,2011,2.3776
Syria,SYR,2012,2.0893
Syria,SYR,2013,1.9354
Syria,SYR,2014,1.6431
Syria,SYR,2015,1.3075
Syria,SYR,2016,1.2296
Syria,SYR,2017,1.2339
Syria,SYR,2018,1.2388
Syria,SYR,2019,1.4433
Syria,SYR,2020,1.5582
Syria,SYR,2021,1.6208
Syria,SYR,2022,1.6461
Syria,SYR,2023,1.7068
Taiwan,TWN,1950,3.4425
Taiwan,TWN,1951,3.5507
Taiwan,TWN,1952,3.6027
Taiwan,TWN,1953,3.6077
Taiwan,TWN,1954,3.5964
Taiwan,TWN,1955,3.5797
Taiwan,TWN,1956,3.5089
Taiwan,TWN,1957,3.4246
Taiwan,TWN,1958,3.2875
Taiwan,TWN,1959,3.1675
Taiwan,TWN,1960,3.1094
Taiwan,TWN,1961,3.0366
Taiwan,TWN,1962,2.9739
Taiwan,TWN,1963,2.8761
Taiwan,TWN,1964,2.7537
Taiwan,TWN,1965,2.6343
Taiwan,TWN,1966,2.4912
Taiwan,TWN,1967,2.3497
Taiwan,TWN,1968,2.2568
Taiwan,TWN,1969,2.1939
Taiwan,TWN,1970,2.1461
Taiwan,TWN,1971,2.0435
Taiwan,TWN,1972,1.9378
Taiwan,TWN,1973,1.8991
Taiwan,TWN,1974,1.8989
Taiwan,TWN,1975,1.9451
Taiwan,TWN,1976,2.0743
Taiwan,TWN,1977,1.9396
Taiwan,TWN,1978,1.9617
Taiwan,TWN,1979,1.9773
Taiwan,TWN,1980,1.9097
Taiwan,TWN,1981,1.8604
Taiwan,TWN,1982,1.7582
Taiwan,TWN,1983,1.6124
Taiwan,TWN,1984,1.4985
Taiwan,TWN,1985,1.3396
Taiwan,TWN,1986,1.1651
Taiwan,TWN,1987,1.1502
Taiwan,TWN,1988,1.1979
Taiwan,TWN,1989,1.122
Taiwan,TWN,1990,1.1435
Taiwan,TWN,1991,1.0875
Taiwan,TWN,1992,1.0514
Taiwan,TWN,1993,1.0494
Taiwan,TWN,1994,1.023
Taiwan,TWN,1995,0.9909
Taiwan,TWN,1996,0.9675
Taiwan,TWN,1997,0.9155
Taiwan,TWN,1998,0.7272
Taiwan,TWN,1999,0.7001
Taiwan,TWN,2000,0.6479
Taiwan,TWN,2001,0.57
Taiwan,TWN,2002,0.498
Taiwan,TWN,2003,0.4196
Taiwan,TWN,2004,0.3499
Taiwan,TWN,2005,0.2813
Taiwan,TWN,2006,0.2851
Taiwan,TWN,2007,0.2566
Taiwan,TWN,2008,0.2151
Taiwan,TWN,2009,0.1714
Taiwan,TWN,2010,0.0914
Taiwan,TWN,2011,0.1712
Taiwan,TWN,2012,0.2621
Taiwan,TWN,2013,0.2066
Taiwan,TWN,2014,0.1869
Taiwan,TWN,2015,0.1921
Taiwan,TWN,2016,0.1294
Taiwan,TWN,2017,0.0767
Taiwan,TWN,2018,0.0314
Taiwan,TWN,2019,-0.0188
Taiwan,TWN,2020,-0.0541
Taiwan,TWN,2021,-0.1294
Taiwan,TWN,2022,-0.3214
Taiwan,TWN,2023,-0.3128
Tajikistan,TJK,1950,2.5013
Tajikistan,TJK,1951,2.5337
Tajikistan,TJK,1952,2.5734
Tajikistan,TJK,1953,2.6482
Tajikistan,TJK,1954,2.7199
Tajikistan,TJK,1955,2.7866
Tajikistan,TJK,1956,2.8469
Tajikistan,TJK,1957,2.9096
Tajikistan,TJK,1958,3.0036
Tajikistan,TJK,1959,3.0521
Tajikistan,TJK,1960,3.0971
Tajikistan,TJK,1961,3.125
Tajikistan,TJK,1962,3.1352
Tajikistan,TJK,1963,3.1335
Tajikistan,TJK,1964,3.0702
Tajikistan,TJK,1965,3.014
Tajikistan,TJK,1966,2.9762
Tajikistan,TJK,1967,2.9553
Tajikistan,TJK,1968,2.9304
Tajikistan,TJK,1969,2.9147
Tajikistan,TJK,1970,2.9163
Tajikistan,TJK,1971,2.9258
Tajikistan,TJK,1972,2.9349
Tajikistan,TJK,1973,2.9334
Tajikistan,TJK,1974,2.9322
Tajikistan,TJK,1975,2.9327
Tajikistan,TJK,1976,2.9315
Tajikistan,TJK,1977,2.9267
Tajikistan,TJK,1978,2.9339
Tajikistan,TJK,1979,2.9489
Tajikistan,TJK,1980,2.9507
Tajikistan,TJK,1981,2.9549
Tajikistan,TJK,1982,3.0242
Tajikistan,TJK,1983,3.0633
Tajikistan,TJK,1984,3.1059
Tajikistan,TJK,1985,3.1548
Tajikistan,TJK,1986,3.2687
Tajikistan,TJK,1987,3.3126
Tajikistan,TJK,1988,3.3784
Tajikistan,TJK,1989,3.4024
Tajikistan,TJK,1990,3.305
Tajikistan,TJK,1991,3.2048
Tajikistan,TJK,1992,2.8968
Tajikistan,TJK,1993,2.7594
Tajikistan,TJK,1994,2.8769
Tajikistan,TJK,1995,2.8399
Tajikistan,TJK,1996,2.2795
Tajikistan,TJK,1997,2.4402
Tajikistan,TJK,1998,2.4854
Tajikistan,TJK,1999,2.3778
Tajikistan,TJK,2000,2.1727
Tajikistan,TJK,2001,2.2205
Tajikistan,TJK,2002,2.2428
Tajikistan,TJK,2003,2.2586
Tajikistan,TJK,2004,2.3739
Tajikistan,TJK,2005,2.3133
Tajikistan,TJK,2006,2.3244
Tajikistan,TJK,2007,2.4074
Tajikistan,TJK,2008,2.4847
Tajikistan,TJK,2009,2.5747
Tajikistan,TJK,2010,2.6318
Tajikistan,TJK,2011,2.6637
Tajikistan,TJK,2012,2.6588
Tajikistan,TJK,2013,2.6859
Tajikistan,TJK,2014,2.6978
Tajikistan,TJK,2015,2.6713
Tajikistan,TJK,2016,2.5779
Tajikistan,TJK,2017,2.4697
Tajikistan,TJK,2018,2.4561
Tajikistan,TJK,2019,2.4325
Tajikistan,TJK,2020,2.2511
Tajikistan,TJK,2021,2.2359
Tajikistan,TJK,2022,2.2425
Tajikistan,TJK,2023,2.1543
Tanzania,TZA,1950,2.3927
Tanzania,TZA,1951,2.4413
Tanzania,TZA,1952,2.4846
Tanzania,TZA,1953,2.5155
Tanzania,TZA,1954,2.5439
Tanzania,TZA,1955,2.5843
Tanzania,TZA,1956,2.6358
Tanzania,TZA,1957,2.6934
Tanzania,TZA,1958,2.7278
Tanzania,TZA,1959,2.7525
Tanzania,TZA,1960,2.7856
Tanzania,TZA,1961,2.8155
Tanzania,TZA,1962,2.8668
Tanzania,TZA,1963,2.9135
Tanzania,TZA,1964,2.9523
Tanzania,TZA,1965,2.9942
Tanzania,TZA,1966,3.0457
Tanzania,TZA,1967,3.0718
Tanzania,TZA,1968,3.0905
Tanzania,TZA,1969,3.1321
Tanzania,TZA,1970,3.172
Tanzania,TZA,1971,3.2138
Tanzania,TZA,1972,3.2274
Tanzania,TZA,1973,3.254
Tanzania,TZA,1974,3.3104
Tanzania,TZA,1975,3.3083
Tanzania,TZA,1976,3.3079
Tanzania,TZA,1977,3.3132
Tanzania,TZA,1978,3.31
Tanzania,TZA,1979,3.2992
Tanzania,TZA,1980,3.2801
Tanzania,TZA,1981,3.2626
Tanzania,TZA,1982,3.2484
Tanzania,TZA,1983,3.2245
Tanzania,TZA,1984,3.1564
Tanzania,TZA,1985,3.1014
Tanzania,TZA,1986,3.034
Tanzania,TZA,1987,2.9903
Tanzania,TZA,1988,2.9736
Tanzania,TZA,1989,2.9241
Tanzania,TZA,1990,2.8756
Tanzania,TZA,1991,2.8454
Tanzania,TZA,1992,2.7969
Tanzania,TZA,1993,2.7461
Tanzania,TZA,1994,2.7306
Tanzania,TZA,1995,2.7613
Tanzania,TZA,1996,2.8066
Tanzania,TZA,1997,2.7948
Tanzania,TZA,1998,2.8402
Tanzania,TZA,1999,2.8488
Tanzania,TZA,2000,2.8756
Tanzania,TZA,2001,2.9156
Tanzania,TZA,2002,2.9434
Tanzania,TZA,2003,3.0155
Tanzania,TZA,2004,3.0842
Tanzania,TZA,2005,3.1243
Tanzania,TZA,2006,3.1218
Tanzania,TZA,2007,3.085
Tanzania,TZA,2008,3.0625
Tanzania,TZA,2009,3.0527
Tanzania,TZA,2010,3.0463
Tanzania,TZA,2011,3.0087
Tanzania,TZA,2012,3.0382
Tanzania,TZA,2013,3.0907
Tanzania,TZA,2014,3.1094
Tanzania,TZA,2015,3.062
Tanzania,TZA,2016,3.0832
Tanzania,TZA,2017,3.103
Tanzania,TZA,2018,3.0953
Tanzania,TZA,2019,3.07
Tanzania,TZA,2020,3.0528
Tanzania,TZA,2021,2.9924
Tanzania,TZA,2022,2.9793
Tanzania,TZA,2023,2.9431
Thailand,THA,1950,2.5031
Thailand,THA,1951,2.5858
Thailand,THA,1952,2.6497
Thailand,THA,1953,2.712
Thailand,THA,1954,2.7508
Thailand,THA,1955,2.7812
Thailand,THA,1956,2.8087
Thailand,THA,1957,2.8309
Thailand,THA,1958,2.8516
Thailand,THA,1959,2.8687
Thailand,THA,1960,2.8832
Thailand,THA,1961,2.8974
Thailand,THA,1962,2.9098
Thailand,THA,1963,2.9334
Thailand,THA,1964,2.9278
Thailand,THA,1965,2.9182
Thailand,THA,1966,2.8968
Thailand,THA,1967,2.8603
Thailand,THA,1968,2.8051
Thailand,THA,1969,2.7115
Thailand,THA,1970,2.6064
Thailand,THA,1971,2.5346
Thailand,THA,1972,2.4791
Thailand,THA,1973,2.3969
Thailand,THA,1974,2.3106
Thailand,THA,1975,2.2276
Thailand,THA,1976,2.134
Thailand,THA,1977,2.0335
Thailand,THA,1978,1.9361
Thailand,THA,1979,1.8861
Thailand,THA,1980,1.8523
Thailand,THA,1981,1.802
Thailand,THA,1982,1.7222
Thailand,THA,1983,1.6402
Thailand,THA,1984,1.5802
Thailand,THA,1985,1.5455
Thailand,THA,1986,1.5308
Thailand,THA,1987,1.4873
Thailand,THA,1988,1.4447
Thailand,THA,1989,1.4384
Thailand,THA,1990,1.3899
Thailand,THA,1991,1.3669
Thailand,THA,1992,1.3356
Thailand,THA,1993,1.285
Thailand,THA,1994,1.2231
Thailand,THA,1995,1.1552
Thailand,THA,1996,1.1038
Thailand,THA,1997,1.0619
Thailand,THA,1998,1.0034
Thailand,THA,1999,0.9279
Thailand,THA,2000,0.8632
Thailand,THA,2001,0.8236
Thailand,THA,2002,0.7847
Thailand,THA,2003,0.7523
Thailand,THA,2004,0.7128
Thailand,THA,2005,0.6913
Thailand,THA,2006,0.6628
Thailand,THA,2007,0.6339
Thailand,THA,2008,0.5941
Thailand,THA,2009,0.5617
Thailand,THA,2010,0.5402
Thailand,THA,2011,0.5299
Thailand,THA,2012,0.5062
Thailand,THA,2013,0.4654
Thailand,THA,2014,0.4196
Thailand,THA,2015,0.3776
Thailand,THA,2016,0.3193
Thailand,THA,2017,0.2736
Thailand,THA,2018,0.2233
Thailand,THA,2019,0.1634
Thailand,THA,2020,0.1174
Thailand,THA,2021,0.08
Thailand,THA,2022,-0.0851
Thailand,THA,2023,-0.0643
Togo,TGO,1950,2.4013
Togo,TGO,1951,2.4123
Togo,TGO,1952,2.4254
Togo,TGO,1953,2.4338
Togo,TGO,1954,2.4474
Togo,TGO,1955,2.4597
Togo,TGO,1956,2.4816
Togo,TGO,1957,2.5046
Togo,TGO,1958,2.5267
Togo,TGO,1959,2.5569
Togo,TGO,1960,2.5884
Togo,TGO,1961,2.6206
Togo,TGO,1962,2.6661
Togo,TGO,1963,2.712
Togo,TGO,1964,2.748
Togo,TGO,1965,2.7836
Togo,TGO,1966,2.8201
Togo,TGO,1967,2.8418
Togo,TGO,1968,2.8709
Togo,TGO,1969,2.8486
Togo,TGO,1970,2.9336
Togo,TGO,1971,2.986
Togo,TGO,1972,3.0197
Togo,TGO,1973,3.0518
Togo,TGO,1974,3.0802
Togo,TGO,1975,3.1015
Togo,TGO,1976,3.1216
Togo,TGO,1977,3.1309
Togo,TGO,1978,3.1419
Togo,TGO,1979,3.1399
Togo,TGO,1980,3.1311
Togo,TGO,1981,3.1305
Togo,TGO,1982,3.1306
Togo,TGO,1983,3.1003
Togo,TGO,1984,3.0651
Togo,TGO,1985,3.0169
Togo,TGO,1986,3.0245
Togo,TGO,1987,3.0149
Togo,TGO,1988,2.9874
Togo,TGO,1989,2.9434
Togo,TGO,1990,2.9074
Togo,TGO,1991,2.8584
Togo,TGO,1992,2.8182
Togo,TGO,1993,2.881
Togo,TGO,1994,2.5625
Togo,TGO,1995,2.6026
Togo,TGO,1996,2.6074
Togo,TGO,1997,2.6259
Togo,TGO,1998,2.5688
Togo,TGO,1999,2.5576
Togo,TGO,2000,2.5652
Togo,TGO,2001,2.5778
Togo,TGO,2002,2.5916
Togo,TGO,2003,2.597
Togo,TGO,2004,2.5903
Togo,TGO,2005,2.6469
Togo,TGO,2006,2.7079
Togo,TGO,2007,2.754
Togo,TGO,2008,2.7733
Togo,TGO,2009,2.7849
Togo,TGO,2010,2.779
Togo,TGO,2011,2.7149
Togo,TGO,2012,2.6459
Togo,TGO,2013,2.6014
Togo,TGO,2014,2.5898
Togo,TGO,2015,2.5892
Togo,TGO,2016,2.597
Togo,TGO,2017,2.5858
Togo,TGO,2018,2.5673
Togo,TGO,2019,2.5327
Togo,TGO,2020,2.4714
Togo,TGO,2021,2.4275
Togo,TGO,2022,2.4173
Togo,TGO,2023,2.3913
Tokelau,TKL,1950,2.1774
Tokelau,TKL,1951,2.2672
Tokelau,TKL,1952,2.3133
Tokelau,TKL,1953,2.413
Tokelau,TKL,1954,2.4923
Tokelau,TKL,1955,2.6444
Tokelau,TKL,1956,2.8005
Tokelau,TKL,1957,2.8831
Tokelau,TKL,1958,2.9471
Tokelau,TKL,1959,3.0126
Tokelau,TKL,1960,3.0592
Tokelau,TKL,1961,3.0802
Tokelau,TKL,1962,3.1006
Tokelau,TKL,1963,3.0481
Tokelau,TKL,1964,2.9663
Tokelau,TKL,1965,2.8391
Tokelau,TKL,1966,2.6874
Tokelau,TKL,1967,2.596
Tokelau,TKL,1968,2.5187
Tokelau,TKL,1969,2.4401
Tokelau,TKL,1970,2.3548
Tokelau,TKL,1971,2.2719
Tokelau,TKL,1972,2.1229
Tokelau,TKL,1973,2.0742
Tokelau,TKL,1974,2.0385
Tokelau,TKL,1975,2.0096
Tokelau,TKL,1976,1.9603
Tokelau,TKL,1977,1.9448
Tokelau,TKL,1978,1.9363
Tokelau,TKL,1979,1.9288
Tokelau,TKL,1980,1.9498
Tokelau,TKL,1981,1.9585
Tokelau,TKL,1982,1.9675
Tokelau,TKL,1983,1.963
Tokelau,TKL,1984,1.9907
Tokelau,TKL,1985,2.0327
Tokelau,TKL,1986,2.1131
Tokelau,TKL,1987,2.2033
Tokelau,TKL,1988,2.3297
Tokelau,TKL,1989,2.4246
Tokelau,TKL,1990,2.458
Tokelau,TKL,1991,2.436
Tokelau,TKL,1992,2.3765
Tokelau,TKL,1993,2.381
Tokelau,TKL,1994,2.3651
Tokelau,TKL,1995,2.3434
Tokelau,TKL,1996,2.2862
Tokelau,TKL,1997,2.1925
Tokelau,TKL,1998,2.1019
Tokelau,TKL,1999,2.0006
Tokelau,TKL,2000,1.8692
Tokelau,TKL,2001,1.7518
Tokelau,TKL,2002,1.7037
Tokelau,TKL,2003,1.5816
Tokelau,TKL,2004,1.4539
Tokelau,TKL,2005,1.3202
Tokelau,TKL,2006,1.1615
Tokelau,TKL,2007,0.9822
Tokelau,TKL,2008,0.9934
Tokelau,TKL,2009,1.0042
Tokelau,TKL,2010,0.9935
Tokelau,TKL,2011,0.9859
Tokelau,TKL,2012,0.9886
Tokelau,TKL,2013,1.1345
Tokelau,TKL,2014,1.1648
Tokelau,TKL,2015,1.121
Tokelau,TKL,2016,1.0594
Tokelau,TKL,2017,0.9743
Tokelau,TKL,2018,1.1104
Tokelau,TKL,2019,1.2282
Tokelau,TKL,2020,1.3166
Tokelau,TKL,2021,1.331
Tokelau,TKL,2022,1.3068
Tokelau,TKL,2023,1.3869
Tonga,TON,1950,2.4937
Tonga,TON,1951,2.6502
Tonga,TON,1952,2.7972
Tonga,TON,1953,2.9341
Tonga,TON,1954,3.0393
Tonga,TON,1955,3.1307
Tonga,TON,1956,3.203
Tonga,TON,1957,3.2723
Tonga,TON,1958,3.3129
Tonga,TON,1959,3.3413
Tonga,TON,1960,3.3698
Tonga,TON,1961,3.3582
Tonga,TON,1962,3.351
Tonga,TON,1963,3.3307
Tonga,TON,1964,3.3104
Tonga,TON,1965,3.2894
Tonga,TON,1966,3.2686
Tonga,TON,1967,3.2606
Tonga,TON,1968,3.2131
Tonga,TON,1969,3.1749
Tonga,TON,1970,3.1133
Tonga,TON,1971,3.0397
Tonga,TON,1972,2.982
Tonga,TON,1973,2.9469
Tonga,TON,1974,2.9227
Tonga,TON,1975,2.912
Tonga,TON,1976,2.905
Tonga,TON,1977,2.9178
Tonga,TON,1978,2.945
Tonga,TON,1979,2.9565
Tonga,TON,1980,2.9505
Tonga,TON,1981,2.9432
Tonga,TON,1982,2.912
Tonga,TON,1983,2.8976
Tonga,TON,1984,2.8713
Tonga,TON,1985,2.8195
Tonga,TON,1986,2.7585
Tonga,TON,1987,2.6894
Tonga,TON,1988,2.6772
Tonga,TON,1989,2.6592
Tonga,TON,1990,2.6494
Tonga,TON,1991,2.6402
Tonga,TON,1992,2.6213
Tonga,TON,1993,2.5909
Tonga,TON,1994,2.5433
Tonga,TON,1995,2.4707
Tonga,TON,1996,2.3867
Tonga,TON,1997,2.3166
Tonga,TON,1998,2.3113
Tonga,TON,1999,2.3044
Tonga,TON,2000,2.2843
Tonga,TON,2001,2.2835
Tonga,TON,2002,2.3065
Tonga,TON,2003,2.3434
Tonga,TON,2004,2.3584
Tonga,TON,2005,2.3607
Tonga,TON,2006,2.3144
Tonga,TON,2007,2.2704
Tonga,TON,2008,2.2399
Tonga,TON,2009,2.1998
Tonga,TON,2010,2.1706
Tonga,TON,2011,2.1364
Tonga,TON,2012,2.0983
Tonga,TON,2013,2.0538
Tonga,TON,2014,2.0023
Tonga,TON,2015,1.9458
Tonga,TON,2016,1.8843
Tonga,TON,2017,1.8151
Tonga,TON,2018,1.7743
Tonga,TON,2019,1.7423
Tonga,TON,2020,1.7175
Tonga,TON,2021,1.6806
Tonga,TON,2022,1.6874
Tonga,TON,2023,1.6675
Trinidad and Tobago,TTO,1950,2.7668
Trinidad and Tobago,TTO,1951,2.7665
Trinidad and Tobago,TTO,1952,2.7649
Trinidad and Tobago,TTO,1953,2.7783
Trinidad and Tobago,TTO,1954,2.829
Trinidad and Tobago,TTO,1955,2.8285
Trinidad and Tobago,TTO,1956,2.7787
Trinidad and Tobago,TTO,1957,2.7836
Trinidad and Tobago,TTO,1958,2.8146
Trinidad and Tobago,TTO,1959,2.8648
Trinidad and Tobago,TTO,1960,2.9311
Trinidad and Tobago,TTO,1961,2.9564
Trinidad and Tobago,TTO,1962,2.927
Trinidad and Tobago,TTO,1963,2.8442
Trinidad and Tobago,TTO,1964,2.7454
Trinidad and Tobago,TTO,1965,2.6226
Trinidad and Tobago,TTO,1966,2.4634
Trinidad and Tobago,TTO,1967,2.2994
Trinidad and Tobago,TTO,1968,2.1516
Trinidad and Tobago,TTO,1969,2.0038
Trinidad and Tobago,TTO,1970,1.9238
Trinidad and Tobago,TTO,1971,1.935
Trinidad and Tobago,TTO,1972,1.982
Trinidad and Tobago,TTO,1973,2.0058
Trinidad and Tobago,TTO,1974,1.9612
Trinidad and Tobago,TTO,1975,1.9429
Trinidad and Tobago,TTO,1976,1.9576
Trinidad and Tobago,TTO,1977,2.0064
Trinidad and Tobago,TTO,1978,2.0613
Trinidad and Tobago,TTO,1979,2.1193
Trinidad and Tobago,TTO,1980,2.1892
Trinidad and Tobago,TTO,1981,2.2037
Trinidad and Tobago,TTO,1982,2.1936
Trinidad and Tobago,TTO,1983,2.1643
Trinidad and Tobago,TTO,1984,2.109
Trinidad and Tobago,TTO,1985,2.0623
Trinidad and Tobago,TTO,1986,1.9703
Trinidad and Tobago,TTO,1987,1.8399
Trinidad and Tobago,TTO,1988,1.7095
Trinidad and Tobago,TTO,1989,1.5815
Trinidad and Tobago,TTO,1990,1.4416
Trinidad and Tobago,TTO,1991,1.3392
Trinidad and Tobago,TTO,1992,1.2511
Trinidad and Tobago,TTO,1993,1.1619
Trinidad and Tobago,TTO,1994,1.0892
Trinidad and Tobago,TTO,1995,1.0015
Trinidad and Tobago,TTO,1996,0.9302
Trinidad and Tobago,TTO,1997,0.8734
Trinidad and Tobago,TTO,1998,0.8368
Trinidad and Tobago,TTO,1999,0.8231
Trinidad and Tobago,TTO,2000,0.8023
Trinidad and Tobago,TTO,2001,0.7875
Trinidad and Tobago,TTO,2002,0.7745
Trinidad and Tobago,TTO,2003,0.7596
Trinidad and Tobago,TTO,2004,0.7543
Trinidad and Tobago,TTO,2005,0.7587
Trinidad and Tobago,TTO,2006,0.7619
Trinidad and Tobago,TTO,2007,0.7627
Trinidad and Tobago,TTO,2008,0.7544
Trinidad and Tobago,TTO,2009,0.7456
Trinidad and Tobago,TTO,2010,0.736
Trinidad and Tobago,TTO,2011,0.723
Trinidad and Tobago,TTO,2012,0.7022
Trinidad and Tobago,TTO,2013,0.6729
Trinidad and Tobago,TTO,2014,0.6371
Trinidad and Tobago,TTO,2015,0.59
Trinidad and Tobago,TTO,2016,0.5492
Trinidad and Tobago,TTO,2017,0.4997
Trinidad and Tobago,TTO,2018,0.4318
Trinidad and Tobago,TTO,2019,0.414
Trinidad and Tobago,TTO,2020,0.3335
Trinidad and Tobago,TTO,2021,0.1529
Trinidad and Tobago,TTO,2022,0.2762
Trinidad and Tobago,TTO,2023,0.234
Tunisia,TUN,1950,1.93
Tunisia,TUN,1951,1.9922
Tunisia,TUN,1952,2.0647
Tunisia,TUN,1953,2.1221
Tunisia,TUN,1954,2.1687
Tunisia,TUN,1955,2.2409
Tunisia,TUN,1956,2.3073
Tunisia,TUN,1957,2.3777
Tunisia,TUN,1958,2.445
Tunisia,TUN,1959,2.5141
Tunisia,TUN,1960,2.5598
Tunisia,TUN,1961,2.5823
Tunisia,TUN,1962,2.6753
Tunisia,TUN,1963,2.7301
Tunisia,TUN,1964,2.7776
Tunisia,TUN,1965,2.799
Tunisia,TUN,1966,2.8217
Tunisia,TUN,1967,2.7857
Tunisia,TUN,1968,2.751
Tunisia,TUN,1969,2.7026
Tunisia,TUN,1970,2.6939
Tunisia,TUN,1971,2.7044
Tunisia,TUN,1972,2.7284
Tunisia,TUN,1973,2.7726
Tunisia,TUN,1974,2.8181
Tunisia,TUN,1975,2.8598
Tunisia,TUN,1976,2.8805
Tunisia,TUN,1977,2.8353
Tunisia,TUN,1978,2.746
Tunisia,TUN,1979,2.6557
Tunisia,TUN,1980,2.5899
Tunisia,TUN,1981,2.6135
Tunisia,TUN,1982,2.575
Tunisia,TUN,1983,2.5501
Tunisia,TUN,1984,2.5261
Tunisia,TUN,1985,2.5148
Tunisia,TUN,1986,2.475
Tunisia,TUN,1987,2.3633
Tunisia,TUN,1988,2.2218
Tunisia,TUN,1989,2.0759
Tunisia,TUN,1990,2.0203
Tunisia,TUN,1991,1.9554
Tunisia,TUN,1992,1.8886
Tunisia,TUN,1993,1.8167
Tunisia,TUN,1994,1.7037
Tunisia,TUN,1995,1.5756
Tunisia,TUN,1996,1.4591
Tunisia,TUN,1997,1.3621
Tunisia,TUN,1998,1.2716
Tunisia,TUN,1999,1.1892
Tunisia,TUN,2000,1.1521
Tunisia,TUN,2001,1.116
Tunisia,TUN,2002,1.0941
Tunisia,TUN,2003,1.1113
Tunisia,TUN,2004,1.1147
Tunisia,TUN,2005,1.125
Tunisia,TUN,2006,1.1303
Tunisia,TUN,2007,1.1389
Tunisia,TUN,2008,1.156
Tunisia,TUN,2009,1.178
Tunisia,TUN,2010,1.2336
Tunisia,TUN,2011,1.3173
Tunisia,TUN,2012,1.3789
Tunisia,TUN,2013,1.3884
Tunisia,TUN,2014,1.3727
Tunisia,TUN,2015,1.3419
Tunisia,TUN,2016,1.2913
Tunisia,TUN,2017,1.21
Tunisia,TUN,2018,1.1257
Tunisia,TUN,2019,1.0721
Tunisia,TUN,2020,0.9139
Tunisia,TUN,2021,0.5651
Tunisia,TUN,2022,0.7965
Tunisia,TUN,2023,0.7677
Turkey,TUR,1950,2.664
Turkey,TUR,1951,2.6643
Turkey,TUR,1952,2.6897
Turkey,TUR,1953,2.6949
Turkey,TUR,1954,2.7214
Turkey,TUR,1955,2.7362
Turkey,TUR,1956,2.7586
Turkey,TUR,1957,2.6951
Turkey,TUR,1958,2.6638
Turkey,TUR,1959,2.7055
Turkey,TUR,1960,2.7286
Turkey,TUR,1961,2.8054
Turkey,TUR,1962,2.7994
Turkey,TUR,1963,2.8074
Turkey,TUR,1964,2.803
Turkey,TUR,1965,2.7949
Turkey,TUR,1966,2.7904
Turkey,TUR,1967,2.751
Turkey,TUR,1968,2.7226
Turkey,TUR,1969,2.7131
Turkey,TUR,1970,2.7074
Turkey,TUR,1971,2.7031
Turkey,TUR,1972,2.664
Turkey,TUR,1973,2.6079
Turkey,TUR,1974,2.5368
Turkey,TUR,1975,2.4673
Turkey,TUR,1976,2.4105
Turkey,TUR,1977,2.3935
Turkey,TUR,1978,2.4169
Turkey,TUR,1979,2.419
Turkey,TUR,1980,2.4016
Turkey,TUR,1981,2.3749
Turkey,TUR,1982,2.3073
Turkey,TUR,1983,2.2604
Turkey,TUR,1984,2.2119
Turkey,TUR,1985,2.1679
Turkey,TUR,1986,2.1296
Turkey,TUR,1987,2.0798
Turkey,TUR,1988,2.0428
Turkey,TUR,1989,1.99
Turkey,TUR,1990,1.8646
Turkey,TUR,1991,1.8264
Turkey,TUR,1992,1.7919
Turkey,TUR,1993,1.8037
Turkey,TUR,1994,1.796
Turkey,TUR,1995,1.7872
Turkey,TUR,1996,1.7624
Turkey,TUR,1997,1.7497
Turkey,TUR,1998,1.731
Turkey,TUR,1999,1.6462
Turkey,TUR,2000,1.5598
Turkey,TUR,2001,1.4802
Turkey,TUR,2002,1.3765
Turkey,TUR,2003,1.3175
Turkey,TUR,2004,1.3063
Turkey,TUR,2005,1.2962
Turkey,TUR,2006,1.2811
Turkey,TUR,2007,1.2576
Turkey,TUR,2008,1.2189
Turkey,TUR,2009,1.1875
Turkey,TUR,2010,1.1227
Turkey,TUR,2011,1.0631
Turkey,TUR,2012,1.127
Turkey,TUR,2013,1.1347
Turkey,TUR,2014,1.1883
Turkey,TUR,2015,1.1651
Turkey,TUR,2016,1.1368
Turkey,TUR,2017,1.1109
Turkey,TUR,2018,1.0593
Turkey,TUR,2019,0.9575
Turkey,TUR,2020,0.73
Turkey,TUR,2021,0.5796
Turkey,TUR,2022,0.601
Turkey,TUR,2023,0.5963
Turkmenistan,TKM,1950,2.02
Turkmenistan,TKM,1951,2.016
Turkmenistan,TKM,1952,2.0344
Turkmenistan,TKM,1953,2.2644
Turkmenistan,TKM,1954,2.41
Turkmenistan,TKM,1955,2.5549
Turkmenistan,TKM,1956,2.6993
Turkmenistan,TKM,1957,2.8367
Turkmenistan,TKM,1958,2.962
Turkmenistan,TKM,1959,2.9961
Turkmenistan,TKM,1960,3.008
Turkmenistan,TKM,1961,3.047
Turkmenistan,TKM,1962,3.0441
Turkmenistan,TKM,1963,3.0041
Turkmenistan,TKM,1964,2.9341
Turkmenistan,TKM,1965,2.8476
Turkmenistan,TKM,1966,2.7566
Turkmenistan,TKM,1967,2.6738
Turkmenistan,TKM,1968,2.6079
Turkmenistan,TKM,1969,2.5615
Turkmenistan,TKM,1970,2.5331
Turkmenistan,TKM,1971,2.515
Turkmenistan,TKM,1972,2.4801
Turkmenistan,TKM,1973,2.4956
Turkmenistan,TKM,1974,2.5051
Turkmenistan,TKM,1975,2.5127
Turkmenistan,TKM,1976,2.5215
Turkmenistan,TKM,1977,2.5274
Turkmenistan,TKM,1978,2.5431
Turkmenistan,TKM,1979,2.577
Turkmenistan,TKM,1980,2.6267
Turkmenistan,TKM,1981,2.6771
Turkmenistan,TKM,1982,2.7127
Turkmenistan,TKM,1983,2.7769
Turkmenistan,TKM,1984,2.8722
Turkmenistan,TKM,1985,2.9527
Turkmenistan,TKM,1986,3.0148
Turkmenistan,TKM,1987,3.0088
Turkmenistan,TKM,1988,2.9444
Turkmenistan,TKM,1989,2.8274
Turkmenistan,TKM,1990,2.6884
Turkmenistan,TKM,1991,2.5752
Turkmenistan,TKM,1992,2.4506
Turkmenistan,TKM,1993,2.2963
Turkmenistan,TKM,1994,2.1697
Turkmenistan,TKM,1995,2.0588
Turkmenistan,TKM,1996,1.8996
Turkmenistan,TKM,1997,1.8227
Turkmenistan,TKM,1998,1.7536
Turkmenistan,TKM,1999,1.6999
Turkmenistan,TKM,2000,1.6775
Turkmenistan,TKM,2001,1.6401
Turkmenistan,TKM,2002,1.5859
Turkmenistan,TKM,2003,1.5777
Turkmenistan,TKM,2004,1.6105
Turkmenistan,TKM,2005,1.662
Turkmenistan,TKM,2006,1.7066
Turkmenistan,TKM,2007,1.7551
Turkmenistan,TKM,2008,1.8113
Turkmenistan,TKM,2009,1.8881
Turkmenistan,TKM,2010,1.9646
Turkmenistan,TKM,2011,2.0269
Turkmenistan,TKM,2012,2.0824
Turkmenistan,TKM,2013,2.1251
Turkmenistan,TKM,2014,2.1345
Turkmenistan,TKM,2015,2.1343
Turkmenistan,TKM,2016,2.0846
Turkmenistan,TKM,2017,2.0196
Turkmenistan,TKM,2018,1.9463
Turkmenistan,TKM,2019,1.8853
Turkmenistan,TKM,2020,1.7844
Turkmenistan,TKM,2021,1.7304
Turkmenistan,TKM,2022,1.6848
Turkmenistan,TKM,2023,1.5959
Turks and Caicos Islands,TCA,1950,2.9024
Turks and Caicos Islands,TCA,1951,2.9654
Turks and Caicos Islands,TCA,1952,3.0982
Turks and Caicos Islands,TCA,1953,3.2405
Turks and Caicos Islands,TCA,1954,3.3356
Turks and Caicos Islands,TCA,1955,3.2721
Turks and Caicos Islands,TCA,1956,3.1724
Turks and Caicos Islands,TCA,1957,3.0727
Turks and Caicos Islands,TCA,1958,2.9776
Turks and Caicos Islands,TCA,1959,2.8669
Turks and Caicos Islands,TCA,1960,2.7433
Turks and Caicos Islands,TCA,1961,2.6703
Turks and Caicos Islands,TCA,1962,2.6168
Turks and Caicos Islands,TCA,1963,2.5589
Turks and Caicos Islands,TCA,1964,2.4841
Turks and Caicos Islands,TCA,1965,2.4093
Turks and Caicos Islands,TCA,1966,2.3462
Turks and Caicos Islands,TCA,1967,2.2837
Turks and Caicos Islands,TCA,1968,2.2323
Turks and Caicos Islands,TCA,1969,2.1226
Turks and Caicos Islands,TCA,1970,2.0065
Turks and Caicos Islands,TCA,1971,1.8981
Turks and Caicos Islands,TCA,1972,1.92
Turks and Caicos Islands,TCA,1973,1.9404
Turks and Caicos Islands,TCA,1974,1.9602
Turks and Caicos Islands,TCA,1975,1.9861
Turks and Caicos Islands,TCA,1976,2.0229
Turks and Caicos Islands,TCA,1977,2.0459
Turks and Caicos Islands,TCA,1978,2.0613
Turks and Caicos Islands,TCA,1979,2.0723
Turks and Caicos Islands,TCA,1980,2.0642
Turks and Caicos Islands,TCA,1981,2.1412
Turks and Caicos Islands,TCA,1982,2.2401
Turks and Caicos Islands,TCA,1983,2.3138
Turks and Caicos Islands,TCA,1984,2.3661
Turks and Caicos Islands,TCA,1985,2.4138
Turks and Caicos Islands,TCA,1986,2.4141
Turks and Caicos Islands,TCA,1987,2.3827
Turks and Caicos Islands,TCA,1988,2.3198
Turks and Caicos Islands,TCA,1989,2.2287
Turks and Caicos Islands,TCA,1990,2.122
Turks and Caicos Islands,TCA,1991,2.0481
Turks and Caicos Islands,TCA,1992,2.0209
Turks and Caicos Islands,TCA,1993,1.9959
Turks and Caicos Islands,TCA,1994,1.9726
Turks and Caicos Islands,TCA,1995,1.9648
Turks and Caicos Islands,TCA,1996,1.9572
Turks and Caicos Islands,TCA,1997,1.9285
Turks and Caicos Islands,TCA,1998,1.9014
Turks and Caicos Islands,TCA,1999,1.8734
Turks and Caicos Islands,TCA,2000,1.8324
Turks and Caicos Islands,TCA,2001,1.7656
Turks and Caicos Islands,TCA,2002,1.6483
Turks and Caicos Islands,TCA,2003,1.5505
Turks and Caicos Islands,TCA,2004,1.4757
Turks and Caicos Islands,TCA,2005,1.4107
Turks and Caicos Islands,TCA,2006,1.3414
Turks and Caicos Islands,TCA,2007,1.2688
Turks and Caicos Islands,TCA,2008,1.1594
Turks and Caicos Islands,TCA,2009,1.0693
Turks and Caicos Islands,TCA,2010,0.9607
Turks and Caicos Islands,TCA,2011,0.8519
Turks and Caicos Islands,TCA,2012,0.7392
Turks and Caicos Islands,TCA,2013,0.6792
Turks and Caicos Islands,TCA,2014,0.6502
Turks and Caicos Islands,TCA,2015,0.6211
Turks and Caicos Islands,TCA,2016,0.6123
Turks and Caicos Islands,TCA,2017,0.5896
Turks and Caicos Islands,TCA,2018,0.5591
Turks and Caicos Islands,TCA,2019,0.5026
Turks and Caicos Islands,TCA,2020,0.4282
Turks and Caicos Islands,TCA,2021,0.3485
Turks and Caicos Islands,TCA,2022,0.3609
Turks and Caicos Islands,TCA,2023,0.3337
Tuvalu,TUV,1950,2.2513
Tuvalu,TUV,1951,2.2401
Tuvalu,TUV,1952,2.2957
Tuvalu,TUV,1953,2.3397
Tuvalu,TUV,1954,2.4031
Tuvalu,TUV,1955,2.4344
Tuvalu,TUV,1956,2.4385
Tuvalu,TUV,1957,2.4298
Tuvalu,TUV,1958,2.3921
Tuvalu,TUV,1959,2.3284
Tuvalu,TUV,1960,2.2447
Tuvalu,TUV,1961,2.1274
Tuvalu,TUV,1962,1.9764
Tuvalu,TUV,1963,1.8349
Tuvalu,TUV,1964,1.7057
Tuvalu,TUV,1965,1.6215
Tuvalu,TUV,1966,1.6156
Tuvalu,TUV,1967,1.6374
Tuvalu,TUV,1968,1.7194
Tuvalu,TUV,1969,1.823
Tuvalu,TUV,1970,1.8011
Tuvalu,TUV,1971,1.786
Tuvalu,TUV,1972,1.6634
Tuvalu,TUV,1973,1.7871
Tuvalu,TUV,1974,1.7608
Tuvalu,TUV,1975,1.763
Tuvalu,TUV,1976,1.818
Tuvalu,TUV,1977,1.9065
Tuvalu,TUV,1978,2.0346
Tuvalu,TUV,1979,2.2023
Tuvalu,TUV,1980,2.3483
Tuvalu,TUV,1981,2.477
Tuvalu,TUV,1982,2.5881
Tuvalu,TUV,1983,2.6455
Tuvalu,TUV,1984,2.678
Tuvalu,TUV,1985,2.6683
Tuvalu,TUV,1986,2.6611
Tuvalu,TUV,1987,2.6138
Tuvalu,TUV,1988,2.5293
Tuvalu,TUV,1989,2.4099
Tuvalu,TUV,1990,2.3114
Tuvalu,TUV,1991,2.2743
Tuvalu,TUV,1992,2.1694
Tuvalu,TUV,1993,2.2119
Tuvalu,TUV,1994,2.1157
Tuvalu,TUV,1995,2.0509
Tuvalu,TUV,1996,1.9556
Tuvalu,TUV,1997,1.882
Tuvalu,TUV,1998,1.8226
Tuvalu,TUV,1999,1.7522
Tuvalu,TUV,2000,1.6626
Tuvalu,TUV,2001,1.5705
Tuvalu,TUV,2002,1.4684
Tuvalu,TUV,2003,1.3956
Tuvalu,TUV,2004,1.3435
Tuvalu,TUV,2005,1.3118
Tuvalu,TUV,2006,1.2851
Tuvalu,TUV,2007,1.2326
Tuvalu,TUV,2008,1.2182
Tuvalu,TUV,2009,1.2431
Tuvalu,TUV,2010,1.2769
Tuvalu,TUV,2011,1.3172
Tuvalu,TUV,2012,1.3543
Tuvalu,TUV,2013,1.3445
Tuvalu,TUV,2014,1.358
Tuvalu,TUV,2015,1.3945
Tuvalu,TUV,2016,1.4425
Tuvalu,TUV,2017,1.5029
Tuvalu,TUV,2018,1.5747
Tuvalu,TUV,2019,1.5677
Tuvalu,TUV,2020,1.5455
Tuvalu,TUV,2021,1.4757
Tuvalu,TUV,2022,1.5018
Tuvalu,TUV,2023,1.3937
Uganda,UGA,1950,2.7457
Uganda,UGA,1951,2.7508
Uganda,UGA,1952,2.7832
Uganda,UGA,1953,2.8107
Uganda,UGA,1954,2.8349
Uganda,UGA,1955,2.8506
Uganda,UGA,1956,2.863
Uganda,UGA,1957,2.8842
Uganda,UGA,1958,2.9091
Uganda,UGA,1959,2.9313
Uganda,UGA,1960,2.9457
Uganda,UGA,1961,2.9622
Uganda,UGA,1962,2.9845
Uganda,UGA,1963,3.0105
Uganda,UGA,1964,3.0366
Uganda,UGA,1965,3.0718
Uganda,UGA,1966,3.0936
Uganda,UGA,1967,3.1533
Uganda,UGA,1968,3.1902
Uganda,UGA,1969,3.2001
Uganda,UGA,1970,3.2282
Uganda,UGA,1971,3.0918
Uganda,UGA,1972,3.086
Uganda,UGA,1973,3.0579
Uganda,UGA,1974,3.0265
Uganda,UGA,1975,3.0215
Uganda,UGA,1976,2.9862
Uganda,UGA,1977,2.9549
Uganda,UGA,1978,2.9304
Uganda,UGA,1979,2.9351
Uganda,UGA,1980,2.7892
Uganda,UGA,1981,2.8033
Uganda,UGA,1982,2.817
Uganda,UGA,1983,2.8473
Uganda,UGA,1984,2.8837
Uganda,UGA,1985,3.0787
Uganda,UGA,1986,3.153
Uganda,UGA,1987,3.3057
Uganda,UGA,1988,3.3257
Uganda,UGA,1989,3.3236
Uganda,UGA,1990,3.3426
Uganda,UGA,1991,3.3198
Uganda,UGA,1992,3.3385
Uganda,UGA,1993,3.3429
Uganda,UGA,1994,3.3572
Uganda,UGA,1995,3.3738
Uganda,UGA,1996,3.2956
Uganda,UGA,1997,3.3287
Uganda,UGA,1998,3.2918
Uganda,UGA,1999,3.333
Uganda,UGA,2000,3.3461
Uganda,UGA,2001,3.3814
Uganda,UGA,2002,3.4025
Uganda,UGA,2003,3.4205
Uganda,UGA,2004,3.4566
Uganda,UGA,2005,3.4656
Uganda,UGA,2006,3.4728
Uganda,UGA,2007,3.4731
Uganda,UGA,2008,3.4576
Uganda,UGA,2009,3.4676
Uganda,UGA,2010,3.4626
Uganda,UGA,2011,3.4396
Uganda,UGA,2012,3.4
Uganda,UGA,2013,3.3513
Uganda,UGA,2014,3.3015
Uganda,UGA,2015,3.2635
Uganda,UGA,2016,3.2206
Uganda,UGA,2017,3.2124
Uganda,UGA,2018,3.206
Uganda,UGA,2019,3.1792
Uganda,UGA,2020,3.143
Uganda,UGA,2021,3.1003
Uganda,UGA,2022,3.0765
Uganda,UGA,2023,3.0359
Ukraine,UKR,1950,1.0703
Ukraine,UKR,1951,1.0623
Ukraine,UKR,1952,1.0532
Ukraine,UKR,1953,1.0373
Ukraine,UKR,1954,1.0126
Ukraine,UKR,1955,1.053
Ukraine,UKR,1956,1.0803
Ukraine,UKR,1957,1.1238
Ukraine,UKR,1958,1.1627
Ukraine,UKR,1959,1.2495
Ukraine,UKR,1960,1.2582
Ukraine,UKR,1961,1.1719
Ukraine,UKR,1962,1.0966
Ukraine,UKR,1963,1.0113
Ukraine,UKR,1964,0.8701
Ukraine,UKR,1965,0.7367
Ukraine,UKR,1966,0.7375
Ukraine,UKR,1967,0.6792
Ukraine,UKR,1968,0.6332
Ukraine,UKR,1969,0.5851
Ukraine,UKR,1970,0.6175
Ukraine,UKR,1971,0.6429
Ukraine,UKR,1972,0.6461
Ukraine,UKR,1973,0.5695
Ukraine,UKR,1974,0.563
Ukraine,UKR,1975,0.5255
Ukraine,UKR,1976,0.5035
Ukraine,UKR,1977,0.4397
Ukraine,UKR,1978,0.4171
Ukraine,UKR,1979,0.3968
Ukraine,UKR,1980,0.3948
Ukraine,UKR,1981,0.3643
Ukraine,UKR,1982,0.3851
Ukraine,UKR,1983,0.4774
Ukraine,UKR,1984,0.4371
Ukraine,UKR,1985,0.3933
Ukraine,UKR,1986,0.4399
Ukraine,UKR,1987,0.386
Ukraine,UKR,1988,0.3132
Ukraine,UKR,1989,0.205
Ukraine,UKR,1990,0.0931
Ukraine,UKR,1991,-0.0316
Ukraine,UKR,1992,-0.1832
Ukraine,UKR,1993,-0.3236
Ukraine,UKR,1994,-0.4586
Ukraine,UKR,1995,-0.5451
Ukraine,UKR,1996,-0.5957
Ukraine,UKR,1997,-0.6036
Ukraine,UKR,1998,-0.6318
Ukraine,UKR,1999,-0.6969
Ukraine,UKR,2000,-0.7348
Ukraine,UKR,2001,-0.7631
Ukraine,UKR,2002,-0.7489
Ukraine,UKR,2003,-0.7271
Ukraine,UKR,2004,-0.7173
Ukraine,UKR,2005,-0.71
Ukraine,UKR,2006,-0.6362
Ukraine,UKR,2007,-0.6006
Ukraine,UKR,2008,-0.4893
Ukraine,UKR,2009,-0.4245
Ukraine,UKR,2010,-0.3883
Ukraine,UKR,2011,-0.342
Ukraine,UKR,2012,-0.2823
Ukraine,UKR,2013,-0.2811
Ukraine,UKR,2014,-0.305
Ukraine,UKR,2015,-0.3213
Ukraine,UKR,2016,-0.2975
Ukraine,UKR,2017,-0.3486
Ukraine,UKR,2018,-0.5032
Ukraine,UKR,2019,-0.5256
Ukraine,UKR,2020,-0.6883
Ukraine,UKR,2021,-1.0157
Ukraine,UKR,2022,-0.8509
Ukraine,UKR,2023,-0.7505
United Arab Emirates,ARE,1950,2.3283
United Arab Emirates,ARE,1951,2.29
United Arab Emirates,ARE,1952,2.2722
United Arab Emirates,ARE,1953,2.2727
United Arab Emirates,ARE,1954,2.2954
United Arab Emirates,ARE,1955,2.328
United Arab Emirates,ARE,1956,2.3754
United Arab Emirates,ARE,1957,2.4277
United Arab Emirates,ARE,1958,2.4829
United Arab Emirates,ARE,1959,2.5493
United Arab Emirates,ARE,1960,2.6028
United Arab Emirates,ARE,1961,2.6501
United Arab Emirates,ARE,1962,2.6909
United Arab Emirates,ARE,1963,2.7306
United Arab Emirates,ARE,1964,2.7614
United Arab Emirates,ARE,1965,2.7975
United Arab Emirates,ARE,1966,2.848
United Arab Emirates,ARE,1967,2.9295
United Arab Emirates,ARE,1968,2.8021
United Arab Emirates,ARE,1969,2.561
United Arab Emirates,ARE,1970,2.4158
United Arab Emirates,ARE,1971,2.34
United Arab Emirates,ARE,1972,2.2905
United Arab Emirates,ARE,1973,2.2507
United Arab Emirates,ARE,1974,2.2154
United Arab Emirates,ARE,1975,2.1846
United Arab Emirates,ARE,1976,2.0907
United Arab Emirates,ARE,1977,2.2229
United Arab Emirates,ARE,1978,2.3329
United Arab Emirates,ARE,1979,2.4108
United Arab Emirates,ARE,1980,2.4618
United Arab Emirates,ARE,1981,2.5058
United Arab Emirates,ARE,1982,2.5365
United Arab Emirates,ARE,1983,2.5484
United Arab Emirates,ARE,1984,2.5459
United Arab Emirates,ARE,1985,2.5296
United Arab Emirates,ARE,1986,2.5098
United Arab Emirates,ARE,1987,2.3974
United Arab Emirates,ARE,1988,2.3107
United Arab Emirates,ARE,1989,2.2431
United Arab Emirates,ARE,1990,2.1778
United Arab Emirates,ARE,1991,2.0636
United Arab Emirates,ARE,1992,1.9917
United Arab Emirates,ARE,1993,1.8597
United Arab Emirates,ARE,1994,1.8459
United Arab Emirates,ARE,1995,1.5889
United Arab Emirates,ARE,1996,1.4585
United Arab Emirates,ARE,1997,1.3561
United Arab Emirates,ARE,1998,1.3543
United Arab Emirates,ARE,1999,1.4145
United Arab Emirates,ARE,2000,1.431
United Arab Emirates,ARE,2001,1.4177
United Arab Emirates,ARE,2002,1.4133
United Arab Emirates,ARE,2003,1.4101
United Arab Emirates,ARE,2004,1.3625
United Arab Emirates,ARE,2005,1.2872
United Arab Emirates,ARE,2006,1.0848
United Arab Emirates,ARE,2007,0.9787
United Arab Emirates,ARE,2008,0.8794
United Arab Emirates,ARE,2009,0.9918
United Arab Emirates,ARE,2010,1.0176
United Arab Emirates,ARE,2011,1.0345
United Arab Emirates,ARE,2012,1.0645
United Arab Emirates,ARE,2013,1.0786
United Arab Emirates,ARE,2014,1.0457
United Arab Emirates,ARE,2015,0.9999
United Arab Emirates,ARE,2016,0.974
United Arab Emirates,ARE,2017,0.9691
United Arab Emirates,ARE,2018,0.9291
United Arab Emirates,ARE,2019,0.9136
United Arab Emirates,ARE,2020,0.9347
United Arab Emirates,ARE,2021,0.8021
United Arab Emirates,ARE,2022,0.8115
United Arab Emirates,ARE,2023,0.8842
United Kingdom,GBR,1950,0.4555
United Kingdom,GBR,1951,0.3284
United Kingdom,GBR,1952,0.434
United Kingdom,GBR,1953,0.4318
United Kingdom,GBR,1954,0.4211
United Kingdom,GBR,1955,0.3899
United Kingdom,GBR,1956,0.4323
United Kingdom,GBR,1957,0.4929
United Kingdom,GBR,1958,0.5041
United Kingdom,GBR,1959,0.5278
United Kingdom,GBR,1960,0.5892
United Kingdom,GBR,1961,0.588
United Kingdom,GBR,1962,0.6308
United Kingdom,GBR,1963,0.6327
United Kingdom,GBR,1964,0.7194
United Kingdom,GBR,1965,0.6624
United Kingdom,GBR,1966,0.5989
United Kingdom,GBR,1967,0.6089
United Kingdom,GBR,1968,0.5027
United Kingdom,GBR,1969,0.456
United Kingdom,GBR,1970,0.4279
United Kingdom,GBR,1971,0.4098
United Kingdom,GBR,1972,0.2656
United Kingdom,GBR,1973,0.1876
United Kingdom,GBR,1974,0.1167
United Kingdom,GBR,1975,0.056
United Kingdom,GBR,1976,-0.018
United Kingdom,GBR,1977,0.0005
United Kingdom,GBR,1978,0.0303
United Kingdom,GBR,1979,0.0967
United Kingdom,GBR,1980,0.1533
United Kingdom,GBR,1981,0.1204
United Kingdom,GBR,1982,0.0951
United Kingdom,GBR,1983,0.105
United Kingdom,GBR,1984,0.1439
United Kingdom,GBR,1985,0.1319
United Kingdom,GBR,1986,0.1609
United Kingdom,GBR,1987,0.2229
United Kingdom,GBR,1988,0.2316
United Kingdom,GBR,1989,0.2022
United Kingdom,GBR,1990,0.2599
United Kingdom,GBR,1991,0.2446
United Kingdom,GBR,1992,0.2459
United Kingdom,GBR,1993,0.1665
United Kingdom,GBR,1994,0.1986
United Kingdom,GBR,1995,0.1392
United Kingdom,GBR,1996,0.1554
United Kingdom,GBR,1997,0.157
United Kingdom,GBR,1998,0.1406
United Kingdom,GBR,1999,0.1071
United Kingdom,GBR,2000,0.1147
United Kingdom,GBR,2001,0.1092
United Kingdom,GBR,2002,0.104
United Kingdom,GBR,2003,0.1369
United Kingdom,GBR,2004,0.2149
United Kingdom,GBR,2005,0.2287
United Kingdom,GBR,2006,0.2853
United Kingdom,GBR,2007,0.3202
United Kingdom,GBR,2008,0.3435
United Kingdom,GBR,2009,0.3707
United Kingdom,GBR,2010,0.3878
United Kingdom,GBR,2011,0.4057
United Kingdom,GBR,2012,0.3813
United Kingdom,GBR,2013,0.3177
United Kingdom,GBR,2014,0.3162
United Kingdom,GBR,2015,0.2651
United Kingdom,GBR,2016,0.2681
United Kingdom,GBR,2017,0.224
United Kingdom,GBR,2018,0.1728
United Kingdom,GBR,2019,0.1626
United Kingdom,GBR,2020,-0.0064
United Kingdom,GBR,2021,0.0457
United Kingdom,GBR,2022,0.0588
United Kingdom,GBR,2023,0.0505
United States,USA,1950,1.4385
United States,USA,1951,1.4749
United States,USA,1952,1.5052
United States,USA,1953,1.5103
United States,USA,1954,1.5843
United States,USA,1955,1.5537
United States,USA,1956,1.5775
United States,USA,1957,1.566
United States,USA,1958,1.5724
United States,USA,1959,1.548
United States,USA,1960,1.5016
United States,USA,1961,1.4822
United States,USA,1962,1.3623
United States,USA,1963,1.2607
United States,USA,1964,1.2122
United States,USA,1965,1.0569
United States,USA,1966,0.9446
United States,USA,1967,0.8834
United States,USA,1968,0.8222
United States,USA,1969,0.8722
United States,USA,1970,0.9304
United States,USA,1971,0.8308
United States,USA,1972,0.6657
United States,USA,1973,0.602
United States,USA,1974,0.6243
United States,USA,1975,0.6335
United States,USA,1976,0.633
United States,USA,1977,0.7026
United States,USA,1978,0.697
United States,USA,1979,0.7588
United States,USA,1980,0.7574
United States,USA,1981,0.7605
United States,USA,1982,0.7732
United States,USA,1983,0.7298
United States,USA,1984,0.7185
United States,USA,1985,0.7164
United States,USA,1986,0.6982
United States,USA,1987,0.7059
United States,USA,1988,0.7185
United States,USA,1989,0.7648
United States,USA,1990,0.7869
United States,USA,1991,0.7468
United States,USA,1992,0.7113
United States,USA,1993,0.6375
United States,USA,1994,0.603
United States,USA,1995,0.5625
United States,USA,1996,0.5488
United States,USA,1997,0.5373
United States,USA,1998,0.54
United States,USA,1999,0.5237
United States,USA,2000,0.5445
United States,USA,2001,0.5268
United States,USA,2002,0.5096
United States,USA,2003,0.5232
United States,USA,2004,0.5447
United States,USA,2005,0.5354
United States,USA,2006,0.5781
United States,USA,2007,0.5904
United States,USA,2008,0.5515
United States,USA,2009,0.526
United States,USA,2010,0.4747
United States,USA,2011,0.4424
United States,USA,2012,0.4337
United States,USA,2013,0.4123
United States,USA,2014,0.4187
United States,USA,2015,0.3908
United States,USA,2016,0.3706
United States,USA,2017,0.3241
United States,USA,2018,0.2977
United States,USA,2019,0.2754
United States,USA,2020,0.076
United States,USA,2021,0.0554
United States,USA,2022,0.1649
United States,USA,2023,0.1985
United States Virgin Islands,VIR,1950,1.9108
United States Virgin Islands,VIR,1951,1.952
United States Virgin Islands,VIR,1952,1.8256
United States Virgin Islands,VIR,1953,2.053
United States Virgin Islands,VIR,1954,2.1649
United States Virgin Islands,VIR,1955,2.1808
United States Virgin Islands,VIR,1956,2.1541
United States Virgin Islands,VIR,1957,2.2651
United States Virgin Islands,VIR,1958,2.614
United States Virgin Islands,VIR,1959,2.3249
United States Virgin Islands,VIR,1960,2.2446
United States Virgin Islands,VIR,1961,2.4123
United States Virgin Islands,VIR,1962,2.9042
United States Virgin Islands,VIR,1963,2.9955
United States Virgin Islands,VIR,1964,3.7246
United States Virgin Islands,VIR,1965,4.0349
United States Virgin Islands,VIR,1966,3.5062
United States Virgin Islands,VIR,1967,3.7465
United States Virgin Islands,VIR,1968,3.5759
United States Virgin Islands,VIR,1969,3.47
United States Virgin Islands,VIR,1970,3.7992
United States Virgin Islands,VIR,1971,3.6058
United States Virgin Islands,VIR,1972,3.2404
United States Virgin Islands,VIR,1973,2.817
United States Virgin Islands,VIR,1974,2.5129
United States Virgin Islands,VIR,1975,2.2919
United States Virgin Islands,VIR,1976,2.129
United States Virgin Islands,VIR,1977,2.0203
United States Virgin Islands,VIR,1978,2.053
United States Virgin Islands,VIR,1979,1.8423
United States Virgin Islands,VIR,1980,1.9056
United States Virgin Islands,VIR,1981,1.8517
United States Virgin Islands,VIR,1982,1.9376
United States Virgin Islands,VIR,1983,1.976
United States Virgin Islands,VIR,1984,1.8105
United States Virgin Islands,VIR,1985,1.7385
United States Virgin Islands,VIR,1986,1.642
United States Virgin Islands,VIR,1987,1.699
United States Virgin Islands,VIR,1988,1.656
United States Virgin Islands,VIR,1989,1.7564
United States Virgin Islands,VIR,1990,1.7613
United States Virgin Islands,VIR,1991,1.9482
United States Virgin Islands,VIR,1992,2.1283
United States Virgin Islands,VIR,1993,2.1045
United States Virgin Islands,VIR,1994,2.0892
United States Virgin Islands,VIR,1995,1.6795
United States Virgin Islands,VIR,1996,1.4013
United States Virgin Islands,VIR,1997,1.3378
United States Virgin Islands,VIR,1998,1.0297
United States Virgin Islands,VIR,1999,0.7851
United States Virgin Islands,VIR,2000,0.6762
United States Virgin Islands,VIR,2001,0.7331
United States Virgin Islands,VIR,2002,0.6389
United States Virgin Islands,VIR,2003,0.5271
United States Virgin Islands,VIR,2004,0.5316
United States Virgin Islands,VIR,2005,0.5043
United States Virgin Islands,VIR,2006,0.6024
United States Virgin Islands,VIR,2007,0.5997
United States Virgin Islands,VIR,2008,0.6204
United States Virgin Islands,VIR,2009,0.5166
United States Virgin Islands,VIR,2010,0.4386
United States Virgin Islands,VIR,2011,0.2869
United States Virgin Islands,VIR,2012,0.2105
United States Virgin Islands,VIR,2013,0.1684
United States Virgin Islands,VIR,2014,0.133
United States Virgin Islands,VIR,2015,0.0886
United States Virgin Islands,VIR,2016,0.018
United States Virgin Islands,VIR,2017,-0.067
United States Virgin Islands,VIR,2018,-0.1519
United States Virgin Islands,VIR,2019,-0.253
United States Virgin Islands,VIR,2020,-0.4068
United States Virgin Islands,VIR,2021,-0.4555
United States Virgin Islands,VIR,2022,-0.4364
United States Virgin Islands,VIR,2023,-0.4222
Upper-middle-income countries,OWID_UMC,1950,1.9157
Upper-middle-income countries,OWID_UMC,1951,1.92
Upper-middle-income countries,OWID_UMC,1952,2.2576
Upper-middle-income countries,OWID_UMC,1953,2.1353
Upper-middle-income countries,OWID_UMC,1954,2.2719
Upper-middle-income countries,OWID_UMC,1955,2.2859
Upper-middle-income countries,OWID_UMC,1956,2.184
Upper-middle-income countries,OWID_UMC,1957,2.3982
Upper-middle-income countries,OWID_UMC,1958,2.1631
Upper-middle-income countries,OWID_UMC,1959,1.4618
Upper-middle-income countries,OWID_UMC,1960,1.0919
Upper-middle-income countries,OWID_UMC,1961,1.2955
Upper-middle-income countries,OWID_UMC,1962,2.4454
Upper-middle-income countries,OWID_UMC,1963,2.8752
Upper-middle-income countries,OWID_UMC,1964,2.5461
Upper-middle-income countries,OWID_UMC,1965,2.46
Upper-middle-income countries,OWID_UMC,1966,2.389
Upper-middle-income countries,OWID_UMC,1967,2.2418
Upper-middle-income countries,OWID_UMC,1968,2.4902
Upper-middle-income countries,OWID_UMC,1969,2.4008
Upper-middle-income countries,OWID_UMC,1970,2.4064
Upper-middle-income countries,OWID_UMC,1971,2.2789
Upper-middle-income countries,OWID_UMC,1972,2.1954
Upper-middle-income countries,OWID_UMC,1973,2.1217
Upper-middle-income countries,OWID_UMC,1974,1.9801
Upper-middle-income countries,OWID_UMC,1975,1.8207
Upper-middle-income countries,OWID_UMC,1976,1.7363
Upper-middle-income countries,OWID_UMC,1977,1.6464
Upper-middle-income countries,OWID_UMC,1978,1.6351
Upper-middle-income countries,OWID_UMC,1979,1.6711
Upper-middle-income countries,OWID_UMC,1980,1.6805
Upper-middle-income countries,OWID_UMC,1981,1.7081
Upper-middle-income countries,OWID_UMC,1982,1.7913
Upper-middle-income countries,OWID_UMC,1983,1.6388
Upper-middle-income countries,OWID_UMC,1984,1.6712
Upper-middle-income countries,OWID_UMC,1985,1.6982
Upper-middle-income countries,OWID_UMC,1986,1.7707
Upper-middle-income countries,OWID_UMC,1987,1.8053
Upper-middle-income countries,OWID_UMC,1988,1.705
Upper-middle-income countries,OWID_UMC,1989,1.697
Upper-middle-income countries,OWID_UMC,1990,1.6788
Upper-middle-income countries,OWID_UMC,1991,1.4008
Upper-middle-income countries,OWID_UMC,1992,1.2917
Upper-middle-income countries,OWID_UMC,1993,1.2156
Upper-middle-income countries,OWID_UMC,1994,1.1576
Upper-middle-income countries,OWID_UMC,1995,1.1234
Upper-middle-income countries,OWID_UMC,1996,1.0802
Upper-middle-income countries,OWID_UMC,1997,1.0383
Upper-middle-income countries,OWID_UMC,1998,0.9972
Upper-middle-income countries,OWID_UMC,1999,0.9464
Upper-middle-income countries,OWID_UMC,2000,0.9454
Upper-middle-income countries,OWID_UMC,2001,0.8848
Upper-middle-income countries,OWID_UMC,2002,0.8549
Upper-middle-income countries,OWID_UMC,2003,0.8315
Upper-middle-income countries,OWID_UMC,2004,0.8283
Upper-middle-income countries,OWID_UMC,2005,0.8305
Upper-middle-income countries,OWID_UMC,2006,0.8344
Upper-middle-income countries,OWID_UMC,2007,0.8455
Upper-middle-income countries,OWID_UMC,2008,0.8531
Upper-middle-income countries,OWID_UMC,2009,0.8597
Upper-middle-income countries,OWID_UMC,2010,0.8428
Upper-middle-income countries,OWID_UMC,2011,0.8384
Upper-middle-income countries,OWID_UMC,2012,0.887
Upper-middle-income countries,OWID_UMC,2013,0.8321
Upper-middle-income countries,OWID_UMC,2014,0.8345
Upper-middle-income countries,OWID_UMC,2015,0.7645
Upper-middle-income countries,OWID_UMC,2016,0.7612
Upper-middle-income countries,OWID_UMC,2017,0.723
Upper-middle-income countries,OWID_UMC,2018,0.6028
Upper-middle-income countries,OWID_UMC,2019,0.5473
Upper-middle-income countries,OWID_UMC,2020,0.3528
Upper-middle-income countries,OWID_UMC,2021,0.2251
Upper-middle-income countries,OWID_UMC,2022,0.2566
Upper-middle-income countries,OWID_UMC,2023,0.2188
Uruguay,URY,1950,1.0212
Uruguay,URY,1951,1.0462
Uruguay,URY,1952,1.0755
Uruguay,URY,1953,1.1033
Uruguay,URY,1954,1.1311
Uruguay,URY,1955,1.1386
Uruguay,URY,1956,1.1721
Uruguay,URY,1957,1.1846
Uruguay,URY,1958,1.1973
Uruguay,URY,1959,1.1987
Uruguay,URY,1960,1.2031
Uruguay,URY,1961,1.209
Uruguay,URY,1962,1.2124
Uruguay,URY,1963,1.2129
Uruguay,URY,1964,1.1812
Uruguay,URY,1965,1.149
Uruguay,URY,1966,1.1188
Uruguay,URY,1967,1.0802
Uruguay,URY,1968,1.0565
Uruguay,URY,1969,1.0384
Uruguay,URY,1970,1.0297
Uruguay,URY,1971,1.0185
Uruguay,URY,1972,1.0241
Uruguay,URY,1973,1.0649
Uruguay,URY,1974,1.129
Uruguay,URY,1975,1.1626
Uruguay,URY,1976,1.1482
Uruguay,URY,1977,1.0765
Uruguay,URY,1978,1.028
Uruguay,URY,1979,0.9339
Uruguay,URY,1980,0.8622
Uruguay,URY,1981,0.8426
Uruguay,URY,1982,0.8477
Uruguay,URY,1983,0.8079
Uruguay,URY,1984,0.7888
Uruguay,URY,1985,0.7951
Uruguay,URY,1986,0.808
Uruguay,URY,1987,0.8023
Uruguay,URY,1988,0.8172
Uruguay,URY,1989,0.8205
Uruguay,URY,1990,0.8278
Uruguay,URY,1991,0.8142
Uruguay,URY,1992,0.7914
Uruguay,URY,1993,0.7671
Uruguay,URY,1994,0.7765
Uruguay,URY,1995,0.7798
Uruguay,URY,1996,0.7683
Uruguay,URY,1997,0.7364
Uruguay,URY,1998,0.6827
Uruguay,URY,1999,0.6713
Uruguay,URY,2000,0.6448
Uruguay,URY,2001,0.6331
Uruguay,URY,2002,0.6122
Uruguay,URY,2003,0.5677
Uruguay,URY,2004,0.5503
Uruguay,URY,2005,0.576
Uruguay,URY,2006,0.5406
Uruguay,URY,2007,0.5287
Uruguay,URY,2008,0.5099
Uruguay,URY,2009,0.512
Uruguay,URY,2010,0.4891
Uruguay,URY,2011,0.4489
Uruguay,URY,2012,0.4653
Uruguay,URY,2013,0.4878
Uruguay,URY,2014,0.4838
Uruguay,URY,2015,0.4808
Uruguay,URY,2016,0.4145
Uruguay,URY,2017,0.3219
Uruguay,URY,2018,0.2157
Uruguay,URY,2019,0.114
Uruguay,URY,2020,0.1191
Uruguay,URY,2021,-0.1655
Uruguay,URY,2022,-0.0874
Uruguay,URY,2023,0.0088
Uzbekistan,UZB,1950,2.2264
Uzbekistan,UZB,1951,2.2265
Uzbekistan,UZB,1952,2.34
Uzbekistan,UZB,1953,2.4384
Uzbekistan,UZB,1954,2.5328
Uzbekistan,UZB,1955,2.6567
Uzbekistan,UZB,1956,2.7557
Uzbekistan,UZB,1957,2.8473
Uzbekistan,UZB,1958,2.9664
Uzbekistan,UZB,1959,3.1222
Uzbekistan,UZB,1960,3.2545
Uzbekistan,UZB,1961,3.2854
Uzbekistan,UZB,1962,3.3067
Uzbekistan,UZB,1963,3.1887
Uzbekistan,UZB,1964,3.1262
Uzbekistan,UZB,1965,3.0465
Uzbekistan,UZB,1966,2.8947
Uzbekistan,UZB,1967,2.799
Uzbekistan,UZB,1968,2.6799
Uzbekistan,UZB,1969,2.6557
Uzbekistan,UZB,1970,2.6628
Uzbekistan,UZB,1971,2.6683
Uzbekistan,UZB,1972,2.6733
Uzbekistan,UZB,1973,2.6639
Uzbekistan,UZB,1974,2.6529
Uzbekistan,UZB,1975,2.6281
Uzbekistan,UZB,1976,2.5939
Uzbekistan,UZB,1977,2.5649
Uzbekistan,UZB,1978,2.5112
Uzbekistan,UZB,1979,2.5484
Uzbekistan,UZB,1980,2.5708
Uzbekistan,UZB,1981,2.5812
Uzbekistan,UZB,1982,2.6204
Uzbekistan,UZB,1983,2.6878
Uzbekistan,UZB,1984,2.7943
Uzbekistan,UZB,1985,2.8469
Uzbekistan,UZB,1986,2.8987
Uzbekistan,UZB,1987,2.8383
Uzbekistan,UZB,1988,2.6984
Uzbekistan,UZB,1989,2.6146
Uzbekistan,UZB,1990,2.6415
Uzbekistan,UZB,1991,2.6613
Uzbekistan,UZB,1992,2.5543
Uzbekistan,UZB,1993,2.3993
Uzbekistan,UZB,1994,2.236
Uzbekistan,UZB,1995,2.1554
Uzbekistan,UZB,1996,2.017
Uzbekistan,UZB,1997,1.8588
Uzbekistan,UZB,1998,1.6927
Uzbekistan,UZB,1999,1.5748
Uzbekistan,UZB,2000,1.4731
Uzbekistan,UZB,2001,1.4208
Uzbekistan,UZB,2002,1.4143
Uzbekistan,UZB,2003,1.3811
Uzbekistan,UZB,2004,1.3984
Uzbekistan,UZB,2005,1.379
Uzbekistan,UZB,2006,1.4355
Uzbekistan,UZB,2007,1.5766
Uzbekistan,UZB,2008,1.6791
Uzbekistan,UZB,2009,1.6888
Uzbekistan,UZB,2010,1.6251
Uzbekistan,UZB,2011,1.5781
Uzbekistan,UZB,2012,1.5834
Uzbekistan,UZB,2013,1.688
Uzbekistan,UZB,2014,1.7764
Uzbekistan,UZB,2015,1.7977
Uzbekistan,UZB,2016,1.755
Uzbekistan,UZB,2017,1.7234
Uzbekistan,UZB,2018,1.8074
Uzbekistan,UZB,2019,1.8752
Uzbekistan,UZB,2020,1.9167
Uzbekistan,UZB,2021,2.013
Uzbekistan,UZB,2022,2.0476
Uzbekistan,UZB,2023,2.0259
Vanuatu,VUT,1950,1.9289
Vanuatu,VUT,1951,1.8658
Vanuatu,VUT,1952,2.1893
Vanuatu,VUT,1953,2.2981
Vanuatu,VUT,1954,2.416
Vanuatu,VUT,1955,2.5154
Vanuatu,VUT,1956,2.5922
Vanuatu,VUT,1957,2.6481
Vanuatu,VUT,1958,2.7016
Vanuatu,VUT,1959,2.7477
Vanuatu,VUT,1960,2.7883
Vanuatu,VUT,1961,2.8249
Vanuatu,VUT,1962,2.8558
Vanuatu,VUT,1963,2.8866
Vanuatu,VUT,1964,2.905
Vanuatu,VUT,1965,2.932
Vanuatu,VUT,1966,2.9749
Vanuatu,VUT,1967,3.0206
Vanuatu,VUT,1968,3.038
Vanuatu,VUT,1969,3.0193
Vanuatu,VUT,1970,3.0104
Vanuatu,VUT,1971,3.0215
Vanuatu,VUT,1972,3.0315
Vanuatu,VUT,1973,3.0476
Vanuatu,VUT,1974,3.0518
Vanuatu,VUT,1975,3.0658
Vanuatu,VUT,1976,3.07
Vanuatu,VUT,1977,3.0808
Vanuatu,VUT,1978,3.1171
Vanuatu,VUT,1979,3.1759
Vanuatu,VUT,1980,2.9255
Vanuatu,VUT,1981,3.0379
Vanuatu,VUT,1982,3.122
Vanuatu,VUT,1983,3.1805
Vanuatu,VUT,1984,3.2159
Vanuatu,VUT,1985,3.2368
Vanuatu,VUT,1986,3.2606
Vanuatu,VUT,1987,3.2268
Vanuatu,VUT,1988,3.2516
Vanuatu,VUT,1989,3.2241
Vanuatu,VUT,1990,3.2159
Vanuatu,VUT,1991,3.201
Vanuatu,VUT,1992,3.1754
Vanuatu,VUT,1993,3.1187
Vanuatu,VUT,1994,3.045
Vanuatu,VUT,1995,2.9586
Vanuatu,VUT,1996,2.8653
Vanuatu,VUT,1997,2.7791
Vanuatu,VUT,1998,2.7291
Vanuatu,VUT,1999,2.6757
Vanuatu,VUT,2000,2.6978
Vanuatu,VUT,2001,2.6925
Vanuatu,VUT,2002,2.6452
Vanuatu,VUT,2003,2.619
Vanuatu,VUT,2004,2.6023
Vanuatu,VUT,2005,2.5878
Vanuatu,VUT,2006,2.5962
Vanuatu,VUT,2007,2.6402
Vanuatu,VUT,2008,2.7056
Vanuatu,VUT,2009,2.7337
Vanuatu,VUT,2010,2.7483
Vanuatu,VUT,2011,2.7581
Vanuatu,VUT,2012,2.7633
Vanuatu,VUT,2013,2.7649
Vanuatu,VUT,2014,2.7447
Vanuatu,VUT,2015,2.7134
Vanuatu,VUT,2016,2.6885
Vanuatu,VUT,2017,2.6464
Vanuatu,VUT,2018,2.5869
Vanuatu,VUT,2019,2.5223
Vanuatu,VUT,2020,2.4202
Vanuatu,VUT,2021,2.3537
Vanuatu,VUT,2022,2.3506
Vanuatu,VUT,2023,2.2967
Vatican,VAT,1950,0.232
Vatican,VAT,1951,0.2134
Vatican,VAT,1952,0.2266
Vatican,VAT,1953,0.2421
Vatican,VAT,1954,0.2762
Vatican,VAT,1955,0.2832
Vatican,VAT,1956,0.2624
Vatican,VAT,1957,0.2652
Vatican,VAT,1958,0.2979
Vatican,VAT,1959,0.3098
Vatican,VAT,1960,0.3062
Vatican,VAT,1961,0.3277
Vatican,VAT,1962,0.3097
Vatican,VAT,1963,0.3154
Vatican,VAT,1964,0.3502
Vatican,VAT,1965,0.3432
Vatican,VAT,1966,0.3517
Vatican,VAT,1967,0.3074
Vatican,VAT,1968,0.2489
Vatican,VAT,1969,0.1999
Vatican,VAT,1970,0.1979
Vatican,VAT,1971,0.1775
Vatican,VAT,1972,0.159
Vatican,VAT,1973,0.1277
Vatican,VAT,1974,0.1318
Vatican,VAT,1975,0.0918
Vatican,VAT,1976,0.0683
Vatican,VAT,1977,0.0456
Vatican,VAT,1978,0.0257
Vatican,VAT,1979,-0.0075
Vatican,VAT,1980,-0.0452
Vatican,VAT,1981,-0.0799
Vatican,VAT,1982,-0.0949
Vatican,VAT,1983,-0.1494
Vatican,VAT,1984,-0.1694
Vatican,VAT,1985,-0.1943
Vatican,VAT,1986,-0.225
Vatican,VAT,1987,-0.2454
Vatican,VAT,1988,-0.2898
Vatican,VAT,1989,-0.3139
Vatican,VAT,1990,-0.362
Vatican,VAT,1991,-0.4185
Vatican,VAT,1992,-0.4434
Vatican,VAT,1993,-0.5336
Vatican,VAT,1994,-0.5494
Vatican,VAT,1995,-0.6117
Vatican,VAT,1996,-0.6223
Vatican,VAT,1997,-0.7302
Vatican,VAT,1998,-0.7803
Vatican,VAT,1999,-0.8029
Vatican,VAT,2000,-0.789
Vatican,VAT,2001,-0.7904
Vatican,VAT,2002,-0.8421
Vatican,VAT,2003,-0.918
Vatican,VAT,2004,-0.9344
Vatican,VAT,2005,-0.9347
Vatican,VAT,2006,-0.9248
Vatican,VAT,2007,-0.9879
Vatican,VAT,2008,-1.0554
Vatican,VAT,2009,-1.1458
Vatican,VAT,2010,-1.189
Vatican,VAT,2011,-1.2429
Vatican,VAT,2012,-1.2942
Vatican,VAT,2013,-1.3091
Vatican,VAT,2014,-1.3733
Vatican,VAT,2015,-1.4983
Vatican,VAT,2016,-1.5176
Vatican,VAT,2017,-1.636
Vatican,VAT,2018,-1.6199
Vatican,VAT,2019,-1.6542
Vatican,VAT,2020,-1.8652
Vatican,VAT,2021,-1.9616
Vatican,VAT,2022,-1.9726
Vatican,VAT,2023,-2.1369
Venezuela,VEN,1950,3.2473
Venezuela,VEN,1951,3.3369
Venezuela,VEN,1952,3.4014
Venezuela,VEN,1953,3.4517
Venezuela,VEN,1954,3.4911
Venezuela,VEN,1955,3.5225
Venezuela,VEN,1956,3.5472
Venezuela,VEN,1957,3.5763
Venezuela,VEN,1958,3.5865
Venezuela,VEN,1959,3.5213
Venezuela,VEN,1960,3.4939
Venezuela,VEN,1961,3.4545
Venezuela,VEN,1962,3.4184
Venezuela,VEN,1963,3.3901
Venezuela,VEN,1964,3.3526
Venezuela,VEN,1965,3.3172
Venezuela,VEN,1966,3.2888
Venezuela,VEN,1967,3.2419
Venezuela,VEN,1968,3.1874
Venezuela,VEN,1969,3.1122
Venezuela,VEN,1970,3.0797
Venezuela,VEN,1971,3.0254
Venezuela,VEN,1972,2.9816
Venezuela,VEN,1973,2.9495
Venezuela,VEN,1974,2.9269
Venezuela,VEN,1975,2.9135
Venezuela,VEN,1976,2.9056
Venezuela,VEN,1977,2.8937
Venezuela,VEN,1978,2.8719
Venezuela,VEN,1979,2.8397
Venezuela,VEN,1980,2.7894
Venezuela,VEN,1981,2.7542
Venezuela,VEN,1982,2.7079
Venezuela,VEN,1983,2.6782
Venezuela,VEN,1984,2.6409
Venezuela,VEN,1985,2.6087
Venezuela,VEN,1986,2.6125
Venezuela,VEN,1987,2.5779
Venezuela,VEN,1988,2.5307
Venezuela,VEN,1989,2.4707
Venezuela,VEN,1990,2.4117
Venezuela,VEN,1991,2.3537
Venezuela,VEN,1992,2.2849
Venezuela,VEN,1993,2.2263
Venezuela,VEN,1994,2.1596
Venezuela,VEN,1995,2.1144
Venezuela,VEN,1996,2.068
Venezuela,VEN,1997,2.0405
Venezuela,VEN,1998,1.9877
Venezuela,VEN,1999,1.9271
Venezuela,VEN,2000,1.8747
Venezuela,VEN,2001,1.8074
Venezuela,VEN,2002,1.8353
Venezuela,VEN,2003,1.7646
Venezuela,VEN,2004,1.7307
Venezuela,VEN,2005,1.7295
Venezuela,VEN,2006,1.6902
Venezuela,VEN,2007,1.6365
Venezuela,VEN,2008,1.5537
Venezuela,VEN,2009,1.5024
Venezuela,VEN,2010,1.4764
Venezuela,VEN,2011,1.4595
Venezuela,VEN,2012,1.4237
Venezuela,VEN,2013,1.3671
Venezuela,VEN,2014,1.3059
Venezuela,VEN,2015,1.2578
Venezuela,VEN,2016,1.169
Venezuela,VEN,2017,1.1131
Venezuela,VEN,2018,1.0645
Venezuela,VEN,2019,0.9497
Venezuela,VEN,2020,0.834
Venezuela,VEN,2021,0.7357
Venezuela,VEN,2022,0.7678
Venezuela,VEN,2023,0.7527
Vietnam,VNM,1950,2.1443
Vietnam,VNM,1951,1.8002
Vietnam,VNM,1952,2.3961
Vietnam,VNM,1953,2.2484
Vietnam,VNM,1954,2.6916
Vietnam,VNM,1955,2.623
Vietnam,VNM,1956,2.6724
Vietnam,VNM,1957,2.9956
Vietnam,VNM,1958,2.9901
Vietnam,VNM,1959,2.9681
Vietnam,VNM,1960,2.9364
Vietnam,VNM,1961,2.3915
Vietnam,VNM,1962,2.7999
Vietnam,VNM,1963,2.7265
Vietnam,VNM,1964,2.6248
Vietnam,VNM,1965,2.461
Vietnam,VNM,1966,2.3045
Vietnam,VNM,1967,2.2164
Vietnam,VNM,1968,2.0514
Vietnam,VNM,1969,2.1644
Vietnam,VNM,1970,2.1842
Vietnam,VNM,1971,2.2692
Vietnam,VNM,1972,2.1219
Vietnam,VNM,1973,2.3907
Vietnam,VNM,1974,2.2031
Vietnam,VNM,1975,2.5282
Vietnam,VNM,1976,2.5849
Vietnam,VNM,1977,2.5724
Vietnam,VNM,1978,2.5612
Vietnam,VNM,1979,2.5586
Vietnam,VNM,1980,2.5178
Vietnam,VNM,1981,2.528
Vietnam,VNM,1982,2.5594
Vietnam,VNM,1983,2.5807
Vietnam,VNM,1984,2.5603
Vietnam,VNM,1985,2.4618
Vietnam,VNM,1986,2.3331
Vietnam,VNM,1987,2.2075
Vietnam,VNM,1988,2.1802
Vietnam,VNM,1989,2.2193
Vietnam,VNM,1990,2.2123
Vietnam,VNM,1991,2.1816
Vietnam,VNM,1992,2.0802
Vietnam,VNM,1993,1.9693
Vietnam,VNM,1994,1.8228
Vietnam,VNM,1995,1.6706
Vietnam,VNM,1996,1.5155
Vietnam,VNM,1997,1.3851
Vietnam,VNM,1998,1.2736
Vietnam,VNM,1999,1.2132
Vietnam,VNM,2000,1.2532
Vietnam,VNM,2001,1.2641
Vietnam,VNM,2002,1.2586
Vietnam,VNM,2003,1.2587
Vietnam,VNM,2004,1.2266
Vietnam,VNM,2005,1.1618
Vietnam,VNM,2006,1.1477
Vietnam,VNM,2007,1.1738
Vietnam,VNM,2008,1.1836
Vietnam,VNM,2009,1.1656
Vietnam,VNM,2010,1.1498
Vietnam,VNM,2011,1.1641
Vietnam,VNM,2012,1.1884
Vietnam,VNM,2013,1.1831
Vietnam,VNM,2014,1.2557
Vietnam,VNM,2015,1.2345
Vietnam,VNM,2016,1.1118
Vietnam,VNM,2017,1.0526
Vietnam,VNM,2018,0.9175
Vietnam,VNM,2019,0.9213
Vietnam,VNM,2020,0.9421
Vietnam,VNM,2021,0.8082
Vietnam,VNM,2022,0.7784
Vietnam,VNM,2023,0.7254
Wallis and Futuna,WLF,1950,2.6861
Wallis and Futuna,WLF,1951,2.6755
Wallis and Futuna,WLF,1952,2.7628
Wallis and Futuna,WLF,1953,2.8597
Wallis and Futuna,WLF,1954,3.0274
Wallis and Futuna,WLF,1955,2.8364
Wallis and Futuna,WLF,1956,2.6183
Wallis and Futuna,WLF,1957,2.3612
Wallis and Futuna,WLF,1958,2.0762
Wallis and Futuna,WLF,1959,1.7604
Wallis and Futuna,WLF,1960,1.4176
Wallis and Futuna,WLF,1961,1.0434
Wallis and Futuna,WLF,1962,0.6194
Wallis and Futuna,WLF,1963,0.678
Wallis and Futuna,WLF,1964,0.7831
Wallis and Futuna,WLF,1965,0.9411
Wallis and Futuna,WLF,1966,1.6038
Wallis and Futuna,WLF,1967,2.2522
Wallis and Futuna,WLF,1968,2.8631
Wallis and Futuna,WLF,1969,3.4008
Wallis and Futuna,WLF,1970,3.4046
Wallis and Futuna,WLF,1971,3.3484
Wallis and Futuna,WLF,1972,3.3222
Wallis and Futuna,WLF,1973,3.2937
Wallis and Futuna,WLF,1974,3.0179
Wallis and Futuna,WLF,1975,2.754
Wallis and Futuna,WLF,1976,2.5658
Wallis and Futuna,WLF,1977,2.7034
Wallis and Futuna,WLF,1978,2.8619
Wallis and Futuna,WLF,1979,2.7893
Wallis and Futuna,WLF,1980,2.5209
Wallis and Futuna,WLF,1981,2.7734
Wallis and Futuna,WLF,1982,2.5036
Wallis and Futuna,WLF,1983,2.3506
Wallis and Futuna,WLF,1984,2.5348
Wallis and Futuna,WLF,1985,2.5642
Wallis and Futuna,WLF,1986,2.7707
Wallis and Futuna,WLF,1987,2.9254
Wallis and Futuna,WLF,1988,2.528
Wallis and Futuna,WLF,1989,2.4117
Wallis and Futuna,WLF,1990,2.5424
Wallis and Futuna,WLF,1991,2.4852
Wallis and Futuna,WLF,1992,2.3614
Wallis and Futuna,WLF,1993,2.1672
Wallis and Futuna,WLF,1994,2.0253
Wallis and Futuna,WLF,1995,1.8526
Wallis and Futuna,WLF,1996,1.6514
Wallis and Futuna,WLF,1997,1.3586
Wallis and Futuna,WLF,1998,1.412
Wallis and Futuna,WLF,1999,1.8396
Wallis and Futuna,WLF,2000,1.3676
Wallis and Futuna,WLF,2001,1.3185
Wallis and Futuna,WLF,2002,1.312
Wallis and Futuna,WLF,2003,1.4513
Wallis and Futuna,WLF,2004,1.15
Wallis and Futuna,WLF,2005,1.0555
Wallis and Futuna,WLF,2006,1.0657
Wallis and Futuna,WLF,2007,1.0324
Wallis and Futuna,WLF,2008,0.8752
Wallis and Futuna,WLF,2009,1.1384
Wallis and Futuna,WLF,2010,0.7479
Wallis and Futuna,WLF,2011,0.9922
Wallis and Futuna,WLF,2012,0.8125
Wallis and Futuna,WLF,2013,0.6049
Wallis and Futuna,WLF,2014,0.5496
Wallis and Futuna,WLF,2015,0.6304
Wallis and Futuna,WLF,2016,0.6292
Wallis and Futuna,WLF,2017,0.6118
Wallis and Futuna,WLF,2018,0.3848
Wallis and Futuna,WLF,2019,0.5449
Wallis and Futuna,WLF,2020,0.2409
Wallis and Futuna,WLF,2021,0.0962
Wallis and Futuna,WLF,2022,0.1172
Wallis and Futuna,WLF,2023,0.08
Western Sahara,ESH,1950,1.6098
Western Sahara,ESH,1951,1.9643
Western Sahara,ESH,1952,2.2163
Western Sahara,ESH,1953,2.4125
Western Sahara,ESH,1954,2.5658
Western Sahara,ESH,1955,2.6888
Western Sahara,ESH,1956,2.7767
Western Sahara,ESH,1957,2.8406
Western Sahara,ESH,1958,2.9236
Western Sahara,ESH,1959,2.9711
Western Sahara,ESH,1960,3.0121
Western Sahara,ESH,1961,3.034
Western Sahara,ESH,1962,3.0459
Western Sahara,ESH,1963,3.0222
Western Sahara,ESH,1964,2.9829
Western Sahara,ESH,1965,2.9448
Western Sahara,ESH,1966,2.9144
Western Sahara,ESH,1967,2.8116
Western Sahara,ESH,1968,2.884
Western Sahara,ESH,1969,2.9252
Western Sahara,ESH,1970,2.7704
Western Sahara,ESH,1971,2.0937
Western Sahara,ESH,1972,2.0628
Western Sahara,ESH,1973,2.0975
Western Sahara,ESH,1974,2.1978
Western Sahara,ESH,1975,1.7019
Western Sahara,ESH,1976,1.4505
Western Sahara,ESH,1977,1.661
Western Sahara,ESH,1978,2.3419
Western Sahara,ESH,1979,2.3454
Western Sahara,ESH,1980,2.7273
Western Sahara,ESH,1981,3.1329
Western Sahara,ESH,1982,3.1308
Western Sahara,ESH,1983,3.0932
Western Sahara,ESH,1984,3.0108
Western Sahara,ESH,1985,2.9245
Western Sahara,ESH,1986,2.786
Western Sahara,ESH,1987,2.6186
Western Sahara,ESH,1988,2.6276
Western Sahara,ESH,1989,2.4273
Western Sahara,ESH,1990,2.5797
Western Sahara,ESH,1991,2.4269
Western Sahara,ESH,1992,2.2999
Western Sahara,ESH,1993,2.1861
Western Sahara,ESH,1994,2.0892
Western Sahara,ESH,1995,1.9813
Western Sahara,ESH,1996,1.9226
Western Sahara,ESH,1997,1.8802
Western Sahara,ESH,1998,1.8427
Western Sahara,ESH,1999,1.8045
Western Sahara,ESH,2000,1.7587
Western Sahara,ESH,2001,1.6935
Western Sahara,ESH,2002,1.6239
Western Sahara,ESH,2003,1.5761
Western Sahara,ESH,2004,1.5426
Western Sahara,ESH,2005,1.5287
Western Sahara,ESH,2006,1.5172
Western Sahara,ESH,2007,1.5073
Western Sahara,ESH,2008,1.4941
Western Sahara,ESH,2009,1.4789
Western Sahara,ESH,2010,1.4644
Western Sahara,ESH,2011,1.4356
Western Sahara,ESH,2012,1.41
Western Sahara,ESH,2013,1.3718
Western Sahara,ESH,2014,1.3403
Western Sahara,ESH,2015,1.2961
Western Sahara,ESH,2016,1.254
Western Sahara,ESH,2017,1.2112
Western Sahara,ESH,2018,1.1617
Western Sahara,ESH,2019,1.1107
Western Sahara,ESH,2020,1.0647
Western Sahara,ESH,2021,1.0139
Western Sahara,ESH,2022,0.9609
Western Sahara,ESH,2023,0.9159
World,OWID_WRL,1950,1.7383
World,OWID_WRL,1951,1.7474
World,OWID_WRL,1952,1.9344
World,OWID_WRL,1953,1.9001
World,OWID_WRL,1954,1.9928
World,OWID_WRL,1955,2.0112
World,OWID_WRL,1956,1.9775
World,OWID_WRL,1957,2.0731
World,OWID_WRL,1958,1.9966
World,OWID_WRL,1959,1.7288
World,OWID_WRL,1960,1.584
World,OWID_WRL,1961,1.6651
World,OWID_WRL,1962,2.1124
World,OWID_WRL,1963,2.283
World,OWID_WRL,1964,2.1587
World,OWID_WRL,1965,2.0879
World,OWID_WRL,1966,2.0385
World,OWID_WRL,1967,1.9966
World,OWID_WRL,1968,2.0929
World,OWID_WRL,1969,2.0558
World,OWID_WRL,1970,2.0563
World,OWID_WRL,1971,1.9724
World,OWID_WRL,1972,1.971
World,OWID_WRL,1973,1.9381
World,OWID_WRL,1974,1.8825
World,OWID_WRL,1975,1.8033
World,OWID_WRL,1976,1.7763
World,OWID_WRL,1977,1.7454
World,OWID_WRL,1978,1.7438
World,OWID_WRL,1979,1.7864
World,OWID_WRL,1980,1.8009
World,OWID_WRL,1981,1.8161
World,OWID_WRL,1982,1.8546
World,OWID_WRL,1983,1.7831
World,OWID_WRL,1984,1.797
World,OWID_WRL,1985,1.7992
World,OWID_WRL,1986,1.8285
World,OWID_WRL,1987,1.8355
World,OWID_WRL,1988,1.7854
World,OWID_WRL,1989,1.7781
World,OWID_WRL,1990,1.7581
World,OWID_WRL,1991,1.6277
World,OWID_WRL,1992,1.5676
World,OWID_WRL,1993,1.5166
World,OWID_WRL,1994,1.4661
World,OWID_WRL,1995,1.4489
World,OWID_WRL,1996,1.4192
World,OWID_WRL,1997,1.3933
World,OWID_WRL,1998,1.3651
World,OWID_WRL,1999,1.3447
World,OWID_WRL,2000,1.3533
World,OWID_WRL,2001,1.3262
World,OWID_WRL,2002,1.304
World,OWID_WRL,2003,1.2869
World,OWID_WRL,2004,1.2826
World,OWID_WRL,2005,1.2719
World,OWID_WRL,2006,1.2768
World,OWID_WRL,2007,1.2805
World,OWID_WRL,2008,1.2823
World,OWID_WRL,2009,1.2815
World,OWID_WRL,2010,1.2687
World,OWID_WRL,2011,1.2557
World,OWID_WRL,2012,1.2673
World,OWID_WRL,2013,1.2332
World,OWID_WRL,2014,1.2155
World,OWID_WRL,2015,1.1784
World,OWID_WRL,2016,1.1655
World,OWID_WRL,2017,1.1252
World,OWID_WRL,2018,1.0678
World,OWID_WRL,2019,1.0272
World,OWID_WRL,2020,0.9024
World,OWID_WRL,2021,0.8011
World,OWID_WRL,2022,0.8751
World,OWID_WRL,2023,0.8708
Yemen,YEM,1950,1.4339
Yemen,YEM,1951,1.5841
Yemen,YEM,1952,1.6733
Yemen,YEM,1953,1.747
Yemen,YEM,1954,1.8125
Yemen,YEM,1955,1.8768
Yemen,YEM,1956,1.9417
Yemen,YEM,1957,2.0053
Yemen,YEM,1958,2.0821
Yemen,YEM,1959,2.1522
Yemen,YEM,1960,2.2232
Yemen,YEM,1961,2.295
Yemen,YEM,1962,2.2701
Yemen,YEM,1963,2.2632
Yemen,YEM,1964,2.4355
Yemen,YEM,1965,2.5082
Yemen,YEM,1966,2.5835
Yemen,YEM,1967,2.6646
Yemen,YEM,1968,2.728
Yemen,YEM,1969,2.855
Yemen,YEM,1970,2.9385
Yemen,YEM,1971,3.0189
Yemen,YEM,1972,3.074
Yemen,YEM,1973,3.131
Yemen,YEM,1974,3.2005
Yemen,YEM,1975,3.2804
Yemen,YEM,1976,3.3525
Yemen,YEM,1977,3.424
Yemen,YEM,1978,3.5001
Yemen,YEM,1979,3.6467
Yemen,YEM,1980,3.7279
Yemen,YEM,1981,3.7894
Yemen,YEM,1982,3.8307
Yemen,YEM,1983,3.9055
Yemen,YEM,1984,3.9424
Yemen,YEM,1985,3.9775
Yemen,YEM,1986,3.9044
Yemen,YEM,1987,3.9882
Yemen,YEM,1988,3.9915
Yemen,YEM,1989,3.9693
Yemen,YEM,1990,3.9578
Yemen,YEM,1991,3.9212
Yemen,YEM,1992,3.8832
Yemen,YEM,1993,3.8259
Yemen,YEM,1994,3.73
Yemen,YEM,1995,3.6318
Yemen,YEM,1996,3.4008
Yemen,YEM,1997,3.3817
Yemen,YEM,1998,3.3367
Yemen,YEM,1999,3.3273
Yemen,YEM,2000,3.2954
Yemen,YEM,2001,3.2567
Yemen,YEM,2002,3.2277
Yemen,YEM,2003,3.2366
Yemen,YEM,2004,3.2156
Yemen,YEM,2005,3.1887
Yemen,YEM,2006,3.186
Yemen,YEM,2007,3.1449
Yemen,YEM,2008,3.1026
Yemen,YEM,2009,3.0813
Yemen,YEM,2010,3.0023
Yemen,YEM,2011,2.9234
Yemen,YEM,2012,2.9741
Yemen,YEM,2013,3.0189
Yemen,YEM,2014,3.0448
Yemen,YEM,2015,3.0165
Yemen,YEM,2016,3.0387
Yemen,YEM,2017,3.0423
Yemen,YEM,2018,2.9932
Yemen,YEM,2019,3.0088
Yemen,YEM,2020,3.0063
Yemen,YEM,2021,2.9715
Yemen,YEM,2022,3.0175
Yemen,YEM,2023,3.0417
Zambia,ZMB,1950,3.1267
Zambia,ZMB,1951,3.1082
Zambia,ZMB,1952,3.1129
Zambia,ZMB,1953,3.1233
Zambia,ZMB,1954,3.1315
Zambia,ZMB,1955,3.1404
Zambia,ZMB,1956,3.1467
Zambia,ZMB,1957,3.163
Zambia,ZMB,1958,3.1887
Zambia,ZMB,1959,3.2174
Zambia,ZMB,1960,3.2449
Zambia,ZMB,1961,3.2672
Zambia,ZMB,1962,3.2808
Zambia,ZMB,1963,3.3052
Zambia,ZMB,1964,3.2764
Zambia,ZMB,1965,3.3264
Zambia,ZMB,1966,3.3359
Zambia,ZMB,1967,3.3518
Zambia,ZMB,1968,3.3775
Zambia,ZMB,1969,3.399
Zambia,ZMB,1970,3.4565
Zambia,ZMB,1971,3.4946
Zambia,ZMB,1972,3.5377
Zambia,ZMB,1973,3.5779
Zambia,ZMB,1974,3.603
Zambia,ZMB,1975,3.6524
Zambia,ZMB,1976,3.6308
Zambia,ZMB,1977,3.6126
Zambia,ZMB,1978,3.5667
Zambia,ZMB,1979,3.5083
Zambia,ZMB,1980,3.4262
Zambia,ZMB,1981,3.3898
Zambia,ZMB,1982,3.3603
Zambia,ZMB,1983,3.3335
Zambia,ZMB,1984,3.293
Zambia,ZMB,1985,3.2643
Zambia,ZMB,1986,3.2172
Zambia,ZMB,1987,3.1679
Zambia,ZMB,1988,3.1133
Zambia,ZMB,1989,3.0758
Zambia,ZMB,1990,3.0289
Zambia,ZMB,1991,2.9813
Zambia,ZMB,1992,2.9346
Zambia,ZMB,1993,2.9367
Zambia,ZMB,1994,2.9386
Zambia,ZMB,1995,2.9354
Zambia,ZMB,1996,2.915
Zambia,ZMB,1997,2.9035
Zambia,ZMB,1998,2.9061
Zambia,ZMB,1999,2.9086
Zambia,ZMB,2000,2.9267
Zambia,ZMB,2001,2.9315
Zambia,ZMB,2002,2.9681
Zambia,ZMB,2003,3.0153
Zambia,ZMB,2004,3.0812
Zambia,ZMB,2005,3.1467
Zambia,ZMB,2006,3.1979
Zambia,ZMB,2007,3.2131
Zambia,ZMB,2008,3.2221
Zambia,ZMB,2009,3.2205
Zambia,ZMB,2010,3.2103
Zambia,ZMB,2011,3.1843
Zambia,ZMB,2012,3.1475
Zambia,ZMB,2013,3.0966
Zambia,ZMB,2014,3.0428
Zambia,ZMB,2015,2.9942
Zambia,ZMB,2016,2.9414
Zambia,ZMB,2017,2.8933
Zambia,ZMB,2018,2.8689
Zambia,ZMB,2019,2.8524
Zambia,ZMB,2020,2.8148
Zambia,ZMB,2021,2.7323
Zambia,ZMB,2022,2.7959
Zambia,ZMB,2023,2.7874
Zimbabwe,ZWE,1950,3.3565
Zimbabwe,ZWE,1951,3.3298
Zimbabwe,ZWE,1952,3.3088
Zimbabwe,ZWE,1953,3.2974
Zimbabwe,ZWE,1954,3.2897
Zimbabwe,ZWE,1955,3.2847
Zimbabwe,ZWE,1956,3.2923
Zimbabwe,ZWE,1957,3.2993
Zimbabwe,ZWE,1958,3.306
Zimbabwe,ZWE,1959,3.3151
Zimbabwe,ZWE,1960,3.3328
Zimbabwe,ZWE,1961,3.3465
Zimbabwe,ZWE,1962,3.3609
Zimbabwe,ZWE,1963,3.3681
Zimbabwe,ZWE,1964,3.3761
Zimbabwe,ZWE,1965,3.3905
Zimbabwe,ZWE,1966,3.3907
Zimbabwe,ZWE,1967,3.395
Zimbabwe,ZWE,1968,3.4051
Zimbabwe,ZWE,1969,3.4128
Zimbabwe,ZWE,1970,3.4314
Zimbabwe,ZWE,1971,3.45
Zimbabwe,ZWE,1972,3.4953
Zimbabwe,ZWE,1973,3.5292
Zimbabwe,ZWE,1974,3.5341
Zimbabwe,ZWE,1975,3.5573
Zimbabwe,ZWE,1976,3.5218
Zimbabwe,ZWE,1977,3.4908
Zimbabwe,ZWE,1978,3.4076
Zimbabwe,ZWE,1979,3.3645
Zimbabwe,ZWE,1980,3.4252
Zimbabwe,ZWE,1981,3.6188
Zimbabwe,ZWE,1982,3.5905
Zimbabwe,ZWE,1983,3.5383
Zimbabwe,ZWE,1984,3.4565
Zimbabwe,ZWE,1985,3.3471
Zimbabwe,ZWE,1986,3.2273
Zimbabwe,ZWE,1987,3.0886
Zimbabwe,ZWE,1988,2.8957
Zimbabwe,ZWE,1989,2.7455
Zimbabwe,ZWE,1990,2.6185
Zimbabwe,ZWE,1991,2.5079
Zimbabwe,ZWE,1992,2.3853
Zimbabwe,ZWE,1993,2.0998
Zimbabwe,ZWE,1994,1.9897
Zimbabwe,ZWE,1995,1.8834
Zimbabwe,ZWE,1996,1.8396
Zimbabwe,ZWE,1997,1.9023
Zimbabwe,ZWE,1998,1.9459
Zimbabwe,ZWE,1999,1.9722
Zimbabwe,ZWE,2000,1.9874
Zimbabwe,ZWE,2001,1.9037
Zimbabwe,ZWE,2002,2.02
Zimbabwe,ZWE,2003,1.987
Zimbabwe,ZWE,2004,2.008
Zimbabwe,ZWE,2005,1.991
Zimbabwe,ZWE,2006,1.9702
Zimbabwe,ZWE,2007,2.0447
Zimbabwe,ZWE,2008,2.1647
Zimbabwe,ZWE,2009,2.3535
Zimbabwe,ZWE,2010,2.5124
Zimbabwe,ZWE,2011,2.6448
Zimbabwe,ZWE,2012,2.6859
Zimbabwe,ZWE,2013,2.6742
Zimbabwe,ZWE,2014,2.5786
Zimbabwe,ZWE,2015,2.4738
Zimbabwe,ZWE,2016,2.3888
Zimbabwe,ZWE,2017,2.3226
Zimbabwe,ZWE,2018,2.3006
Zimbabwe,ZWE,2019,2.284
Zimbabwe,ZWE,2020,2.285
Zimbabwe,ZWE,2021,2.215
Zimbabwe,ZWE,2022,2.3103
Zimbabwe,ZWE,2023,2.2796